notebook,family,model,y_true,y_pred,y_proba
01_knn,Distancia,Gradient Boosting Classifier,1,1,0.8814730669504757
01_knn,Distancia,Gradient Boosting Classifier,1,1,0.993773538192164
01_knn,Distancia,Gradient Boosting Classifier,0,0,0.005781941379973172
01_knn,Distancia,Gradient Boosting Classifier,0,0,0.05764334103470055
01_knn,Distancia,Gradient Boosting Classifier,0,0,0.008808327710775665
01_knn,Distancia,Gradient Boosting Classifier,0,0,0.00510064654137723
01_knn,Distancia,Gradient Boosting Classifier,0,0,0.0020278677024032957
01_knn,Distancia,Gradient Boosting Classifier,0,0,0.00440616244439599
01_knn,Distancia,Gradient Boosting Classifier,1,1,0.9947674883578774
01_knn,Distancia,Gradient Boosting Classifier,0,0,0.0028597986722035955
01_knn,Distancia,Gradient Boosting Classifier,0,0,0.003711287829143996
01_knn,Distancia,Gradient Boosting Classifier,0,0,0.015193000178193696
01_knn,Distancia,Gradient Boosting Classifier,0,1,0.9760574777461369
01_knn,Distancia,Gradient Boosting Classifier,0,0,0.010378814277141785
01_knn,Distancia,Gradient Boosting Classifier,1,1,0.6990793849670403
01_knn,Distancia,Gradient Boosting Classifier,1,1,0.995571704609372
01_knn,Distancia,Gradient Boosting Classifier,0,0,0.009744951041664474
01_knn,Distancia,Gradient Boosting Classifier,0,0,0.005807217708821445
01_knn,Distancia,Gradient Boosting Classifier,0,0,0.033546293936953055
01_knn,Distancia,Gradient Boosting Classifier,0,0,0.04525259968117414
01_knn,Distancia,Gradient Boosting Classifier,0,0,0.00227423141707156
01_knn,Distancia,Gradient Boosting Classifier,0,0,0.05390770248146015
01_knn,Distancia,Gradient Boosting Classifier,0,0,0.0044117063332061056
01_knn,Distancia,Gradient Boosting Classifier,0,0,0.028910899775427868
01_knn,Distancia,Gradient Boosting Classifier,1,1,0.9956882372333178
01_knn,Distancia,Gradient Boosting Classifier,0,0,0.004490342032511805
01_knn,Distancia,Gradient Boosting Classifier,1,1,0.6793032181785835
01_knn,Distancia,Gradient Boosting Classifier,1,1,0.9978013496071096
01_knn,Distancia,Gradient Boosting Classifier,1,1,0.9963819898536038
01_knn,Distancia,Gradient Boosting Classifier,0,0,0.004870713704769597
01_knn,Distancia,Gradient Boosting Classifier,1,1,0.9978838006891035
01_knn,Distancia,Gradient Boosting Classifier,1,1,0.9962597865763283
01_knn,Distancia,Gradient Boosting Classifier,1,1,0.9959493701239706
01_knn,Distancia,Gradient Boosting Classifier,0,0,0.018668495921765435
01_knn,Distancia,Gradient Boosting Classifier,1,1,0.9239220384876033
01_knn,Distancia,Gradient Boosting Classifier,0,0,0.04361225464916653
01_knn,Distancia,Gradient Boosting Classifier,0,0,0.004026279026308522
01_knn,Distancia,Gradient Boosting Classifier,0,0,0.0033452976855314538
01_knn,Distancia,Gradient Boosting Classifier,0,0,0.005089707125990538
01_knn,Distancia,Gradient Boosting Classifier,0,0,0.003560744845489178
01_knn,Distancia,Gradient Boosting Classifier,0,0,0.014858424956039633
01_knn,Distancia,Gradient Boosting Classifier,1,1,0.9802201384260842
01_knn,Distancia,Gradient Boosting Classifier,0,0,0.0031376761159232548
01_knn,Distancia,Gradient Boosting Classifier,1,1,0.9969023180258254
01_knn,Distancia,Gradient Boosting Classifier,0,0,0.004864534249940497
01_knn,Distancia,Gradient Boosting Classifier,0,0,0.05305045110938581
01_knn,Distancia,Gradient Boosting Classifier,0,0,0.006129085909647232
01_knn,Distancia,Gradient Boosting Classifier,1,1,0.8176863727649609
01_knn,Distancia,Gradient Boosting Classifier,0,0,0.0030671414094773637
01_knn,Distancia,Gradient Boosting Classifier,1,1,0.9879480407494723
01_knn,Distancia,Gradient Boosting Classifier,0,0,0.01968239236352823
01_knn,Distancia,Gradient Boosting Classifier,0,0,0.004270341092965638
01_knn,Distancia,Gradient Boosting Classifier,0,0,0.010391420869334972
01_knn,Distancia,Gradient Boosting Classifier,1,1,0.9957459950442892
01_knn,Distancia,Gradient Boosting Classifier,0,0,0.010397005102529331
01_knn,Distancia,Gradient Boosting Classifier,0,0,0.004099667536390566
01_knn,Distancia,Gradient Boosting Classifier,1,1,0.9949324543616007
01_knn,Distancia,Gradient Boosting Classifier,0,0,0.0025494877154105915
01_knn,Distancia,Gradient Boosting Classifier,1,1,0.9906589509891658
01_knn,Distancia,Gradient Boosting Classifier,1,1,0.9980525211341124
01_knn,Distancia,Gradient Boosting Classifier,1,1,0.6278356342739471
01_knn,Distancia,Gradient Boosting Classifier,0,0,0.003602246385675066
01_knn,Distancia,Gradient Boosting Classifier,0,0,0.005270712491391562
01_knn,Distancia,Gradient Boosting Classifier,0,0,0.019773547402996368
01_knn,Distancia,Gradient Boosting Classifier,1,1,0.9982141181477803
01_knn,Distancia,Gradient Boosting Classifier,0,0,0.0354919806019333
01_knn,Distancia,Gradient Boosting Classifier,1,1,0.9967540823556578
01_knn,Distancia,Gradient Boosting Classifier,1,1,0.9962186707893528
01_knn,Distancia,Gradient Boosting Classifier,0,1,0.5252397796468994
01_knn,Distancia,Gradient Boosting Classifier,0,0,0.005393722052411705
01_knn,Distancia,Gradient Boosting Classifier,1,1,0.9952470565864258
01_knn,Distancia,Gradient Boosting Classifier,0,0,0.004099314243452996
01_knn,Distancia,Gradient Boosting Classifier,0,0,0.24440428696823852
01_knn,Distancia,Gradient Boosting Classifier,1,1,0.9980739679304976
01_knn,Distancia,Gradient Boosting Classifier,0,0,0.004686496103597329
01_knn,Distancia,Gradient Boosting Classifier,1,1,0.7417189934095375
01_knn,Distancia,Gradient Boosting Classifier,0,0,0.018157153270468483
01_knn,Distancia,Gradient Boosting Classifier,0,0,0.030767681568935282
01_knn,Distancia,Gradient Boosting Classifier,0,0,0.004235779416698119
01_knn,Distancia,Gradient Boosting Classifier,0,0,0.01394597847717665
01_knn,Distancia,Gradient Boosting Classifier,0,0,0.0019901790736992805
01_knn,Distancia,Gradient Boosting Classifier,1,1,0.9967730287061501
01_knn,Distancia,Gradient Boosting Classifier,0,0,0.18537782963274102
01_knn,Distancia,Gradient Boosting Classifier,0,0,0.028972051721548403
01_knn,Distancia,Gradient Boosting Classifier,0,0,0.02917339529323999
01_knn,Distancia,Gradient Boosting Classifier,1,1,0.995571704609372
01_knn,Distancia,Gradient Boosting Classifier,1,1,0.9628639016331704
01_knn,Distancia,Gradient Boosting Classifier,0,0,0.006761421400711132
01_knn,Distancia,Gradient Boosting Classifier,0,0,0.011838895418373333
01_knn,Distancia,Gradient Boosting Classifier,0,0,0.016895225650378494
01_knn,Distancia,Gradient Boosting Classifier,0,0,0.005807217708821445
01_knn,Distancia,Gradient Boosting Classifier,0,0,0.002497849228120268
01_knn,Distancia,Gradient Boosting Classifier,0,0,0.004216347878501254
01_knn,Distancia,Gradient Boosting Classifier,0,0,0.012565031637421762
01_knn,Distancia,Gradient Boosting Classifier,1,1,0.9969573602220726
01_knn,Distancia,Gradient Boosting Classifier,0,0,0.01175211881957704
01_knn,Distancia,Gradient Boosting Classifier,0,0,0.007061044231348024
01_knn,Distancia,Gradient Boosting Classifier,0,0,0.055867169301588186
01_knn,Distancia,Gradient Boosting Classifier,0,0,0.0045343539464767985
01_knn,Distancia,Gradient Boosting Classifier,0,0,0.006620493113577722
01_knn,Distancia,Gradient Boosting Classifier,0,0,0.12876443696570478
01_knn,Distancia,Gradient Boosting Classifier,1,1,0.9956244514837588
01_knn,Distancia,Gradient Boosting Classifier,0,0,0.001396971628742179
01_knn,Distancia,Gradient Boosting Classifier,0,0,0.005628215909454918
01_knn,Distancia,Gradient Boosting Classifier,1,1,0.9976169605315225
01_knn,Distancia,Gradient Boosting Classifier,0,0,0.00699497752974074
01_knn,Distancia,Gradient Boosting Classifier,0,0,0.03309014613034093
01_knn,Distancia,Gradient Boosting Classifier,0,0,0.027994295974298606
01_knn,Distancia,Gradient Boosting Classifier,0,0,0.008709163419701564
01_knn,Distancia,Gradient Boosting Classifier,0,0,0.0032995173840084323
01_knn,Distancia,Gradient Boosting Classifier,1,1,0.9965774742197947
01_knn,Distancia,Gradient Boosting Classifier,1,1,0.9961431811976393
01_knn,Distancia,Gradient Boosting Classifier,0,0,0.0019635250690443326
01_knn,Distancia,Gradient Boosting Classifier,0,0,0.04225184317717342
01_knn,Distancia,Gradient Boosting Classifier,0,0,0.006328198319662764
01_knn,Distancia,Gradient Boosting Classifier,1,1,0.9966792183643072
01_knn,Distancia,Gradient Boosting Classifier,0,0,0.12526361340480827
01_knn,Distancia,Gradient Boosting Classifier,0,0,0.003652736519243623
01_knn,Distancia,Gradient Boosting Classifier,0,0,0.03661730202670621
01_knn,Distancia,Gradient Boosting Classifier,0,0,0.0026076745836768715
01_knn,Distancia,Gradient Boosting Classifier,1,1,0.9661198400281771
01_knn,Distancia,Gradient Boosting Classifier,1,1,0.995571704609372
01_knn,Distancia,Gradient Boosting Classifier,0,0,0.41574482449076694
01_knn,Distancia,Gradient Boosting Classifier,0,0,0.0051227673648925375
01_knn,Distancia,Gradient Boosting Classifier,0,0,0.02813945866854843
01_knn,Distancia,Gradient Boosting Classifier,1,1,0.9953353806906997
01_knn,Distancia,Gradient Boosting Classifier,0,0,0.017693070518729766
01_knn,Distancia,Gradient Boosting Classifier,1,1,0.9859319770818106
01_knn,Distancia,Gradient Boosting Classifier,0,0,0.003931924014409507
01_knn,Distancia,Gradient Boosting Classifier,0,0,0.046929020234225675
01_knn,Distancia,Gradient Boosting Classifier,0,0,0.003335705977615248
01_knn,Distancia,Gradient Boosting Classifier,0,0,0.009364617472360563
01_knn,Distancia,Gradient Boosting Classifier,0,0,0.0054375182449241805
01_knn,Distancia,Gradient Boosting Classifier,0,0,0.005780177151701746
01_knn,Distancia,Gradient Boosting Classifier,1,1,0.9960794820670991
01_knn,Distancia,Gradient Boosting Classifier,1,1,0.9972883005472537
01_knn,Distancia,Gradient Boosting Classifier,0,0,0.046552284258629444
01_knn,Distancia,Gradient Boosting Classifier,1,1,0.9975321232289335
01_knn,Distancia,Gradient Boosting Classifier,0,0,0.00188445749725948
01_knn,Distancia,Gradient Boosting Classifier,0,0,0.001567872994816558
01_knn,Distancia,Gradient Boosting Classifier,1,1,0.9553887030396075
01_knn,Distancia,Gradient Boosting Classifier,1,1,0.9761315904345668
01_knn,Distancia,Gradient Boosting Classifier,0,0,0.005807217708821445
01_knn,Distancia,Gradient Boosting Classifier,0,0,0.008508173866825876
01_knn,Distancia,Gradient Boosting Classifier,0,1,0.960882063546541
01_knn,Distancia,Gradient Boosting Classifier,0,0,0.435900715999961
01_knn,Distancia,Gradient Boosting Classifier,0,0,0.24675611398221894
01_knn,Distancia,Gradient Boosting Classifier,0,0,0.003255509117749372
01_knn,Distancia,Gradient Boosting Classifier,0,0,0.016138821850238225
01_knn,Distancia,Gradient Boosting Classifier,0,0,0.004994058920073467
01_knn,Distancia,Gradient Boosting Classifier,0,0,0.026700243252363087
01_knn,Distancia,Gradient Boosting Classifier,0,0,0.004476276064997876
01_knn,Distancia,Gradient Boosting Classifier,0,0,0.0064749940661758
01_knn,Distancia,Gradient Boosting Classifier,0,0,0.013363357203572113
01_knn,Distancia,Gradient Boosting Classifier,0,0,0.015019600130664779
01_knn,Distancia,Gradient Boosting Classifier,1,1,0.9958093060136008
01_knn,Distancia,Gradient Boosting Classifier,0,0,0.005819010954302292
01_knn,Distancia,Gradient Boosting Classifier,0,0,0.004479515183984488
01_knn,Distancia,Gradient Boosting Classifier,0,0,0.0722411968344088
01_knn,Distancia,Gradient Boosting Classifier,0,0,0.03880756387970893
01_knn,Distancia,Gradient Boosting Classifier,0,0,0.005874357865005701
01_knn,Distancia,Gradient Boosting Classifier,0,0,0.004139815452757641
01_knn,Distancia,Gradient Boosting Classifier,0,0,0.005391789373475775
01_knn,Distancia,Gradient Boosting Classifier,0,0,0.12569876212847447
01_knn,Distancia,Gradient Boosting Classifier,0,0,0.0045300323982930815
01_knn,Distancia,Gradient Boosting Classifier,1,1,0.9958913035969179
01_knn,Distancia,Gradient Boosting Classifier,0,0,0.02049880595687075
01_knn,Distancia,Gradient Boosting Classifier,0,0,0.005830265856111635
01_knn,Distancia,Gradient Boosting Classifier,0,0,0.005479873464126936
01_knn,Distancia,Gradient Boosting Classifier,1,0,0.2622439743729917
01_knn,Distancia,Gradient Boosting Classifier,1,1,0.769771147643004
01_knn,Distancia,Gradient Boosting Classifier,1,1,0.9949482059743273
01_knn,Distancia,Gradient Boosting Classifier,0,0,0.004168361811090338
01_knn,Distancia,Gradient Boosting Classifier,1,1,0.994778327974185
01_knn,Distancia,Gradient Boosting Classifier,0,0,0.003555946640552493
01_knn,Distancia,Gradient Boosting Classifier,0,0,0.016382894254169448
01_knn,Distancia,Gradient Boosting Classifier,0,0,0.03432470347070152
01_knn,Distancia,Gradient Boosting Classifier,0,0,0.0033747470116719715
01_knn,Distancia,Gradient Boosting Classifier,1,1,0.9952413076747009
01_knn,Distancia,Gradient Boosting Classifier,1,1,0.9444920576305201
01_knn,Distancia,Gradient Boosting Classifier,1,1,0.9966538324509243
01_knn,Distancia,Gradient Boosting Classifier,0,0,0.04787515303652356
01_knn,Distancia,Gradient Boosting Classifier,0,0,0.010970348586759736
01_knn,Distancia,Gradient Boosting Classifier,0,0,0.004736907477069868
01_knn,Distancia,Gradient Boosting Classifier,1,1,0.9980155635518153
01_knn,Distancia,Gradient Boosting Classifier,0,0,0.0259020390973261
01_knn,Distancia,Gradient Boosting Classifier,1,1,0.9961964820854178
01_knn,Distancia,Gradient Boosting Classifier,0,0,0.004393123111227045
01_knn,Distancia,Gradient Boosting Classifier,0,0,0.005669918322318375
01_knn,Distancia,Gradient Boosting Classifier,0,0,0.00881303977337049
01_knn,Distancia,Gradient Boosting Classifier,0,0,0.006033296614355223
01_knn,Distancia,Gradient Boosting Classifier,0,0,0.010609943327511424
01_knn,Distancia,Gradient Boosting Classifier,0,0,0.02511868073937376
01_knn,Distancia,Gradient Boosting Classifier,0,0,0.0044873690814674775
01_knn,Distancia,Gradient Boosting Classifier,0,0,0.01298826602933348
01_knn,Distancia,Gradient Boosting Classifier,1,1,0.9946631828921205
01_knn,Distancia,Gradient Boosting Classifier,0,0,0.045242249108930405
01_knn,Distancia,Gradient Boosting Classifier,0,0,0.03710573416795958
01_knn,Distancia,Gradient Boosting Classifier,0,1,0.6518412935742829
01_knn,Distancia,Gradient Boosting Classifier,0,0,0.020430439864544757
01_knn,Distancia,Gradient Boosting Classifier,0,0,0.0041892135208076615
01_knn,Distancia,Gradient Boosting Classifier,0,0,0.0036230055340263534
01_knn,Distancia,Gradient Boosting Classifier,0,0,0.003045097999239903
01_knn,Distancia,Gradient Boosting Classifier,0,0,0.03862710091360037
01_knn,Distancia,Gradient Boosting Classifier,0,0,0.00963455193992203
01_knn,Distancia,Gradient Boosting Classifier,1,1,0.9822215922333313
01_knn,Distancia,Gradient Boosting Classifier,0,0,0.0048752239247725326
01_knn,Distancia,Gradient Boosting Classifier,0,0,0.004319984232676498
01_knn,Distancia,Gradient Boosting Classifier,0,0,0.008649788621598988
01_knn,Distancia,Gradient Boosting Classifier,0,0,0.0038517360286495655
01_knn,Distancia,Gradient Boosting Classifier,1,1,0.9955663020487927
01_knn,Distancia,Gradient Boosting Classifier,0,0,0.005449734795503388
01_knn,Distancia,Gradient Boosting Classifier,1,1,0.9966792183643072
01_knn,Distancia,Gradient Boosting Classifier,0,0,0.005327106749672181
01_knn,Distancia,Gradient Boosting Classifier,0,0,0.010639868077921581
01_knn,Distancia,Gradient Boosting Classifier,0,0,0.005087776245491853
01_knn,Distancia,Gradient Boosting Classifier,0,0,0.0022027302219071983
01_knn,Distancia,Gradient Boosting Classifier,0,0,0.025140097218795163
01_knn,Distancia,Gradient Boosting Classifier,0,0,0.035755266134742614
01_knn,Distancia,Gradient Boosting Classifier,0,0,0.012805274305140057
01_knn,Distancia,Gradient Boosting Classifier,1,1,0.9966099483284298
01_knn,Distancia,Gradient Boosting Classifier,0,0,0.004364532446444681
01_knn,Distancia,Gradient Boosting Classifier,0,0,0.006963674567766369
01_knn,Distancia,Gradient Boosting Classifier,0,0,0.004153762727058515
01_knn,Distancia,Gradient Boosting Classifier,0,0,0.004490342032511805
01_knn,Distancia,Gradient Boosting Classifier,1,1,0.9950965285813523
01_knn,Distancia,Gradient Boosting Classifier,0,0,0.12966639436481078
01_knn,Distancia,Gradient Boosting Classifier,0,0,0.02167685759245786
01_knn,Distancia,Gradient Boosting Classifier,0,0,0.017053677891608096
01_knn,Distancia,Gradient Boosting Classifier,0,0,0.003893454957140768
01_knn,Distancia,Gradient Boosting Classifier,1,1,0.9892594559076245
01_knn,Distancia,Gradient Boosting Classifier,1,1,0.9949324543616007
01_knn,Distancia,Gradient Boosting Classifier,0,0,0.0033710277438594102
01_knn,Distancia,Gradient Boosting Classifier,0,0,0.002879627153214357
01_knn,Distancia,Gradient Boosting Classifier,1,1,0.9944355589998202
01_knn,Distancia,Gradient Boosting Classifier,0,0,0.004577713871716567
01_knn,Distancia,Gradient Boosting Classifier,0,0,0.004044724888642553
01_knn,Distancia,Gradient Boosting Classifier,0,0,0.006253892525452984
01_knn,Distancia,Gradient Boosting Classifier,0,0,0.02906880931292264
01_knn,Distancia,Gradient Boosting Classifier,0,0,0.005807217708821445
01_knn,Distancia,Gradient Boosting Classifier,1,1,0.9685923400527414
01_knn,Distancia,Gradient Boosting Classifier,1,1,0.9969328792781258
01_knn,Distancia,Gradient Boosting Classifier,0,0,0.044024036269398804
01_knn,Distancia,Gradient Boosting Classifier,0,0,0.01488686379445364
01_knn,Distancia,Gradient Boosting Classifier,0,0,0.019563166017224517
01_knn,Distancia,Gradient Boosting Classifier,0,0,0.01627147000624958
01_knn,Distancia,Gradient Boosting Classifier,1,1,0.8270584816014747
01_knn,Distancia,Gradient Boosting Classifier,1,1,0.995571704609372
01_knn,Distancia,Gradient Boosting Classifier,0,0,0.06752672107073517
01_knn,Distancia,Gradient Boosting Classifier,0,0,0.004244241174767295
01_knn,Distancia,Gradient Boosting Classifier,0,0,0.005628215909454918
01_knn,Distancia,Gradient Boosting Classifier,1,1,0.9552207953277663
01_knn,Distancia,Gradient Boosting Classifier,0,0,0.003983561847119365
01_knn,Distancia,Gradient Boosting Classifier,0,0,0.008017455646681885
01_knn,Distancia,Gradient Boosting Classifier,0,0,0.0037754301557958473
01_knn,Distancia,Gradient Boosting Classifier,0,0,0.018277426167246286
01_knn,Distancia,Gradient Boosting Classifier,0,0,0.002070973890512625
01_knn,Distancia,Gradient Boosting Classifier,1,1,0.9958847572850519
01_knn,Distancia,Gradient Boosting Classifier,1,1,0.9814891236946558
01_knn,Distancia,Gradient Boosting Classifier,0,0,0.0054059551355409964
01_knn,Distancia,Gradient Boosting Classifier,0,0,0.0057812481151042995
01_knn,Distancia,Gradient Boosting Classifier,0,0,0.03565356674722131
01_knn,Distancia,Gradient Boosting Classifier,0,0,0.34499058002774424
01_knn,Distancia,Gradient Boosting Classifier,1,1,0.9973003624192323
01_knn,Distancia,Gradient Boosting Classifier,1,1,0.9874191974450545
01_knn,Distancia,Gradient Boosting Classifier,0,0,0.004940923560161922
01_knn,Distancia,Gradient Boosting Classifier,1,1,0.9980525211341124
01_knn,Distancia,Gradient Boosting Classifier,0,0,0.01583522778257571
01_knn,Distancia,Gradient Boosting Classifier,0,0,0.016732292268966276
01_knn,Distancia,Gradient Boosting Classifier,1,1,0.998609095497001
01_knn,Distancia,Gradient Boosting Classifier,1,1,0.9947674883578774
01_knn,Distancia,Gradient Boosting Classifier,1,1,0.9944280549284533
01_knn,Distancia,Gradient Boosting Classifier,0,0,0.00293603840531221
01_knn,Distancia,Gradient Boosting Classifier,1,1,0.5803189419285262
01_knn,Distancia,Gradient Boosting Classifier,0,0,0.0197107627484486
01_knn,Distancia,Gradient Boosting Classifier,1,1,0.968972091450488
01_knn,Distancia,Gradient Boosting Classifier,1,1,0.983645570616127
01_knn,Distancia,Gradient Boosting Classifier,0,0,0.05045574098301182
01_knn,Distancia,Gradient Boosting Classifier,0,0,0.004711049653595372
01_knn,Distancia,Gradient Boosting Classifier,0,0,0.033224814930203884
01_knn,Distancia,Gradient Boosting Classifier,1,1,0.963471225033468
01_knn,Distancia,Gradient Boosting Classifier,0,0,0.009457490654205458
01_knn,Distancia,Gradient Boosting Classifier,0,0,0.00955227122957491
01_knn,Distancia,Gradient Boosting Classifier,0,0,0.03007858553894659
01_knn,Distancia,Gradient Boosting Classifier,0,0,0.030594463069120302
01_knn,Distancia,Gradient Boosting Classifier,0,0,0.013199755144334377
01_knn,Distancia,Gradient Boosting Classifier,0,0,0.018271011386486055
01_knn,Distancia,Gradient Boosting Classifier,0,0,0.013577514012795087
01_knn,Distancia,Gradient Boosting Classifier,0,0,0.021863480032207963
01_knn,Distancia,Gradient Boosting Classifier,0,0,0.026005929627046932
01_knn,Distancia,Gradient Boosting Classifier,0,0,0.05553763460891449
01_knn,Distancia,Gradient Boosting Classifier,0,0,0.0031375618083128226
01_knn,Distancia,Gradient Boosting Classifier,1,1,0.9944753435126807
01_knn,Distancia,Gradient Boosting Classifier,0,0,0.0062934776752754515
01_knn,Distancia,Gradient Boosting Classifier,1,1,0.9914420165935431
01_knn,Distancia,Gradient Boosting Classifier,0,0,0.0050669272489234606
01_knn,Distancia,Gradient Boosting Classifier,1,1,0.9947674883578774
01_knn,Distancia,Gradient Boosting Classifier,0,0,0.011178749552256865
01_knn,Distancia,Gradient Boosting Classifier,1,1,0.9818757287055331
01_knn,Distancia,Gradient Boosting Classifier,0,0,0.012387073547690353
01_knn,Distancia,Gradient Boosting Classifier,0,0,0.005640365822677646
01_knn,Distancia,Gradient Boosting Classifier,1,1,0.9974410910392166
01_knn,Distancia,Gradient Boosting Classifier,0,0,0.013992766504620465
01_knn,Distancia,Gradient Boosting Classifier,0,0,0.0034572520874130382
01_knn,Distancia,Gradient Boosting Classifier,0,0,0.013225100321653431
01_knn,Distancia,Gradient Boosting Classifier,0,0,0.005090588784211175
01_knn,Distancia,Gradient Boosting Classifier,0,1,0.8533034430094059
01_knn,Distancia,Gradient Boosting Classifier,0,0,0.005664660814617122
01_knn,Distancia,Gradient Boosting Classifier,0,0,0.0046967114504470435
01_knn,Distancia,Gradient Boosting Classifier,0,0,0.002428579055339811
01_knn,Distancia,Gradient Boosting Classifier,0,0,0.020120364137332158
01_knn,Distancia,Gradient Boosting Classifier,0,0,0.009819426992470862
01_knn,Distancia,Gradient Boosting Classifier,0,0,0.009293810466343809
01_knn,Distancia,Gradient Boosting Classifier,0,0,0.03827260064147907
01_knn,Distancia,Gradient Boosting Classifier,1,1,0.9774059006021847
01_knn,Distancia,Gradient Boosting Classifier,0,0,0.014942296297291763
01_knn,Distancia,Gradient Boosting Classifier,1,0,0.48254804238537863
01_knn,Distancia,Gradient Boosting Classifier,0,0,0.021127303804346312
01_knn,Distancia,Gradient Boosting Classifier,0,0,0.19939282442486606
01_knn,Distancia,Gradient Boosting Classifier,0,0,0.002110706716273469
01_knn,Distancia,Gradient Boosting Classifier,0,0,0.005424425981159686
01_knn,Distancia,Gradient Boosting Classifier,0,0,0.0037519592782904476
01_knn,Distancia,Gradient Boosting Classifier,0,0,0.005941464265245225
01_knn,Distancia,Gradient Boosting Classifier,0,0,0.004996068127351416
01_knn,Distancia,Gradient Boosting Classifier,0,0,0.004552357170938101
01_knn,Distancia,Gradient Boosting Classifier,0,0,0.017359067719921788
01_knn,Distancia,Gradient Boosting Classifier,0,0,0.037656451850064984
01_knn,Distancia,Gradient Boosting Classifier,0,0,0.023523400945370317
01_knn,Distancia,Gradient Boosting Classifier,1,1,0.8910827541447556
01_knn,Distancia,Gradient Boosting Classifier,0,0,0.003302784112725716
01_knn,Distancia,Gradient Boosting Classifier,0,0,0.0018808409353477697
01_knn,Distancia,Gradient Boosting Classifier,0,0,0.01854898496123238
01_knn,Distancia,Gradient Boosting Classifier,1,1,0.99559866616371
01_knn,Distancia,Gradient Boosting Classifier,0,0,0.028600518377516097
01_knn,Distancia,Gradient Boosting Classifier,0,0,0.02333328139397532
01_knn,Distancia,Gradient Boosting Classifier,0,0,0.005628215909454918
01_knn,Distancia,Gradient Boosting Classifier,0,0,0.003233214087841414
01_knn,Distancia,Gradient Boosting Classifier,1,1,0.9970541442737986
01_knn,Distancia,Gradient Boosting Classifier,0,0,0.01614965533697686
01_knn,Distancia,Gradient Boosting Classifier,0,0,0.0046967114504470435
01_knn,Distancia,Gradient Boosting Classifier,1,1,0.9969934367647234
01_knn,Distancia,Gradient Boosting Classifier,0,0,0.006069178042219621
01_knn,Distancia,Gradient Boosting Classifier,0,0,0.005882149345943773
01_knn,Distancia,Gradient Boosting Classifier,0,0,0.007094788438758007
01_knn,Distancia,Gradient Boosting Classifier,1,1,0.9947172956059402
01_knn,Distancia,Gradient Boosting Classifier,0,0,0.0018608469603193746
01_knn,Distancia,Gradient Boosting Classifier,0,0,0.00766564092080416
01_knn,Distancia,Gradient Boosting Classifier,0,0,0.016591881975725725
01_knn,Distancia,Gradient Boosting Classifier,0,0,0.024197756970529675
01_knn,Distancia,Gradient Boosting Classifier,1,1,0.9948394721133194
01_knn,Distancia,Gradient Boosting Classifier,0,0,0.009167822316739476
01_knn,Distancia,Gradient Boosting Classifier,1,1,0.9947645913654389
01_knn,Distancia,Gradient Boosting Classifier,0,0,0.0033710277438594102
01_knn,Distancia,Gradient Boosting Classifier,0,0,0.01885110126749434
01_knn,Distancia,Gradient Boosting Classifier,0,0,0.004613868120032904
01_knn,Distancia,Gradient Boosting Classifier,0,0,0.004948701687872639
01_knn,Distancia,Gradient Boosting Classifier,0,0,0.06821841096229993
01_knn,Distancia,Gradient Boosting Classifier,0,0,0.02332820477680946
01_knn,Distancia,Gradient Boosting Classifier,0,0,0.004824406384514305
01_knn,Distancia,Gradient Boosting Classifier,1,1,0.9890657839824986
01_knn,Distancia,Gradient Boosting Classifier,0,0,0.003714372100971225
01_knn,Distancia,Gradient Boosting Classifier,1,1,0.9973173809401281
01_knn,Distancia,Gradient Boosting Classifier,0,0,0.004495504337971801
01_knn,Distancia,Gradient Boosting Classifier,0,0,0.005429651177626405
01_knn,Distancia,Gradient Boosting Classifier,0,0,0.005500700390543302
01_knn,Distancia,Gradient Boosting Classifier,1,1,0.9970970532232254
01_knn,Distancia,Gradient Boosting Classifier,0,0,0.004093958681526473
01_knn,Distancia,Gradient Boosting Classifier,0,0,0.06788520191929572
01_knn,Distancia,Gradient Boosting Classifier,0,0,0.00388455183691494
01_knn,Distancia,Gradient Boosting Classifier,0,0,0.03091591273419454
01_knn,Distancia,Gradient Boosting Classifier,0,0,0.0033758968126684726
01_knn,Distancia,Gradient Boosting Classifier,1,1,0.9683119801367682
01_knn,Distancia,Gradient Boosting Classifier,0,0,0.003131622068483888
01_knn,Distancia,Gradient Boosting Classifier,0,0,0.00926072282792501
01_knn,Distancia,Gradient Boosting Classifier,0,0,0.009255154751185756
01_knn,Distancia,Gradient Boosting Classifier,0,0,0.017865842519449775
01_knn,Distancia,Gradient Boosting Classifier,1,1,0.9967953385290911
01_knn,Distancia,Gradient Boosting Classifier,0,0,0.005310894639226224
01_knn,Distancia,Gradient Boosting Classifier,1,1,0.7687576974151836
01_knn,Distancia,Gradient Boosting Classifier,0,0,0.0054375182449241805
01_knn,Distancia,Gradient Boosting Classifier,0,0,0.0062934776752754515
01_knn,Distancia,Gradient Boosting Classifier,1,1,0.9909693239408445
01_knn,Distancia,Gradient Boosting Classifier,0,0,0.004847073313737126
01_knn,Distancia,Gradient Boosting Classifier,0,0,0.015446049606845383
01_knn,Distancia,Gradient Boosting Classifier,0,0,0.003122947022267559
01_knn,Distancia,Gradient Boosting Classifier,0,0,0.008175533816702841
01_knn,Distancia,Gradient Boosting Classifier,0,0,0.011425541010832239
01_knn,Distancia,Gradient Boosting Classifier,0,0,0.010778546690105946
01_knn,Distancia,Gradient Boosting Classifier,0,0,0.03525025272149824
01_knn,Distancia,Gradient Boosting Classifier,0,0,0.006336894178960794
01_knn,Distancia,Gradient Boosting Classifier,0,0,0.005435210580087636
01_knn,Distancia,Gradient Boosting Classifier,0,0,0.010579119998868534
01_knn,Distancia,Gradient Boosting Classifier,0,0,0.005140685377129336
01_knn,Distancia,Gradient Boosting Classifier,0,0,0.006620163647855329
01_knn,Distancia,Gradient Boosting Classifier,1,1,0.9914707661626713
01_knn,Distancia,Gradient Boosting Classifier,0,0,0.00231705699555828
01_knn,Distancia,Gradient Boosting Classifier,1,1,0.9950658659532101
01_knn,Distancia,Gradient Boosting Classifier,0,0,0.02520495704739855
01_knn,Distancia,Gradient Boosting Classifier,0,0,0.0028747980578210635
01_knn,Distancia,Gradient Boosting Classifier,1,1,0.995561418582706
01_knn,Distancia,Gradient Boosting Classifier,1,1,0.9931308572951509
01_knn,Distancia,Gradient Boosting Classifier,0,0,0.005606734875955759
01_knn,Distancia,Gradient Boosting Classifier,0,0,0.005253279873600018
01_knn,Distancia,Gradient Boosting Classifier,0,0,0.02656663685710633
01_knn,Distancia,Gradient Boosting Classifier,0,0,0.01351437114302055
01_knn,Distancia,Gradient Boosting Classifier,1,1,0.9916955398496772
01_knn,Distancia,Gradient Boosting Classifier,1,1,0.9755551778778687
01_knn,Distancia,Gradient Boosting Classifier,0,0,0.02718738431748796
01_knn,Distancia,Gradient Boosting Classifier,0,0,0.005147502474240741
01_knn,Distancia,Gradient Boosting Classifier,0,0,0.00964859220603863
01_knn,Distancia,Gradient Boosting Classifier,0,0,0.0029665069772477686
01_knn,Distancia,Gradient Boosting Classifier,0,0,0.00638429572585429
01_knn,Distancia,Gradient Boosting Classifier,1,1,0.9958893884579201
01_knn,Distancia,Gradient Boosting Classifier,0,0,0.034118177094279875
01_knn,Distancia,Gradient Boosting Classifier,1,1,0.9958893884579201
01_knn,Distancia,Gradient Boosting Classifier,0,0,0.007259621161094598
01_knn,Distancia,Gradient Boosting Classifier,0,0,0.013436110588199447
01_knn,Distancia,Gradient Boosting Classifier,0,0,0.08625082898611554
01_knn,Distancia,Gradient Boosting Classifier,0,0,0.004633214003111143
01_knn,Distancia,Gradient Boosting Classifier,0,0,0.036747098657875114
01_knn,Distancia,Gradient Boosting Classifier,1,1,0.9978742726550628
01_knn,Distancia,Gradient Boosting Classifier,0,0,0.025564501009251075
01_knn,Distancia,Gradient Boosting Classifier,1,1,0.9476613993774801
01_knn,Distancia,Gradient Boosting Classifier,0,0,0.0016930589043568215
01_knn,Distancia,Gradient Boosting Classifier,0,0,0.0036361910719522714
01_knn,Distancia,Gradient Boosting Classifier,0,0,0.005029465904917048
01_knn,Distancia,Gradient Boosting Classifier,1,1,0.7046426463946747
01_knn,Distancia,Gradient Boosting Classifier,0,0,0.0021714049207878323
01_knn,Distancia,Gradient Boosting Classifier,1,0,0.04783576596246586
01_knn,Distancia,Gradient Boosting Classifier,0,0,0.0622620884559754
01_knn,Distancia,Gradient Boosting Classifier,0,0,0.0078521005861889
01_knn,Distancia,Gradient Boosting Classifier,1,1,0.9908475774735672
01_knn,Distancia,Gradient Boosting Classifier,1,1,0.9949262758844684
01_knn,Distancia,Gradient Boosting Classifier,0,0,0.013262677709080104
01_knn,Distancia,Gradient Boosting Classifier,0,0,0.00638429572585429
01_knn,Distancia,Gradient Boosting Classifier,0,0,0.007263376593348376
01_knn,Distancia,Gradient Boosting Classifier,0,0,0.02996089609986973
01_knn,Distancia,Gradient Boosting Classifier,0,0,0.0028748141093220374
01_knn,Distancia,Gradient Boosting Classifier,0,0,0.03137797203721948
01_knn,Distancia,Gradient Boosting Classifier,0,0,0.0033807276291465
01_knn,Distancia,Gradient Boosting Classifier,0,0,0.007230601469311891
01_knn,Distancia,Gradient Boosting Classifier,0,0,0.0029111432122736615
01_knn,Distancia,Gradient Boosting Classifier,0,0,0.016039097746646778
01_knn,Distancia,Gradient Boosting Classifier,0,0,0.0037917116205748473
01_knn,Distancia,Gradient Boosting Classifier,0,0,0.00838836391002127
01_knn,Distancia,Gradient Boosting Classifier,0,0,0.05041057340422611
01_knn,Distancia,Gradient Boosting Classifier,0,0,0.005807217708821445
01_knn,Distancia,Gradient Boosting Classifier,0,0,0.031229383199763212
01_knn,Distancia,Gradient Boosting Classifier,0,0,0.03165203215032394
01_knn,Distancia,Gradient Boosting Classifier,0,0,0.003340862162632355
01_knn,Distancia,Gradient Boosting Classifier,0,0,0.012221522523552054
01_knn,Distancia,Gradient Boosting Classifier,0,0,0.028054734147261957
01_knn,Distancia,Gradient Boosting Classifier,1,1,0.9980809133565345
01_knn,Distancia,Gradient Boosting Classifier,0,0,0.009988812790165459
01_knn,Distancia,Gradient Boosting Classifier,1,1,0.9969809526144525
01_knn,Distancia,Gradient Boosting Classifier,0,0,0.002718204391896367
01_knn,Distancia,Gradient Boosting Classifier,1,1,0.9959704356574998
01_knn,Distancia,Gradient Boosting Classifier,0,0,0.170509927632192
01_knn,Distancia,Gradient Boosting Classifier,0,0,0.047830450176534416
01_knn,Distancia,Gradient Boosting Classifier,1,1,0.9904442345215254
01_knn,Distancia,Gradient Boosting Classifier,0,0,0.005278049675136762
01_knn,Distancia,Gradient Boosting Classifier,0,0,0.01536120847674828
01_knn,Distancia,Gradient Boosting Classifier,0,0,0.012737814200490648
01_knn,Distancia,Gradient Boosting Classifier,0,0,0.09716904726820708
01_knn,Distancia,Gradient Boosting Classifier,1,1,0.9944280549284533
01_knn,Distancia,Gradient Boosting Classifier,1,1,0.9800603588218523
01_knn,Distancia,Gradient Boosting Classifier,0,0,0.02210773659504117
01_knn,Distancia,Gradient Boosting Classifier,0,0,0.022033461012687446
01_knn,Distancia,Gradient Boosting Classifier,0,0,0.002501493321944223
01_knn,Distancia,Gradient Boosting Classifier,1,1,0.9873178849775737
01_knn,Distancia,Gradient Boosting Classifier,0,0,0.012638908639638466
01_knn,Distancia,Gradient Boosting Classifier,0,0,0.004927358197522383
01_knn,Distancia,Gradient Boosting Classifier,1,1,0.9729235665789344
01_knn,Distancia,Gradient Boosting Classifier,1,1,0.9958206533511483
01_knn,Distancia,Gradient Boosting Classifier,0,0,0.05875102855313956
01_knn,Distancia,Gradient Boosting Classifier,0,0,0.004182415664695963
01_knn,Distancia,Gradient Boosting Classifier,0,0,0.01191702973546306
01_knn,Distancia,Gradient Boosting Classifier,1,1,0.9962186707893528
01_knn,Distancia,Gradient Boosting Classifier,0,0,0.005974107344005957
01_knn,Distancia,Gradient Boosting Classifier,0,0,0.005228965914287321
01_knn,Distancia,Gradient Boosting Classifier,1,1,0.996769410309608
01_knn,Distancia,Gradient Boosting Classifier,1,1,0.9944212649233053
01_knn,Distancia,Gradient Boosting Classifier,0,0,0.006291864256962187
01_knn,Distancia,Gradient Boosting Classifier,0,0,0.03484936332460326
01_knn,Distancia,Gradient Boosting Classifier,1,1,0.9943746245814782
01_knn,Distancia,Gradient Boosting Classifier,0,0,0.01643839257503351
01_knn,Distancia,Gradient Boosting Classifier,1,1,0.9977291550977659
01_knn,Distancia,Gradient Boosting Classifier,0,0,0.004940923560161922
01_knn,Distancia,Gradient Boosting Classifier,1,1,0.9969573602220726
01_knn,Distancia,Gradient Boosting Classifier,0,0,0.0032220110401305
01_knn,Distancia,Gradient Boosting Classifier,0,0,0.005807217708821445
01_knn,Distancia,Gradient Boosting Classifier,0,0,0.01700316964860202
01_knn,Distancia,Gradient Boosting Classifier,0,0,0.005467784368346976
01_knn,Distancia,Gradient Boosting Classifier,0,0,0.00467022051833661
01_knn,Distancia,Gradient Boosting Classifier,0,0,0.0020947659078444348
01_knn,Distancia,Gradient Boosting Classifier,0,0,0.04981140875334287
01_knn,Distancia,Gradient Boosting Classifier,1,1,0.996934136463256
01_knn,Distancia,Gradient Boosting Classifier,0,0,0.0027150133824166245
01_knn,Distancia,Gradient Boosting Classifier,0,0,0.04782042508421434
01_knn,Distancia,Gradient Boosting Classifier,0,0,0.07645512325707313
01_knn,Distancia,Gradient Boosting Classifier,0,0,0.007348373431199708
01_knn,Distancia,Gradient Boosting Classifier,1,1,0.9951665862344528
01_knn,Distancia,Gradient Boosting Classifier,1,1,0.9376383143489506
01_knn,Distancia,Gradient Boosting Classifier,1,1,0.9978013496071096
01_knn,Distancia,Gradient Boosting Classifier,0,0,0.015136874020313697
01_knn,Distancia,Gradient Boosting Classifier,0,1,0.6097861031449647
01_knn,Distancia,Gradient Boosting Classifier,0,0,0.004722462777606633
01_knn,Distancia,Gradient Boosting Classifier,0,0,0.00723637589856068
01_knn,Distancia,Gradient Boosting Classifier,0,0,0.010389797725641192
01_knn,Distancia,Gradient Boosting Classifier,0,0,0.040207208541546594
01_knn,Distancia,Gradient Boosting Classifier,1,1,0.9956947070316144
01_knn,Distancia,Gradient Boosting Classifier,0,1,0.8069217856538649
01_knn,Distancia,Gradient Boosting Classifier,0,0,0.0016903328929254407
01_knn,Distancia,Gradient Boosting Classifier,0,0,0.004140217495073414
01_knn,Distancia,Gradient Boosting Classifier,0,0,0.0034272438793213444
01_knn,Distancia,Gradient Boosting Classifier,0,0,0.0049423040155824405
01_knn,Distancia,Gradient Boosting Classifier,1,1,0.9947674883578774
01_knn,Distancia,Gradient Boosting Classifier,1,1,0.9971065705560684
01_knn,Distancia,Gradient Boosting Classifier,0,0,0.015173716464532947
01_knn,Distancia,Gradient Boosting Classifier,0,0,0.0041892135208076615
01_knn,Distancia,Gradient Boosting Classifier,0,0,0.03358106288200366
01_knn,Distancia,Gradient Boosting Classifier,0,0,0.005474384389154051
01_knn,Distancia,Gradient Boosting Classifier,0,0,0.03432470347070152
01_knn,Distancia,Gradient Boosting Classifier,0,0,0.001897125042065377
01_knn,Distancia,Gradient Boosting Classifier,0,0,0.06434985532779193
01_knn,Distancia,Gradient Boosting Classifier,0,0,0.01748832866763094
01_knn,Distancia,Gradient Boosting Classifier,0,0,0.03941844226352472
01_knn,Distancia,Gradient Boosting Classifier,0,0,0.0164434171620781
01_knn,Distancia,Gradient Boosting Classifier,0,0,0.03459048627154638
01_knn,Distancia,Gradient Boosting Classifier,1,1,0.9957309791433725
01_knn,Distancia,Gradient Boosting Classifier,0,0,0.053567403892233634
01_knn,Distancia,Gradient Boosting Classifier,0,0,0.007018951287429529
01_knn,Distancia,Gradient Boosting Classifier,0,0,0.03367964522918081
01_knn,Distancia,Gradient Boosting Classifier,1,1,0.9927613972787309
01_knn,Distancia,Gradient Boosting Classifier,0,0,0.056006254549110825
01_knn,Distancia,Gradient Boosting Classifier,0,0,0.005807217708821445
01_knn,Distancia,Gradient Boosting Classifier,1,1,0.994257503330731
01_knn,Distancia,Gradient Boosting Classifier,0,0,0.005228965914287321
01_knn,Distancia,Gradient Boosting Classifier,1,0,0.3509719691223308
01_knn,Distancia,Gradient Boosting Classifier,1,1,0.9227715536094523
01_knn,Distancia,Gradient Boosting Classifier,0,0,0.004847710126080437
01_knn,Distancia,Gradient Boosting Classifier,1,1,0.5055478970328501
01_knn,Distancia,Gradient Boosting Classifier,0,0,0.03432470347070152
01_knn,Distancia,Gradient Boosting Classifier,1,1,0.9927497123341514
01_knn,Distancia,Gradient Boosting Classifier,0,0,0.003665290680383656
01_knn,Distancia,Gradient Boosting Classifier,1,1,0.9943368502259483
01_knn,Distancia,Gradient Boosting Classifier,0,0,0.003336268446359447
01_knn,Distancia,Gradient Boosting Classifier,1,1,0.9951697754930868
01_knn,Distancia,Gradient Boosting Classifier,0,0,0.006177489895221151
01_knn,Distancia,Gradient Boosting Classifier,0,0,0.030033098075667404
01_knn,Distancia,Gradient Boosting Classifier,0,0,0.01771622201756971
01_knn,Distancia,Gradient Boosting Classifier,0,0,0.00815034695582849
01_knn,Distancia,Gradient Boosting Classifier,1,1,0.7569107205994787
01_knn,Distancia,Gradient Boosting Classifier,0,0,0.004075819726551835
01_knn,Distancia,Gradient Boosting Classifier,0,0,0.002986569524893921
01_knn,Distancia,Gradient Boosting Classifier,0,0,0.0031783989829149324
01_knn,Distancia,Gradient Boosting Classifier,0,0,0.008374276350300112
01_knn,Distancia,Gradient Boosting Classifier,1,1,0.9969536430011092
01_knn,Distancia,Gradient Boosting Classifier,0,0,0.031481388220763275
01_knn,Distancia,Gradient Boosting Classifier,0,0,0.01876444171317735
01_knn,Distancia,Gradient Boosting Classifier,0,0,0.0048773527865754755
01_knn,Distancia,Gradient Boosting Classifier,0,0,0.02487089166623032
01_knn,Distancia,Gradient Boosting Classifier,0,0,0.04332188579176021
01_knn,Distancia,Gradient Boosting Classifier,0,0,0.005228965914287321
01_knn,Distancia,Gradient Boosting Classifier,0,0,0.005472495028627284
01_knn,Distancia,Gradient Boosting Classifier,0,0,0.0028291534909622275
01_knn,Distancia,Gradient Boosting Classifier,0,0,0.004141957437201168
01_knn,Distancia,Gradient Boosting Classifier,0,0,0.020358332356787582
01_knn,Distancia,Gradient Boosting Classifier,1,1,0.9985728535212871
01_knn,Distancia,Gradient Boosting Classifier,0,0,0.005508750901960872
01_knn,Distancia,Gradient Boosting Classifier,1,1,0.9952954542763822
01_knn,Distancia,Gradient Boosting Classifier,0,0,0.026146478273012707
01_knn,Distancia,Gradient Boosting Classifier,0,0,0.008123278838926497
01_knn,Distancia,Gradient Boosting Classifier,0,0,0.006226501241882315
01_knn,Distancia,Gradient Boosting Classifier,0,0,0.017921625494523908
01_knn,Distancia,Gradient Boosting Classifier,0,0,0.0022642830190346295
01_knn,Distancia,Gradient Boosting Classifier,0,0,0.016678235461929685
01_knn,Distancia,Gradient Boosting Classifier,0,0,0.00571862924801312
01_knn,Distancia,Gradient Boosting Classifier,0,0,0.013389927982944356
01_knn,Distancia,Gradient Boosting Classifier,0,0,0.017856300813499412
01_knn,Distancia,Gradient Boosting Classifier,0,0,0.09299210197468208
01_knn,Distancia,Gradient Boosting Classifier,0,0,0.006885690429330495
01_knn,Distancia,Gradient Boosting Classifier,0,0,0.03616647826469259
01_knn,Distancia,Gradient Boosting Classifier,0,0,0.04519870269951296
01_knn,Distancia,Gradient Boosting Classifier,0,0,0.0046379478557522
01_knn,Distancia,Gradient Boosting Classifier,0,0,0.00592057478653317
01_knn,Distancia,Gradient Boosting Classifier,0,0,0.011499294866607467
01_knn,Distancia,Gradient Boosting Classifier,1,1,0.7356548702048995
01_knn,Distancia,Gradient Boosting Classifier,0,0,0.029015256332899458
01_knn,Distancia,Gradient Boosting Classifier,0,0,0.016964811009915565
01_knn,Distancia,Gradient Boosting Classifier,0,0,0.007624646082601069
01_knn,Distancia,Gradient Boosting Classifier,1,1,0.8283650980892436
01_knn,Distancia,Gradient Boosting Classifier,0,0,0.0046967114504470435
01_knn,Distancia,Gradient Boosting Classifier,0,0,0.04575223923233476
01_knn,Distancia,Gradient Boosting Classifier,0,0,0.01294892998429111
01_knn,Distancia,Gradient Boosting Classifier,0,0,0.014118444600419285
01_knn,Distancia,Gradient Boosting Classifier,0,0,0.001663076413453318
01_knn,Distancia,Gradient Boosting Classifier,1,1,0.9950234197733607
01_knn,Distancia,Gradient Boosting Classifier,0,0,0.011717267252965215
01_knn,Distancia,Gradient Boosting Classifier,0,0,0.0045300323982930815
01_knn,Distancia,Gradient Boosting Classifier,0,0,0.050570176786514084
01_knn,Distancia,Gradient Boosting Classifier,0,0,0.0076358482418458305
01_knn,Distancia,Gradient Boosting Classifier,0,0,0.004638026618808747
01_knn,Distancia,Gradient Boosting Classifier,0,0,0.016137246009927896
01_knn,Distancia,Gradient Boosting Classifier,0,0,0.01216945018381767
01_knn,Distancia,Gradient Boosting Classifier,0,0,0.003882377457732093
01_knn,Distancia,Gradient Boosting Classifier,1,1,0.9813049929503423
01_knn,Distancia,Gradient Boosting Classifier,0,0,0.03214144516463419
01_knn,Distancia,Gradient Boosting Classifier,1,1,0.975789987887575
01_knn,Distancia,Gradient Boosting Classifier,0,0,0.003091991331069721
01_knn,Distancia,Gradient Boosting Classifier,0,0,0.002664827537428157
01_knn,Distancia,Gradient Boosting Classifier,1,1,0.8492562506326327
01_knn,Distancia,Gradient Boosting Classifier,0,0,0.008307486768411315
01_knn,Distancia,Gradient Boosting Classifier,0,0,0.02179831692843072
01_knn,Distancia,Gradient Boosting Classifier,1,1,0.9706989864255415
01_knn,Distancia,Gradient Boosting Classifier,1,1,0.9926988927280835
01_knn,Distancia,Gradient Boosting Classifier,1,1,0.9966216729614784
01_knn,Distancia,Gradient Boosting Classifier,1,1,0.9756697841505032
01_knn,Distancia,Gradient Boosting Classifier,0,0,0.005035836217219654
01_knn,Distancia,Gradient Boosting Classifier,0,0,0.007396409860056205
01_knn,Distancia,Gradient Boosting Classifier,0,0,0.007673786017123402
01_knn,Distancia,Gradient Boosting Classifier,0,0,0.016714699497773208
01_knn,Distancia,Gradient Boosting Classifier,0,0,0.005237690264677237
01_knn,Distancia,Gradient Boosting Classifier,0,0,0.10181757486922947
01_knn,Distancia,Gradient Boosting Classifier,0,1,0.807246826830778
01_knn,Distancia,Gradient Boosting Classifier,0,0,0.017949914566718732
01_knn,Distancia,Gradient Boosting Classifier,1,1,0.9955913682935311
01_knn,Distancia,Gradient Boosting Classifier,1,1,0.9960418245089977
01_knn,Distancia,Gradient Boosting Classifier,0,0,0.08420148035393572
01_knn,Distancia,Gradient Boosting Classifier,0,0,0.004720660495183202
01_knn,Distancia,Gradient Boosting Classifier,0,0,0.007273929608902279
01_knn,Distancia,Gradient Boosting Classifier,0,0,0.01240523904976041
01_knn,Distancia,Gradient Boosting Classifier,0,0,0.016699195087942167
01_knn,Distancia,Gradient Boosting Classifier,0,0,0.0054375182449241805
01_knn,Distancia,Gradient Boosting Classifier,0,0,0.04221020534518439
01_knn,Distancia,Gradient Boosting Classifier,0,0,0.010963165944622296
01_knn,Distancia,Gradient Boosting Classifier,0,0,0.045234409100341176
01_knn,Distancia,Gradient Boosting Classifier,0,1,0.5021296958368842
01_knn,Distancia,Gradient Boosting Classifier,0,0,0.05223872680474617
01_knn,Distancia,Gradient Boosting Classifier,0,0,0.029288363634619216
01_knn,Distancia,Gradient Boosting Classifier,0,0,0.0045300323982930815
01_knn,Distancia,Gradient Boosting Classifier,1,1,0.9936511059679048
01_knn,Distancia,Gradient Boosting Classifier,1,1,0.9486708720831802
01_knn,Distancia,Gradient Boosting Classifier,1,1,0.5356767768763884
01_knn,Distancia,Gradient Boosting Classifier,0,0,0.004023497244107902
01_knn,Distancia,Gradient Boosting Classifier,0,0,0.004059881453380199
01_knn,Distancia,Gradient Boosting Classifier,1,1,0.9964083611329674
01_knn,Distancia,Gradient Boosting Classifier,0,0,0.14446985138859433
01_knn,Distancia,Gradient Boosting Classifier,0,0,0.005269851665490218
01_knn,Distancia,Gradient Boosting Classifier,0,0,0.013220611271437355
01_knn,Distancia,Gradient Boosting Classifier,0,0,0.0301089051144151
01_knn,Distancia,Gradient Boosting Classifier,0,0,0.061837682072015704
01_knn,Distancia,Gradient Boosting Classifier,0,0,0.018059161146020606
01_knn,Distancia,Gradient Boosting Classifier,1,1,0.9814891236946558
01_knn,Distancia,Gradient Boosting Classifier,0,0,0.0041892135208076615
01_knn,Distancia,Gradient Boosting Classifier,0,0,0.020573370020651485
01_knn,Distancia,Gradient Boosting Classifier,0,0,0.002613589386355316
01_knn,Distancia,Gradient Boosting Classifier,0,0,0.01952767488256495
01_knn,Distancia,Gradient Boosting Classifier,0,0,0.006336417174847011
01_knn,Distancia,Gradient Boosting Classifier,0,0,0.0045300323982930815
01_knn,Distancia,Gradient Boosting Classifier,1,1,0.9814891236946558
01_knn,Distancia,Gradient Boosting Classifier,1,1,0.9960083653161501
01_knn,Distancia,Gradient Boosting Classifier,0,0,0.004158252524441053
01_knn,Distancia,Gradient Boosting Classifier,0,0,0.004669461832904601
01_knn,Distancia,Gradient Boosting Classifier,0,0,0.012180117978196065
01_knn,Distancia,Gradient Boosting Classifier,0,0,0.015524524443939688
01_knn,Distancia,Gradient Boosting Classifier,0,0,0.0033311830341353097
01_knn,Distancia,Gradient Boosting Classifier,0,0,0.0034748637574626632
01_knn,Distancia,Gradient Boosting Classifier,0,0,0.04026599320433375
01_knn,Distancia,Gradient Boosting Classifier,1,1,0.9515798031005335
01_knn,Distancia,Gradient Boosting Classifier,0,0,0.34499058002774424
01_knn,Distancia,Gradient Boosting Classifier,0,0,0.003783855175205988
01_knn,Distancia,Gradient Boosting Classifier,0,0,0.004027608248492852
01_knn,Distancia,Gradient Boosting Classifier,0,0,0.004373249085013387
01_knn,Distancia,Gradient Boosting Classifier,1,1,0.9904828151028525
01_knn,Distancia,Gradient Boosting Classifier,1,1,0.9629981299558161
01_knn,Distancia,Gradient Boosting Classifier,0,0,0.004359061911329374
01_knn,Distancia,Gradient Boosting Classifier,0,0,0.0045300323982930815
01_knn,Distancia,Gradient Boosting Classifier,1,1,0.9882623100777626
01_knn,Distancia,Gradient Boosting Classifier,0,0,0.032335581756218326
01_knn,Distancia,Gradient Boosting Classifier,0,0,0.012103482998463587
01_knn,Distancia,Gradient Boosting Classifier,0,0,0.004227471807026487
01_knn,Distancia,Gradient Boosting Classifier,0,0,0.026647634767920824
01_knn,Distancia,Gradient Boosting Classifier,0,0,0.0050389347917078895
01_knn,Distancia,Gradient Boosting Classifier,0,0,0.013138592904364789
01_knn,Distancia,Gradient Boosting Classifier,0,1,0.6440412825216323
01_knn,Distancia,Gradient Boosting Classifier,1,1,0.9894868372881623
01_knn,Distancia,Gradient Boosting Classifier,0,0,0.004315233952870305
01_knn,Distancia,Gradient Boosting Classifier,0,0,0.0062934776752754515
01_knn,Distancia,Gradient Boosting Classifier,0,0,0.005228965914287321
01_knn,Distancia,Gradient Boosting Classifier,0,0,0.035079671650462406
01_knn,Distancia,Gradient Boosting Classifier,0,0,0.008104684345443787
01_knn,Distancia,Gradient Boosting Classifier,1,1,0.9958197054751848
01_knn,Distancia,Gradient Boosting Classifier,0,0,0.0036377147121220664
01_knn,Distancia,Gradient Boosting Classifier,0,0,0.0057751734682398685
01_knn,Distancia,Gradient Boosting Classifier,1,1,0.9960856138670998
01_knn,Distancia,Gradient Boosting Classifier,0,0,0.053014453057634005
01_knn,Distancia,Gradient Boosting Classifier,1,1,0.9975328677496427
01_knn,Distancia,Gradient Boosting Classifier,1,0,0.12766748512262865
01_knn,Distancia,Gradient Boosting Classifier,1,0,0.2321125847489842
01_knn,Distancia,Gradient Boosting Classifier,0,0,0.007299449119520456
01_knn,Distancia,Gradient Boosting Classifier,1,1,0.9987124722841746
01_knn,Distancia,Gradient Boosting Classifier,0,0,0.005807217708821445
01_knn,Distancia,Gradient Boosting Classifier,1,1,0.9941029465105495
01_knn,Distancia,Gradient Boosting Classifier,0,0,0.005228965914287321
01_knn,Distancia,Gradient Boosting Classifier,0,0,0.0022006940119764533
01_knn,Distancia,Gradient Boosting Classifier,0,0,0.017140857407533565
01_knn,Distancia,Gradient Boosting Classifier,0,0,0.003811863721317084
01_knn,Distancia,Gradient Boosting Classifier,0,0,0.006240503602111477
01_knn,Distancia,Gradient Boosting Classifier,0,0,0.012708475477042925
01_knn,Distancia,Gradient Boosting Classifier,0,0,0.030166171526012763
01_knn,Distancia,Gradient Boosting Classifier,0,0,0.013388454533967366
01_knn,Distancia,Gradient Boosting Classifier,0,0,0.00946988416719095
01_knn,Distancia,Gradient Boosting Classifier,0,0,0.003118283434717443
01_knn,Distancia,Gradient Boosting Classifier,0,0,0.007094788438758007
01_knn,Distancia,Gradient Boosting Classifier,0,0,0.004148492215462111
01_knn,Distancia,Gradient Boosting Classifier,0,0,0.012521834269305756
01_knn,Distancia,Gradient Boosting Classifier,1,1,0.9962343863755506
01_knn,Distancia,Gradient Boosting Classifier,0,0,0.006283458421956046
01_knn,Distancia,Gradient Boosting Classifier,0,0,0.03383075508313
01_knn,Distancia,Gradient Boosting Classifier,1,1,0.995827418561303
01_knn,Distancia,Gradient Boosting Classifier,0,0,0.025395745129642346
01_knn,Distancia,Gradient Boosting Classifier,0,0,0.005201583757623513
01_knn,Distancia,Gradient Boosting Classifier,0,0,0.01941214505328023
01_knn,Distancia,Gradient Boosting Classifier,1,1,0.9888116715259792
01_knn,Distancia,Gradient Boosting Classifier,1,1,0.8208644859313404
01_knn,Distancia,Gradient Boosting Classifier,0,0,0.005538029699926401
01_knn,Distancia,Gradient Boosting Classifier,0,0,0.01791881683769722
01_knn,Distancia,Gradient Boosting Classifier,1,1,0.8155189558634564
01_knn,Distancia,Gradient Boosting Classifier,0,0,0.35456392955742466
01_knn,Distancia,Gradient Boosting Classifier,0,0,0.006620163647855329
01_knn,Distancia,Gradient Boosting Classifier,0,0,0.004683376648360696
01_knn,Distancia,Gradient Boosting Classifier,0,0,0.026704621860011202
01_knn,Distancia,Gradient Boosting Classifier,1,1,0.9944280549284533
01_knn,Distancia,Gradient Boosting Classifier,0,0,0.2545169921582133
01_knn,Distancia,Gradient Boosting Classifier,0,0,0.02708421891963125
01_knn,Distancia,Gradient Boosting Classifier,0,0,0.45085613078687065
01_knn,Distancia,Gradient Boosting Classifier,1,1,0.9950277161524675
01_knn,Distancia,Gradient Boosting Classifier,1,1,0.9944280549284533
01_knn,Distancia,Gradient Boosting Classifier,0,0,0.012480919373521868
01_knn,Distancia,Gradient Boosting Classifier,1,1,0.9875913305435216
01_knn,Distancia,Gradient Boosting Classifier,1,1,0.9595453406992146
01_knn,Distancia,Gradient Boosting Classifier,0,0,0.005510915759398685
01_knn,Distancia,Gradient Boosting Classifier,0,0,0.35456392955742466
01_knn,Distancia,Gradient Boosting Classifier,1,1,0.99551643303522
01_knn,Distancia,Gradient Boosting Classifier,0,0,0.04017389542486736
01_knn,Distancia,Gradient Boosting Classifier,0,0,0.35456392955742466
01_knn,Distancia,Gradient Boosting Classifier,0,0,0.053255485535931166
01_knn,Distancia,Gradient Boosting Classifier,0,0,0.008199077514809689
01_knn,Distancia,Gradient Boosting Classifier,0,0,0.013223485275522315
01_knn,Distancia,Gradient Boosting Classifier,0,0,0.019163383207564954
01_knn,Distancia,Gradient Boosting Classifier,0,0,0.005997666336174363
01_knn,Distancia,Gradient Boosting Classifier,0,0,0.007195777745152856
01_knn,Distancia,Gradient Boosting Classifier,0,0,0.17458191952938015
01_knn,Distancia,Gradient Boosting Classifier,0,0,0.0021504716482263833
01_knn,Distancia,Gradient Boosting Classifier,0,0,0.022970174311522935
01_knn,Distancia,Gradient Boosting Classifier,0,0,0.002203963833865095
01_knn,Distancia,Gradient Boosting Classifier,0,0,0.0058733328716643425
01_knn,Distancia,Gradient Boosting Classifier,1,1,0.9814891236946558
01_knn,Distancia,Gradient Boosting Classifier,0,0,0.042492599072114244
01_knn,Distancia,Gradient Boosting Classifier,1,1,0.9946818099773158
01_knn,Distancia,Gradient Boosting Classifier,0,0,0.005064490621588508
01_knn,Distancia,Gradient Boosting Classifier,0,0,0.012679163679874433
01_knn,Distancia,Gradient Boosting Classifier,0,0,0.005126106228387021
01_knn,Distancia,Gradient Boosting Classifier,0,0,0.0028714771923820316
01_knn,Distancia,Gradient Boosting Classifier,0,0,0.025342334565307836
01_knn,Distancia,Gradient Boosting Classifier,0,0,0.05263424914985243
01_knn,Distancia,Gradient Boosting Classifier,1,1,0.9899834842358051
01_knn,Distancia,Gradient Boosting Classifier,0,0,0.021672849901674396
01_knn,Distancia,Gradient Boosting Classifier,0,0,0.06171517039743412
01_knn,Distancia,Gradient Boosting Classifier,1,1,0.9953187203985756
01_knn,Distancia,Gradient Boosting Classifier,0,0,0.025220080044562783
01_knn,Distancia,Gradient Boosting Classifier,1,1,0.9952413076747009
01_knn,Distancia,Gradient Boosting Classifier,0,0,0.004436375257124393
01_knn,Distancia,Gradient Boosting Classifier,0,0,0.005543699017168797
01_knn,Distancia,Gradient Boosting Classifier,0,0,0.004232916365430577
01_knn,Distancia,Gradient Boosting Classifier,0,0,0.005500700390543302
01_knn,Distancia,Gradient Boosting Classifier,0,1,0.7424782084819672
01_knn,Distancia,Gradient Boosting Classifier,1,1,0.9867058527104765
01_knn,Distancia,Gradient Boosting Classifier,0,0,0.004629307591203105
01_knn,Distancia,Gradient Boosting Classifier,0,0,0.0040347847421532594
01_knn,Distancia,Gradient Boosting Classifier,1,1,0.9933484680341724
01_knn,Distancia,Gradient Boosting Classifier,0,0,0.005126989978124136
01_knn,Distancia,Gradient Boosting Classifier,0,0,0.03881432964504277
01_knn,Distancia,Gradient Boosting Classifier,0,0,0.004043384749454124
01_knn,Distancia,Gradient Boosting Classifier,0,0,0.025249507108419056
01_knn,Distancia,Gradient Boosting Classifier,0,0,0.025475602320839213
01_knn,Distancia,Gradient Boosting Classifier,1,1,0.9956787070486485
01_knn,Distancia,Gradient Boosting Classifier,0,0,0.002735528425430319
01_knn,Distancia,Gradient Boosting Classifier,0,0,0.005839666717396645
01_knn,Distancia,Gradient Boosting Classifier,1,1,0.9943746245814782
01_knn,Distancia,Gradient Boosting Classifier,0,0,0.026827335474985937
01_knn,Distancia,Gradient Boosting Classifier,0,0,0.004490342032511805
01_knn,Distancia,Gradient Boosting Classifier,0,0,0.005500700390543302
01_knn,Distancia,Gradient Boosting Classifier,0,0,0.006108817749546319
01_knn,Distancia,Gradient Boosting Classifier,0,0,0.0027389778640354613
01_knn,Distancia,Gradient Boosting Classifier,0,0,0.009559361734944167
01_knn,Distancia,Gradient Boosting Classifier,1,1,0.9952413076747009
01_knn,Distancia,Gradient Boosting Classifier,0,0,0.005501303071419311
01_knn,Distancia,Gradient Boosting Classifier,0,0,0.03207632812435116
01_knn,Distancia,Gradient Boosting Classifier,0,0,0.06863110627223887
01_knn,Distancia,Gradient Boosting Classifier,0,0,0.007895338136182137
01_knn,Distancia,Gradient Boosting Classifier,0,0,0.003123253319602079
01_knn,Distancia,Gradient Boosting Classifier,1,1,0.9854406469450449
01_knn,Distancia,Gradient Boosting Classifier,1,1,0.9947674883578774
01_knn,Distancia,Gradient Boosting Classifier,1,1,0.9949192303105027
01_knn,Distancia,Gradient Boosting Classifier,0,0,0.004618152319571332
01_knn,Distancia,Gradient Boosting Classifier,0,0,0.006788867742979697
01_knn,Distancia,Gradient Boosting Classifier,1,1,0.9956065293769243
01_knn,Distancia,Gradient Boosting Classifier,0,0,0.011562530099165956
01_knn,Distancia,Gradient Boosting Classifier,0,0,0.0604593333804001
01_knn,Distancia,Gradient Boosting Classifier,0,0,0.0030988988146887016
01_knn,Distancia,Gradient Boosting Classifier,0,0,0.005274568060501125
01_knn,Distancia,Gradient Boosting Classifier,0,0,0.004795338298270536
01_knn,Distancia,Gradient Boosting Classifier,0,0,0.026280922528995408
01_knn,Distancia,Gradient Boosting Classifier,0,0,0.002528875403879453
01_knn,Distancia,Gradient Boosting Classifier,1,1,0.9969573602220726
01_knn,Distancia,Gradient Boosting Classifier,0,0,0.004344219243627136
01_knn,Distancia,Gradient Boosting Classifier,0,0,0.0046084611306139115
01_knn,Distancia,Gradient Boosting Classifier,0,0,0.004059881453380199
01_knn,Distancia,Gradient Boosting Classifier,0,0,0.02317312030610124
01_knn,Distancia,Gradient Boosting Classifier,1,1,0.9951630764127636
01_knn,Distancia,Gradient Boosting Classifier,1,1,0.9848471721299435
01_knn,Distancia,Gradient Boosting Classifier,0,0,0.0074349917513202406
01_knn,Distancia,Gradient Boosting Classifier,1,1,0.9980289864924788
01_knn,Distancia,Gradient Boosting Classifier,0,0,0.018991847567227924
01_knn,Distancia,Gradient Boosting Classifier,0,0,0.0046967114504470435
01_knn,Distancia,Gradient Boosting Classifier,0,0,0.06593356276646928
01_knn,Distancia,Gradient Boosting Classifier,0,0,0.005252582019124731
01_knn,Distancia,Gradient Boosting Classifier,0,0,0.004706812890560691
01_knn,Distancia,Gradient Boosting Classifier,0,0,0.009340980624917533
01_knn,Distancia,Gradient Boosting Classifier,1,1,0.997403045517225
01_knn,Distancia,Gradient Boosting Classifier,0,0,0.2402586278873607
01_knn,Distancia,Gradient Boosting Classifier,0,0,0.14225168018372503
01_knn,Distancia,Gradient Boosting Classifier,0,0,0.06091421456961919
01_knn,Distancia,Gradient Boosting Classifier,1,1,0.9956139567411669
01_knn,Distancia,Gradient Boosting Classifier,0,0,0.005433878987781864
01_knn,Distancia,Gradient Boosting Classifier,0,1,0.6089779993340051
01_knn,Distancia,Gradient Boosting Classifier,0,0,0.0035966572967014716
01_knn,Distancia,Gradient Boosting Classifier,0,0,0.008363922502995811
01_knn,Distancia,Gradient Boosting Classifier,1,1,0.9956170715379958
01_knn,Distancia,Gradient Boosting Classifier,0,0,0.04744127038588854
01_knn,Distancia,Gradient Boosting Classifier,1,1,0.995117951383238
01_knn,Distancia,Gradient Boosting Classifier,1,1,0.9960636701549161
01_knn,Distancia,Gradient Boosting Classifier,0,0,0.00831532804905332
01_knn,Distancia,Gradient Boosting Classifier,0,0,0.0059378631972696145
01_knn,Distancia,Gradient Boosting Classifier,0,0,0.006108817749546319
01_knn,Distancia,Gradient Boosting Classifier,0,0,0.006108817749546319
01_knn,Distancia,Gradient Boosting Classifier,0,0,0.014080514741623204
01_knn,Distancia,Gradient Boosting Classifier,0,0,0.007094788438758007
01_knn,Distancia,Gradient Boosting Classifier,1,1,0.9610137979258045
01_knn,Distancia,Gradient Boosting Classifier,0,0,0.008561590637622704
01_knn,Distancia,Gradient Boosting Classifier,0,0,0.011721798901924497
01_knn,Distancia,Gradient Boosting Classifier,0,0,0.005453141426141069
01_knn,Distancia,Gradient Boosting Classifier,0,0,0.038729038432318126
01_knn,Distancia,Gradient Boosting Classifier,0,0,0.004226253495796891
01_knn,Distancia,Gradient Boosting Classifier,0,0,0.027009804567277213
01_knn,Distancia,Gradient Boosting Classifier,0,0,0.0066182784121180845
01_knn,Distancia,Gradient Boosting Classifier,0,0,0.004590845619583963
01_knn,Distancia,Gradient Boosting Classifier,0,0,0.005593274805003053
01_knn,Distancia,Gradient Boosting Classifier,0,0,0.007094788438758007
01_knn,Distancia,Gradient Boosting Classifier,1,1,0.9973790602070612
01_knn,Distancia,Gradient Boosting Classifier,0,0,0.0039319082467588464
01_knn,Distancia,Gradient Boosting Classifier,0,0,0.024531102783119495
01_knn,Distancia,Gradient Boosting Classifier,0,0,0.03871020586267822
01_knn,Distancia,Gradient Boosting Classifier,0,0,0.008190824952260155
01_knn,Distancia,Gradient Boosting Classifier,0,0,0.0033359845603601825
01_knn,Distancia,Gradient Boosting Classifier,0,0,0.006402929576179736
01_knn,Distancia,Gradient Boosting Classifier,0,0,0.009586123548560406
01_knn,Distancia,Gradient Boosting Classifier,0,0,0.004344538052589393
01_knn,Distancia,Gradient Boosting Classifier,0,0,0.04585195269200674
01_knn,Distancia,Gradient Boosting Classifier,1,1,0.9962418151235403
01_knn,Distancia,Gradient Boosting Classifier,0,0,0.0019635250690443326
01_knn,Distancia,Gradient Boosting Classifier,1,1,0.9949324543616007
01_knn,Distancia,Gradient Boosting Classifier,1,1,0.9963089633813395
01_knn,Distancia,Gradient Boosting Classifier,0,0,0.02729165006566384
01_knn,Distancia,Gradient Boosting Classifier,0,0,0.01320501691831236
01_knn,Distancia,Gradient Boosting Classifier,0,0,0.005895130419792709
01_knn,Distancia,Gradient Boosting Classifier,0,0,0.015185296067071334
01_knn,Distancia,Gradient Boosting Classifier,0,0,0.00968737076175541
01_knn,Distancia,Gradient Boosting Classifier,0,0,0.0033899417664667144
01_knn,Distancia,Gradient Boosting Classifier,1,1,0.9981012554461349
01_knn,Distancia,Gradient Boosting Classifier,0,0,0.0016903328929254407
01_knn,Distancia,Gradient Boosting Classifier,0,0,0.02375865334960596
01_knn,Distancia,Gradient Boosting Classifier,0,0,0.005807217708821445
01_knn,Distancia,Gradient Boosting Classifier,1,1,0.9760574777461369
01_knn,Distancia,Gradient Boosting Classifier,0,0,0.03954718773477135
01_knn,Distancia,Gradient Boosting Classifier,0,0,0.03604582138107822
01_knn,Distancia,Gradient Boosting Classifier,0,0,0.015284512223568612
01_knn,Distancia,Gradient Boosting Classifier,0,0,0.00560213951196986
01_knn,Distancia,Gradient Boosting Classifier,0,0,0.00362298213880091
01_knn,Distancia,Gradient Boosting Classifier,0,0,0.005173162613316683
01_knn,Distancia,Gradient Boosting Classifier,0,0,0.0042480745464346025
01_knn,Distancia,Gradient Boosting Classifier,0,0,0.0030447780944586026
01_knn,Distancia,Gradient Boosting Classifier,0,0,0.002917251571298183
01_knn,Distancia,Gradient Boosting Classifier,0,0,0.011909715239319264
01_knn,Distancia,Gradient Boosting Classifier,0,0,0.0430939978813067
01_knn,Distancia,Gradient Boosting Classifier,0,0,0.005720028273444899
01_knn,Distancia,Gradient Boosting Classifier,0,0,0.008147778051124674
01_knn,Distancia,Gradient Boosting Classifier,0,0,0.010204117576520491
01_knn,Distancia,Gradient Boosting Classifier,0,0,0.021672849901674396
01_knn,Distancia,Gradient Boosting Classifier,0,0,0.02670334698636752
01_knn,Distancia,Gradient Boosting Classifier,0,0,0.011960582522971594
01_knn,Distancia,Gradient Boosting Classifier,0,0,0.30391091805815496
01_knn,Distancia,Gradient Boosting Classifier,0,0,0.012315243663737718
01_knn,Distancia,Gradient Boosting Classifier,0,0,0.0017033583424004687
01_knn,Distancia,Gradient Boosting Classifier,0,0,0.006155427404043204
01_knn,Distancia,Gradient Boosting Classifier,0,0,0.04598287786513597
01_knn,Distancia,Gradient Boosting Classifier,0,0,0.08244533603955706
01_knn,Distancia,Gradient Boosting Classifier,1,1,0.9943746245814782
01_knn,Distancia,Gradient Boosting Classifier,1,1,0.996538849986984
01_knn,Distancia,Gradient Boosting Classifier,0,0,0.0027324266884955406
01_knn,Distancia,Gradient Boosting Classifier,0,0,0.018484912492235727
01_knn,Distancia,Gradient Boosting Classifier,0,0,0.0035255198249805808
01_knn,Distancia,Gradient Boosting Classifier,0,0,0.006932171482659672
01_knn,Distancia,Gradient Boosting Classifier,1,1,0.9944280549284533
01_knn,Distancia,Gradient Boosting Classifier,0,0,0.0054375182449241805
01_knn,Distancia,Gradient Boosting Classifier,0,0,0.003266872361862975
01_knn,Distancia,Gradient Boosting Classifier,0,0,0.042328354101921414
01_knn,Distancia,Gradient Boosting Classifier,0,0,0.3334267932686095
01_knn,Distancia,Gradient Boosting Classifier,0,0,0.01450706994942411
01_knn,Distancia,Gradient Boosting Classifier,0,0,0.004259173879623168
01_knn,Distancia,Gradient Boosting Classifier,1,1,0.9317897197013518
01_knn,Distancia,Gradient Boosting Classifier,0,0,0.008851892836330987
01_knn,Distancia,Gradient Boosting Classifier,0,0,0.0034817222562916837
01_knn,Distancia,Gradient Boosting Classifier,0,0,0.010528065857068687
01_knn,Distancia,Gradient Boosting Classifier,1,1,0.736492245814242
01_knn,Distancia,Gradient Boosting Classifier,0,0,0.05093076286166705
01_knn,Distancia,Gradient Boosting Classifier,0,0,0.03432470347070152
01_knn,Distancia,Gradient Boosting Classifier,0,0,0.0034744118168336825
01_knn,Distancia,Gradient Boosting Classifier,0,0,0.003997579008813992
01_knn,Distancia,Gradient Boosting Classifier,0,0,0.053057609020464004
01_knn,Distancia,Gradient Boosting Classifier,1,1,0.9922396286352213
01_knn,Distancia,Gradient Boosting Classifier,1,1,0.9898734609471275
01_knn,Distancia,Gradient Boosting Classifier,0,0,0.01711266964658031
01_knn,Distancia,Gradient Boosting Classifier,1,1,0.9949027568032085
01_knn,Distancia,Gradient Boosting Classifier,0,0,0.06493135669115403
01_knn,Distancia,Gradient Boosting Classifier,0,0,0.0053930811354016275
01_knn,Distancia,Gradient Boosting Classifier,0,0,0.012788680851833475
01_knn,Distancia,Gradient Boosting Classifier,0,0,0.0034410283854954377
01_knn,Distancia,Gradient Boosting Classifier,0,0,0.0037243326615860497
01_knn,Distancia,Gradient Boosting Classifier,0,0,0.005331096024448067
01_knn,Distancia,Gradient Boosting Classifier,0,0,0.012298007861039809
01_knn,Distancia,Gradient Boosting Classifier,1,1,0.9897145193195614
01_knn,Distancia,Gradient Boosting Classifier,0,0,0.00430093876589543
01_knn,Distancia,Gradient Boosting Classifier,0,0,0.004264965414871255
01_knn,Distancia,Gradient Boosting Classifier,0,0,0.0026618258333231185
01_knn,Distancia,Gradient Boosting Classifier,0,0,0.005827852101629334
01_knn,Distancia,Gradient Boosting Classifier,0,0,0.027587887850003524
01_knn,Distancia,Gradient Boosting Classifier,0,0,0.034725892577198804
01_knn,Distancia,Gradient Boosting Classifier,0,0,0.0024895374525631614
01_knn,Distancia,Gradient Boosting Classifier,0,0,0.006080164645280715
01_knn,Distancia,Gradient Boosting Classifier,0,0,0.016501708303359917
01_knn,Distancia,Gradient Boosting Classifier,0,0,0.035630818121450254
01_knn,Distancia,Gradient Boosting Classifier,0,0,0.007333110921950067
01_knn,Distancia,Gradient Boosting Classifier,0,0,0.005331096024448067
01_knn,Distancia,Gradient Boosting Classifier,0,0,0.005948110170803693
01_knn,Distancia,Gradient Boosting Classifier,1,1,0.9973691392769021
01_knn,Distancia,Gradient Boosting Classifier,1,0,0.24990486340997373
01_knn,Distancia,Gradient Boosting Classifier,0,0,0.0034866141424484145
01_knn,Distancia,Gradient Boosting Classifier,1,1,0.9942260891153945
01_knn,Distancia,Gradient Boosting Classifier,0,0,0.0046967114504470435
01_knn,Distancia,Gradient Boosting Classifier,0,0,0.004689127813319468
01_knn,Distancia,Gradient Boosting Classifier,0,0,0.0060009129909421935
01_knn,Distancia,Gradient Boosting Classifier,0,0,0.005807217708821445
01_knn,Distancia,Gradient Boosting Classifier,0,0,0.003099114457215175
01_knn,Distancia,Gradient Boosting Classifier,0,0,0.03314596936573075
01_knn,Distancia,Gradient Boosting Classifier,1,1,0.9958913035969179
01_knn,Distancia,Gradient Boosting Classifier,0,0,0.008348491257323228
01_knn,Distancia,Gradient Boosting Classifier,0,0,0.0037883737317707185
01_knn,Distancia,Gradient Boosting Classifier,1,1,0.9977291550977659
01_knn,Distancia,Gradient Boosting Classifier,1,1,0.9808241847152163
01_knn,Distancia,Gradient Boosting Classifier,0,0,0.004059881453380199
01_knn,Distancia,Gradient Boosting Classifier,0,0,0.008942690363682932
01_knn,Distancia,Gradient Boosting Classifier,1,1,0.9966538324509243
01_knn,Distancia,Gradient Boosting Classifier,1,1,0.9940822089863276
01_knn,Distancia,Gradient Boosting Classifier,1,1,0.9884330188661969
01_knn,Distancia,Gradient Boosting Classifier,0,0,0.003964885318605903
01_knn,Distancia,Gradient Boosting Classifier,0,0,0.005978776281844574
01_knn,Distancia,Gradient Boosting Classifier,0,0,0.002366401073236395
01_knn,Distancia,Gradient Boosting Classifier,0,0,0.016425354433303303
01_knn,Distancia,Gradient Boosting Classifier,0,1,0.9453389216843914
01_knn,Distancia,Gradient Boosting Classifier,0,0,0.006744840128479382
01_knn,Distancia,Gradient Boosting Classifier,0,0,0.011748519670415706
01_knn,Distancia,Gradient Boosting Classifier,1,1,0.7731940863050841
01_knn,Distancia,Gradient Boosting Classifier,0,0,0.007428122351422542
01_knn,Distancia,Gradient Boosting Classifier,0,0,0.007085547880467516
01_knn,Distancia,Gradient Boosting Classifier,1,1,0.9952116161226318
01_knn,Distancia,Gradient Boosting Classifier,0,0,0.004232916365430577
01_knn,Distancia,Gradient Boosting Classifier,0,0,0.005383321576984513
01_knn,Distancia,Gradient Boosting Classifier,0,0,0.008900829353872874
01_knn,Distancia,Gradient Boosting Classifier,1,1,0.9959729945854124
01_knn,Distancia,Gradient Boosting Classifier,0,0,0.005628215909454918
01_knn,Distancia,Gradient Boosting Classifier,1,0,0.24651363369479515
01_knn,Distancia,Gradient Boosting Classifier,0,0,0.020069031820289306
01_knn,Distancia,Gradient Boosting Classifier,0,0,0.0020876278904702204
01_knn,Distancia,Gradient Boosting Classifier,0,0,0.011091765581819008
01_knn,Distancia,Gradient Boosting Classifier,0,0,0.005228965914287321
01_knn,Distancia,Gradient Boosting Classifier,1,1,0.9861927174094477
01_knn,Distancia,Gradient Boosting Classifier,0,0,0.006858382542431107
01_knn,Distancia,Gradient Boosting Classifier,0,0,0.016816320834272917
01_knn,Distancia,Gradient Boosting Classifier,0,0,0.02745856107491214
01_knn,Distancia,Gradient Boosting Classifier,0,0,0.020065066695921528
01_knn,Distancia,Gradient Boosting Classifier,1,1,0.9970624257466139
01_knn,Distancia,Gradient Boosting Classifier,1,1,0.9952329431470778
01_knn,Distancia,Gradient Boosting Classifier,0,0,0.018739136337498456
01_knn,Distancia,Gradient Boosting Classifier,1,1,0.9978705262532207
01_knn,Distancia,Gradient Boosting Classifier,0,0,0.004014078408823548
01_knn,Distancia,Gradient Boosting Classifier,0,0,0.005258972477887634
01_knn,Distancia,Gradient Boosting Classifier,1,1,0.9894868372881623
01_knn,Distancia,Gradient Boosting Classifier,0,0,0.004343368852439041
01_knn,Distancia,Gradient Boosting Classifier,0,0,0.005627083328443104
01_knn,Distancia,Gradient Boosting Classifier,0,0,0.011948579642712983
01_knn,Distancia,Gradient Boosting Classifier,1,1,0.9947683182838811
01_knn,Distancia,Gradient Boosting Classifier,0,0,0.03732075244520691
01_knn,Distancia,Gradient Boosting Classifier,0,0,0.02303027880134379
01_knn,Distancia,Gradient Boosting Classifier,0,0,0.00802773235954305
01_knn,Distancia,Gradient Boosting Classifier,0,0,0.0039262945058509725
01_knn,Distancia,Gradient Boosting Classifier,0,0,0.00374858810158044
01_knn,Distancia,Gradient Boosting Classifier,1,1,0.9966760038117873
01_knn,Distancia,Gradient Boosting Classifier,0,0,0.005490313923298976
01_knn,Distancia,Gradient Boosting Classifier,0,0,0.0021936618683200608
01_knn,Distancia,Gradient Boosting Classifier,0,0,0.008218596868245146
01_knn,Distancia,Gradient Boosting Classifier,0,0,0.003949583076994808
01_knn,Distancia,Gradient Boosting Classifier,0,0,0.004524363884100365
01_knn,Distancia,Gradient Boosting Classifier,0,0,0.0038450929895277796
01_knn,Distancia,Gradient Boosting Classifier,0,0,0.00923509191182938
01_knn,Distancia,Gradient Boosting Classifier,0,0,0.010053559198958355
01_knn,Distancia,Gradient Boosting Classifier,0,0,0.05540988605343615
01_knn,Distancia,Gradient Boosting Classifier,1,1,0.9884444869500273
01_knn,Distancia,Gradient Boosting Classifier,0,0,0.0368028405036119
01_knn,Distancia,Gradient Boosting Classifier,0,0,0.0032995173840084323
01_knn,Distancia,Gradient Boosting Classifier,0,0,0.003225864849620365
01_knn,Distancia,Gradient Boosting Classifier,0,0,0.007735420076651124
01_knn,Distancia,Gradient Boosting Classifier,0,0,0.007610682757336977
01_knn,Distancia,Gradient Boosting Classifier,1,1,0.9498422658851017
01_knn,Distancia,Gradient Boosting Classifier,1,1,0.9951346600469544
01_knn,Distancia,Gradient Boosting Classifier,0,0,0.004715814332055812
01_knn,Distancia,Gradient Boosting Classifier,1,1,0.9963560912966967
01_knn,Distancia,Gradient Boosting Classifier,0,0,0.004365690304939815
01_knn,Distancia,Gradient Boosting Classifier,0,0,0.002612344961513321
01_knn,Distancia,Gradient Boosting Classifier,1,1,0.9967882026906897
01_knn,Distancia,Gradient Boosting Classifier,0,0,0.018062473180194417
01_knn,Distancia,Gradient Boosting Classifier,1,1,0.9974909747957111
01_knn,Distancia,Gradient Boosting Classifier,1,1,0.9935233536964846
01_knn,Distancia,Gradient Boosting Classifier,0,0,0.030480593951138803
01_knn,Distancia,Gradient Boosting Classifier,0,0,0.017902566956824458
01_knn,Distancia,Gradient Boosting Classifier,0,0,0.030486634668044826
01_knn,Distancia,Gradient Boosting Classifier,0,0,0.0039116553679253135
01_knn,Distancia,Gradient Boosting Classifier,0,0,0.0045300323982930815
01_knn,Distancia,Gradient Boosting Classifier,0,0,0.0034433294202189137
01_knn,Distancia,Gradient Boosting Classifier,0,0,0.015350677916798667
01_knn,Distancia,Gradient Boosting Classifier,0,0,0.11034690593906026
01_knn,Distancia,Gradient Boosting Classifier,1,1,0.9959729945854124
01_knn,Distancia,Gradient Boosting Classifier,0,0,0.0031138509657180733
01_knn,Distancia,Gradient Boosting Classifier,0,0,0.0017543427263666278
01_knn,Distancia,Gradient Boosting Classifier,0,0,0.018848502050645
01_knn,Distancia,Gradient Boosting Classifier,0,0,0.022708185439421633
01_knn,Distancia,Gradient Boosting Classifier,0,0,0.010961759826618542
01_knn,Distancia,Gradient Boosting Classifier,1,1,0.9980411778080173
01_knn,Distancia,Gradient Boosting Classifier,0,0,0.018383355768087205
01_knn,Distancia,Gradient Boosting Classifier,0,0,0.012911837981751627
01_knn,Distancia,Gradient Boosting Classifier,0,0,0.010573017203622663
01_knn,Distancia,Gradient Boosting Classifier,0,0,0.043127476789741354
01_knn,Distancia,Gradient Boosting Classifier,0,0,0.0033075336480162896
01_knn,Distancia,Gradient Boosting Classifier,0,0,0.0026886468054982903
01_knn,Distancia,Gradient Boosting Classifier,1,1,0.985249113550928
01_knn,Distancia,Gradient Boosting Classifier,0,0,0.05228196210778299
01_knn,Distancia,Gradient Boosting Classifier,1,1,0.997483147926248
01_knn,Distancia,Gradient Boosting Classifier,1,1,0.9948428924449016
01_knn,Distancia,Gradient Boosting Classifier,1,1,0.9949262758844684
01_knn,Distancia,Gradient Boosting Classifier,1,1,0.9962186707893528
01_knn,Distancia,Gradient Boosting Classifier,0,0,0.00852123722024001
01_knn,Distancia,Gradient Boosting Classifier,1,1,0.9879553620419449
01_knn,Distancia,Gradient Boosting Classifier,1,1,0.9964086573745777
01_knn,Distancia,Gradient Boosting Classifier,0,0,0.007785857437910298
01_knn,Distancia,Gradient Boosting Classifier,0,0,0.00506820089849304
01_knn,Distancia,Gradient Boosting Classifier,0,0,0.006876373036783153
01_knn,Distancia,Gradient Boosting Classifier,0,0,0.007066980816548267
01_knn,Distancia,Gradient Boosting Classifier,1,1,0.9865732160536632
01_knn,Distancia,Gradient Boosting Classifier,0,0,0.016063987573157853
01_knn,Distancia,Gradient Boosting Classifier,0,0,0.0030894847806808836
01_knn,Distancia,Gradient Boosting Classifier,0,0,0.011584065650864084
01_knn,Distancia,Gradient Boosting Classifier,0,0,0.0040149473438969826
01_knn,Distancia,Gradient Boosting Classifier,0,0,0.0060346538856318665
01_knn,Distancia,Gradient Boosting Classifier,0,0,0.0054219438308910585
01_knn,Distancia,Gradient Boosting Classifier,1,1,0.9980009959311139
01_knn,Distancia,Gradient Boosting Classifier,0,0,0.04586531864413719
01_knn,Distancia,Gradient Boosting Classifier,1,1,0.9952754784820254
01_knn,Distancia,Gradient Boosting Classifier,0,0,0.006069178042219621
01_knn,Distancia,Gradient Boosting Classifier,0,0,0.005154749176907079
01_knn,Distancia,Gradient Boosting Classifier,0,0,0.011521465919106914
01_knn,Distancia,Gradient Boosting Classifier,0,0,0.169795564433684
01_knn,Distancia,Gradient Boosting Classifier,1,1,0.8882980784485899
01_knn,Distancia,Gradient Boosting Classifier,0,0,0.004095782609994674
01_knn,Distancia,Gradient Boosting Classifier,0,0,0.0035088474115797844
01_knn,Distancia,Gradient Boosting Classifier,1,1,0.9950965285813523
01_knn,Distancia,Gradient Boosting Classifier,1,1,0.9958417601672725
01_knn,Distancia,Gradient Boosting Classifier,0,0,0.002008834309495315
01_knn,Distancia,Gradient Boosting Classifier,0,0,0.005466263569077093
01_knn,Distancia,Gradient Boosting Classifier,1,1,0.9537639700800028
01_knn,Distancia,Gradient Boosting Classifier,0,0,0.01856134615336659
01_knn,Distancia,Gradient Boosting Classifier,0,0,0.005488743924717589
01_knn,Distancia,Gradient Boosting Classifier,0,0,0.037071948137472895
01_knn,Distancia,Gradient Boosting Classifier,0,0,0.019903697299555878
01_knn,Distancia,Gradient Boosting Classifier,1,1,0.918582236290991
01_knn,Distancia,Gradient Boosting Classifier,0,0,0.02121644269027072
01_knn,Distancia,Gradient Boosting Classifier,0,0,0.02744236889139685
01_knn,Distancia,Gradient Boosting Classifier,0,0,0.017537335592964328
01_knn,Distancia,Gradient Boosting Classifier,0,0,0.02021414239670079
01_knn,Distancia,Gradient Boosting Classifier,0,0,0.0054375182449241805
01_knn,Distancia,Gradient Boosting Classifier,0,0,0.004460763365455989
01_knn,Distancia,Gradient Boosting Classifier,1,1,0.5245064516144764
01_knn,Distancia,Gradient Boosting Classifier,0,0,0.003577927486483323
01_knn,Distancia,Gradient Boosting Classifier,0,0,0.0038962698299380726
01_knn,Distancia,Gradient Boosting Classifier,1,1,0.9879329411737966
01_knn,Distancia,Gradient Boosting Classifier,1,1,0.9489239365362349
01_knn,Distancia,Gradient Boosting Classifier,0,0,0.031415475223935674
01_knn,Distancia,Gradient Boosting Classifier,0,0,0.002229733642340243
01_knn,Distancia,Gradient Boosting Classifier,1,1,0.9961181130737856
01_knn,Distancia,Gradient Boosting Classifier,0,0,0.00424606760643163
01_knn,Distancia,Gradient Boosting Classifier,1,1,0.985249113550928
01_knn,Distancia,Gradient Boosting Classifier,0,0,0.014388558602010345
01_knn,Distancia,Gradient Boosting Classifier,1,1,0.9823981741580236
01_knn,Distancia,Gradient Boosting Classifier,0,0,0.004382356705756545
01_knn,Distancia,Gradient Boosting Classifier,0,0,0.06624509845040778
01_knn,Distancia,Gradient Boosting Classifier,0,0,0.009456459380902277
01_knn,Distancia,Gradient Boosting Classifier,1,1,0.9966538324509243
01_knn,Distancia,Gradient Boosting Classifier,0,0,0.004552340094917515
01_knn,Distancia,Gradient Boosting Classifier,0,0,0.004984321269817307
01_knn,Distancia,Gradient Boosting Classifier,1,1,0.8718017988655671
01_knn,Distancia,Gradient Boosting Classifier,0,0,0.011553193805130764
01_knn,Distancia,Gradient Boosting Classifier,0,0,0.007544726120116985
01_knn,Distancia,Gradient Boosting Classifier,0,0,0.010137600265600158
01_knn,Distancia,Gradient Boosting Classifier,0,0,0.004842423628978781
01_knn,Distancia,Gradient Boosting Classifier,1,1,0.9975159721649522
01_knn,Distancia,Gradient Boosting Classifier,1,1,0.9219230087217172
01_knn,Distancia,Gradient Boosting Classifier,0,0,0.027374859062808187
01_knn,Distancia,Gradient Boosting Classifier,0,0,0.047390218293011356
01_knn,Distancia,Gradient Boosting Classifier,0,0,0.005030514041274735
01_knn,Distancia,Gradient Boosting Classifier,0,0,0.012739949906282183
01_knn,Distancia,Gradient Boosting Classifier,0,0,0.006226501241882315
01_knn,Distancia,Gradient Boosting Classifier,0,0,0.09628726774355159
01_knn,Distancia,Gradient Boosting Classifier,1,1,0.9962932772369859
01_knn,Distancia,Gradient Boosting Classifier,1,1,0.9960561158353841
01_knn,Distancia,Gradient Boosting Classifier,1,1,0.9708490212374167
01_knn,Distancia,Gradient Boosting Classifier,0,0,0.043777138340195
01_knn,Distancia,Gradient Boosting Classifier,0,0,0.021151688720765466
01_knn,Distancia,Gradient Boosting Classifier,1,1,0.993418505589753
01_knn,Distancia,Gradient Boosting Classifier,0,0,0.00403941980223356
01_knn,Distancia,Gradient Boosting Classifier,0,0,0.015738776861745456
01_knn,Distancia,Gradient Boosting Classifier,0,0,0.0038865891639385556
01_knn,Distancia,Gradient Boosting Classifier,0,0,0.0037293720687702485
01_knn,Distancia,Gradient Boosting Classifier,1,1,0.9969573602220726
01_knn,Distancia,Gradient Boosting Classifier,0,0,0.005147502474240741
01_knn,Distancia,Gradient Boosting Classifier,0,0,0.0038419141308828337
01_knn,Distancia,Gradient Boosting Classifier,1,1,0.9966538324509243
01_knn,Distancia,Gradient Boosting Classifier,0,0,0.003634835154631251
01_knn,Distancia,Gradient Boosting Classifier,0,0,0.005074042667459476
01_knn,Distancia,Gradient Boosting Classifier,0,0,0.014960768495469576
01_knn,Distancia,Gradient Boosting Classifier,0,0,0.03381979186665959
01_knn,Distancia,Gradient Boosting Classifier,1,1,0.9973735768850442
01_knn,Distancia,Gradient Boosting Classifier,0,0,0.0176504437205747
01_knn,Distancia,Gradient Boosting Classifier,0,0,0.007233062041902175
01_knn,Distancia,Gradient Boosting Classifier,0,0,0.02744236889139685
01_knn,Distancia,Gradient Boosting Classifier,0,0,0.006126788764015086
01_knn,Distancia,Gradient Boosting Classifier,0,0,0.020018962219513794
01_knn,Distancia,Gradient Boosting Classifier,0,0,0.05537119792671322
01_knn,Distancia,Gradient Boosting Classifier,0,0,0.0048773527865754755
01_knn,Distancia,Gradient Boosting Classifier,0,0,0.013406508358383674
01_knn,Distancia,Gradient Boosting Classifier,0,0,0.013647297856507232
01_knn,Distancia,Gradient Boosting Classifier,1,1,0.9970541442737986
01_knn,Distancia,Gradient Boosting Classifier,0,0,0.004494979490235677
01_knn,Distancia,Gradient Boosting Classifier,1,1,0.9959602277127333
01_knn,Distancia,Gradient Boosting Classifier,0,0,0.004869329544962753
01_knn,Distancia,Gradient Boosting Classifier,0,0,0.004855402556047542
01_knn,Distancia,Gradient Boosting Classifier,1,1,0.9921999675396735
01_knn,Distancia,Gradient Boosting Classifier,1,1,0.8808294067824092
01_knn,Distancia,Gradient Boosting Classifier,1,1,0.9961877861213967
01_knn,Distancia,Gradient Boosting Classifier,0,0,0.003954854964059626
01_knn,Distancia,Gradient Boosting Classifier,0,1,0.7374981428710107
01_knn,Distancia,Gradient Boosting Classifier,0,0,0.02771904608615807
01_knn,Distancia,Gradient Boosting Classifier,0,0,0.005248989367700314
01_knn,Distancia,Gradient Boosting Classifier,0,0,0.022172251637549056
01_knn,Distancia,Gradient Boosting Classifier,0,0,0.019109350329536045
01_knn,Distancia,Gradient Boosting Classifier,0,0,0.022231541601335357
01_knn,Distancia,Gradient Boosting Classifier,0,0,0.005807217708821445
01_knn,Distancia,Gradient Boosting Classifier,0,0,0.00257880185446237
01_knn,Distancia,Gradient Boosting Classifier,0,0,0.0036613444308703875
01_knn,Distancia,Gradient Boosting Classifier,0,0,0.0012540062015234021
01_knn,Distancia,Gradient Boosting Classifier,0,0,0.0064749940661758
01_knn,Distancia,Gradient Boosting Classifier,0,0,0.0032840289599085073
01_knn,Distancia,Gradient Boosting Classifier,1,1,0.8590758195874693
01_knn,Distancia,Gradient Boosting Classifier,1,1,0.9940052015184554
01_knn,Distancia,Gradient Boosting Classifier,0,0,0.008879137180615646
01_knn,Distancia,Gradient Boosting Classifier,0,0,0.009381800933992693
01_knn,Distancia,Gradient Boosting Classifier,0,0,0.35456392955742466
01_knn,Distancia,Gradient Boosting Classifier,0,0,0.0035786432484199984
01_knn,Distancia,Gradient Boosting Classifier,0,0,0.008764311249406851
01_knn,Distancia,Gradient Boosting Classifier,1,1,0.994853066592709
01_knn,Distancia,Gradient Boosting Classifier,1,1,0.9958417601672725
01_knn,Distancia,Gradient Boosting Classifier,0,0,0.006705996245206092
01_knn,Distancia,Gradient Boosting Classifier,0,0,0.024305150389056118
01_knn,Distancia,Gradient Boosting Classifier,0,0,0.28849797018769574
01_knn,Distancia,Gradient Boosting Classifier,1,1,0.9949324543616007
01_knn,Distancia,Gradient Boosting Classifier,1,1,0.9975906605056798
01_knn,Distancia,Gradient Boosting Classifier,0,0,0.006018691485513862
01_knn,Distancia,Gradient Boosting Classifier,0,0,0.0663807868566005
01_knn,Distancia,Gradient Boosting Classifier,1,1,0.7413647327083126
01_knn,Distancia,Gradient Boosting Classifier,0,0,0.0034433294202189137
01_knn,Distancia,Gradient Boosting Classifier,0,0,0.006642470345886161
01_knn,Distancia,Gradient Boosting Classifier,0,0,0.005067697305776901
01_knn,Distancia,Gradient Boosting Classifier,0,0,0.00682344228227084
01_knn,Distancia,Gradient Boosting Classifier,0,0,0.005720028273444899
01_knn,Distancia,Gradient Boosting Classifier,0,0,0.015848270825021195
01_knn,Distancia,Gradient Boosting Classifier,0,0,0.49106857788980346
01_knn,Distancia,Gradient Boosting Classifier,0,0,0.01684025434252638
01_knn,Distancia,Gradient Boosting Classifier,0,0,0.005515491034642645
01_knn,Distancia,Gradient Boosting Classifier,0,0,0.011101482159005811
01_knn,Distancia,Gradient Boosting Classifier,1,1,0.9966538324509243
01_knn,Distancia,Gradient Boosting Classifier,1,1,0.9583527173707012
01_knn,Distancia,Gradient Boosting Classifier,0,0,0.010983232991364741
01_knn,Distancia,Gradient Boosting Classifier,1,1,0.98996540362209
01_knn,Distancia,Gradient Boosting Classifier,0,0,0.05461912502849528
01_knn,Distancia,Gradient Boosting Classifier,1,1,0.9975199315150444
01_knn,Distancia,Gradient Boosting Classifier,0,0,0.01110385430977186
01_knn,Distancia,Gradient Boosting Classifier,0,0,0.004351753960764021
01_knn,Distancia,Gradient Boosting Classifier,0,0,0.016131289338934852
01_knn,Distancia,Gradient Boosting Classifier,0,0,0.010028656585544745
01_knn,Distancia,Gradient Boosting Classifier,0,0,0.014371752312222286
01_knn,Distancia,Gradient Boosting Classifier,0,0,0.008854651565145826
01_knn,Distancia,Gradient Boosting Classifier,1,0,0.22458415741942078
01_knn,Distancia,Gradient Boosting Classifier,0,0,0.0035967931391617243
01_knn,Distancia,Gradient Boosting Classifier,0,0,0.011275295206486253
01_knn,Distancia,Gradient Boosting Classifier,0,0,0.0015649768658963874
01_knn,Distancia,Gradient Boosting Classifier,1,1,0.9954078757919524
01_knn,Distancia,Gradient Boosting Classifier,0,0,0.08249773530807827
01_knn,Distancia,Gradient Boosting Classifier,0,0,0.006226501241882315
01_knn,Distancia,Gradient Boosting Classifier,1,1,0.9992321950416996
01_knn,Distancia,Gradient Boosting Classifier,0,0,0.006673655941543467
01_knn,Distancia,Gradient Boosting Classifier,0,0,0.004141957437201168
01_knn,Distancia,Gradient Boosting Classifier,0,0,0.007878089487432006
01_knn,Distancia,Gradient Boosting Classifier,0,0,0.02721727222320302
01_knn,Distancia,Gradient Boosting Classifier,0,0,0.007473964974522269
01_knn,Distancia,Gradient Boosting Classifier,0,0,0.002834608569631157
01_knn,Distancia,Gradient Boosting Classifier,0,0,0.013137517166032588
01_knn,Distancia,Gradient Boosting Classifier,0,0,0.03428656914135759
01_knn,Distancia,Gradient Boosting Classifier,0,0,0.005336583970671519
01_knn,Distancia,Gradient Boosting Classifier,0,0,0.005630547447773688
01_knn,Distancia,Gradient Boosting Classifier,0,0,0.007231327993374598
01_knn,Distancia,Gradient Boosting Classifier,1,1,0.9957360211581867
01_knn,Distancia,Gradient Boosting Classifier,0,0,0.003030084006572635
01_knn,Distancia,Gradient Boosting Classifier,1,1,0.9993341865997143
01_knn,Distancia,Gradient Boosting Classifier,0,0,0.0022642830190346295
01_knn,Distancia,Gradient Boosting Classifier,0,0,0.005074042667459476
01_knn,Distancia,Gradient Boosting Classifier,0,0,0.0054528136004993715
01_knn,Distancia,Gradient Boosting Classifier,0,0,0.022953474347625208
01_knn,Distancia,Gradient Boosting Classifier,0,0,0.004302672275139655
01_knn,Distancia,Gradient Boosting Classifier,1,1,0.9950580474136289
01_knn,Distancia,Gradient Boosting Classifier,0,0,0.022794119002520923
01_knn,Distancia,Gradient Boosting Classifier,0,0,0.005908919523759236
01_knn,Distancia,Gradient Boosting Classifier,0,0,0.03670982763985966
01_knn,Distancia,Gradient Boosting Classifier,0,0,0.10662709629774604
01_knn,Distancia,Gradient Boosting Classifier,0,0,0.016664844591936977
01_knn,Distancia,Gradient Boosting Classifier,0,0,0.03964265274310567
01_knn,Distancia,Gradient Boosting Classifier,0,0,0.013768859675319923
01_knn,Distancia,Gradient Boosting Classifier,0,0,0.0036698964434842257
01_knn,Distancia,Gradient Boosting Classifier,0,0,0.0037805655114283815
01_knn,Distancia,Gradient Boosting Classifier,0,0,0.004773598755091698
01_knn,Distancia,Gradient Boosting Classifier,1,1,0.9704862531362873
01_knn,Distancia,Gradient Boosting Classifier,0,0,0.02585679151219822
01_knn,Distancia,Gradient Boosting Classifier,0,0,0.35456392955742466
01_knn,Distancia,Gradient Boosting Classifier,1,1,0.9944280549284533
01_knn,Distancia,Gradient Boosting Classifier,1,1,0.9978950058003396
01_knn,Distancia,Gradient Boosting Classifier,0,0,0.00479493271079199
01_knn,Distancia,Gradient Boosting Classifier,0,0,0.0034702973943514944
01_knn,Distancia,Gradient Boosting Classifier,1,1,0.9502811789165373
01_knn,Distancia,Gradient Boosting Classifier,1,1,0.994877079681121
01_knn,Distancia,Gradient Boosting Classifier,0,0,0.011050199884084599
01_knn,Distancia,Gradient Boosting Classifier,0,0,0.009503449575322183
01_knn,Distancia,Gradient Boosting Classifier,0,0,0.005759775497306311
01_knn,Distancia,Gradient Boosting Classifier,0,0,0.00592057478653317
01_knn,Distancia,Gradient Boosting Classifier,0,0,0.006804107452284753
01_knn,Distancia,Gradient Boosting Classifier,0,0,0.003635243842825184
01_knn,Distancia,Gradient Boosting Classifier,0,0,0.023612319439451735
01_knn,Distancia,Gradient Boosting Classifier,0,0,0.023036156167063806
01_knn,Distancia,Gradient Boosting Classifier,1,1,0.983144964969049
01_knn,Distancia,Gradient Boosting Classifier,0,0,0.005720028273444899
01_knn,Distancia,Gradient Boosting Classifier,0,0,0.017419114129363623
01_knn,Distancia,Gradient Boosting Classifier,0,0,0.0027301704048285575
01_knn,Distancia,Gradient Boosting Classifier,1,1,0.9946430390779452
01_knn,Distancia,Gradient Boosting Classifier,0,0,0.003069019791616644
01_knn,Distancia,Gradient Boosting Classifier,0,0,0.018613694940440413
01_knn,Distancia,Gradient Boosting Classifier,0,0,0.005563673832854131
01_knn,Distancia,Gradient Boosting Classifier,0,0,0.044020305176500865
01_knn,Distancia,Gradient Boosting Classifier,0,0,0.4603246558195433
01_knn,Distancia,Gradient Boosting Classifier,0,0,0.0024388092708202426
01_knn,Distancia,Gradient Boosting Classifier,0,0,0.003991529906189363
01_knn,Distancia,Gradient Boosting Classifier,0,0,0.03493844685955
01_knn,Distancia,Gradient Boosting Classifier,0,0,0.003669558308735382
01_knn,Distancia,Gradient Boosting Classifier,0,0,0.013775760562271637
01_knn,Distancia,Gradient Boosting Classifier,1,1,0.9854947113351376
01_knn,Distancia,Gradient Boosting Classifier,0,0,0.003749093876054375
01_knn,Distancia,Gradient Boosting Classifier,0,0,0.006471981187841656
01_knn,Distancia,Gradient Boosting Classifier,1,1,0.9857790788125239
01_knn,Distancia,Gradient Boosting Classifier,1,1,0.9922720303782164
01_knn,Distancia,Gradient Boosting Classifier,0,0,0.010034518558769412
01_knn,Distancia,Gradient Boosting Classifier,0,0,0.009382278157475773
01_knn,Distancia,Gradient Boosting Classifier,0,0,0.00993896255117934
01_knn,Distancia,Gradient Boosting Classifier,0,0,0.004123680303999596
01_knn,Distancia,Gradient Boosting Classifier,1,1,0.9910874145484381
01_knn,Distancia,Gradient Boosting Classifier,1,0,0.29768039640909644
01_knn,Distancia,Gradient Boosting Classifier,1,1,0.9949027568032085
01_knn,Distancia,Gradient Boosting Classifier,0,0,0.003534291109279036
01_knn,Distancia,Gradient Boosting Classifier,1,0,0.3638578770652728
01_knn,Distancia,Gradient Boosting Classifier,0,0,0.005807217708821445
01_knn,Distancia,Gradient Boosting Classifier,0,0,0.004024476979637324
01_knn,Distancia,Gradient Boosting Classifier,1,1,0.9852332163787187
01_knn,Distancia,Gradient Boosting Classifier,1,1,0.9770811939995073
01_knn,Distancia,Gradient Boosting Classifier,1,1,0.9966583490077231
01_knn,Distancia,Gradient Boosting Classifier,0,0,0.00904166918242747
01_knn,Distancia,Gradient Boosting Classifier,1,1,0.9941101216535339
01_knn,Distancia,Gradient Boosting Classifier,1,1,0.9994251848902137
01_knn,Distancia,Gradient Boosting Classifier,1,1,0.9880349992828953
01_knn,Distancia,Gradient Boosting Classifier,1,0,0.02085282714868077
01_knn,Distancia,Gradient Boosting Classifier,0,0,0.005462271291349908
01_knn,Distancia,Gradient Boosting Classifier,0,0,0.0036426949926182776
01_knn,Distancia,Gradient Boosting Classifier,0,0,0.005075426433776325
01_knn,Distancia,Gradient Boosting Classifier,0,0,0.0438450575746671
01_knn,Distancia,Gradient Boosting Classifier,0,0,0.009139164507632351
01_knn,Distancia,Gradient Boosting Classifier,0,0,0.05578390769053192
01_knn,Distancia,Gradient Boosting Classifier,0,0,0.026050709511279916
01_knn,Distancia,Gradient Boosting Classifier,0,0,0.0052154743065888865
01_knn,Distancia,Gradient Boosting Classifier,1,1,0.8295123836962248
01_knn,Distancia,Gradient Boosting Classifier,0,0,0.011507329705423609
01_knn,Distancia,Gradient Boosting Classifier,0,0,0.001349218621146181
01_knn,Distancia,Gradient Boosting Classifier,0,0,0.03037523309455406
01_knn,Distancia,Gradient Boosting Classifier,0,0,0.016135389224625183
01_knn,Distancia,Gradient Boosting Classifier,0,0,0.020065066695921528
01_knn,Distancia,Gradient Boosting Classifier,0,0,0.010947426553115315
01_knn,Distancia,Gradient Boosting Classifier,0,0,0.006240194751133371
01_knn,Distancia,Gradient Boosting Classifier,0,0,0.004285003343969215
01_knn,Distancia,Gradient Boosting Classifier,0,0,0.006282937895067291
01_knn,Distancia,Gradient Boosting Classifier,0,0,0.008207025017010644
01_knn,Distancia,Gradient Boosting Classifier,0,0,0.016975057399258548
01_knn,Distancia,Gradient Boosting Classifier,0,0,0.0038675825480363247
01_knn,Distancia,Gradient Boosting Classifier,1,1,0.9747506516871709
01_knn,Distancia,Gradient Boosting Classifier,0,0,0.0009852319748946108
01_knn,Distancia,Gradient Boosting Classifier,0,0,0.006762999521734902
01_knn,Distancia,Gradient Boosting Classifier,0,0,0.005625967778147783
01_knn,Distancia,Gradient Boosting Classifier,0,0,0.005807217708821445
01_knn,Distancia,Gradient Boosting Classifier,1,1,0.99734185927756
01_knn,Distancia,Gradient Boosting Classifier,1,1,0.9831623704648278
01_knn,Distancia,Gradient Boosting Classifier,0,0,0.008717857815180937
01_knn,Distancia,Gradient Boosting Classifier,0,0,0.08654036828595253
01_knn,Distancia,Gradient Boosting Classifier,1,1,0.9960209806675752
01_knn,Distancia,Gradient Boosting Classifier,0,0,0.009160943031444723
01_knn,Distancia,Gradient Boosting Classifier,0,0,0.02806352190895291
01_knn,Distancia,Gradient Boosting Classifier,0,0,0.00424960103248353
01_knn,Distancia,Gradient Boosting Classifier,1,1,0.9972865952235764
01_knn,Distancia,Gradient Boosting Classifier,0,0,0.004566345683119691
01_knn,Distancia,Gradient Boosting Classifier,1,1,0.9949324543616007
01_knn,Distancia,Gradient Boosting Classifier,0,0,0.005213100609849486
01_knn,Distancia,Gradient Boosting Classifier,0,0,0.1074572645800415
01_knn,Distancia,Gradient Boosting Classifier,0,0,0.006057574628384041
01_knn,Distancia,Gradient Boosting Classifier,0,0,0.00231705699555828
01_knn,Distancia,Gradient Boosting Classifier,0,0,0.003901034509518654
01_knn,Distancia,Gradient Boosting Classifier,0,0,0.0043224841260603025
01_knn,Distancia,Gradient Boosting Classifier,0,0,0.003919173883811477
01_knn,Distancia,Gradient Boosting Classifier,0,0,0.004638875866350032
01_knn,Distancia,Gradient Boosting Classifier,0,0,0.023061322865782483
01_knn,Distancia,Gradient Boosting Classifier,0,0,0.015855520893565088
01_knn,Distancia,Gradient Boosting Classifier,0,0,0.0054738790378720285
01_knn,Distancia,Gradient Boosting Classifier,0,0,0.30616091463678946
01_knn,Distancia,Gradient Boosting Classifier,1,1,0.9735431171848252
01_knn,Distancia,Gradient Boosting Classifier,0,0,0.005028528793570516
01_knn,Distancia,Gradient Boosting Classifier,0,0,0.023683650450468788
01_knn,Distancia,Gradient Boosting Classifier,0,0,0.26351596258459664
01_knn,Distancia,Gradient Boosting Classifier,0,0,0.012907324850579655
01_knn,Distancia,Gradient Boosting Classifier,0,0,0.0045300323982930815
01_knn,Distancia,Gradient Boosting Classifier,1,1,0.99626374035855
01_knn,Distancia,Gradient Boosting Classifier,0,0,0.008454717013905797
01_knn,Distancia,Gradient Boosting Classifier,0,0,0.003693548509333426
01_knn,Distancia,Gradient Boosting Classifier,0,0,0.02577442951485897
01_knn,Distancia,Gradient Boosting Classifier,1,1,0.9976702261542246
01_knn,Distancia,Gradient Boosting Classifier,0,0,0.019253712449555177
01_knn,Distancia,Gradient Boosting Classifier,0,0,0.013513079132638285
01_knn,Distancia,Gradient Boosting Classifier,0,0,0.01127597263449707
01_knn,Distancia,Gradient Boosting Classifier,0,0,0.013505609637761245
01_knn,Distancia,Gradient Boosting Classifier,0,0,0.015467070914775914
01_knn,Distancia,Gradient Boosting Classifier,0,0,0.004232916365430577
01_knn,Distancia,Gradient Boosting Classifier,0,0,0.005458814436549443
01_knn,Distancia,Gradient Boosting Classifier,0,0,0.0333458734802892
01_knn,Distancia,Gradient Boosting Classifier,1,1,0.9728565976155135
01_knn,Distancia,Gradient Boosting Classifier,0,0,0.0033788995700712605
01_knn,Distancia,Gradient Boosting Classifier,0,0,0.007266625244477182
01_knn,Distancia,Gradient Boosting Classifier,1,1,0.9976702261542246
01_knn,Distancia,Gradient Boosting Classifier,0,0,0.010448098756266722
01_knn,Distancia,Gradient Boosting Classifier,0,0,0.009367733188409142
01_knn,Distancia,Gradient Boosting Classifier,0,0,0.024238530718062163
01_knn,Distancia,Gradient Boosting Classifier,0,0,0.007444320151470887
01_knn,Distancia,Gradient Boosting Classifier,0,0,0.024594552866866456
01_knn,Distancia,Gradient Boosting Classifier,1,1,0.9322217623755629
01_knn,Distancia,Gradient Boosting Classifier,0,0,0.004579863005456864
01_knn,Distancia,Gradient Boosting Classifier,0,0,0.02866348381388942
01_knn,Distancia,Gradient Boosting Classifier,0,0,0.006018691485513862
01_knn,Distancia,Gradient Boosting Classifier,0,0,0.01908769671019112
01_knn,Distancia,Gradient Boosting Classifier,1,1,0.9787312708561139
01_knn,Distancia,Gradient Boosting Classifier,0,0,0.004752463729883298
01_knn,Distancia,Gradient Boosting Classifier,0,0,0.004255291715024673
01_knn,Distancia,Gradient Boosting Classifier,0,0,0.005177888453194293
01_knn,Distancia,Gradient Boosting Classifier,1,1,0.9957309791433725
01_knn,Distancia,Gradient Boosting Classifier,0,0,0.06960036982679198
01_knn,Distancia,Gradient Boosting Classifier,0,0,0.07624244546823257
01_knn,Distancia,Gradient Boosting Classifier,0,0,0.04893364422381652
01_knn,Distancia,Gradient Boosting Classifier,0,0,0.015439551352246233
01_knn,Distancia,Gradient Boosting Classifier,0,0,0.00638429572585429
01_knn,Distancia,Gradient Boosting Classifier,1,1,0.9614117168839093
01_knn,Distancia,Gradient Boosting Classifier,0,0,0.006027800852185731
01_knn,Distancia,Gradient Boosting Classifier,0,0,0.011092392859060055
01_knn,Distancia,Gradient Boosting Classifier,0,0,0.003958335662180706
01_knn,Distancia,Gradient Boosting Classifier,0,1,0.5067963005206662
01_knn,Distancia,Gradient Boosting Classifier,1,1,0.9951464012914221
01_knn,Distancia,Gradient Boosting Classifier,0,0,0.011441498100473837
01_knn,Distancia,Gradient Boosting Classifier,0,0,0.0113442862828409
01_knn,Distancia,Gradient Boosting Classifier,0,0,0.006238083591144284
01_knn,Distancia,Gradient Boosting Classifier,0,0,0.03925324705761065
01_knn,Distancia,Gradient Boosting Classifier,0,0,0.004490342032511805
01_knn,Distancia,Gradient Boosting Classifier,0,0,0.04890310319033367
01_knn,Distancia,Gradient Boosting Classifier,0,0,0.013195029633261085
01_knn,Distancia,Gradient Boosting Classifier,0,0,0.030343802721179824
01_knn,Distancia,Gradient Boosting Classifier,0,0,0.004575661744493635
01_knn,Distancia,Gradient Boosting Classifier,0,0,0.003409119566324566
01_knn,Distancia,Gradient Boosting Classifier,0,0,0.0062300267312385225
01_knn,Distancia,Gradient Boosting Classifier,0,0,0.01716869468526727
01_knn,Distancia,Gradient Boosting Classifier,0,0,0.004427706650787543
01_knn,Distancia,Gradient Boosting Classifier,0,0,0.008405113704583914
01_knn,Distancia,Gradient Boosting Classifier,1,1,0.9980399142557249
01_knn,Distancia,Gradient Boosting Classifier,0,0,0.006170305847200477
01_knn,Distancia,Gradient Boosting Classifier,0,0,0.03875163024084066
01_knn,Distancia,Gradient Boosting Classifier,1,1,0.9976405816860366
01_knn,Distancia,Gradient Boosting Classifier,0,0,0.005891874301689441
01_knn,Distancia,Gradient Boosting Classifier,0,0,0.005067697305776901
01_knn,Distancia,Gradient Boosting Classifier,0,0,0.011538114945358967
01_knn,Distancia,Gradient Boosting Classifier,0,0,0.004615047545655462
01_knn,Distancia,Gradient Boosting Classifier,0,0,0.01043214407464997
01_knn,Distancia,Gradient Boosting Classifier,0,0,0.004626382232096628
01_knn,Distancia,Gradient Boosting Classifier,0,0,0.004705723657860993
01_knn,Distancia,Gradient Boosting Classifier,0,0,0.014098083297698611
01_knn,Distancia,Gradient Boosting Classifier,1,1,0.9967320055285542
01_knn,Distancia,Gradient Boosting Classifier,0,0,0.004381804436930694
01_knn,Distancia,Gradient Boosting Classifier,1,1,0.9107499399833152
01_knn,Distancia,Gradient Boosting Classifier,0,0,0.01662468302892441
01_knn,Distancia,Gradient Boosting Classifier,0,0,0.0033712288207340285
01_knn,Distancia,Gradient Boosting Classifier,0,0,0.004356248916214029
01_knn,Distancia,Gradient Boosting Classifier,0,0,0.019438163517626617
01_knn,Distancia,Gradient Boosting Classifier,1,1,0.9965175285122885
01_knn,Distancia,Gradient Boosting Classifier,0,0,0.039793588634028085
01_knn,Distancia,Gradient Boosting Classifier,1,1,0.9885770534986916
01_knn,Distancia,Gradient Boosting Classifier,0,0,0.01388506836841656
01_knn,Distancia,Gradient Boosting Classifier,0,0,0.005067697305776901
01_knn,Distancia,Gradient Boosting Classifier,1,1,0.9938296610118158
01_knn,Distancia,Gradient Boosting Classifier,0,0,0.002528875403879453
01_knn,Distancia,Gradient Boosting Classifier,0,0,0.00706762744498064
01_knn,Distancia,Gradient Boosting Classifier,0,0,0.02744236889139685
01_knn,Distancia,Gradient Boosting Classifier,0,0,0.006153769649054873
01_knn,Distancia,Gradient Boosting Classifier,0,0,0.009776774878708358
01_knn,Distancia,Gradient Boosting Classifier,0,0,0.004110255858795996
01_knn,Distancia,Gradient Boosting Classifier,0,1,0.6738249283913758
01_knn,Distancia,Gradient Boosting Classifier,0,0,0.007766653440460414
01_knn,Distancia,Gradient Boosting Classifier,0,0,0.026577886544921776
01_knn,Distancia,Gradient Boosting Classifier,0,0,0.011875020323730895
01_knn,Distancia,Gradient Boosting Classifier,0,0,0.003997579008813992
01_knn,Distancia,Gradient Boosting Classifier,0,0,0.007291090018454448
01_knn,Distancia,Gradient Boosting Classifier,0,0,0.009471316676955227
01_knn,Distancia,Gradient Boosting Classifier,0,0,0.01543424704210179
01_knn,Distancia,Gradient Boosting Classifier,1,1,0.9978447970125945
01_knn,Distancia,Gradient Boosting Classifier,1,1,0.9782235024985062
01_knn,Distancia,Gradient Boosting Classifier,1,1,0.9951674753700652
01_knn,Distancia,Gradient Boosting Classifier,1,1,0.7316816742410307
01_knn,Distancia,Gradient Boosting Classifier,0,0,0.005251672452782341
01_knn,Distancia,Gradient Boosting Classifier,0,0,0.003933952245374345
01_knn,Distancia,Gradient Boosting Classifier,0,0,0.02183265244572412
01_knn,Distancia,Gradient Boosting Classifier,0,0,0.005142530810543521
01_knn,Distancia,Gradient Boosting Classifier,1,1,0.9583872092467296
01_knn,Distancia,Gradient Boosting Classifier,0,0,0.003923988578885354
01_knn,Distancia,Gradient Boosting Classifier,1,1,0.9727381585786288
01_knn,Distancia,Gradient Boosting Classifier,0,0,0.05914010768131043
01_knn,Distancia,Gradient Boosting Classifier,1,1,0.9726046922930224
01_knn,Distancia,Gradient Boosting Classifier,1,1,0.9967953385290911
01_knn,Distancia,Gradient Boosting Classifier,0,0,0.005670756057462706
01_knn,Distancia,Gradient Boosting Classifier,1,1,0.9945377969084589
01_knn,Distancia,Gradient Boosting Classifier,0,0,0.002863953217189942
01_knn,Distancia,Gradient Boosting Classifier,1,1,0.9975930273709674
01_knn,Distancia,Gradient Boosting Classifier,1,1,0.9863141187475486
01_knn,Distancia,Gradient Boosting Classifier,0,0,0.08971988998969581
01_knn,Distancia,Gradient Boosting Classifier,0,0,0.0077950575791388595
01_knn,Distancia,Gradient Boosting Classifier,0,0,0.028775726072619977
01_knn,Distancia,Gradient Boosting Classifier,0,0,0.004302672275139655
01_knn,Distancia,Gradient Boosting Classifier,0,0,0.06850530594875988
01_knn,Distancia,Gradient Boosting Classifier,0,0,0.006108817749546319
01_knn,Distancia,Gradient Boosting Classifier,0,0,0.00206440283450934
01_knn,Distancia,Gradient Boosting Classifier,1,1,0.9956191129916735
01_knn,Distancia,Gradient Boosting Classifier,0,0,0.03488212986667428
01_knn,Distancia,Gradient Boosting Classifier,1,1,0.985249113550928
01_knn,Distancia,Gradient Boosting Classifier,0,0,0.004156899366466074
01_knn,Distancia,Gradient Boosting Classifier,0,0,0.017911733316456582
01_knn,Distancia,Gradient Boosting Classifier,0,0,0.01319064247917602
01_knn,Distancia,Gradient Boosting Classifier,1,1,0.9962066798209934
01_knn,Distancia,Gradient Boosting Classifier,0,0,0.041050379619105785
01_knn,Distancia,Gradient Boosting Classifier,1,1,0.8138977178079426
01_knn,Distancia,Gradient Boosting Classifier,0,0,0.03275050933612831
01_knn,Distancia,Gradient Boosting Classifier,0,0,0.026278482208532943
01_knn,Distancia,Gradient Boosting Classifier,0,0,0.05718445607191591
01_knn,Distancia,Gradient Boosting Classifier,0,0,0.0031206022774074556
01_knn,Distancia,Gradient Boosting Classifier,0,0,0.05368300899858038
01_knn,Distancia,Gradient Boosting Classifier,0,0,0.0037907683055882586
01_knn,Distancia,Gradient Boosting Classifier,1,1,0.985382218999673
01_knn,Distancia,Gradient Boosting Classifier,0,0,0.03805843659069842
01_knn,Distancia,Gradient Boosting Classifier,1,1,0.996968829244653
01_knn,Distancia,Gradient Boosting Classifier,0,0,0.004525460957893844
01_knn,Distancia,Gradient Boosting Classifier,0,0,0.004895478833889185
01_knn,Distancia,Gradient Boosting Classifier,0,0,0.004490342032511805
01_knn,Distancia,Gradient Boosting Classifier,1,1,0.9921965482903845
01_knn,Distancia,Gradient Boosting Classifier,0,0,0.004324111715271695
01_knn,Distancia,Gradient Boosting Classifier,0,0,0.04881033193344285
01_knn,Distancia,Gradient Boosting Classifier,0,0,0.02014638602306313
01_knn,Distancia,Gradient Boosting Classifier,0,0,0.026756756557276763
01_knn,Distancia,Gradient Boosting Classifier,0,0,0.03867960438936817
01_knn,Distancia,Gradient Boosting Classifier,0,0,0.004465928256167917
01_knn,Distancia,Gradient Boosting Classifier,1,1,0.6886327124875503
01_knn,Distancia,Gradient Boosting Classifier,0,0,0.005827852101629334
01_knn,Distancia,Gradient Boosting Classifier,0,0,0.009980382041464002
01_knn,Distancia,Gradient Boosting Classifier,0,0,0.022877025113327825
01_knn,Distancia,Gradient Boosting Classifier,0,0,0.002784254402590734
01_knn,Distancia,Gradient Boosting Classifier,1,1,0.737082711041682
01_knn,Distancia,Gradient Boosting Classifier,0,0,0.018700240582022878
01_knn,Distancia,Gradient Boosting Classifier,0,0,0.0056259170540002325
01_knn,Distancia,Gradient Boosting Classifier,0,0,0.0277870857794347
01_knn,Distancia,Gradient Boosting Classifier,0,0,0.005782479583712038
01_knn,Distancia,Gradient Boosting Classifier,1,1,0.985249113550928
01_knn,Distancia,Gradient Boosting Classifier,0,0,0.26351596258459664
01_knn,Distancia,Gradient Boosting Classifier,0,0,0.0031381654774408664
01_knn,Distancia,Gradient Boosting Classifier,0,0,0.005138209363708028
01_knn,Distancia,Gradient Boosting Classifier,0,0,0.003548251006045007
01_knn,Distancia,Gradient Boosting Classifier,1,1,0.9956611147495446
01_knn,Distancia,Gradient Boosting Classifier,0,0,0.004892846046282011
01_knn,Distancia,Gradient Boosting Classifier,0,0,0.002766105350449283
01_knn,Distancia,Gradient Boosting Classifier,0,0,0.01840193691666684
01_knn,Distancia,Gradient Boosting Classifier,0,0,0.005807217708821445
01_knn,Distancia,Gradient Boosting Classifier,0,0,0.003613439150300294
01_knn,Distancia,Gradient Boosting Classifier,0,0,0.03207083024884564
01_knn,Distancia,Gradient Boosting Classifier,0,0,0.006784257746975588
01_knn,Distancia,Gradient Boosting Classifier,0,0,0.01221087103251513
01_knn,Distancia,Gradient Boosting Classifier,0,0,0.00575467126136305
01_knn,Distancia,Gradient Boosting Classifier,0,0,0.1317127891163384
01_knn,Distancia,Gradient Boosting Classifier,0,0,0.004490342032511805
01_knn,Distancia,Gradient Boosting Classifier,0,0,0.004943239774507788
01_knn,Distancia,Gradient Boosting Classifier,0,0,0.005941609556192519
01_knn,Distancia,Gradient Boosting Classifier,0,0,0.01771622201756971
01_knn,Distancia,Gradient Boosting Classifier,0,0,0.004221250926078649
01_knn,Distancia,Gradient Boosting Classifier,0,0,0.0035530906031695795
01_knn,Distancia,Gradient Boosting Classifier,1,1,0.977617236218107
01_knn,Distancia,Gradient Boosting Classifier,1,1,0.9790479574503478
01_knn,Distancia,Gradient Boosting Classifier,0,0,0.015263320105040078
01_knn,Distancia,Gradient Boosting Classifier,1,1,0.9800603588218523
01_knn,Distancia,Gradient Boosting Classifier,0,0,0.04348422238961755
01_knn,Distancia,Gradient Boosting Classifier,0,0,0.004356248916214029
01_knn,Distancia,Gradient Boosting Classifier,0,0,0.011624085614987043
01_knn,Distancia,Gradient Boosting Classifier,0,0,0.0022759513902658643
01_knn,Distancia,Gradient Boosting Classifier,0,0,0.05755840291922836
01_knn,Distancia,Gradient Boosting Classifier,0,0,0.0054375182449241805
01_knn,Distancia,Gradient Boosting Classifier,0,0,0.02744236889139685
01_knn,Distancia,Gradient Boosting Classifier,0,0,0.005807217708821445
01_knn,Distancia,Gradient Boosting Classifier,0,0,0.006884850564310706
01_knn,Distancia,Gradient Boosting Classifier,1,1,0.9867820976652228
01_knn,Distancia,Gradient Boosting Classifier,0,0,0.005720028273444899
01_knn,Distancia,Gradient Boosting Classifier,0,0,0.0031384743745638466
01_knn,Distancia,Gradient Boosting Classifier,0,0,0.029250254355339685
01_knn,Distancia,Gradient Boosting Classifier,0,0,0.005811618235611623
01_knn,Distancia,Gradient Boosting Classifier,0,0,0.003281362839896092
01_knn,Distancia,Gradient Boosting Classifier,0,0,0.0058220587473364225
01_knn,Distancia,Gradient Boosting Classifier,0,0,0.007984093240595557
01_knn,Distancia,Gradient Boosting Classifier,0,0,0.004599516238773557
01_knn,Distancia,Gradient Boosting Classifier,0,0,0.0055423428785901716
01_knn,Distancia,Gradient Boosting Classifier,0,0,0.01000870579932624
01_knn,Distancia,Gradient Boosting Classifier,0,0,0.0028212880715954088
01_knn,Distancia,Gradient Boosting Classifier,1,1,0.995571704609372
01_knn,Distancia,Gradient Boosting Classifier,1,1,0.9739150035905602
01_knn,Distancia,Gradient Boosting Classifier,0,0,0.03867108092403437
01_knn,Distancia,Gradient Boosting Classifier,0,0,0.013956172034145212
01_knn,Distancia,Gradient Boosting Classifier,0,0,0.04774848800678253
01_knn,Distancia,Gradient Boosting Classifier,0,0,0.006249166090884592
01_knn,Distancia,Gradient Boosting Classifier,0,0,0.006919655881964807
01_knn,Distancia,Gradient Boosting Classifier,0,0,0.00279633693914092
01_knn,Distancia,Gradient Boosting Classifier,0,0,0.1562637705008706
01_knn,Distancia,Gradient Boosting Classifier,0,0,0.002727525714507466
01_knn,Distancia,Gradient Boosting Classifier,1,1,0.9943677698345665
01_knn,Distancia,Gradient Boosting Classifier,0,0,0.012037358889306342
01_knn,Distancia,Gradient Boosting Classifier,0,0,0.013674586249209409
01_knn,Distancia,Gradient Boosting Classifier,0,0,0.012819004104401609
01_knn,Distancia,Gradient Boosting Classifier,0,0,0.008629724268752853
01_knn,Distancia,Gradient Boosting Classifier,0,0,0.018229415294730038
01_knn,Distancia,Gradient Boosting Classifier,0,0,0.008088725722717642
01_knn,Distancia,Gradient Boosting Classifier,0,0,0.011517222246907691
01_knn,Distancia,Gradient Boosting Classifier,0,0,0.010708086793623891
01_knn,Distancia,Gradient Boosting Classifier,1,1,0.9894868372881623
01_knn,Distancia,Gradient Boosting Classifier,0,0,0.004020410905917646
01_knn,Distancia,Gradient Boosting Classifier,0,0,0.005910084334888295
01_knn,Distancia,Gradient Boosting Classifier,1,1,0.9972363723466475
01_knn,Distancia,Gradient Boosting Classifier,0,0,0.015324368075219556
01_knn,Distancia,Gradient Boosting Classifier,1,1,0.9950256672365784
01_knn,Distancia,Gradient Boosting Classifier,0,0,0.004918697618270061
01_knn,Distancia,Gradient Boosting Classifier,0,0,0.0057665079578781255
01_knn,Distancia,Gradient Boosting Classifier,0,0,0.006108817749546319
01_knn,Distancia,Gradient Boosting Classifier,0,0,0.004439704237612423
01_knn,Distancia,Gradient Boosting Classifier,0,0,0.00383206301786643
01_knn,Distancia,Gradient Boosting Classifier,0,0,0.012383235380773202
01_knn,Distancia,Gradient Boosting Classifier,0,0,0.005902250938612803
01_knn,Distancia,Gradient Boosting Classifier,0,0,0.006108817749546319
01_knn,Distancia,Gradient Boosting Classifier,0,0,0.01793409802768279
01_knn,Distancia,Gradient Boosting Classifier,0,0,0.0036698964434842257
01_knn,Distancia,Gradient Boosting Classifier,0,0,0.00839227786323342
01_knn,Distancia,Gradient Boosting Classifier,0,0,0.07948184145665203
01_knn,Distancia,Gradient Boosting Classifier,0,0,0.04665221875773463
01_knn,Distancia,Gradient Boosting Classifier,0,0,0.005807217708821445
01_knn,Distancia,Gradient Boosting Classifier,1,1,0.9967100948191544
01_knn,Distancia,Gradient Boosting Classifier,0,0,0.0057176014015499045
01_knn,Distancia,Gradient Boosting Classifier,0,0,0.009695840451710744
01_knn,Distancia,Gradient Boosting Classifier,1,1,0.9307571473330505
01_knn,Distancia,Gradient Boosting Classifier,0,0,0.01331185052680496
01_knn,Distancia,Gradient Boosting Classifier,1,1,0.9601701106031149
01_knn,Distancia,Gradient Boosting Classifier,1,1,0.8733453001179855
01_knn,Distancia,Gradient Boosting Classifier,1,1,0.9969072526049993
01_knn,Distancia,Gradient Boosting Classifier,0,0,0.3435199547176726
01_knn,Distancia,Gradient Boosting Classifier,0,0,0.00253441525157363
01_knn,Distancia,Gradient Boosting Classifier,1,1,0.9966448084826784
01_knn,Distancia,Gradient Boosting Classifier,0,0,0.01108982897059462
01_knn,Distancia,Gradient Boosting Classifier,0,0,0.013417637775819901
01_knn,Distancia,Gradient Boosting Classifier,0,0,0.005882149345943773
01_knn,Distancia,Gradient Boosting Classifier,0,0,0.004232916365430577
01_knn,Distancia,Gradient Boosting Classifier,0,0,0.005625721004153952
01_knn,Distancia,Gradient Boosting Classifier,0,0,0.02115479435554448
01_knn,Distancia,Gradient Boosting Classifier,0,0,0.3562050825670871
01_knn,Distancia,Gradient Boosting Classifier,0,0,0.010888114275911392
01_knn,Distancia,Gradient Boosting Classifier,1,1,0.9904342368862978
01_knn,Distancia,Gradient Boosting Classifier,0,0,0.002700701729085136
01_knn,Distancia,Gradient Boosting Classifier,0,0,0.02221865174816365
01_knn,Distancia,Gradient Boosting Classifier,0,0,0.003299628540180588
01_knn,Distancia,Gradient Boosting Classifier,0,0,0.03817466892826248
01_knn,Distancia,Gradient Boosting Classifier,0,0,0.03871020586267822
01_knn,Distancia,Gradient Boosting Classifier,0,0,0.01876663798677794
01_knn,Distancia,Gradient Boosting Classifier,0,0,0.015367856865292313
01_knn,Distancia,Gradient Boosting Classifier,0,0,0.04823680452633777
01_knn,Distancia,Gradient Boosting Classifier,0,0,0.009174232683387164
01_knn,Distancia,Gradient Boosting Classifier,0,0,0.0026881203989961885
01_knn,Distancia,Gradient Boosting Classifier,0,0,0.0023980094383221216
01_knn,Distancia,Gradient Boosting Classifier,0,0,0.0035545338907906764
01_knn,Distancia,Gradient Boosting Classifier,0,0,0.013197361917993842
01_knn,Distancia,Gradient Boosting Classifier,0,0,0.006247987669410954
01_knn,Distancia,Gradient Boosting Classifier,0,0,0.002472878184102196
01_knn,Distancia,Gradient Boosting Classifier,1,1,0.972656116935702
01_knn,Distancia,Gradient Boosting Classifier,0,0,0.005344589168623003
01_knn,Distancia,Gradient Boosting Classifier,0,0,0.006480237151331616
01_knn,Distancia,Gradient Boosting Classifier,0,0,0.02451136232133726
01_knn,Distancia,Gradient Boosting Classifier,0,0,0.1322070726707977
01_knn,Distancia,Gradient Boosting Classifier,0,0,0.006325892224709428
01_knn,Distancia,Gradient Boosting Classifier,1,1,0.9961702925411585
01_knn,Distancia,Gradient Boosting Classifier,0,0,0.0018978234053724664
01_knn,Distancia,Gradient Boosting Classifier,0,0,0.009318438755130554
01_knn,Distancia,Gradient Boosting Classifier,0,0,0.027764513626190725
01_knn,Distancia,Gradient Boosting Classifier,1,1,0.9958913035969179
01_knn,Distancia,Gradient Boosting Classifier,0,0,0.006853687113994418
01_knn,Distancia,Gradient Boosting Classifier,0,0,0.005391789373475775
01_knn,Distancia,Gradient Boosting Classifier,0,0,0.010692779930188903
01_knn,Distancia,Gradient Boosting Classifier,1,1,0.9965064819278832
01_knn,Distancia,Gradient Boosting Classifier,0,0,0.005628215909454918
01_knn,Distancia,Gradient Boosting Classifier,1,1,0.9814891236946558
01_knn,Distancia,Gradient Boosting Classifier,1,1,0.995377184869949
01_knn,Distancia,Gradient Boosting Classifier,0,0,0.08551647373759699
01_knn,Distancia,Gradient Boosting Classifier,0,0,0.02938356174896426
01_knn,Distancia,Gradient Boosting Classifier,1,1,0.985423015886384
01_knn,Distancia,Gradient Boosting Classifier,0,0,0.0036698964434842257
01_knn,Distancia,Gradient Boosting Classifier,0,0,0.014022018570819974
01_knn,Distancia,Gradient Boosting Classifier,0,0,0.0136154668426694
01_knn,Distancia,Gradient Boosting Classifier,0,0,0.006685825781220064
01_knn,Distancia,Gradient Boosting Classifier,0,0,0.04827892494505777
01_knn,Distancia,Gradient Boosting Classifier,0,0,0.00504645975969723
01_knn,Distancia,Gradient Boosting Classifier,0,0,0.005436187939041181
01_knn,Distancia,Gradient Boosting Classifier,0,0,0.4215412326023437
01_knn,Distancia,Gradient Boosting Classifier,1,1,0.998513992110933
01_knn,Distancia,Gradient Boosting Classifier,0,0,0.008255472462584472
01_knn,Distancia,Gradient Boosting Classifier,0,0,0.012499989277734476
01_knn,Distancia,Gradient Boosting Classifier,1,1,0.9944280549284533
01_knn,Distancia,Gradient Boosting Classifier,0,0,0.0030854514336736364
01_knn,Distancia,Gradient Boosting Classifier,0,0,0.0034553426951054764
01_knn,Distancia,Gradient Boosting Classifier,0,0,0.005639871459549899
01_knn,Distancia,Gradient Boosting Classifier,1,1,0.9846720409682495
01_knn,Distancia,Gradient Boosting Classifier,0,0,0.07068632372833661
01_knn,Distancia,Gradient Boosting Classifier,0,0,0.12521229783716603
01_knn,Distancia,Gradient Boosting Classifier,0,0,0.005827852101629334
01_knn,Distancia,Gradient Boosting Classifier,0,1,0.6527919952465534
01_knn,Distancia,Gradient Boosting Classifier,0,0,0.05449580520686329
01_knn,Distancia,Gradient Boosting Classifier,0,0,0.01664874975002171
01_knn,Distancia,Gradient Boosting Classifier,0,0,0.00740534924837626
01_knn,Distancia,Gradient Boosting Classifier,0,0,0.18653887464100946
01_knn,Distancia,Gradient Boosting Classifier,0,0,0.0057432801816435465
01_knn,Distancia,Gradient Boosting Classifier,0,0,0.045101797768564135
01_knn,Distancia,Gradient Boosting Classifier,0,1,0.9673730043365049
01_knn,Distancia,Gradient Boosting Classifier,0,0,0.016691552363023623
01_knn,Distancia,Gradient Boosting Classifier,0,0,0.010795358385134207
01_knn,Distancia,Gradient Boosting Classifier,1,1,0.9904216072900222
01_knn,Distancia,Gradient Boosting Classifier,0,0,0.004617442636213991
01_knn,Distancia,Gradient Boosting Classifier,0,0,0.0036382371233704175
01_knn,Distancia,Gradient Boosting Classifier,1,1,0.9968646260627771
01_knn,Distancia,Gradient Boosting Classifier,1,1,0.9879480407494723
01_knn,Distancia,Gradient Boosting Classifier,0,0,0.010708086793623891
01_knn,Distancia,Gradient Boosting Classifier,1,1,0.9967652999278335
01_knn,Distancia,Gradient Boosting Classifier,0,0,0.0037917869259157374
01_knn,Distancia,Gradient Boosting Classifier,0,0,0.007094788438758007
01_knn,Distancia,Gradient Boosting Classifier,0,0,0.0076358482418458305
01_knn,Distancia,Gradient Boosting Classifier,1,1,0.9577080119121278
01_knn,Distancia,Gradient Boosting Classifier,1,0,0.3160256274169567
01_knn,Distancia,Gradient Boosting Classifier,0,0,0.004269971118392593
01_knn,Distancia,Gradient Boosting Classifier,0,0,0.012983996874458923
01_knn,Distancia,Gradient Boosting Classifier,1,1,0.9979891233053286
01_knn,Distancia,Gradient Boosting Classifier,0,0,0.02856141393740636
01_knn,Distancia,Gradient Boosting Classifier,0,0,0.008193418680357372
01_knn,Distancia,Gradient Boosting Classifier,0,0,0.010552721096675606
01_knn,Distancia,Gradient Boosting Classifier,0,0,0.30651424877253625
01_knn,Distancia,Gradient Boosting Classifier,1,1,0.9780330677042726
01_knn,Distancia,Gradient Boosting Classifier,1,1,0.8335371643666173
01_knn,Distancia,Gradient Boosting Classifier,0,0,0.07776895697467917
01_knn,Distancia,Gradient Boosting Classifier,0,0,0.03616340853117567
01_knn,Distancia,Gradient Boosting Classifier,0,0,0.005025565179102022
01_knn,Distancia,Gradient Boosting Classifier,0,0,0.003582738399305813
01_knn,Distancia,Gradient Boosting Classifier,1,1,0.9958893884579201
01_knn,Distancia,Gradient Boosting Classifier,0,0,0.004026279026308522
01_knn,Distancia,Gradient Boosting Classifier,0,0,0.014088807171124105
01_knn,Distancia,Gradient Boosting Classifier,1,1,0.9967866949450735
01_knn,Distancia,Gradient Boosting Classifier,1,1,0.9955012843045886
01_knn,Distancia,Gradient Boosting Classifier,0,0,0.005200307049996312
01_knn,Distancia,Gradient Boosting Classifier,0,0,0.46814895875784734
01_knn,Distancia,Gradient Boosting Classifier,0,0,0.1183766375421696
01_knn,Distancia,Gradient Boosting Classifier,1,0,0.2445567112959501
01_knn,Distancia,Gradient Boosting Classifier,0,0,0.03165203215032394
01_knn,Distancia,Gradient Boosting Classifier,0,0,0.1228795225039173
01_knn,Distancia,Gradient Boosting Classifier,1,1,0.9969570946331784
01_knn,Distancia,Gradient Boosting Classifier,1,1,0.9968890510399773
01_knn,Distancia,Gradient Boosting Classifier,0,0,0.06186983146153445
01_knn,Distancia,Gradient Boosting Classifier,1,1,0.9759726326222676
01_knn,Distancia,Gradient Boosting Classifier,1,1,0.9961970862259265
01_knn,Distancia,Gradient Boosting Classifier,0,0,0.006108817749546319
01_knn,Distancia,Gradient Boosting Classifier,1,1,0.9873510691295347
01_knn,Distancia,Gradient Boosting Classifier,0,0,0.002758332425831509
01_knn,Distancia,Gradient Boosting Classifier,1,1,0.5834523015338583
01_knn,Distancia,Gradient Boosting Classifier,0,0,0.003410971798802667
01_knn,Distancia,Gradient Boosting Classifier,0,0,0.005660594494969267
01_knn,Distancia,Gradient Boosting Classifier,1,1,0.892038810425534
01_knn,Distancia,Gradient Boosting Classifier,0,0,0.005080472171540861
01_knn,Distancia,Gradient Boosting Classifier,1,1,0.9961964820854178
01_knn,Distancia,Gradient Boosting Classifier,0,0,0.08500293743980801
01_knn,Distancia,Gradient Boosting Classifier,0,0,0.006108817749546319
01_knn,Distancia,Gradient Boosting Classifier,0,0,0.003569612240054564
01_knn,Distancia,Gradient Boosting Classifier,1,1,0.9953361537158034
01_knn,Distancia,Gradient Boosting Classifier,0,1,0.6712850683034831
01_knn,Distancia,Gradient Boosting Classifier,0,0,0.014614979504617487
01_knn,Distancia,Gradient Boosting Classifier,0,0,0.005807217708821445
01_knn,Distancia,Gradient Boosting Classifier,0,0,0.01684025434252638
01_knn,Distancia,Gradient Boosting Classifier,0,0,0.015815833433893534
01_knn,Distancia,Gradient Boosting Classifier,1,1,0.7204212603544787
01_knn,Distancia,Gradient Boosting Classifier,0,0,0.003152069919520336
01_knn,Distancia,Gradient Boosting Classifier,0,0,0.0043210822049955895
01_knn,Distancia,Gradient Boosting Classifier,1,1,0.9950508597723277
01_knn,Distancia,Gradient Boosting Classifier,1,1,0.9964083611329674
01_knn,Distancia,Gradient Boosting Classifier,1,1,0.9729235665789344
01_knn,Distancia,Gradient Boosting Classifier,1,1,0.9595706364082353
01_knn,Distancia,Gradient Boosting Classifier,0,0,0.005103785087026613
01_knn,Distancia,Gradient Boosting Classifier,0,0,0.008918748116246003
01_knn,Distancia,Gradient Boosting Classifier,0,0,0.01626269383081086
01_knn,Distancia,Gradient Boosting Classifier,0,0,0.004690008823466723
01_knn,Distancia,Gradient Boosting Classifier,1,1,0.9951033876917742
01_knn,Distancia,Gradient Boosting Classifier,0,0,0.0025094326141596314
01_knn,Distancia,Gradient Boosting Classifier,0,0,0.02744236889139685
01_knn,Distancia,Gradient Boosting Classifier,1,1,0.9836005809660134
01_knn,Distancia,Gradient Boosting Classifier,0,0,0.006857769347670278
01_knn,Distancia,Gradient Boosting Classifier,0,0,0.009085038085171755
01_knn,Distancia,Gradient Boosting Classifier,0,0,0.013528041134129754
01_knn,Distancia,Gradient Boosting Classifier,0,0,0.004467023663343377
01_knn,Distancia,Gradient Boosting Classifier,0,0,0.0036063454781843653
01_knn,Distancia,Gradient Boosting Classifier,0,0,0.0026230913936318577
01_knn,Distancia,Gradient Boosting Classifier,0,0,0.06689728588503469
01_knn,Distancia,Gradient Boosting Classifier,0,0,0.018207990075463823
01_knn,Distancia,Gradient Boosting Classifier,0,0,0.004490342032511805
01_knn,Distancia,Gradient Boosting Classifier,0,0,0.0030525088556892337
01_knn,Distancia,Gradient Boosting Classifier,1,1,0.9450380177415567
01_knn,Distancia,Gradient Boosting Classifier,0,0,0.0026911674806338044
01_knn,Distancia,Gradient Boosting Classifier,0,0,0.02548701717316019
01_knn,Distancia,Gradient Boosting Classifier,0,0,0.0030067400604429197
01_knn,Distancia,Gradient Boosting Classifier,0,0,0.0031310039697597424
01_knn,Distancia,Gradient Boosting Classifier,0,0,0.13264782747788553
01_knn,Distancia,Gradient Boosting Classifier,1,1,0.9944280549284533
01_knn,Distancia,Gradient Boosting Classifier,0,0,0.005788305176363548
01_knn,Distancia,Gradient Boosting Classifier,0,0,0.004944906531687412
01_knn,Distancia,Gradient Boosting Classifier,0,0,0.033301176689967925
01_knn,Distancia,Gradient Boosting Classifier,1,1,0.9538276533796629
01_knn,Distancia,Gradient Boosting Classifier,0,0,0.002182959036534132
01_knn,Distancia,Gradient Boosting Classifier,0,0,0.021646514921538268
01_knn,Distancia,Gradient Boosting Classifier,0,0,0.0036240289796718823
01_knn,Distancia,Gradient Boosting Classifier,0,0,0.004490342032511805
01_knn,Distancia,Gradient Boosting Classifier,1,1,0.9950580474136289
01_knn,Distancia,Gradient Boosting Classifier,0,0,0.0038978873997709785
01_knn,Distancia,Gradient Boosting Classifier,0,0,0.004609718349959959
01_knn,Distancia,Gradient Boosting Classifier,1,1,0.9948705795266966
01_knn,Distancia,Gradient Boosting Classifier,0,0,0.08501067906423508
01_knn,Distancia,Gradient Boosting Classifier,0,0,0.05972162046413483
01_knn,Distancia,Gradient Boosting Classifier,1,1,0.996355471761733
01_knn,Distancia,Gradient Boosting Classifier,0,0,0.055685117146088925
01_knn,Distancia,Gradient Boosting Classifier,0,0,0.03959530812577069
01_knn,Distancia,Gradient Boosting Classifier,0,0,0.01228458443419238
01_knn,Distancia,Gradient Boosting Classifier,0,0,0.0069518017763524195
01_knn,Distancia,Gradient Boosting Classifier,0,0,0.013097113077772464
01_knn,Distancia,Gradient Boosting Classifier,1,1,0.985120457327674
01_knn,Distancia,Gradient Boosting Classifier,0,0,0.015489731979692549
01_knn,Distancia,Gradient Boosting Classifier,0,0,0.021187629917715577
01_knn,Distancia,Gradient Boosting Classifier,0,0,0.005827852101629334
01_knn,Distancia,Gradient Boosting Classifier,0,0,0.005252667108796991
01_knn,Distancia,Gradient Boosting Classifier,0,0,0.01626269383081086
01_knn,Distancia,Gradient Boosting Classifier,0,0,0.004544627381938414
01_knn,Distancia,Gradient Boosting Classifier,0,0,0.005880562025583945
01_knn,Distancia,Gradient Boosting Classifier,0,0,0.0018277764911773062
01_knn,Distancia,Gradient Boosting Classifier,1,1,0.9970782062131573
01_knn,Distancia,Gradient Boosting Classifier,1,1,0.981731264227416
01_knn,Distancia,Gradient Boosting Classifier,0,0,0.3158146968874619
01_knn,Distancia,Gradient Boosting Classifier,1,1,0.9950658659532101
01_knn,Distancia,Gradient Boosting Classifier,0,0,0.03722155153816711
01_knn,Distancia,Gradient Boosting Classifier,0,1,0.7213692563698291
01_knn,Distancia,Gradient Boosting Classifier,0,0,0.00676210455869058
01_knn,Distancia,Gradient Boosting Classifier,1,1,0.983144964969049
01_knn,Distancia,Gradient Boosting Classifier,1,1,0.9954991350744482
01_knn,Distancia,Gradient Boosting Classifier,0,0,0.005090645179198467
01_knn,Distancia,Gradient Boosting Classifier,0,0,0.0034866141424484145
01_knn,Distancia,Gradient Boosting Classifier,0,0,0.006108817749546319
01_knn,Distancia,Gradient Boosting Classifier,0,0,0.013399499877829662
01_knn,Distancia,Gradient Boosting Classifier,0,0,0.008516234119798021
01_knn,Distancia,Gradient Boosting Classifier,0,0,0.024339863779719282
01_knn,Distancia,Gradient Boosting Classifier,0,0,0.005261235102809402
01_knn,Distancia,Gradient Boosting Classifier,0,0,0.004549038526595724
01_knn,Distancia,Gradient Boosting Classifier,1,1,0.9970199052338958
01_knn,Distancia,Gradient Boosting Classifier,0,0,0.004439704237612423
01_knn,Distancia,Gradient Boosting Classifier,0,0,0.021663891942805925
01_knn,Distancia,Gradient Boosting Classifier,0,0,0.024344208855900787
01_knn,Distancia,Gradient Boosting Classifier,0,0,0.013174663005831422
01_knn,Distancia,Gradient Boosting Classifier,0,0,0.045346765952839305
01_knn,Distancia,Gradient Boosting Classifier,0,0,0.010282074988322547
01_knn,Distancia,Gradient Boosting Classifier,1,1,0.9943189009844559
01_knn,Distancia,Gradient Boosting Classifier,0,0,0.00884926035612332
01_knn,Distancia,Gradient Boosting Classifier,1,1,0.9958417601672725
01_knn,Distancia,Gradient Boosting Classifier,1,1,0.9968890510399773
01_knn,Distancia,Gradient Boosting Classifier,0,0,0.005228965914287321
01_knn,Distancia,Gradient Boosting Classifier,0,0,0.10538349150562322
01_knn,Distancia,Gradient Boosting Classifier,0,0,0.031290151760574585
01_knn,Distancia,Gradient Boosting Classifier,0,0,0.0039262945058509725
01_knn,Distancia,Gradient Boosting Classifier,0,0,0.004390346674987784
01_knn,Distancia,Gradient Boosting Classifier,0,0,0.04817122290828712
01_knn,Distancia,Gradient Boosting Classifier,0,0,0.028792426881434352
01_knn,Distancia,Gradient Boosting Classifier,1,1,0.9954558313683873
01_knn,Distancia,Gradient Boosting Classifier,1,0,0.46575184448257084
01_knn,Distancia,Gradient Boosting Classifier,0,0,0.007829409682168824
01_knn,Distancia,Gradient Boosting Classifier,0,0,0.009932172806844749
01_knn,Distancia,Gradient Boosting Classifier,0,1,0.978664863302505
01_knn,Distancia,Gradient Boosting Classifier,1,1,0.9964732687564837
01_knn,Distancia,Gradient Boosting Classifier,0,0,0.013058991177458365
01_knn,Distancia,Gradient Boosting Classifier,0,0,0.01087837934833631
01_knn,Distancia,Gradient Boosting Classifier,0,0,0.0055972782272489885
01_knn,Distancia,Gradient Boosting Classifier,0,0,0.02909286464712967
01_knn,Distancia,Gradient Boosting Classifier,1,1,0.9954486136558515
01_knn,Distancia,Gradient Boosting Classifier,0,0,0.04104594260330982
01_knn,Distancia,Gradient Boosting Classifier,0,0,0.016405347394422048
01_knn,Distancia,Gradient Boosting Classifier,0,0,0.05280643808722518
01_knn,Distancia,Gradient Boosting Classifier,1,1,0.9971065705560684
01_knn,Distancia,Gradient Boosting Classifier,1,1,0.9848654376307361
01_knn,Distancia,Gradient Boosting Classifier,1,1,0.9970588187425709
01_knn,Distancia,Gradient Boosting Classifier,0,0,0.015004459821732197
01_knn,Distancia,Gradient Boosting Classifier,0,0,0.003997579008813992
01_knn,Distancia,Gradient Boosting Classifier,0,0,0.12966639436481078
01_knn,Distancia,Gradient Boosting Classifier,0,0,0.0071141661472863185
01_knn,Distancia,Gradient Boosting Classifier,0,0,0.006494815949909675
01_knn,Distancia,Gradient Boosting Classifier,0,0,0.003556757836098364
01_knn,Distancia,Gradient Boosting Classifier,1,1,0.9943287660306589
01_knn,Distancia,Gradient Boosting Classifier,1,1,0.9182241893238664
01_knn,Distancia,Gradient Boosting Classifier,0,0,0.012275228018910362
01_knn,Distancia,Gradient Boosting Classifier,0,0,0.11554157079234463
01_knn,Distancia,Gradient Boosting Classifier,0,0,0.007140773163166459
01_knn,Distancia,Gradient Boosting Classifier,0,0,0.016152551806501533
01_knn,Distancia,Gradient Boosting Classifier,1,1,0.9191490436795916
01_knn,Distancia,Gradient Boosting Classifier,0,0,0.036123361689173204
01_knn,Distancia,Gradient Boosting Classifier,0,0,0.0017902362870260145
01_knn,Distancia,Gradient Boosting Classifier,1,0,0.1889834889699083
01_knn,Distancia,Gradient Boosting Classifier,0,0,0.023732014207234326
01_knn,Distancia,Gradient Boosting Classifier,0,0,0.005126119709245381
01_knn,Distancia,Gradient Boosting Classifier,0,0,0.00593179439881874
01_knn,Distancia,Gradient Boosting Classifier,1,1,0.9950323115938843
01_knn,Distancia,Gradient Boosting Classifier,0,0,0.006397284753490253
01_knn,Distancia,Gradient Boosting Classifier,0,0,0.005914963429874005
01_knn,Distancia,Gradient Boosting Classifier,0,0,0.013250010545710957
01_knn,Distancia,Gradient Boosting Classifier,1,1,0.9968107901270234
01_knn,Distancia,Gradient Boosting Classifier,1,1,0.9927238004508756
01_knn,Distancia,Gradient Boosting Classifier,0,0,0.049945267420927184
01_knn,Distancia,Gradient Boosting Classifier,0,0,0.0298203892173679
01_knn,Distancia,Gradient Boosting Classifier,0,0,0.015644688116977445
01_knn,Distancia,Gradient Boosting Classifier,1,1,0.9958417601672725
01_knn,Distancia,Gradient Boosting Classifier,0,0,0.003665051364097445
01_knn,Distancia,Gradient Boosting Classifier,0,0,0.004257522731901136
01_knn,Distancia,Gradient Boosting Classifier,0,0,0.019792608858726385
01_knn,Distancia,Gradient Boosting Classifier,0,0,0.0037481427026971924
01_knn,Distancia,Gradient Boosting Classifier,0,0,0.01571378199190896
01_knn,Distancia,Gradient Boosting Classifier,0,0,0.009994173840458583
01_knn,Distancia,Gradient Boosting Classifier,1,1,0.9862650982669543
01_knn,Distancia,Gradient Boosting Classifier,0,0,0.009676436052126649
01_knn,Distancia,Gradient Boosting Classifier,0,0,0.010622267908246595
01_knn,Distancia,Gradient Boosting Classifier,0,0,0.005067697305776901
01_knn,Distancia,Gradient Boosting Classifier,1,1,0.9888225254657111
01_knn,Distancia,Gradient Boosting Classifier,0,0,0.003421420741407552
01_knn,Distancia,Gradient Boosting Classifier,1,1,0.9946631828921205
01_knn,Distancia,Gradient Boosting Classifier,1,1,0.9943368502259483
01_knn,Distancia,Gradient Boosting Classifier,0,0,0.0022855489174624113
01_knn,Distancia,Gradient Boosting Classifier,0,0,0.003997579008813992
01_knn,Distancia,Gradient Boosting Classifier,0,0,0.015012247876501749
01_knn,Distancia,Gradient Boosting Classifier,0,0,0.0011256680885596794
01_knn,Distancia,Gradient Boosting Classifier,0,0,0.0026625785587800098
01_knn,Distancia,Gradient Boosting Classifier,0,0,0.006069178042219621
01_knn,Distancia,Gradient Boosting Classifier,0,0,0.006321546546641501
01_knn,Distancia,Gradient Boosting Classifier,0,0,0.014625204331389568
01_knn,Distancia,Gradient Boosting Classifier,0,0,0.03460878051459733
01_knn,Distancia,Gradient Boosting Classifier,0,0,0.05094331991459355
01_knn,Distancia,Gradient Boosting Classifier,0,0,0.0072584796217435394
01_knn,Distancia,Gradient Boosting Classifier,0,0,0.027255749716066674
01_knn,Distancia,Gradient Boosting Classifier,0,0,0.028444023323051005
01_knn,Distancia,Gradient Boosting Classifier,0,0,0.006426897923610737
01_knn,Distancia,Gradient Boosting Classifier,0,0,0.004477894843761767
01_knn,Distancia,Gradient Boosting Classifier,0,0,0.07147092130303545
01_knn,Distancia,Gradient Boosting Classifier,0,0,0.010018594264594175
01_knn,Distancia,Gradient Boosting Classifier,1,1,0.9886777311105376
01_knn,Distancia,Gradient Boosting Classifier,0,0,0.004245129889904575
01_knn,Distancia,Gradient Boosting Classifier,0,0,0.23077050586342465
01_knn,Distancia,Gradient Boosting Classifier,0,0,0.025922184375655317
01_knn,Distancia,Gradient Boosting Classifier,0,0,0.048247511057837617
01_knn,Distancia,Gradient Boosting Classifier,0,0,0.00383206301786643
01_knn,Distancia,Gradient Boosting Classifier,0,0,0.02315642968921302
01_knn,Distancia,Gradient Boosting Classifier,0,0,0.008896389985990096
01_knn,Distancia,Gradient Boosting Classifier,0,0,0.004232916365430577
01_knn,Distancia,Gradient Boosting Classifier,0,0,0.004490342032511805
01_knn,Distancia,Gradient Boosting Classifier,0,0,0.007713356227120485
01_knn,Distancia,Gradient Boosting Classifier,0,0,0.005831471555755343
01_knn,Distancia,Gradient Boosting Classifier,0,0,0.004264965414871255
01_knn,Distancia,Gradient Boosting Classifier,0,0,0.011695360667077468
01_knn,Distancia,Gradient Boosting Classifier,0,0,0.006290809041808766
01_knn,Distancia,Gradient Boosting Classifier,0,0,0.006358888690148055
01_knn,Distancia,Gradient Boosting Classifier,0,0,0.004141957437201168
01_knn,Distancia,Gradient Boosting Classifier,0,0,0.010060386878160878
01_knn,Distancia,Gradient Boosting Classifier,0,0,0.03943884294070794
01_knn,Distancia,Gradient Boosting Classifier,1,1,0.6065185433044369
01_knn,Distancia,Gradient Boosting Classifier,0,0,0.003521929534511266
01_knn,Distancia,Gradient Boosting Classifier,0,1,0.7539308156725281
01_knn,Distancia,Gradient Boosting Classifier,1,1,0.9838652478229779
01_knn,Distancia,Gradient Boosting Classifier,0,0,0.024372677890623976
01_knn,Distancia,Gradient Boosting Classifier,0,0,0.0038745758840360435
01_knn,Distancia,Gradient Boosting Classifier,0,0,0.007992878668222231
01_knn,Distancia,Gradient Boosting Classifier,1,1,0.9959580346578605
01_knn,Distancia,Gradient Boosting Classifier,0,0,0.01762502890978585
01_knn,Distancia,Gradient Boosting Classifier,0,0,0.043873241185173835
01_knn,Distancia,Gradient Boosting Classifier,0,0,0.014625204331389568
01_knn,Distancia,Gradient Boosting Classifier,0,0,0.005418258356114669
01_knn,Distancia,Gradient Boosting Classifier,1,1,0.9938296610118158
01_knn,Distancia,Gradient Boosting Classifier,0,0,0.0033902933174517753
01_knn,Distancia,Gradient Boosting Classifier,1,1,0.9549622106938033
01_knn,Distancia,Gradient Boosting Classifier,0,0,0.004059881453380199
01_knn,Distancia,Gradient Boosting Classifier,0,0,0.028371690818555232
01_knn,Distancia,Gradient Boosting Classifier,0,0,0.006016181826270716
01_knn,Distancia,Gradient Boosting Classifier,0,0,0.00884867971814988
01_knn,Distancia,Gradient Boosting Classifier,0,0,0.026634396238114706
01_knn,Distancia,Gradient Boosting Classifier,1,1,0.9974376297122233
01_knn,Distancia,Gradient Boosting Classifier,1,1,0.9695557682885867
01_knn,Distancia,Gradient Boosting Classifier,0,0,0.0035094031997000195
01_knn,Distancia,Gradient Boosting Classifier,1,1,0.9972714967788195
01_knn,Distancia,Gradient Boosting Classifier,0,0,0.06060636968272667
01_knn,Distancia,Gradient Boosting Classifier,1,1,0.9947674883578774
01_knn,Distancia,Gradient Boosting Classifier,0,0,0.009898408897493875
01_knn,Distancia,Gradient Boosting Classifier,0,0,0.0116775904435049
01_knn,Distancia,Gradient Boosting Classifier,0,0,0.002737984949942563
01_knn,Distancia,Gradient Boosting Classifier,0,0,0.002192904716394772
01_knn,Distancia,Gradient Boosting Classifier,1,1,0.995571704609372
01_knn,Distancia,Gradient Boosting Classifier,0,0,0.010058353584355204
01_knn,Distancia,Gradient Boosting Classifier,0,0,0.04470194326458263
01_knn,Distancia,Gradient Boosting Classifier,0,0,0.004351753960764021
01_knn,Distancia,Gradient Boosting Classifier,0,0,0.005067697305776901
01_knn,Distancia,Gradient Boosting Classifier,1,1,0.9958417601672725
01_knn,Distancia,Gradient Boosting Classifier,0,0,0.010430434043874347
01_knn,Distancia,Gradient Boosting Classifier,1,1,0.9546334344315489
01_knn,Distancia,Gradient Boosting Classifier,1,1,0.5392702469525512
01_knn,Distancia,Gradient Boosting Classifier,1,1,0.9978838006891035
01_knn,Distancia,Gradient Boosting Classifier,1,1,0.9636850155336781
01_knn,Distancia,Gradient Boosting Classifier,0,0,0.020859210527068236
01_knn,Distancia,Gradient Boosting Classifier,0,0,0.004962237569780183
01_knn,Distancia,Gradient Boosting Classifier,0,0,0.010644000555769698
01_knn,Distancia,Gradient Boosting Classifier,0,0,0.022186060379401157
01_knn,Distancia,Gradient Boosting Classifier,0,0,0.009333560509790638
01_knn,Distancia,Gradient Boosting Classifier,0,0,0.05505478208952007
01_knn,Distancia,Gradient Boosting Classifier,1,1,0.9967674877316179
01_knn,Distancia,Gradient Boosting Classifier,1,1,0.9974404128748997
01_knn,Distancia,Gradient Boosting Classifier,1,0,0.0605332474337973
01_knn,Distancia,Gradient Boosting Classifier,1,1,0.9951798421987645
01_knn,Distancia,Gradient Boosting Classifier,0,0,0.0026641408448165272
01_knn,Distancia,Gradient Boosting Classifier,1,1,0.9299826332868838
01_knn,Distancia,Gradient Boosting Classifier,0,0,0.006798001207506003
01_knn,Distancia,Gradient Boosting Classifier,0,0,0.0032282547551386
01_knn,Distancia,Gradient Boosting Classifier,0,0,0.007094788438758007
01_knn,Distancia,Gradient Boosting Classifier,0,0,0.026146478273012707
01_knn,Distancia,Gradient Boosting Classifier,1,1,0.9952215958166608
01_knn,Distancia,Gradient Boosting Classifier,0,0,0.014904626744795531
01_knn,Distancia,Gradient Boosting Classifier,1,1,0.9971396093287013
01_knn,Distancia,Gradient Boosting Classifier,1,1,0.9954798049658855
01_knn,Distancia,Gradient Boosting Classifier,0,0,0.0019786881902375355
01_knn,Distancia,Gradient Boosting Classifier,0,0,0.002611006291014169
01_knn,Distancia,Gradient Boosting Classifier,0,0,0.004618312123278793
01_knn,Distancia,Gradient Boosting Classifier,0,0,0.01910304600198903
01_knn,Distancia,Gradient Boosting Classifier,0,0,0.029418771322015903
01_knn,Distancia,Gradient Boosting Classifier,0,0,0.07286966959481897
01_knn,Distancia,Gradient Boosting Classifier,1,1,0.9865732160536632
01_knn,Distancia,Gradient Boosting Classifier,0,0,0.016368043640807847
01_knn,Distancia,Gradient Boosting Classifier,0,0,0.0032995173840084323
01_knn,Distancia,Gradient Boosting Classifier,0,0,0.0063084644858926045
01_knn,Distancia,Gradient Boosting Classifier,0,0,0.0037728110604811935
01_knn,Distancia,Gradient Boosting Classifier,0,0,0.0064624740946233996
01_knn,Distancia,Gradient Boosting Classifier,0,0,0.00707557044360118
01_knn,Distancia,Gradient Boosting Classifier,0,0,0.007831301035844786
01_knn,Distancia,Gradient Boosting Classifier,0,0,0.00737071297795163
01_knn,Distancia,Gradient Boosting Classifier,0,0,0.017798455311466697
01_knn,Distancia,Gradient Boosting Classifier,0,0,0.04402858012432332
01_knn,Distancia,Gradient Boosting Classifier,1,1,0.995571704609372
01_knn,Distancia,Gradient Boosting Classifier,0,0,0.01177500070452131
01_knn,Distancia,Gradient Boosting Classifier,0,0,0.013408440774800388
01_knn,Distancia,Gradient Boosting Classifier,0,0,0.013505609637761245
01_knn,Distancia,Gradient Boosting Classifier,0,0,0.0062934776752754515
01_knn,Distancia,Gradient Boosting Classifier,0,0,0.010136587469909034
01_knn,Distancia,Gradient Boosting Classifier,1,1,0.914031638673945
01_knn,Distancia,Gradient Boosting Classifier,0,0,0.04702007390922963
01_knn,Distancia,Gradient Boosting Classifier,0,0,0.008629468689005966
01_knn,Distancia,Gradient Boosting Classifier,0,0,0.004059881453380199
01_knn,Distancia,Gradient Boosting Classifier,0,0,0.004857992555335168
01_knn,Distancia,Gradient Boosting Classifier,0,0,0.01344695829666841
01_knn,Distancia,Gradient Boosting Classifier,0,0,0.027155848793414098
01_knn,Distancia,Gradient Boosting Classifier,1,1,0.9968999398094271
01_knn,Distancia,Gradient Boosting Classifier,0,0,0.4222375112396562
01_knn,Distancia,Gradient Boosting Classifier,0,0,0.03774710191296718
01_knn,Distancia,Gradient Boosting Classifier,0,0,0.0051294660863295104
01_knn,Distancia,Gradient Boosting Classifier,0,0,0.025330959259849416
01_knn,Distancia,Gradient Boosting Classifier,0,0,0.005665994730524232
01_knn,Distancia,Gradient Boosting Classifier,0,0,0.010203374123387073
01_knn,Distancia,Gradient Boosting Classifier,0,0,0.005807217708821445
01_knn,Distancia,Gradient Boosting Classifier,0,0,0.0059113334263716155
01_knn,Distancia,Gradient Boosting Classifier,0,0,0.1933784119066911
01_knn,Distancia,Gradient Boosting Classifier,1,1,0.9977089225559039
01_knn,Distancia,Gradient Boosting Classifier,0,0,0.0033956564719287642
01_knn,Distancia,Gradient Boosting Classifier,0,1,0.5895431997492158
01_knn,Distancia,Gradient Boosting Classifier,0,0,0.004968850740265815
01_knn,Distancia,Gradient Boosting Classifier,0,0,0.05001614341413939
01_knn,Distancia,Gradient Boosting Classifier,1,1,0.9825002568952727
01_knn,Distancia,Gradient Boosting Classifier,0,0,0.004652249877373517
01_knn,Distancia,Gradient Boosting Classifier,0,0,0.0038000669962172705
01_knn,Distancia,Gradient Boosting Classifier,0,0,0.015565103862590263
01_knn,Distancia,Gradient Boosting Classifier,0,0,0.06387471493983579
01_knn,Distancia,Gradient Boosting Classifier,0,0,0.0031879150451023996
01_knn,Distancia,Gradient Boosting Classifier,0,0,0.0036215435246670685
01_knn,Distancia,Gradient Boosting Classifier,0,0,0.005297229793108612
01_knn,Distancia,Gradient Boosting Classifier,1,1,0.9932162431885205
01_knn,Distancia,Gradient Boosting Classifier,0,0,0.01930852078364709
01_knn,Distancia,Gradient Boosting Classifier,1,1,0.9890657839824986
01_knn,Distancia,Gradient Boosting Classifier,0,0,0.0242488720479249
01_knn,Distancia,Gradient Boosting Classifier,0,0,0.010708086793623891
01_knn,Distancia,Gradient Boosting Classifier,0,0,0.002528875403879453
01_knn,Distancia,Gradient Boosting Classifier,0,0,0.010240149768948143
01_knn,Distancia,Gradient Boosting Classifier,1,1,0.893365832848361
01_knn,Distancia,Gradient Boosting Classifier,0,0,0.021201814946678495
01_knn,Distancia,Gradient Boosting Classifier,0,0,0.007054962534177064
01_knn,Distancia,Gradient Boosting Classifier,0,0,0.007094788438758007
01_knn,Distancia,Gradient Boosting Classifier,1,1,0.9790233545805113
01_knn,Distancia,Gradient Boosting Classifier,0,0,0.004615397836335987
01_knn,Distancia,Gradient Boosting Classifier,0,0,0.04511344980682506
01_knn,Distancia,Gradient Boosting Classifier,0,0,0.04501693309803434
01_knn,Distancia,Gradient Boosting Classifier,1,1,0.9946631828921205
01_knn,Distancia,Gradient Boosting Classifier,0,0,0.006652373098744805
01_knn,Distancia,Gradient Boosting Classifier,0,0,0.026463355963620136
01_knn,Distancia,Gradient Boosting Classifier,1,1,0.9959493701239706
01_knn,Distancia,Gradient Boosting Classifier,0,0,0.017118208275852462
01_knn,Distancia,Gradient Boosting Classifier,0,0,0.005827852101629334
01_knn,Distancia,Gradient Boosting Classifier,0,0,0.006781864511243938
01_knn,Distancia,Gradient Boosting Classifier,1,1,0.9946159248004622
01_knn,Distancia,Gradient Boosting Classifier,0,0,0.041093049532870345
01_knn,Distancia,Gradient Boosting Classifier,1,1,0.7237307779719675
01_knn,Distancia,Gradient Boosting Classifier,0,0,0.0035089220210330436
01_knn,Distancia,Gradient Boosting Classifier,0,0,0.030577782145979948
01_knn,Distancia,Gradient Boosting Classifier,1,1,0.9049087081145345
01_knn,Distancia,Gradient Boosting Classifier,0,0,0.027504615562919915
01_knn,Distancia,Gradient Boosting Classifier,0,0,0.005807217708821445
01_knn,Distancia,Gradient Boosting Classifier,1,1,0.996322187709093
01_knn,Distancia,Gradient Boosting Classifier,0,0,0.00924277833667772
01_knn,Distancia,Gradient Boosting Classifier,0,0,0.004719904530632039
01_knn,Distancia,Gradient Boosting Classifier,0,0,0.003952256584761308
01_knn,Distancia,Gradient Boosting Classifier,0,0,0.03488212986667428
01_knn,Distancia,Gradient Boosting Classifier,1,1,0.9949324543616007
01_knn,Distancia,Gradient Boosting Classifier,0,0,0.004305919184558677
01_knn,Distancia,Gradient Boosting Classifier,0,0,0.010398298763373708
01_knn,Distancia,Gradient Boosting Classifier,1,1,0.7172873786087467
01_knn,Distancia,Gradient Boosting Classifier,0,0,0.0031041477840753804
01_knn,Distancia,Gradient Boosting Classifier,0,0,0.005228965914287321
01_knn,Distancia,Gradient Boosting Classifier,0,0,0.1280744560770015
01_knn,Distancia,Gradient Boosting Classifier,0,0,0.0036239521548698207
01_knn,Distancia,Gradient Boosting Classifier,1,1,0.996348045347078
01_knn,Distancia,Gradient Boosting Classifier,0,0,0.0037293720687702485
01_knn,Distancia,Gradient Boosting Classifier,0,0,0.0074961467692736036
01_knn,Distancia,Gradient Boosting Classifier,0,0,0.03977661987696146
01_knn,Distancia,Gradient Boosting Classifier,0,0,0.004155611481580392
01_knn,Distancia,Gradient Boosting Classifier,0,0,0.35456392955742466
01_knn,Distancia,Gradient Boosting Classifier,0,0,0.004141957437201168
01_knn,Distancia,Gradient Boosting Classifier,0,0,0.023334557454470075
01_knn,Distancia,Gradient Boosting Classifier,0,0,0.004758074988739178
01_knn,Distancia,Gradient Boosting Classifier,0,0,0.03665635789810907
01_knn,Distancia,Gradient Boosting Classifier,0,1,0.5832141066193391
01_knn,Distancia,Gradient Boosting Classifier,0,0,0.00592057478653317
01_knn,Distancia,Gradient Boosting Classifier,0,0,0.005807217708821445
01_knn,Distancia,Gradient Boosting Classifier,0,0,0.01648139169770014
01_knn,Distancia,Gradient Boosting Classifier,0,0,0.20159464156816892
01_knn,Distancia,Gradient Boosting Classifier,0,0,0.015150968015048052
01_knn,Distancia,Gradient Boosting Classifier,0,0,0.0039759874540740555
01_knn,Distancia,Gradient Boosting Classifier,0,0,0.002676058896732114
01_knn,Distancia,Gradient Boosting Classifier,0,0,0.013025122590851682
01_knn,Distancia,Gradient Boosting Classifier,0,0,0.002102353196606117
01_knn,Distancia,Gradient Boosting Classifier,1,1,0.733027818931658
01_knn,Distancia,Gradient Boosting Classifier,0,0,0.007309168837519009
01_knn,Distancia,Gradient Boosting Classifier,0,0,0.002401007531422812
01_knn,Distancia,Gradient Boosting Classifier,0,0,0.27187520752855815
01_knn,Distancia,Gradient Boosting Classifier,0,0,0.005720028273444899
01_knn,Distancia,Gradient Boosting Classifier,0,0,0.004226253495796891
01_knn,Distancia,Gradient Boosting Classifier,0,0,0.007711315796318737
01_knn,Distancia,Gradient Boosting Classifier,0,0,0.006360778399816211
01_knn,Distancia,Gradient Boosting Classifier,0,0,0.3524503270017406
01_knn,Distancia,Gradient Boosting Classifier,0,0,0.0049573424971605445
01_knn,Distancia,Gradient Boosting Classifier,1,1,0.9593143200309703
01_knn,Distancia,Gradient Boosting Classifier,0,0,0.00520007476477771
01_knn,Distancia,Gradient Boosting Classifier,0,0,0.0030314103361547976
01_knn,Distancia,Gradient Boosting Classifier,0,0,0.012593295103207473
01_knn,Distancia,Gradient Boosting Classifier,0,0,0.012132312178924012
01_knn,Distancia,Gradient Boosting Classifier,0,0,0.06551981060467205
01_knn,Distancia,Gradient Boosting Classifier,0,0,0.050498980517031326
01_knn,Distancia,Gradient Boosting Classifier,0,0,0.004610856686611771
01_knn,Distancia,Gradient Boosting Classifier,0,0,0.021779104992133716
01_knn,Distancia,Gradient Boosting Classifier,0,0,0.005500700390543302
01_knn,Distancia,Gradient Boosting Classifier,1,1,0.9944212649233053
01_knn,Distancia,Gradient Boosting Classifier,0,0,0.0037290523621661045
01_knn,Distancia,Gradient Boosting Classifier,1,1,0.995984216509715
01_knn,Distancia,Gradient Boosting Classifier,1,1,0.995571704609372
01_knn,Distancia,Gradient Boosting Classifier,0,0,0.0014534004589092859
01_knn,Distancia,Gradient Boosting Classifier,0,0,0.011935689208556952
01_knn,Distancia,Gradient Boosting Classifier,1,1,0.9959793151849156
01_knn,Distancia,Gradient Boosting Classifier,0,0,0.2645022557799529
01_knn,Distancia,Gradient Boosting Classifier,1,1,0.9951804855566153
01_knn,Distancia,Gradient Boosting Classifier,0,0,0.012679163679874433
01_knn,Distancia,Gradient Boosting Classifier,0,0,0.002744705050050212
01_knn,Distancia,Gradient Boosting Classifier,1,1,0.9791302489774572
01_knn,Distancia,Gradient Boosting Classifier,0,0,0.003702215358691031
01_knn,Distancia,Gradient Boosting Classifier,1,1,0.9465107249544775
01_knn,Distancia,Gradient Boosting Classifier,0,0,0.005720028273444899
01_knn,Distancia,Gradient Boosting Classifier,0,0,0.004405778332851303
01_knn,Distancia,Gradient Boosting Classifier,0,0,0.004226253495796891
01_knn,Distancia,Gradient Boosting Classifier,1,1,0.9951804855566153
01_knn,Distancia,Gradient Boosting Classifier,0,0,0.054943489194733304
01_knn,Distancia,Gradient Boosting Classifier,0,0,0.021543515056702132
01_knn,Distancia,Gradient Boosting Classifier,0,0,0.011130914198767074
01_knn,Distancia,Gradient Boosting Classifier,0,0,0.006069178042219621
01_knn,Distancia,Gradient Boosting Classifier,0,0,0.0034288336343400857
01_knn,Distancia,Gradient Boosting Classifier,0,0,0.024118160612141393
01_knn,Distancia,Gradient Boosting Classifier,1,0,0.03881042262526945
01_knn,Distancia,Gradient Boosting Classifier,0,0,0.002099332045944254
01_knn,Distancia,Gradient Boosting Classifier,0,0,0.00432475748355981
01_knn,Distancia,Gradient Boosting Classifier,0,0,0.004170990169513515
01_knn,Distancia,Gradient Boosting Classifier,0,0,0.006896966721892858
01_knn,Distancia,Gradient Boosting Classifier,0,0,0.005424876514014176
01_knn,Distancia,Gradient Boosting Classifier,1,1,0.9748251757443912
01_knn,Distancia,Gradient Boosting Classifier,0,0,0.014349501499954061
01_knn,Distancia,Gradient Boosting Classifier,0,1,0.7367448404613898
01_knn,Distancia,Gradient Boosting Classifier,0,0,0.004878547009037928
01_knn,Distancia,Gradient Boosting Classifier,0,0,0.026533615701856944
01_knn,Distancia,Gradient Boosting Classifier,1,1,0.9933144750773336
01_knn,Distancia,Gradient Boosting Classifier,1,1,0.995571704609372
01_knn,Distancia,Gradient Boosting Classifier,0,0,0.03654605609302082
01_knn,Distancia,Gradient Boosting Classifier,0,0,0.005132727672449302
01_knn,Distancia,Gradient Boosting Classifier,0,0,0.004208694679808264
01_knn,Distancia,Gradient Boosting Classifier,0,0,0.004351753960764021
01_knn,Distancia,Gradient Boosting Classifier,1,1,0.9803318397486576
01_knn,Distancia,Gradient Boosting Classifier,1,1,0.9765957736212038
01_knn,Distancia,Gradient Boosting Classifier,1,1,0.996420537313444
01_knn,Distancia,Gradient Boosting Classifier,0,0,0.013676822222852103
01_knn,Distancia,Gradient Boosting Classifier,0,0,0.041308356665529525
01_knn,Distancia,Gradient Boosting Classifier,0,0,0.00220170079995423
01_knn,Distancia,Gradient Boosting Classifier,0,0,0.011235003220183518
01_knn,Distancia,Gradient Boosting Classifier,0,0,0.005596380469957648
01_knn,Distancia,Gradient Boosting Classifier,1,1,0.994899669996452
01_knn,Distancia,Gradient Boosting Classifier,0,0,0.0049052832788233774
01_knn,Distancia,Gradient Boosting Classifier,0,0,0.06788520191929572
01_knn,Distancia,Gradient Boosting Classifier,0,0,0.0045300323982930815
01_knn,Distancia,Gradient Boosting Classifier,0,0,0.008709146648553823
01_knn,Distancia,Gradient Boosting Classifier,0,0,0.29238608842075237
01_knn,Distancia,Gradient Boosting Classifier,1,1,0.9944280549284533
01_knn,Distancia,Gradient Boosting Classifier,0,0,0.005335571583301457
01_knn,Distancia,Gradient Boosting Classifier,0,0,0.020065066695921528
01_knn,Distancia,Gradient Boosting Classifier,1,1,0.996957690662149
01_knn,Distancia,Gradient Boosting Classifier,0,0,0.0044117063332061056
01_knn,Distancia,Gradient Boosting Classifier,0,0,0.011345612356209655
01_knn,Distancia,Gradient Boosting Classifier,1,1,0.8811851039623774
01_knn,Distancia,Gradient Boosting Classifier,0,0,0.04779869736905636
01_knn,Distancia,Gradient Boosting Classifier,0,0,0.004003083736192778
01_knn,Distancia,Gradient Boosting Classifier,1,1,0.9951360061459401
01_knn,Distancia,Gradient Boosting Classifier,0,0,0.006129085909647232
01_knn,Distancia,Gradient Boosting Classifier,0,0,0.05171361507050968
01_knn,Distancia,Gradient Boosting Classifier,1,1,0.855860422655036
01_knn,Distancia,Gradient Boosting Classifier,1,1,0.9171146156187956
01_knn,Distancia,Gradient Boosting Classifier,1,1,0.9708434222156757
01_knn,Distancia,Gradient Boosting Classifier,0,0,0.0085019344660141
01_knn,Distancia,Gradient Boosting Classifier,0,0,0.010641687984969811
01_knn,Distancia,Gradient Boosting Classifier,1,1,0.9970308033019298
01_knn,Distancia,Gradient Boosting Classifier,1,1,0.9942658412701258
01_knn,Distancia,Gradient Boosting Classifier,0,0,0.0044117063332061056
01_knn,Distancia,Gradient Boosting Classifier,1,1,0.9761315904345668
01_knn,Distancia,Gradient Boosting Classifier,0,0,0.005207978677916198
01_knn,Distancia,Gradient Boosting Classifier,1,1,0.8870843417420714
01_knn,Distancia,Gradient Boosting Classifier,0,0,0.004564593115823965
01_knn,Distancia,Gradient Boosting Classifier,1,1,0.9929936362691885
01_knn,Distancia,Gradient Boosting Classifier,0,0,0.00876025808018227
01_knn,Distancia,Gradient Boosting Classifier,0,0,0.017951128341278075
01_knn,Distancia,Gradient Boosting Classifier,0,0,0.0033616334185641267
01_knn,Distancia,Gradient Boosting Classifier,0,0,0.006471452815722074
01_knn,Distancia,Gradient Boosting Classifier,0,0,0.021598718256944708
01_knn,Distancia,Gradient Boosting Classifier,1,1,0.9965278398382668
01_knn,Distancia,Gradient Boosting Classifier,0,0,0.020462309894600607
01_knn,Distancia,Gradient Boosting Classifier,1,1,0.9952413076747009
01_knn,Distancia,Gradient Boosting Classifier,0,0,0.014708507299022865
01_knn,Distancia,Gradient Boosting Classifier,0,0,0.013699615097018456
01_knn,Distancia,Gradient Boosting Classifier,1,1,0.8387788663197419
01_knn,Distancia,Gradient Boosting Classifier,0,0,0.013618085379701104
01_knn,Distancia,Gradient Boosting Classifier,0,0,0.012008883997577302
01_knn,Distancia,Gradient Boosting Classifier,0,0,0.05116533795827905
01_knn,Distancia,Gradient Boosting Classifier,0,0,0.014407061931146232
01_knn,Distancia,Gradient Boosting Classifier,0,0,0.005360865632454387
01_knn,Distancia,Gradient Boosting Classifier,0,0,0.045870517543481815
01_knn,Distancia,Gradient Boosting Classifier,0,0,0.06547322174977398
01_knn,Distancia,Gradient Boosting Classifier,0,0,0.008396986321936374
01_knn,Distancia,Gradient Boosting Classifier,1,1,0.9959218425096522
01_knn,Distancia,Gradient Boosting Classifier,0,0,0.008122890642093077
01_knn,Distancia,Gradient Boosting Classifier,0,0,0.009490366609042419
01_knn,Distancia,Gradient Boosting Classifier,1,1,0.995571704609372
01_knn,Distancia,Gradient Boosting Classifier,0,0,0.004235779416698119
01_knn,Distancia,Gradient Boosting Classifier,1,1,0.9857790788125239
01_knn,Distancia,Gradient Boosting Classifier,1,1,0.9959561504971368
01_knn,Distancia,Gradient Boosting Classifier,0,0,0.00737071297795163
01_knn,Distancia,Gradient Boosting Classifier,1,0,0.30291461486209514
01_knn,Distancia,Gradient Boosting Classifier,0,0,0.0895506530806937
01_knn,Distancia,Gradient Boosting Classifier,0,0,0.010264144786767742
01_knn,Distancia,Gradient Boosting Classifier,0,0,0.023243197637553472
01_knn,Distancia,Gradient Boosting Classifier,1,1,0.9956285408395685
01_knn,Distancia,Gradient Boosting Classifier,0,0,0.006333092845298208
01_knn,Distancia,Gradient Boosting Classifier,0,0,0.01376988116591931
01_knn,Distancia,Gradient Boosting Classifier,0,0,0.015633314151336546
01_knn,Distancia,Gradient Boosting Classifier,0,0,0.005807217708821445
01_knn,Distancia,Gradient Boosting Classifier,0,0,0.012543727756945382
01_knn,Distancia,Gradient Boosting Classifier,0,0,0.021848782801251118
01_knn,Distancia,Gradient Boosting Classifier,0,0,0.12180975525188431
01_knn,Distancia,Gradient Boosting Classifier,0,0,0.004590744603396987
01_knn,Distancia,Gradient Boosting Classifier,1,1,0.6151975372745081
01_knn,Distancia,Gradient Boosting Classifier,0,0,0.014788319660349157
01_knn,Distancia,Gradient Boosting Classifier,0,0,0.011587300405147181
01_knn,Distancia,Gradient Boosting Classifier,0,0,0.006119462585994021
01_knn,Distancia,Gradient Boosting Classifier,1,1,0.9975960834217791
01_knn,Distancia,Gradient Boosting Classifier,0,0,0.11814954366031348
01_knn,Distancia,Gradient Boosting Classifier,0,0,0.023414849229581668
01_knn,Distancia,Gradient Boosting Classifier,0,0,0.05587157440908328
01_knn,Distancia,Gradient Boosting Classifier,1,1,0.997694161276062
01_knn,Distancia,Gradient Boosting Classifier,0,0,0.05546122756025376
01_knn,Distancia,Gradient Boosting Classifier,0,0,0.007070948957686853
01_knn,Distancia,Gradient Boosting Classifier,1,1,0.9929060907397615
01_knn,Distancia,Gradient Boosting Classifier,1,1,0.9729143697659999
01_knn,Distancia,Gradient Boosting Classifier,0,0,0.003947568502302347
01_knn,Distancia,Gradient Boosting Classifier,1,1,0.9950403512690862
01_knn,Distancia,Gradient Boosting Classifier,0,0,0.052629941306681194
01_knn,Distancia,Gradient Boosting Classifier,0,0,0.015726501456078405
01_knn,Distancia,Gradient Boosting Classifier,1,1,0.9951360061459401
01_knn,Distancia,Gradient Boosting Classifier,0,0,0.005331096024448067
01_knn,Distancia,Gradient Boosting Classifier,1,1,0.9959218425096522
01_knn,Distancia,Gradient Boosting Classifier,1,1,0.9962186707893528
01_knn,Distancia,Gradient Boosting Classifier,0,0,0.03627582561260666
01_knn,Distancia,Gradient Boosting Classifier,1,1,0.9848471721299435
01_knn,Distancia,Gradient Boosting Classifier,0,0,0.0034822324246589864
01_knn,Distancia,Gradient Boosting Classifier,0,0,0.0048555294465078835
01_knn,Distancia,Gradient Boosting Classifier,0,0,0.0988390760161224
01_knn,Distancia,Gradient Boosting Classifier,0,0,0.004619202090924784
01_knn,Distancia,Gradient Boosting Classifier,0,0,0.004452150629635162
01_knn,Distancia,Gradient Boosting Classifier,0,0,0.13286165289481128
01_knn,Distancia,Gradient Boosting Classifier,0,0,0.14004164816194717
01_knn,Distancia,Gradient Boosting Classifier,0,0,0.005933352063681462
01_knn,Distancia,Gradient Boosting Classifier,0,0,0.005815730481348542
01_knn,Distancia,Gradient Boosting Classifier,0,0,0.04417804256371501
01_knn,Distancia,Gradient Boosting Classifier,0,0,0.004020410905917646
01_knn,Distancia,Gradient Boosting Classifier,0,0,0.02955507231510227
01_knn,Distancia,Gradient Boosting Classifier,0,0,0.004226253495796891
01_knn,Distancia,Gradient Boosting Classifier,0,0,0.11338950697016581
01_knn,Distancia,Gradient Boosting Classifier,1,1,0.9939356067585553
01_knn,Distancia,Gradient Boosting Classifier,0,0,0.0050344173363966495
01_knn,Distancia,Gradient Boosting Classifier,0,0,0.0054247122974933094
01_knn,Distancia,Gradient Boosting Classifier,0,0,0.009721232753626526
01_knn,Distancia,Gradient Boosting Classifier,0,0,0.01595337994941686
01_knn,Distancia,Gradient Boosting Classifier,1,1,0.9968449647107565
01_knn,Distancia,Gradient Boosting Classifier,0,0,0.004179187132198349
01_knn,Distancia,Gradient Boosting Classifier,0,0,0.0176504437205747
01_knn,Distancia,Gradient Boosting Classifier,0,0,0.01593229829708838
01_knn,Distancia,Gradient Boosting Classifier,0,0,0.004490342032511805
01_knn,Distancia,Gradient Boosting Classifier,1,1,0.996348045347078
01_knn,Distancia,Gradient Boosting Classifier,0,0,0.035203231416991866
01_knn,Distancia,Gradient Boosting Classifier,0,0,0.013532144266018845
01_knn,Distancia,Gradient Boosting Classifier,0,0,0.00564821788075806
01_knn,Distancia,Gradient Boosting Classifier,0,0,0.035948970715193006
01_knn,Distancia,Gradient Boosting Classifier,0,0,0.009267395980141844
01_knn,Distancia,Gradient Boosting Classifier,0,0,0.005448609714755192
01_knn,Distancia,Gradient Boosting Classifier,0,0,0.0058316659611208485
01_knn,Distancia,Gradient Boosting Classifier,1,1,0.9970835928673187
01_knn,Distancia,Gradient Boosting Classifier,0,0,0.009366704427103327
01_knn,Distancia,Gradient Boosting Classifier,0,0,0.004908409410891426
01_knn,Distancia,Gradient Boosting Classifier,0,0,0.10549682039088255
01_knn,Distancia,Gradient Boosting Classifier,0,0,0.0047653485062558775
01_knn,Distancia,Gradient Boosting Classifier,0,0,0.03269926340487256
01_knn,Distancia,Gradient Boosting Classifier,0,0,0.004346116529225615
01_knn,Distancia,Gradient Boosting Classifier,1,1,0.985382218999673
01_knn,Distancia,Gradient Boosting Classifier,1,1,0.9986161257460147
01_knn,Distancia,Gradient Boosting Classifier,0,0,0.09489020914578963
01_knn,Distancia,Gradient Boosting Classifier,1,1,0.9857790788125239
01_knn,Distancia,Gradient Boosting Classifier,0,0,0.022655949359522067
01_knn,Distancia,Gradient Boosting Classifier,1,1,0.9560971064118231
01_knn,Distancia,Gradient Boosting Classifier,1,1,0.9905626561229224
01_knn,Distancia,Gradient Boosting Classifier,0,0,0.006238083591144284
01_knn,Distancia,Gradient Boosting Classifier,1,1,0.6293637657509109
01_knn,Distancia,Gradient Boosting Classifier,0,0,0.007371994858498328
01_knn,Distancia,Gradient Boosting Classifier,0,0,0.003634835154631251
01_knn,Distancia,Gradient Boosting Classifier,1,1,0.9969186731323489
01_knn,Distancia,Gradient Boosting Classifier,0,0,0.0041892135208076615
01_knn,Distancia,Gradient Boosting Classifier,1,1,0.9965527438510873
01_knn,Distancia,Gradient Boosting Classifier,0,0,0.007452705451095249
01_knn,Distancia,Gradient Boosting Classifier,0,0,0.01628967841575256
01_knn,Distancia,Gradient Boosting Classifier,0,0,0.00737624850825346
01_knn,Distancia,Gradient Boosting Classifier,0,0,0.0064749940661758
01_knn,Distancia,Gradient Boosting Classifier,0,0,0.010571119244677336
01_knn,Distancia,Gradient Boosting Classifier,1,1,0.9951804855566153
01_knn,Distancia,Gradient Boosting Classifier,0,0,0.01621212925038245
01_knn,Distancia,Gradient Boosting Classifier,0,0,0.005807217708821445
01_knn,Distancia,Gradient Boosting Classifier,0,0,0.03029506890653195
01_knn,Distancia,Gradient Boosting Classifier,0,0,0.012525465123860083
01_knn,Distancia,Gradient Boosting Classifier,0,0,0.016130218969086722
01_knn,Distancia,Gradient Boosting Classifier,0,0,0.016163068219580953
01_knn,Distancia,Gradient Boosting Classifier,0,0,0.0017785895816798127
01_knn,Distancia,Gradient Boosting Classifier,0,0,0.08871753412789012
01_knn,Distancia,Gradient Boosting Classifier,1,1,0.9842028120699776
01_knn,Distancia,Gradient Boosting Classifier,1,1,0.9950323115938843
01_knn,Distancia,Gradient Boosting Classifier,0,0,0.005399496271155256
01_knn,Distancia,Gradient Boosting Classifier,0,0,0.02117297506412253
01_knn,Distancia,Gradient Boosting Classifier,0,0,0.015743682285897714
01_knn,Distancia,Gradient Boosting Classifier,0,0,0.007231327993374598
01_knn,Distancia,Gradient Boosting Classifier,0,0,0.009435823036758642
01_knn,Distancia,Gradient Boosting Classifier,0,0,0.0049903202779233765
01_knn,Distancia,Gradient Boosting Classifier,1,1,0.9761315904345668
01_knn,Distancia,Gradient Boosting Classifier,0,0,0.004616977505199944
01_knn,Distancia,Gradient Boosting Classifier,0,0,0.010541106004280463
01_knn,Distancia,Gradient Boosting Classifier,0,0,0.02025769193611963
01_knn,Distancia,Gradient Boosting Classifier,0,0,0.004430420438747473
01_knn,Distancia,Gradient Boosting Classifier,0,0,0.007157312895053566
01_knn,Distancia,Gradient Boosting Classifier,1,1,0.8943625425533535
01_knn,Distancia,Gradient Boosting Classifier,0,0,0.02607456314032508
01_knn,Distancia,Gradient Boosting Classifier,0,0,0.29633350680483933
01_knn,Distancia,Gradient Boosting Classifier,0,0,0.005071952863844051
01_knn,Distancia,Gradient Boosting Classifier,0,0,0.013682404954917474
01_knn,Distancia,Gradient Boosting Classifier,0,0,0.011781478635100939
01_knn,Distancia,Gradient Boosting Classifier,0,0,0.03048747242646711
01_knn,Distancia,Gradient Boosting Classifier,0,0,0.011902929982272735
01_knn,Distancia,Gradient Boosting Classifier,0,0,0.0018714340676475583
01_knn,Distancia,Gradient Boosting Classifier,0,0,0.019163557204790946
01_knn,Distancia,Gradient Boosting Classifier,0,0,0.004717395273584164
01_knn,Distancia,Gradient Boosting Classifier,0,0,0.013229849101061387
01_knn,Distancia,Gradient Boosting Classifier,0,0,0.004726876888952243
01_knn,Distancia,Gradient Boosting Classifier,0,0,0.0060023737421390465
01_knn,Distancia,Gradient Boosting Classifier,0,0,0.004996407262377957
01_knn,Distancia,Gradient Boosting Classifier,1,0,0.44750711393126336
01_knn,Distancia,Gradient Boosting Classifier,0,0,0.0082083298892682
01_knn,Distancia,Gradient Boosting Classifier,0,0,0.02670305762958648
01_knn,Distancia,Gradient Boosting Classifier,1,1,0.9978013496071096
01_knn,Distancia,Gradient Boosting Classifier,0,0,0.02923343130666362
01_knn,Distancia,Gradient Boosting Classifier,0,0,0.013611292121352644
01_knn,Distancia,Gradient Boosting Classifier,0,0,0.3208428083952961
01_knn,Distancia,Gradient Boosting Classifier,0,0,0.012007703734342979
01_knn,Distancia,Gradient Boosting Classifier,1,1,0.8944642429110631
01_knn,Distancia,Gradient Boosting Classifier,0,0,0.006534365486209311
01_knn,Distancia,Gradient Boosting Classifier,0,0,0.005798362758328883
01_knn,Distancia,Gradient Boosting Classifier,0,0,0.0029809806961351025
01_knn,Distancia,Gradient Boosting Classifier,0,0,0.0055792107088782775
01_knn,Distancia,Gradient Boosting Classifier,0,0,0.0041892135208076615
01_knn,Distancia,Gradient Boosting Classifier,0,1,0.8545501527232635
01_knn,Distancia,Gradient Boosting Classifier,0,0,0.0037579494337103424
01_knn,Distancia,Gradient Boosting Classifier,0,0,0.004232916365430577
01_knn,Distancia,Gradient Boosting Classifier,0,0,0.0045225608430852285
01_knn,Distancia,Gradient Boosting Classifier,0,0,0.017145562453535875
01_knn,Distancia,Gradient Boosting Classifier,0,0,0.0024355320577679118
01_knn,Distancia,Gradient Boosting Classifier,0,1,0.6817815887970209
01_knn,Distancia,Gradient Boosting Classifier,1,0,0.03719617675240316
01_knn,Distancia,Gradient Boosting Classifier,0,0,0.03092244915992502
01_knn,Distancia,Gradient Boosting Classifier,1,1,0.9518281199078893
01_knn,Distancia,Gradient Boosting Classifier,0,0,0.006256391660678876
01_knn,Distancia,Gradient Boosting Classifier,1,1,0.9944212649233053
01_knn,Distancia,Gradient Boosting Classifier,0,0,0.020327912695816023
01_knn,Distancia,Gradient Boosting Classifier,0,0,0.004236044170208732
01_knn,Distancia,Gradient Boosting Classifier,0,0,0.003011159646407713
01_knn,Distancia,Gradient Boosting Classifier,1,1,0.995571704609372
01_knn,Distancia,Gradient Boosting Classifier,0,0,0.005650559579168728
01_knn,Distancia,Gradient Boosting Classifier,0,0,0.026387874426129686
01_knn,Distancia,Gradient Boosting Classifier,0,0,0.004528138140422677
01_knn,Distancia,Gradient Boosting Classifier,0,0,0.0043506007325492336
01_knn,Distancia,Gradient Boosting Classifier,1,1,0.9791229478510135
01_knn,Distancia,Gradient Boosting Classifier,1,0,0.2639180650501418
01_knn,Distancia,Gradient Boosting Classifier,0,0,0.06441971614045328
01_knn,Distancia,Gradient Boosting Classifier,0,0,0.005248691887525677
01_knn,Distancia,Gradient Boosting Classifier,0,0,0.1257455171110803
01_knn,Distancia,Gradient Boosting Classifier,0,0,0.06395490067298544
01_knn,Distancia,Gradient Boosting Classifier,0,0,0.004314090686735851
01_knn,Distancia,Gradient Boosting Classifier,1,1,0.9838963390847544
01_knn,Distancia,Gradient Boosting Classifier,0,0,0.011606741093745142
01_knn,Distancia,Gradient Boosting Classifier,0,0,0.0086851326239334
01_knn,Distancia,Gradient Boosting Classifier,0,0,0.011948611061385865
01_knn,Distancia,Gradient Boosting Classifier,1,1,0.9946513248457746
01_knn,Distancia,Gradient Boosting Classifier,0,0,0.007292213639027584
01_knn,Distancia,Gradient Boosting Classifier,1,1,0.9614837042939702
01_knn,Distancia,Gradient Boosting Classifier,0,0,0.006312700712207967
01_knn,Distancia,Gradient Boosting Classifier,0,0,0.010653067136639625
01_knn,Distancia,Gradient Boosting Classifier,0,0,0.007384445593467836
01_knn,Distancia,Gradient Boosting Classifier,0,0,0.0037701418841936305
01_knn,Distancia,Gradient Boosting Classifier,1,1,0.9950965285813523
01_knn,Distancia,Gradient Boosting Classifier,0,0,0.032630582566132244
01_knn,Distancia,Gradient Boosting Classifier,0,0,0.00791881678126467
01_knn,Distancia,Gradient Boosting Classifier,0,0,0.005827852101629334
01_knn,Distancia,Gradient Boosting Classifier,0,0,0.004423406700873942
01_knn,Distancia,Gradient Boosting Classifier,0,0,0.009642616615659747
01_knn,Distancia,Gradient Boosting Classifier,0,0,0.010227724342871454
01_knn,Distancia,Gradient Boosting Classifier,0,0,0.033341099627760155
01_knn,Distancia,Gradient Boosting Classifier,0,0,0.007770857935844436
01_knn,Distancia,Gradient Boosting Classifier,0,0,0.004939815024859149
01_knn,Distancia,Gradient Boosting Classifier,0,0,0.004351753960764021
01_knn,Distancia,Gradient Boosting Classifier,0,0,0.009981597282571487
01_knn,Distancia,Gradient Boosting Classifier,0,0,0.003620948699385468
01_knn,Distancia,Gradient Boosting Classifier,0,0,0.028880771297159796
01_knn,Distancia,Gradient Boosting Classifier,0,0,0.02170703107475619
01_knn,Distancia,Gradient Boosting Classifier,0,0,0.00430772204298099
01_knn,Distancia,Gradient Boosting Classifier,0,0,0.004903497055728327
01_knn,Distancia,Gradient Boosting Classifier,0,0,0.01538229987392041
01_knn,Distancia,Gradient Boosting Classifier,1,1,0.5532429539972833
01_knn,Distancia,Gradient Boosting Classifier,1,1,0.9989185845177884
01_knn,Distancia,Gradient Boosting Classifier,0,0,0.006059741079651152
01_knn,Distancia,Gradient Boosting Classifier,1,1,0.9948812066793515
01_knn,Distancia,Gradient Boosting Classifier,1,1,0.9946631828921205
01_knn,Distancia,Gradient Boosting Classifier,0,0,0.0037293720687702485
01_knn,Distancia,Gradient Boosting Classifier,0,0,0.004345782808327788
01_knn,Distancia,Gradient Boosting Classifier,0,0,0.021164361963569297
01_knn,Distancia,Gradient Boosting Classifier,0,0,0.03803677038578504
01_knn,Distancia,Gradient Boosting Classifier,0,0,0.0039257410073367536
01_knn,Distancia,Gradient Boosting Classifier,1,1,0.9922755336892314
01_knn,Distancia,Gradient Boosting Classifier,0,0,0.0101671949199515
01_knn,Distancia,Gradient Boosting Classifier,0,0,0.0293011924436285
01_knn,Distancia,Gradient Boosting Classifier,0,0,0.012381640173803927
01_knn,Distancia,Gradient Boosting Classifier,1,1,0.9939999579977635
01_knn,Distancia,Gradient Boosting Classifier,0,0,0.06570129089286925
01_knn,Distancia,Gradient Boosting Classifier,0,0,0.027625926088507075
01_knn,Distancia,Gradient Boosting Classifier,0,0,0.010227724342871454
01_knn,Distancia,Gradient Boosting Classifier,0,0,0.03932106267696778
01_knn,Distancia,Gradient Boosting Classifier,0,0,0.0055112034936602335
01_knn,Distancia,Gradient Boosting Classifier,0,0,0.031812220878719044
01_knn,Distancia,Gradient Boosting Classifier,0,0,0.00663418370169457
01_knn,Distancia,Gradient Boosting Classifier,1,1,0.9963369648776735
01_knn,Distancia,Gradient Boosting Classifier,1,1,0.993773538192164
01_knn,Distancia,Gradient Boosting Classifier,1,1,0.9713808844685556
01_knn,Distancia,Gradient Boosting Classifier,0,0,0.010202144021666157
01_knn,Distancia,Gradient Boosting Classifier,0,0,0.003266872361862975
01_knn,Distancia,Gradient Boosting Classifier,0,0,0.018831086329194578
01_knn,Distancia,Gradient Boosting Classifier,0,0,0.002914112248285422
01_knn,Distancia,Gradient Boosting Classifier,0,0,0.017271013395994413
01_knn,Distancia,Gradient Boosting Classifier,0,0,0.09469809483043128
01_knn,Distancia,Gradient Boosting Classifier,0,0,0.04868518828807477
01_knn,Distancia,Gradient Boosting Classifier,1,0,0.017512049963559297
01_knn,Distancia,Gradient Boosting Classifier,1,1,0.9973249449697728
01_knn,Distancia,Gradient Boosting Classifier,0,0,0.005311928424501827
01_knn,Distancia,Gradient Boosting Classifier,1,1,0.9966538324509243
01_knn,Distancia,Gradient Boosting Classifier,0,0,0.0028780609423931292
01_knn,Distancia,Gradient Boosting Classifier,0,0,0.004145687872376079
01_knn,Distancia,Gradient Boosting Classifier,1,1,0.996934136463256
01_knn,Distancia,Gradient Boosting Classifier,0,0,0.005156868312652814
01_knn,Distancia,Gradient Boosting Classifier,0,0,0.19779488897461722
01_knn,Distancia,Gradient Boosting Classifier,0,0,0.03854692062450028
01_knn,Distancia,Gradient Boosting Classifier,0,0,0.013932748334671589
01_knn,Distancia,Gradient Boosting Classifier,0,0,0.007721568467854644
01_knn,Distancia,Gradient Boosting Classifier,0,0,0.03007935573228256
01_knn,Distancia,Gradient Boosting Classifier,1,1,0.9978423061256486
01_knn,Distancia,Gradient Boosting Classifier,0,0,0.024259190799592382
01_knn,Distancia,Gradient Boosting Classifier,0,0,0.0073310734447326505
01_knn,Distancia,Gradient Boosting Classifier,0,0,0.007908080305899892
01_knn,Distancia,Gradient Boosting Classifier,0,0,0.00410565320849857
01_knn,Distancia,Gradient Boosting Classifier,0,0,0.01833652717765225
01_knn,Distancia,Gradient Boosting Classifier,1,1,0.8302572594748894
01_knn,Distancia,Gradient Boosting Classifier,0,0,0.005132165161513056
01_knn,Distancia,Gradient Boosting Classifier,0,0,0.004404728648786659
01_knn,Distancia,Gradient Boosting Classifier,0,0,0.0617182786001771
01_knn,Distancia,Gradient Boosting Classifier,0,0,0.011421267547583798
01_knn,Distancia,Gradient Boosting Classifier,0,0,0.009298084434432672
01_knn,Distancia,Gradient Boosting Classifier,0,0,0.003647001444260134
01_knn,Distancia,Gradient Boosting Classifier,0,0,0.09669197596832087
01_knn,Distancia,Gradient Boosting Classifier,0,0,0.005036748273306738
01_knn,Distancia,Gradient Boosting Classifier,1,1,0.9952413076747009
01_knn,Distancia,Gradient Boosting Classifier,0,0,0.00454502615433417
01_knn,Distancia,Gradient Boosting Classifier,1,1,0.9927976999087317
01_knn,Distancia,Gradient Boosting Classifier,0,0,0.002937412995145395
01_knn,Distancia,Gradient Boosting Classifier,0,0,0.0038642090826969686
01_knn,Distancia,Gradient Boosting Classifier,0,0,0.11279950843578915
01_knn,Distancia,Gradient Boosting Classifier,0,0,0.017760930894037078
01_knn,Distancia,Gradient Boosting Classifier,0,0,0.005057757082840584
01_knn,Distancia,Gradient Boosting Classifier,0,0,0.003392897582781834
01_knn,Distancia,Gradient Boosting Classifier,1,1,0.9921944766886186
01_knn,Distancia,Gradient Boosting Classifier,0,0,0.059378396147463396
01_knn,Distancia,Gradient Boosting Classifier,0,0,0.0045300323982930815
01_knn,Distancia,Gradient Boosting Classifier,0,0,0.005240004650884617
01_knn,Distancia,Gradient Boosting Classifier,0,0,0.02717399870780721
01_knn,Distancia,Gradient Boosting Classifier,1,1,0.9879974759218363
01_knn,Distancia,Gradient Boosting Classifier,0,0,0.005663142324705971
01_knn,Distancia,Gradient Boosting Classifier,0,0,0.002552212088617052
01_knn,Distancia,Gradient Boosting Classifier,0,0,0.07278367586534648
01_knn,Distancia,Gradient Boosting Classifier,0,0,0.004490342032511805
01_knn,Distancia,Gradient Boosting Classifier,0,0,0.006207414485337795
01_knn,Distancia,Gradient Boosting Classifier,0,0,0.005067697305776901
01_knn,Distancia,Gradient Boosting Classifier,0,0,0.01998461844777082
01_knn,Distancia,Gradient Boosting Classifier,0,0,0.0027032273286218783
01_knn,Distancia,Gradient Boosting Classifier,0,0,0.04079266148692184
01_knn,Distancia,Gradient Boosting Classifier,0,0,0.005526402974751392
01_knn,Distancia,Gradient Boosting Classifier,0,0,0.00383206301786643
01_knn,Distancia,Gradient Boosting Classifier,0,0,0.13652705690583658
01_knn,Distancia,Gradient Boosting Classifier,0,0,0.007173350360249007
01_knn,Distancia,Gradient Boosting Classifier,0,0,0.003148395316102569
01_knn,Distancia,Gradient Boosting Classifier,0,0,0.004095782609994674
01_knn,Distancia,Gradient Boosting Classifier,0,0,0.34499058002774424
01_knn,Distancia,Gradient Boosting Classifier,0,0,0.004761969512197046
01_knn,Distancia,Gradient Boosting Classifier,0,0,0.0019436574106773924
01_knn,Distancia,Gradient Boosting Classifier,0,0,0.005129120025663255
01_knn,Distancia,Gradient Boosting Classifier,0,0,0.0028629329902717196
01_knn,Distancia,Gradient Boosting Classifier,0,0,0.028172056576152838
01_knn,Distancia,Gradient Boosting Classifier,0,0,0.005463504639266118
01_knn,Distancia,Gradient Boosting Classifier,0,0,0.016542886630695416
01_knn,Distancia,Gradient Boosting Classifier,0,0,0.009816920465405358
01_knn,Distancia,Gradient Boosting Classifier,0,0,0.014388367417251425
01_knn,Distancia,Gradient Boosting Classifier,0,0,0.004133056691290826
01_knn,Distancia,Gradient Boosting Classifier,0,0,0.004865939784835618
01_knn,Distancia,Gradient Boosting Classifier,0,0,0.11307224196468078
01_knn,Distancia,Gradient Boosting Classifier,0,0,0.1293836894530396
01_knn,Distancia,Gradient Boosting Classifier,0,0,0.00933098762081285
01_knn,Distancia,Gradient Boosting Classifier,0,0,0.001621059129512517
01_knn,Distancia,Gradient Boosting Classifier,0,0,0.013487583466247068
01_knn,Distancia,Gradient Boosting Classifier,0,0,0.011321277160558562
01_knn,Distancia,Gradient Boosting Classifier,1,1,0.9911455721988245
01_knn,Distancia,Gradient Boosting Classifier,1,1,0.99626374035855
01_knn,Distancia,Gradient Boosting Classifier,0,0,0.0055613728939251945
01_knn,Distancia,Gradient Boosting Classifier,0,0,0.007683468419933224
01_knn,Distancia,Gradient Boosting Classifier,0,0,0.0038675825480363247
01_knn,Distancia,Gradient Boosting Classifier,0,0,0.006502949733982889
01_knn,Distancia,Gradient Boosting Classifier,1,1,0.9608293586978303
01_knn,Distancia,Gradient Boosting Classifier,1,1,0.9814891236946558
01_knn,Distancia,Gradient Boosting Classifier,0,0,0.004406518933440431
01_knn,Distancia,Gradient Boosting Classifier,0,0,0.004630255933408281
01_knn,Distancia,Gradient Boosting Classifier,0,0,0.014935097527706187
01_knn,Distancia,Gradient Boosting Classifier,0,0,0.004551783200212508
01_knn,Distancia,Gradient Boosting Classifier,0,0,0.020915060899717865
01_knn,Distancia,Gradient Boosting Classifier,0,0,0.015201086121111127
01_knn,Distancia,Gradient Boosting Classifier,0,0,0.05627360172218104
01_knn,Distancia,Gradient Boosting Classifier,1,1,0.9919582219166043
01_knn,Distancia,Gradient Boosting Classifier,0,0,0.004059881453380199
01_knn,Distancia,Gradient Boosting Classifier,0,0,0.016393687595340645
01_knn,Distancia,Gradient Boosting Classifier,0,0,0.14708221797347046
01_knn,Distancia,Gradient Boosting Classifier,1,1,0.7373280329803656
01_knn,Distancia,Gradient Boosting Classifier,1,1,0.5383829533434401
01_knn,Distancia,Gradient Boosting Classifier,0,0,0.0033438735176312654
01_knn,Distancia,Gradient Boosting Classifier,0,0,0.009151283624120215
01_knn,Distancia,Gradient Boosting Classifier,0,0,0.004390224741628321
01_knn,Distancia,Gradient Boosting Classifier,0,0,0.008219814675504089
01_knn,Distancia,Gradient Boosting Classifier,1,1,0.995571704609372
01_knn,Distancia,Gradient Boosting Classifier,1,1,0.9962228532980856
01_knn,Distancia,Gradient Boosting Classifier,0,0,0.043034748476218875
01_knn,Distancia,Gradient Boosting Classifier,0,0,0.048377820149408585
01_knn,Distancia,Gradient Boosting Classifier,0,0,0.004934663701009232
01_knn,Distancia,Gradient Boosting Classifier,0,0,0.026533911833894662
01_knn,Distancia,Gradient Boosting Classifier,0,0,0.006108817749546319
01_knn,Distancia,Gradient Boosting Classifier,1,1,0.7171697961025323
01_knn,Distancia,Gradient Boosting Classifier,0,0,0.005720028273444899
01_knn,Distancia,Gradient Boosting Classifier,0,0,0.006130517189148459
01_knn,Distancia,Gradient Boosting Classifier,0,0,0.0026528985468841563
01_knn,Distancia,Gradient Boosting Classifier,0,0,0.03495742973637726
01_knn,Distancia,Gradient Boosting Classifier,0,0,0.003836654353690125
01_knn,Distancia,Gradient Boosting Classifier,0,0,0.006082653107546286
01_knn,Distancia,Gradient Boosting Classifier,0,0,0.00715499181003693
01_knn,Distancia,Gradient Boosting Classifier,0,0,0.005827852101629334
01_knn,Distancia,Gradient Boosting Classifier,1,1,0.9942003345260298
01_knn,Distancia,Gradient Boosting Classifier,0,0,0.014122877382175533
01_knn,Distancia,Gradient Boosting Classifier,1,1,0.995571704609372
01_knn,Distancia,Gradient Boosting Classifier,1,1,0.9903348438078334
01_knn,Distancia,Gradient Boosting Classifier,0,0,0.005794882698295818
01_knn,Distancia,Gradient Boosting Classifier,0,0,0.024572323012712116
01_knn,Distancia,Gradient Boosting Classifier,0,0,0.019219478788327846
01_knn,Distancia,Gradient Boosting Classifier,0,0,0.08511533296344635
01_knn,Distancia,Gradient Boosting Classifier,1,1,0.9954262092163958
01_knn,Distancia,Gradient Boosting Classifier,0,0,0.46375644277626976
01_knn,Distancia,Gradient Boosting Classifier,1,1,0.9946818099773158
01_knn,Distancia,Gradient Boosting Classifier,1,1,0.735250068354555
01_knn,Distancia,Gradient Boosting Classifier,0,0,0.011554242499262776
01_knn,Distancia,Gradient Boosting Classifier,0,0,0.013598290432652217
01_knn,Distancia,Gradient Boosting Classifier,0,0,0.07549258478800948
01_knn,Distancia,Gradient Boosting Classifier,1,1,0.9950323115938843
01_knn,Distancia,Gradient Boosting Classifier,0,0,0.004617442636213991
01_knn,Distancia,Gradient Boosting Classifier,0,0,0.00528565585166642
01_knn,Distancia,Gradient Boosting Classifier,0,0,0.008783402886807545
01_knn,Distancia,Gradient Boosting Classifier,0,0,0.005648959775650881
01_knn,Distancia,Gradient Boosting Classifier,0,0,0.021822923647461894
01_knn,Distancia,Gradient Boosting Classifier,0,0,0.00926475548094285
01_knn,Distancia,Gradient Boosting Classifier,0,0,0.017748443457277614
01_knn,Distancia,Gradient Boosting Classifier,0,0,0.005613558296763421
01_knn,Distancia,Gradient Boosting Classifier,0,0,0.003220690284584643
01_knn,Distancia,Gradient Boosting Classifier,0,0,0.003479817939455572
01_knn,Distancia,Gradient Boosting Classifier,0,0,0.005147845287438662
01_knn,Distancia,Gradient Boosting Classifier,1,1,0.9977291550977659
01_knn,Distancia,Gradient Boosting Classifier,0,0,0.0028102016232930825
01_knn,Distancia,Gradient Boosting Classifier,0,0,0.005807217708821445
01_knn,Distancia,Gradient Boosting Classifier,1,1,0.996910070240296
01_knn,Distancia,Gradient Boosting Classifier,0,0,0.028775726072619977
01_knn,Distancia,Gradient Boosting Classifier,0,0,0.01521168874197504
01_knn,Distancia,Gradient Boosting Classifier,0,0,0.003404710728425734
01_knn,Distancia,Gradient Boosting Classifier,0,0,0.010478066892718628
01_knn,Distancia,Gradient Boosting Classifier,0,0,0.006641260091786651
01_knn,Distancia,Gradient Boosting Classifier,0,0,0.0037293720687702485
01_knn,Distancia,Gradient Boosting Classifier,0,0,0.0034961956625210225
01_knn,Distancia,Gradient Boosting Classifier,0,0,0.0031549116414145975
01_knn,Distancia,Gradient Boosting Classifier,0,0,0.0031226204979948333
01_knn,Distancia,Gradient Boosting Classifier,0,0,0.015861770747061604
01_knn,Distancia,Gradient Boosting Classifier,0,0,0.044062857712962075
01_knn,Distancia,Gradient Boosting Classifier,1,1,0.9986653358218253
01_knn,Distancia,Gradient Boosting Classifier,0,0,0.00281986751081353
01_knn,Distancia,Gradient Boosting Classifier,1,1,0.9975321232289335
01_knn,Distancia,Gradient Boosting Classifier,1,1,0.9058806020071137
01_knn,Distancia,Gradient Boosting Classifier,0,0,0.009143730242459734
01_knn,Distancia,Gradient Boosting Classifier,1,1,0.9975328677496427
01_knn,Distancia,Gradient Boosting Classifier,0,0,0.004253023663154369
01_knn,Distancia,Gradient Boosting Classifier,0,0,0.00655640848523533
01_knn,Distancia,Gradient Boosting Classifier,0,0,0.004785606389431
01_knn,Distancia,Gradient Boosting Classifier,0,0,0.01800976568200861
01_knn,Distancia,Gradient Boosting Classifier,0,0,0.01389792225249825
01_knn,Distancia,Gradient Boosting Classifier,0,0,0.0044246610966716905
01_knn,Distancia,Gradient Boosting Classifier,0,0,0.016221389287451177
01_knn,Distancia,Gradient Boosting Classifier,0,0,0.004551783200212508
01_knn,Distancia,Gradient Boosting Classifier,0,0,0.012950475179786907
01_knn,Distancia,Gradient Boosting Classifier,1,1,0.9420720170092169
01_knn,Distancia,Gradient Boosting Classifier,0,0,0.0058157980381193155
01_knn,Distancia,Gradient Boosting Classifier,0,0,0.0041467591044562
01_knn,Distancia,Gradient Boosting Classifier,0,0,0.014585337583650161
01_knn,Distancia,Gradient Boosting Classifier,0,0,0.002818427193294744
01_knn,Distancia,Gradient Boosting Classifier,0,0,0.00391770902767625
01_knn,Distancia,Gradient Boosting Classifier,1,1,0.992093604112823
01_knn,Distancia,Gradient Boosting Classifier,1,1,0.9522167774833898
01_knn,Distancia,Gradient Boosting Classifier,0,0,0.005228965914287321
01_knn,Distancia,Gradient Boosting Classifier,0,0,0.018041461855947374
01_knn,Distancia,Gradient Boosting Classifier,0,0,0.028600518377516097
01_knn,Distancia,Gradient Boosting Classifier,1,1,0.9967340824162619
01_knn,Distancia,Gradient Boosting Classifier,0,0,0.006235938749226764
01_knn,Distancia,Gradient Boosting Classifier,0,0,0.03135801103121517
01_knn,Distancia,Gradient Boosting Classifier,1,1,0.9955012843045886
01_knn,Distancia,Gradient Boosting Classifier,0,0,0.07853946635917138
01_knn,Distancia,Gradient Boosting Classifier,0,0,0.05846777510359692
01_knn,Distancia,Gradient Boosting Classifier,0,0,0.01358598053122096
01_knn,Distancia,Gradient Boosting Classifier,0,0,0.007465840706352298
01_knn,Distancia,Gradient Boosting Classifier,0,0,0.12592422270799794
01_knn,Distancia,Gradient Boosting Classifier,0,0,0.003901957466083773
01_knn,Distancia,Gradient Boosting Classifier,0,0,0.024444220820116887
01_knn,Distancia,Gradient Boosting Classifier,0,0,0.006598284893585394
01_knn,Distancia,Gradient Boosting Classifier,0,0,0.004781302897793904
01_knn,Distancia,Gradient Boosting Classifier,0,0,0.003171332315586057
01_knn,Distancia,Gradient Boosting Classifier,0,0,0.031130186068298045
01_knn,Distancia,Gradient Boosting Classifier,0,0,0.00537863358502959
01_knn,Distancia,Gradient Boosting Classifier,0,0,0.009167422978572443
01_knn,Distancia,Gradient Boosting Classifier,0,0,0.016872045098817404
01_knn,Distancia,Gradient Boosting Classifier,0,0,0.0017201569845715426
01_knn,Distancia,Gradient Boosting Classifier,0,0,0.0135500617634869
01_knn,Distancia,Gradient Boosting Classifier,0,0,0.009266808646659134
01_knn,Distancia,Gradient Boosting Classifier,0,0,0.004390224741628321
01_knn,Distancia,Gradient Boosting Classifier,0,0,0.024565587183748273
01_knn,Distancia,Gradient Boosting Classifier,0,0,0.015888743059674953
01_knn,Distancia,Gradient Boosting Classifier,0,0,0.00509126522652982
01_knn,Distancia,Gradient Boosting Classifier,1,1,0.995571704609372
01_knn,Distancia,Gradient Boosting Classifier,0,0,0.005720028273444899
01_knn,Distancia,Gradient Boosting Classifier,0,1,0.5342552503299279
01_knn,Distancia,Gradient Boosting Classifier,0,0,0.15201359434899347
01_knn,Distancia,Gradient Boosting Classifier,0,0,0.005229112296584632
01_knn,Distancia,Gradient Boosting Classifier,0,0,0.03165203215032394
01_knn,Distancia,Gradient Boosting Classifier,0,0,0.008378862984802815
01_knn,Distancia,Gradient Boosting Classifier,0,0,0.004488563454482938
01_knn,Distancia,Gradient Boosting Classifier,0,0,0.005807217708821445
01_knn,Distancia,Gradient Boosting Classifier,0,1,0.5611203422805844
01_knn,Distancia,Gradient Boosting Classifier,0,0,0.00506820089849304
01_knn,Distancia,Gradient Boosting Classifier,0,0,0.006018691485513862
01_knn,Distancia,Gradient Boosting Classifier,1,1,0.9810878881495673
01_knn,Distancia,Gradient Boosting Classifier,1,1,0.9951520835531198
01_knn,Distancia,Gradient Boosting Classifier,0,0,0.03152162351739253
01_knn,Distancia,Gradient Boosting Classifier,0,0,0.006177489895221151
01_knn,Distancia,Gradient Boosting Classifier,0,0,0.04363621818591709
01_knn,Distancia,Gradient Boosting Classifier,0,0,0.0073673038090199755
01_knn,Distancia,Gradient Boosting Classifier,0,0,0.002992768578248615
01_knn,Distancia,Gradient Boosting Classifier,0,0,0.0020470080145602305
01_knn,Distancia,Gradient Boosting Classifier,0,0,0.004376683361553164
01_knn,Distancia,Gradient Boosting Classifier,0,0,0.003786852339352279
01_knn,Distancia,Gradient Boosting Classifier,1,1,0.957486107801427
01_knn,Distancia,Gradient Boosting Classifier,0,0,0.05442155324069771
01_knn,Distancia,Gradient Boosting Classifier,0,0,0.021589149845585274
01_knn,Distancia,Gradient Boosting Classifier,0,0,0.009021280200207413
01_knn,Distancia,Gradient Boosting Classifier,0,0,0.004191259257949418
01_knn,Distancia,Gradient Boosting Classifier,0,0,0.0019735942234437014
01_knn,Distancia,Gradient Boosting Classifier,1,1,0.9944280549284533
01_knn,Distancia,Gradient Boosting Classifier,0,0,0.1703803044124423
01_knn,Distancia,Gradient Boosting Classifier,0,0,0.022078357726022017
01_knn,Distancia,Gradient Boosting Classifier,0,0,0.011338220683354824
01_knn,Distancia,Gradient Boosting Classifier,0,0,0.010950713596690137
01_knn,Distancia,Gradient Boosting Classifier,1,1,0.995571704609372
01_knn,Distancia,Gradient Boosting Classifier,0,0,0.011818408599786275
01_knn,Distancia,Gradient Boosting Classifier,0,0,0.007865484934427203
01_knn,Distancia,Gradient Boosting Classifier,0,0,0.010941299728758876
01_knn,Distancia,Gradient Boosting Classifier,0,0,0.03648465652246188
01_knn,Distancia,Gradient Boosting Classifier,1,1,0.9967100948191544
01_knn,Distancia,Gradient Boosting Classifier,0,0,0.05578390769053192
01_knn,Distancia,Gradient Boosting Classifier,1,1,0.9771710304806389
01_knn,Distancia,Gradient Boosting Classifier,0,0,0.07883942598354948
01_knn,Distancia,Gradient Boosting Classifier,0,0,0.02056046449150334
01_knn,Distancia,Gradient Boosting Classifier,1,1,0.9797597581982848
01_knn,Distancia,Gradient Boosting Classifier,0,0,0.004453608075160472
01_knn,Distancia,Gradient Boosting Classifier,1,1,0.9966400909628288
01_knn,Distancia,Gradient Boosting Classifier,0,0,0.004381804436930694
01_knn,Distancia,Gradient Boosting Classifier,1,1,0.9962767304834613
01_knn,Distancia,Gradient Boosting Classifier,0,0,0.005882149345943773
01_knn,Distancia,Gradient Boosting Classifier,0,0,0.009820160985534065
01_knn,Distancia,Gradient Boosting Classifier,0,0,0.004368833039989718
01_knn,Distancia,Gradient Boosting Classifier,0,0,0.030969960808435806
01_knn,Distancia,Gradient Boosting Classifier,1,1,0.9695527820138518
01_knn,Distancia,Gradient Boosting Classifier,0,0,0.004095407937339866
01_knn,Distancia,Gradient Boosting Classifier,0,1,0.6116002813665331
01_knn,Distancia,Gradient Boosting Classifier,0,0,0.004407989508199839
01_knn,Distancia,Gradient Boosting Classifier,0,0,0.11379327188473666
01_knn,Distancia,Gradient Boosting Classifier,0,0,0.005720028273444899
01_knn,Distancia,Gradient Boosting Classifier,0,0,0.0044003412763059194
01_knn,Distancia,Gradient Boosting Classifier,0,0,0.036093027129657757
01_knn,Distancia,Gradient Boosting Classifier,0,0,0.0030803209597876566
01_knn,Distancia,Gradient Boosting Classifier,0,0,0.003911561142628501
01_knn,Distancia,Gradient Boosting Classifier,1,1,0.9959908358012766
01_knn,Distancia,Gradient Boosting Classifier,0,0,0.35456392955742466
01_knn,Distancia,Gradient Boosting Classifier,1,1,0.9977130539513107
01_knn,Distancia,Gradient Boosting Classifier,0,0,0.005807217708821445
01_knn,Distancia,Gradient Boosting Classifier,0,0,0.044167229192855505
01_knn,Distancia,Gradient Boosting Classifier,0,0,0.0022006940119764533
01_knn,Distancia,Gradient Boosting Classifier,0,0,0.009230082087497343
01_knn,Distancia,Gradient Boosting Classifier,0,0,0.015935809327625183
01_knn,Distancia,Gradient Boosting Classifier,0,0,0.003287277572876103
01_knn,Distancia,Gradient Boosting Classifier,1,1,0.994152609215612
01_knn,Distancia,Gradient Boosting Classifier,0,0,0.32352134938778626
01_knn,Distancia,Gradient Boosting Classifier,0,0,0.09228208659964893
01_knn,Distancia,Gradient Boosting Classifier,0,1,0.8492842007790399
01_knn,Distancia,Gradient Boosting Classifier,0,0,0.005067697305776901
01_knn,Distancia,Gradient Boosting Classifier,1,1,0.9958417601672725
01_knn,Distancia,Gradient Boosting Classifier,0,0,0.010859366464604725
01_knn,Distancia,Gradient Boosting Classifier,1,1,0.541238760733911
01_knn,Distancia,Gradient Boosting Classifier,0,0,0.18632364398221615
01_knn,Distancia,Gradient Boosting Classifier,0,0,0.0038741401872165525
01_knn,Distancia,Gradient Boosting Classifier,1,1,0.9520093257813736
01_knn,Distancia,Gradient Boosting Classifier,0,0,0.006147522512023878
01_knn,Distancia,Gradient Boosting Classifier,0,0,0.001562514510868778
01_knn,Distancia,Gradient Boosting Classifier,0,0,0.005807217708821445
01_knn,Distancia,Gradient Boosting Classifier,0,0,0.004526096186946707
01_knn,Distancia,Gradient Boosting Classifier,0,0,0.0030048199261786673
01_knn,Distancia,Gradient Boosting Classifier,0,0,0.050450379599239516
01_knn,Distancia,Gradient Boosting Classifier,1,1,0.6143148651157987
01_knn,Distancia,Gradient Boosting Classifier,1,1,0.9972865952235764
01_knn,Distancia,Gradient Boosting Classifier,0,0,0.007151483585246774
01_knn,Distancia,Gradient Boosting Classifier,0,0,0.1406678608181982
01_knn,Distancia,Gradient Boosting Classifier,0,0,0.00452398696467335
01_knn,Distancia,Gradient Boosting Classifier,1,1,0.9950323115938843
01_knn,Distancia,Gradient Boosting Classifier,0,0,0.006130517189148459
01_knn,Distancia,Gradient Boosting Classifier,0,0,0.07544187009909034
01_knn,Distancia,Gradient Boosting Classifier,1,1,0.9968584326720181
01_knn,Distancia,Gradient Boosting Classifier,0,0,0.011063455322241718
01_knn,Distancia,Gradient Boosting Classifier,0,0,0.005352157148245863
01_knn,Distancia,Gradient Boosting Classifier,0,0,0.004290940104069403
01_knn,Distancia,Gradient Boosting Classifier,0,0,0.011992481225409834
01_knn,Distancia,Gradient Boosting Classifier,0,1,0.9021174632985575
01_knn,Distancia,Gradient Boosting Classifier,0,0,0.004263185764251911
01_knn,Distancia,Gradient Boosting Classifier,0,0,0.003424751675010062
01_knn,Distancia,Gradient Boosting Classifier,1,1,0.991953053244077
01_knn,Distancia,Gradient Boosting Classifier,0,0,0.003561714310519072
01_knn,Distancia,Gradient Boosting Classifier,0,0,0.004719904530632039
01_knn,Distancia,Gradient Boosting Classifier,0,0,0.08344083136397056
01_knn,Distancia,Gradient Boosting Classifier,1,1,0.94702403229078
01_knn,Distancia,Gradient Boosting Classifier,1,1,0.821896428393148
01_knn,Distancia,Gradient Boosting Classifier,0,0,0.03165203215032394
01_knn,Distancia,Gradient Boosting Classifier,0,0,0.004838183165563299
01_knn,Distancia,Gradient Boosting Classifier,0,0,0.026583794484640665
01_knn,Distancia,Gradient Boosting Classifier,0,0,0.021003558355212743
01_knn,Distancia,Gradient Boosting Classifier,0,0,0.004432763308111872
01_knn,Distancia,Gradient Boosting Classifier,0,0,0.0037656177978847988
01_knn,Distancia,Gradient Boosting Classifier,1,1,0.994358589827116
01_knn,Distancia,Gradient Boosting Classifier,0,0,0.034134075911161736
01_knn,Distancia,Gradient Boosting Classifier,0,0,0.024197756970529675
01_knn,Distancia,Gradient Boosting Classifier,1,1,0.7952062669568106
01_knn,Distancia,Gradient Boosting Classifier,0,0,0.006157975991869058
01_knn,Distancia,Gradient Boosting Classifier,1,1,0.9954798049658855
01_knn,Distancia,Gradient Boosting Classifier,0,0,0.0032635847084803477
01_knn,Distancia,Gradient Boosting Classifier,1,1,0.8656611702172989
01_knn,Distancia,Gradient Boosting Classifier,0,0,0.015460443752006257
01_knn,Distancia,Gradient Boosting Classifier,0,0,0.005807217708821445
01_knn,Distancia,Gradient Boosting Classifier,0,0,0.012902044876041498
01_knn,Distancia,Gradient Boosting Classifier,0,0,0.004490342032511805
01_knn,Distancia,Gradient Boosting Classifier,0,0,0.004129377693365459
01_knn,Distancia,Gradient Boosting Classifier,1,1,0.9970787495076603
01_knn,Distancia,Gradient Boosting Classifier,0,0,0.008310899820003778
01_knn,Distancia,Gradient Boosting Classifier,1,1,0.9885228370148113
01_knn,Distancia,Gradient Boosting Classifier,0,0,0.005130909175815849
01_knn,Distancia,Gradient Boosting Classifier,1,1,0.9950403512690862
01_knn,Distancia,Gradient Boosting Classifier,0,0,0.004355883847644459
01_knn,Distancia,Gradient Boosting Classifier,0,0,0.01998411589949582
01_knn,Distancia,Gradient Boosting Classifier,0,0,0.024451868004468042
01_knn,Distancia,Gradient Boosting Classifier,1,1,0.9499359778943673
01_knn,Distancia,Gradient Boosting Classifier,0,0,0.025534535933172123
01_knn,Distancia,Gradient Boosting Classifier,0,0,0.007094788438758007
01_knn,Distancia,Gradient Boosting Classifier,0,0,0.008407760615590834
01_knn,Distancia,Gradient Boosting Classifier,0,0,0.0029430741699750687
01_knn,Distancia,Gradient Boosting Classifier,0,0,0.024025438177881553
01_knn,Distancia,Gradient Boosting Classifier,1,1,0.9963819898536038
01_knn,Distancia,Gradient Boosting Classifier,0,0,0.014991569551507043
01_knn,Distancia,Gradient Boosting Classifier,0,0,0.0315682882566628
01_knn,Distancia,Gradient Boosting Classifier,0,0,0.008708364803911262
01_knn,Distancia,Gradient Boosting Classifier,0,0,0.005807217708821445
01_knn,Distancia,Gradient Boosting Classifier,1,1,0.9180104839841063
01_knn,Distancia,Gradient Boosting Classifier,0,0,0.011294191196939028
01_knn,Distancia,Gradient Boosting Classifier,0,1,0.5299283006861775
01_knn,Distancia,Gradient Boosting Classifier,0,0,0.006438852722907935
01_knn,Distancia,Gradient Boosting Classifier,0,0,0.04111879695176596
01_knn,Distancia,Gradient Boosting Classifier,0,0,0.00501226920971804
01_knn,Distancia,Gradient Boosting Classifier,0,0,0.3678760886127861
01_knn,Distancia,Gradient Boosting Classifier,0,0,0.005420855979218013
01_knn,Distancia,Gradient Boosting Classifier,0,0,0.037477324515930346
01_knn,Distancia,Gradient Boosting Classifier,1,1,0.9814891236946558
01_knn,Distancia,Gradient Boosting Classifier,0,0,0.005352212973319548
01_knn,Distancia,Gradient Boosting Classifier,0,0,0.04007752970470354
01_knn,Distancia,Gradient Boosting Classifier,0,0,0.07725356909392696
01_knn,Distancia,Gradient Boosting Classifier,0,0,0.0024895374525631614
01_knn,Distancia,Gradient Boosting Classifier,0,0,0.14895643675667028
01_knn,Distancia,Gradient Boosting Classifier,0,0,0.008272999574735018
01_knn,Distancia,Gradient Boosting Classifier,1,1,0.995564838267505
01_knn,Distancia,Gradient Boosting Classifier,0,0,0.0048752239247725326
01_knn,Distancia,Gradient Boosting Classifier,0,0,0.038065856619039065
01_knn,Distancia,Gradient Boosting Classifier,0,0,0.0041892135208076615
01_knn,Distancia,Gradient Boosting Classifier,0,1,0.8967111686184273
01_knn,Distancia,Gradient Boosting Classifier,0,0,0.010391420869334972
01_knn,Distancia,Gradient Boosting Classifier,0,0,0.07157139557884282
01_knn,Distancia,Gradient Boosting Classifier,0,0,0.008006093889756581
01_knn,Distancia,Gradient Boosting Classifier,0,0,0.049638426021411206
01_knn,Distancia,Gradient Boosting Classifier,1,1,0.995571704609372
01_knn,Distancia,Gradient Boosting Classifier,0,0,0.005764517050447851
01_knn,Distancia,Gradient Boosting Classifier,0,0,0.11913119211529093
01_knn,Distancia,Gradient Boosting Classifier,0,0,0.04865731171630422
01_knn,Distancia,Gradient Boosting Classifier,0,0,0.006018691485513862
01_knn,Distancia,Gradient Boosting Classifier,1,1,0.9941572678117876
01_knn,Distancia,Gradient Boosting Classifier,0,0,0.05442155324069771
01_knn,Distancia,Gradient Boosting Classifier,0,0,0.05603165877668321
01_knn,Distancia,Gradient Boosting Classifier,0,0,0.01160740985534366
01_knn,Distancia,Gradient Boosting Classifier,0,0,0.004490342032511805
01_knn,Distancia,Gradient Boosting Classifier,1,1,0.9949324543616007
01_knn,Distancia,Gradient Boosting Classifier,0,0,0.02519892667405263
01_knn,Distancia,Gradient Boosting Classifier,0,0,0.03165203215032394
01_knn,Distancia,Gradient Boosting Classifier,0,0,0.047355065224488783
01_knn,Distancia,Gradient Boosting Classifier,0,0,0.02406410251984922
01_knn,Distancia,Gradient Boosting Classifier,1,1,0.9958652755566049
01_knn,Distancia,Gradient Boosting Classifier,0,0,0.00406407616236764
01_knn,Distancia,Gradient Boosting Classifier,0,0,0.0018869335587188131
01_knn,Distancia,Gradient Boosting Classifier,0,0,0.0060980880580135685
01_knn,Distancia,Gradient Boosting Classifier,1,1,0.6571129840107304
01_knn,Distancia,Gradient Boosting Classifier,0,0,0.0030397318974221543
01_knn,Distancia,Gradient Boosting Classifier,0,0,0.006130517189148459
01_knn,Distancia,Gradient Boosting Classifier,0,0,0.005219734141971794
01_knn,Distancia,Gradient Boosting Classifier,0,0,0.005067697305776901
01_knn,Distancia,Gradient Boosting Classifier,0,0,0.004889766692310288
01_knn,Distancia,Gradient Boosting Classifier,0,0,0.016887140863022333
01_knn,Distancia,Gradient Boosting Classifier,1,1,0.9927690865326406
01_knn,Distancia,Gradient Boosting Classifier,0,0,0.009538031738646808
01_knn,Distancia,Gradient Boosting Classifier,0,0,0.008323535633599772
01_knn,Distancia,Gradient Boosting Classifier,0,0,0.017921625494523908
01_knn,Distancia,Gradient Boosting Classifier,0,0,0.006744840128479382
01_knn,Distancia,Gradient Boosting Classifier,0,0,0.006744840128479382
01_knn,Distancia,Gradient Boosting Classifier,0,0,0.004940923560161922
01_knn,Distancia,Gradient Boosting Classifier,0,0,0.004967264119112651
01_knn,Distancia,Gradient Boosting Classifier,1,1,0.9948505291873593
01_knn,Distancia,Gradient Boosting Classifier,0,0,0.004613608393133928
01_knn,Distancia,Gradient Boosting Classifier,1,1,0.9968185561064977
01_knn,Distancia,Gradient Boosting Classifier,0,0,0.005780177151701746
01_knn,Distancia,Gradient Boosting Classifier,1,1,0.983144964969049
01_knn,Distancia,Gradient Boosting Classifier,0,0,0.004615887872603314
01_knn,Distancia,Gradient Boosting Classifier,1,1,0.9945621449107652
01_knn,Distancia,Gradient Boosting Classifier,0,0,0.06779742260866246
01_knn,Distancia,Gradient Boosting Classifier,0,0,0.007248601562333335
01_knn,Distancia,Gradient Boosting Classifier,0,0,0.01076038898983728
01_knn,Distancia,Gradient Boosting Classifier,0,0,0.02233367472160782
01_knn,Distancia,Gradient Boosting Classifier,0,0,0.004600860100520194
01_knn,Distancia,Gradient Boosting Classifier,1,1,0.5809389705250242
01_knn,Distancia,Gradient Boosting Classifier,0,0,0.006124788904943642
01_knn,Distancia,Gradient Boosting Classifier,0,0,0.023957509216185245
01_knn,Distancia,Gradient Boosting Classifier,0,0,0.00436762483685616
01_knn,Distancia,Gradient Boosting Classifier,0,0,0.01554191927132136
01_knn,Distancia,Gradient Boosting Classifier,0,0,0.0038741401872165525
01_knn,Distancia,Gradient Boosting Classifier,0,0,0.020277094627241046
01_knn,Distancia,Gradient Boosting Classifier,0,0,0.006665978456720475
01_knn,Distancia,Gradient Boosting Classifier,0,0,0.131455559295427
01_knn,Distancia,Gradient Boosting Classifier,1,1,0.9946513248457746
01_knn,Distancia,Gradient Boosting Classifier,0,0,0.39304040391149103
01_knn,Distancia,Gradient Boosting Classifier,0,0,0.0030624921968644848
01_knn,Distancia,Gradient Boosting Classifier,0,0,0.03411499688796747
01_knn,Distancia,Gradient Boosting Classifier,0,0,0.005807217708821445
01_knn,Distancia,Gradient Boosting Classifier,1,1,0.996322187709093
01_knn,Distancia,Gradient Boosting Classifier,0,0,0.15319805189718874
01_knn,Distancia,Gradient Boosting Classifier,0,0,0.049880652810643085
01_knn,Distancia,Gradient Boosting Classifier,0,0,0.09246708366012335
01_knn,Distancia,Gradient Boosting Classifier,0,0,0.021779104992133716
01_knn,Distancia,Gradient Boosting Classifier,1,1,0.9952134113950415
01_knn,Distancia,Gradient Boosting Classifier,0,0,0.004014078408823548
01_knn,Distancia,Gradient Boosting Classifier,0,0,0.005826491070481871
01_knn,Distancia,Gradient Boosting Classifier,1,1,0.9939037077841498
01_knn,Distancia,Gradient Boosting Classifier,0,0,0.0036439516736306117
01_knn,Distancia,Gradient Boosting Classifier,0,0,0.0016903328929254407
01_knn,Distancia,Gradient Boosting Classifier,0,0,0.0017813714063604183
01_knn,Distancia,Gradient Boosting Classifier,0,0,0.004253023663154369
01_knn,Distancia,Gradient Boosting Classifier,0,0,0.028226141819017236
01_knn,Distancia,Gradient Boosting Classifier,1,1,0.9814891236946558
01_knn,Distancia,Gradient Boosting Classifier,0,0,0.016039097746646778
01_knn,Distancia,Gradient Boosting Classifier,1,1,0.986012926325257
01_knn,Distancia,Gradient Boosting Classifier,0,0,0.06893087654243983
01_knn,Distancia,Gradient Boosting Classifier,0,0,0.002992768578248615
01_knn,Distancia,Gradient Boosting Classifier,0,0,0.01309243736772876
01_knn,Distancia,Gradient Boosting Classifier,0,0,0.0017813714063604183
01_knn,Distancia,Gradient Boosting Classifier,0,0,0.024125177656187373
01_knn,Distancia,Gradient Boosting Classifier,0,0,0.008879137180615646
01_knn,Distancia,Gradient Boosting Classifier,1,1,0.9373313324170927
01_knn,Distancia,Gradient Boosting Classifier,0,0,0.00435675763623046
01_knn,Distancia,Gradient Boosting Classifier,1,1,0.9950403512690862
01_knn,Distancia,Gradient Boosting Classifier,0,0,0.025241104546529284
01_knn,Distancia,Gradient Boosting Classifier,1,1,0.9538504582630295
01_knn,Distancia,Gradient Boosting Classifier,1,1,0.9907815100622407
01_knn,Distancia,Gradient Boosting Classifier,0,0,0.06313199957481982
01_knn,Distancia,Gradient Boosting Classifier,1,1,0.9954798049658855
01_knn,Distancia,Gradient Boosting Classifier,0,0,0.03050863935768601
01_knn,Distancia,Gradient Boosting Classifier,1,1,0.9947674883578774
01_knn,Distancia,Gradient Boosting Classifier,0,0,0.017576167734769773
01_knn,Distancia,Gradient Boosting Classifier,0,0,0.004551783200212508
01_knn,Distancia,Gradient Boosting Classifier,0,0,0.005331096024448067
01_knn,Distancia,Gradient Boosting Classifier,1,1,0.9978705262532207
01_knn,Distancia,Gradient Boosting Classifier,0,0,0.03333113212793235
01_knn,Distancia,Gradient Boosting Classifier,0,0,0.014267775543549969
01_knn,Distancia,Gradient Boosting Classifier,0,0,0.01776961819806548
01_knn,Distancia,Gradient Boosting Classifier,0,0,0.016155238658139122
01_knn,Distancia,Gradient Boosting Classifier,0,0,0.05662883095497401
01_knn,Distancia,Gradient Boosting Classifier,0,0,0.055230581561150294
01_knn,Distancia,Gradient Boosting Classifier,0,0,0.03287318275821474
01_knn,Distancia,Gradient Boosting Classifier,0,0,0.0020545546650485927
01_knn,Distancia,Gradient Boosting Classifier,0,0,0.023489176270885186
01_knn,Distancia,Gradient Boosting Classifier,1,1,0.9753618407531377
01_knn,Distancia,Gradient Boosting Classifier,0,0,0.0045323211430797
01_knn,Distancia,Gradient Boosting Classifier,0,0,0.016567394531168504
01_knn,Distancia,Gradient Boosting Classifier,0,0,0.003819996442222576
01_knn,Distancia,Gradient Boosting Classifier,0,0,0.006894023317076254
01_knn,Distancia,Gradient Boosting Classifier,1,1,0.9975183714961317
01_knn,Distancia,Gradient Boosting Classifier,0,1,0.8813106526391025
01_knn,Distancia,Gradient Boosting Classifier,0,0,0.003933326109743068
01_knn,Distancia,Gradient Boosting Classifier,1,1,0.9809587077059662
01_knn,Distancia,Gradient Boosting Classifier,0,0,0.015068473717843247
01_knn,Distancia,Gradient Boosting Classifier,0,0,0.020117253411306095
01_knn,Distancia,Gradient Boosting Classifier,1,1,0.9952413076747009
01_knn,Distancia,Gradient Boosting Classifier,1,1,0.9123334761122834
01_knn,Distancia,Gradient Boosting Classifier,0,0,0.003614184994777835
01_knn,Distancia,Gradient Boosting Classifier,0,0,0.004345452123142588
01_knn,Distancia,Gradient Boosting Classifier,0,0,0.008337676454121904
01_knn,Distancia,Gradient Boosting Classifier,0,0,0.006468120785921908
01_knn,Distancia,Gradient Boosting Classifier,0,0,0.006802854561249899
01_knn,Distancia,Gradient Boosting Classifier,0,0,0.04255084046132321
01_knn,Distancia,Gradient Boosting Classifier,0,0,0.011140754681134225
01_knn,Distancia,Gradient Boosting Classifier,0,0,0.07456496229365685
01_knn,Distancia,Gradient Boosting Classifier,0,0,0.0365964354348512
01_knn,Distancia,Gradient Boosting Classifier,0,0,0.005807217708821445
01_knn,Distancia,Gradient Boosting Classifier,1,1,0.9875574596120094
01_knn,Distancia,Gradient Boosting Classifier,1,1,0.9969532827622126
01_knn,Distancia,Gradient Boosting Classifier,0,0,0.004201985193644458
01_knn,Distancia,Gradient Boosting Classifier,0,0,0.006888180988273145
01_knn,Distancia,Gradient Boosting Classifier,0,0,0.0034746702048246664
01_knn,Distancia,Gradient Boosting Classifier,1,1,0.9983013173689084
01_knn,Distancia,Gradient Boosting Classifier,0,0,0.10948918580632454
01_knn,Distancia,Gradient Boosting Classifier,0,0,0.005331096024448067
01_knn,Distancia,Gradient Boosting Classifier,1,1,0.9875189610029873
01_knn,Distancia,Gradient Boosting Classifier,1,1,0.9931859175888209
01_knn,Distancia,Gradient Boosting Classifier,0,0,0.05891267493304239
01_knn,Distancia,Gradient Boosting Classifier,0,0,0.08553790213004145
01_knn,Distancia,Gradient Boosting Classifier,0,0,0.016691864987383776
01_knn,Distancia,Gradient Boosting Classifier,1,1,0.9951665862344528
01_knn,Distancia,Gradient Boosting Classifier,0,0,0.005500700390543302
01_knn,Distancia,Gradient Boosting Classifier,0,0,0.0059279454737633025
01_knn,Distancia,Gradient Boosting Classifier,0,0,0.005002663640448298
01_knn,Distancia,Gradient Boosting Classifier,0,0,0.0028752783318122597
01_knn,Distancia,Gradient Boosting Classifier,0,0,0.00663250460845872
01_knn,Distancia,Gradient Boosting Classifier,0,0,0.015775241258924867
01_knn,Distancia,Gradient Boosting Classifier,0,0,0.007040415697882951
01_knn,Distancia,Gradient Boosting Classifier,0,0,0.1355931141005476
01_knn,Distancia,Gradient Boosting Classifier,1,1,0.9958417601672725
01_knn,Distancia,Gradient Boosting Classifier,0,0,0.010719107753665353
01_knn,Distancia,Gradient Boosting Classifier,1,1,0.9959655175810933
01_knn,Distancia,Gradient Boosting Classifier,0,0,0.01852796462513447
01_knn,Distancia,Gradient Boosting Classifier,0,0,0.0022759513902658643
01_knn,Distancia,Gradient Boosting Classifier,0,0,0.04146353559026646
01_knn,Distancia,Gradient Boosting Classifier,0,0,0.003904888275141659
01_knn,Distancia,Gradient Boosting Classifier,1,1,0.9969573602220726
01_knn,Distancia,Gradient Boosting Classifier,1,1,0.9960083653161501
01_knn,Distancia,Gradient Boosting Classifier,0,0,0.004770955043345625
01_knn,Distancia,Gradient Boosting Classifier,1,1,0.9770711020847298
01_knn,Distancia,Gradient Boosting Classifier,0,0,0.004215206419357158
01_knn,Distancia,Gradient Boosting Classifier,0,0,0.01270255217698354
01_knn,Distancia,Gradient Boosting Classifier,1,1,0.99734185927756
01_knn,Distancia,Gradient Boosting Classifier,0,0,0.00508374536727971
01_knn,Distancia,Gradient Boosting Classifier,0,0,0.006041579781765105
01_knn,Distancia,Gradient Boosting Classifier,0,0,0.012742403488139252
01_knn,Distancia,Gradient Boosting Classifier,0,0,0.006363022608777663
01_knn,Distancia,Gradient Boosting Classifier,1,1,0.9976553967543064
01_knn,Distancia,Gradient Boosting Classifier,0,0,0.004532503584972499
01_knn,Distancia,Gradient Boosting Classifier,0,0,0.006057425143229743
01_knn,Distancia,Gradient Boosting Classifier,0,0,0.00334145803587549
01_knn,Distancia,Gradient Boosting Classifier,0,0,0.06313199957481982
01_knn,Distancia,Gradient Boosting Classifier,0,0,0.0025949403832715764
01_knn,Distancia,Gradient Boosting Classifier,0,0,0.011230980034668006
01_knn,Distancia,Gradient Boosting Classifier,1,0,0.17660360288578508
01_knn,Distancia,Gradient Boosting Classifier,0,0,0.021362334550624505
01_knn,Distancia,Gradient Boosting Classifier,0,0,0.005375902848796619
01_knn,Distancia,Gradient Boosting Classifier,0,0,0.007049725538104093
01_knn,Distancia,Gradient Boosting Classifier,0,0,0.06313199957481982
01_knn,Distancia,Gradient Boosting Classifier,0,0,0.005807217708821445
01_knn,Distancia,Gradient Boosting Classifier,0,0,0.01660239418061139
01_knn,Distancia,Gradient Boosting Classifier,0,0,0.008962373805683342
01_knn,Distancia,Gradient Boosting Classifier,0,0,0.0026366436635827818
01_knn,Distancia,Gradient Boosting Classifier,1,1,0.9811062312444105
01_knn,Distancia,Gradient Boosting Classifier,0,0,0.004143271929711201
01_knn,Distancia,Gradient Boosting Classifier,0,0,0.006130517189148459
01_knn,Distancia,Gradient Boosting Classifier,0,0,0.06318054518197255
01_knn,Distancia,Gradient Boosting Classifier,0,0,0.005628215909454918
01_knn,Distancia,Gradient Boosting Classifier,0,0,0.010987889406926138
01_knn,Distancia,Gradient Boosting Classifier,0,0,0.013949187594423535
01_knn,Distancia,Gradient Boosting Classifier,0,0,0.011349012312002598
01_knn,Distancia,Gradient Boosting Classifier,0,0,0.006534365486209311
01_knn,Distancia,Gradient Boosting Classifier,1,1,0.9919612791281893
01_knn,Distancia,Gradient Boosting Classifier,0,0,0.020289119570747784
01_knn,Distancia,Gradient Boosting Classifier,1,1,0.9946631828921205
01_knn,Distancia,Gradient Boosting Classifier,0,0,0.01689281742040324
01_knn,Distancia,Gradient Boosting Classifier,1,0,0.2594286574734877
01_knn,Distancia,Gradient Boosting Classifier,1,0,0.19024573046309
01_knn,Distancia,Gradient Boosting Classifier,0,0,0.0052952282909864605
01_knn,Distancia,Gradient Boosting Classifier,0,0,0.002735528425430319
01_knn,Distancia,Gradient Boosting Classifier,1,0,0.3915331308016082
01_knn,Distancia,Gradient Boosting Classifier,0,0,0.0052000661791573085
01_knn,Distancia,Gradient Boosting Classifier,0,0,0.005016785328760825
01_knn,Distancia,Gradient Boosting Classifier,0,0,0.030823681216305326
01_knn,Distancia,Gradient Boosting Classifier,0,0,0.005835673014090396
01_knn,Distancia,Gradient Boosting Classifier,0,0,0.02240677449966639
01_knn,Distancia,Gradient Boosting Classifier,0,0,0.018870288832310855
01_knn,Distancia,Gradient Boosting Classifier,1,1,0.9814891236946558
01_knn,Distancia,Gradient Boosting Classifier,0,0,0.004617442636213991
01_knn,Distancia,Gradient Boosting Classifier,0,0,0.019869066198152
01_knn,Distancia,Gradient Boosting Classifier,0,0,0.026145884294466168
01_knn,Distancia,Gradient Boosting Classifier,1,1,0.8158319073275369
01_knn,Distancia,Gradient Boosting Classifier,0,0,0.004368746154428397
01_knn,Distancia,Gradient Boosting Classifier,0,0,0.004060806625617029
01_knn,Distancia,Gradient Boosting Classifier,0,0,0.0050930711057814255
01_knn,Distancia,Gradient Boosting Classifier,1,1,0.9791302489774572
01_knn,Distancia,Gradient Boosting Classifier,0,0,0.0076114935747942725
01_knn,Distancia,Gradient Boosting Classifier,1,1,0.9944280549284533
01_knn,Distancia,Gradient Boosting Classifier,1,1,0.9946072701309362
01_knn,Distancia,Gradient Boosting Classifier,1,1,0.9757971593799525
01_knn,Distancia,Gradient Boosting Classifier,1,0,0.10657500357527754
01_knn,Distancia,Gradient Boosting Classifier,1,1,0.9961702925411585
01_knn,Distancia,Gradient Boosting Classifier,1,1,0.9951638438997833
01_knn,Distancia,Gradient Boosting Classifier,1,1,0.9969186731323489
01_knn,Distancia,Gradient Boosting Classifier,0,0,0.08191242835153541
01_knn,Distancia,Gradient Boosting Classifier,0,0,0.002700701729085136
01_knn,Distancia,Gradient Boosting Classifier,0,0,0.007123010648592236
01_knn,Distancia,Gradient Boosting Classifier,0,0,0.01051652474530473
01_knn,Distancia,Gradient Boosting Classifier,0,0,0.07961457436438188
01_knn,Distancia,Gradient Boosting Classifier,0,0,0.0077411175097904855
01_knn,Distancia,Gradient Boosting Classifier,0,0,0.004806879345027564
01_knn,Distancia,Gradient Boosting Classifier,0,0,0.005931757790728325
01_knn,Distancia,Gradient Boosting Classifier,0,0,0.021577967353780796
01_knn,Distancia,Gradient Boosting Classifier,1,1,0.9949324543616007
01_knn,Distancia,Gradient Boosting Classifier,1,1,0.9600006269349884
01_knn,Distancia,Gradient Boosting Classifier,0,0,0.05442155324069771
01_knn,Distancia,Gradient Boosting Classifier,0,0,0.005550114399082196
01_knn,Distancia,Gradient Boosting Classifier,0,0,0.0020704643738879694
01_knn,Distancia,Gradient Boosting Classifier,1,1,0.7544946089942246
01_knn,Distancia,Gradient Boosting Classifier,1,1,0.9939407927688967
01_knn,Distancia,Gradient Boosting Classifier,0,0,0.054851455350489214
01_knn,Distancia,Gradient Boosting Classifier,0,0,0.04056856121217668
01_knn,Distancia,Gradient Boosting Classifier,0,0,0.0035654381592845896
01_knn,Distancia,Gradient Boosting Classifier,0,0,0.007873643226207823
01_knn,Distancia,Gradient Boosting Classifier,0,0,0.0026881203989961885
01_knn,Distancia,Gradient Boosting Classifier,0,0,0.0036423646201181946
01_knn,Distancia,Gradient Boosting Classifier,1,1,0.9965789709265361
01_knn,Distancia,Gradient Boosting Classifier,0,0,0.0030715559943342635
01_knn,Distancia,Gradient Boosting Classifier,0,0,0.00425965784215423
01_knn,Distancia,Gradient Boosting Classifier,0,0,0.014188879562137255
01_knn,Distancia,Gradient Boosting Classifier,0,0,0.008837558867466278
01_knn,Distancia,Gradient Boosting Classifier,0,0,0.34499058002774424
01_knn,Distancia,Gradient Boosting Classifier,0,0,0.00431844033465482
01_knn,Distancia,Gradient Boosting Classifier,0,0,0.012755923018731082
01_knn,Distancia,Gradient Boosting Classifier,1,1,0.9852436397246244
01_knn,Distancia,Gradient Boosting Classifier,1,1,0.9952561937208866
01_knn,Distancia,Gradient Boosting Classifier,1,0,0.4439551146019716
01_knn,Distancia,Gradient Boosting Classifier,0,0,0.004219395789420258
01_knn,Distancia,Gradient Boosting Classifier,0,0,0.005516167556938253
01_knn,Distancia,Gradient Boosting Classifier,0,0,0.005807217708821445
01_knn,Distancia,Gradient Boosting Classifier,1,1,0.9949154197246982
01_knn,Distancia,Gradient Boosting Classifier,0,1,0.7284131056672993
01_knn,Distancia,Gradient Boosting Classifier,1,1,0.7387105141278804
01_knn,Distancia,Gradient Boosting Classifier,1,1,0.9973691392769021
01_knn,Distancia,Gradient Boosting Classifier,1,1,0.9972118175145185
01_knn,Distancia,Gradient Boosting Classifier,1,1,0.9948428924449016
01_knn,Distancia,Gradient Boosting Classifier,0,0,0.011163644165233586
01_knn,Distancia,Gradient Boosting Classifier,0,0,0.0097809537260491
01_knn,Distancia,Gradient Boosting Classifier,0,0,0.00410739195954389
01_knn,Distancia,Gradient Boosting Classifier,0,0,0.006857177035516325
01_knn,Distancia,Gradient Boosting Classifier,0,0,0.016424935857035073
01_knn,Distancia,Gradient Boosting Classifier,0,0,0.016115477570644996
01_knn,Distancia,Gradient Boosting Classifier,0,0,0.0045300323982930815
01_knn,Distancia,Gradient Boosting Classifier,0,0,0.0031662814464158673
01_knn,Distancia,Gradient Boosting Classifier,0,0,0.002037385339946651
01_knn,Distancia,Gradient Boosting Classifier,0,0,0.005798728604263297
01_knn,Distancia,Gradient Boosting Classifier,0,0,0.004613176801427709
01_knn,Distancia,Gradient Boosting Classifier,1,1,0.9959493701239706
01_knn,Distancia,Gradient Boosting Classifier,0,0,0.0777096394550132
01_knn,Distancia,Gradient Boosting Classifier,1,1,0.9967716963277692
01_knn,Distancia,Gradient Boosting Classifier,0,0,0.004967190599010769
01_knn,Distancia,Gradient Boosting Classifier,0,0,0.03188196873547749
01_knn,Distancia,Gradient Boosting Classifier,0,0,0.008500330215474215
01_knn,Distancia,Gradient Boosting Classifier,0,0,0.0074443919466002356
01_knn,Distancia,Gradient Boosting Classifier,0,0,0.005071952863844051
01_knn,Distancia,Gradient Boosting Classifier,1,1,0.9949324543616007
01_knn,Distancia,Gradient Boosting Classifier,0,0,0.18539796021093072
01_knn,Distancia,Gradient Boosting Classifier,1,1,0.997483147926248
01_knn,Distancia,Gradient Boosting Classifier,0,0,0.03432470347070152
01_knn,Distancia,Gradient Boosting Classifier,0,0,0.005807217708821445
01_knn,Distancia,Gradient Boosting Classifier,0,0,0.004287355315664402
01_knn,Distancia,Gradient Boosting Classifier,0,0,0.018100275335445663
01_knn,Distancia,Gradient Boosting Classifier,0,0,0.0034653895920986476
01_knn,Distancia,Gradient Boosting Classifier,1,1,0.9886543762518317
01_knn,Distancia,Gradient Boosting Classifier,0,0,0.004389854099285638
01_knn,Distancia,Gradient Boosting Classifier,0,0,0.007540382715720347
01_knn,Distancia,Gradient Boosting Classifier,0,1,0.9391685754138932
01_knn,Distancia,Gradient Boosting Classifier,0,0,0.0032092046844819275
01_knn,Distancia,Gradient Boosting Classifier,0,0,0.012078550444686127
01_knn,Distancia,Gradient Boosting Classifier,0,0,0.2359587320778234
01_knn,Distancia,Gradient Boosting Classifier,0,0,0.013797246634106917
01_knn,Distancia,Gradient Boosting Classifier,0,0,0.015185296067071334
01_knn,Distancia,Gradient Boosting Classifier,0,0,0.006540752325641122
01_knn,Distancia,Gradient Boosting Classifier,0,0,0.033211250895760124
01_knn,Distancia,Gradient Boosting Classifier,0,0,0.05227451821617647
01_knn,Distancia,Gradient Boosting Classifier,0,0,0.006596383399534749
01_knn,Distancia,Gradient Boosting Classifier,0,0,0.003838087776155755
01_knn,Distancia,Gradient Boosting Classifier,0,0,0.1197024813029803
01_knn,Distancia,Gradient Boosting Classifier,0,0,0.004351753960764021
01_knn,Distancia,Gradient Boosting Classifier,0,0,0.021468003065325855
01_knn,Distancia,Gradient Boosting Classifier,0,0,0.0055071438758127
01_knn,Distancia,Gradient Boosting Classifier,0,0,0.0035530906031695795
01_knn,Distancia,Gradient Boosting Classifier,1,1,0.9832010183478239
01_knn,Distancia,Gradient Boosting Classifier,1,1,0.9924204641724794
01_knn,Distancia,Gradient Boosting Classifier,0,0,0.0035890140107430503
01_knn,Distancia,Gradient Boosting Classifier,0,0,0.016325842920993955
01_knn,Distancia,Gradient Boosting Classifier,0,0,0.02413144834024038
01_knn,Distancia,Gradient Boosting Classifier,0,0,0.0048773527865754755
01_knn,Distancia,Gradient Boosting Classifier,0,0,0.329010758739829
01_knn,Distancia,Gradient Boosting Classifier,0,0,0.008419555624453151
01_knn,Distancia,Gradient Boosting Classifier,0,0,0.05540631917009628
01_knn,Distancia,Gradient Boosting Classifier,0,0,0.02334011339387443
01_knn,Distancia,Gradient Boosting Classifier,1,1,0.9765989445630329
01_knn,Distancia,Gradient Boosting Classifier,0,0,0.0022642830190346295
01_knn,Distancia,Gradient Boosting Classifier,0,0,0.01371625795473354
01_knn,Distancia,Gradient Boosting Classifier,0,0,0.00486102416617739
01_knn,Distancia,Gradient Boosting Classifier,0,0,0.034775311012290665
01_knn,Distancia,Gradient Boosting Classifier,0,0,0.005807217708821445
01_knn,Distancia,Gradient Boosting Classifier,1,1,0.9814891236946558
01_knn,Distancia,Gradient Boosting Classifier,0,0,0.00449055317224418
01_knn,Distancia,Gradient Boosting Classifier,0,0,0.023332722477996372
01_knn,Distancia,Gradient Boosting Classifier,0,0,0.027803039565828604
01_knn,Distancia,Gradient Boosting Classifier,0,0,0.004089479798789732
01_knn,Distancia,Gradient Boosting Classifier,0,0,0.004902565138417616
01_knn,Distancia,Gradient Boosting Classifier,0,0,0.005344589168623003
01_knn,Distancia,Gradient Boosting Classifier,0,0,0.020253969719208804
01_knn,Distancia,Gradient Boosting Classifier,0,0,0.007182046749717901
01_knn,Distancia,Gradient Boosting Classifier,0,0,0.003443707943115543
01_knn,Distancia,Gradient Boosting Classifier,0,0,0.00908823887785175
01_knn,Distancia,Gradient Boosting Classifier,1,1,0.9975328677496427
01_knn,Distancia,Gradient Boosting Classifier,0,0,0.018648233329198308
01_knn,Distancia,Gradient Boosting Classifier,0,0,0.005683336902266832
01_knn,Distancia,Gradient Boosting Classifier,1,1,0.9884738389922351
01_knn,Distancia,Gradient Boosting Classifier,0,0,0.011300987326137055
01_knn,Distancia,Gradient Boosting Classifier,1,1,0.9181066859062998
01_knn,Distancia,Gradient Boosting Classifier,1,1,0.9917097921078684
01_knn,Distancia,Gradient Boosting Classifier,0,0,0.022805050765770572
01_knn,Distancia,Gradient Boosting Classifier,0,0,0.002528786158798957
01_knn,Distancia,Gradient Boosting Classifier,0,0,0.027196930289026294
01_knn,Distancia,Gradient Boosting Classifier,1,1,0.6412820443115438
01_knn,Distancia,Gradient Boosting Classifier,0,0,0.005110556762848922
01_knn,Distancia,Gradient Boosting Classifier,1,1,0.7689261517572243
01_knn,Distancia,Gradient Boosting Classifier,0,0,0.02711424860089917
01_knn,Distancia,Gradient Boosting Classifier,0,0,0.010926681236413936
01_knn,Distancia,Gradient Boosting Classifier,0,0,0.014104985393172
01_knn,Distancia,Gradient Boosting Classifier,0,0,0.03267678025681905
01_knn,Distancia,Gradient Boosting Classifier,0,0,0.007677215346641718
01_knn,Distancia,Gradient Boosting Classifier,1,1,0.9954612349346951
01_knn,Distancia,Gradient Boosting Classifier,0,0,0.029085183682951942
01_knn,Distancia,Gradient Boosting Classifier,1,1,0.9814891236946558
01_knn,Distancia,Gradient Boosting Classifier,0,0,0.00810166566484959
01_knn,Distancia,Gradient Boosting Classifier,1,1,0.9965573454143648
01_knn,Distancia,Gradient Boosting Classifier,0,0,0.0062934776752754515
01_knn,Distancia,Gradient Boosting Classifier,0,0,0.007352015277654351
01_knn,Distancia,Gradient Boosting Classifier,0,0,0.024021897058843583
01_knn,Distancia,Gradient Boosting Classifier,0,0,0.004234657721884318
01_knn,Distancia,Gradient Boosting Classifier,0,0,0.025140097218795163
01_knn,Distancia,Gradient Boosting Classifier,0,0,0.005191829961262569
01_knn,Distancia,Gradient Boosting Classifier,0,0,0.26351596258459664
01_knn,Distancia,Gradient Boosting Classifier,1,1,0.9810878881495673
01_knn,Distancia,Gradient Boosting Classifier,0,0,0.0041039284541040996
01_knn,Distancia,Gradient Boosting Classifier,0,0,0.005710827061193694
01_knn,Distancia,Gradient Boosting Classifier,0,0,0.26048103382205995
01_knn,Distancia,Gradient Boosting Classifier,0,0,0.024594552866866456
01_knn,Distancia,Gradient Boosting Classifier,0,0,0.00618761676908791
01_knn,Distancia,Gradient Boosting Classifier,0,0,0.0034917100029562475
01_knn,Distancia,Gradient Boosting Classifier,0,0,0.030783250445272425
01_knn,Distancia,Gradient Boosting Classifier,1,1,0.9957642427441972
01_knn,Distancia,Gradient Boosting Classifier,0,0,0.007460552285647289
01_knn,Distancia,Gradient Boosting Classifier,0,0,0.003991283162845462
01_knn,Distancia,Gradient Boosting Classifier,1,1,0.9974158206742757
01_knn,Distancia,Gradient Boosting Classifier,0,0,0.00370202070379361
01_knn,Distancia,Gradient Boosting Classifier,0,0,0.009484387532804246
01_knn,Distancia,Gradient Boosting Classifier,0,0,0.011283665790588825
01_knn,Distancia,Gradient Boosting Classifier,0,0,0.01407362819030264
01_knn,Distancia,Gradient Boosting Classifier,1,1,0.9761315904345668
01_knn,Distancia,Gradient Boosting Classifier,0,0,0.07657558690620413
01_knn,Distancia,Gradient Boosting Classifier,0,0,0.0037278047955913436
01_knn,Distancia,Gradient Boosting Classifier,1,1,0.9953906981185234
01_knn,Distancia,Gradient Boosting Classifier,0,0,0.0033645837574723027
01_knn,Distancia,Gradient Boosting Classifier,1,1,0.9716812241893824
01_knn,Distancia,Gradient Boosting Classifier,1,1,0.9972319260714045
01_knn,Distancia,Gradient Boosting Classifier,1,1,0.995732186935102
01_knn,Distancia,Gradient Boosting Classifier,0,0,0.00493143200455852
01_knn,Distancia,Gradient Boosting Classifier,0,0,0.002503689992043264
01_knn,Distancia,Gradient Boosting Classifier,0,0,0.012694158833938504
01_knn,Distancia,Gradient Boosting Classifier,1,1,0.9953744666501421
01_knn,Distancia,Gradient Boosting Classifier,0,0,0.0018904598864358702
01_knn,Distancia,Gradient Boosting Classifier,0,0,0.02171675973481822
01_knn,Distancia,Gradient Boosting Classifier,1,1,0.9967674877316179
01_knn,Distancia,Gradient Boosting Classifier,0,0,0.0057735811276126425
01_knn,Distancia,Gradient Boosting Classifier,0,0,0.004977225059931652
01_knn,Distancia,Gradient Boosting Classifier,1,1,0.9848471721299435
01_knn,Distancia,Gradient Boosting Classifier,1,1,0.9952413076747009
01_knn,Distancia,Gradient Boosting Classifier,0,0,0.023830612073618855
01_knn,Distancia,Gradient Boosting Classifier,1,1,0.9194423456837798
01_knn,Distancia,Gradient Boosting Classifier,0,0,0.2758615423410007
01_knn,Distancia,Gradient Boosting Classifier,1,1,0.9971809886177961
01_knn,Distancia,Gradient Boosting Classifier,0,0,0.006108817749546319
01_knn,Distancia,Gradient Boosting Classifier,0,0,0.007094788438758007
01_knn,Distancia,Gradient Boosting Classifier,0,0,0.011671069190506417
01_knn,Distancia,Gradient Boosting Classifier,0,0,0.008948059584719547
01_knn,Distancia,Gradient Boosting Classifier,0,0,0.005901283881228809
01_knn,Distancia,Gradient Boosting Classifier,0,0,0.013294918716003306
01_knn,Distancia,Gradient Boosting Classifier,0,0,0.01871244825214867
01_knn,Distancia,Gradient Boosting Classifier,1,1,0.9872245114082326
01_knn,Distancia,Gradient Boosting Classifier,0,0,0.005807217708821445
01_knn,Distancia,Gradient Boosting Classifier,0,0,0.0067774308288775014
01_knn,Distancia,Gradient Boosting Classifier,0,0,0.004806879345027564
01_knn,Distancia,Gradient Boosting Classifier,0,0,0.012289600569871228
01_knn,Distancia,Gradient Boosting Classifier,0,0,0.005281811217272824
01_knn,Distancia,Gradient Boosting Classifier,1,1,0.997861496709573
01_knn,Distancia,Gradient Boosting Classifier,0,0,0.015657879679691553
01_knn,Distancia,Gradient Boosting Classifier,1,1,0.9958417601672725
01_knn,Distancia,Gradient Boosting Classifier,0,0,0.004656201811778864
01_knn,Distancia,Gradient Boosting Classifier,0,0,0.0029430741699750687
01_knn,Distancia,Gradient Boosting Classifier,0,0,0.004872798843917739
01_knn,Distancia,Gradient Boosting Classifier,0,0,0.007476213857651195
01_knn,Distancia,Gradient Boosting Classifier,0,0,0.0041892135208076615
01_knn,Distancia,Gradient Boosting Classifier,1,1,0.985382218999673
01_knn,Distancia,Gradient Boosting Classifier,0,0,0.03481374143735339
01_knn,Distancia,Gradient Boosting Classifier,0,0,0.017721163665701443
01_knn,Distancia,Gradient Boosting Classifier,1,1,0.9769592501036235
01_knn,Distancia,Gradient Boosting Classifier,0,0,0.008360401008518934
01_knn,Distancia,Gradient Boosting Classifier,0,0,0.005107957140653649
01_knn,Distancia,Gradient Boosting Classifier,0,0,0.010533355244807982
01_knn,Distancia,Gradient Boosting Classifier,1,1,0.6396764538250331
01_knn,Distancia,Gradient Boosting Classifier,0,0,0.4335856406431632
01_knn,Distancia,Gradient Boosting Classifier,1,1,0.9946631828921205
01_knn,Distancia,Gradient Boosting Classifier,0,0,0.00571862924801312
01_knn,Distancia,Gradient Boosting Classifier,0,0,0.013936233104006535
01_knn,Distancia,Gradient Boosting Classifier,1,1,0.9975183714961317
01_knn,Distancia,Gradient Boosting Classifier,0,0,0.005782049473644107
01_knn,Distancia,Gradient Boosting Classifier,0,0,0.04578917369658877
01_knn,Distancia,Gradient Boosting Classifier,1,1,0.9953732951120122
01_knn,Distancia,Gradient Boosting Classifier,0,0,0.007548304961277059
01_knn,Distancia,Gradient Boosting Classifier,0,0,0.007351306337053819
01_knn,Distancia,Gradient Boosting Classifier,0,0,0.006798001207506003
01_knn,Distancia,Gradient Boosting Classifier,0,0,0.04912263011625238
01_knn,Distancia,Gradient Boosting Classifier,1,1,0.9889594063789908
01_knn,Distancia,Gradient Boosting Classifier,0,0,0.00412769090419141
01_knn,Distancia,Gradient Boosting Classifier,0,0,0.187972914128964
01_knn,Distancia,Gradient Boosting Classifier,0,0,0.038293932996339104
01_knn,Distancia,Gradient Boosting Classifier,0,0,0.02280994388242156
01_knn,Distancia,Gradient Boosting Classifier,0,0,0.0063766444498136645
01_knn,Distancia,Gradient Boosting Classifier,1,1,0.9863141187475486
01_knn,Distancia,Gradient Boosting Classifier,1,1,0.8540277996619845
01_knn,Distancia,Gradient Boosting Classifier,1,1,0.9924217175764113
01_knn,Distancia,Gradient Boosting Classifier,0,0,0.0054738790378720285
01_knn,Distancia,Gradient Boosting Classifier,0,0,0.01503330925651085
01_knn,Distancia,Gradient Boosting Classifier,0,1,0.6138940170724144
01_knn,Distancia,Gradient Boosting Classifier,0,0,0.01900390811990632
01_knn,Distancia,Gradient Boosting Classifier,0,0,0.003080176899629913
01_knn,Distancia,Gradient Boosting Classifier,0,0,0.011159844436690573
01_knn,Distancia,Gradient Boosting Classifier,0,0,0.10598587422908172
01_knn,Distancia,Gradient Boosting Classifier,0,0,0.005606734875955759
01_knn,Distancia,Gradient Boosting Classifier,0,0,0.002875600920008732
01_knn,Distancia,Gradient Boosting Classifier,1,0,0.39584107410095054
01_knn,Distancia,Gradient Boosting Classifier,0,0,0.011525717474058726
01_knn,Distancia,Gradient Boosting Classifier,1,1,0.9947172956059402
01_knn,Distancia,Gradient Boosting Classifier,1,1,0.9960244221969503
01_knn,Distancia,Gradient Boosting Classifier,0,0,0.0066261473928540815
01_knn,Distancia,Gradient Boosting Classifier,1,1,0.9947674883578774
01_knn,Distancia,Gradient Boosting Classifier,0,0,0.025528217857605482
01_knn,Distancia,Gradient Boosting Classifier,0,0,0.011268306106106036
01_knn,Distancia,Gradient Boosting Classifier,0,0,0.028888864974336705
01_knn,Distancia,Gradient Boosting Classifier,1,1,0.9954128901576773
01_knn,Distancia,Gradient Boosting Classifier,0,0,0.006226501241882315
01_knn,Distancia,Gradient Boosting Classifier,0,0,0.002428579055339811
01_knn,Distancia,Gradient Boosting Classifier,0,0,0.012852584998380589
01_knn,Distancia,Gradient Boosting Classifier,1,1,0.9925822759086362
01_knn,Distancia,Gradient Boosting Classifier,0,0,0.005807217708821445
01_knn,Distancia,Gradient Boosting Classifier,1,1,0.9951202030402744
01_knn,Distancia,Gradient Boosting Classifier,1,1,0.9953467157588601
01_knn,Distancia,Gradient Boosting Classifier,0,0,0.1687998037932234
01_knn,Distancia,Gradient Boosting Classifier,1,1,0.9975253237068168
01_knn,Distancia,Gradient Boosting Classifier,1,1,0.9958163515060847
01_knn,Distancia,Gradient Boosting Classifier,0,0,0.005223054131044735
01_knn,Distancia,Gradient Boosting Classifier,0,0,0.04839959491503014
01_knn,Distancia,Gradient Boosting Classifier,0,0,0.025907527713791255
01_knn,Distancia,Gradient Boosting Classifier,0,0,0.00610897723197865
01_knn,Distancia,Gradient Boosting Classifier,1,1,0.9988287420861736
01_knn,Distancia,Gradient Boosting Classifier,0,0,0.0062934776752754515
01_knn,Distancia,Gradient Boosting Classifier,1,1,0.7676539310196147
01_knn,Distancia,Gradient Boosting Classifier,0,0,0.029953098395340775
01_knn,Distancia,Gradient Boosting Classifier,0,0,0.03094265389458519
01_knn,Distancia,Gradient Boosting Classifier,0,0,0.002882709706540753
01_knn,Distancia,Gradient Boosting Classifier,0,0,0.029779671542603203
01_knn,Distancia,Gradient Boosting Classifier,1,1,0.9988906770803623
01_knn,Distancia,Gradient Boosting Classifier,0,0,0.007689256836788435
01_knn,Distancia,Gradient Boosting Classifier,1,1,0.9833655130697907
01_knn,Distancia,Gradient Boosting Classifier,0,0,0.046713435073956276
01_knn,Distancia,Gradient Boosting Classifier,0,0,0.01388081214621638
01_knn,Distancia,Gradient Boosting Classifier,0,0,0.0047805288630686895
01_knn,Distancia,Gradient Boosting Classifier,0,0,0.009851748613131421
01_knn,Distancia,Gradient Boosting Classifier,0,0,0.0041892135208076615
01_knn,Distancia,Gradient Boosting Classifier,0,0,0.006417078505164524
01_knn,Distancia,Gradient Boosting Classifier,1,1,0.9971065705560684
01_knn,Distancia,Gradient Boosting Classifier,0,0,0.004551653100883537
01_knn,Distancia,Gradient Boosting Classifier,0,0,0.004020410905917646
01_knn,Distancia,Gradient Boosting Classifier,1,1,0.9966045719487561
01_knn,Distancia,Gradient Boosting Classifier,0,0,0.13222342442983592
01_knn,Distancia,Gradient Boosting Classifier,0,0,0.006415236210940943
01_knn,Distancia,Gradient Boosting Classifier,0,0,0.26351596258459664
01_knn,Distancia,Gradient Boosting Classifier,0,0,0.0037546319354579477
01_knn,Distancia,Gradient Boosting Classifier,0,0,0.004234882293506088
01_knn,Distancia,Gradient Boosting Classifier,1,1,0.9543770020392891
01_knn,Distancia,Gradient Boosting Classifier,0,0,0.014950815175656865
01_knn,Distancia,Gradient Boosting Classifier,0,0,0.033546293936953055
01_knn,Distancia,Gradient Boosting Classifier,1,1,0.9927453630090027
01_knn,Distancia,Gradient Boosting Classifier,0,0,0.02747176793167273
01_knn,Distancia,Gradient Boosting Classifier,0,0,0.0032758948555811603
01_knn,Distancia,Gradient Boosting Classifier,1,1,0.9889116587380117
01_knn,Distancia,Gradient Boosting Classifier,0,0,0.005720028273444899
01_knn,Distancia,Gradient Boosting Classifier,1,1,0.9959294487036654
01_knn,Distancia,Gradient Boosting Classifier,0,1,0.5994585373631726
01_knn,Distancia,Gradient Boosting Classifier,0,0,0.0057074907693290145
01_knn,Distancia,Gradient Boosting Classifier,0,0,0.004661740376021568
01_knn,Distancia,Gradient Boosting Classifier,0,0,0.031158391374841124
01_knn,Distancia,Gradient Boosting Classifier,1,1,0.9959729945854124
01_knn,Distancia,Gradient Boosting Classifier,0,0,0.0037086717469482647
01_knn,Distancia,Gradient Boosting Classifier,1,1,0.9980217832323668
01_knn,Distancia,Gradient Boosting Classifier,0,0,0.013245323056015213
01_knn,Distancia,Gradient Boosting Classifier,0,0,0.0022768478139702964
01_knn,Distancia,Gradient Boosting Classifier,0,0,0.02371576590535252
01_knn,Distancia,Gradient Boosting Classifier,0,0,0.3750750001403501
01_knn,Distancia,Gradient Boosting Classifier,0,0,0.0019568206519131343
01_knn,Distancia,Gradient Boosting Classifier,1,1,0.9880905092900504
01_knn,Distancia,Gradient Boosting Classifier,0,1,0.7462431267546804
01_knn,Distancia,Gradient Boosting Classifier,0,0,0.006482001678578654
01_knn,Distancia,Gradient Boosting Classifier,1,1,0.99734185927756
01_knn,Distancia,Gradient Boosting Classifier,0,0,0.018615731914885116
01_knn,Distancia,Gradient Boosting Classifier,0,0,0.009318814470570091
01_knn,Distancia,Gradient Boosting Classifier,1,1,0.9923806100661959
01_knn,Distancia,Gradient Boosting Classifier,0,0,0.014772714251566623
01_knn,Distancia,Gradient Boosting Classifier,0,0,0.004788495817141765
01_knn,Distancia,Gradient Boosting Classifier,0,0,0.016039097746646778
01_knn,Distancia,Gradient Boosting Classifier,0,0,0.003664261042789674
01_knn,Distancia,Gradient Boosting Classifier,0,0,0.023073308699491965
01_knn,Distancia,Gradient Boosting Classifier,0,0,0.013139687341108023
01_knn,Distancia,Gradient Boosting Classifier,0,0,0.009887336535133018
01_knn,Distancia,Gradient Boosting Classifier,0,0,0.017961397011555788
01_knn,Distancia,Gradient Boosting Classifier,0,0,0.026685453388023972
01_knn,Distancia,Gradient Boosting Classifier,0,0,0.005628215909454918
01_knn,Distancia,Gradient Boosting Classifier,0,0,0.004129377693365459
01_knn,Distancia,Gradient Boosting Classifier,0,0,0.051675485214311395
01_knn,Distancia,Gradient Boosting Classifier,0,0,0.08790949813288952
01_knn,Distancia,Gradient Boosting Classifier,0,0,0.03875549472347323
01_knn,Distancia,Gradient Boosting Classifier,1,1,0.9949324543616007
01_knn,Distancia,Gradient Boosting Classifier,0,0,0.00499972618265821
01_knn,Distancia,Gradient Boosting Classifier,0,0,0.02017581551958252
01_knn,Distancia,Gradient Boosting Classifier,1,1,0.9954470594498535
01_knn,Distancia,Gradient Boosting Classifier,1,1,0.9941101216535339
01_knn,Distancia,Gradient Boosting Classifier,0,0,0.004608004060809119
01_knn,Distancia,Gradient Boosting Classifier,0,0,0.005504408968288158
01_knn,Distancia,Gradient Boosting Classifier,0,0,0.020121892689148158
01_knn,Distancia,Gradient Boosting Classifier,0,1,0.6526343882071928
01_knn,Distancia,Gradient Boosting Classifier,0,0,0.013861193176229119
01_knn,Distancia,Gradient Boosting Classifier,1,1,0.995571704609372
01_knn,Distancia,Gradient Boosting Classifier,0,0,0.020256336214177176
01_knn,Distancia,Gradient Boosting Classifier,1,1,0.995960739029245
01_knn,Distancia,Gradient Boosting Classifier,0,0,0.02702292371482129
01_knn,Distancia,Gradient Boosting Classifier,0,0,0.0035545338907906764
01_knn,Distancia,Gradient Boosting Classifier,1,1,0.9464321348014408
01_knn,Distancia,Gradient Boosting Classifier,0,0,0.005500700390543302
01_knn,Distancia,Gradient Boosting Classifier,1,1,0.9968646260627771
01_knn,Distancia,Gradient Boosting Classifier,0,0,0.005467385365123726
01_knn,Distancia,Gradient Boosting Classifier,0,0,0.003852519280582866
01_knn,Distancia,Gradient Boosting Classifier,1,1,0.994257503330731
01_knn,Distancia,Gradient Boosting Classifier,0,0,0.017551140761507485
01_knn,Distancia,Gradient Boosting Classifier,0,0,0.0026841521092107177
01_knn,Distancia,Gradient Boosting Classifier,0,0,0.3333043735218333
01_knn,Distancia,Gradient Boosting Classifier,0,1,0.6450216841559683
01_knn,Distancia,Gradient Boosting Classifier,0,0,0.005827852101629334
01_knn,Distancia,Gradient Boosting Classifier,0,0,0.006876770635821862
01_knn,Distancia,Gradient Boosting Classifier,0,0,0.0090319091669644
01_knn,Distancia,Gradient Boosting Classifier,1,1,0.9954078757919524
01_knn,Distancia,Gradient Boosting Classifier,0,0,0.002717237670981664
01_knn,Distancia,Gradient Boosting Classifier,0,0,0.0022574033047950523
01_knn,Distancia,Gradient Boosting Classifier,0,0,0.005811618235611623
01_knn,Distancia,Gradient Boosting Classifier,0,0,0.006069178042219621
01_knn,Distancia,Gradient Boosting Classifier,0,0,0.01717647885158945
01_knn,Distancia,Gradient Boosting Classifier,0,0,0.011902929982272735
01_knn,Distancia,Gradient Boosting Classifier,0,0,0.002752223619569673
01_knn,Distancia,Gradient Boosting Classifier,0,0,0.05983053242760425
01_knn,Distancia,Gradient Boosting Classifier,0,0,0.016732292268966276
01_knn,Distancia,Gradient Boosting Classifier,0,0,0.029438935874734975
01_knn,Distancia,Gradient Boosting Classifier,1,1,0.997048285037178
01_knn,Distancia,Gradient Boosting Classifier,1,1,0.9959858558813297
01_knn,Distancia,Gradient Boosting Classifier,1,1,0.9958417601672725
01_knn,Distancia,Gradient Boosting Classifier,1,1,0.983144964969049
01_knn,Distancia,Gradient Boosting Classifier,1,1,0.9944280549284533
01_knn,Distancia,Gradient Boosting Classifier,0,0,0.006130517189148459
01_knn,Distancia,Gradient Boosting Classifier,1,1,0.985423015886384
01_knn,Distancia,Gradient Boosting Classifier,0,0,0.003595380693099561
01_knn,Distancia,Gradient Boosting Classifier,0,0,0.00397925714674486
01_knn,Distancia,Gradient Boosting Classifier,0,0,0.019024453838489875
01_knn,Distancia,Gradient Boosting Classifier,0,0,0.005663717809541569
01_knn,Distancia,Gradient Boosting Classifier,0,0,0.014348585177799756
01_knn,Distancia,Gradient Boosting Classifier,0,0,0.006939886283516971
01_knn,Distancia,Gradient Boosting Classifier,0,0,0.054943489194733304
01_knn,Distancia,Gradient Boosting Classifier,0,0,0.003036887930304367
01_knn,Distancia,Gradient Boosting Classifier,1,1,0.9864311149282811
01_knn,Distancia,Gradient Boosting Classifier,0,0,0.006226501241882315
01_knn,Distancia,Gradient Boosting Classifier,1,1,0.989636467366994
01_knn,Distancia,Gradient Boosting Classifier,1,1,0.9898849315666004
01_knn,Distancia,Gradient Boosting Classifier,1,1,0.9749432663588622
01_knn,Distancia,Gradient Boosting Classifier,0,0,0.026202847977088245
01_knn,Distancia,Gradient Boosting Classifier,0,0,0.06538803520630036
01_knn,Distancia,Gradient Boosting Classifier,0,0,0.0023534215606301457
01_knn,Distancia,Gradient Boosting Classifier,0,0,0.0027032273286218783
01_knn,Distancia,Gradient Boosting Classifier,0,0,0.005080768592818267
01_knn,Distancia,Gradient Boosting Classifier,0,0,0.004035091150634178
01_knn,Distancia,Gradient Boosting Classifier,0,0,0.005052578048940265
01_knn,Distancia,Gradient Boosting Classifier,0,0,0.0043473064272883735
01_knn,Distancia,Gradient Boosting Classifier,0,0,0.005500700390543302
01_knn,Distancia,Gradient Boosting Classifier,0,0,0.005067697305776901
01_knn,Distancia,Gradient Boosting Classifier,0,0,0.011431404446021792
01_knn,Distancia,Gradient Boosting Classifier,0,0,0.011759015893891306
01_knn,Distancia,Gradient Boosting Classifier,0,0,0.3158708747181319
01_knn,Distancia,Gradient Boosting Classifier,0,0,0.02518604672888574
01_knn,Distancia,Gradient Boosting Classifier,0,0,0.02632174654927321
01_knn,Distancia,Gradient Boosting Classifier,1,1,0.9924204641724794
01_knn,Distancia,Gradient Boosting Classifier,0,0,0.0020953033033677647
01_knn,Distancia,Gradient Boosting Classifier,0,0,0.02139334187487757
01_knn,Distancia,Gradient Boosting Classifier,0,0,0.003946106409834944
01_knn,Distancia,Gradient Boosting Classifier,0,0,0.011512496832296291
01_knn,Distancia,Gradient Boosting Classifier,0,0,0.0024385502075278264
01_knn,Distancia,Gradient Boosting Classifier,1,1,0.9473642589498245
01_knn,Distancia,Gradient Boosting Classifier,0,0,0.02829637440358389
01_knn,Distancia,Gradient Boosting Classifier,0,0,0.02744236889139685
01_knn,Distancia,Gradient Boosting Classifier,0,0,0.01553538207740487
01_knn,Distancia,Gradient Boosting Classifier,0,0,0.003391179382323809
01_knn,Distancia,Gradient Boosting Classifier,0,0,0.0049478689582731225
01_knn,Distancia,Gradient Boosting Classifier,0,1,0.9953878187358586
01_knn,Distancia,Gradient Boosting Classifier,1,1,0.9947674883578774
01_knn,Distancia,Gradient Boosting Classifier,0,0,0.005807217708821445
01_knn,Distancia,Gradient Boosting Classifier,0,0,0.019438923989780515
01_knn,Distancia,Gradient Boosting Classifier,0,0,0.0035094593969114893
01_knn,Distancia,Gradient Boosting Classifier,0,0,0.0060589936834145154
01_knn,Distancia,Gradient Boosting Classifier,0,0,0.0029230338740462544
01_knn,Distancia,Gradient Boosting Classifier,1,1,0.994085829278676
01_knn,Distancia,Gradient Boosting Classifier,1,1,0.9902536428450694
01_knn,Distancia,Gradient Boosting Classifier,1,1,0.9960083653161501
01_knn,Distancia,Gradient Boosting Classifier,0,0,0.0024442555138796925
01_knn,Distancia,Gradient Boosting Classifier,1,1,0.9953668485136561
01_knn,Distancia,Gradient Boosting Classifier,0,0,0.025305818188459443
01_knn,Distancia,Gradient Boosting Classifier,0,0,0.004060806625617029
01_knn,Distancia,Gradient Boosting Classifier,0,0,0.02402947048216155
01_knn,Distancia,Gradient Boosting Classifier,0,0,0.003682704478035797
01_knn,Distancia,Gradient Boosting Classifier,0,0,0.006416265305567366
01_knn,Distancia,Gradient Boosting Classifier,0,0,0.20059509832402797
01_knn,Distancia,Gradient Boosting Classifier,0,0,0.059107678984172046
01_knn,Distancia,Gradient Boosting Classifier,0,0,0.0036279854166483016
01_knn,Distancia,Gradient Boosting Classifier,0,0,0.011867303819025071
01_knn,Distancia,Gradient Boosting Classifier,1,1,0.9969687784454427
01_knn,Distancia,Gradient Boosting Classifier,1,1,0.9930812301023642
01_knn,Distancia,Gradient Boosting Classifier,0,0,0.04071374900924916
01_knn,Distancia,Gradient Boosting Classifier,1,1,0.997274399634595
01_knn,Distancia,Gradient Boosting Classifier,0,0,0.0027192119754780044
01_knn,Distancia,Gradient Boosting Classifier,0,0,0.021646893958404387
01_knn,Distancia,Gradient Boosting Classifier,0,0,0.011413591600025915
01_knn,Distancia,Gradient Boosting Classifier,0,0,0.005807217708821445
01_knn,Distancia,Gradient Boosting Classifier,0,0,0.002142536170915467
01_knn,Distancia,Gradient Boosting Classifier,0,0,0.011696689347264816
01_knn,Distancia,Gradient Boosting Classifier,0,0,0.005827852101629334
01_knn,Distancia,Gradient Boosting Classifier,0,0,0.015826592001318137
01_knn,Distancia,Gradient Boosting Classifier,0,0,0.004836252763857779
01_knn,Distancia,Gradient Boosting Classifier,0,1,0.7032447489690296
01_knn,Distancia,Gradient Boosting Classifier,0,0,0.06615004456983818
01_knn,Distancia,Gradient Boosting Classifier,0,0,0.006744840128479382
01_knn,Distancia,Gradient Boosting Classifier,0,0,0.004676721284303435
01_knn,Distancia,Gradient Boosting Classifier,0,0,0.3523160514545218
01_knn,Distancia,Gradient Boosting Classifier,0,0,0.008035631565068592
01_knn,Distancia,Gradient Boosting Classifier,0,0,0.0033751869728483757
01_knn,Distancia,Gradient Boosting Classifier,0,0,0.0030293280584932935
01_knn,Distancia,Gradient Boosting Classifier,0,0,0.0032435658942747848
01_knn,Distancia,Gradient Boosting Classifier,0,0,0.007890486090098693
01_knn,Distancia,Gradient Boosting Classifier,0,0,0.0027019409638553015
01_knn,Distancia,Gradient Boosting Classifier,0,0,0.0025636597572687393
01_knn,Distancia,Gradient Boosting Classifier,0,0,0.008043471844500275
01_knn,Distancia,Gradient Boosting Classifier,1,1,0.9976162780504662
01_knn,Distancia,Gradient Boosting Classifier,0,0,0.0035336509529886517
01_knn,Distancia,Gradient Boosting Classifier,0,0,0.018194827650400005
01_knn,Distancia,Gradient Boosting Classifier,0,0,0.005827852101629334
01_knn,Distancia,Gradient Boosting Classifier,0,0,0.00228648719415122
01_knn,Distancia,Gradient Boosting Classifier,0,0,0.05392304624660912
01_knn,Distancia,Gradient Boosting Classifier,0,0,0.006798001207506003
01_knn,Distancia,Gradient Boosting Classifier,0,0,0.01093617635208876
01_knn,Distancia,Gradient Boosting Classifier,0,0,0.00628880336949861
01_knn,Distancia,Gradient Boosting Classifier,0,0,0.010592575174160833
01_knn,Distancia,Gradient Boosting Classifier,0,0,0.028843478581274458
01_knn,Distancia,Gradient Boosting Classifier,0,0,0.022206232922183433
01_knn,Distancia,Gradient Boosting Classifier,1,1,0.9955365093749478
01_knn,Distancia,Gradient Boosting Classifier,0,0,0.007094788438758007
01_knn,Distancia,Gradient Boosting Classifier,1,1,0.9952413076747009
01_knn,Distancia,Gradient Boosting Classifier,0,0,0.05401819259145023
01_knn,Distancia,Gradient Boosting Classifier,0,0,0.028814680334166967
01_knn,Distancia,Gradient Boosting Classifier,1,1,0.9483311225574689
01_knn,Distancia,Gradient Boosting Classifier,1,1,0.9913876170527897
01_knn,Distancia,Gradient Boosting Classifier,1,1,0.9967969195776482
01_knn,Distancia,Gradient Boosting Classifier,0,0,0.005067697305776901
01_knn,Distancia,Gradient Boosting Classifier,0,0,0.005827852101629334
01_knn,Distancia,Gradient Boosting Classifier,1,1,0.9964083611329674
01_knn,Distancia,Gradient Boosting Classifier,0,0,0.012427053050474953
01_knn,Distancia,Gradient Boosting Classifier,0,0,0.02744236889139685
01_knn,Distancia,Gradient Boosting Classifier,0,0,0.030289003244184265
01_knn,Distancia,Gradient Boosting Classifier,0,0,0.00564821788075806
01_knn,Distancia,Gradient Boosting Classifier,0,0,0.006226501241882315
01_knn,Distancia,Gradient Boosting Classifier,0,0,0.006130517189148459
01_knn,Distancia,Gradient Boosting Classifier,0,0,0.005827852101629334
01_knn,Distancia,Gradient Boosting Classifier,0,0,0.06275286899876979
01_knn,Distancia,Gradient Boosting Classifier,0,0,0.005827852101629334
01_knn,Distancia,Gradient Boosting Classifier,0,0,0.005139029381919213
01_knn,Distancia,Gradient Boosting Classifier,0,0,0.006569404250107255
01_knn,Distancia,Gradient Boosting Classifier,1,1,0.9975523781134664
01_knn,Distancia,Gradient Boosting Classifier,1,1,0.9943368502259483
01_knn,Distancia,Gradient Boosting Classifier,0,0,0.026758483499780814
01_knn,Distancia,Gradient Boosting Classifier,0,0,0.007311507411868406
01_knn,Distancia,Gradient Boosting Classifier,0,0,0.08832265425889385
01_knn,Distancia,Gradient Boosting Classifier,1,1,0.916456213688678
01_knn,Distancia,Gradient Boosting Classifier,1,1,0.9949324543616007
01_knn,Distancia,Gradient Boosting Classifier,0,0,0.003634835154631251
01_knn,Distancia,Gradient Boosting Classifier,0,0,0.013155544562552303
01_knn,Distancia,Gradient Boosting Classifier,0,0,0.06983491242984961
01_knn,Distancia,Gradient Boosting Classifier,0,0,0.03364044454389696
01_knn,Distancia,Gradient Boosting Classifier,0,0,0.00564821788075806
01_knn,Distancia,Gradient Boosting Classifier,1,1,0.997044150853889
01_knn,Distancia,Gradient Boosting Classifier,1,1,0.985423015886384
01_knn,Distancia,Gradient Boosting Classifier,0,0,0.002981217895827282
01_knn,Distancia,Gradient Boosting Classifier,1,1,0.9834045825563524
01_knn,Distancia,Gradient Boosting Classifier,0,0,0.0022837258832238356
01_knn,Distancia,Gradient Boosting Classifier,0,0,0.021034995312009027
01_knn,Distancia,Gradient Boosting Classifier,0,0,0.026220554994692398
01_knn,Distancia,Gradient Boosting Classifier,0,0,0.0052473939408818815
01_knn,Distancia,Gradient Boosting Classifier,0,0,0.004696299414879879
01_knn,Distancia,Gradient Boosting Classifier,0,0,0.007437647034030734
01_knn,Distancia,Gradient Boosting Classifier,0,0,0.010109785433929317
01_knn,Distancia,Gradient Boosting Classifier,1,1,0.9961431811976393
01_knn,Distancia,Gradient Boosting Classifier,0,0,0.05301743415815769
01_knn,Distancia,Gradient Boosting Classifier,0,0,0.01783596884029946
01_knn,Distancia,Gradient Boosting Classifier,0,0,0.003169225771439695
01_knn,Distancia,Gradient Boosting Classifier,0,0,0.024407315948171977
01_knn,Distancia,Gradient Boosting Classifier,0,0,0.01224293429107215
01_knn,Distancia,Gradient Boosting Classifier,1,1,0.9966792183643072
01_knn,Distancia,Gradient Boosting Classifier,0,0,0.04578917369658877
01_knn,Distancia,Gradient Boosting Classifier,0,0,0.030755763011632707
01_knn,Distancia,Gradient Boosting Classifier,0,0,0.0021315854165460967
01_knn,Distancia,Gradient Boosting Classifier,1,1,0.989698396806847
01_knn,Distancia,Gradient Boosting Classifier,0,0,0.0042181971906936205
01_knn,Distancia,Gradient Boosting Classifier,0,0,0.0047761004430799435
01_knn,Distancia,Gradient Boosting Classifier,0,0,0.0034046321513622655
01_knn,Distancia,Gradient Boosting Classifier,0,0,0.04977027942048337
01_knn,Distancia,Gradient Boosting Classifier,0,0,0.0058252598950590765
01_knn,Distancia,Gradient Boosting Classifier,0,0,0.0033247409112232376
01_knn,Distancia,Gradient Boosting Classifier,0,0,0.0053930811354016275
01_knn,Distancia,Gradient Boosting Classifier,1,1,0.9818029302853248
01_knn,Distancia,Gradient Boosting Classifier,0,0,0.0060119999009893765
01_knn,Distancia,Gradient Boosting Classifier,0,0,0.015765757074196553
01_knn,Distancia,Gradient Boosting Classifier,1,1,0.958907377303306
01_knn,Distancia,Gradient Boosting Classifier,0,0,0.020758363182973052
01_knn,Distancia,Gradient Boosting Classifier,0,0,0.007735700048987255
01_knn,Distancia,Gradient Boosting Classifier,0,0,0.03845518002930419
01_knn,Distancia,Gradient Boosting Classifier,0,0,0.005538980385100801
01_knn,Distancia,Gradient Boosting Classifier,0,0,0.010556207073901433
01_knn,Distancia,Gradient Boosting Classifier,0,0,0.01955503599482329
01_knn,Distancia,Gradient Boosting Classifier,0,0,0.009689464009556458
01_knn,Distancia,Gradient Boosting Classifier,0,0,0.0049766529971235944
01_knn,Distancia,Gradient Boosting Classifier,0,0,0.07595160319551315
01_knn,Distancia,Gradient Boosting Classifier,0,0,0.029124131371915288
01_knn,Distancia,Gradient Boosting Classifier,0,0,0.05771334833342391
01_knn,Distancia,Gradient Boosting Classifier,0,0,0.041878223482604914
01_knn,Distancia,Gradient Boosting Classifier,0,0,0.2006984080462614
01_knn,Distancia,Gradient Boosting Classifier,0,0,0.08433452333615861
01_knn,Distancia,Gradient Boosting Classifier,0,0,0.0060346538856318665
01_knn,Distancia,Gradient Boosting Classifier,0,0,0.00880989123842072
01_knn,Distancia,Gradient Boosting Classifier,1,1,0.9955960104088389
01_knn,Distancia,Gradient Boosting Classifier,0,0,0.0293011924436285
01_knn,Distancia,Gradient Boosting Classifier,0,0,0.003916275167007431
01_knn,Distancia,Gradient Boosting Classifier,0,0,0.08083688410612416
01_knn,Distancia,Gradient Boosting Classifier,0,0,0.005807217708821445
01_knn,Distancia,Gradient Boosting Classifier,0,0,0.07437661875472584
01_knn,Distancia,Gradient Boosting Classifier,0,0,0.016032673961570522
01_knn,Distancia,Gradient Boosting Classifier,0,0,0.007094788438758007
01_knn,Distancia,Gradient Boosting Classifier,0,0,0.0049521273238514
01_knn,Distancia,Gradient Boosting Classifier,1,1,0.9907971898726472
01_knn,Distancia,Gradient Boosting Classifier,0,0,0.03669410590398854
01_knn,Distancia,Gradient Boosting Classifier,1,1,0.9949481016960352
01_knn,Distancia,Gradient Boosting Classifier,0,0,0.007457110320861315
01_knn,Distancia,Gradient Boosting Classifier,0,0,0.00916100957747309
01_knn,Distancia,Gradient Boosting Classifier,1,1,0.994152609215612
01_knn,Distancia,Gradient Boosting Classifier,1,1,0.9814891236946558
01_knn,Distancia,Gradient Boosting Classifier,0,0,0.029127711087795393
01_knn,Distancia,Gradient Boosting Classifier,0,0,0.005921839182933733
01_knn,Distancia,Gradient Boosting Classifier,0,0,0.002744939329724602
01_knn,Distancia,Gradient Boosting Classifier,1,1,0.9857790788125239
01_knn,Distancia,Gradient Boosting Classifier,0,0,0.012711645277303773
01_knn,Distancia,Gradient Boosting Classifier,0,0,0.026025185287385778
01_knn,Distancia,Gradient Boosting Classifier,1,1,0.9944970793019912
01_knn,Distancia,Gradient Boosting Classifier,1,1,0.9944823772489669
01_knn,Distancia,Gradient Boosting Classifier,0,0,0.002418233368829336
01_knn,Distancia,Gradient Boosting Classifier,0,0,0.004319984232676498
01_knn,Distancia,Gradient Boosting Classifier,1,1,0.9978447970125945
01_knn,Distancia,Gradient Boosting Classifier,1,1,0.9872745835614001
01_knn,Distancia,Gradient Boosting Classifier,1,1,0.9969449790843179
01_knn,Distancia,Gradient Boosting Classifier,0,0,0.005908059784472511
01_knn,Distancia,Gradient Boosting Classifier,0,0,0.006536805747392498
01_knn,Distancia,Gradient Boosting Classifier,1,1,0.8391786472350966
01_knn,Distancia,Gradient Boosting Classifier,0,0,0.010659727588701895
01_knn,Distancia,Gradient Boosting Classifier,0,0,0.023711870000613706
01_knn,Distancia,Gradient Boosting Classifier,0,0,0.00294092459167778
01_knn,Distancia,Gradient Boosting Classifier,0,0,0.005115512496160193
01_knn,Distancia,Gradient Boosting Classifier,0,0,0.024451868004468042
01_knn,Distancia,Gradient Boosting Classifier,0,0,0.0050392377391345515
01_knn,Distancia,Gradient Boosting Classifier,0,0,0.0068346975986308695
01_knn,Distancia,Gradient Boosting Classifier,0,0,0.005146601423403627
01_knn,Distancia,Gradient Boosting Classifier,0,0,0.003770476252002781
01_knn,Distancia,Gradient Boosting Classifier,0,0,0.03947105022203104
01_knn,Distancia,Gradient Boosting Classifier,0,0,0.005514054348099402
01_knn,Distancia,Gradient Boosting Classifier,0,0,0.002718204391896367
01_knn,Distancia,Gradient Boosting Classifier,0,0,0.002408350017063804
01_knn,Distancia,Gradient Boosting Classifier,1,1,0.99734185927756
01_knn,Distancia,Gradient Boosting Classifier,1,1,0.9927681235788656
01_knn,Distancia,Gradient Boosting Classifier,0,0,0.004748280118352502
01_knn,Distancia,Gradient Boosting Classifier,0,0,0.022414899186516502
01_knn,Distancia,Gradient Boosting Classifier,0,0,0.0633737887602331
01_knn,Distancia,Gradient Boosting Classifier,1,1,0.9976119737339821
01_knn,Distancia,Gradient Boosting Classifier,0,0,0.05969686572333356
01_knn,Distancia,Gradient Boosting Classifier,1,1,0.9879480407494723
01_knn,Distancia,Gradient Boosting Classifier,0,0,0.024110422169228072
01_knn,Distancia,Gradient Boosting Classifier,0,0,0.027009804567277213
01_knn,Distancia,Gradient Boosting Classifier,0,0,0.016787662644477754
01_knn,Distancia,Gradient Boosting Classifier,0,0,0.13804636641172352
01_knn,Distancia,Gradient Boosting Classifier,0,0,0.010089155194012392
01_knn,Distancia,Gradient Boosting Classifier,0,0,0.0038112552892876515
01_knn,Distancia,Gradient Boosting Classifier,0,0,0.01451409250667936
01_knn,Distancia,Gradient Boosting Classifier,0,0,0.005807217708821445
01_knn,Distancia,Gradient Boosting Classifier,0,0,0.0036377147121220664
01_knn,Distancia,Gradient Boosting Classifier,1,1,0.9951202030402744
01_knn,Distancia,Gradient Boosting Classifier,1,1,0.9866261350165769
01_knn,Distancia,Gradient Boosting Classifier,0,0,0.009237738262604073
01_knn,Distancia,Gradient Boosting Classifier,0,0,0.3004925916463942
01_knn,Distancia,Gradient Boosting Classifier,1,1,0.9978705262532207
01_knn,Distancia,Gradient Boosting Classifier,0,0,0.005628215909454918
01_knn,Distancia,Gradient Boosting Classifier,1,1,0.9960499204183981
01_knn,Distancia,Gradient Boosting Classifier,1,1,0.9226677464389806
01_knn,Distancia,Gradient Boosting Classifier,0,0,0.0057735811276126425
01_knn,Distancia,Gradient Boosting Classifier,0,0,0.0035682795728216306
01_knn,Distancia,Gradient Boosting Classifier,0,0,0.003574576553829862
01_knn,Distancia,Gradient Boosting Classifier,0,0,0.004632854687194322
01_knn,Distancia,Gradient Boosting Classifier,0,0,0.003614184994777835
01_knn,Distancia,Gradient Boosting Classifier,0,0,0.043843892284296276
01_knn,Distancia,Gradient Boosting Classifier,0,0,0.005827852101629334
01_knn,Distancia,Gradient Boosting Classifier,0,0,0.0037413462085066243
01_knn,Distancia,Gradient Boosting Classifier,0,0,0.013769720331865222
01_knn,Distancia,Gradient Boosting Classifier,0,0,0.005029465904917048
01_knn,Distancia,Gradient Boosting Classifier,0,0,0.007325486728175198
01_knn,Distancia,Gradient Boosting Classifier,0,0,0.0057735811276126425
01_knn,Distancia,Gradient Boosting Classifier,1,1,0.9946631828921205
01_knn,Distancia,Gradient Boosting Classifier,1,1,0.9969328792781258
01_knn,Distancia,Gradient Boosting Classifier,0,1,0.7935745172646436
01_knn,Distancia,Gradient Boosting Classifier,0,0,0.0020163618746598397
01_knn,Distancia,Gradient Boosting Classifier,0,0,0.004059881453380199
01_knn,Distancia,Gradient Boosting Classifier,0,0,0.0041785581386440136
01_knn,Distancia,Gradient Boosting Classifier,0,0,0.010029332736825656
01_knn,Distancia,Gradient Boosting Classifier,0,0,0.002024005021803772
01_knn,Distancia,Gradient Boosting Classifier,0,0,0.049638426021411206
01_knn,Distancia,Gradient Boosting Classifier,0,0,0.0069441291003203625
01_knn,Distancia,Gradient Boosting Classifier,0,0,0.019488531374637352
01_knn,Distancia,Gradient Boosting Classifier,0,0,0.009900459372280106
01_knn,Distancia,Gradient Boosting Classifier,0,0,0.010926681236413936
01_knn,Distancia,Gradient Boosting Classifier,0,0,0.011493052843868338
01_knn,Distancia,Gradient Boosting Classifier,0,0,0.003876625715906776
01_knn,Distancia,Gradient Boosting Classifier,0,0,0.03386283751793064
01_knn,Distancia,Gradient Boosting Classifier,0,0,0.007364795867622445
01_knn,Distancia,Gradient Boosting Classifier,0,0,0.020337419597372824
01_knn,Distancia,Gradient Boosting Classifier,1,0,0.37400964168705003
01_knn,Distancia,Gradient Boosting Classifier,0,0,0.05681666162272481
01_knn,Distancia,Gradient Boosting Classifier,0,0,0.019675131751074087
01_knn,Distancia,Gradient Boosting Classifier,0,0,0.042030848820362274
01_knn,Distancia,Gradient Boosting Classifier,0,0,0.007380730028216401
01_knn,Distancia,Gradient Boosting Classifier,0,0,0.05972682754902239
01_knn,Distancia,Gradient Boosting Classifier,0,0,0.002324900465977159
01_knn,Distancia,Gradient Boosting Classifier,0,0,0.051451494752656986
01_knn,Distancia,Gradient Boosting Classifier,1,1,0.9717296224427617
01_knn,Distancia,Gradient Boosting Classifier,1,1,0.9773279053836434
01_knn,Distancia,Gradient Boosting Classifier,0,0,0.006108817749546319
01_knn,Distancia,Gradient Boosting Classifier,0,0,0.0013701989545416681
01_knn,Distancia,Gradient Boosting Classifier,0,0,0.00786238492601686
01_knn,Distancia,Gradient Boosting Classifier,0,0,0.015381696527471867
01_knn,Distancia,Gradient Boosting Classifier,1,1,0.9662941197130208
01_knn,Distancia,Gradient Boosting Classifier,0,0,0.004431640800930701
01_knn,Distancia,Gradient Boosting Classifier,0,0,0.004711809250191543
01_knn,Distancia,Gradient Boosting Classifier,1,1,0.985249113550928
01_knn,Distancia,Gradient Boosting Classifier,0,0,0.00638429572585429
01_knn,Distancia,Gradient Boosting Classifier,0,0,0.003762361602374742
01_knn,Distancia,Gradient Boosting Classifier,0,0,0.0044820168920146055
01_knn,Distancia,Gradient Boosting Classifier,0,0,0.003887726713275464
01_knn,Distancia,Gradient Boosting Classifier,0,0,0.04652920502300133
01_knn,Distancia,Gradient Boosting Classifier,0,0,0.006108817749546319
01_knn,Distancia,Gradient Boosting Classifier,1,1,0.9972516982979053
01_knn,Distancia,Gradient Boosting Classifier,0,0,0.004799683534980324
01_knn,Distancia,Gradient Boosting Classifier,1,1,0.9966631313627182
01_knn,Distancia,Gradient Boosting Classifier,0,0,0.02757210510597876
01_knn,Distancia,Gradient Boosting Classifier,0,0,0.0045300323982930815
01_knn,Distancia,Gradient Boosting Classifier,0,0,0.0048085687786537995
01_knn,Distancia,Gradient Boosting Classifier,1,1,0.958588297330404
01_knn,Distancia,Gradient Boosting Classifier,0,0,0.0026341661239156766
01_knn,Distancia,Gradient Boosting Classifier,0,0,0.005071952863844051
01_knn,Distancia,Gradient Boosting Classifier,0,0,0.005210436496935174
01_knn,Distancia,Gradient Boosting Classifier,1,1,0.994152609215612
01_knn,Distancia,Gradient Boosting Classifier,0,0,0.008707130347127466
01_knn,Distancia,Gradient Boosting Classifier,1,1,0.9956947070316144
01_knn,Distancia,Gradient Boosting Classifier,0,0,0.004562110085996789
01_knn,Distancia,Gradient Boosting Classifier,0,0,0.004327767422377862
01_knn,Distancia,Gradient Boosting Classifier,0,0,0.005330019028446328
01_knn,Distancia,Gradient Boosting Classifier,0,0,0.0049352779573716195
01_knn,Distancia,Gradient Boosting Classifier,1,1,0.8812973592644632
01_knn,Distancia,Gradient Boosting Classifier,1,1,0.9943368502259483
01_knn,Distancia,Gradient Boosting Classifier,0,0,0.0051271780609176976
01_knn,Distancia,Gradient Boosting Classifier,0,0,0.003819996442222576
01_knn,Distancia,Gradient Boosting Classifier,0,0,0.005228965914287321
01_knn,Distancia,Gradient Boosting Classifier,0,0,0.009047111050953864
01_knn,Distancia,Gradient Boosting Classifier,0,0,0.004145687872376079
01_knn,Distancia,Gradient Boosting Classifier,0,0,0.004351753960764021
01_knn,Distancia,Gradient Boosting Classifier,0,0,0.012064982860382035
01_knn,Distancia,Gradient Boosting Classifier,0,0,0.03619334506017155
01_knn,Distancia,Gradient Boosting Classifier,0,0,0.022369380941973254
01_knn,Distancia,Gradient Boosting Classifier,0,0,0.004629618416229355
01_knn,Distancia,Gradient Boosting Classifier,1,1,0.9968200337577917
01_knn,Distancia,Gradient Boosting Classifier,0,0,0.013652172920344185
01_knn,Distancia,Gradient Boosting Classifier,0,0,0.013619920149384528
01_knn,Distancia,Gradient Boosting Classifier,0,0,0.005490418930678536
01_knn,Distancia,Gradient Boosting Classifier,0,0,0.005720028273444899
01_knn,Distancia,Gradient Boosting Classifier,1,1,0.9950580474136289
01_knn,Distancia,Gradient Boosting Classifier,0,0,0.005827852101629334
01_knn,Distancia,Gradient Boosting Classifier,0,0,0.046882273959786294
01_knn,Distancia,Gradient Boosting Classifier,0,0,0.004059881453380199
01_knn,Distancia,Gradient Boosting Classifier,0,0,0.015499887519098473
01_knn,Distancia,Gradient Boosting Classifier,0,0,0.01455366355518248
01_knn,Distancia,Gradient Boosting Classifier,1,0,0.06074047262674701
01_knn,Distancia,Gradient Boosting Classifier,0,0,0.06703793281882173
01_knn,Distancia,Gradient Boosting Classifier,0,0,0.03165203215032394
01_knn,Distancia,Gradient Boosting Classifier,0,0,0.004381804436930694
01_knn,Distancia,Gradient Boosting Classifier,0,0,0.0038139270356213487
01_knn,Distancia,Gradient Boosting Classifier,0,0,0.003281362839896092
01_knn,Distancia,Gradient Boosting Classifier,1,1,0.8897196789468426
01_knn,Distancia,Gradient Boosting Classifier,1,1,0.9958749701021916
01_knn,Distancia,Gradient Boosting Classifier,1,1,0.9947674883578774
01_knn,Distancia,Gradient Boosting Classifier,0,0,0.0035654381592845896
01_knn,Distancia,Gradient Boosting Classifier,0,0,0.005807217708821445
01_knn,Distancia,Gradient Boosting Classifier,0,0,0.028437110301506505
01_knn,Distancia,Gradient Boosting Classifier,1,1,0.9958569670493519
01_knn,Distancia,Gradient Boosting Classifier,0,1,0.6575775592808099
01_knn,Distancia,Gradient Boosting Classifier,0,0,0.0037552332885926404
01_knn,Distancia,Gradient Boosting Classifier,1,1,0.9973691392769021
01_knn,Distancia,Gradient Boosting Classifier,0,0,0.004629618416229355
01_knn,Distancia,Gradient Boosting Classifier,0,0,0.059936029285527756
01_knn,Distancia,Gradient Boosting Classifier,0,0,0.26351596258459664
01_knn,Distancia,Gradient Boosting Classifier,0,0,0.013931649373862738
01_knn,Distancia,Gradient Boosting Classifier,0,0,0.010003122104320188
01_knn,Distancia,Gradient Boosting Classifier,0,0,0.004609718349959959
01_knn,Distancia,Gradient Boosting Classifier,0,0,0.01200685673751055
01_knn,Distancia,Gradient Boosting Classifier,0,0,0.0060980880580135685
01_knn,Distancia,Gradient Boosting Classifier,1,1,0.9972314732899329
01_knn,Distancia,Gradient Boosting Classifier,0,0,0.018093091588069085
01_knn,Distancia,Gradient Boosting Classifier,0,0,0.007351306337053819
01_knn,Distancia,Gradient Boosting Classifier,0,0,0.005617742633174997
01_knn,Distancia,Gradient Boosting Classifier,0,0,0.0042363233271558816
01_knn,Distancia,Gradient Boosting Classifier,1,1,0.913593547496794
01_knn,Distancia,Gradient Boosting Classifier,0,0,0.003635243842825184
01_knn,Distancia,Gradient Boosting Classifier,0,0,0.01826083649756015
01_knn,Distancia,Gradient Boosting Classifier,0,0,0.00706776370054904
01_knn,Distancia,Gradient Boosting Classifier,0,0,0.01994421137475487
01_knn,Distancia,Gradient Boosting Classifier,1,1,0.9808312660291537
01_knn,Distancia,Gradient Boosting Classifier,0,1,0.87361624197714
01_knn,Distancia,Gradient Boosting Classifier,1,1,0.9946631828921205
01_knn,Distancia,Gradient Boosting Classifier,0,0,0.0044427065802643325
01_knn,Distancia,Gradient Boosting Classifier,0,1,0.696375718319943
01_knn,Distancia,Gradient Boosting Classifier,0,0,0.0045300323982930815
01_knn,Distancia,Gradient Boosting Classifier,1,1,0.9967540823556578
01_knn,Distancia,Gradient Boosting Classifier,1,1,0.9975567488927765
01_knn,Distancia,Gradient Boosting Classifier,0,0,0.004679889486729397
01_knn,Distancia,Gradient Boosting Classifier,0,0,0.005500700390543302
01_knn,Distancia,Gradient Boosting Classifier,0,1,0.5591752953984614
01_knn,Distancia,Gradient Boosting Classifier,0,0,0.020467846432139582
01_knn,Distancia,Gradient Boosting Classifier,0,0,0.005228965914287321
01_knn,Distancia,Gradient Boosting Classifier,0,0,0.24129588258991827
01_knn,Distancia,Gradient Boosting Classifier,0,0,0.054483738319655764
01_knn,Distancia,Gradient Boosting Classifier,0,0,0.03390459618256049
01_knn,Distancia,Gradient Boosting Classifier,0,0,0.01619576575740171
01_knn,Distancia,Gradient Boosting Classifier,0,0,0.0051933626781089735
01_knn,Distancia,Gradient Boosting Classifier,0,0,0.038558695705856696
01_knn,Distancia,Gradient Boosting Classifier,0,0,0.1085278226076128
01_knn,Distancia,Gradient Boosting Classifier,0,0,0.04590412674302364
01_knn,Distancia,Gradient Boosting Classifier,0,0,0.013525329383082516
01_knn,Distancia,Gradient Boosting Classifier,0,0,0.002209594397379587
01_knn,Distancia,Gradient Boosting Classifier,1,1,0.9966538324509243
01_knn,Distancia,Gradient Boosting Classifier,0,0,0.005220749696915896
01_knn,Distancia,Gradient Boosting Classifier,1,1,0.994144292274152
01_knn,Distancia,Gradient Boosting Classifier,0,0,0.0035317287626501475
01_knn,Distancia,Gradient Boosting Classifier,0,0,0.04190324857915802
01_knn,Distancia,Gradient Boosting Classifier,0,0,0.009631452926279732
01_knn,Distancia,Gradient Boosting Classifier,0,0,0.002992768578248615
01_knn,Distancia,Gradient Boosting Classifier,0,0,0.005827852101629334
01_knn,Distancia,Gradient Boosting Classifier,1,1,0.9969186731323489
01_knn,Distancia,Gradient Boosting Classifier,0,0,0.006393070428808048
01_knn,Distancia,Gradient Boosting Classifier,0,0,0.004232916365430577
01_knn,Distancia,Gradient Boosting Classifier,0,0,0.005146969877323933
01_knn,Distancia,Gradient Boosting Classifier,0,0,0.016062279702442867
01_knn,Distancia,Gradient Boosting Classifier,1,1,0.9911337026129534
01_knn,Distancia,Gradient Boosting Classifier,0,0,0.004755185379056592
01_knn,Distancia,Gradient Boosting Classifier,0,0,0.06522044947704603
01_knn,Distancia,Gradient Boosting Classifier,0,0,0.019337926485401117
01_knn,Distancia,Gradient Boosting Classifier,1,1,0.983144964969049
01_knn,Distancia,Gradient Boosting Classifier,0,0,0.004790834621402402
01_knn,Distancia,Gradient Boosting Classifier,0,0,0.00782062032550235
01_knn,Distancia,Gradient Boosting Classifier,1,1,0.9958417601672725
01_knn,Distancia,Gradient Boosting Classifier,1,1,0.9946689625200071
01_knn,Distancia,Gradient Boosting Classifier,1,1,0.8432617847842568
01_knn,Distancia,Gradient Boosting Classifier,1,1,0.9956894538853717
01_knn,Distancia,Gradient Boosting Classifier,0,0,0.0026954558067914577
01_knn,Distancia,Gradient Boosting Classifier,0,0,0.010147211892142634
01_knn,Distancia,Gradient Boosting Classifier,0,0,0.0531402229815195
01_knn,Distancia,Gradient Boosting Classifier,0,0,0.004315634281966281
01_knn,Distancia,Gradient Boosting Classifier,0,0,0.004189350836587479
01_knn,Distancia,Gradient Boosting Classifier,0,0,0.005228965914287321
01_knn,Distancia,Gradient Boosting Classifier,0,0,0.02731177526601975
01_knn,Distancia,Gradient Boosting Classifier,0,0,0.004266129327885393
01_knn,Distancia,Gradient Boosting Classifier,0,0,0.004381804436930694
01_knn,Distancia,Gradient Boosting Classifier,0,0,0.005827852101629334
01_knn,Distancia,Gradient Boosting Classifier,0,0,0.00638429572585429
01_knn,Distancia,Gradient Boosting Classifier,0,0,0.05554024748566969
01_knn,Distancia,Gradient Boosting Classifier,0,0,0.006226501241882315
01_knn,Distancia,Gradient Boosting Classifier,1,1,0.9949481387482979
01_knn,Distancia,Gradient Boosting Classifier,0,0,0.023150679790726863
01_knn,Distancia,Gradient Boosting Classifier,0,0,0.0019826960063807695
01_knn,Distancia,Gradient Boosting Classifier,0,0,0.028499234342377628
01_knn,Distancia,Gradient Boosting Classifier,1,1,0.9944212649233053
01_knn,Distancia,Gradient Boosting Classifier,0,0,0.41954390600566155
01_knn,Distancia,Gradient Boosting Classifier,0,0,0.001396971628742179
01_knn,Distancia,Gradient Boosting Classifier,1,1,0.9874166328275858
01_knn,Distancia,Gradient Boosting Classifier,0,0,0.005143699219002743
01_knn,Distancia,Gradient Boosting Classifier,0,0,0.014647512039288104
01_knn,Distancia,Gradient Boosting Classifier,0,0,0.01844495595008478
01_knn,Distancia,Gradient Boosting Classifier,0,0,0.009037562342609717
01_knn,Distancia,Gradient Boosting Classifier,1,1,0.9970982098032767
01_knn,Distancia,Gradient Boosting Classifier,0,0,0.03675899417570776
01_knn,Distancia,Gradient Boosting Classifier,0,0,0.00592057478653317
01_knn,Distancia,Gradient Boosting Classifier,0,0,0.02004926854023762
01_knn,Distancia,Gradient Boosting Classifier,1,1,0.9865752175893218
01_knn,Distancia,Gradient Boosting Classifier,0,0,0.010918238268067069
01_knn,Distancia,Gradient Boosting Classifier,0,0,0.03534270098374529
01_knn,Distancia,Gradient Boosting Classifier,1,1,0.9962192714188435
01_knn,Distancia,Gradient Boosting Classifier,0,0,0.01748832866763094
01_knn,Distancia,Gradient Boosting Classifier,0,0,0.004247908321473394
01_knn,Distancia,Gradient Boosting Classifier,0,0,0.005989017625817711
01_knn,Distancia,Gradient Boosting Classifier,0,0,0.011488851655125453
01_knn,Distancia,Gradient Boosting Classifier,0,0,0.010927601913636488
01_knn,Distancia,Gradient Boosting Classifier,0,0,0.006780341910378964
01_knn,Distancia,Gradient Boosting Classifier,1,1,0.9931037855575633
01_knn,Distancia,Gradient Boosting Classifier,0,0,0.05254014968099234
01_knn,Distancia,Gradient Boosting Classifier,0,0,0.002590651299045684
01_knn,Distancia,Gradient Boosting Classifier,0,0,0.002900266341962891
01_knn,Distancia,Gradient Boosting Classifier,0,0,0.03225727849026506
01_knn,Distancia,Gradient Boosting Classifier,1,1,0.9938190567919816
01_knn,Distancia,Gradient Boosting Classifier,0,0,0.006972274528867141
01_knn,Distancia,Gradient Boosting Classifier,1,1,0.9940052015184554
01_knn,Distancia,Gradient Boosting Classifier,0,0,0.004174848826404122
01_knn,Distancia,Gradient Boosting Classifier,0,0,0.04416934514007187
01_knn,Distancia,Gradient Boosting Classifier,0,0,0.0062934776752754515
01_knn,Distancia,Gradient Boosting Classifier,0,0,0.00818338729957861
01_knn,Distancia,Gradient Boosting Classifier,0,0,0.009496818969762316
01_knn,Distancia,Gradient Boosting Classifier,1,1,0.9673730043365049
01_knn,Distancia,Gradient Boosting Classifier,0,0,0.004629307591203105
01_knn,Distancia,Gradient Boosting Classifier,0,0,0.00772249095105698
01_knn,Distancia,Gradient Boosting Classifier,1,1,0.9921141596638567
01_knn,Distancia,Gradient Boosting Classifier,0,0,0.01523559441118191
01_knn,Distancia,Gradient Boosting Classifier,0,0,0.003662159073257786
01_knn,Distancia,Gradient Boosting Classifier,0,0,0.1381880882310724
01_knn,Distancia,Gradient Boosting Classifier,0,0,0.0047195136663816615
01_knn,Distancia,Gradient Boosting Classifier,1,1,0.9911235110985562
01_knn,Distancia,Gradient Boosting Classifier,1,1,0.9971312987496241
01_knn,Distancia,Gradient Boosting Classifier,0,0,0.16458004550500516
01_knn,Distancia,Gradient Boosting Classifier,0,0,0.012767892704951662
01_knn,Distancia,Gradient Boosting Classifier,0,0,0.030166171526012763
01_knn,Distancia,Gradient Boosting Classifier,0,0,0.0037667481002605623
01_knn,Distancia,Gradient Boosting Classifier,1,1,0.9982914051187528
01_knn,Distancia,Gradient Boosting Classifier,1,1,0.9898734609471275
01_knn,Distancia,Gradient Boosting Classifier,0,0,0.014487873443728122
01_knn,Distancia,Gradient Boosting Classifier,0,0,0.007838179636130484
01_knn,Distancia,Gradient Boosting Classifier,0,0,0.0065678308889843984
01_knn,Distancia,Gradient Boosting Classifier,0,0,0.0059792127859551085
01_knn,Distancia,Gradient Boosting Classifier,1,1,0.9687926545433004
01_knn,Distancia,Gradient Boosting Classifier,1,0,0.09400731684712771
01_knn,Distancia,Gradient Boosting Classifier,0,0,0.01426988797838634
01_knn,Distancia,Gradient Boosting Classifier,0,0,0.003993982065088738
01_knn,Distancia,Gradient Boosting Classifier,0,0,0.007909932554480534
01_knn,Distancia,Gradient Boosting Classifier,0,0,0.005981368234658829
01_knn,Distancia,Gradient Boosting Classifier,0,0,0.4175536665495808
01_knn,Distancia,Gradient Boosting Classifier,0,0,0.004315634281966281
01_knn,Distancia,Gradient Boosting Classifier,0,0,0.010929990286265723
01_knn,Distancia,Gradient Boosting Classifier,0,0,0.0030311576297022843
01_knn,Distancia,Gradient Boosting Classifier,0,0,0.016542886630695416
01_knn,Distancia,Gradient Boosting Classifier,0,0,0.005500700390543302
01_knn,Distancia,Gradient Boosting Classifier,0,0,0.012110104867727664
01_knn,Distancia,Gradient Boosting Classifier,0,0,0.003683971658374102
01_knn,Distancia,Gradient Boosting Classifier,0,0,0.021071516281099194
01_knn,Distancia,Gradient Boosting Classifier,0,0,0.009915753620519939
01_knn,Distancia,Gradient Boosting Classifier,1,1,0.9975689264582551
01_knn,Distancia,Gradient Boosting Classifier,0,0,0.004378812529953163
01_knn,Distancia,Gradient Boosting Classifier,0,0,0.042668482959300105
01_knn,Distancia,Gradient Boosting Classifier,1,1,0.9911842307465445
01_knn,Distancia,Gradient Boosting Classifier,0,0,0.02744236889139685
01_knn,Distancia,Gradient Boosting Classifier,0,0,0.0028196285343475925
01_knn,Distancia,Gradient Boosting Classifier,0,1,0.5139582040643558
01_knn,Distancia,Gradient Boosting Classifier,0,0,0.02744236889139685
01_knn,Distancia,Gradient Boosting Classifier,0,0,0.1215905051586412
01_knn,Distancia,Gradient Boosting Classifier,1,1,0.9974683602728863
01_knn,Distancia,Gradient Boosting Classifier,0,0,0.01964936099005316
01_knn,Distancia,Gradient Boosting Classifier,1,1,0.8692953364020154
01_knn,Distancia,Gradient Boosting Classifier,0,0,0.005410707131948992
01_knn,Distancia,Gradient Boosting Classifier,1,1,0.9956244514837588
01_knn,Distancia,Gradient Boosting Classifier,0,0,0.005628215909454918
01_knn,Distancia,Gradient Boosting Classifier,0,0,0.0037573453441931046
01_knn,Distancia,Gradient Boosting Classifier,0,0,0.002983237276206238
01_knn,Distancia,Gradient Boosting Classifier,1,1,0.9959976365856276
01_knn,Distancia,Gradient Boosting Classifier,0,0,0.005078696030230392
01_knn,Distancia,Gradient Boosting Classifier,0,0,0.0027863974035151357
01_knn,Distancia,Gradient Boosting Classifier,1,1,0.9952413076747009
01_knn,Distancia,Gradient Boosting Classifier,1,1,0.7905678913986067
01_knn,Distancia,Gradient Boosting Classifier,1,1,0.9178781815791046
01_knn,Distancia,Gradient Boosting Classifier,0,0,0.005627244813786069
01_knn,Distancia,Gradient Boosting Classifier,0,0,0.0041892135208076615
01_knn,Distancia,Gradient Boosting Classifier,0,0,0.004813907262750536
01_knn,Distancia,Gradient Boosting Classifier,0,0,0.015090982721981186
01_knn,Distancia,Gradient Boosting Classifier,0,0,0.4281470800789156
01_knn,Distancia,Gradient Boosting Classifier,1,1,0.9381277883691413
01_knn,Distancia,Gradient Boosting Classifier,0,0,0.0033699302372101714
01_knn,Distancia,Gradient Boosting Classifier,0,0,0.009825088289959896
01_knn,Distancia,Gradient Boosting Classifier,0,0,0.01617930122140922
01_knn,Distancia,Gradient Boosting Classifier,0,0,0.023367598711574986
01_knn,Distancia,Gradient Boosting Classifier,0,0,0.012123945733643475
01_knn,Distancia,Gradient Boosting Classifier,0,0,0.0059497322622417215
01_knn,Distancia,Gradient Boosting Classifier,0,0,0.005816582606672895
01_knn,Distancia,Gradient Boosting Classifier,0,0,0.02771371679743779
01_knn,Distancia,Gradient Boosting Classifier,0,0,0.009864095048134087
01_knn,Distancia,Gradient Boosting Classifier,0,0,0.004620032926121569
01_knn,Distancia,Gradient Boosting Classifier,0,0,0.004232916365430577
01_knn,Distancia,Gradient Boosting Classifier,0,0,0.015277055811895403
01_knn,Distancia,Gradient Boosting Classifier,0,0,0.003515661951866056
01_knn,Distancia,Gradient Boosting Classifier,0,0,0.005014319238447803
01_knn,Distancia,Gradient Boosting Classifier,0,0,0.030215169533293864
01_knn,Distancia,Gradient Boosting Classifier,0,0,0.06522195914359995
01_knn,Distancia,Gradient Boosting Classifier,0,0,0.014477789743981376
01_knn,Distancia,Gradient Boosting Classifier,0,0,0.03165203215032394
01_knn,Distancia,Gradient Boosting Classifier,0,0,0.00564821788075806
01_knn,Distancia,Gradient Boosting Classifier,1,1,0.9950650245574689
01_knn,Distancia,Gradient Boosting Classifier,1,1,0.9977974236300977
01_knn,Distancia,Gradient Boosting Classifier,0,0,0.006041579781765105
01_knn,Distancia,Gradient Boosting Classifier,0,0,0.053148471426033385
01_knn,Distancia,Gradient Boosting Classifier,0,0,0.004735206779585704
01_knn,Distancia,Gradient Boosting Classifier,0,0,0.008568426156577973
01_knn,Distancia,Gradient Boosting Classifier,0,0,0.0054375182449241805
01_knn,Distancia,Gradient Boosting Classifier,1,1,0.9430004642751
01_knn,Distancia,Gradient Boosting Classifier,0,0,0.016793658440204754
01_knn,Distancia,Gradient Boosting Classifier,0,0,0.00410501566352648
01_knn,Distancia,Gradient Boosting Classifier,1,1,0.6140552083302407
01_knn,Distancia,Gradient Boosting Classifier,0,0,0.0037293720687702485
01_knn,Distancia,Gradient Boosting Classifier,1,1,0.8171783608090781
01_knn,Distancia,Gradient Boosting Classifier,1,1,0.9822215922333313
01_knn,Distancia,Gradient Boosting Classifier,0,0,0.0262008150581634
01_knn,Distancia,Gradient Boosting Classifier,1,0,0.39449797881728804
01_knn,Distancia,Gradient Boosting Classifier,0,0,0.006012811588270648
01_knn,Distancia,Gradient Boosting Classifier,0,0,0.012922904807603875
01_knn,Distancia,Gradient Boosting Classifier,0,0,0.0058335748214372275
01_knn,Distancia,Gradient Boosting Classifier,0,0,0.046801069444118736
01_knn,Distancia,Gradient Boosting Classifier,0,0,0.0908267868747821
01_knn,Distancia,Gradient Boosting Classifier,0,0,0.004667590056762021
01_knn,Distancia,Gradient Boosting Classifier,0,0,0.010763866226151237
01_knn,Distancia,Gradient Boosting Classifier,0,1,0.7349772622860372
01_knn,Distancia,Gradient Boosting Classifier,0,0,0.028649946921606093
01_knn,Distancia,Gradient Boosting Classifier,0,0,0.019907054799997465
01_knn,Distancia,Gradient Boosting Classifier,0,0,0.013674586249209409
01_knn,Distancia,Gradient Boosting Classifier,0,0,0.008673361283703817
01_knn,Distancia,Gradient Boosting Classifier,0,0,0.013511436965609752
01_knn,Distancia,Gradient Boosting Classifier,0,0,0.0030809672610212133
01_knn,Distancia,Gradient Boosting Classifier,0,0,0.0036699497900430297
01_knn,Distancia,Gradient Boosting Classifier,0,0,0.018313038155112905
01_knn,Distancia,Gradient Boosting Classifier,0,0,0.003634835154631251
01_knn,Distancia,Gradient Boosting Classifier,0,0,0.043419909829467904
01_knn,Distancia,Gradient Boosting Classifier,0,0,0.00468209858718088
01_knn,Distancia,Gradient Boosting Classifier,1,1,0.9958893884579201
01_knn,Distancia,Gradient Boosting Classifier,0,0,0.009394288939659406
01_knn,Distancia,Gradient Boosting Classifier,0,0,0.006108817749546319
01_knn,Distancia,Gradient Boosting Classifier,1,1,0.99734185927756
01_knn,Distancia,Gradient Boosting Classifier,0,0,0.010086380584530675
01_knn,Distancia,Gradient Boosting Classifier,1,1,0.9951342350932191
01_knn,Distancia,Gradient Boosting Classifier,0,0,0.024414777464290067
01_knn,Distancia,Gradient Boosting Classifier,0,0,0.03727931668834408
01_knn,Distancia,Gradient Boosting Classifier,0,0,0.006798001207506003
01_knn,Distancia,Gradient Boosting Classifier,0,0,0.015319085756275459
01_knn,Distancia,Gradient Boosting Classifier,0,0,0.004235779416698119
01_knn,Distancia,Gradient Boosting Classifier,1,1,0.9879480407494723
01_knn,Distancia,Gradient Boosting Classifier,0,0,0.010487571250756205
01_knn,Distancia,Gradient Boosting Classifier,1,1,0.7879637421602622
01_knn,Distancia,Gradient Boosting Classifier,1,1,0.9994610269680625
01_knn,Distancia,Gradient Boosting Classifier,0,0,0.01838768571210122
01_knn,Distancia,Gradient Boosting Classifier,0,0,0.006108817749546319
01_knn,Distancia,Gradient Boosting Classifier,0,0,0.005228965914287321
01_knn,Distancia,Gradient Boosting Classifier,0,0,0.01710458890087523
01_knn,Distancia,Gradient Boosting Classifier,0,0,0.061921527357050116
01_knn,Distancia,Gradient Boosting Classifier,0,0,0.008617883590553906
01_knn,Distancia,Gradient Boosting Classifier,0,0,0.007327766901953249
01_knn,Distancia,Gradient Boosting Classifier,1,1,0.9959493701239706
01_knn,Distancia,Gradient Boosting Classifier,0,0,0.004114063301957434
01_knn,Distancia,Gradient Boosting Classifier,0,0,0.004890341013658807
01_knn,Distancia,Gradient Boosting Classifier,1,1,0.9951816711621809
01_knn,Distancia,Gradient Boosting Classifier,0,0,0.003111381158685481
01_knn,Distancia,Gradient Boosting Classifier,0,0,0.0074085754636101534
01_knn,Distancia,Gradient Boosting Classifier,0,0,0.05289443677028976
01_knn,Distancia,Gradient Boosting Classifier,0,0,0.0041892135208076615
01_knn,Distancia,Gradient Boosting Classifier,0,0,0.006621104905373258
01_knn,Distancia,Gradient Boosting Classifier,0,0,0.01754416507169304
01_knn,Distancia,Gradient Boosting Classifier,0,0,0.2757444133522833
01_knn,Distancia,Gradient Boosting Classifier,1,1,0.973611193577967
01_knn,Distancia,Gradient Boosting Classifier,0,0,0.004476318331707777
01_knn,Distancia,Gradient Boosting Classifier,0,0,0.019590391907332586
01_knn,Distancia,Gradient Boosting Classifier,1,1,0.9970831053337078
01_knn,Distancia,Gradient Boosting Classifier,0,0,0.015496037734650574
01_knn,Distancia,Gradient Boosting Classifier,1,1,0.9782731182587375
01_knn,Distancia,Gradient Boosting Classifier,0,0,0.013048885621122537
01_knn,Distancia,Gradient Boosting Classifier,0,0,0.0058096229669821345
01_knn,Distancia,Gradient Boosting Classifier,0,0,0.004414072276129145
01_knn,Distancia,Gradient Boosting Classifier,0,0,0.00607680164456722
01_knn,Distancia,Gradient Boosting Classifier,0,0,0.005009134113076295
01_knn,Distancia,Gradient Boosting Classifier,0,0,0.014133110554151595
01_knn,Distancia,Gradient Boosting Classifier,1,1,0.968157756844777
01_knn,Distancia,Gradient Boosting Classifier,0,0,0.0037243326615860497
01_knn,Distancia,Gradient Boosting Classifier,0,0,0.06417127080589993
01_knn,Distancia,Gradient Boosting Classifier,0,0,0.030594089386315786
01_knn,Distancia,Gradient Boosting Classifier,0,0,0.010486350599428746
01_knn,Distancia,Gradient Boosting Classifier,1,1,0.9968213259300965
01_knn,Distancia,Gradient Boosting Classifier,0,0,0.0019635250690443326
01_knn,Distancia,Gradient Boosting Classifier,0,0,0.013949011655920232
01_knn,Distancia,Gradient Boosting Classifier,0,0,0.001756695148394752
01_knn,Distancia,Gradient Boosting Classifier,0,0,0.008924173776543084
01_knn,Distancia,Gradient Boosting Classifier,1,1,0.9965531411812639
01_knn,Distancia,Gradient Boosting Classifier,0,0,0.01296374374507943
01_knn,Distancia,Gradient Boosting Classifier,0,0,0.0052579697928636735
01_knn,Distancia,Gradient Boosting Classifier,0,0,0.00589103973075905
01_knn,Distancia,Gradient Boosting Classifier,0,0,0.003702625424057175
01_knn,Distancia,Gradient Boosting Classifier,0,0,0.012930103743679977
01_knn,Distancia,Gradient Boosting Classifier,1,1,0.9797597581982848
01_knn,Distancia,Gradient Boosting Classifier,0,0,0.006097001467147323
01_knn,Distancia,Gradient Boosting Classifier,0,0,0.03470720281873661
01_knn,Distancia,Gradient Boosting Classifier,0,0,0.020718116800384816
01_knn,Distancia,Gradient Boosting Classifier,0,1,0.5562565485100694
01_knn,Distancia,Gradient Boosting Classifier,0,0,0.01450406022259673
01_knn,Distancia,Gradient Boosting Classifier,1,1,0.9944280549284533
01_knn,Distancia,Gradient Boosting Classifier,1,1,0.9611467539234947
01_knn,Distancia,Gradient Boosting Classifier,1,1,0.9717040986066929
01_knn,Distancia,Gradient Boosting Classifier,0,0,0.0033438658918951763
01_knn,Distancia,Gradient Boosting Classifier,0,0,0.04587037926785183
01_knn,Distancia,Gradient Boosting Classifier,0,0,0.04071965294205725
01_knn,Distancia,Gradient Boosting Classifier,1,1,0.9971997381422638
01_knn,Distancia,Gradient Boosting Classifier,1,1,0.9950884274997612
01_knn,Distancia,Gradient Boosting Classifier,0,0,0.11620730910951409
01_knn,Distancia,Gradient Boosting Classifier,0,1,0.7220030547565316
01_knn,Distancia,Gradient Boosting Classifier,0,0,0.05677997320557026
01_knn,Distancia,Gradient Boosting Classifier,1,1,0.9968901515860389
01_knn,Distancia,Gradient Boosting Classifier,0,0,0.16397431438770632
01_knn,Distancia,Gradient Boosting Classifier,0,0,0.011425541010832239
01_knn,Distancia,Gradient Boosting Classifier,1,1,0.9981810412894084
01_knn,Distancia,Gradient Boosting Classifier,0,0,0.005126119709245381
01_knn,Distancia,Gradient Boosting Classifier,0,0,0.04695477375118181
01_knn,Distancia,Gradient Boosting Classifier,1,1,0.9973703668185632
01_knn,Distancia,Gradient Boosting Classifier,0,0,0.011009910688538948
01_knn,Distancia,Gradient Boosting Classifier,0,0,0.0040220798058811305
01_knn,Distancia,Gradient Boosting Classifier,0,0,0.0076358482418458305
01_knn,Distancia,Gradient Boosting Classifier,0,0,0.11702051564148178
01_knn,Distancia,Gradient Boosting Classifier,0,0,0.0017374974406153517
01_knn,Distancia,Gradient Boosting Classifier,0,0,0.011415983234296951
01_knn,Distancia,Gradient Boosting Classifier,0,0,0.0051602408690159095
01_knn,Distancia,Gradient Boosting Classifier,0,0,0.007087951139242816
01_knn,Distancia,Gradient Boosting Classifier,1,1,0.9958424204157073
01_knn,Distancia,Gradient Boosting Classifier,1,1,0.9865732160536632
01_knn,Distancia,Gradient Boosting Classifier,1,1,0.9954077691094048
01_knn,Distancia,Gradient Boosting Classifier,0,0,0.004686496103597329
01_knn,Distancia,Gradient Boosting Classifier,0,0,0.035284579424793176
01_knn,Distancia,Gradient Boosting Classifier,1,1,0.9968646260627771
01_knn,Distancia,Gradient Boosting Classifier,0,0,0.0054375182449241805
01_knn,Distancia,Gradient Boosting Classifier,1,1,0.9375750798732653
01_knn,Distancia,Gradient Boosting Classifier,0,0,0.002895165808555478
01_knn,Distancia,Gradient Boosting Classifier,0,0,0.01966915423276063
01_knn,Distancia,Gradient Boosting Classifier,0,0,0.004610712409448402
01_knn,Distancia,Gradient Boosting Classifier,0,0,0.01108427092891132
01_knn,Distancia,Gradient Boosting Classifier,0,0,0.014995494692963551
01_knn,Distancia,Gradient Boosting Classifier,0,0,0.00790658733602072
01_knn,Distancia,Gradient Boosting Classifier,1,1,0.9888225254657111
01_knn,Distancia,Gradient Boosting Classifier,0,0,0.05466462646042069
01_knn,Distancia,Gradient Boosting Classifier,0,0,0.00821595433765089
01_knn,Distancia,Gradient Boosting Classifier,1,1,0.9971743669726777
01_knn,Distancia,Gradient Boosting Classifier,0,0,0.005628215909454918
01_knn,Distancia,Gradient Boosting Classifier,0,0,0.014388558602010345
01_knn,Distancia,Gradient Boosting Classifier,1,1,0.7506349685126547
01_knn,Distancia,Gradient Boosting Classifier,0,0,0.018739136337498456
01_knn,Distancia,Gradient Boosting Classifier,1,1,0.9960209806675752
01_knn,Distancia,Gradient Boosting Classifier,0,0,0.39614742257024854
01_knn,Distancia,Gradient Boosting Classifier,1,1,0.983848400159391
01_knn,Distancia,Gradient Boosting Classifier,0,0,0.013543814935841128
01_knn,Distancia,Gradient Boosting Classifier,1,1,0.9939918700345284
01_knn,Distancia,Gradient Boosting Classifier,0,0,0.017061162971684658
01_knn,Distancia,Gradient Boosting Classifier,0,0,0.007224795027735797
01_knn,Distancia,Gradient Boosting Classifier,0,0,0.054148325145235626
01_knn,Distancia,Gradient Boosting Classifier,0,0,0.015604281947492913
01_knn,Distancia,Gradient Boosting Classifier,0,0,0.015201007801552927
01_knn,Distancia,Gradient Boosting Classifier,0,0,0.003997579008813992
01_knn,Distancia,Gradient Boosting Classifier,1,1,0.9978013496071096
01_knn,Distancia,Gradient Boosting Classifier,0,0,0.02487089166623032
01_knn,Distancia,Gradient Boosting Classifier,0,0,0.06395634265334882
01_knn,Distancia,Gradient Boosting Classifier,0,0,0.0044159263781088035
01_knn,Distancia,Gradient Boosting Classifier,1,1,0.9903245569117534
01_knn,Distancia,Gradient Boosting Classifier,0,0,0.02405785207711892
01_knn,Distancia,Gradient Boosting Classifier,1,1,0.9976119737339821
01_knn,Distancia,Gradient Boosting Classifier,0,0,0.010868919253355395
01_knn,Distancia,Gradient Boosting Classifier,0,0,0.009335765930127308
01_knn,Distancia,Gradient Boosting Classifier,0,0,0.028184963728004147
01_knn,Distancia,Gradient Boosting Classifier,0,0,0.005228965914287321
01_knn,Distancia,Gradient Boosting Classifier,0,0,0.005827852101629334
01_knn,Distancia,Gradient Boosting Classifier,0,0,0.008088879475384912
01_knn,Distancia,Gradient Boosting Classifier,0,0,0.0038171193791469576
01_knn,Distancia,Gradient Boosting Classifier,0,0,0.004781389063193887
01_knn,Distancia,Gradient Boosting Classifier,1,1,0.7201777600036232
01_knn,Distancia,Gradient Boosting Classifier,0,0,0.0032444652821319517
01_knn,Distancia,Gradient Boosting Classifier,0,0,0.04427285316354915
01_knn,Distancia,Gradient Boosting Classifier,1,1,0.9962186707893528
01_knn,Distancia,Gradient Boosting Classifier,0,1,0.9367648475496612
01_knn,Distancia,Gradient Boosting Classifier,1,1,0.9966538324509243
01_knn,Distancia,Gradient Boosting Classifier,1,1,0.8503819943182231
01_knn,Distancia,Gradient Boosting Classifier,0,0,0.006129085909647232
01_knn,Distancia,Gradient Boosting Classifier,0,0,0.06829092026026246
01_knn,Distancia,Gradient Boosting Classifier,0,0,0.10228498741250074
01_knn,Distancia,Gradient Boosting Classifier,0,0,0.026153798686212447
01_knn,Distancia,Gradient Boosting Classifier,1,1,0.9879480407494723
01_knn,Distancia,Gradient Boosting Classifier,1,1,0.9972865952235764
01_knn,Distancia,Gradient Boosting Classifier,1,1,0.9943677698345665
01_knn,Distancia,Gradient Boosting Classifier,1,1,0.9927769110449488
01_knn,Distancia,Gradient Boosting Classifier,0,0,0.028771644739753584
01_knn,Distancia,Gradient Boosting Classifier,0,0,0.043511875570269753
01_knn,Distancia,Gradient Boosting Classifier,0,0,0.4247528610841124
01_knn,Distancia,Gradient Boosting Classifier,0,0,0.005483551642085555
01_knn,Distancia,Gradient Boosting Classifier,0,0,0.005500993571925532
01_knn,Distancia,Gradient Boosting Classifier,1,1,0.9961178920197257
01_knn,Distancia,Gradient Boosting Classifier,0,0,0.009251046431116561
01_knn,Distancia,Gradient Boosting Classifier,0,0,0.006178557585454553
01_knn,Distancia,Gradient Boosting Classifier,0,0,0.0023999520064554355
01_knn,Distancia,Gradient Boosting Classifier,1,1,0.9951142523468982
01_knn,Distancia,Gradient Boosting Classifier,0,0,0.005756463289303618
01_knn,Distancia,Gradient Boosting Classifier,0,0,0.012269121857895504
01_knn,Distancia,Gradient Boosting Classifier,1,1,0.9842140624110048
01_knn,Distancia,Gradient Boosting Classifier,1,0,0.4986599073509604
01_knn,Distancia,Gradient Boosting Classifier,0,0,0.010929467988026638
01_knn,Distancia,Gradient Boosting Classifier,0,0,0.09158089875794961
01_knn,Distancia,Gradient Boosting Classifier,0,0,0.01217672648269017
01_knn,Distancia,Gradient Boosting Classifier,0,0,0.003783855175205988
01_knn,Distancia,Gradient Boosting Classifier,0,0,0.007166847664107187
01_knn,Distancia,Gradient Boosting Classifier,0,0,0.0069893131313126956
01_knn,Distancia,Gradient Boosting Classifier,0,0,0.06052621110420726
01_knn,Distancia,Gradient Boosting Classifier,0,0,0.04171264722633974
01_knn,Distancia,Gradient Boosting Classifier,0,0,0.006291939281053336
01_knn,Distancia,Gradient Boosting Classifier,0,0,0.017016024342886692
01_knn,Distancia,Gradient Boosting Classifier,1,1,0.983144964969049
01_knn,Distancia,Gradient Boosting Classifier,0,0,0.0024493673434203976
01_knn,Distancia,Gradient Boosting Classifier,0,0,0.005994795264119415
01_knn,Distancia,Gradient Boosting Classifier,0,0,0.004609718349959959
01_knn,Distancia,Gradient Boosting Classifier,0,0,0.0012528265190001765
01_knn,Distancia,Gradient Boosting Classifier,0,0,0.01654104079790482
01_knn,Distancia,Gradient Boosting Classifier,0,0,0.005030514041274735
01_knn,Distancia,Gradient Boosting Classifier,1,1,0.9959684120290219
01_knn,Distancia,Gradient Boosting Classifier,1,1,0.9693729276821752
01_knn,Distancia,Gradient Boosting Classifier,1,1,0.9950262542565323
01_knn,Distancia,Gradient Boosting Classifier,0,0,0.015180039487217583
01_knn,Distancia,Gradient Boosting Classifier,0,0,0.0019338906084148087
01_knn,Distancia,Gradient Boosting Classifier,1,1,0.9924673516330903
01_knn,Distancia,Gradient Boosting Classifier,0,0,0.018743388828786307
01_knn,Distancia,Gradient Boosting Classifier,0,0,0.0039506862311790925
01_knn,Distancia,Gradient Boosting Classifier,0,0,0.004957275312181281
01_knn,Distancia,Gradient Boosting Classifier,0,0,0.006155427404043204
01_knn,Distancia,Gradient Boosting Classifier,0,0,0.005673720416808686
01_knn,Distancia,Gradient Boosting Classifier,0,0,0.0047973331638148
01_knn,Distancia,Gradient Boosting Classifier,0,0,0.019093205988926425
01_knn,Distancia,Gradient Boosting Classifier,0,0,0.20014267822872706
01_knn,Distancia,Gradient Boosting Classifier,0,0,0.014067985767336677
01_knn,Distancia,Gradient Boosting Classifier,0,0,0.003762361602374742
01_knn,Distancia,Gradient Boosting Classifier,0,0,0.016070243553070386
01_knn,Distancia,Gradient Boosting Classifier,0,0,0.02398723432461444
01_knn,Distancia,Gradient Boosting Classifier,0,0,0.02069449423039986
01_knn,Distancia,Gradient Boosting Classifier,0,0,0.015945111834032733
01_knn,Distancia,Gradient Boosting Classifier,0,0,0.025903281098131448
01_knn,Distancia,Gradient Boosting Classifier,1,1,0.9899933992595603
01_knn,Distancia,Gradient Boosting Classifier,0,0,0.35456392955742466
01_knn,Distancia,Gradient Boosting Classifier,0,0,0.005082854655631671
01_knn,Distancia,Gradient Boosting Classifier,0,0,0.005751988827272555
01_knn,Distancia,Gradient Boosting Classifier,0,0,0.0060692602757368135
01_knn,Distancia,Gradient Boosting Classifier,0,0,0.0016904147566770276
01_knn,Distancia,Gradient Boosting Classifier,0,0,0.036439441988795895
01_knn,Distancia,Gradient Boosting Classifier,1,1,0.9964593713508713
01_knn,Distancia,Gradient Boosting Classifier,0,0,0.03134072954909876
01_knn,Distancia,Gradient Boosting Classifier,1,0,0.4305644681425439
01_knn,Distancia,Gradient Boosting Classifier,0,0,0.003911561142628501
01_knn,Distancia,Gradient Boosting Classifier,1,1,0.9972865952235764
01_knn,Distancia,Gradient Boosting Classifier,0,0,0.013775544850932684
01_knn,Distancia,Gradient Boosting Classifier,1,1,0.9952413076747009
01_knn,Distancia,Gradient Boosting Classifier,1,1,0.9960012083200679
01_knn,Distancia,Gradient Boosting Classifier,1,1,0.9636820065268986
01_knn,Distancia,Gradient Boosting Classifier,0,0,0.0064838711783307065
01_knn,Distancia,Gradient Boosting Classifier,1,1,0.9981568207074797
01_knn,Distancia,Gradient Boosting Classifier,0,0,0.004390549349914738
01_knn,Distancia,Gradient Boosting Classifier,0,0,0.0034685932226484677
01_knn,Distancia,Gradient Boosting Classifier,0,0,0.008625261385425341
01_knn,Distancia,Gradient Boosting Classifier,0,0,0.0045300323982930815
01_knn,Distancia,Gradient Boosting Classifier,1,1,0.9936508483415388
01_knn,Distancia,Gradient Boosting Classifier,0,0,0.004055964449569474
01_knn,Distancia,Gradient Boosting Classifier,0,0,0.0072125828215799685
01_knn,Distancia,Gradient Boosting Classifier,0,0,0.04896392142838876
01_knn,Distancia,Gradient Boosting Classifier,0,0,0.009550232834779416
01_knn,Distancia,Gradient Boosting Classifier,0,1,0.8773861603469226
01_knn,Distancia,Gradient Boosting Classifier,0,0,0.002992768578248615
01_knn,Distancia,Gradient Boosting Classifier,1,1,0.9946829104906393
01_knn,Distancia,Gradient Boosting Classifier,0,0,0.004599011893933411
01_knn,Distancia,Gradient Boosting Classifier,0,0,0.0037119374655496342
01_knn,Distancia,Gradient Boosting Classifier,0,0,0.011845374512659526
01_knn,Distancia,Gradient Boosting Classifier,1,1,0.9965685260688176
01_knn,Distancia,Gradient Boosting Classifier,1,1,0.9952441604855581
01_knn,Distancia,Gradient Boosting Classifier,0,0,0.004254791524823219
01_knn,Distancia,Gradient Boosting Classifier,1,1,0.594449634494462
01_knn,Distancia,Gradient Boosting Classifier,1,1,0.9979287848617308
01_knn,Distancia,Gradient Boosting Classifier,0,0,0.004807717141746819
01_knn,Distancia,Gradient Boosting Classifier,0,0,0.05301743415815769
01_knn,Distancia,Gradient Boosting Classifier,0,0,0.004702938583553657
01_knn,Distancia,Gradient Boosting Classifier,0,0,0.0039262945058509725
01_knn,Distancia,Gradient Boosting Classifier,0,0,0.00746104587532767
01_knn,Distancia,Gradient Boosting Classifier,0,0,0.059083602926396465
01_knn,Distancia,Gradient Boosting Classifier,0,0,0.004384444798670813
01_knn,Distancia,Gradient Boosting Classifier,1,1,0.9976553967543064
01_knn,Distancia,Gradient Boosting Classifier,0,0,0.1141322281479439
01_knn,Distancia,Gradient Boosting Classifier,1,1,0.9719222085780728
01_knn,Distancia,Gradient Boosting Classifier,1,1,0.9827407378662951
01_knn,Distancia,Gradient Boosting Classifier,0,0,0.01687945089476099
01_knn,Distancia,Gradient Boosting Classifier,0,0,0.013647297856507232
01_knn,Distancia,Gradient Boosting Classifier,0,0,0.017805371329560175
01_knn,Distancia,Gradient Boosting Classifier,0,0,0.0035749210750581927
01_knn,Distancia,Gradient Boosting Classifier,0,0,0.052194205840706255
01_knn,Distancia,Gradient Boosting Classifier,0,0,0.022999740782404268
01_knn,Distancia,Gradient Boosting Classifier,0,0,0.001562514510868778
01_knn,Distancia,Gradient Boosting Classifier,0,0,0.005228393095368885
01_knn,Distancia,Gradient Boosting Classifier,0,0,0.003960380222402259
01_knn,Distancia,Gradient Boosting Classifier,0,0,0.004533853067270177
01_knn,Distancia,Gradient Boosting Classifier,0,0,0.008890282524401223
01_knn,Distancia,Gradient Boosting Classifier,0,0,0.004130613952985069
01_knn,Distancia,Gradient Boosting Classifier,1,1,0.9814891236946558
01_knn,Distancia,Gradient Boosting Classifier,0,0,0.008655874176013255
01_knn,Distancia,Gradient Boosting Classifier,0,0,0.0027208011635832447
01_knn,Distancia,Gradient Boosting Classifier,0,0,0.002854356790072454
01_knn,Distancia,Gradient Boosting Classifier,1,1,0.9866539609998616
01_knn,Distancia,Gradient Boosting Classifier,1,1,0.9981171006355793
01_knn,Distancia,Gradient Boosting Classifier,0,0,0.008171714320436518
01_knn,Distancia,Gradient Boosting Classifier,1,1,0.9345559667738579
01_knn,Distancia,Gradient Boosting Classifier,0,0,0.013682404954917474
01_knn,Distancia,Gradient Boosting Classifier,0,0,0.005807217708821445
01_knn,Distancia,Gradient Boosting Classifier,0,0,0.002320104837733904
01_knn,Distancia,Gradient Boosting Classifier,0,0,0.005807217708821445
01_knn,Distancia,Gradient Boosting Classifier,0,0,0.0925293557007096
01_knn,Distancia,Gradient Boosting Classifier,0,0,0.005196832855767593
01_knn,Distancia,Gradient Boosting Classifier,0,0,0.03818428625579856
01_knn,Distancia,Gradient Boosting Classifier,0,0,0.08256534888501041
01_knn,Distancia,Gradient Boosting Classifier,0,0,0.004071383563193779
01_knn,Distancia,Gradient Boosting Classifier,0,0,0.03210409561643683
01_knn,Distancia,Gradient Boosting Classifier,0,0,0.013016746196993619
01_knn,Distancia,Gradient Boosting Classifier,0,0,0.01288309677212443
01_knn,Distancia,Gradient Boosting Classifier,0,0,0.004566825665602328
01_knn,Distancia,Gradient Boosting Classifier,0,0,0.0038741401872165525
01_knn,Distancia,Gradient Boosting Classifier,0,0,0.004338934920166871
01_knn,Distancia,Gradient Boosting Classifier,1,1,0.9978013496071096
01_knn,Distancia,Gradient Boosting Classifier,0,0,0.026713096377792712
01_knn,Distancia,Gradient Boosting Classifier,0,0,0.004304491597540647
01_knn,Distancia,Gradient Boosting Classifier,0,0,0.014141845302173944
01_knn,Distancia,Gradient Boosting Classifier,0,0,0.009556636996832232
01_knn,Distancia,Gradient Boosting Classifier,0,0,0.009008311644858847
01_knn,Distancia,Gradient Boosting Classifier,0,0,0.017310998178902623
01_knn,Distancia,Gradient Boosting Classifier,0,0,0.017373010574161893
01_knn,Distancia,Gradient Boosting Classifier,0,0,0.004919128535178355
01_knn,Distancia,Gradient Boosting Classifier,0,0,0.00493143200455852
01_knn,Distancia,Gradient Boosting Classifier,0,0,0.2612664133113363
01_knn,Distancia,Gradient Boosting Classifier,0,0,0.004400801792988701
01_knn,Distancia,Gradient Boosting Classifier,0,0,0.05421029626968014
01_knn,Distancia,Gradient Boosting Classifier,0,0,0.015260671706055013
01_knn,Distancia,Gradient Boosting Classifier,0,0,0.006988322576416095
01_knn,Distancia,Gradient Boosting Classifier,0,0,0.4064914495627925
01_knn,Distancia,Gradient Boosting Classifier,0,0,0.042145898246579376
01_knn,Distancia,Gradient Boosting Classifier,1,1,0.997910395678497
01_knn,Distancia,Gradient Boosting Classifier,0,0,0.007245442539655612
01_knn,Distancia,Gradient Boosting Classifier,0,0,0.005500700390543302
01_knn,Distancia,Gradient Boosting Classifier,0,0,0.005446260077767411
01_knn,Distancia,Gradient Boosting Classifier,0,1,0.7814227738194838
01_knn,Distancia,Gradient Boosting Classifier,0,0,0.012781564686438016
01_knn,Distancia,Gradient Boosting Classifier,0,0,0.003184312601103858
01_knn,Distancia,Gradient Boosting Classifier,0,0,0.010658362821748124
01_knn,Distancia,Gradient Boosting Classifier,0,0,0.4255305504438566
01_knn,Distancia,Gradient Boosting Classifier,0,0,0.10396764533610015
01_knn,Distancia,Gradient Boosting Classifier,0,0,0.011208160937350893
01_knn,Distancia,Gradient Boosting Classifier,0,0,0.004847718261172169
01_knn,Distancia,Gradient Boosting Classifier,0,1,0.8841927141129272
01_knn,Distancia,Gradient Boosting Classifier,0,0,0.02349092566227436
01_knn,Distancia,Gradient Boosting Classifier,0,0,0.0067565791233024225
01_knn,Distancia,Gradient Boosting Classifier,0,0,0.004701822794955413
01_knn,Distancia,Gradient Boosting Classifier,0,0,0.042874912857197946
01_knn,Distancia,Gradient Boosting Classifier,0,0,0.004233559733919932
01_knn,Distancia,Gradient Boosting Classifier,0,0,0.0049713077856161315
01_knn,Distancia,Gradient Boosting Classifier,0,0,0.017573652439372797
01_knn,Distancia,Gradient Boosting Classifier,0,0,0.01899770892742032
01_knn,Distancia,Gradient Boosting Classifier,0,0,0.004483057733603235
01_knn,Distancia,Gradient Boosting Classifier,0,0,0.011562530099165956
01_knn,Distancia,Gradient Boosting Classifier,1,0,0.23128109140632927
01_knn,Distancia,Gradient Boosting Classifier,0,0,0.0016903328929254407
01_knn,Distancia,Gradient Boosting Classifier,0,0,0.009749161349310915
01_knn,Distancia,Gradient Boosting Classifier,0,0,0.021339911082476404
01_knn,Distancia,Gradient Boosting Classifier,0,0,0.00812396675217922
01_knn,Distancia,Gradient Boosting Classifier,0,0,0.005807217708821445
01_knn,Distancia,Gradient Boosting Classifier,0,0,0.0476639802523075
01_knn,Distancia,Gradient Boosting Classifier,0,0,0.0039262945058509725
01_knn,Distancia,Gradient Boosting Classifier,1,1,0.9926870126121433
01_knn,Distancia,Gradient Boosting Classifier,0,0,0.012733290140484963
01_knn,Distancia,Gradient Boosting Classifier,0,0,0.012473175920859971
01_knn,Distancia,Gradient Boosting Classifier,1,1,0.9879480407494723
01_knn,Distancia,Gradient Boosting Classifier,0,0,0.005015773598556255
01_knn,Distancia,Gradient Boosting Classifier,0,0,0.01167768566501642
01_knn,Distancia,Gradient Boosting Classifier,0,0,0.014685809794489376
01_knn,Distancia,Gradient Boosting Classifier,1,1,0.9973691392769021
01_knn,Distancia,Gradient Boosting Classifier,1,1,0.9944280549284533
01_knn,Distancia,Gradient Boosting Classifier,0,0,0.002878143741655593
01_knn,Distancia,Gradient Boosting Classifier,1,1,0.9959680796195298
01_knn,Distancia,Gradient Boosting Classifier,0,0,0.005807217708821445
01_knn,Distancia,Gradient Boosting Classifier,0,0,0.02813515551747752
01_knn,Distancia,Gradient Boosting Classifier,0,0,0.11777356157876961
01_knn,Distancia,Gradient Boosting Classifier,0,0,0.007411817115497676
01_knn,Distancia,Gradient Boosting Classifier,0,0,0.003569612240054564
01_knn,Distancia,Gradient Boosting Classifier,1,1,0.9987192686537734
01_knn,Distancia,Gradient Boosting Classifier,1,1,0.9052727265639396
01_knn,Distancia,Gradient Boosting Classifier,0,0,0.007875838497818699
01_knn,Distancia,Gradient Boosting Classifier,0,0,0.015899597974291624
01_knn,Distancia,Gradient Boosting Classifier,0,0,0.004490342032511805
01_knn,Distancia,Gradient Boosting Classifier,0,0,0.012625882461139593
01_knn,Distancia,Gradient Boosting Classifier,0,0,0.010299716732527981
01_knn,Distancia,Gradient Boosting Classifier,1,1,0.9967866949450735
01_knn,Distancia,Gradient Boosting Classifier,0,0,0.016452404585661266
01_knn,Distancia,Gradient Boosting Classifier,0,0,0.0038741401872165525
01_knn,Distancia,Gradient Boosting Classifier,0,0,0.013841858028937679
01_knn,Distancia,Gradient Boosting Classifier,0,0,0.10452627945841347
01_knn,Distancia,Gradient Boosting Classifier,0,0,0.012456198628823228
01_knn,Distancia,Gradient Boosting Classifier,1,1,0.9971322752817395
01_knn,Distancia,Gradient Boosting Classifier,0,0,0.005399619361241761
01_knn,Distancia,Gradient Boosting Classifier,1,1,0.9974264442797105
01_knn,Distancia,Gradient Boosting Classifier,0,0,0.006108817749546319
01_knn,Distancia,Gradient Boosting Classifier,0,0,0.012739949906282183
01_knn,Distancia,Gradient Boosting Classifier,0,0,0.0200822229768795
01_knn,Distancia,Gradient Boosting Classifier,0,0,0.004115841771418102
01_knn,Distancia,Gradient Boosting Classifier,0,0,0.006108817749546319
01_knn,Distancia,Gradient Boosting Classifier,0,0,0.13855230160355791
01_knn,Distancia,Gradient Boosting Classifier,1,1,0.9984499583398581
01_knn,Distancia,Gradient Boosting Classifier,0,0,0.010379597651187032
01_knn,Distancia,Gradient Boosting Classifier,0,0,0.007433713496735226
01_knn,Distancia,Gradient Boosting Classifier,0,0,0.005636467771740898
01_knn,Distancia,Gradient Boosting Classifier,0,0,0.005500700390543302
01_knn,Distancia,Gradient Boosting Classifier,0,0,0.02345510781950776
01_knn,Distancia,Gradient Boosting Classifier,0,0,0.005228965914287321
01_knn,Distancia,Gradient Boosting Classifier,1,0,0.17309272064955844
01_knn,Distancia,Gradient Boosting Classifier,0,0,0.026545958704630293
01_knn,Distancia,Gradient Boosting Classifier,0,0,0.05419348818822778
01_knn,Distancia,Gradient Boosting Classifier,1,0,0.37433371426798157
01_knn,Distancia,Gradient Boosting Classifier,0,0,0.002193476961843253
01_knn,Distancia,Gradient Boosting Classifier,1,1,0.9956244514837588
01_knn,Distancia,Gradient Boosting Classifier,1,1,0.9950509181539845
01_knn,Distancia,Gradient Boosting Classifier,0,0,0.0060980880580135685
01_knn,Distancia,Gradient Boosting Classifier,0,0,0.035737235064853476
01_knn,Distancia,Gradient Boosting Classifier,0,0,0.004478562978994937
01_knn,Distancia,Gradient Boosting Classifier,0,0,0.007919068582517966
01_knn,Distancia,Gradient Boosting Classifier,1,1,0.9955749921421145
01_knn,Distancia,Gradient Boosting Classifier,0,0,0.03165203215032394
01_knn,Distancia,Gradient Boosting Classifier,0,0,0.013344842269373002
01_knn,Distancia,Gradient Boosting Classifier,1,1,0.9950369463325115
01_knn,Distancia,Gradient Boosting Classifier,0,0,0.0029052473990301753
01_knn,Distancia,Gradient Boosting Classifier,1,1,0.9979237913069602
01_knn,Distancia,Gradient Boosting Classifier,0,0,0.004281137306732396
01_knn,Distancia,Gradient Boosting Classifier,0,0,0.17913979542804595
01_knn,Distancia,Gradient Boosting Classifier,0,0,0.01280783554297224
01_knn,Distancia,Gradient Boosting Classifier,0,0,0.004012346661591802
01_knn,Distancia,Gradient Boosting Classifier,1,1,0.9958371788340035
01_knn,Distancia,Gradient Boosting Classifier,0,0,0.04578917369658877
01_knn,Distancia,Gradient Boosting Classifier,1,1,0.995286981354514
01_knn,Distancia,Gradient Boosting Classifier,0,0,0.03749043168142986
01_knn,Distancia,Gradient Boosting Classifier,0,0,0.00332871718436817
01_knn,Distancia,Gradient Boosting Classifier,0,0,0.014011291303300314
01_knn,Distancia,Gradient Boosting Classifier,0,0,0.014388558602010345
01_knn,Distancia,Gradient Boosting Classifier,0,0,0.017188105734009987
01_knn,Distancia,Gradient Boosting Classifier,0,0,0.042311328716242956
01_knn,Distancia,Gradient Boosting Classifier,1,1,0.9965989359109992
01_knn,Distancia,Gradient Boosting Classifier,0,0,0.010591558123407995
01_knn,Distancia,Gradient Boosting Classifier,0,0,0.004135391567575712
01_knn,Distancia,Gradient Boosting Classifier,0,0,0.005228965914287321
01_knn,Distancia,Gradient Boosting Classifier,1,1,0.9971065705560684
01_knn,Distancia,Gradient Boosting Classifier,1,1,0.9948705795266966
01_knn,Distancia,Gradient Boosting Classifier,0,0,0.004174848826404122
01_knn,Distancia,Gradient Boosting Classifier,0,0,0.0037865034695439546
01_knn,Distancia,Gradient Boosting Classifier,1,1,0.9813139511306119
01_knn,Distancia,Gradient Boosting Classifier,1,1,0.9956020776395407
01_knn,Distancia,Gradient Boosting Classifier,0,0,0.003997579008813992
01_knn,Distancia,Gradient Boosting Classifier,0,0,0.005807217708821445
01_knn,Distancia,Gradient Boosting Classifier,1,1,0.9956170715379958
01_knn,Distancia,Gradient Boosting Classifier,0,0,0.007199393937952491
01_knn,Distancia,Gradient Boosting Classifier,0,0,0.007464950683194081
01_knn,Distancia,Gradient Boosting Classifier,1,1,0.9966538324509243
01_knn,Distancia,Gradient Boosting Classifier,0,0,0.2696348056077008
01_knn,Distancia,Gradient Boosting Classifier,0,0,0.0041892135208076615
01_knn,Distancia,Gradient Boosting Classifier,0,0,0.019947016094288363
01_knn,Distancia,Gradient Boosting Classifier,1,1,0.9946631828921205
01_knn,Distancia,Gradient Boosting Classifier,1,1,0.9808520270522537
01_knn,Distancia,Gradient Boosting Classifier,1,1,0.9604065423761796
01_knn,Distancia,Gradient Boosting Classifier,0,0,0.008808901052020248
01_knn,Distancia,Gradient Boosting Classifier,1,1,0.9973643613481222
01_knn,Distancia,Gradient Boosting Classifier,0,0,0.0025527276758437463
01_knn,Distancia,Gradient Boosting Classifier,1,0,0.03674437864184957
01_knn,Distancia,Gradient Boosting Classifier,0,0,0.005807217708821445
01_knn,Distancia,Gradient Boosting Classifier,0,0,0.18178620813311092
01_knn,Distancia,Gradient Boosting Classifier,0,0,0.0039465053441168265
01_knn,Distancia,Gradient Boosting Classifier,1,1,0.957412903449103
01_knn,Distancia,Gradient Boosting Classifier,1,1,0.9980525211341124
01_knn,Distancia,Gradient Boosting Classifier,0,0,0.004272095893072134
01_knn,Distancia,Gradient Boosting Classifier,0,0,0.0022642830190346295
01_knn,Distancia,Gradient Boosting Classifier,1,1,0.9966538324509243
01_knn,Distancia,Gradient Boosting Classifier,0,0,0.00871458904323966
01_knn,Distancia,Gradient Boosting Classifier,0,0,0.005685408898676954
01_knn,Distancia,Gradient Boosting Classifier,0,0,0.012959848752682936
01_knn,Distancia,Gradient Boosting Classifier,1,1,0.9956244514837588
01_knn,Distancia,Gradient Boosting Classifier,0,0,0.00427142627905332
01_knn,Distancia,Gradient Boosting Classifier,1,1,0.9744246438860471
01_knn,Distancia,Gradient Boosting Classifier,0,0,0.020065066695921528
01_knn,Distancia,Gradient Boosting Classifier,1,1,0.9956653086118674
01_knn,Distancia,Gradient Boosting Classifier,0,0,0.009531266702809453
01_knn,Distancia,Gradient Boosting Classifier,0,0,0.0033665314777227996
01_knn,Distancia,Gradient Boosting Classifier,0,0,0.041451237848078214
01_knn,Distancia,Gradient Boosting Classifier,0,0,0.02587716682569748
01_knn,Distancia,Gradient Boosting Classifier,0,0,0.004400801792988701
01_knn,Distancia,Gradient Boosting Classifier,0,0,0.002694345585846309
01_knn,Distancia,Gradient Boosting Classifier,0,0,0.009558366815122891
01_knn,Distancia,Gradient Boosting Classifier,0,0,0.023202745135129505
01_knn,Distancia,Gradient Boosting Classifier,0,0,0.008853519986069659
01_knn,Distancia,Gradient Boosting Classifier,0,0,0.014322721670247007
01_knn,Distancia,Gradient Boosting Classifier,0,0,0.053102155626613814
01_knn,Distancia,Gradient Boosting Classifier,0,0,0.001562514510868778
01_knn,Distancia,Gradient Boosting Classifier,0,0,0.005118310267791487
01_knn,Distancia,Gradient Boosting Classifier,0,0,0.012697806750261678
01_knn,Distancia,Gradient Boosting Classifier,0,0,0.0038357473407936516
01_knn,Distancia,Gradient Boosting Classifier,1,1,0.9953900358411579
01_knn,Distancia,Gradient Boosting Classifier,0,0,0.006005906552653077
01_knn,Distancia,Gradient Boosting Classifier,0,0,0.005400403844848285
01_knn,Distancia,Gradient Boosting Classifier,1,1,0.9967730287061501
01_knn,Distancia,Gradient Boosting Classifier,0,0,0.0041892135208076615
01_knn,Distancia,Gradient Boosting Classifier,0,0,0.27074619668366295
01_knn,Distancia,Gradient Boosting Classifier,0,0,0.0034822324246589864
01_knn,Distancia,Gradient Boosting Classifier,0,0,0.036204745829082716
01_knn,Distancia,Gradient Boosting Classifier,0,0,0.013346091704710353
01_knn,Distancia,Gradient Boosting Classifier,0,0,0.15961219444762503
01_knn,Distancia,Gradient Boosting Classifier,0,0,0.005842778716652554
01_knn,Distancia,Gradient Boosting Classifier,0,0,0.09868518447496558
01_knn,Distancia,Gradient Boosting Classifier,0,0,0.00883527524203673
01_knn,Distancia,Gradient Boosting Classifier,0,0,0.0028362815757006
01_knn,Distancia,Gradient Boosting Classifier,0,0,0.005243756271755844
01_knn,Distancia,Gradient Boosting Classifier,0,0,0.0022557655886855056
01_knn,Distancia,Gradient Boosting Classifier,0,0,0.015284512223568612
01_knn,Distancia,Gradient Boosting Classifier,0,0,0.0028420169453593214
01_knn,Distancia,Gradient Boosting Classifier,0,0,0.0060226508925989965
01_knn,Distancia,Gradient Boosting Classifier,0,0,0.0045300323982930815
01_knn,Distancia,Gradient Boosting Classifier,0,0,0.004615397836335987
01_knn,Distancia,Gradient Boosting Classifier,0,0,0.0045300323982930815
01_knn,Distancia,Gradient Boosting Classifier,0,0,0.006238083591144284
01_knn,Distancia,Gradient Boosting Classifier,0,0,0.01455366355518248
01_knn,Distancia,Gradient Boosting Classifier,0,0,0.0033354771407734175
01_knn,Distancia,Gradient Boosting Classifier,1,1,0.9960540143658553
01_knn,Distancia,Gradient Boosting Classifier,0,0,0.006053642227868705
01_knn,Distancia,Gradient Boosting Classifier,0,0,0.4236537613692308
01_knn,Distancia,Gradient Boosting Classifier,0,0,0.003904474932336837
01_knn,Distancia,Gradient Boosting Classifier,0,0,0.022382797283370847
01_knn,Distancia,Gradient Boosting Classifier,1,1,0.9790731434393539
01_knn,Distancia,Gradient Boosting Classifier,0,0,0.0054375182449241805
01_knn,Distancia,Gradient Boosting Classifier,0,0,0.01043882761492528
01_knn,Distancia,Gradient Boosting Classifier,0,0,0.005983441759583295
01_knn,Distancia,Gradient Boosting Classifier,0,0,0.020253969719208804
01_knn,Distancia,Gradient Boosting Classifier,0,0,0.011587300405147181
01_knn,Distancia,Gradient Boosting Classifier,1,1,0.9961706273585507
01_knn,Distancia,Gradient Boosting Classifier,0,0,0.003368356950659604
01_knn,Distancia,Gradient Boosting Classifier,0,0,0.004351753960764021
01_knn,Distancia,Gradient Boosting Classifier,0,0,0.03696594516846628
01_knn,Distancia,Gradient Boosting Classifier,1,1,0.9625601301173702
01_knn,Distancia,Gradient Boosting Classifier,0,0,0.006036175330664773
01_knn,Distancia,Gradient Boosting Classifier,0,0,0.004611955401826674
01_knn,Distancia,Gradient Boosting Classifier,0,0,0.17432923404708742
01_knn,Distancia,Gradient Boosting Classifier,1,1,0.9968279011737565
01_knn,Distancia,Gradient Boosting Classifier,0,0,0.056926480644959025
01_knn,Distancia,Gradient Boosting Classifier,0,0,0.010435055217130043
01_knn,Distancia,Gradient Boosting Classifier,0,0,0.004855264282311129
01_knn,Distancia,Gradient Boosting Classifier,0,0,0.0056519420464609905
01_knn,Distancia,Gradient Boosting Classifier,0,0,0.015920953095131765
01_knn,Distancia,Gradient Boosting Classifier,1,1,0.9971065705560684
01_knn,Distancia,Gradient Boosting Classifier,0,0,0.011598308101955453
01_knn,Distancia,Gradient Boosting Classifier,0,0,0.0030051550023501923
01_knn,Distancia,Gradient Boosting Classifier,1,1,0.9622793218551012
01_knn,Distancia,Gradient Boosting Classifier,1,1,0.995164351352116
01_knn,Distancia,Gradient Boosting Classifier,1,1,0.9613851017670466
01_knn,Distancia,Gradient Boosting Classifier,1,1,0.9546041742146485
01_knn,Distancia,Gradient Boosting Classifier,0,0,0.005408739955516824
01_knn,Distancia,Gradient Boosting Classifier,1,1,0.9950710349118272
01_knn,Distancia,Gradient Boosting Classifier,1,1,0.9966925657731143
01_knn,Distancia,Gradient Boosting Classifier,0,0,0.013549303515375855
01_knn,Distancia,Gradient Boosting Classifier,1,1,0.850440356810379
01_knn,Distancia,Gradient Boosting Classifier,0,0,0.0037293720687702485
01_knn,Distancia,Gradient Boosting Classifier,0,0,0.2209574649135234
01_knn,Distancia,Gradient Boosting Classifier,1,1,0.9233907228103676
01_knn,Distancia,Gradient Boosting Classifier,0,1,0.9673730043365049
01_knn,Distancia,Gradient Boosting Classifier,1,1,0.9968581036928915
01_knn,Distancia,Gradient Boosting Classifier,0,0,0.0046063394264816045
01_knn,Distancia,Gradient Boosting Classifier,0,0,0.006083331413973725
01_knn,Distancia,Gradient Boosting Classifier,0,0,0.005228965914287321
01_knn,Distancia,Gradient Boosting Classifier,0,0,0.012632390468072
01_knn,Distancia,Gradient Boosting Classifier,0,0,0.003712565895656745
01_knn,Distancia,Gradient Boosting Classifier,0,0,0.011425541010832239
01_knn,Distancia,Gradient Boosting Classifier,0,0,0.0044674624306733435
01_knn,Distancia,Gradient Boosting Classifier,1,1,0.9856439092503453
01_knn,Distancia,Gradient Boosting Classifier,1,1,0.9936025097628697
01_knn,Distancia,Gradient Boosting Classifier,0,0,0.01266635503281701
01_knn,Distancia,Gradient Boosting Classifier,1,1,0.9924204641724794
01_knn,Distancia,Gradient Boosting Classifier,0,0,0.004473756870020359
01_knn,Distancia,Gradient Boosting Classifier,0,0,0.03183211323337558
01_knn,Distancia,Gradient Boosting Classifier,0,0,0.014291696563604937
01_knn,Distancia,Gradient Boosting Classifier,0,0,0.006372093713755413
01_knn,Distancia,Gradient Boosting Classifier,0,0,0.007040415697882951
01_knn,Distancia,Gradient Boosting Classifier,0,0,0.0041892135208076615
01_knn,Distancia,Gradient Boosting Classifier,0,0,0.0051797731456096965
01_knn,Distancia,Gradient Boosting Classifier,0,0,0.013656679486366542
01_knn,Distancia,Gradient Boosting Classifier,0,0,0.05064886406787935
01_knn,Distancia,Gradient Boosting Classifier,0,0,0.0037106516114396
01_knn,Distancia,Gradient Boosting Classifier,0,0,0.006854068285002212
01_knn,Distancia,Gradient Boosting Classifier,0,0,0.03267678025681905
01_knn,Distancia,Gradient Boosting Classifier,0,0,0.0029138457090020858
01_knn,Distancia,Gradient Boosting Classifier,0,0,0.010648679897509531
01_knn,Distancia,Gradient Boosting Classifier,0,0,0.0054375182449241805
01_knn,Distancia,Gradient Boosting Classifier,0,0,0.021465872374958048
01_knn,Distancia,Gradient Boosting Classifier,0,0,0.0066964804474407445
01_knn,Distancia,Gradient Boosting Classifier,0,0,0.016369775881362864
01_knn,Distancia,Gradient Boosting Classifier,0,0,0.006155427404043204
01_knn,Distancia,Gradient Boosting Classifier,0,0,0.005750301357567212
01_knn,Distancia,Gradient Boosting Classifier,1,1,0.9617043912188481
01_knn,Distancia,Gradient Boosting Classifier,0,0,0.005518021589245374
01_knn,Distancia,Gradient Boosting Classifier,1,1,0.9977442086232005
01_knn,Distancia,Gradient Boosting Classifier,0,0,0.021665887282785335
01_knn,Distancia,Gradient Boosting Classifier,0,0,0.005253540236389998
01_knn,Distancia,Gradient Boosting Classifier,1,1,0.9947674883578774
01_knn,Distancia,Gradient Boosting Classifier,0,0,0.006174515193626693
01_knn,Distancia,Gradient Boosting Classifier,0,0,0.020408930674222128
01_knn,Distancia,Gradient Boosting Classifier,1,1,0.9949324543616007
01_knn,Distancia,Gradient Boosting Classifier,0,0,0.026968134895807426
01_knn,Distancia,Gradient Boosting Classifier,0,0,0.014205790713909752
01_knn,Distancia,Gradient Boosting Classifier,0,0,0.05251018704229954
01_knn,Distancia,Gradient Boosting Classifier,0,0,0.024222396897542554
01_knn,Distancia,Gradient Boosting Classifier,0,0,0.0036377147121220664
01_knn,Distancia,Gradient Boosting Classifier,0,0,0.004661126138502096
01_knn,Distancia,Gradient Boosting Classifier,1,1,0.9970624257466139
01_knn,Distancia,Gradient Boosting Classifier,0,0,0.008744241517261947
01_knn,Distancia,Gradient Boosting Classifier,0,0,0.005865055801914735
01_knn,Distancia,Gradient Boosting Classifier,0,0,0.00564821788075806
01_knn,Distancia,Gradient Boosting Classifier,0,0,0.005126119709245381
01_knn,Distancia,Gradient Boosting Classifier,0,0,0.004032851674403005
01_knn,Distancia,Gradient Boosting Classifier,0,0,0.06766402445850783
01_knn,Distancia,Gradient Boosting Classifier,0,0,0.01646203729940969
01_knn,Distancia,Gradient Boosting Classifier,0,0,0.03942197476228716
01_knn,Distancia,Gradient Boosting Classifier,1,1,0.690111681405741
01_knn,Distancia,Gradient Boosting Classifier,0,0,0.0036377147121220664
01_knn,Distancia,Gradient Boosting Classifier,1,1,0.8917324409915521
01_knn,Distancia,Gradient Boosting Classifier,0,0,0.007601697444614234
01_knn,Distancia,Gradient Boosting Classifier,0,0,0.02194650934142155
01_knn,Distancia,Gradient Boosting Classifier,0,0,0.03414093184060917
01_knn,Distancia,Gradient Boosting Classifier,1,1,0.9936014318839524
01_knn,Distancia,Gradient Boosting Classifier,0,0,0.005827852101629334
01_knn,Distancia,Gradient Boosting Classifier,0,0,0.00493478664906478
01_knn,Distancia,Gradient Boosting Classifier,0,0,0.08080175316474075
01_knn,Distancia,Gradient Boosting Classifier,0,0,0.029386977140958174
01_knn,Distancia,Gradient Boosting Classifier,1,1,0.9961706083434153
01_knn,Distancia,Gradient Boosting Classifier,0,0,0.00453138959212668
01_knn,Distancia,Gradient Boosting Classifier,0,0,0.01510901519581484
01_knn,Distancia,Gradient Boosting Classifier,0,0,0.02694595113001829
01_knn,Distancia,Gradient Boosting Classifier,0,0,0.020794108261873136
01_knn,Distancia,Gradient Boosting Classifier,1,1,0.9949324543616007
01_knn,Distancia,Gradient Boosting Classifier,0,0,0.004454803130202423
01_knn,Distancia,Gradient Boosting Classifier,0,0,0.027388030672282855
01_knn,Distancia,Gradient Boosting Classifier,0,0,0.004163228443698739
01_knn,Distancia,Gradient Boosting Classifier,0,0,0.005228965914287321
01_knn,Distancia,Gradient Boosting Classifier,0,0,0.10171032614122982
01_knn,Distancia,Gradient Boosting Classifier,0,0,0.0502530412735841
01_knn,Distancia,Gradient Boosting Classifier,1,1,0.9563897981657727
01_knn,Distancia,Gradient Boosting Classifier,0,0,0.010938415371477446
01_knn,Distancia,Gradient Boosting Classifier,0,0,0.00338095802339946
01_knn,Distancia,Gradient Boosting Classifier,0,0,0.009736447283980376
01_knn,Distancia,Gradient Boosting Classifier,0,0,0.005132165161513056
01_knn,Distancia,Gradient Boosting Classifier,1,1,0.993418505589753
01_knn,Distancia,Gradient Boosting Classifier,0,0,0.031028897839260126
01_knn,Distancia,Gradient Boosting Classifier,1,1,0.9981123404643678
01_knn,Distancia,Gradient Boosting Classifier,0,0,0.01769024791613158
01_knn,Distancia,Gradient Boosting Classifier,0,0,0.019949863381865284
01_knn,Distancia,Gradient Boosting Classifier,0,0,0.007066897309898433
01_knn,Distancia,Gradient Boosting Classifier,0,0,0.0071064412043118225
01_knn,Distancia,Gradient Boosting Classifier,0,0,0.008032993589984131
01_knn,Distancia,Gradient Boosting Classifier,1,1,0.9966538324509243
01_knn,Distancia,Gradient Boosting Classifier,1,1,0.9628639016331704
01_knn,Distancia,Gradient Boosting Classifier,0,0,0.0036207664678039038
01_knn,Distancia,Gradient Boosting Classifier,1,1,0.9980739679304976
01_knn,Distancia,Gradient Boosting Classifier,0,0,0.00578819486692958
01_knn,Distancia,Gradient Boosting Classifier,0,0,0.053378263757453526
01_knn,Distancia,Gradient Boosting Classifier,1,1,0.9290303663693767
01_knn,Distancia,Gradient Boosting Classifier,0,0,0.008150549326211091
01_knn,Distancia,Gradient Boosting Classifier,0,0,0.003564518605124189
01_knn,Distancia,Gradient Boosting Classifier,0,0,0.005435210580087636
01_knn,Distancia,Gradient Boosting Classifier,0,0,0.011581640145704427
01_knn,Distancia,Gradient Boosting Classifier,0,0,0.05094331991459355
01_knn,Distancia,Gradient Boosting Classifier,0,0,0.049676996409104994
01_knn,Distancia,Gradient Boosting Classifier,0,0,0.004915502828550142
01_knn,Distancia,Gradient Boosting Classifier,0,0,0.005927721269885
01_knn,Distancia,Gradient Boosting Classifier,1,1,0.7971539025379436
01_knn,Distancia,Gradient Boosting Classifier,1,1,0.9943707063802709
01_knn,Distancia,Gradient Boosting Classifier,0,0,0.006226501241882315
01_knn,Distancia,Gradient Boosting Classifier,0,0,0.025613165707087843
01_knn,Distancia,Gradient Boosting Classifier,0,0,0.004189350836587479
01_knn,Distancia,Gradient Boosting Classifier,0,0,0.012739949906282183
01_knn,Distancia,Gradient Boosting Classifier,0,0,0.004319984232676498
01_knn,Distancia,Gradient Boosting Classifier,0,0,0.0047761004430799435
01_knn,Distancia,Gradient Boosting Classifier,0,0,0.020541126362881718
01_knn,Distancia,Gradient Boosting Classifier,0,0,0.005275285632563186
01_knn,Distancia,Gradient Boosting Classifier,0,0,0.005500700390543302
01_knn,Distancia,Gradient Boosting Classifier,0,0,0.02557692140418481
01_knn,Distancia,Gradient Boosting Classifier,0,0,0.011619632126138492
01_knn,Distancia,Gradient Boosting Classifier,1,1,0.99734185927756
01_knn,Distancia,Gradient Boosting Classifier,0,0,0.03199695343358119
01_knn,Distancia,Gradient Boosting Classifier,0,0,0.005807217708821445
01_knn,Distancia,Gradient Boosting Classifier,0,0,0.0038962698299380726
01_knn,Distancia,Gradient Boosting Classifier,1,1,0.9914707661626713
01_knn,Distancia,Gradient Boosting Classifier,0,0,0.03401813029098892
01_knn,Distancia,Gradient Boosting Classifier,0,0,0.006367059256184572
01_knn,Distancia,Gradient Boosting Classifier,0,0,0.004308813298154312
01_knn,Distancia,Gradient Boosting Classifier,0,0,0.05922540262062964
01_knn,Distancia,Gradient Boosting Classifier,0,0,0.0033311830341353097
01_knn,Distancia,Gradient Boosting Classifier,1,1,0.9958893884579201
01_knn,Distancia,Gradient Boosting Classifier,0,0,0.0207587370960223
01_knn,Distancia,Gradient Boosting Classifier,1,1,0.9917057431408105
01_knn,Distancia,Gradient Boosting Classifier,0,0,0.02255334990044898
01_knn,Distancia,Gradient Boosting Classifier,0,0,0.032252329791281814
01_knn,Distancia,Gradient Boosting Classifier,0,0,0.05799181819208554
01_knn,Distancia,Gradient Boosting Classifier,1,1,0.9975493860444431
01_knn,Distancia,Gradient Boosting Classifier,0,0,0.09542683173710355
01_knn,Distancia,Gradient Boosting Classifier,0,0,0.0020935724275431117
01_knn,Distancia,Gradient Boosting Classifier,0,0,0.0031118143921950274
01_knn,Distancia,Gradient Boosting Classifier,0,0,0.008374276350300112
01_knn,Distancia,Gradient Boosting Classifier,1,1,0.9625963454231635
01_knn,Distancia,Gradient Boosting Classifier,0,0,0.003917288131223428
01_knn,Distancia,Gradient Boosting Classifier,1,1,0.985249113550928
01_knn,Distancia,Gradient Boosting Classifier,0,0,0.002435849906441529
01_knn,Distancia,Gradient Boosting Classifier,0,0,0.006596612293073415
01_knn,Distancia,Gradient Boosting Classifier,0,0,0.004091606687529131
01_knn,Distancia,Gradient Boosting Classifier,1,1,0.9522146119528437
01_knn,Distancia,Gradient Boosting Classifier,1,1,0.9908423382300597
01_knn,Distancia,Gradient Boosting Classifier,0,0,0.004094308099253962
01_knn,Distancia,Gradient Boosting Classifier,0,0,0.07126010846905574
01_knn,Distancia,Gradient Boosting Classifier,0,0,0.029391558784243165
01_knn,Distancia,Gradient Boosting Classifier,0,0,0.003783855175205988
01_knn,Distancia,Gradient Boosting Classifier,0,0,0.001649037732540824
01_knn,Distancia,Gradient Boosting Classifier,0,0,0.004520111938330998
01_knn,Distancia,Gradient Boosting Classifier,0,0,0.00906031276263842
01_knn,Distancia,Gradient Boosting Classifier,0,0,0.0483168162360995
01_knn,Distancia,Gradient Boosting Classifier,0,0,0.011968317687365128
01_knn,Distancia,Gradient Boosting Classifier,0,0,0.0044725990695039675
01_knn,Distancia,Gradient Boosting Classifier,0,0,0.004693793769145662
01_knn,Distancia,Gradient Boosting Classifier,0,0,0.023597438298107575
01_knn,Distancia,Gradient Boosting Classifier,1,1,0.9942714041915036
01_knn,Distancia,Gradient Boosting Classifier,0,0,0.008866084921470346
01_knn,Distancia,Gradient Boosting Classifier,0,0,0.015093042451271878
01_knn,Distancia,Gradient Boosting Classifier,0,0,0.005592518653173508
01_knn,Distancia,Gradient Boosting Classifier,1,1,0.9953351074118231
01_knn,Distancia,Gradient Boosting Classifier,0,0,0.0022192072680159735
01_knn,Distancia,Gradient Boosting Classifier,0,0,0.0036787444722792546
01_knn,Distancia,Gradient Boosting Classifier,0,0,0.004998165938771499
01_knn,Distancia,Gradient Boosting Classifier,0,0,0.07391329330077658
01_knn,Distancia,Gradient Boosting Classifier,0,0,0.010496941287249957
01_knn,Distancia,Gradient Boosting Classifier,0,0,0.003929916374207942
01_knn,Distancia,Gradient Boosting Classifier,0,0,0.05419901083623493
01_knn,Distancia,Gradient Boosting Classifier,0,0,0.025065680002519054
01_knn,Distancia,Gradient Boosting Classifier,0,0,0.0051381067612336784
01_knn,Distancia,Gradient Boosting Classifier,0,0,0.25685765895682977
01_knn,Distancia,Gradient Boosting Classifier,1,1,0.983144964969049
01_knn,Distancia,Gradient Boosting Classifier,0,0,0.010451179107381414
01_knn,Distancia,Gradient Boosting Classifier,0,0,0.01178017104510961
01_knn,Distancia,Gradient Boosting Classifier,1,1,0.9943288881394275
01_knn,Distancia,Gradient Boosting Classifier,0,0,0.0036240289796718823
01_knn,Distancia,Gradient Boosting Classifier,1,1,0.99134075725156
01_knn,Distancia,Gradient Boosting Classifier,0,0,0.004101536015240834
01_knn,Distancia,Gradient Boosting Classifier,0,0,0.021337901794426094
01_knn,Distancia,Gradient Boosting Classifier,0,0,0.09646255168590132
01_knn,Distancia,Gradient Boosting Classifier,1,1,0.9972065545038109
01_knn,Distancia,Gradient Boosting Classifier,1,1,0.9610601444534709
01_knn,Distancia,Gradient Boosting Classifier,1,1,0.7520605705979985
01_knn,Distancia,Gradient Boosting Classifier,0,0,0.002899540545205288
01_knn,Distancia,Gradient Boosting Classifier,0,0,0.004490342032511805
01_knn,Distancia,Gradient Boosting Classifier,1,1,0.9833155329353417
01_knn,Distancia,Gradient Boosting Classifier,0,0,0.006934775976412181
01_knn,Distancia,Gradient Boosting Classifier,0,0,0.004268764109233334
01_knn,Distancia,Gradient Boosting Classifier,0,0,0.017951128341278075
01_knn,Distancia,Gradient Boosting Classifier,0,0,0.005330611304165209
01_knn,Distancia,Gradient Boosting Classifier,0,0,0.0036240289796718823
01_knn,Distancia,Gradient Boosting Classifier,0,0,0.07858024169654729
01_knn,Distancia,Gradient Boosting Classifier,0,0,0.003563064701065304
01_knn,Distancia,Gradient Boosting Classifier,0,0,0.02334011339387443
01_knn,Distancia,Gradient Boosting Classifier,0,0,0.022142198056861163
01_knn,Distancia,Gradient Boosting Classifier,0,0,0.006137607468426711
01_knn,Distancia,Gradient Boosting Classifier,0,0,0.0058707056641513974
01_knn,Distancia,Gradient Boosting Classifier,1,1,0.9713512791845679
01_knn,Distancia,Gradient Boosting Classifier,0,0,0.004022778989831797
01_knn,Distancia,Gradient Boosting Classifier,0,0,0.34499058002774424
01_knn,Distancia,Gradient Boosting Classifier,0,0,0.009797036896173832
01_knn,Distancia,Gradient Boosting Classifier,0,0,0.02744236889139685
01_knn,Distancia,Gradient Boosting Classifier,1,1,0.9967024239136633
01_knn,Distancia,Gradient Boosting Classifier,0,0,0.01889027562587178
01_knn,Distancia,Gradient Boosting Classifier,0,0,0.05011545445480461
01_knn,Distancia,Gradient Boosting Classifier,0,0,0.010368322451282724
01_knn,Distancia,Gradient Boosting Classifier,0,0,0.02622248693092206
01_knn,Distancia,Gradient Boosting Classifier,0,0,0.006809879284856909
01_knn,Distancia,Gradient Boosting Classifier,0,0,0.01625832787454311
01_knn,Distancia,Gradient Boosting Classifier,1,1,0.9823984865579266
01_knn,Distancia,Gradient Boosting Classifier,0,0,0.05954902615351032
01_knn,Distancia,Gradient Boosting Classifier,0,0,0.003954166488054907
01_knn,Distancia,Gradient Boosting Classifier,0,0,0.005807217708821445
01_knn,Distancia,Gradient Boosting Classifier,0,0,0.032334510619156716
01_knn,Distancia,Gradient Boosting Classifier,0,0,0.024339863779719282
01_knn,Distancia,Gradient Boosting Classifier,0,0,0.020065066695921528
01_knn,Distancia,Gradient Boosting Classifier,0,0,0.03134072954909876
01_knn,Distancia,Gradient Boosting Classifier,0,0,0.005602328858477776
01_knn,Distancia,Gradient Boosting Classifier,0,0,0.008281807737760863
01_knn,Distancia,Gradient Boosting Classifier,1,1,0.9736241997126759
01_knn,Distancia,Gradient Boosting Classifier,0,0,0.059596778591532146
01_knn,Distancia,Gradient Boosting Classifier,0,0,0.0044454251178738975
01_knn,Distancia,Gradient Boosting Classifier,0,0,0.002970601074865905
01_knn,Distancia,Gradient Boosting Classifier,0,0,0.023001118178935145
01_knn,Distancia,Gradient Boosting Classifier,1,1,0.9967627411637592
01_knn,Distancia,Gradient Boosting Classifier,1,1,0.9723307883299447
01_knn,Distancia,Gradient Boosting Classifier,0,0,0.0038640799296695604
01_knn,Distancia,Gradient Boosting Classifier,0,0,0.0057812481151042995
01_knn,Distancia,Gradient Boosting Classifier,0,0,0.004282332489563987
01_knn,Distancia,Gradient Boosting Classifier,1,1,0.975789987887575
01_knn,Distancia,Gradient Boosting Classifier,0,0,0.0058757462206190355
01_knn,Distancia,Gradient Boosting Classifier,0,0,0.004174848826404122
01_knn,Distancia,Gradient Boosting Classifier,0,0,0.013421179077341505
01_knn,Distancia,Gradient Boosting Classifier,1,1,0.8682503912267465
01_knn,Distancia,Gradient Boosting Classifier,1,1,0.985249113550928
01_knn,Distancia,Gradient Boosting Classifier,0,0,0.06478311739197255
01_knn,Distancia,Gradient Boosting Classifier,0,1,0.8121985284864
01_knn,Distancia,Gradient Boosting Classifier,0,0,0.004142139821787909
01_knn,Distancia,Gradient Boosting Classifier,0,0,0.004715305999743751
01_knn,Distancia,Gradient Boosting Classifier,0,0,0.025023298860988388
01_knn,Distancia,Gradient Boosting Classifier,0,0,0.009050293723852399
01_knn,Distancia,Gradient Boosting Classifier,1,1,0.9976996139854517
01_knn,Distancia,Gradient Boosting Classifier,0,0,0.013910658550825546
01_knn,Distancia,Gradient Boosting Classifier,0,0,0.10299261816887785
01_knn,Distancia,Gradient Boosting Classifier,0,0,0.015765757074196553
01_knn,Distancia,Gradient Boosting Classifier,0,0,0.0018808409353477697
01_knn,Distancia,Gradient Boosting Classifier,0,0,0.004403118819083846
01_knn,Distancia,Gradient Boosting Classifier,0,0,0.0066063269891240475
01_knn,Distancia,Gradient Boosting Classifier,1,1,0.9971868188096346
01_knn,Distancia,Gradient Boosting Classifier,0,0,0.06152984069365075
01_knn,Distancia,Gradient Boosting Classifier,0,0,0.006108817749546319
01_knn,Distancia,Gradient Boosting Classifier,1,1,0.9885668226293776
01_knn,Distancia,Gradient Boosting Classifier,1,1,0.996462449484399
01_knn,Distancia,Gradient Boosting Classifier,0,0,0.06678767673090603
01_knn,Distancia,Gradient Boosting Classifier,1,0,0.13365166655158164
01_knn,Distancia,Gradient Boosting Classifier,0,0,0.0046581353892046675
01_knn,Distancia,Gradient Boosting Classifier,0,0,0.007473735310599516
01_knn,Distancia,Gradient Boosting Classifier,0,0,0.009897317408641849
01_knn,Distancia,Gradient Boosting Classifier,0,0,0.0028619224235368573
01_knn,Distancia,Gradient Boosting Classifier,0,0,0.037885074668681164
01_knn,Distancia,Gradient Boosting Classifier,0,0,0.0037481427026971924
01_knn,Distancia,Gradient Boosting Classifier,0,0,0.010386633004507902
01_knn,Distancia,Gradient Boosting Classifier,0,0,0.0033710277438594102
01_knn,Distancia,Gradient Boosting Classifier,0,0,0.07873774744852702
01_knn,Distancia,Gradient Boosting Classifier,1,1,0.9955358005005023
01_knn,Distancia,Gradient Boosting Classifier,0,0,0.3251696084440303
01_knn,Distancia,Gradient Boosting Classifier,0,0,0.01818410222809726
01_knn,Distancia,Gradient Boosting Classifier,0,0,0.005827852101629334
01_knn,Distancia,Gradient Boosting Classifier,1,1,0.9947674883578774
01_knn,Distancia,Gradient Boosting Classifier,0,0,0.04667392928867753
01_knn,Distancia,Gradient Boosting Classifier,0,0,0.10901980994321041
01_knn,Distancia,Gradient Boosting Classifier,0,0,0.01734843028201931
01_knn,Distancia,Gradient Boosting Classifier,0,0,0.028869733413107456
01_knn,Distancia,Gradient Boosting Classifier,0,0,0.005872271637852422
01_knn,Distancia,Gradient Boosting Classifier,0,0,0.004433058906105257
01_knn,Distancia,Gradient Boosting Classifier,0,0,0.0026225267077907527
01_knn,Distancia,Gradient Boosting Classifier,0,0,0.0038000582280335593
01_knn,Distancia,Gradient Boosting Classifier,0,0,0.04132654723995372
01_knn,Distancia,Gradient Boosting Classifier,0,0,0.0039262945058509725
01_knn,Distancia,Gradient Boosting Classifier,0,0,0.07990975388887889
01_knn,Distancia,Gradient Boosting Classifier,0,0,0.00410565320849857
01_knn,Distancia,Gradient Boosting Classifier,0,0,0.032653040612880754
01_knn,Distancia,Gradient Boosting Classifier,1,1,0.7377258509232703
01_knn,Distancia,Gradient Boosting Classifier,0,0,0.021054990853938676
01_knn,Distancia,Gradient Boosting Classifier,0,0,0.004618152319571332
01_knn,Distancia,Gradient Boosting Classifier,0,0,0.006155427404043204
01_knn,Distancia,Gradient Boosting Classifier,1,1,0.8962340529331695
01_knn,Distancia,Gradient Boosting Classifier,0,0,0.00592057478653317
01_knn,Distancia,Gradient Boosting Classifier,0,0,0.005640365822677646
01_knn,Distancia,Gradient Boosting Classifier,1,1,0.9955080054566825
01_knn,Distancia,Gradient Boosting Classifier,1,1,0.9973703668185632
01_knn,Distancia,Gradient Boosting Classifier,0,0,0.05229002143163301
01_knn,Distancia,Gradient Boosting Classifier,0,0,0.005500700390543302
01_knn,Distancia,Gradient Boosting Classifier,1,1,0.9666768295727913
01_knn,Distancia,Gradient Boosting Classifier,0,0,0.01286501006171042
01_knn,Distancia,Gradient Boosting Classifier,0,0,0.0037020543064717544
01_knn,Distancia,Gradient Boosting Classifier,1,1,0.9933370827624963
01_knn,Distancia,Gradient Boosting Classifier,0,0,0.0020547683567725228
01_knn,Distancia,Gradient Boosting Classifier,0,0,0.016612206245171336
01_knn,Distancia,Gradient Boosting Classifier,0,0,0.016887437013347297
01_knn,Distancia,Gradient Boosting Classifier,0,0,0.009556067012029849
01_knn,Distancia,Gradient Boosting Classifier,1,1,0.9938999870815525
01_knn,Distancia,Gradient Boosting Classifier,0,0,0.009226088439665988
01_knn,Distancia,Gradient Boosting Classifier,1,1,0.9951070988310626
01_knn,Distancia,Gradient Boosting Classifier,1,1,0.9614604035772983
01_knn,Distancia,Gradient Boosting Classifier,1,1,0.9959493701239706
01_knn,Distancia,Gradient Boosting Classifier,0,0,0.003762361602374742
01_knn,Distancia,Gradient Boosting Classifier,0,0,0.030772733751295602
01_knn,Distancia,Gradient Boosting Classifier,1,1,0.9949324543616007
01_knn,Distancia,Gradient Boosting Classifier,1,1,0.9954053571872157
01_knn,Distancia,Gradient Boosting Classifier,0,0,0.00801924313557053
01_knn,Distancia,Gradient Boosting Classifier,0,0,0.0030531506377777314
01_knn,Distancia,Gradient Boosting Classifier,0,0,0.046406820990662186
01_knn,Distancia,Gradient Boosting Classifier,0,0,0.059426280772539426
01_knn,Distancia,Gradient Boosting Classifier,0,0,0.0036787444722792546
01_knn,Distancia,Gradient Boosting Classifier,0,0,0.013331910694208927
01_knn,Distancia,Gradient Boosting Classifier,0,0,0.007613132626647527
01_knn,Distancia,Gradient Boosting Classifier,1,1,0.994164483046502
01_knn,Distancia,Gradient Boosting Classifier,0,0,0.01971098684041964
01_knn,Distancia,Gradient Boosting Classifier,0,0,0.013647297856507232
01_knn,Distancia,Gradient Boosting Classifier,0,0,0.004667590056762021
01_knn,Distancia,Gradient Boosting Classifier,0,0,0.0031220328797535116
01_knn,Distancia,Gradient Boosting Classifier,0,0,0.008669683862949666
01_knn,Distancia,Gradient Boosting Classifier,0,0,0.006258402240063845
01_knn,Distancia,Gradient Boosting Classifier,0,0,0.012322769127636178
01_knn,Distancia,Gradient Boosting Classifier,0,0,0.01505170984241688
01_knn,Distancia,Gradient Boosting Classifier,0,0,0.004083848783883045
01_knn,Distancia,Gradient Boosting Classifier,0,0,0.009872133599219499
01_knn,Distancia,Gradient Boosting Classifier,0,0,0.0530241037582512
01_knn,Distancia,Gradient Boosting Classifier,0,0,0.02751090478520014
01_knn,Distancia,Gradient Boosting Classifier,0,0,0.35456392955742466
01_knn,Distancia,Gradient Boosting Classifier,0,0,0.00454502615433417
01_knn,Distancia,Gradient Boosting Classifier,1,0,0.07683378010873489
01_knn,Distancia,Gradient Boosting Classifier,0,0,0.019248830421562602
01_knn,Distancia,Gradient Boosting Classifier,1,1,0.9687926545433004
01_knn,Distancia,Gradient Boosting Classifier,1,1,0.9969895710518314
01_knn,Distancia,Gradient Boosting Classifier,1,1,0.8565658771779475
01_knn,Distancia,Gradient Boosting Classifier,0,0,0.02345273593990227
01_knn,Distancia,Gradient Boosting Classifier,0,0,0.006012343763921036
01_knn,Distancia,Gradient Boosting Classifier,0,0,0.019620082113598232
01_knn,Distancia,Gradient Boosting Classifier,0,0,0.0024938609672852524
01_knn,Distancia,Gradient Boosting Classifier,1,0,0.1325131713537958
01_knn,Distancia,Gradient Boosting Classifier,0,0,0.007850609017545824
01_knn,Distancia,Gradient Boosting Classifier,0,0,0.008738913489333188
01_knn,Distancia,Gradient Boosting Classifier,1,1,0.9891980513126862
01_knn,Distancia,Gradient Boosting Classifier,0,0,0.005689728492790245
01_knn,Distancia,Gradient Boosting Classifier,0,0,0.010139012433197179
01_knn,Distancia,Gradient Boosting Classifier,1,0,0.35953950810776225
01_knn,Distancia,Gradient Boosting Classifier,0,0,0.0034761578115746175
01_knn,Distancia,Gradient Boosting Classifier,0,0,0.013229279351293626
01_knn,Distancia,Gradient Boosting Classifier,1,1,0.9867317183952221
01_knn,Distancia,Gradient Boosting Classifier,1,1,0.8510781603393617
01_knn,Distancia,Gradient Boosting Classifier,0,0,0.007957218838593662
01_knn,Distancia,Gradient Boosting Classifier,0,0,0.007438940701969354
01_knn,Distancia,Gradient Boosting Classifier,0,0,0.008351456465385019
01_knn,Distancia,Gradient Boosting Classifier,0,0,0.005411799379580309
01_knn,Distancia,Gradient Boosting Classifier,0,0,0.08842300670725763
01_knn,Distancia,Gradient Boosting Classifier,0,0,0.005228965914287321
01_knn,Distancia,Gradient Boosting Classifier,0,0,0.008673361283703817
01_knn,Distancia,Gradient Boosting Classifier,0,0,0.003421420741407552
01_knn,Distancia,Gradient Boosting Classifier,1,1,0.9802655972818006
01_knn,Distancia,Gradient Boosting Classifier,0,0,0.004263185764251911
01_knn,Distancia,Gradient Boosting Classifier,0,0,0.0032995173840084323
01_knn,Distancia,Gradient Boosting Classifier,0,0,0.004944992946455205
01_knn,Distancia,Gradient Boosting Classifier,0,0,0.005554948373543146
01_knn,Distancia,Gradient Boosting Classifier,0,0,0.005424125969355382
01_knn,Distancia,Gradient Boosting Classifier,0,0,0.04584973769516882
01_knn,Distancia,Gradient Boosting Classifier,0,0,0.0076358482418458305
01_knn,Distancia,Gradient Boosting Classifier,0,0,0.19817387604672465
01_knn,Distancia,Gradient Boosting Classifier,0,0,0.005670756057462706
01_knn,Distancia,Gradient Boosting Classifier,0,0,0.010796453613640154
01_knn,Distancia,Gradient Boosting Classifier,0,0,0.0035396597805712185
01_knn,Distancia,Gradient Boosting Classifier,0,0,0.024918476252103534
01_knn,Distancia,Gradient Boosting Classifier,0,0,0.003985207302733961
01_knn,Distancia,Gradient Boosting Classifier,0,0,0.008622415286479834
01_knn,Distancia,Gradient Boosting Classifier,1,1,0.995571704609372
01_knn,Distancia,Gradient Boosting Classifier,0,0,0.014487791761216135
01_knn,Distancia,Gradient Boosting Classifier,1,1,0.9947172956059402
01_knn,Distancia,Gradient Boosting Classifier,0,0,0.002037385339946651
01_knn,Distancia,Gradient Boosting Classifier,0,1,0.9952686860716667
01_knn,Distancia,Gradient Boosting Classifier,0,0,0.010738987554984288
01_knn,Distancia,Gradient Boosting Classifier,1,1,0.9960729008836705
01_knn,Distancia,Gradient Boosting Classifier,0,0,0.005958821150046839
01_knn,Distancia,Gradient Boosting Classifier,0,0,0.005757168183945424
01_knn,Distancia,Gradient Boosting Classifier,0,0,0.018739136337498456
01_knn,Distancia,Gradient Boosting Classifier,0,0,0.004872798843917739
01_knn,Distancia,Gradient Boosting Classifier,0,0,0.10669632438693023
01_knn,Distancia,Gradient Boosting Classifier,0,0,0.04893364422381652
01_knn,Distancia,Gradient Boosting Classifier,0,0,0.003451284243795058
01_knn,Distancia,Gradient Boosting Classifier,0,0,0.005331096024448067
01_knn,Distancia,Gradient Boosting Classifier,0,0,0.009579543043989008
01_knn,Distancia,Gradient Boosting Classifier,0,0,0.012470697811482568
01_knn,Distancia,Gradient Boosting Classifier,0,0,0.005720028273444899
01_knn,Distancia,Gradient Boosting Classifier,0,0,0.0036652649306564192
01_knn,Distancia,Gradient Boosting Classifier,1,1,0.9729235665789344
01_knn,Distancia,Gradient Boosting Classifier,1,1,0.9761315904345668
01_knn,Distancia,Gradient Boosting Classifier,0,0,0.03417293059165246
01_knn,Distancia,Gradient Boosting Classifier,0,0,0.004011770968580218
01_knn,Distancia,Gradient Boosting Classifier,0,0,0.0038050484261540965
01_knn,Distancia,Gradient Boosting Classifier,0,0,0.0048615532460068635
01_knn,Distancia,Gradient Boosting Classifier,0,0,0.0036474826731356454
01_knn,Distancia,Gradient Boosting Classifier,0,0,0.00479493271079199
01_knn,Distancia,Gradient Boosting Classifier,0,0,0.0046317443661047794
01_knn,Distancia,Gradient Boosting Classifier,0,0,0.003096124777457518
01_knn,Distancia,Gradient Boosting Classifier,1,1,0.986429203996808
01_knn,Distancia,Gradient Boosting Classifier,0,0,0.003911787391711125
01_knn,Distancia,Gradient Boosting Classifier,0,0,0.004459003566271174
01_knn,Distancia,Gradient Boosting Classifier,0,0,0.03880756387970893
01_knn,Distancia,Gradient Boosting Classifier,1,1,0.990790477501513
01_knn,Distancia,Gradient Boosting Classifier,0,0,0.00469670958536703
01_knn,Distancia,Gradient Boosting Classifier,0,0,0.0108569765008776
01_knn,Distancia,Gradient Boosting Classifier,0,0,0.004187388809968269
01_knn,Distancia,Gradient Boosting Classifier,1,1,0.9980289864924788
01_knn,Distancia,Gradient Boosting Classifier,1,0,0.1964634566608072
01_knn,Distancia,Gradient Boosting Classifier,0,0,0.021165507051648876
01_knn,Distancia,Gradient Boosting Classifier,0,0,0.0033251565362623103
01_knn,Distancia,Gradient Boosting Classifier,0,0,0.004026279026308522
01_knn,Distancia,Gradient Boosting Classifier,0,0,0.06147302331069991
01_knn,Distancia,Gradient Boosting Classifier,0,0,0.07144297537877538
01_knn,Distancia,Gradient Boosting Classifier,0,0,0.0014083601599338945
01_knn,Distancia,Gradient Boosting Classifier,0,0,0.005453881706498014
01_knn,Distancia,Gradient Boosting Classifier,1,1,0.995571704609372
01_knn,Distancia,Gradient Boosting Classifier,0,0,0.021332954028353633
01_knn,Distancia,Gradient Boosting Classifier,0,0,0.013504171344508225
01_knn,Distancia,Gradient Boosting Classifier,1,1,0.9971312987496241
01_knn,Distancia,Gradient Boosting Classifier,1,1,0.996968829244653
01_knn,Distancia,Gradient Boosting Classifier,1,1,0.9958163515060847
01_knn,Distancia,Gradient Boosting Classifier,0,0,0.028923321914784035
01_knn,Distancia,Gradient Boosting Classifier,0,0,0.016488257039762776
01_knn,Distancia,Gradient Boosting Classifier,0,0,0.0041892135208076615
01_knn,Distancia,Gradient Boosting Classifier,1,1,0.9968658134179188
01_knn,Distancia,Gradient Boosting Classifier,0,0,0.008659942975686076
01_knn,Distancia,Gradient Boosting Classifier,0,0,0.00549311950442981
01_knn,Distancia,Gradient Boosting Classifier,0,0,0.005311649989726075
01_knn,Distancia,Gradient Boosting Classifier,0,0,0.02928529713430131
01_knn,Distancia,Gradient Boosting Classifier,1,1,0.9962418151235403
01_knn,Distancia,Gradient Boosting Classifier,0,0,0.005414466445771474
01_knn,Distancia,Gradient Boosting Classifier,0,0,0.010907971541422538
01_knn,Distancia,Gradient Boosting Classifier,0,0,0.005628215909454918
01_knn,Distancia,Gradient Boosting Classifier,0,0,0.0039839071048539815
01_knn,Distancia,Gradient Boosting Classifier,0,0,0.006745206003822528
01_knn,Distancia,Gradient Boosting Classifier,0,0,0.00638429572585429
01_knn,Distancia,Gradient Boosting Classifier,0,0,0.007878248157665232
01_knn,Distancia,Gradient Boosting Classifier,1,1,0.998390951041817
01_knn,Distancia,Gradient Boosting Classifier,1,1,0.9969573602220726
01_knn,Distancia,Gradient Boosting Classifier,0,0,0.006226501241882315
01_knn,Distancia,Gradient Boosting Classifier,0,0,0.03432470347070152
01_knn,Distancia,Gradient Boosting Classifier,0,0,0.006541401980455581
01_knn,Distancia,Gradient Boosting Classifier,1,1,0.692355245623191
01_knn,Distancia,Gradient Boosting Classifier,1,1,0.9809587077059662
01_knn,Distancia,Gradient Boosting Classifier,0,0,0.012904138896309354
01_knn,Distancia,Gradient Boosting Classifier,1,1,0.9926719848325581
01_knn,Distancia,Gradient Boosting Classifier,0,0,0.03614560172959853
01_knn,Distancia,Gradient Boosting Classifier,1,1,0.996462449484399
01_knn,Distancia,Gradient Boosting Classifier,1,1,0.9862650982669543
01_knn,Distancia,Gradient Boosting Classifier,1,1,0.9929542492293348
01_knn,Distancia,Gradient Boosting Classifier,0,0,0.029840147217148363
01_knn,Distancia,Gradient Boosting Classifier,0,0,0.0032995173840084323
01_knn,Distancia,Gradient Boosting Classifier,0,0,0.004872798843917739
01_knn,Distancia,Gradient Boosting Classifier,0,0,0.0037536488726103595
01_knn,Distancia,Gradient Boosting Classifier,0,0,0.005500700390543302
01_knn,Distancia,Gradient Boosting Classifier,1,1,0.9813049929503423
01_knn,Distancia,Gradient Boosting Classifier,0,0,0.003841543423462095
01_knn,Distancia,Gradient Boosting Classifier,0,0,0.01198692984226437
01_knn,Distancia,Gradient Boosting Classifier,0,0,0.016303539049137353
01_knn,Distancia,Gradient Boosting Classifier,0,1,0.8280137790093223
01_knn,Distancia,Gradient Boosting Classifier,0,0,0.009734922535532396
01_knn,Distancia,Gradient Boosting Classifier,1,1,0.9950508597723277
01_knn,Distancia,Gradient Boosting Classifier,0,0,0.0038825349138262933
01_knn,Distancia,Gradient Boosting Classifier,0,0,0.07821842779716241
01_knn,Distancia,Gradient Boosting Classifier,0,0,0.003686582511227473
01_knn,Distancia,Gradient Boosting Classifier,1,1,0.8389751964873782
01_knn,Distancia,Gradient Boosting Classifier,0,0,0.012385557435168164
01_knn,Distancia,Gradient Boosting Classifier,0,0,0.028755219464610546
01_knn,Distancia,Gradient Boosting Classifier,0,0,0.0037744807086203414
01_knn,Distancia,Gradient Boosting Classifier,0,0,0.008143452875743645
01_knn,Distancia,Gradient Boosting Classifier,0,0,0.00890044027697945
01_knn,Distancia,Gradient Boosting Classifier,1,1,0.9956244514837588
01_knn,Distancia,Gradient Boosting Classifier,1,1,0.991680077602797
01_knn,Distancia,Gradient Boosting Classifier,1,1,0.997391693361083
01_knn,Distancia,Gradient Boosting Classifier,0,0,0.0067919639666373845
01_knn,Distancia,Gradient Boosting Classifier,0,0,0.0021535575077708444
01_knn,Distancia,Gradient Boosting Classifier,0,0,0.018395777569084316
01_knn,Distancia,Gradient Boosting Classifier,0,0,0.010123430031381296
01_knn,Distancia,Gradient Boosting Classifier,1,1,0.9949324543616007
01_knn,Distancia,Gradient Boosting Classifier,1,1,0.9946631678452864
01_knn,Distancia,Gradient Boosting Classifier,0,0,0.01651266197925645
01_knn,Distancia,Gradient Boosting Classifier,0,0,0.007831301035844786
01_knn,Distancia,Gradient Boosting Classifier,0,0,0.231344779531986
01_knn,Distancia,Gradient Boosting Classifier,0,0,0.011640358205228773
01_knn,Distancia,Gradient Boosting Classifier,0,0,0.008127297505393755
01_knn,Distancia,Gradient Boosting Classifier,0,0,0.005060248585570464
01_knn,Distancia,Gradient Boosting Classifier,0,0,0.0026175623151993063
01_knn,Distancia,Gradient Boosting Classifier,0,0,0.005067697305776901
01_knn,Distancia,Gradient Boosting Classifier,0,0,0.002460904663604927
01_knn,Distancia,Gradient Boosting Classifier,0,0,0.006972274528867141
01_knn,Distancia,Gradient Boosting Classifier,1,1,0.9459161755509635
01_knn,Distancia,Gradient Boosting Classifier,0,0,0.024972225838117305
01_knn,Distancia,Gradient Boosting Classifier,0,0,0.01277707329957857
01_knn,Distancia,Gradient Boosting Classifier,0,0,0.14604232874870143
01_knn,Distancia,Gradient Boosting Classifier,1,1,0.9959005577542389
01_knn,Distancia,Gradient Boosting Classifier,0,0,0.0034685932226484677
01_knn,Distancia,Gradient Boosting Classifier,0,0,0.005465762653864542
01_knn,Distancia,Gradient Boosting Classifier,0,0,0.39607372163322824
01_knn,Distancia,Gradient Boosting Classifier,0,0,0.025015397901168673
01_knn,Distancia,Gradient Boosting Classifier,0,0,0.03629865580207702
01_knn,Distancia,Gradient Boosting Classifier,0,0,0.009379224493673245
01_knn,Distancia,Gradient Boosting Classifier,0,0,0.016136174054192078
01_knn,Distancia,Gradient Boosting Classifier,0,0,0.00490670100029539
01_knn,Distancia,Gradient Boosting Classifier,0,0,0.005827852101629334
01_knn,Distancia,Gradient Boosting Classifier,1,1,0.994257503330731
01_knn,Distancia,Gradient Boosting Classifier,0,0,0.01771424762375755
01_knn,Distancia,Gradient Boosting Classifier,0,0,0.0019986510851699446
01_knn,Distancia,Gradient Boosting Classifier,0,0,0.010935573365804103
01_knn,Distancia,Gradient Boosting Classifier,0,0,0.007050174101896639
01_knn,Distancia,Gradient Boosting Classifier,0,0,0.019727695443588565
01_knn,Distancia,Gradient Boosting Classifier,0,0,0.02744236889139685
01_knn,Distancia,Gradient Boosting Classifier,0,0,0.0037833226261513343
01_knn,Distancia,Gradient Boosting Classifier,0,0,0.007771140153992263
01_knn,Distancia,Gradient Boosting Classifier,0,0,0.007144602762482692
01_knn,Distancia,Gradient Boosting Classifier,1,1,0.9810562501836846
01_knn,Distancia,Gradient Boosting Classifier,0,0,0.0524258763493239
01_knn,Distancia,Gradient Boosting Classifier,0,0,0.002810672008797034
01_knn,Distancia,Gradient Boosting Classifier,0,0,0.015212867749602163
01_knn,Distancia,Gradient Boosting Classifier,0,0,0.004596673378403732
01_knn,Distancia,Gradient Boosting Classifier,0,0,0.02711424860089917
01_knn,Distancia,Gradient Boosting Classifier,0,0,0.07693790329011242
01_knn,Distancia,Gradient Boosting Classifier,0,0,0.12220106908587382
01_knn,Distancia,Gradient Boosting Classifier,0,0,0.004718123447981564
01_knn,Distancia,Gradient Boosting Classifier,0,0,0.006314762656486056
01_knn,Distancia,Gradient Boosting Classifier,0,0,0.015150274107233372
01_knn,Distancia,Gradient Boosting Classifier,0,0,0.01771163375657323
01_knn,Distancia,Gradient Boosting Classifier,0,0,0.007528990852909367
01_knn,Distancia,Gradient Boosting Classifier,0,0,0.00592057478653317
01_knn,Distancia,Gradient Boosting Classifier,0,0,0.0059056654476915766
01_knn,Distancia,Gradient Boosting Classifier,0,0,0.012858100233040837
01_knn,Distancia,Gradient Boosting Classifier,0,0,0.01724754285246379
01_knn,Distancia,Gradient Boosting Classifier,0,0,0.0138041557106728
01_knn,Distancia,Gradient Boosting Classifier,1,1,0.9952413076747009
01_knn,Distancia,Gradient Boosting Classifier,0,0,0.003933326109743068
01_knn,Distancia,Gradient Boosting Classifier,0,0,0.005826491070481871
01_knn,Distancia,Gradient Boosting Classifier,0,0,0.005205507715721938
01_knn,Distancia,Gradient Boosting Classifier,0,0,0.010011748110604873
01_knn,Distancia,Gradient Boosting Classifier,1,1,0.997772874194982
01_knn,Distancia,Gradient Boosting Classifier,0,0,0.02018909614726742
01_knn,Distancia,Gradient Boosting Classifier,0,0,0.023491974003877134
01_knn,Distancia,Gradient Boosting Classifier,0,0,0.016678235461929685
01_knn,Distancia,Gradient Boosting Classifier,1,1,0.9962389125067104
01_knn,Distancia,Gradient Boosting Classifier,0,0,0.0023886973049948488
01_knn,Distancia,Gradient Boosting Classifier,1,1,0.9949262758844684
01_knn,Distancia,Gradient Boosting Classifier,1,1,0.9813139511306119
01_knn,Distancia,Gradient Boosting Classifier,0,0,0.01901418906057563
01_knn,Distancia,Gradient Boosting Classifier,0,0,0.01299024635668725
01_knn,Distancia,Gradient Boosting Classifier,1,1,0.9947674883578774
01_knn,Distancia,Gradient Boosting Classifier,0,0,0.005433878987781864
01_knn,Distancia,Gradient Boosting Classifier,0,0,0.015539482334249679
01_knn,Distancia,Gradient Boosting Classifier,0,0,0.009895389334208271
01_knn,Distancia,Gradient Boosting Classifier,0,0,0.007391240840349758
01_knn,Distancia,Gradient Boosting Classifier,1,1,0.9951804855566153
01_knn,Distancia,Gradient Boosting Classifier,0,0,0.05250723241912878
01_knn,Distancia,Gradient Boosting Classifier,0,0,0.004490171264939491
01_knn,Distancia,Gradient Boosting Classifier,0,0,0.005356010383020633
01_knn,Distancia,Gradient Boosting Classifier,0,0,0.01812129574565526
01_knn,Distancia,Gradient Boosting Classifier,0,0,0.006050733061001475
01_knn,Distancia,Gradient Boosting Classifier,1,1,0.9634637362663075
01_knn,Distancia,Gradient Boosting Classifier,0,0,0.004726768953441659
01_knn,Distancia,Gradient Boosting Classifier,1,1,0.995180906490607
01_knn,Distancia,Gradient Boosting Classifier,0,0,0.017007967887906615
01_knn,Distancia,Gradient Boosting Classifier,0,0,0.04182221374112877
01_knn,Distancia,Gradient Boosting Classifier,1,0,0.024775176061621454
01_knn,Distancia,Gradient Boosting Classifier,0,0,0.0023725670569878714
01_knn,Distancia,Gradient Boosting Classifier,0,0,0.01754207174375265
01_knn,Distancia,Gradient Boosting Classifier,0,0,0.28308879386190045
01_knn,Distancia,Gradient Boosting Classifier,0,0,0.039626551467415706
01_knn,Distancia,Gradient Boosting Classifier,0,0,0.01298644253139595
01_knn,Distancia,Gradient Boosting Classifier,0,0,0.010670218604904842
01_knn,Distancia,Gradient Boosting Classifier,1,1,0.9847217185207715
01_knn,Distancia,Gradient Boosting Classifier,0,0,0.0047504535729982235
01_knn,Distancia,Gradient Boosting Classifier,0,0,0.014082641449875762
01_knn,Distancia,Gradient Boosting Classifier,0,0,0.010285414452344287
01_knn,Distancia,Gradient Boosting Classifier,0,0,0.016573175944423153
01_knn,Distancia,Gradient Boosting Classifier,0,0,0.02017581551958252
01_knn,Distancia,Gradient Boosting Classifier,1,1,0.9948618967049405
01_knn,Distancia,Gradient Boosting Classifier,1,1,0.6179420609885724
01_knn,Distancia,Gradient Boosting Classifier,1,0,0.44803056764835775
01_knn,Distancia,Gradient Boosting Classifier,0,0,0.013682404954917474
01_knn,Distancia,Gradient Boosting Classifier,0,0,0.009830261700439807
01_knn,Distancia,Gradient Boosting Classifier,1,1,0.9842673454587323
01_knn,Distancia,Gradient Boosting Classifier,0,0,0.04447262163617279
01_knn,Distancia,Gradient Boosting Classifier,0,0,0.15941338120017032
01_knn,Distancia,Gradient Boosting Classifier,0,0,0.011438091520535933
01_knn,Distancia,Gradient Boosting Classifier,1,1,0.9944280549284533
01_knn,Distancia,Gradient Boosting Classifier,0,0,0.0060980880580135685
01_knn,Distancia,Gradient Boosting Classifier,1,1,0.9761103337038007
01_knn,Distancia,Gradient Boosting Classifier,0,0,0.04559966267331655
01_knn,Distancia,Gradient Boosting Classifier,0,0,0.00855642912704644
01_knn,Distancia,Gradient Boosting Classifier,0,0,0.0037839273606943597
01_knn,Distancia,Gradient Boosting Classifier,0,0,0.035477509185739525
01_knn,Distancia,Gradient Boosting Classifier,0,0,0.005944260348755184
01_knn,Distancia,Gradient Boosting Classifier,1,1,0.7653060379774705
01_knn,Distancia,Gradient Boosting Classifier,0,0,0.02168098288681606
01_knn,Distancia,Gradient Boosting Classifier,0,0,0.006784681523771446
01_knn,Distancia,Gradient Boosting Classifier,0,0,0.0070578181401185
01_knn,Distancia,Gradient Boosting Classifier,0,0,0.13593253212270176
01_knn,Distancia,Gradient Boosting Classifier,0,0,0.04898144972272368
01_knn,Distancia,Gradient Boosting Classifier,0,0,0.00468405548239022
01_knn,Distancia,Gradient Boosting Classifier,0,0,0.006356751788117559
01_knn,Distancia,Gradient Boosting Classifier,0,0,0.009434933353187317
01_knn,Distancia,Gradient Boosting Classifier,0,0,0.007057120673571758
01_knn,Distancia,Gradient Boosting Classifier,1,1,0.9839518890731228
01_knn,Distancia,Gradient Boosting Classifier,1,1,0.7918795700274375
01_knn,Distancia,Gradient Boosting Classifier,1,1,0.9960399130287935
01_knn,Distancia,Gradient Boosting Classifier,0,0,0.007317394810233038
01_knn,Distancia,Gradient Boosting Classifier,0,0,0.003756395201842736
01_knn,Distancia,Gradient Boosting Classifier,0,0,0.0046267541142740055
01_knn,Distancia,Gradient Boosting Classifier,0,0,0.1465628604169803
01_knn,Distancia,Gradient Boosting Classifier,1,1,0.994257503330731
01_knn,Distancia,Gradient Boosting Classifier,1,1,0.9959729945854124
01_knn,Distancia,Gradient Boosting Classifier,0,0,0.0033084246006862715
01_knn,Distancia,Gradient Boosting Classifier,1,1,0.9951464012914221
01_knn,Distancia,Gradient Boosting Classifier,0,0,0.024952881317186763
01_knn,Distancia,Gradient Boosting Classifier,0,0,0.0032995173840084323
01_knn,Distancia,Gradient Boosting Classifier,0,0,0.003554277340936198
01_knn,Distancia,Gradient Boosting Classifier,0,0,0.03219795106648477
01_knn,Distancia,Gradient Boosting Classifier,0,0,0.04404967693790267
01_knn,Distancia,Gradient Boosting Classifier,0,0,0.07776771848473338
01_knn,Distancia,Gradient Boosting Classifier,1,1,0.6698345791039653
01_knn,Distancia,Gradient Boosting Classifier,0,0,0.05301743415815769
01_knn,Distancia,Gradient Boosting Classifier,1,1,0.9944287780879463
01_knn,Distancia,Gradient Boosting Classifier,1,0,0.06842355028676693
01_knn,Distancia,Gradient Boosting Classifier,0,0,0.006108817749546319
01_knn,Distancia,Gradient Boosting Classifier,0,0,0.005024419656605085
01_knn,Distancia,Gradient Boosting Classifier,0,0,0.005608016283555304
01_knn,Distancia,Gradient Boosting Classifier,1,1,0.9966538324509243
01_knn,Distancia,Gradient Boosting Classifier,1,1,0.9947674883578774
01_knn,Distancia,Gradient Boosting Classifier,1,1,0.8811905145009431
01_knn,Distancia,Gradient Boosting Classifier,1,1,0.9904974259447176
01_knn,Distancia,Gradient Boosting Classifier,0,0,0.00618761676908791
01_knn,Distancia,Gradient Boosting Classifier,1,1,0.998423758174353
01_knn,Distancia,Gradient Boosting Classifier,1,1,0.9951455822636605
01_knn,Distancia,Gradient Boosting Classifier,0,0,0.024408909144423466
01_knn,Distancia,Gradient Boosting Classifier,0,0,0.005715299111537943
01_knn,Distancia,Gradient Boosting Classifier,0,0,0.0043439783460637186
01_knn,Distancia,Gradient Boosting Classifier,0,0,0.01819184556895109
01_knn,Distancia,Gradient Boosting Classifier,0,0,0.12811256997198886
01_knn,Distancia,Gradient Boosting Classifier,1,1,0.9958652755566049
01_knn,Distancia,Gradient Boosting Classifier,0,0,0.022196915952228197
01_knn,Distancia,Gradient Boosting Classifier,0,0,0.004507722055165542
01_knn,Distancia,Gradient Boosting Classifier,0,0,0.1564504271296376
01_knn,Distancia,Gradient Boosting Classifier,0,0,0.004561901494826874
01_knn,Distancia,Gradient Boosting Classifier,0,0,0.04630920314458402
01_knn,Distancia,Gradient Boosting Classifier,0,0,0.005228965914287321
01_knn,Distancia,Gradient Boosting Classifier,0,0,0.0065256477397173515
01_knn,Distancia,Gradient Boosting Classifier,0,0,0.014045055649447658
01_knn,Distancia,Gradient Boosting Classifier,0,0,0.01057819095047696
01_knn,Distancia,Gradient Boosting Classifier,1,1,0.763187946750459
01_knn,Distancia,Gradient Boosting Classifier,0,0,0.0045376191960114455
01_knn,Distancia,Gradient Boosting Classifier,0,0,0.0135122475713067
01_knn,Distancia,Gradient Boosting Classifier,1,1,0.997016684108412
01_knn,Distancia,Gradient Boosting Classifier,0,0,0.004187946294351163
01_knn,Distancia,Gradient Boosting Classifier,0,0,0.18785641255382018
01_knn,Distancia,Gradient Boosting Classifier,1,1,0.9949944681614629
01_knn,Distancia,Gradient Boosting Classifier,0,0,0.029632809881888017
01_knn,Distancia,Gradient Boosting Classifier,0,0,0.005270712491391562
01_knn,Distancia,Gradient Boosting Classifier,0,0,0.010786209166754317
01_knn,Distancia,Gradient Boosting Classifier,0,0,0.005297229793108612
01_knn,Distancia,Gradient Boosting Classifier,1,1,0.9980929969226021
01_knn,Distancia,Gradient Boosting Classifier,1,1,0.9969573602220726
01_knn,Distancia,Gradient Boosting Classifier,0,0,0.0031266058999650866
01_knn,Distancia,Gradient Boosting Classifier,0,0,0.002735528425430319
01_knn,Distancia,Gradient Boosting Classifier,0,0,0.006377671087908531
01_knn,Distancia,Gradient Boosting Classifier,0,0,0.00564821788075806
01_knn,Distancia,Gradient Boosting Classifier,0,0,0.06053487275652177
01_knn,Distancia,Gradient Boosting Classifier,1,1,0.9958417601672725
01_knn,Distancia,Gradient Boosting Classifier,0,0,0.02744236889139685
01_knn,Distancia,Gradient Boosting Classifier,0,0,0.005783840394323294
01_knn,Distancia,Gradient Boosting Classifier,0,0,0.007748649500094385
01_knn,Distancia,Gradient Boosting Classifier,1,1,0.9919300142364792
01_knn,Distancia,Gradient Boosting Classifier,1,1,0.9962552203243964
01_knn,Distancia,Gradient Boosting Classifier,1,1,0.9946119950116286
01_knn,Distancia,Gradient Boosting Classifier,0,0,0.006507171224200263
01_knn,Distancia,Gradient Boosting Classifier,0,0,0.004452242191146283
01_knn,Distancia,Gradient Boosting Classifier,0,0,0.018976093465606688
01_knn,Distancia,Gradient Boosting Classifier,1,1,0.9911842307465445
01_knn,Distancia,Gradient Boosting Classifier,0,0,0.004617442636213991
01_knn,Distancia,Gradient Boosting Classifier,0,0,0.46542393562882434
01_knn,Distancia,Gradient Boosting Classifier,0,0,0.0067565791233024225
01_knn,Distancia,Gradient Boosting Classifier,1,1,0.9955913682935311
01_knn,Distancia,Gradient Boosting Classifier,0,0,0.023037064052350998
01_knn,Distancia,Gradient Boosting Classifier,1,1,0.7443473931603066
01_knn,Distancia,Gradient Boosting Classifier,0,0,0.15622418749260777
01_knn,Distancia,Gradient Boosting Classifier,0,0,0.0048752239247725326
01_knn,Distancia,Gradient Boosting Classifier,1,1,0.9962066798209934
01_knn,Distancia,Gradient Boosting Classifier,1,1,0.9946818099773158
01_knn,Distancia,Gradient Boosting Classifier,1,1,0.9981632228501124
01_knn,Distancia,Gradient Boosting Classifier,0,0,0.11381864464665313
01_knn,Distancia,Gradient Boosting Classifier,0,0,0.00693449639407938
01_knn,Distancia,Gradient Boosting Classifier,0,0,0.0041892135208076615
01_knn,Distancia,Gradient Boosting Classifier,0,0,0.006041618844403011
01_knn,Distancia,Gradient Boosting Classifier,0,0,0.014457102158783543
01_knn,Distancia,Gradient Boosting Classifier,0,0,0.16813772584117206
01_knn,Distancia,Gradient Boosting Classifier,0,0,0.016044395403586764
01_knn,Distancia,Gradient Boosting Classifier,0,0,0.02180138414667858
01_knn,Distancia,Gradient Boosting Classifier,0,0,0.004322332880254371
01_knn,Distancia,Gradient Boosting Classifier,0,0,0.016542886630695416
01_knn,Distancia,Gradient Boosting Classifier,1,1,0.9970982098032767
01_knn,Distancia,Gradient Boosting Classifier,1,1,0.9900165312668826
01_knn,Distancia,Gradient Boosting Classifier,0,0,0.005738852425702535
01_knn,Distancia,Gradient Boosting Classifier,0,0,0.0021055279057007417
01_knn,Distancia,Gradient Boosting Classifier,0,0,0.008518189051553555
01_knn,Distancia,Gradient Boosting Classifier,0,0,0.0042956653173711005
01_knn,Distancia,Gradient Boosting Classifier,1,1,0.995571704609372
01_knn,Distancia,Gradient Boosting Classifier,0,0,0.03349232327917344
01_knn,Distancia,Gradient Boosting Classifier,1,1,0.99626374035855
01_knn,Distancia,Gradient Boosting Classifier,0,0,0.0054375182449241805
01_knn,Distancia,Gradient Boosting Classifier,1,1,0.9603726830912452
01_knn,Distancia,Gradient Boosting Classifier,0,0,0.003602246385675066
01_knn,Distancia,Gradient Boosting Classifier,1,1,0.9955663020487927
01_knn,Distancia,Gradient Boosting Classifier,0,0,0.022999851262025126
01_knn,Distancia,Gradient Boosting Classifier,0,0,0.01787758139284946
01_knn,Distancia,Gradient Boosting Classifier,0,0,0.02132653707680343
01_knn,Distancia,Gradient Boosting Classifier,0,0,0.004803707530465982
01_knn,Distancia,Gradient Boosting Classifier,0,1,0.671908530180168
01_knn,Distancia,Gradient Boosting Classifier,1,1,0.9823984865579266
01_knn,Distancia,Gradient Boosting Classifier,0,0,0.005269851665490218
01_knn,Distancia,Gradient Boosting Classifier,0,0,0.0031889240272388072
01_knn,Distancia,Gradient Boosting Classifier,0,0,0.004802294505633743
01_knn,Distancia,Gradient Boosting Classifier,1,1,0.9972140057703196
01_knn,Distancia,Gradient Boosting Classifier,0,0,0.0036122105014372813
01_knn,Distancia,Gradient Boosting Classifier,0,0,0.0064838711783307065
01_knn,Distancia,Gradient Boosting Classifier,0,0,0.005436187939041181
01_knn,Distancia,Gradient Boosting Classifier,0,0,0.009305417000849883
01_knn,Distancia,Gradient Boosting Classifier,0,0,0.008673361283703817
01_knn,Distancia,Gradient Boosting Classifier,0,0,0.005807217708821445
01_knn,Distancia,Gradient Boosting Classifier,1,0,0.11776481219419037
01_knn,Distancia,Gradient Boosting Classifier,0,0,0.00520541868665456
01_knn,Distancia,Gradient Boosting Classifier,0,0,0.047401163418815236
01_knn,Distancia,Gradient Boosting Classifier,0,0,0.004309227980656185
01_knn,Distancia,Gradient Boosting Classifier,1,1,0.9708490212374167
01_knn,Distancia,Gradient Boosting Classifier,0,0,0.00397925714674486
01_knn,Distancia,Gradient Boosting Classifier,1,1,0.9958217666920374
01_knn,Distancia,Gradient Boosting Classifier,0,0,0.006069178042219621
01_knn,Distancia,Gradient Boosting Classifier,0,0,0.003997579008813992
01_knn,Distancia,Gradient Boosting Classifier,0,0,0.0031783989829149324
01_knn,Distancia,Gradient Boosting Classifier,0,0,0.00434724307834383
01_knn,Distancia,Gradient Boosting Classifier,0,0,0.004114706360570555
01_knn,Distancia,Gradient Boosting Classifier,0,0,0.00410501566352648
01_knn,Distancia,Gradient Boosting Classifier,0,0,0.00496236590070613
01_knn,Distancia,Gradient Boosting Classifier,0,0,0.01777182531943198
01_knn,Distancia,Gradient Boosting Classifier,0,0,0.019152363672259812
01_knn,Distancia,Gradient Boosting Classifier,0,0,0.01339000496624131
01_knn,Distancia,Gradient Boosting Classifier,1,1,0.9944280549284533
01_knn,Distancia,Gradient Boosting Classifier,1,1,0.9973895264908527
01_knn,Distancia,Gradient Boosting Classifier,0,0,0.02259833253728329
01_knn,Distancia,Gradient Boosting Classifier,0,0,0.004809501099239992
01_knn,Distancia,Gradient Boosting Classifier,0,0,0.005532166754071941
01_knn,Distancia,Gradient Boosting Classifier,0,0,0.005762285705640588
01_knn,Distancia,Gradient Boosting Classifier,1,1,0.9787270572189367
01_knn,Distancia,Gradient Boosting Classifier,0,0,0.009991462846446105
01_knn,Distancia,Gradient Boosting Classifier,0,0,0.010822590123458235
01_knn,Distancia,Gradient Boosting Classifier,1,1,0.996892286496319
01_knn,Distancia,Gradient Boosting Classifier,0,0,0.054804634716936175
01_knn,Distancia,Gradient Boosting Classifier,0,0,0.008268369295695802
01_knn,Distancia,Gradient Boosting Classifier,1,1,0.996094182399169
01_knn,Distancia,Gradient Boosting Classifier,0,0,0.03342178816058988
01_knn,Distancia,Gradient Boosting Classifier,0,1,0.8802449043570324
01_knn,Distancia,Gradient Boosting Classifier,0,0,0.0036054893491367225
01_knn,Distancia,Gradient Boosting Classifier,0,1,0.6086882880751723
01_knn,Distancia,Gradient Boosting Classifier,1,1,0.9941101216535339
01_knn,Distancia,Gradient Boosting Classifier,1,1,0.9068087742575552
01_knn,Distancia,Gradient Boosting Classifier,0,0,0.006297158666948601
01_knn,Distancia,Gradient Boosting Classifier,0,0,0.13113871544377828
01_knn,Distancia,Gradient Boosting Classifier,0,0,0.009399245802409273
01_knn,Distancia,Gradient Boosting Classifier,0,0,0.032034066724051485
01_knn,Distancia,Gradient Boosting Classifier,1,1,0.9305919824590099
01_knn,Distancia,Gradient Boosting Classifier,0,0,0.005590136606020187
01_knn,Distancia,Gradient Boosting Classifier,1,1,0.9917553653837685
01_knn,Distancia,Gradient Boosting Classifier,0,0,0.02744236889139685
01_knn,Distancia,Gradient Boosting Classifier,1,0,0.044506247589508025
01_knn,Distancia,Gradient Boosting Classifier,0,0,0.004476439145011206
01_knn,Distancia,Gradient Boosting Classifier,0,0,0.004076785696146353
01_knn,Distancia,Gradient Boosting Classifier,0,0,0.005606734875955759
01_knn,Distancia,Gradient Boosting Classifier,0,0,0.005418258356114669
01_knn,Distancia,Gradient Boosting Classifier,0,0,0.011456771318442957
01_knn,Distancia,Gradient Boosting Classifier,0,0,0.004390224741628321
01_knn,Distancia,Gradient Boosting Classifier,0,0,0.004343723523351609
01_knn,Distancia,Gradient Boosting Classifier,0,0,0.04430446317039336
01_knn,Distancia,Gradient Boosting Classifier,0,0,0.005807217708821445
01_knn,Distancia,Gradient Boosting Classifier,0,0,0.015754489341334034
01_knn,Distancia,Gradient Boosting Classifier,0,0,0.00598275700933124
01_knn,Distancia,Gradient Boosting Classifier,0,0,0.007085049870342818
01_knn,Distancia,Gradient Boosting Classifier,0,0,0.4708421274386424
01_knn,Distancia,Gradient Boosting Classifier,1,1,0.7065297592845305
01_knn,Distancia,Gradient Boosting Classifier,0,0,0.004507314520301284
01_knn,Distancia,Gradient Boosting Classifier,1,1,0.5406303686206728
01_knn,Distancia,Gradient Boosting Classifier,1,1,0.9972420509338596
01_knn,Distancia,Gradient Boosting Classifier,0,0,0.003997579008813992
01_knn,Distancia,Gradient Boosting Classifier,0,0,0.0038675448800217825
01_knn,Distancia,Gradient Boosting Classifier,0,0,0.004792453469336163
01_knn,Distancia,Gradient Boosting Classifier,0,0,0.05387815544656839
01_knn,Distancia,Gradient Boosting Classifier,1,1,0.6372584466879143
01_knn,Distancia,Gradient Boosting Classifier,0,0,0.012440409438983353
01_knn,Distancia,Gradient Boosting Classifier,0,0,0.004822171786146481
01_knn,Distancia,Gradient Boosting Classifier,0,0,0.03696716504946576
01_knn,Distancia,Gradient Boosting Classifier,0,0,0.0044674624306733435
01_knn,Distancia,Gradient Boosting Classifier,1,1,0.9886777311105376
01_knn,Distancia,Gradient Boosting Classifier,0,0,0.44537236935955143
01_knn,Distancia,Gradient Boosting Classifier,0,0,0.005457842887709922
01_knn,Distancia,Gradient Boosting Classifier,0,0,0.0034378473142939775
01_knn,Distancia,Gradient Boosting Classifier,0,0,0.044591563586591276
01_knn,Distancia,Gradient Boosting Classifier,0,0,0.005500700390543302
01_knn,Distancia,Gradient Boosting Classifier,0,0,0.008848312166890086
01_knn,Distancia,Gradient Boosting Classifier,0,0,0.005667174763377826
01_knn,Distancia,Gradient Boosting Classifier,0,0,0.009734295834935642
01_knn,Distancia,Gradient Boosting Classifier,1,1,0.9968119524352672
01_knn,Distancia,Gradient Boosting Classifier,0,0,0.17296589376179083
01_knn,Distancia,Gradient Boosting Classifier,0,0,0.008557036206758612
01_knn,Distancia,Gradient Boosting Classifier,0,0,0.02323546238598906
01_knn,Distancia,Gradient Boosting Classifier,1,1,0.9962186707893528
01_knn,Distancia,Gradient Boosting Classifier,0,0,0.014125441779146484
01_knn,Distancia,Gradient Boosting Classifier,1,1,0.9964086573745777
01_knn,Distancia,Gradient Boosting Classifier,0,0,0.003797789968288615
01_knn,Distancia,Gradient Boosting Classifier,1,1,0.9957587780525363
01_knn,Distancia,Gradient Boosting Classifier,0,0,0.008673361283703817
01_knn,Distancia,Gradient Boosting Classifier,0,0,0.007371315314123863
01_knn,Distancia,Gradient Boosting Classifier,0,0,0.10297646125575234
01_knn,Distancia,Gradient Boosting Classifier,0,0,0.004633860048047352
01_knn,Distancia,Gradient Boosting Classifier,1,1,0.9943368502259483
01_knn,Distancia,Gradient Boosting Classifier,0,0,0.014519856480986184
01_knn,Distancia,Gradient Boosting Classifier,0,0,0.0048773527865754755
01_knn,Distancia,Gradient Boosting Classifier,0,0,0.1214282550016049
01_knn,Distancia,Gradient Boosting Classifier,0,0,0.030564575890239996
01_knn,Distancia,Gradient Boosting Classifier,0,0,0.005807217708821445
01_knn,Distancia,Gradient Boosting Classifier,0,0,0.005284995663818885
01_knn,Distancia,Gradient Boosting Classifier,0,0,0.06185398430223434
01_knn,Distancia,Gradient Boosting Classifier,1,1,0.9677534349498975
01_knn,Distancia,Gradient Boosting Classifier,0,0,0.08071949715516101
01_knn,Distancia,Gradient Boosting Classifier,0,0,0.34499058002774424
01_knn,Distancia,Gradient Boosting Classifier,0,0,0.0170903840736598
01_knn,Distancia,Gradient Boosting Classifier,0,0,0.003890625008004277
01_knn,Distancia,Gradient Boosting Classifier,0,0,0.0026841521092107177
01_knn,Distancia,Gradient Boosting Classifier,0,0,0.10354717087430719
01_knn,Distancia,Gradient Boosting Classifier,0,0,0.004764766574183561
01_knn,Distancia,Gradient Boosting Classifier,1,1,0.9948189210185979
01_knn,Distancia,Gradient Boosting Classifier,0,0,0.1001400437526357
01_knn,Distancia,Gradient Boosting Classifier,0,0,0.0038967727911378867
01_knn,Distancia,Gradient Boosting Classifier,0,0,0.003992346861424781
01_knn,Distancia,Gradient Boosting Classifier,0,0,0.008747922419950876
01_knn,Distancia,Gradient Boosting Classifier,0,0,0.007417981122747373
01_knn,Distancia,Gradient Boosting Classifier,0,0,0.009690216486173492
01_knn,Distancia,Gradient Boosting Classifier,0,0,0.005228965914287321
01_knn,Distancia,Gradient Boosting Classifier,0,0,0.003978890560609394
01_knn,Distancia,Gradient Boosting Classifier,0,0,0.0038624777169331513
01_knn,Distancia,Gradient Boosting Classifier,0,0,0.013940622402714471
01_knn,Distancia,Gradient Boosting Classifier,0,0,0.02335338981153564
01_knn,Distancia,Gradient Boosting Classifier,1,1,0.99734185927756
01_knn,Distancia,Gradient Boosting Classifier,0,0,0.05036201205424338
01_knn,Distancia,Gradient Boosting Classifier,1,1,0.9961964820854178
01_knn,Distancia,Gradient Boosting Classifier,0,0,0.014810503941881176
01_knn,Distancia,Gradient Boosting Classifier,0,0,0.04701359766124478
01_knn,Distancia,Gradient Boosting Classifier,0,0,0.07818263621813881
01_knn,Distancia,Gradient Boosting Classifier,0,0,0.0048773527865754755
01_knn,Distancia,Gradient Boosting Classifier,0,0,0.03460633692171327
01_knn,Distancia,Gradient Boosting Classifier,0,0,0.005112690582420257
01_knn,Distancia,Gradient Boosting Classifier,0,0,0.0037234424319264143
01_knn,Distancia,Gradient Boosting Classifier,0,0,0.037370413443928586
01_knn,Distancia,Gradient Boosting Classifier,1,1,0.9971065705560684
01_knn,Distancia,Gradient Boosting Classifier,1,1,0.9954601222630235
01_knn,Distancia,Gradient Boosting Classifier,0,0,0.016801383706799195
01_knn,Distancia,Gradient Boosting Classifier,0,0,0.032607148583988145
01_knn,Distancia,Gradient Boosting Classifier,0,0,0.017750419565097576
01_knn,Distancia,Gradient Boosting Classifier,0,0,0.001953568479242907
01_knn,Distancia,Gradient Boosting Classifier,0,0,0.029876856753827143
01_knn,Distancia,Gradient Boosting Classifier,1,1,0.6622733675449749
01_knn,Distancia,Gradient Boosting Classifier,0,0,0.004434897584588639
01_knn,Distancia,Gradient Boosting Classifier,0,0,0.004141957437201168
01_knn,Distancia,Gradient Boosting Classifier,0,0,0.030905976921225327
01_knn,Distancia,Gradient Boosting Classifier,0,0,0.005166597452822309
01_knn,Distancia,Gradient Boosting Classifier,0,0,0.003706967585469733
01_knn,Distancia,Gradient Boosting Classifier,1,1,0.9892338609996703
01_knn,Distancia,Gradient Boosting Classifier,0,0,0.05717065614286524
01_knn,Distancia,Gradient Boosting Classifier,0,0,0.003521929534511266
01_knn,Distancia,Gradient Boosting Classifier,1,1,0.9919300142364792
01_knn,Distancia,Gradient Boosting Classifier,0,0,0.028211577924469395
01_knn,Distancia,Gradient Boosting Classifier,1,0,0.2776694247878365
01_knn,Distancia,Gradient Boosting Classifier,0,0,0.004358117783299547
01_knn,Distancia,Gradient Boosting Classifier,0,0,0.003762361602374742
01_knn,Distancia,Gradient Boosting Classifier,0,0,0.02744236889139685
01_knn,Distancia,Gradient Boosting Classifier,0,0,0.0048773527865754755
01_knn,Distancia,Gradient Boosting Classifier,0,0,0.020065066695921528
01_knn,Distancia,Gradient Boosting Classifier,0,0,0.05098461289959703
01_knn,Distancia,Gradient Boosting Classifier,0,0,0.06747660777286421
01_knn,Distancia,Gradient Boosting Classifier,0,0,0.1565980130943521
01_knn,Distancia,Gradient Boosting Classifier,0,0,0.00442331574319959
01_knn,Distancia,Gradient Boosting Classifier,0,0,0.004306965435765387
01_knn,Distancia,Gradient Boosting Classifier,0,0,0.0032995173840084323
01_knn,Distancia,Gradient Boosting Classifier,0,0,0.00254756664610972
01_knn,Distancia,Gradient Boosting Classifier,0,0,0.004986460617034098
01_knn,Distancia,Gradient Boosting Classifier,0,0,0.004403593645045948
01_knn,Distancia,Gradient Boosting Classifier,1,1,0.9940361201652239
01_knn,Distancia,Gradient Boosting Classifier,0,0,0.022620850199833262
01_knn,Distancia,Gradient Boosting Classifier,0,0,0.001356338431433136
01_knn,Distancia,Gradient Boosting Classifier,0,0,0.049170497004128226
01_knn,Distancia,Gradient Boosting Classifier,0,0,0.013760635088242493
01_knn,Distancia,Gradient Boosting Classifier,1,1,0.9857790788125239
01_knn,Distancia,Gradient Boosting Classifier,0,0,0.017371458374612896
01_knn,Distancia,Gradient Boosting Classifier,0,0,0.03292840047622622
01_knn,Distancia,Gradient Boosting Classifier,0,0,0.008797846608834795
01_knn,Distancia,Gradient Boosting Classifier,0,0,0.07477590776914408
01_knn,Distancia,Gradient Boosting Classifier,0,0,0.032290576928703775
01_knn,Distancia,Gradient Boosting Classifier,0,0,0.006025404365010256
01_knn,Distancia,Gradient Boosting Classifier,0,0,0.06193775143850634
01_knn,Distancia,Gradient Boosting Classifier,0,0,0.004925406546896613
01_knn,Distancia,Gradient Boosting Classifier,0,0,0.005146601423403627
01_knn,Distancia,Gradient Boosting Classifier,0,0,0.036452315652882365
01_knn,Distancia,Gradient Boosting Classifier,1,1,0.9983175991464891
01_knn,Distancia,Gradient Boosting Classifier,0,0,0.004806879345027564
01_knn,Distancia,Gradient Boosting Classifier,0,0,0.006744840128479382
01_knn,Distancia,Gradient Boosting Classifier,0,0,0.09254261810641158
01_knn,Distancia,Gradient Boosting Classifier,1,1,0.8454723741722263
01_knn,Distancia,Gradient Boosting Classifier,0,0,0.006858843377719669
01_knn,Distancia,Gradient Boosting Classifier,0,0,0.007730787668703588
01_knn,Distancia,Gradient Boosting Classifier,0,0,0.012231947630441845
01_knn,Distancia,Gradient Boosting Classifier,0,0,0.03285896757841549
01_knn,Distancia,Gradient Boosting Classifier,0,0,0.005699773458488449
01_knn,Distancia,Gradient Boosting Classifier,1,1,0.9962167206083931
01_knn,Distancia,Gradient Boosting Classifier,0,0,0.004928455404663355
01_knn,Distancia,Gradient Boosting Classifier,0,0,0.05656271341170868
01_knn,Distancia,Gradient Boosting Classifier,0,0,0.008255472462584472
01_knn,Distancia,Gradient Boosting Classifier,0,0,0.014772803962507918
01_knn,Distancia,Gradient Boosting Classifier,1,1,0.9032518922950196
01_knn,Distancia,Gradient Boosting Classifier,0,0,0.016270258281523366
01_knn,Distancia,Gradient Boosting Classifier,1,1,0.9953744666501421
01_knn,Distancia,Gradient Boosting Classifier,0,0,0.04631188097411625
01_knn,Distancia,Gradient Boosting Classifier,0,0,0.1348461540784509
01_knn,Distancia,Gradient Boosting Classifier,1,1,0.9946261503669039
01_knn,Distancia,Gradient Boosting Classifier,1,1,0.9966538324509243
01_knn,Distancia,Gradient Boosting Classifier,0,0,0.008175134606097199
01_knn,Distancia,Gradient Boosting Classifier,1,1,0.995571704609372
01_knn,Distancia,Gradient Boosting Classifier,1,1,0.9944280549284533
01_knn,Distancia,Gradient Boosting Classifier,0,0,0.024065521476487026
01_knn,Distancia,Gradient Boosting Classifier,1,1,0.9947305877615065
01_knn,Distancia,Gradient Boosting Classifier,1,1,0.9928549750668637
01_knn,Distancia,Gradient Boosting Classifier,0,0,0.0030311828743893694
01_knn,Distancia,Gradient Boosting Classifier,0,0,0.03779367350377925
01_knn,Distancia,Gradient Boosting Classifier,0,0,0.009372328797448851
01_knn,Distancia,Gradient Boosting Classifier,0,0,0.0034396874961387814
01_knn,Distancia,Gradient Boosting Classifier,1,1,0.9949324543616007
01_knn,Distancia,Gradient Boosting Classifier,0,0,0.021439396751323173
01_knn,Distancia,Gradient Boosting Classifier,0,0,0.02286429003236588
01_knn,Distancia,Gradient Boosting Classifier,0,0,0.01128491149407544
01_knn,Distancia,Gradient Boosting Classifier,0,0,0.0038341254215989795
01_knn,Distancia,Gradient Boosting Classifier,0,0,0.014742149821144145
01_knn,Distancia,Gradient Boosting Classifier,0,0,0.04206893866389445
01_knn,Distancia,Gradient Boosting Classifier,0,0,0.00618761676908791
01_knn,Distancia,Gradient Boosting Classifier,1,1,0.9966538324509243
01_knn,Distancia,Gradient Boosting Classifier,0,0,0.003935423150955623
01_knn,Distancia,Gradient Boosting Classifier,0,0,0.005436187939041181
01_knn,Distancia,Gradient Boosting Classifier,1,1,0.9889319514852258
01_knn,Distancia,Gradient Boosting Classifier,0,0,0.003438646747921526
01_knn,Distancia,Gradient Boosting Classifier,0,0,0.009592589259447514
01_knn,Distancia,Gradient Boosting Classifier,0,0,0.006108817749546319
01_knn,Distancia,Gradient Boosting Classifier,0,0,0.045089478555521555
01_knn,Distancia,Gradient Boosting Classifier,0,0,0.15062420985410965
01_knn,Distancia,Gradient Boosting Classifier,0,0,0.07881535142772614
01_knn,Distancia,Gradient Boosting Classifier,0,0,0.03278334972326467
01_knn,Distancia,Gradient Boosting Classifier,1,0,0.035145375100063436
01_knn,Distancia,Gradient Boosting Classifier,0,0,0.0037799919525751085
01_knn,Distancia,Gradient Boosting Classifier,0,0,0.06571268875519658
01_knn,Distancia,Gradient Boosting Classifier,1,1,0.9751973254245492
01_knn,Distancia,Gradient Boosting Classifier,0,0,0.005506625334091506
01_knn,Distancia,Gradient Boosting Classifier,0,0,0.06416144040543964
01_knn,Distancia,Gradient Boosting Classifier,0,0,0.0053729395914774904
01_knn,Distancia,Gradient Boosting Classifier,1,1,0.9956492987818014
01_knn,Distancia,Gradient Boosting Classifier,0,0,0.005063458796282565
01_knn,Distancia,Gradient Boosting Classifier,0,0,0.019745487289707826
01_knn,Distancia,Gradient Boosting Classifier,0,0,0.03322680314664839
01_knn,Distancia,Gradient Boosting Classifier,1,1,0.9969186731323489
01_knn,Distancia,Gradient Boosting Classifier,0,0,0.005210388163373586
01_knn,Distancia,Gradient Boosting Classifier,0,0,0.008401604328445552
01_knn,Distancia,Gradient Boosting Classifier,0,0,0.012064982860382035
01_knn,Distancia,Gradient Boosting Classifier,0,0,0.022669106783811125
01_knn,Distancia,Gradient Boosting Classifier,1,1,0.9972710463665361
01_knn,Distancia,Gradient Boosting Classifier,1,1,0.9975831281141193
01_knn,Distancia,Gradient Boosting Classifier,0,0,0.024949196548456315
01_knn,Distancia,Gradient Boosting Classifier,0,0,0.009091504735511974
01_knn,Distancia,Gradient Boosting Classifier,0,0,0.023165213187805306
01_knn,Distancia,Gradient Boosting Classifier,0,0,0.010593761783375233
01_knn,Distancia,Gradient Boosting Classifier,0,0,0.0037992768439070986
01_knn,Distancia,Gradient Boosting Classifier,0,0,0.04078504987110048
01_knn,Distancia,Gradient Boosting Classifier,0,0,0.004592180736018258
01_knn,Distancia,Gradient Boosting Classifier,0,0,0.018832005183633743
01_knn,Distancia,Gradient Boosting Classifier,0,0,0.024108504118644725
01_knn,Distancia,Gradient Boosting Classifier,0,0,0.01564979972448973
01_knn,Distancia,Gradient Boosting Classifier,0,0,0.004544208283129825
01_knn,Distancia,Gradient Boosting Classifier,1,1,0.9947674883578774
01_knn,Distancia,Gradient Boosting Classifier,0,0,0.010938415371477446
01_knn,Distancia,Gradient Boosting Classifier,1,1,0.6927085972173376
01_knn,Distancia,Gradient Boosting Classifier,0,0,0.00980447076972508
01_knn,Distancia,Gradient Boosting Classifier,0,0,0.007642149203027665
01_knn,Distancia,Gradient Boosting Classifier,0,0,0.045870517543481815
01_knn,Distancia,Gradient Boosting Classifier,1,1,0.993773538192164
01_knn,Distancia,Gradient Boosting Classifier,0,0,0.007415410751432347
01_knn,Distancia,Gradient Boosting Classifier,0,0,0.004023497244107902
01_knn,Distancia,Gradient Boosting Classifier,0,0,0.02223210328477022
01_knn,Distancia,Gradient Boosting Classifier,0,0,0.00346852955938938
01_knn,Distancia,Gradient Boosting Classifier,0,0,0.07724540520253048
01_knn,Distancia,Gradient Boosting Classifier,1,1,0.9742302082065127
01_knn,Distancia,Gradient Boosting Classifier,0,0,0.00520215119994699
01_knn,Distancia,Gradient Boosting Classifier,0,0,0.04770832532678726
01_knn,Distancia,Gradient Boosting Classifier,0,0,0.013305532628770878
01_knn,Distancia,Gradient Boosting Classifier,0,0,0.0025636597572687393
01_knn,Distancia,Gradient Boosting Classifier,0,0,0.006665021930206957
01_knn,Distancia,Gradient Boosting Classifier,0,0,0.022768707884630188
01_knn,Distancia,Gradient Boosting Classifier,1,1,0.9975689264582551
01_knn,Distancia,Gradient Boosting Classifier,0,0,0.006238083591144284
01_knn,Distancia,Gradient Boosting Classifier,0,0,0.012246704594729157
01_knn,Distancia,Gradient Boosting Classifier,0,0,0.34499058002774424
01_knn,Distancia,Gradient Boosting Classifier,0,0,0.007145408907390711
01_knn,Distancia,Gradient Boosting Classifier,0,0,0.007640284447078331
01_knn,Distancia,Gradient Boosting Classifier,0,0,0.031435989671045224
01_knn,Distancia,Gradient Boosting Classifier,1,1,0.996944191948082
01_knn,Distancia,Gradient Boosting Classifier,0,0,0.004666690084376968
01_knn,Distancia,Gradient Boosting Classifier,0,0,0.007994534885697301
01_knn,Distancia,Gradient Boosting Classifier,0,0,0.08494316462286414
01_knn,Distancia,Gradient Boosting Classifier,0,0,0.014129516355850157
01_knn,Distancia,Gradient Boosting Classifier,0,0,0.014077070160892142
01_knn,Distancia,Gradient Boosting Classifier,0,0,0.012819004104401609
01_knn,Distancia,Gradient Boosting Classifier,1,1,0.996714908156034
01_knn,Distancia,Gradient Boosting Classifier,0,0,0.004020410905917646
01_knn,Distancia,Gradient Boosting Classifier,0,0,0.012103508588994975
01_knn,Distancia,Gradient Boosting Classifier,0,0,0.00397925714674486
01_knn,Distancia,Gradient Boosting Classifier,0,0,0.003819996442222576
01_knn,Distancia,Gradient Boosting Classifier,1,1,0.9944280549284533
01_knn,Distancia,Gradient Boosting Classifier,0,0,0.008543011123705485
01_knn,Distancia,Gradient Boosting Classifier,0,0,0.02054993566978516
01_knn,Distancia,Gradient Boosting Classifier,0,0,0.03391892689749036
01_knn,Distancia,Gradient Boosting Classifier,0,0,0.0026800090355082445
01_knn,Distancia,Gradient Boosting Classifier,0,0,0.02864996199419772
01_knn,Distancia,Gradient Boosting Classifier,1,1,0.995225269499397
01_knn,Distancia,Gradient Boosting Classifier,0,0,0.1533445045603472
01_knn,Distancia,Gradient Boosting Classifier,0,0,0.00468209858718088
01_knn,Distancia,Gradient Boosting Classifier,1,1,0.9943815589387738
01_knn,Distancia,Gradient Boosting Classifier,0,0,0.033437621102956276
01_knn,Distancia,Gradient Boosting Classifier,0,0,0.006876021368497757
01_knn,Distancia,Gradient Boosting Classifier,0,0,0.00592057478653317
01_knn,Distancia,Gradient Boosting Classifier,0,0,0.02870150832778881
01_knn,Distancia,Gradient Boosting Classifier,0,0,0.00371162365854071
01_knn,Distancia,Gradient Boosting Classifier,0,0,0.020541126362881718
01_knn,Distancia,Gradient Boosting Classifier,0,0,0.005414280478903002
01_knn,Distancia,Gradient Boosting Classifier,1,1,0.9954605794247217
01_knn,Distancia,Gradient Boosting Classifier,0,0,0.005270712491391562
01_knn,Distancia,Gradient Boosting Classifier,0,0,0.005322556920004498
01_knn,Distancia,Gradient Boosting Classifier,1,1,0.9666768295727913
01_knn,Distancia,Gradient Boosting Classifier,0,0,0.002874554439553108
01_knn,Distancia,Gradient Boosting Classifier,0,0,0.019926325474775627
01_knn,Distancia,Gradient Boosting Classifier,1,1,0.9884444869500273
01_knn,Distancia,Gradient Boosting Classifier,0,0,0.03432470347070152
01_knn,Distancia,Gradient Boosting Classifier,1,0,0.03428656914135759
01_knn,Distancia,Gradient Boosting Classifier,0,0,0.004275534817934244
01_knn,Distancia,Gradient Boosting Classifier,0,0,0.05717065614286524
01_knn,Distancia,Gradient Boosting Classifier,0,0,0.08474938688687413
01_knn,Distancia,Gradient Boosting Classifier,0,0,0.019192069221919256
01_knn,Distancia,Gradient Boosting Classifier,1,1,0.9938190567919816
01_knn,Distancia,Gradient Boosting Classifier,1,1,0.995167733874872
01_knn,Distancia,Gradient Boosting Classifier,0,0,0.00676138681075391
01_knn,Distancia,Gradient Boosting Classifier,0,0,0.015252294061403545
01_knn,Distancia,Gradient Boosting Classifier,0,0,0.010198344730909872
01_knn,Distancia,Gradient Boosting Classifier,0,0,0.005812090400072022
01_knn,Distancia,Gradient Boosting Classifier,0,0,0.034795161597469024
01_knn,Distancia,Gradient Boosting Classifier,0,0,0.013638828877242217
01_knn,Distancia,Gradient Boosting Classifier,0,0,0.03342454665678866
01_knn,Distancia,Gradient Boosting Classifier,1,0,0.02117297506412253
01_knn,Distancia,Gradient Boosting Classifier,0,0,0.005964759907346598
01_knn,Distancia,Gradient Boosting Classifier,0,0,0.023874290793537634
01_knn,Distancia,Gradient Boosting Classifier,0,0,0.007481571667002484
01_knn,Distancia,Gradient Boosting Classifier,0,0,0.10966620656137921
01_knn,Distancia,Gradient Boosting Classifier,0,0,0.010243623297193678
01_knn,Distancia,Gradient Boosting Classifier,0,0,0.35456392955742466
01_knn,Distancia,Gradient Boosting Classifier,0,0,0.006744840128479382
01_knn,Distancia,Gradient Boosting Classifier,0,0,0.036051569924649834
01_knn,Distancia,Gradient Boosting Classifier,1,1,0.994723349148215
01_knn,Distancia,Gradient Boosting Classifier,0,0,0.0034087994777960845
01_knn,Distancia,Gradient Boosting Classifier,0,0,0.00564821788075806
01_knn,Distancia,Gradient Boosting Classifier,0,0,0.011249631714085764
01_knn,Distancia,Gradient Boosting Classifier,0,0,0.006124728843588478
01_knn,Distancia,Gradient Boosting Classifier,0,0,0.02865755411835522
01_knn,Distancia,Gradient Boosting Classifier,0,0,0.005807217708821445
01_knn,Distancia,Gradient Boosting Classifier,0,0,0.017955527658045325
01_knn,Distancia,Gradient Boosting Classifier,0,0,0.018453984667518655
01_knn,Distancia,Gradient Boosting Classifier,0,0,0.02655571975192728
01_knn,Distancia,Gradient Boosting Classifier,0,0,0.130623870918709
01_knn,Distancia,Gradient Boosting Classifier,1,0,0.13783268772793622
01_knn,Distancia,Gradient Boosting Classifier,1,1,0.9974082458392622
01_knn,Distancia,Gradient Boosting Classifier,1,1,0.9893991851491848
01_knn,Distancia,Gradient Boosting Classifier,1,1,0.9977612623189424
01_knn,Distancia,Gradient Boosting Classifier,0,1,0.8410199464627225
01_knn,Distancia,Gradient Boosting Classifier,0,0,0.09917315098239297
01_knn,Distancia,Gradient Boosting Classifier,0,0,0.00585684739426158
01_knn,Distancia,Gradient Boosting Classifier,0,0,0.013071114782413022
01_knn,Distancia,Gradient Boosting Classifier,0,0,0.008950380014537615
01_knn,Distancia,Gradient Boosting Classifier,0,0,0.005393722052411705
01_knn,Distancia,Gradient Boosting Classifier,0,0,0.09694184447939143
01_knn,Distancia,Gradient Boosting Classifier,0,0,0.0353275166253715
01_knn,Distancia,Gradient Boosting Classifier,0,0,0.009902497549955513
01_knn,Distancia,Gradient Boosting Classifier,0,0,0.03907130255708947
01_knn,Distancia,Gradient Boosting Classifier,0,0,0.04606297340642834
01_knn,Distancia,Gradient Boosting Classifier,1,1,0.9862650982669543
01_knn,Distancia,Gradient Boosting Classifier,1,1,0.9956244514837588
01_knn,Distancia,Gradient Boosting Classifier,0,0,0.004630058038352583
01_knn,Distancia,Gradient Boosting Classifier,1,1,0.9783972877391552
01_knn,Distancia,Gradient Boosting Classifier,0,0,0.0027035041847743935
01_knn,Distancia,Gradient Boosting Classifier,1,1,0.9691072267763653
01_knn,Distancia,Gradient Boosting Classifier,0,0,0.006108817749546319
01_knn,Distancia,Gradient Boosting Classifier,0,0,0.004059881453380199
01_knn,Distancia,Gradient Boosting Classifier,0,0,0.006665978456720475
01_knn,Distancia,Gradient Boosting Classifier,1,1,0.9890047008323339
01_knn,Distancia,Gradient Boosting Classifier,0,0,0.009293810466343809
01_knn,Distancia,Gradient Boosting Classifier,0,0,0.053583833458697744
01_knn,Distancia,Gradient Boosting Classifier,0,0,0.007885452238249565
01_knn,Distancia,Gradient Boosting Classifier,0,0,0.0702026137761336
01_knn,Distancia,Gradient Boosting Classifier,0,0,0.34499058002774424
01_knn,Distancia,Gradient Boosting Classifier,0,0,0.00486102416617739
01_knn,Distancia,Gradient Boosting Classifier,0,0,0.03521874779498165
01_knn,Distancia,Gradient Boosting Classifier,0,0,0.007089343499341586
01_knn,Distancia,Gradient Boosting Classifier,0,0,0.007298653953743775
01_knn,Distancia,Gradient Boosting Classifier,0,0,0.03979047767266633
01_knn,Distancia,Gradient Boosting Classifier,1,1,0.9978756251522404
01_knn,Distancia,Gradient Boosting Classifier,0,0,0.010934773550112223
01_knn,Distancia,Gradient Boosting Classifier,0,0,0.012245933746104797
01_knn,Distancia,Gradient Boosting Classifier,1,1,0.9965573454143648
01_knn,Distancia,Gradient Boosting Classifier,0,0,0.026936006718091175
01_knn,Distancia,Gradient Boosting Classifier,1,1,0.9957107315289266
01_knn,Distancia,Gradient Boosting Classifier,0,0,0.0064989556799032264
01_knn,Distancia,Gradient Boosting Classifier,0,0,0.02295895124310014
01_knn,Distancia,Gradient Boosting Classifier,0,0,0.03688367487062801
01_knn,Distancia,Gradient Boosting Classifier,0,0,0.19869143953506468
01_knn,Distancia,Gradient Boosting Classifier,0,0,0.026182561516109773
01_knn,Distancia,Gradient Boosting Classifier,0,0,0.004941109937751551
01_knn,Distancia,Gradient Boosting Classifier,0,0,0.012867060277670707
01_knn,Distancia,Gradient Boosting Classifier,1,1,0.9963359301371526
01_knn,Distancia,Gradient Boosting Classifier,0,0,0.005010086074581636
01_knn,Distancia,Gradient Boosting Classifier,0,0,0.006492875799137243
01_knn,Distancia,Gradient Boosting Classifier,0,0,0.004478562978994937
01_knn,Distancia,Gradient Boosting Classifier,1,1,0.9929688569580873
01_knn,Distancia,Gradient Boosting Classifier,0,0,0.012739949906282183
01_knn,Distancia,Gradient Boosting Classifier,0,0,0.005436060045679318
01_knn,Distancia,Gradient Boosting Classifier,0,0,0.014421607527085475
01_knn,Distancia,Gradient Boosting Classifier,0,0,0.03432470347070152
01_knn,Distancia,Gradient Boosting Classifier,0,0,0.0038675825480363247
01_knn,Distancia,Gradient Boosting Classifier,1,1,0.99626374035855
01_knn,Distancia,Gradient Boosting Classifier,0,0,0.02239534799814476
01_knn,Distancia,Gradient Boosting Classifier,1,1,0.9342530209876597
01_knn,Distancia,Gradient Boosting Classifier,1,1,0.9966099483284298
01_knn,Distancia,Gradient Boosting Classifier,0,0,0.03840634721187308
01_knn,Distancia,Gradient Boosting Classifier,0,0,0.05289406895419333
01_knn,Distancia,Gradient Boosting Classifier,0,0,0.004490342032511805
01_knn,Distancia,Gradient Boosting Classifier,0,0,0.004588575940151592
01_knn,Distancia,Gradient Boosting Classifier,1,1,0.9962186707893528
01_knn,Distancia,Gradient Boosting Classifier,0,0,0.006130517189148459
01_knn,Distancia,Gradient Boosting Classifier,1,1,0.6843752075341224
01_knn,Distancia,Gradient Boosting Classifier,0,0,0.006108817749546319
01_knn,Distancia,Gradient Boosting Classifier,0,0,0.003169225771439695
01_knn,Distancia,Gradient Boosting Classifier,0,0,0.0047761004430799435
01_knn,Distancia,Gradient Boosting Classifier,0,0,0.11667491988748316
01_knn,Distancia,Gradient Boosting Classifier,1,1,0.994495073464797
01_knn,Distancia,Gradient Boosting Classifier,0,1,0.6525674178016663
01_knn,Distancia,Gradient Boosting Classifier,0,0,0.008307486768411315
01_knn,Distancia,Gradient Boosting Classifier,0,0,0.002086513341619477
01_knn,Distancia,Gradient Boosting Classifier,0,0,0.005184989276641215
01_knn,Distancia,Gradient Boosting Classifier,0,0,0.010111046660172573
01_knn,Distancia,Gradient Boosting Classifier,0,0,0.37153385428615726
01_knn,Distancia,Gradient Boosting Classifier,1,1,0.7412947660369957
01_knn,Distancia,Gradient Boosting Classifier,0,0,0.005980179531642518
01_knn,Distancia,Gradient Boosting Classifier,0,0,0.012151085386075426
01_knn,Distancia,Gradient Boosting Classifier,0,0,0.00613843599832357
01_knn,Distancia,Gradient Boosting Classifier,0,0,0.08120600082607772
01_knn,Distancia,Gradient Boosting Classifier,0,0,0.004615397836335987
01_knn,Distancia,Gradient Boosting Classifier,0,0,0.006744840128479382
01_knn,Distancia,Gradient Boosting Classifier,0,0,0.028482235761622
01_knn,Distancia,Gradient Boosting Classifier,0,0,0.09821323654390701
01_knn,Distancia,Gradient Boosting Classifier,1,1,0.9977017216826
01_knn,Distancia,Gradient Boosting Classifier,0,0,0.0048401125212384445
01_knn,Distancia,Gradient Boosting Classifier,0,0,0.005069797828165786
01_knn,Distancia,Gradient Boosting Classifier,0,0,0.07833872184282369
01_knn,Distancia,Gradient Boosting Classifier,0,0,0.3562050825670871
01_knn,Distancia,Gradient Boosting Classifier,1,1,0.9937988878754286
01_knn,Distancia,Gradient Boosting Classifier,0,0,0.017559350206853883
01_knn,Distancia,Gradient Boosting Classifier,1,1,0.9777466396645583
01_knn,Distancia,Gradient Boosting Classifier,0,0,0.006226501241882315
01_knn,Distancia,Gradient Boosting Classifier,0,0,0.02200078601072417
01_knn,Distancia,Gradient Boosting Classifier,0,0,0.009259937947285954
01_knn,Distancia,Gradient Boosting Classifier,1,0,0.1281174568098009
01_knn,Distancia,Gradient Boosting Classifier,0,0,0.0037020543064717544
01_knn,Distancia,Gradient Boosting Classifier,1,1,0.9978447970125945
01_knn,Distancia,Gradient Boosting Classifier,0,0,0.0021871911306252352
01_knn,Distancia,Gradient Boosting Classifier,0,0,0.011099152351578328
01_knn,Distancia,Gradient Boosting Classifier,0,0,0.019455180851421963
01_knn,Distancia,Gradient Boosting Classifier,1,1,0.9065646427658672
01_knn,Distancia,Gradient Boosting Classifier,0,0,0.0020389091745256155
01_knn,Distancia,Gradient Boosting Classifier,0,0,0.006226501241882315
01_knn,Distancia,Gradient Boosting Classifier,0,0,0.024645896709115073
01_knn,Distancia,Gradient Boosting Classifier,0,0,0.019488531374637352
01_knn,Distancia,Gradient Boosting Classifier,0,0,0.00638429572585429
01_knn,Distancia,Gradient Boosting Classifier,0,0,0.003762361602374742
01_knn,Distancia,Gradient Boosting Classifier,0,0,0.005427684200119563
01_knn,Distancia,Gradient Boosting Classifier,0,0,0.002671008867122225
01_knn,Distancia,Gradient Boosting Classifier,0,0,0.020409060791651366
01_knn,Distancia,Gradient Boosting Classifier,1,1,0.9980525211341124
01_knn,Distancia,Gradient Boosting Classifier,0,0,0.10492496065993401
01_knn,Distancia,Gradient Boosting Classifier,0,0,0.15415062442291824
01_knn,Distancia,Gradient Boosting Classifier,1,1,0.8450049414399566
01_knn,Distancia,Gradient Boosting Classifier,0,0,0.05717065614286524
01_knn,Distancia,Gradient Boosting Classifier,0,0,0.008725725873199983
01_knn,Distancia,Gradient Boosting Classifier,0,0,0.04585195269200674
01_knn,Distancia,Gradient Boosting Classifier,1,1,0.9183236851094393
01_knn,Distancia,Gradient Boosting Classifier,1,1,0.9814891236946558
01_knn,Distancia,Gradient Boosting Classifier,1,1,0.9827198289928379
01_knn,Distancia,Gradient Boosting Classifier,0,0,0.005089171775489543
01_knn,Distancia,Gradient Boosting Classifier,0,0,0.003711748633727898
01_knn,Distancia,Gradient Boosting Classifier,0,0,0.006331204554948081
01_knn,Distancia,Gradient Boosting Classifier,0,0,0.008685379232230388
01_knn,Distancia,Gradient Boosting Classifier,1,1,0.9928054565292417
01_knn,Distancia,Gradient Boosting Classifier,0,0,0.005673299917597807
01_knn,Distancia,Gradient Boosting Classifier,1,1,0.9969573602220726
01_knn,Distancia,Gradient Boosting Classifier,0,0,0.016895225650378494
01_knn,Distancia,Gradient Boosting Classifier,0,0,0.0044952507025337995
01_knn,Distancia,Gradient Boosting Classifier,1,1,0.9955292616425576
01_knn,Distancia,Gradient Boosting Classifier,0,0,0.004572761303339149
01_knn,Distancia,Gradient Boosting Classifier,0,0,0.004849353971350611
01_knn,Distancia,Gradient Boosting Classifier,0,0,0.023989663528591033
01_knn,Distancia,Gradient Boosting Classifier,0,0,0.02917339529323999
01_knn,Distancia,Gradient Boosting Classifier,0,0,0.005067697305776901
01_knn,Distancia,Gradient Boosting Classifier,0,1,0.5866477672266818
01_knn,Distancia,Gradient Boosting Classifier,0,0,0.0029430741699750687
01_knn,Distancia,Gradient Boosting Classifier,0,0,0.010198181137510384
01_knn,Distancia,Gradient Boosting Classifier,0,0,0.012759793990308792
01_knn,Distancia,Gradient Boosting Classifier,0,0,0.005067697305776901
01_knn,Distancia,Gradient Boosting Classifier,1,1,0.985423015886384
01_knn,Distancia,Gradient Boosting Classifier,0,0,0.006075709832143126
01_knn,Distancia,Gradient Boosting Classifier,0,0,0.006744840128479382
01_knn,Distancia,Gradient Boosting Classifier,0,0,0.0037851114084133503
01_knn,Distancia,Gradient Boosting Classifier,0,0,0.006108817749546319
01_knn,Distancia,Gradient Boosting Classifier,0,0,0.007094788438758007
01_knn,Distancia,Gradient Boosting Classifier,1,0,0.33773204933309603
01_knn,Distancia,Gradient Boosting Classifier,0,0,0.018718982469137876
01_knn,Distancia,Gradient Boosting Classifier,0,0,0.005331096024448067
01_knn,Distancia,Gradient Boosting Classifier,1,1,0.9976718245254859
01_knn,Distancia,Gradient Boosting Classifier,0,0,0.00279177223756537
01_knn,Distancia,Gradient Boosting Classifier,0,0,0.004609718349959959
01_knn,Distancia,Gradient Boosting Classifier,0,0,0.0022837258832238356
01_knn,Distancia,Gradient Boosting Classifier,0,0,0.001234397371813961
01_knn,Distancia,Gradient Boosting Classifier,0,0,0.01408164778755408
01_knn,Distancia,Gradient Boosting Classifier,1,1,0.991167303343305
01_knn,Distancia,Gradient Boosting Classifier,1,1,0.995596912891767
01_knn,Distancia,Gradient Boosting Classifier,1,1,0.8382294983576155
01_knn,Distancia,Gradient Boosting Classifier,0,0,0.09742127852621132
01_knn,Distancia,Gradient Boosting Classifier,1,1,0.9610137979258045
01_knn,Distancia,Gradient Boosting Classifier,0,0,0.009632770135406324
01_knn,Distancia,Gradient Boosting Classifier,1,1,0.9863141187475486
01_knn,Distancia,Gradient Boosting Classifier,0,0,0.03210409561643683
01_knn,Distancia,Gradient Boosting Classifier,1,1,0.9408028631643716
01_knn,Distancia,Gradient Boosting Classifier,0,0,0.003984236306664951
01_knn,Distancia,Gradient Boosting Classifier,1,0,0.041751179245074065
01_knn,Distancia,Gradient Boosting Classifier,0,0,0.01660737290309642
01_knn,Distancia,Gradient Boosting Classifier,0,0,0.09406132267782062
01_knn,Distancia,Gradient Boosting Classifier,1,0,0.48955514935030703
01_knn,Distancia,Gradient Boosting Classifier,0,0,0.0038890298782628023
01_knn,Distancia,Gradient Boosting Classifier,1,1,0.9851792708606449
01_knn,Distancia,Gradient Boosting Classifier,1,1,0.9965531411812639
01_knn,Distancia,Gradient Boosting Classifier,0,0,0.06779742260866246
01_knn,Distancia,Gradient Boosting Classifier,0,0,0.009238632734809587
01_knn,Distancia,Gradient Boosting Classifier,0,0,0.013846643843212544
01_knn,Distancia,Gradient Boosting Classifier,0,0,0.005560700843181372
01_knn,Distancia,Gradient Boosting Classifier,0,0,0.01672058475546005
01_knn,Distancia,Gradient Boosting Classifier,1,1,0.957548177599819
01_knn,Distancia,Gradient Boosting Classifier,1,1,0.8104273672893022
01_knn,Distancia,Gradient Boosting Classifier,0,0,0.004478583334913828
01_knn,Distancia,Gradient Boosting Classifier,0,0,0.06387471493983579
01_knn,Distancia,Gradient Boosting Classifier,0,1,0.7489214735111408
01_knn,Distancia,Gradient Boosting Classifier,0,0,0.11643146217661879
01_knn,Distancia,Gradient Boosting Classifier,0,0,0.004025884361149328
01_knn,Distancia,Gradient Boosting Classifier,1,1,0.9791302489774572
01_knn,Distancia,Gradient Boosting Classifier,1,1,0.9954486136558515
01_knn,Distancia,Gradient Boosting Classifier,1,1,0.9962066798209934
01_knn,Distancia,Gradient Boosting Classifier,0,0,0.010550606738890996
01_knn,Distancia,Gradient Boosting Classifier,0,0,0.00431323053285422
01_knn,Distancia,Gradient Boosting Classifier,0,0,0.004198122875179885
01_knn,Distancia,Gradient Boosting Classifier,1,1,0.9956598460164579
01_knn,Distancia,Gradient Boosting Classifier,0,0,0.004318900288365543
01_knn,Distancia,Gradient Boosting Classifier,1,1,0.9759726326222676
01_knn,Distancia,Gradient Boosting Classifier,0,0,0.03828799751470207
01_knn,Distancia,Gradient Boosting Classifier,0,0,0.02422938046732093
01_knn,Distancia,Gradient Boosting Classifier,1,1,0.5743559806871256
01_knn,Distancia,Gradient Boosting Classifier,1,1,0.9958913035969179
01_knn,Distancia,Gradient Boosting Classifier,1,1,0.9742197657812045
01_knn,Distancia,Gradient Boosting Classifier,0,0,0.0054375182449241805
01_knn,Distancia,Gradient Boosting Classifier,1,1,0.998434468746849
01_knn,Distancia,Gradient Boosting Classifier,0,0,0.004047640453213859
01_knn,Distancia,Gradient Boosting Classifier,0,0,0.014251373113843457
01_knn,Distancia,Gradient Boosting Classifier,1,1,0.9975183714961317
01_knn,Distancia,Gradient Boosting Classifier,0,0,0.006425032713928892
01_knn,Distancia,Gradient Boosting Classifier,0,0,0.0063487574578530975
01_knn,Distancia,Gradient Boosting Classifier,0,0,0.06421137981373279
01_knn,Distancia,Gradient Boosting Classifier,0,0,0.003619009294830235
01_knn,Distancia,Gradient Boosting Classifier,0,0,0.005002663640448298
01_knn,Distancia,Gradient Boosting Classifier,0,0,0.06990326296399126
01_knn,Distancia,Gradient Boosting Classifier,0,0,0.008170245071981419
01_knn,Distancia,Gradient Boosting Classifier,0,0,0.012816389654339778
01_knn,Distancia,Gradient Boosting Classifier,1,1,0.9759530711175906
01_knn,Distancia,Gradient Boosting Classifier,0,0,0.003904888275141659
01_knn,Distancia,Gradient Boosting Classifier,0,0,0.017599248184886524
01_knn,Distancia,Gradient Boosting Classifier,0,0,0.10542793765774777
01_knn,Distancia,Gradient Boosting Classifier,0,0,0.047029457404630055
01_knn,Distancia,Gradient Boosting Classifier,1,1,0.9943299497119266
01_knn,Distancia,Gradient Boosting Classifier,0,0,0.004454803130202423
01_knn,Distancia,Gradient Boosting Classifier,0,0,0.006786101057202478
01_knn,Distancia,Gradient Boosting Classifier,1,1,0.985249113550928
01_knn,Distancia,Gradient Boosting Classifier,0,0,0.004232916365430577
01_knn,Distancia,Gradient Boosting Classifier,0,0,0.016895225650378494
01_knn,Distancia,Gradient Boosting Classifier,0,0,0.005827852101629334
01_knn,Distancia,Gradient Boosting Classifier,1,1,0.9722488940997652
01_knn,Distancia,Gradient Boosting Classifier,1,1,0.9939766226423564
01_knn,Distancia,Gradient Boosting Classifier,1,1,0.9935069651420368
01_knn,Distancia,Gradient Boosting Classifier,0,0,0.0027602704100397188
01_knn,Distancia,Gradient Boosting Classifier,0,0,0.0038499154055601204
01_knn,Distancia,Gradient Boosting Classifier,0,0,0.05997306145225361
01_knn,Distancia,Gradient Boosting Classifier,0,0,0.08300139337659343
01_knn,Distancia,Gradient Boosting Classifier,1,0,0.04912841408640123
01_knn,Distancia,Gradient Boosting Classifier,1,1,0.9977017216826
01_knn,Distancia,Gradient Boosting Classifier,0,0,0.03164453590086052
01_knn,Distancia,Gradient Boosting Classifier,0,0,0.037596703588435004
01_knn,Distancia,Gradient Boosting Classifier,0,0,0.003592248015032397
01_knn,Distancia,Gradient Boosting Classifier,1,1,0.9971312987496241
01_knn,Distancia,Gradient Boosting Classifier,0,0,0.003725589573229381
01_knn,Distancia,Gradient Boosting Classifier,0,0,0.03857296370141945
01_knn,Distancia,Gradient Boosting Classifier,1,1,0.9873406408795846
01_knn,Distancia,Gradient Boosting Classifier,0,0,0.006239371676598417
01_knn,Distancia,Gradient Boosting Classifier,0,0,0.012806121419911276
01_knn,Distancia,Gradient Boosting Classifier,0,0,0.03218114409012403
01_knn,Distancia,Gradient Boosting Classifier,0,0,0.005453446650252291
01_knn,Distancia,Gradient Boosting Classifier,0,0,0.015724005122067987
01_knn,Distancia,Gradient Boosting Classifier,0,0,0.006187397443881727
01_knn,Distancia,Gradient Boosting Classifier,1,1,0.9966497456534371
01_knn,Distancia,Gradient Boosting Classifier,0,0,0.035940911455702426
01_knn,Distancia,Gradient Boosting Classifier,0,1,0.6998756293172201
01_knn,Distancia,Gradient Boosting Classifier,0,0,0.013555754851827626
01_knn,Distancia,Gradient Boosting Classifier,0,0,0.012349907950605386
01_knn,Distancia,Gradient Boosting Classifier,0,0,0.0032474179026961026
01_knn,Distancia,Gradient Boosting Classifier,0,0,0.014940705926310605
01_knn,Distancia,Gradient Boosting Classifier,1,1,0.9471918954560753
01_knn,Distancia,Gradient Boosting Classifier,0,0,0.007093246582224912
01_knn,Distancia,Gradient Boosting Classifier,0,0,0.003703886646917763
01_knn,Distancia,Gradient Boosting Classifier,0,0,0.00412009897824006
01_knn,Distancia,Gradient Boosting Classifier,0,0,0.0032609724968045753
01_knn,Distancia,Gradient Boosting Classifier,0,0,0.04459951529602231
01_knn,Distancia,Gradient Boosting Classifier,1,1,0.9943828523469673
01_knn,Distancia,Gradient Boosting Classifier,0,0,0.0038962698299380726
01_knn,Distancia,Gradient Boosting Classifier,0,0,0.006744840128479382
01_knn,Distancia,Gradient Boosting Classifier,0,0,0.08081228737792003
01_knn,Distancia,Gradient Boosting Classifier,0,0,0.022078495292592686
01_knn,Distancia,Gradient Boosting Classifier,0,0,0.04527642435468
01_knn,Distancia,Gradient Boosting Classifier,0,0,0.005770526571009391
01_knn,Distancia,Gradient Boosting Classifier,0,0,0.01455366355518248
01_knn,Distancia,Gradient Boosting Classifier,0,0,0.016429170068257563
01_knn,Distancia,Gradient Boosting Classifier,0,0,0.004773598755091698
01_knn,Distancia,Gradient Boosting Classifier,0,0,0.006025237748524318
01_knn,Distancia,Gradient Boosting Classifier,0,0,0.010584895001619226
01_knn,Distancia,Gradient Boosting Classifier,0,0,0.0034770452370407896
01_knn,Distancia,Gradient Boosting Classifier,0,0,0.006565837844158091
01_knn,Distancia,Gradient Boosting Classifier,0,0,0.01754207174375265
01_knn,Distancia,Gradient Boosting Classifier,0,0,0.010911230486125356
01_knn,Distancia,Gradient Boosting Classifier,0,0,0.0353405042006889
01_knn,Distancia,Gradient Boosting Classifier,1,1,0.9972865952235764
01_knn,Distancia,Gradient Boosting Classifier,0,0,0.004626382232096628
01_knn,Distancia,Gradient Boosting Classifier,0,0,0.004351753960764021
01_knn,Distancia,Gradient Boosting Classifier,1,1,0.9952413076747009
01_knn,Distancia,Gradient Boosting Classifier,0,0,0.0031986440897105333
01_knn,Distancia,Gradient Boosting Classifier,0,0,0.00566103122089011
01_knn,Distancia,Gradient Boosting Classifier,0,0,0.013469260986816946
01_knn,Distancia,Gradient Boosting Classifier,0,0,0.024709037145943986
01_knn,Distancia,Gradient Boosting Classifier,0,1,0.5119467249448094
01_knn,Distancia,Gradient Boosting Classifier,0,0,0.00707317542749676
01_knn,Distancia,Gradient Boosting Classifier,0,0,0.010727373335214088
01_knn,Distancia,Gradient Boosting Classifier,0,0,0.021194857200349953
01_knn,Distancia,Gradient Boosting Classifier,0,0,0.04117838496794033
01_knn,Distancia,Gradient Boosting Classifier,1,1,0.9919714021343216
01_knn,Distancia,Gradient Boosting Classifier,0,0,0.035628107549575135
01_knn,Distancia,Gradient Boosting Classifier,1,1,0.9930669083411793
01_knn,Distancia,Gradient Boosting Classifier,1,1,0.993773538192164
01_knn,Distancia,Gradient Boosting Classifier,0,0,0.020847137015873526
01_knn,Distancia,Gradient Boosting Classifier,1,1,0.9820753851698948
01_knn,Distancia,Gradient Boosting Classifier,0,0,0.013351832020416924
01_knn,Distancia,Gradient Boosting Classifier,1,1,0.9736388115440038
01_knn,Distancia,Gradient Boosting Classifier,1,1,0.9946775785826969
01_knn,Distancia,Gradient Boosting Classifier,1,1,0.9949779385568776
01_knn,Distancia,Gradient Boosting Classifier,0,0,0.007251335976214257
01_knn,Distancia,Gradient Boosting Classifier,1,1,0.5330464262612942
01_knn,Distancia,Gradient Boosting Classifier,0,0,0.1497636573238465
01_knn,Distancia,Gradient Boosting Classifier,0,0,0.008143452875743645
01_knn,Distancia,Gradient Boosting Classifier,0,0,0.0035120841100642133
01_knn,Distancia,Gradient Boosting Classifier,0,0,0.005228965914287321
01_knn,Distancia,Gradient Boosting Classifier,0,0,0.004332605511693325
01_knn,Distancia,Gradient Boosting Classifier,0,0,0.00406455090192135
01_knn,Distancia,Gradient Boosting Classifier,0,0,0.02227347703541931
01_knn,Distancia,Gradient Boosting Classifier,0,0,0.004966111655819018
01_knn,Distancia,Gradient Boosting Classifier,1,1,0.9856997152913077
01_knn,Distancia,Gradient Boosting Classifier,0,0,0.021768106149868807
01_knn,Distancia,Gradient Boosting Classifier,0,0,0.00354289253325921
01_knn,Distancia,Gradient Boosting Classifier,0,0,0.061744169460722094
01_knn,Distancia,Gradient Boosting Classifier,1,1,0.9823616721872734
01_knn,Distancia,Gradient Boosting Classifier,0,0,0.05646306345102259
01_knn,Distancia,Gradient Boosting Classifier,1,1,0.5240295177507941
01_knn,Distancia,Gradient Boosting Classifier,0,0,0.00375067788893243
01_knn,Distancia,Gradient Boosting Classifier,1,1,0.9862650982669543
01_knn,Distancia,Gradient Boosting Classifier,0,0,0.049274516493413356
01_knn,Distancia,Gradient Boosting Classifier,0,0,0.004750383535638275
01_knn,Distancia,Gradient Boosting Classifier,1,1,0.9931215991776238
01_knn,Distancia,Gradient Boosting Classifier,0,0,0.0275193278749234
01_knn,Distancia,Gradient Boosting Classifier,0,0,0.0027031577122298826
01_knn,Distancia,Gradient Boosting Classifier,1,1,0.9954505937958957
01_knn,Distancia,Gradient Boosting Classifier,0,0,0.004667590056762021
01_knn,Distancia,Gradient Boosting Classifier,0,0,0.004596955968532789
01_knn,Distancia,Gradient Boosting Classifier,0,0,0.04093944229664691
01_knn,Distancia,Gradient Boosting Classifier,0,0,0.007231327993374598
01_knn,Distancia,Gradient Boosting Classifier,1,1,0.9874191974450545
01_knn,Distancia,Gradient Boosting Classifier,0,0,0.01593229829708838
01_knn,Distancia,Gradient Boosting Classifier,0,0,0.0681023422217223
01_knn,Distancia,Gradient Boosting Classifier,0,0,0.1260830497710941
01_knn,Distancia,Gradient Boosting Classifier,0,0,0.0026874371409456354
01_knn,Distancia,Gradient Boosting Classifier,1,1,0.9793527924828046
01_knn,Distancia,Gradient Boosting Classifier,0,0,0.02645520968756622
01_knn,Distancia,Gradient Boosting Classifier,0,0,0.004259710293807847
01_knn,Distancia,Gradient Boosting Classifier,0,0,0.008101255373486247
01_knn,Distancia,Gradient Boosting Classifier,1,1,0.9970498291413298
01_knn,Distancia,Gradient Boosting Classifier,0,0,0.002366401073236395
01_knn,Distancia,Gradient Boosting Classifier,1,1,0.9965536533801506
01_knn,Distancia,Gradient Boosting Classifier,0,0,0.012291559212332574
01_knn,Distancia,Gradient Boosting Classifier,0,0,0.0017543427263666278
01_knn,Distancia,Gradient Boosting Classifier,0,0,0.002884430912862045
01_knn,Distancia,Gradient Boosting Classifier,0,0,0.011524368363817136
01_knn,Distancia,Gradient Boosting Classifier,0,0,0.0071138452874143785
01_knn,Distancia,Gradient Boosting Classifier,1,1,0.9894280811776682
01_knn,Distancia,Gradient Boosting Classifier,0,0,0.007635604941396372
01_knn,Distancia,Gradient Boosting Classifier,1,1,0.99734185927756
01_knn,Distancia,Gradient Boosting Classifier,0,0,0.025266366748758075
01_knn,Distancia,Gradient Boosting Classifier,1,1,0.9201978541045646
01_knn,Distancia,Gradient Boosting Classifier,0,0,0.05442155324069771
01_knn,Distancia,Gradient Boosting Classifier,1,1,0.9968960783525247
01_knn,Distancia,Gradient Boosting Classifier,1,1,0.9964732687564837
01_knn,Distancia,Gradient Boosting Classifier,0,0,0.14035714739321942
01_knn,Distancia,Gradient Boosting Classifier,0,0,0.003436420065076533
01_knn,Distancia,Gradient Boosting Classifier,1,1,0.9988034163251571
01_knn,Distancia,Gradient Boosting Classifier,0,0,0.004652249877373517
01_knn,Distancia,Gradient Boosting Classifier,0,0,0.0027542401973182137
01_knn,Distancia,Gradient Boosting Classifier,0,0,0.004832634876189447
01_knn,Distancia,Gradient Boosting Classifier,0,0,0.014786751484747073
01_knn,Distancia,Gradient Boosting Classifier,1,1,0.9946818099773158
01_knn,Distancia,Gradient Boosting Classifier,1,1,0.995571704609372
01_knn,Distancia,Gradient Boosting Classifier,0,0,0.0034283175005327487
01_knn,Distancia,Gradient Boosting Classifier,0,0,0.006130517189148459
01_knn,Distancia,Gradient Boosting Classifier,1,1,0.983144964969049
01_knn,Distancia,Gradient Boosting Classifier,0,0,0.004615047545655462
01_knn,Distancia,Gradient Boosting Classifier,0,0,0.005167054811805959
01_knn,Distancia,Gradient Boosting Classifier,1,1,0.9863441572368696
01_knn,Distancia,Gradient Boosting Classifier,1,1,0.9949324543616007
01_knn,Distancia,Gradient Boosting Classifier,0,0,0.004629676541879081
01_knn,Distancia,Gradient Boosting Classifier,1,1,0.9959444264418088
01_knn,Distancia,Gradient Boosting Classifier,0,0,0.011126919608190199
01_knn,Distancia,Gradient Boosting Classifier,1,1,0.9973735768850442
01_knn,Distancia,Gradient Boosting Classifier,0,0,0.018115863592451025
01_knn,Distancia,Gradient Boosting Classifier,0,0,0.015102306673379268
01_knn,Distancia,Gradient Boosting Classifier,0,0,0.0037020543064717544
01_knn,Distancia,Gradient Boosting Classifier,0,0,0.03475012175748951
01_knn,Distancia,Gradient Boosting Classifier,0,0,0.01233737080313792
01_knn,Distancia,Gradient Boosting Classifier,0,0,0.0038003241804410977
01_knn,Distancia,Gradient Boosting Classifier,1,1,0.983144964969049
01_knn,Distancia,Gradient Boosting Classifier,0,0,0.038121387370415025
01_knn,Distancia,Gradient Boosting Classifier,0,0,0.00882050980743384
01_knn,Distancia,Gradient Boosting Classifier,0,0,0.004561901494826874
01_knn,Distancia,Gradient Boosting Classifier,1,1,0.9959168653685335
01_knn,Distancia,Gradient Boosting Classifier,1,1,0.9962895651622564
01_knn,Distancia,Gradient Boosting Classifier,0,0,0.0035756198351197003
01_knn,Distancia,Gradient Boosting Classifier,0,0,0.005170910510510731
01_knn,Distancia,Gradient Boosting Classifier,0,0,0.005651694041054635
01_knn,Distancia,Gradient Boosting Classifier,0,0,0.005807217708821445
01_knn,Distancia,Gradient Boosting Classifier,1,1,0.9973735768850442
01_knn,Distancia,Gradient Boosting Classifier,0,0,0.02815565653969649
01_knn,Distancia,Gradient Boosting Classifier,0,0,0.00493478664906478
01_knn,Distancia,Gradient Boosting Classifier,0,0,0.01860970990076563
01_knn,Distancia,Gradient Boosting Classifier,0,0,0.0051624503590259226
01_knn,Distancia,Gradient Boosting Classifier,0,0,0.005807217708821445
01_knn,Distancia,Gradient Boosting Classifier,0,0,0.020454487575356544
01_knn,Distancia,Gradient Boosting Classifier,0,0,0.017118208275852462
01_knn,Distancia,Gradient Boosting Classifier,0,0,0.08386937592508553
01_knn,Distancia,Gradient Boosting Classifier,0,0,0.015692901059199644
01_knn,Distancia,Gradient Boosting Classifier,0,0,0.0038000582280335593
01_knn,Distancia,Gradient Boosting Classifier,0,0,0.3562050825670871
01_knn,Distancia,Gradient Boosting Classifier,0,0,0.015745387653431732
01_knn,Distancia,Gradient Boosting Classifier,0,0,0.1814674360326305
01_knn,Distancia,Gradient Boosting Classifier,0,0,0.05668934453603236
01_knn,Distancia,Gradient Boosting Classifier,0,0,0.014086627040714334
01_knn,Distancia,Gradient Boosting Classifier,0,0,0.02172554217503311
01_knn,Distancia,Gradient Boosting Classifier,0,0,0.0027730482767058147
01_knn,Distancia,Gradient Boosting Classifier,0,0,0.0022006940119764533
01_knn,Distancia,Gradient Boosting Classifier,0,0,0.0068571770138169
01_knn,Distancia,Gradient Boosting Classifier,0,0,0.14128353633608973
01_knn,Distancia,Gradient Boosting Classifier,0,0,0.012349907950605386
01_knn,Distancia,Gradient Boosting Classifier,0,0,0.004268418801587636
01_knn,Distancia,Gradient Boosting Classifier,0,0,0.002742335304217319
01_knn,Distancia,Gradient Boosting Classifier,0,0,0.006688266541475409
01_knn,Distancia,Gradient Boosting Classifier,0,0,0.02655571975192728
01_knn,Distancia,Gradient Boosting Classifier,0,0,0.014959361345868458
01_knn,Distancia,Gradient Boosting Classifier,0,0,0.04559962568115202
01_knn,Distancia,Gradient Boosting Classifier,0,0,0.008032993589984131
01_knn,Distancia,Gradient Boosting Classifier,1,1,0.995571704609372
01_knn,Distancia,Gradient Boosting Classifier,0,0,0.007006587501640913
01_knn,Distancia,Gradient Boosting Classifier,0,0,0.012931853381540447
01_knn,Distancia,Gradient Boosting Classifier,0,0,0.027672145252932316
01_knn,Distancia,Gradient Boosting Classifier,0,0,0.006331204554948081
01_knn,Distancia,Gradient Boosting Classifier,0,0,0.004579863005456864
01_knn,Distancia,Gradient Boosting Classifier,1,0,0.1291404171172611
01_knn,Distancia,Gradient Boosting Classifier,0,0,0.010952690274663689
01_knn,Distancia,Gradient Boosting Classifier,0,0,0.00181508619630829
01_knn,Distancia,Gradient Boosting Classifier,1,1,0.9971065705560684
01_knn,Distancia,Gradient Boosting Classifier,1,1,0.9972288590316276
01_knn,Distancia,Gradient Boosting Classifier,0,0,0.006251421341363947
01_knn,Distancia,Gradient Boosting Classifier,0,0,0.012030058343611132
01_knn,Distancia,Gradient Boosting Classifier,0,0,0.004178187649449547
01_knn,Distancia,Gradient Boosting Classifier,1,1,0.995571704609372
01_knn,Distancia,Gradient Boosting Classifier,0,0,0.015327508824678813
01_knn,Distancia,Gradient Boosting Classifier,0,1,0.5955131188003959
01_knn,Distancia,Gradient Boosting Classifier,0,0,0.02404820523803357
01_knn,Distancia,Gradient Boosting Classifier,0,0,0.005941609556192519
01_knn,Distancia,Gradient Boosting Classifier,0,0,0.010357807608085898
01_knn,Distancia,Gradient Boosting Classifier,0,0,0.0034758041983983697
01_knn,Distancia,Gradient Boosting Classifier,0,0,0.01981596620459537
01_knn,Distancia,Gradient Boosting Classifier,0,0,0.007567140427023341
01_knn,Distancia,Gradient Boosting Classifier,0,0,0.15692946381662873
01_knn,Distancia,Gradient Boosting Classifier,0,0,0.009780740746942079
01_knn,Distancia,Gradient Boosting Classifier,0,0,0.0097809537260491
01_knn,Distancia,Gradient Boosting Classifier,0,0,0.04845366916390211
01_knn,Distancia,Gradient Boosting Classifier,0,0,0.007580030535367921
01_knn,Distancia,Gradient Boosting Classifier,1,1,0.9939306267491775
01_knn,Distancia,Gradient Boosting Classifier,1,1,0.9973219033869388
01_knn,Distancia,Gradient Boosting Classifier,0,0,0.04799271577664983
01_knn,Distancia,Gradient Boosting Classifier,1,1,0.9819977356315363
01_knn,Distancia,Gradient Boosting Classifier,0,0,0.02903089245172443
01_knn,Distancia,Gradient Boosting Classifier,0,0,0.005827852101629334
01_knn,Distancia,Gradient Boosting Classifier,1,1,0.992903854761918
01_knn,Distancia,Gradient Boosting Classifier,0,0,0.040250515050951376
01_knn,Distancia,Gradient Boosting Classifier,0,0,0.0317196133531862
01_knn,Distancia,Gradient Boosting Classifier,0,0,0.007261748417852379
01_knn,Distancia,Gradient Boosting Classifier,0,0,0.021646893958404387
01_knn,Distancia,Gradient Boosting Classifier,0,0,0.0035654381592845896
01_knn,Distancia,Gradient Boosting Classifier,0,0,0.024282911824322226
01_knn,Distancia,Gradient Boosting Classifier,0,0,0.213168867536391
01_knn,Distancia,Gradient Boosting Classifier,0,0,0.004732647570034047
01_knn,Distancia,Gradient Boosting Classifier,0,0,0.005677550490986468
01_knn,Distancia,Gradient Boosting Classifier,0,0,0.006366142317486795
01_knn,Distancia,Gradient Boosting Classifier,0,0,0.0262008150581634
01_knn,Distancia,Gradient Boosting Classifier,0,0,0.0027031577122298826
01_knn,Distancia,Gradient Boosting Classifier,0,0,0.05717065614286524
01_knn,Distancia,Gradient Boosting Classifier,0,0,0.0036381035154941952
01_knn,Distancia,Gradient Boosting Classifier,0,0,0.01911143608684178
01_knn,Distancia,Gradient Boosting Classifier,0,0,0.004344964306973355
01_knn,Distancia,Gradient Boosting Classifier,0,0,0.005827852101629334
01_knn,Distancia,Gradient Boosting Classifier,0,0,0.0221730794981854
01_knn,Distancia,Gradient Boosting Classifier,0,0,0.002264734404052412
01_knn,Distancia,Gradient Boosting Classifier,1,1,0.9959704654390634
01_knn,Distancia,Gradient Boosting Classifier,0,0,0.05781608607898728
01_knn,Distancia,Gradient Boosting Classifier,1,1,0.9898838101575765
01_knn,Distancia,Gradient Boosting Classifier,0,0,0.004354627043536861
01_knn,Distancia,Gradient Boosting Classifier,0,0,0.08007551703682485
01_knn,Distancia,Gradient Boosting Classifier,0,0,0.028969606525271797
01_knn,Distancia,Gradient Boosting Classifier,0,0,0.010942207351427664
01_knn,Distancia,Gradient Boosting Classifier,0,0,0.06427655009816192
01_knn,Distancia,Gradient Boosting Classifier,0,0,0.015356949711693072
01_knn,Distancia,Gradient Boosting Classifier,0,0,0.021767263563072202
01_knn,Distancia,Gradient Boosting Classifier,1,1,0.9988969357050325
01_knn,Distancia,Gradient Boosting Classifier,0,0,0.005834920836723726
01_knn,Distancia,Gradient Boosting Classifier,0,0,0.07835044641469598
01_knn,Distancia,Gradient Boosting Classifier,0,0,0.0054738790378720285
01_knn,Distancia,Gradient Boosting Classifier,1,1,0.9961258465766564
01_knn,Distancia,Gradient Boosting Classifier,0,0,0.007230417638657456
01_knn,Distancia,Gradient Boosting Classifier,1,1,0.9872644201303441
01_knn,Distancia,Gradient Boosting Classifier,0,0,0.0026468879139922175
01_knn,Distancia,Gradient Boosting Classifier,0,0,0.059572597785247795
01_knn,Distancia,Gradient Boosting Classifier,0,0,0.005905099022839508
01_knn,Distancia,Gradient Boosting Classifier,1,1,0.9954991350744482
01_knn,Distancia,Gradient Boosting Classifier,0,0,0.006890626214753772
01_knn,Distancia,Gradient Boosting Classifier,0,0,0.0038003241804410977
01_knn,Distancia,Gradient Boosting Classifier,0,0,0.010159068741130938
01_knn,Distancia,Gradient Boosting Classifier,0,0,0.004823998350387836
01_knn,Distancia,Gradient Boosting Classifier,1,1,0.8388325317877268
01_knn,Distancia,Gradient Boosting Classifier,0,0,0.0038777005679819544
01_knn,Distancia,Gradient Boosting Classifier,0,0,0.016301660504959244
01_knn,Distancia,Gradient Boosting Classifier,0,0,0.005807217708821445
01_knn,Distancia,Gradient Boosting Classifier,1,1,0.9955490432304519
01_knn,Distancia,Gradient Boosting Classifier,0,0,0.03498240971566108
01_knn,Distancia,Gradient Boosting Classifier,0,0,0.005132165161513056
01_knn,Distancia,Gradient Boosting Classifier,1,1,0.9938960920491344
01_knn,Distancia,Gradient Boosting Classifier,0,0,0.0026341661239156766
01_knn,Distancia,Gradient Boosting Classifier,0,0,0.032878660825036814
01_knn,Distancia,Gradient Boosting Classifier,1,1,0.9949324543616007
01_knn,Distancia,Gradient Boosting Classifier,1,1,0.9948705795266966
01_knn,Distancia,Gradient Boosting Classifier,0,0,0.05006634576997241
01_knn,Distancia,Gradient Boosting Classifier,0,0,0.048687707176335
01_knn,Distancia,Gradient Boosting Classifier,0,0,0.004363430857283867
01_knn,Distancia,Gradient Boosting Classifier,0,0,0.005807217708821445
01_knn,Distancia,Gradient Boosting Classifier,0,0,0.013137517166032588
01_knn,Distancia,Gradient Boosting Classifier,0,0,0.0045300323982930815
01_knn,Distancia,Gradient Boosting Classifier,0,0,0.008996107720908877
01_knn,Distancia,Gradient Boosting Classifier,0,0,0.004423406700873942
01_knn,Distancia,Gradient Boosting Classifier,1,1,0.992093604112823
01_knn,Distancia,Gradient Boosting Classifier,0,0,0.022999740782404268
01_knn,Distancia,Gradient Boosting Classifier,0,0,0.014446098150749757
01_knn,Distancia,Gradient Boosting Classifier,0,0,0.004248654602209548
01_knn,Distancia,Gradient Boosting Classifier,1,1,0.9949324543616007
01_knn,Distancia,Gradient Boosting Classifier,0,0,0.004781489430055907
01_knn,Distancia,Gradient Boosting Classifier,1,1,0.9955663020487927
01_knn,Distancia,Gradient Boosting Classifier,0,0,0.012344441054918455
01_knn,Distancia,Gradient Boosting Classifier,1,1,0.9964908326513094
01_knn,Distancia,Gradient Boosting Classifier,0,0,0.008357388542272068
01_knn,Distancia,Gradient Boosting Classifier,0,0,0.012821555603251366
01_knn,Distancia,Gradient Boosting Classifier,0,0,0.32148243074358746
01_knn,Distancia,Gradient Boosting Classifier,0,0,0.0045300323982930815
01_knn,Distancia,Gradient Boosting Classifier,0,0,0.017257716461180184
01_knn,Distancia,Gradient Boosting Classifier,0,0,0.0041892135208076615
01_knn,Distancia,Gradient Boosting Classifier,0,0,0.017564183247845373
01_knn,Distancia,Gradient Boosting Classifier,1,1,0.9969573602220726
01_knn,Distancia,Gradient Boosting Classifier,1,1,0.9917787961345668
01_knn,Distancia,Gradient Boosting Classifier,0,0,0.019713369018976752
01_knn,Distancia,Gradient Boosting Classifier,0,0,0.011981651849907205
01_knn,Distancia,Gradient Boosting Classifier,1,1,0.99734185927756
01_knn,Distancia,Gradient Boosting Classifier,0,0,0.003646132909220721
01_knn,Distancia,Gradient Boosting Classifier,0,0,0.008659144402060113
01_knn,Distancia,Gradient Boosting Classifier,0,0,0.004765725031851058
01_knn,Distancia,Gradient Boosting Classifier,1,1,0.9955663020487927
01_knn,Distancia,Gradient Boosting Classifier,0,0,0.00564821788075806
01_knn,Distancia,Gradient Boosting Classifier,0,0,0.05749445032349015
01_knn,Distancia,Gradient Boosting Classifier,1,1,0.994152609215612
01_knn,Distancia,Gradient Boosting Classifier,0,0,0.00270750393261041
01_knn,Distancia,Gradient Boosting Classifier,0,0,0.0035996233910387506
01_knn,Distancia,Gradient Boosting Classifier,0,0,0.038677917021037775
01_knn,Distancia,Gradient Boosting Classifier,0,0,0.00463098796091909
01_knn,Distancia,Gradient Boosting Classifier,0,0,0.02122217083924827
01_knn,Distancia,Gradient Boosting Classifier,0,0,0.003279652265459375
01_knn,Distancia,Gradient Boosting Classifier,0,0,0.006108817749546319
01_knn,Distancia,Gradient Boosting Classifier,0,0,0.05224592811400272
01_knn,Distancia,Gradient Boosting Classifier,0,0,0.034699785977068125
01_knn,Distancia,Gradient Boosting Classifier,1,1,0.9978447970125945
01_knn,Distancia,Gradient Boosting Classifier,0,0,0.005126119709245381
01_knn,Distancia,Gradient Boosting Classifier,1,1,0.9978981130108331
01_knn,Distancia,Gradient Boosting Classifier,0,0,0.002744270036175082
01_knn,Distancia,Gradient Boosting Classifier,0,0,0.02508688864854212
01_knn,Distancia,Gradient Boosting Classifier,0,0,0.005173162613316683
01_knn,Distancia,Gradient Boosting Classifier,0,0,0.011698636324453785
01_knn,Distancia,Gradient Boosting Classifier,1,1,0.9062167248859241
01_knn,Distancia,Gradient Boosting Classifier,0,0,0.0075608318115213706
01_knn,Distancia,Gradient Boosting Classifier,1,1,0.9863441572368696
01_knn,Distancia,Gradient Boosting Classifier,0,0,0.014384714173690558
01_knn,Distancia,Gradient Boosting Classifier,0,0,0.01927611801176468
01_knn,Distancia,Gradient Boosting Classifier,1,1,0.9933076610569846
01_knn,Distancia,Gradient Boosting Classifier,0,0,0.0045300323982930815
01_knn,Distancia,Gradient Boosting Classifier,0,0,0.006369137979108588
01_knn,Distancia,Gradient Boosting Classifier,0,0,0.006193298529108541
01_knn,Distancia,Gradient Boosting Classifier,0,0,0.03693166159008837
01_knn,Distancia,Gradient Boosting Classifier,0,0,0.004026279026308522
01_knn,Distancia,Gradient Boosting Classifier,0,0,0.01793519901680824
01_knn,Distancia,Gradient Boosting Classifier,0,0,0.003871370658393043
01_knn,Distancia,Gradient Boosting Classifier,0,0,0.0049338575934365836
01_knn,Distancia,Gradient Boosting Classifier,1,1,0.9889889740916631
01_knn,Distancia,Gradient Boosting Classifier,0,0,0.005436187939041181
01_knn,Distancia,Gradient Boosting Classifier,0,0,0.11440712133406487
01_knn,Distancia,Gradient Boosting Classifier,0,0,0.006614823794111894
01_knn,Distancia,Gradient Boosting Classifier,0,0,0.005029465904917048
01_knn,Distancia,Gradient Boosting Classifier,0,0,0.007439087515203165
01_knn,Distancia,Gradient Boosting Classifier,0,0,0.002528875403879453
01_knn,Distancia,Gradient Boosting Classifier,0,0,0.02744236889139685
01_knn,Distancia,Gradient Boosting Classifier,1,1,0.9966538324509243
01_knn,Distancia,Gradient Boosting Classifier,0,0,0.026395763053026308
01_knn,Distancia,Gradient Boosting Classifier,0,0,0.00355291171278781
01_knn,Distancia,Gradient Boosting Classifier,0,0,0.015284512223568612
01_knn,Distancia,Gradient Boosting Classifier,0,0,0.003467998464711114
01_knn,Distancia,Gradient Boosting Classifier,1,1,0.996261626857548
01_knn,Distancia,Gradient Boosting Classifier,0,0,0.007326537829105595
01_knn,Distancia,Gradient Boosting Classifier,1,1,0.9944280549284533
01_knn,Distancia,Gradient Boosting Classifier,0,0,0.007231327993374598
01_knn,Distancia,Gradient Boosting Classifier,0,0,0.005807217708821445
01_knn,Distancia,Gradient Boosting Classifier,1,1,0.5796580449788722
01_knn,Distancia,Gradient Boosting Classifier,0,0,0.004174848826404122
01_knn,Distancia,Gradient Boosting Classifier,1,1,0.996215936539252
01_knn,Distancia,Gradient Boosting Classifier,0,0,0.26351596258459664
01_knn,Distancia,Gradient Boosting Classifier,1,1,0.9902834801755819
01_knn,Distancia,Gradient Boosting Classifier,0,0,0.007930835150517897
01_knn,Distancia,Gradient Boosting Classifier,0,0,0.06588141372709969
01_knn,Distancia,Gradient Boosting Classifier,0,0,0.02888633062409555
01_knn,Distancia,Gradient Boosting Classifier,0,0,0.013176154075955866
01_knn,Distancia,Gradient Boosting Classifier,0,0,0.013626330274867248
01_knn,Distancia,Gradient Boosting Classifier,0,0,0.0056519420464609905
01_knn,Distancia,Gradient Boosting Classifier,1,1,0.9945537670967961
01_knn,Distancia,Gradient Boosting Classifier,0,0,0.0027906134038530634
01_knn,Distancia,Gradient Boosting Classifier,0,0,0.018561296112904958
01_knn,Distancia,Gradient Boosting Classifier,0,0,0.013751761516303026
01_knn,Distancia,Gradient Boosting Classifier,1,0,0.4165716662022161
01_knn,Distancia,Gradient Boosting Classifier,1,1,0.9835118493114646
01_knn,Distancia,Gradient Boosting Classifier,0,0,0.004986460617034098
01_knn,Distancia,Gradient Boosting Classifier,0,0,0.004918869782073558
01_knn,Distancia,Gradient Boosting Classifier,0,0,0.03607575495251851
01_knn,Distancia,Gradient Boosting Classifier,0,0,0.005826491070481871
01_knn,Distancia,Gradient Boosting Classifier,0,0,0.0040335540319737205
01_knn,Distancia,Gradient Boosting Classifier,0,0,0.0076358482418458305
01_knn,Distancia,Gradient Boosting Classifier,0,0,0.011916350911163625
01_knn,Distancia,Gradient Boosting Classifier,0,0,0.004667590056762021
01_knn,Distancia,Gradient Boosting Classifier,0,0,0.013437290841849322
01_knn,Distancia,Gradient Boosting Classifier,1,1,0.7926642649494728
01_knn,Distancia,Gradient Boosting Classifier,0,0,0.01993804821193273
01_knn,Distancia,Gradient Boosting Classifier,0,0,0.004599011893933411
01_knn,Distancia,Gradient Boosting Classifier,0,0,0.01987418208692497
01_knn,Distancia,Gradient Boosting Classifier,1,1,0.991633718413514
01_knn,Distancia,Gradient Boosting Classifier,0,0,0.024451868004468042
01_knn,Distancia,Gradient Boosting Classifier,0,0,0.005327273186748661
01_knn,Distancia,Gradient Boosting Classifier,1,1,0.9961205512484956
01_knn,Distancia,Gradient Boosting Classifier,0,0,0.004357347220755324
01_knn,Distancia,Gradient Boosting Classifier,0,0,0.005056264188601677
01_knn,Distancia,Gradient Boosting Classifier,1,1,0.9744220971813226
01_knn,Distancia,Gradient Boosting Classifier,0,1,0.8687428970321804
01_knn,Distancia,Gradient Boosting Classifier,0,0,0.020065066695921528
01_knn,Distancia,Gradient Boosting Classifier,1,1,0.9966083937555472
01_knn,Distancia,Gradient Boosting Classifier,0,0,0.004490342032511805
01_knn,Distancia,Gradient Boosting Classifier,0,0,0.004457527807736659
01_knn,Distancia,Gradient Boosting Classifier,0,0,0.005146969877323933
01_knn,Distancia,Gradient Boosting Classifier,0,0,0.004354689705531689
01_knn,Distancia,Gradient Boosting Classifier,0,0,0.00992868933395859
01_knn,Distancia,Gradient Boosting Classifier,0,0,0.0021394289311362394
01_knn,Distancia,Gradient Boosting Classifier,0,0,0.006248616082791872
01_knn,Distancia,Gradient Boosting Classifier,0,0,0.02484047427747213
01_knn,Distancia,Gradient Boosting Classifier,0,0,0.004986460617034098
01_knn,Distancia,Gradient Boosting Classifier,0,0,0.009813181057360803
01_knn,Distancia,Gradient Boosting Classifier,0,0,0.00654748592092318
01_knn,Distancia,Gradient Boosting Classifier,1,1,0.9978447970125945
01_knn,Distancia,Gradient Boosting Classifier,0,0,0.005142502199219427
01_knn,Distancia,Gradient Boosting Classifier,0,0,0.006744840128479382
01_knn,Distancia,Gradient Boosting Classifier,0,0,0.006763915659379052
01_knn,Distancia,Gradient Boosting Classifier,0,0,0.007193917576898471
01_knn,Distancia,Gradient Boosting Classifier,0,0,0.012739949906282183
01_knn,Distancia,Gradient Boosting Classifier,0,0,0.00253441525157363
01_knn,Distancia,Gradient Boosting Classifier,0,0,0.0029112786985764152
01_knn,Distancia,Gradient Boosting Classifier,0,0,0.01064520975641528
01_knn,Distancia,Gradient Boosting Classifier,1,1,0.994620096970813
01_knn,Distancia,Gradient Boosting Classifier,1,1,0.9971065705560684
01_knn,Distancia,Gradient Boosting Classifier,0,0,0.007174319777551447
01_knn,Distancia,Gradient Boosting Classifier,1,1,0.9409271784109966
01_knn,Distancia,Gradient Boosting Classifier,1,1,0.9960209806675752
01_knn,Distancia,Gradient Boosting Classifier,0,0,0.013537472425788576
01_knn,Distancia,Gradient Boosting Classifier,1,1,0.9691072267763653
01_knn,Distancia,Gradient Boosting Classifier,1,1,0.9637096751567973
01_knn,Distancia,Gradient Boosting Classifier,0,0,0.005766363070171799
01_knn,Distancia,Gradient Boosting Classifier,0,0,0.0030563842426382408
01_knn,Distancia,Gradient Boosting Classifier,0,0,0.01929928187235394
01_knn,Distancia,Gradient Boosting Classifier,0,0,0.05678824289149655
01_knn,Distancia,Gradient Boosting Classifier,0,0,0.007032512839334823
01_knn,Distancia,Gradient Boosting Classifier,0,0,0.0016874230497088217
01_knn,Distancia,Gradient Boosting Classifier,0,0,0.02253980816392819
01_knn,Distancia,Gradient Boosting Classifier,0,0,0.0037293720687702485
01_knn,Distancia,Gradient Boosting Classifier,0,0,0.005807217708821445
01_knn,Distancia,Gradient Boosting Classifier,1,1,0.7448523855647445
01_knn,Distancia,Gradient Boosting Classifier,1,1,0.9953351074118231
01_knn,Distancia,Gradient Boosting Classifier,0,0,0.04774848800678253
01_knn,Distancia,Gradient Boosting Classifier,0,0,0.006015912354307927
01_knn,Distancia,Gradient Boosting Classifier,1,1,0.985249113550928
01_knn,Distancia,Gradient Boosting Classifier,0,0,0.021887380637707708
01_knn,Distancia,Gradient Boosting Classifier,0,0,0.004490342032511805
01_knn,Distancia,Gradient Boosting Classifier,0,0,0.004155611481580392
01_knn,Distancia,Gradient Boosting Classifier,0,0,0.0034711567247362944
01_knn,Distancia,Gradient Boosting Classifier,0,0,0.008709146648553823
01_knn,Distancia,Gradient Boosting Classifier,1,1,0.9956298701963368
01_knn,Distancia,Gradient Boosting Classifier,0,0,0.01673458627523602
01_knn,Distancia,Gradient Boosting Classifier,1,1,0.9171310282093241
01_knn,Distancia,Gradient Boosting Classifier,0,0,0.014481227731589058
01_knn,Distancia,Gradient Boosting Classifier,1,1,0.9951205385791119
01_knn,Distancia,Gradient Boosting Classifier,0,0,0.01798445502931732
01_knn,Distancia,Gradient Boosting Classifier,0,0,0.025252594811404596
01_knn,Distancia,Gradient Boosting Classifier,0,0,0.013647297856507232
01_knn,Distancia,Gradient Boosting Classifier,0,0,0.014105867440085778
01_knn,Distancia,Gradient Boosting Classifier,0,0,0.0037536488726103595
01_knn,Distancia,Gradient Boosting Classifier,0,0,0.009369410583659294
01_knn,Distancia,Gradient Boosting Classifier,0,0,0.011216696758573232
01_knn,Distancia,Gradient Boosting Classifier,1,1,0.9954798049658855
01_knn,Distancia,Gradient Boosting Classifier,0,0,0.02744236889139685
01_knn,Distancia,Gradient Boosting Classifier,1,1,0.818141754949562
01_knn,Distancia,Gradient Boosting Classifier,0,0,0.01852762742782627
01_knn,Distancia,Gradient Boosting Classifier,0,0,0.03863413619356749
01_knn,Distancia,Gradient Boosting Classifier,0,0,0.004400801792988701
01_knn,Distancia,Gradient Boosting Classifier,0,0,0.0639193451314806
01_knn,Distancia,Gradient Boosting Classifier,1,1,0.9696759301259891
01_knn,Distancia,Gradient Boosting Classifier,0,0,0.004602054565581102
01_knn,Distancia,Gradient Boosting Classifier,0,0,0.028463212553440975
01_knn,Distancia,Gradient Boosting Classifier,0,0,0.011574478023682682
01_knn,Distancia,Gradient Boosting Classifier,0,0,0.0032901794404954035
01_knn,Distancia,Gradient Boosting Classifier,1,1,0.977616036110767
01_knn,Distancia,Gradient Boosting Classifier,0,0,0.010034518558769412
01_knn,Distancia,Gradient Boosting Classifier,0,0,0.0035120841100642133
01_knn,Distancia,Gradient Boosting Classifier,0,0,0.009684251119610318
01_knn,Distancia,Gradient Boosting Classifier,0,0,0.011756728104914111
01_knn,Distancia,Gradient Boosting Classifier,1,0,0.08753731098473094
01_knn,Distancia,Gradient Boosting Classifier,0,0,0.04917424671513967
01_knn,Distancia,Gradient Boosting Classifier,0,0,0.011862794940228048
01_knn,Distancia,Gradient Boosting Classifier,0,0,0.01095086084975106
01_knn,Distancia,Gradient Boosting Classifier,0,0,0.07770114482239082
01_knn,Distancia,Gradient Boosting Classifier,1,1,0.9879480407494723
01_knn,Distancia,Gradient Boosting Classifier,0,0,0.06798122467097417
01_knn,Distancia,Gradient Boosting Classifier,0,0,0.003725589573229381
01_knn,Distancia,Gradient Boosting Classifier,0,0,0.08813170637330593
01_knn,Distancia,Gradient Boosting Classifier,0,0,0.0037018704419097483
01_knn,Distancia,Gradient Boosting Classifier,1,1,0.9107499399833152
01_knn,Distancia,Gradient Boosting Classifier,0,0,0.0065394292413526785
01_knn,Distancia,Gradient Boosting Classifier,0,0,0.029216777539727328
01_knn,Distancia,Gradient Boosting Classifier,0,0,0.017428351745873604
01_knn,Distancia,Gradient Boosting Classifier,0,0,0.00330652179334584
01_knn,Distancia,Gradient Boosting Classifier,0,0,0.0045300323982930815
01_knn,Distancia,Gradient Boosting Classifier,1,1,0.9760152860832153
01_knn,Distancia,Gradient Boosting Classifier,0,0,0.03163221023201443
01_knn,Distancia,Gradient Boosting Classifier,1,1,0.9938202167898891
01_knn,Distancia,Gradient Boosting Classifier,0,0,0.02565605326542859
01_knn,Distancia,Gradient Boosting Classifier,1,1,0.9969240439232836
01_knn,Distancia,Gradient Boosting Classifier,0,0,0.014471525366366058
01_knn,Distancia,Gradient Boosting Classifier,0,0,0.016265130204211293
01_knn,Distancia,Gradient Boosting Classifier,0,0,0.3562050825670871
01_knn,Distancia,Gradient Boosting Classifier,0,0,0.006713201105750141
01_knn,Distancia,Gradient Boosting Classifier,0,0,0.050063894271129165
01_knn,Distancia,Gradient Boosting Classifier,0,0,0.004036638430916731
01_knn,Distancia,Gradient Boosting Classifier,0,0,0.01684025434252638
01_knn,Distancia,Gradient Boosting Classifier,0,0,0.003548251006045007
01_knn,Distancia,Gradient Boosting Classifier,0,0,0.48569142714351093
01_knn,Distancia,Gradient Boosting Classifier,0,0,0.015085442970450018
01_knn,Distancia,Gradient Boosting Classifier,0,0,0.0022648304829360143
01_knn,Distancia,Gradient Boosting Classifier,1,1,0.9968393256328398
01_knn,Distancia,Gradient Boosting Classifier,0,0,0.0038988433739216535
01_knn,Distancia,Gradient Boosting Classifier,1,1,0.9975044956800126
01_knn,Distancia,Gradient Boosting Classifier,0,0,0.06736802366955946
01_knn,Distancia,Gradient Boosting Classifier,1,1,0.9977291550977659
01_knn,Distancia,Gradient Boosting Classifier,0,0,0.31959605113389167
01_knn,Distancia,Gradient Boosting Classifier,0,0,0.05051841945606378
01_knn,Distancia,Gradient Boosting Classifier,1,1,0.9956170715379958
01_knn,Distancia,Gradient Boosting Classifier,0,0,0.009944467378132517
01_knn,Distancia,Gradient Boosting Classifier,0,0,0.0065688384653320485
01_knn,Distancia,Gradient Boosting Classifier,0,0,0.02077728193728997
01_knn,Distancia,Gradient Boosting Classifier,0,0,0.03464577715305638
01_knn,Distancia,Gradient Boosting Classifier,0,0,0.014739418085963074
01_knn,Distancia,Gradient Boosting Classifier,0,0,0.004353787150558128
01_knn,Distancia,Gradient Boosting Classifier,0,0,0.004351753960764021
01_knn,Distancia,Gradient Boosting Classifier,1,1,0.9932162431885205
01_knn,Distancia,Gradient Boosting Classifier,0,0,0.004637955520533555
01_knn,Distancia,Gradient Boosting Classifier,0,0,0.011001193592066113
01_knn,Distancia,Gradient Boosting Classifier,0,0,0.019390496530486523
01_knn,Distancia,Gradient Boosting Classifier,0,0,0.005543699017168797
01_knn,Distancia,Gradient Boosting Classifier,0,0,0.01052648780075923
01_knn,Distancia,Gradient Boosting Classifier,1,1,0.9814891236946558
01_knn,Distancia,Gradient Boosting Classifier,0,0,0.003627919941771401
01_knn,Distancia,Gradient Boosting Classifier,0,0,0.017054341449521063
01_knn,Distancia,Gradient Boosting Classifier,0,0,0.23743077424309497
01_knn,Distancia,Gradient Boosting Classifier,0,0,0.02175447765321864
01_knn,Distancia,Gradient Boosting Classifier,0,0,0.010723249732558103
01_knn,Distancia,Gradient Boosting Classifier,0,0,0.00593179439881874
01_knn,Distancia,Gradient Boosting Classifier,0,0,0.011711325248683088
01_knn,Distancia,Gradient Boosting Classifier,1,1,0.9923384198484823
01_knn,Distancia,Gradient Boosting Classifier,1,1,0.9955543750037783
01_knn,Distancia,Gradient Boosting Classifier,1,1,0.9958417601672725
01_knn,Distancia,Gradient Boosting Classifier,0,0,0.004390224741628321
01_knn,Distancia,Gradient Boosting Classifier,1,1,0.9763840506639228
01_knn,Distancia,Gradient Boosting Classifier,0,0,0.005340251970531963
01_knn,Distancia,Gradient Boosting Classifier,0,0,0.004724813394865819
01_knn,Distancia,Gradient Boosting Classifier,0,0,0.017054300571295467
01_knn,Distancia,Gradient Boosting Classifier,0,0,0.007231327993374598
01_knn,Distancia,Gradient Boosting Classifier,0,0,0.00471198506103908
01_knn,Distancia,Gradient Boosting Classifier,0,0,0.009161969262228935
01_knn,Distancia,Gradient Boosting Classifier,0,0,0.005308995990928192
01_knn,Distancia,Gradient Boosting Classifier,0,0,0.021400788641255088
01_knn,Distancia,Gradient Boosting Classifier,0,0,0.002660669158033397
01_knn,Distancia,Gradient Boosting Classifier,0,0,0.016816320834272917
01_knn,Distancia,Gradient Boosting Classifier,1,1,0.9950403512690862
01_knn,Distancia,Gradient Boosting Classifier,0,0,0.006449710571192392
01_knn,Distancia,Gradient Boosting Classifier,0,0,0.003829432322736359
01_knn,Distancia,Gradient Boosting Classifier,0,0,0.006108817749546319
01_knn,Distancia,Gradient Boosting Classifier,1,1,0.9989517508939634
01_knn,Distancia,Gradient Boosting Classifier,0,0,0.014871306827742119
01_knn,Distancia,Gradient Boosting Classifier,0,0,0.012295404574041104
01_knn,Distancia,Gradient Boosting Classifier,0,0,0.022231541601335357
01_knn,Distancia,Gradient Boosting Classifier,0,1,0.9012226957420638
01_knn,Distancia,Gradient Boosting Classifier,0,0,0.011152337603464148
01_knn,Distancia,Gradient Boosting Classifier,1,1,0.937916194599148
01_knn,Distancia,Gradient Boosting Classifier,0,0,0.022805050765770572
01_knn,Distancia,Gradient Boosting Classifier,0,0,0.009002350111404937
01_knn,Distancia,Gradient Boosting Classifier,0,1,0.7986402316102142
01_knn,Distancia,Gradient Boosting Classifier,1,1,0.9771451333640067
01_knn,Distancia,Gradient Boosting Classifier,0,0,0.05822692233464177
01_knn,Distancia,Gradient Boosting Classifier,0,0,0.00564821788075806
01_knn,Distancia,Gradient Boosting Classifier,0,0,0.017118208275852462
01_knn,Distancia,Gradient Boosting Classifier,0,0,0.04578917369658877
01_knn,Distancia,Gradient Boosting Classifier,0,0,0.02366998184579066
01_knn,Distancia,Gradient Boosting Classifier,0,0,0.03614944285265603
01_knn,Distancia,Gradient Boosting Classifier,0,0,0.016941901591065876
01_knn,Distancia,Gradient Boosting Classifier,0,0,0.06273830095810565
01_knn,Distancia,Gradient Boosting Classifier,0,0,0.006492655774989733
01_knn,Distancia,Gradient Boosting Classifier,0,0,0.004000528510534524
01_knn,Distancia,Gradient Boosting Classifier,0,0,0.0141450126968358
01_knn,Distancia,Gradient Boosting Classifier,0,0,0.044410529774781694
01_knn,Distancia,Gradient Boosting Classifier,0,0,0.002349565207627642
01_knn,Distancia,Gradient Boosting Classifier,0,0,0.0022642830190346295
01_knn,Distancia,Gradient Boosting Classifier,1,1,0.9944280549284533
01_knn,Distancia,Gradient Boosting Classifier,0,0,0.005135551589509725
01_knn,Distancia,Gradient Boosting Classifier,0,0,0.012919001453200558
01_knn,Distancia,Gradient Boosting Classifier,0,0,0.005271669970837598
01_knn,Distancia,Gradient Boosting Classifier,0,0,0.06010026956782308
01_knn,Distancia,Gradient Boosting Classifier,1,1,0.9952134113950415
01_knn,Distancia,Gradient Boosting Classifier,1,1,0.9956073273860013
01_knn,Distancia,Gradient Boosting Classifier,0,0,0.023318165693376906
01_knn,Distancia,Gradient Boosting Classifier,0,0,0.01567313156934723
01_knn,Distancia,Gradient Boosting Classifier,0,0,0.006620163647855329
01_knn,Distancia,Gradient Boosting Classifier,0,0,0.004449631906318344
01_knn,Distancia,Gradient Boosting Classifier,0,0,0.003974576352275946
01_knn,Distancia,Gradient Boosting Classifier,0,0,0.07791242523071983
01_knn,Distancia,Gradient Boosting Classifier,0,0,0.018739136337498456
01_knn,Distancia,Gradient Boosting Classifier,0,0,0.003635243842825184
01_knn,Distancia,Gradient Boosting Classifier,0,0,0.018203584545230696
01_knn,Distancia,Gradient Boosting Classifier,0,0,0.07073349115572403
01_knn,Distancia,Gradient Boosting Classifier,0,0,0.003443566954597277
01_knn,Distancia,Gradient Boosting Classifier,0,0,0.005830265856111635
01_knn,Distancia,Gradient Boosting Classifier,0,0,0.0036400713750010627
01_knn,Distancia,Gradient Boosting Classifier,0,0,0.002866861381277692
01_knn,Distancia,Gradient Boosting Classifier,0,0,0.0631879440727053
01_knn,Distancia,Gradient Boosting Classifier,1,1,0.9959331727889926
01_knn,Distancia,Gradient Boosting Classifier,1,1,0.7445569383107098
01_knn,Distancia,Gradient Boosting Classifier,0,0,0.03513787219726469
01_knn,Distancia,Gradient Boosting Classifier,1,1,0.9950323115938843
01_knn,Distancia,Gradient Boosting Classifier,1,1,0.9890637052975224
01_knn,Distancia,Gradient Boosting Classifier,1,1,0.9948491719357102
01_knn,Distancia,Gradient Boosting Classifier,0,0,0.004020410905917646
01_knn,Distancia,Gradient Boosting Classifier,0,0,0.00294200527957576
01_knn,Distancia,Gradient Boosting Classifier,1,1,0.996002281942345
01_knn,Distancia,Gradient Boosting Classifier,1,1,0.9965272382927004
01_knn,Distancia,Gradient Boosting Classifier,0,0,0.007762519388121029
01_knn,Distancia,Gradient Boosting Classifier,0,0,0.004400801792988701
01_knn,Distancia,Gradient Boosting Classifier,0,0,0.06808594565101649
01_knn,Distancia,Gradient Boosting Classifier,1,1,0.9967420742882328
01_knn,Distancia,Gradient Boosting Classifier,0,0,0.0041892135208076615
01_knn,Distancia,Gradient Boosting Classifier,0,0,0.004351753960764021
01_knn,Distancia,Gradient Boosting Classifier,0,0,0.013590540328735422
01_knn,Distancia,Gradient Boosting Classifier,0,0,0.005500700390543302
01_knn,Distancia,Gradient Boosting Classifier,1,1,0.9814891236946558
01_knn,Distancia,Gradient Boosting Classifier,0,0,0.041704402944304705
01_knn,Distancia,Gradient Boosting Classifier,0,0,0.004490342032511805
01_knn,Distancia,Gradient Boosting Classifier,0,0,0.006366142317486795
01_knn,Distancia,Gradient Boosting Classifier,0,1,0.8338194649837193
01_knn,Distancia,Gradient Boosting Classifier,0,0,0.041524714904484235
01_knn,Distancia,Gradient Boosting Classifier,0,0,0.17460974686369313
01_knn,Distancia,Gradient Boosting Classifier,1,1,0.9967751032862109
01_knn,Distancia,Gradient Boosting Classifier,0,0,0.03262621038777077
01_knn,Distancia,Gradient Boosting Classifier,0,0,0.025140771550202883
01_knn,Distancia,Gradient Boosting Classifier,0,0,0.06370277846208809
01_knn,Distancia,Gradient Boosting Classifier,0,0,0.01125317261015379
01_knn,Distancia,Gradient Boosting Classifier,1,1,0.9932851884718573
01_knn,Distancia,Gradient Boosting Classifier,1,1,0.9975328677496427
01_knn,Distancia,Gradient Boosting Classifier,1,1,0.9890657839824986
01_knn,Distancia,Gradient Boosting Classifier,0,0,0.015760766754444034
01_knn,Distancia,Gradient Boosting Classifier,0,0,0.0045300323982930815
01_knn,Distancia,Gradient Boosting Classifier,0,0,0.08697240404514567
01_knn,Distancia,Gradient Boosting Classifier,0,0,0.017049564353374347
01_knn,Distancia,Gradient Boosting Classifier,0,0,0.0174147981250605
01_knn,Distancia,Gradient Boosting Classifier,0,0,0.004576840894027769
01_knn,Distancia,Gradient Boosting Classifier,0,0,0.0036488727264539344
01_knn,Distancia,Gradient Boosting Classifier,1,1,0.9941101216535339
01_knn,Distancia,Gradient Boosting Classifier,1,1,0.9956244514837588
01_knn,Distancia,Gradient Boosting Classifier,0,0,0.06387471493983579
01_knn,Distancia,Gradient Boosting Classifier,0,0,0.06667092417261061
01_knn,Distancia,Gradient Boosting Classifier,0,0,0.009547534836267156
01_knn,Distancia,Gradient Boosting Classifier,0,0,0.013332566029924223
01_knn,Distancia,Gradient Boosting Classifier,0,0,0.06919598280220347
01_knn,Distancia,Gradient Boosting Classifier,0,0,0.004725241901817746
01_knn,Distancia,Gradient Boosting Classifier,0,0,0.008860510717445124
01_knn,Distancia,Gradient Boosting Classifier,0,0,0.003307304745044787
01_knn,Distancia,Gradient Boosting Classifier,1,1,0.9975754534442693
01_knn,Distancia,Gradient Boosting Classifier,0,0,0.013706520228416385
01_knn,Distancia,Gradient Boosting Classifier,0,0,0.06235473432717963
01_knn,Distancia,Gradient Boosting Classifier,0,0,0.008430924582105993
01_knn,Distancia,Gradient Boosting Classifier,0,0,0.0022747032753778346
01_knn,Distancia,Gradient Boosting Classifier,0,0,0.019583090338213514
01_knn,Distancia,Gradient Boosting Classifier,0,0,0.07728436607797257
01_knn,Distancia,Gradient Boosting Classifier,0,0,0.004196099862642375
01_knn,Distancia,Gradient Boosting Classifier,0,0,0.005720028273444899
01_knn,Distancia,Gradient Boosting Classifier,0,0,0.008292289203082994
01_knn,Distancia,Gradient Boosting Classifier,0,0,0.0041892135208076615
01_knn,Distancia,Gradient Boosting Classifier,0,0,0.0029641791535150344
01_knn,Distancia,Gradient Boosting Classifier,0,0,0.0049713077856161315
01_knn,Distancia,Gradient Boosting Classifier,0,0,0.012686988055559418
01_knn,Distancia,Gradient Boosting Classifier,0,0,0.004104949664175989
01_knn,Distancia,Gradient Boosting Classifier,0,1,0.9701077543861982
01_knn,Distancia,Gradient Boosting Classifier,0,0,0.00618761676908791
01_knn,Distancia,Gradient Boosting Classifier,0,0,0.0047761004430799435
01_knn,Distancia,Gradient Boosting Classifier,0,0,0.008613237079996597
01_knn,Distancia,Gradient Boosting Classifier,0,0,0.02947491053239106
01_knn,Distancia,Gradient Boosting Classifier,1,1,0.9952413076747009
01_knn,Distancia,Gradient Boosting Classifier,1,1,0.9942247146912604
01_knn,Distancia,Gradient Boosting Classifier,0,0,0.025578905471375476
01_knn,Distancia,Gradient Boosting Classifier,1,1,0.9926594805111151
01_knn,Distancia,Gradient Boosting Classifier,0,0,0.005590687972221778
01_knn,Distancia,Gradient Boosting Classifier,0,0,0.011155981786341015
01_knn,Distancia,Gradient Boosting Classifier,0,0,0.010255254284504868
01_knn,Distancia,Gradient Boosting Classifier,0,0,0.004617442636213991
01_knn,Distancia,Gradient Boosting Classifier,0,0,0.006788867742979697
01_knn,Distancia,Gradient Boosting Classifier,0,0,0.004230934728527655
01_knn,Distancia,Gradient Boosting Classifier,0,0,0.012188374873638858
01_knn,Distancia,Gradient Boosting Classifier,0,0,0.004788495817141765
01_knn,Distancia,Gradient Boosting Classifier,0,0,0.015746349259036625
01_knn,Distancia,Gradient Boosting Classifier,0,0,0.005067697305776901
01_knn,Distancia,Gradient Boosting Classifier,0,0,0.017870959849424464
01_knn,Distancia,Gradient Boosting Classifier,0,0,0.01850862733022913
01_knn,Distancia,Gradient Boosting Classifier,0,0,0.048002563791582506
01_knn,Distancia,Gradient Boosting Classifier,0,0,0.007248601562333335
01_knn,Distancia,Gradient Boosting Classifier,0,0,0.005126119709245381
01_knn,Distancia,Gradient Boosting Classifier,0,0,0.014639981754224232
01_knn,Distancia,Gradient Boosting Classifier,0,0,0.019446576515811734
01_knn,Distancia,Gradient Boosting Classifier,0,0,0.017144367621535463
01_knn,Distancia,Gradient Boosting Classifier,0,0,0.006050355749737801
01_knn,Distancia,Gradient Boosting Classifier,0,0,0.018774296306993773
01_knn,Distancia,Gradient Boosting Classifier,0,0,0.0035966572967014716
01_knn,Distancia,Gradient Boosting Classifier,0,0,0.1237959632967132
01_knn,Distancia,Gradient Boosting Classifier,1,1,0.9559763393195696
01_knn,Distancia,Gradient Boosting Classifier,0,0,0.007749358173211269
01_knn,Distancia,Gradient Boosting Classifier,0,0,0.019900605840559374
01_knn,Distancia,Gradient Boosting Classifier,0,0,0.005228965914287321
01_knn,Distancia,Gradient Boosting Classifier,0,0,0.0066537388706012605
01_knn,Distancia,Gradient Boosting Classifier,0,0,0.005500700390543302
01_knn,Distancia,Gradient Boosting Classifier,0,0,0.010976605313333478
01_knn,Distancia,Gradient Boosting Classifier,0,0,0.02174168541898409
01_knn,Distancia,Gradient Boosting Classifier,1,1,0.9975328677496427
01_knn,Distancia,Gradient Boosting Classifier,0,0,0.012906657920978217
01_knn,Distancia,Gradient Boosting Classifier,0,0,0.004551783200212508
01_knn,Distancia,Gradient Boosting Classifier,0,0,0.0058220587473364225
01_knn,Distancia,Gradient Boosting Classifier,0,0,0.0037865034695439546
01_knn,Distancia,Gradient Boosting Classifier,0,0,0.004854623526896562
01_knn,Distancia,Gradient Boosting Classifier,0,0,0.004060806625617029
01_knn,Distancia,Gradient Boosting Classifier,0,0,0.05966046004766069
01_knn,Distancia,Gradient Boosting Classifier,0,0,0.003067457532530087
01_knn,Distancia,Gradient Boosting Classifier,0,0,0.007735420076651124
01_knn,Distancia,Gradient Boosting Classifier,0,0,0.00334145803587549
01_knn,Distancia,Gradient Boosting Classifier,1,1,0.757224791535156
01_knn,Distancia,Gradient Boosting Classifier,0,0,0.013842136472143655
01_knn,Distancia,Gradient Boosting Classifier,0,0,0.014998808874790038
01_knn,Distancia,Gradient Boosting Classifier,0,0,0.005447342323217068
01_knn,Distancia,Gradient Boosting Classifier,0,0,0.010888114275911392
01_knn,Distancia,Gradient Boosting Classifier,1,1,0.9969536430011092
01_knn,Distancia,Gradient Boosting Classifier,0,0,0.004827378470740383
01_knn,Distancia,Gradient Boosting Classifier,1,1,0.9915236914454044
01_knn,Distancia,Gradient Boosting Classifier,0,0,0.0041892135208076615
01_knn,Distancia,Gradient Boosting Classifier,0,0,0.004490342032511805
01_knn,Distancia,Gradient Boosting Classifier,0,0,0.013179671676713287
01_knn,Distancia,Gradient Boosting Classifier,1,1,0.9977053918652334
01_knn,Distancia,Gradient Boosting Classifier,0,0,0.026063253232756774
01_knn,Distancia,Gradient Boosting Classifier,0,0,0.011291530195385854
01_knn,Distancia,Gradient Boosting Classifier,0,0,0.004179187132198349
01_knn,Distancia,Gradient Boosting Classifier,0,0,0.01386835871394236
01_knn,Distancia,Gradient Boosting Classifier,0,0,0.003911561142628501
01_knn,Distancia,Gradient Boosting Classifier,0,0,0.01844495595008478
01_knn,Distancia,Gradient Boosting Classifier,0,0,0.005827852101629334
01_knn,Distancia,Gradient Boosting Classifier,0,0,0.013812310593863784
01_knn,Distancia,Gradient Boosting Classifier,0,0,0.004175444620003946
01_knn,Distancia,Gradient Boosting Classifier,0,0,0.03432470347070152
01_knn,Distancia,Gradient Boosting Classifier,1,1,0.9954078757919524
01_knn,Distancia,Gradient Boosting Classifier,1,1,0.8312840260704792
01_knn,Distancia,Gradient Boosting Classifier,0,0,0.011172660180401014
01_knn,Distancia,Gradient Boosting Classifier,0,0,0.05690468237477629
01_knn,Distancia,Gradient Boosting Classifier,0,0,0.19371025901802347
01_knn,Distancia,Gradient Boosting Classifier,0,0,0.0128690256034868
01_knn,Distancia,Gradient Boosting Classifier,0,0,0.004963713757866825
01_knn,Distancia,Gradient Boosting Classifier,0,0,0.012758986704202474
01_knn,Distancia,Gradient Boosting Classifier,0,0,0.003982474717662258
01_knn,Distancia,Gradient Boosting Classifier,0,0,0.06166594078961941
01_knn,Distancia,Gradient Boosting Classifier,0,0,0.028482235761622
01_knn,Distancia,Gradient Boosting Classifier,0,0,0.17168915290333678
01_knn,Distancia,Gradient Boosting Classifier,1,1,0.9178160311189243
01_knn,Distancia,Gradient Boosting Classifier,0,0,0.01727428333149821
01_knn,Distancia,Gradient Boosting Classifier,0,0,0.004032931461606548
01_knn,Distancia,Gradient Boosting Classifier,1,1,0.9814891236946558
01_knn,Distancia,Gradient Boosting Classifier,0,0,0.022600191501407896
01_knn,Distancia,Gradient Boosting Classifier,0,0,0.02739396034510899
01_knn,Distancia,Gradient Boosting Classifier,0,0,0.004429411580120625
01_knn,Distancia,Gradient Boosting Classifier,0,0,0.004490342032511805
01_knn,Distancia,Gradient Boosting Classifier,1,1,0.9979232070792273
01_knn,Distancia,Gradient Boosting Classifier,0,0,0.004878547009037928
01_knn,Distancia,Gradient Boosting Classifier,0,0,0.005342231306927931
01_knn,Distancia,Gradient Boosting Classifier,0,0,0.003218755169518596
01_knn,Distancia,Gradient Boosting Classifier,0,0,0.00592057478653317
01_knn,Distancia,Gradient Boosting Classifier,0,0,0.024675967979606975
01_knn,Distancia,Gradient Boosting Classifier,0,0,0.0030809672610212133
01_knn,Distancia,Gradient Boosting Classifier,0,1,0.9608486189981994
01_knn,Distancia,Gradient Boosting Classifier,1,1,0.9961891470835478
01_knn,Distancia,Gradient Boosting Classifier,0,0,0.002008834309495315
01_knn,Distancia,Gradient Boosting Classifier,0,0,0.0054375182449241805
01_knn,Distancia,Gradient Boosting Classifier,0,0,0.01979952193973584
01_knn,Distancia,Gradient Boosting Classifier,1,1,0.9712291688103462
01_knn,Distancia,Gradient Boosting Classifier,0,0,0.021557080268265954
01_knn,Distancia,Gradient Boosting Classifier,0,0,0.004936902861771263
01_knn,Distancia,Gradient Boosting Classifier,0,0,0.002821078232659706
01_knn,Distancia,Gradient Boosting Classifier,0,0,0.0074349917513202406
01_knn,Distancia,Gradient Boosting Classifier,0,0,0.018196913460249063
01_knn,Distancia,Gradient Boosting Classifier,0,0,0.012002434742109158
01_knn,Distancia,Gradient Boosting Classifier,0,1,0.7136948490776616
01_knn,Distancia,Gradient Boosting Classifier,0,0,0.010588990272540809
01_knn,Distancia,Gradient Boosting Classifier,0,0,0.003971301742729762
01_knn,Distancia,Gradient Boosting Classifier,1,1,0.9947086822612403
01_knn,Distancia,Gradient Boosting Classifier,0,0,0.006542902291829859
01_knn,Distancia,Gradient Boosting Classifier,0,0,0.011937040777017866
01_knn,Distancia,Gradient Boosting Classifier,0,0,0.005135551589509725
01_knn,Distancia,Gradient Boosting Classifier,0,0,0.002937075824307954
01_knn,Distancia,Gradient Boosting Classifier,0,0,0.00592057478653317
01_knn,Distancia,Gradient Boosting Classifier,1,0,0.04128307607258992
01_knn,Distancia,Gradient Boosting Classifier,0,0,0.010309767852946319
01_knn,Distancia,Gradient Boosting Classifier,0,0,0.11223733452202751
01_knn,Distancia,Gradient Boosting Classifier,0,0,0.05640951679017852
01_knn,Distancia,Gradient Boosting Classifier,0,0,0.020434079862034563
01_knn,Distancia,Gradient Boosting Classifier,0,0,0.014177765575800246
01_knn,Distancia,Gradient Boosting Classifier,1,1,0.6877078693941431
01_knn,Distancia,Gradient Boosting Classifier,1,1,0.9923860097771557
01_knn,Distancia,Gradient Boosting Classifier,1,1,0.9948215158825492
01_knn,Distancia,Gradient Boosting Classifier,1,1,0.9770811939995073
01_knn,Distancia,Gradient Boosting Classifier,0,0,0.012259004907532373
01_knn,Distancia,Gradient Boosting Classifier,1,1,0.9971065705560684
01_knn,Distancia,Gradient Boosting Classifier,1,1,0.9971065705560684
01_knn,Distancia,Gradient Boosting Classifier,0,0,0.06724550334837141
01_knn,Distancia,Gradient Boosting Classifier,0,0,0.015136891921828613
01_knn,Distancia,Gradient Boosting Classifier,0,0,0.0044708154953570535
01_knn,Distancia,Gradient Boosting Classifier,0,0,0.05261823252031395
01_knn,Distancia,Gradient Boosting Classifier,0,0,0.0033582828066215627
01_knn,Distancia,Gradient Boosting Classifier,1,0,0.03065900689976754
01_knn,Distancia,Gradient Boosting Classifier,0,0,0.0045300323982930815
01_knn,Distancia,Gradient Boosting Classifier,0,0,0.0032937672210662885
01_knn,Distancia,Gradient Boosting Classifier,0,0,0.006327560951933708
01_knn,Distancia,Gradient Boosting Classifier,0,0,0.010506884256652891
01_knn,Distancia,Gradient Boosting Classifier,1,1,0.9975253237068168
01_knn,Distancia,Gradient Boosting Classifier,0,0,0.018919170885700734
01_knn,Distancia,Gradient Boosting Classifier,0,0,0.032832454785160455
01_knn,Distancia,Gradient Boosting Classifier,0,0,0.007635639228836568
01_knn,Distancia,Gradient Boosting Classifier,1,1,0.983144964969049
01_knn,Distancia,Gradient Boosting Classifier,0,0,0.0026116532364171214
01_knn,Distancia,Gradient Boosting Classifier,0,0,0.00882773409116134
01_knn,Distancia,Gradient Boosting Classifier,0,0,0.0013825845379249828
01_knn,Distancia,Gradient Boosting Classifier,0,0,0.004541198085991543
01_knn,Distancia,Gradient Boosting Classifier,0,0,0.004869329544962753
01_knn,Distancia,Gradient Boosting Classifier,0,0,0.004661126138502096
01_knn,Distancia,Gradient Boosting Classifier,0,0,0.017599248184886524
01_knn,Distancia,Gradient Boosting Classifier,1,1,0.995571704609372
01_knn,Distancia,Gradient Boosting Classifier,0,0,0.04217724820259655
01_knn,Distancia,Gradient Boosting Classifier,0,0,0.004390224741628321
01_knn,Distancia,Gradient Boosting Classifier,0,0,0.09524085514438994
01_knn,Distancia,Gradient Boosting Classifier,0,0,0.004701573236086425
01_knn,Distancia,Gradient Boosting Classifier,0,0,0.00390107915672711
01_knn,Distancia,Gradient Boosting Classifier,1,1,0.9664925719648856
01_knn,Distancia,Gradient Boosting Classifier,0,0,0.0020935724275431117
01_knn,Distancia,Gradient Boosting Classifier,1,1,0.9969668369439376
01_knn,Distancia,Gradient Boosting Classifier,0,0,0.008636131619491378
01_knn,Distancia,Gradient Boosting Classifier,1,1,0.9961877861213967
01_knn,Distancia,Gradient Boosting Classifier,0,0,0.003985544672514923
01_knn,Distancia,Gradient Boosting Classifier,1,1,0.9942902647136886
01_knn,Distancia,Gradient Boosting Classifier,1,1,0.9961205512484956
01_knn,Distancia,Gradient Boosting Classifier,0,0,0.004213330555428007
01_knn,Distancia,Gradient Boosting Classifier,0,0,0.008658555388760113
01_knn,Distancia,Gradient Boosting Classifier,0,0,0.01895161638985059
01_knn,Distancia,Gradient Boosting Classifier,0,0,0.015726501456078405
01_knn,Distancia,Gradient Boosting Classifier,0,0,0.03505365505388129
01_knn,Distancia,Gradient Boosting Classifier,0,0,0.03337526365796676
01_knn,Distancia,Gradient Boosting Classifier,0,0,0.005941609556192519
01_knn,Distancia,Gradient Boosting Classifier,0,0,0.006798001207506003
01_knn,Distancia,Gradient Boosting Classifier,0,0,0.0035438750497073478
01_knn,Distancia,Gradient Boosting Classifier,0,0,0.010998728881431014
01_knn,Distancia,Gradient Boosting Classifier,0,0,0.021178637751997246
01_knn,Distancia,Gradient Boosting Classifier,0,1,0.6585184430294572
01_knn,Distancia,Gradient Boosting Classifier,0,0,0.03285708180819704
01_knn,Distancia,Gradient Boosting Classifier,0,0,0.010353175178384074
01_knn,Distancia,Gradient Boosting Classifier,0,0,0.008729485023398237
01_knn,Distancia,Gradient Boosting Classifier,0,0,0.01633993222048124
01_knn,Distancia,Gradient Boosting Classifier,0,0,0.11830893226862157
01_knn,Distancia,Gradient Boosting Classifier,0,0,0.003906544736558273
01_knn,Distancia,Gradient Boosting Classifier,1,1,0.996786888424798
01_knn,Distancia,Gradient Boosting Classifier,1,1,0.9291159438360744
01_knn,Distancia,Gradient Boosting Classifier,0,0,0.004440657572613198
01_knn,Distancia,Gradient Boosting Classifier,1,1,0.9965989359109992
01_knn,Distancia,Gradient Boosting Classifier,0,0,0.003284320740685228
01_knn,Distancia,Gradient Boosting Classifier,0,0,0.0033710277438594102
01_knn,Distancia,Gradient Boosting Classifier,1,1,0.9832629289959465
01_knn,Distancia,Gradient Boosting Classifier,0,0,0.04104594260330982
01_knn,Distancia,Gradient Boosting Classifier,0,0,0.02718738431748796
01_knn,Distancia,Gradient Boosting Classifier,0,0,0.03065948663081302
01_knn,Distancia,Gradient Boosting Classifier,0,0,0.026605558203647118
01_knn,Distancia,Gradient Boosting Classifier,1,1,0.9886777311105376
01_knn,Distancia,Gradient Boosting Classifier,0,0,0.021386041920245732
01_knn,Distancia,Gradient Boosting Classifier,0,0,0.227905519851587
01_knn,Distancia,Gradient Boosting Classifier,0,0,0.06784943576143276
01_knn,Distancia,Gradient Boosting Classifier,0,0,0.004318986523678212
01_knn,Distancia,Gradient Boosting Classifier,1,1,0.983144964969049
01_knn,Distancia,Gradient Boosting Classifier,0,0,0.014658673184521933
01_knn,Distancia,Gradient Boosting Classifier,0,0,0.0022109560458625044
01_knn,Distancia,Gradient Boosting Classifier,0,0,0.005941609556192519
01_knn,Distancia,Gradient Boosting Classifier,0,0,0.005548729692517354
01_knn,Distancia,Gradient Boosting Classifier,0,0,0.004726876888952243
01_knn,Distancia,Gradient Boosting Classifier,1,1,0.9535112554641215
01_knn,Distancia,Gradient Boosting Classifier,0,0,0.005491883180831126
01_knn,Distancia,Gradient Boosting Classifier,0,0,0.006491870657054144
01_knn,Distancia,Gradient Boosting Classifier,0,0,0.0486485862863885
01_knn,Distancia,Gradient Boosting Classifier,0,0,0.004351753960764021
01_knn,Distancia,Gradient Boosting Classifier,1,1,0.983144964969049
01_knn,Distancia,Gradient Boosting Classifier,0,0,0.00592057478653317
01_knn,Distancia,Gradient Boosting Classifier,0,0,0.008850863149493883
01_knn,Distancia,Gradient Boosting Classifier,0,0,0.009378292108863486
01_knn,Distancia,Gradient Boosting Classifier,1,1,0.9900830531083961
01_knn,Distancia,Gradient Boosting Classifier,1,1,0.9927222705158399
01_knn,Distancia,Gradient Boosting Classifier,0,0,0.39492293304001597
01_knn,Distancia,Gradient Boosting Classifier,0,0,0.036785187169833464
01_knn,Distancia,Gradient Boosting Classifier,0,0,0.004127361815196727
01_knn,Distancia,Gradient Boosting Classifier,0,0,0.014211430657908464
01_knn,Distancia,Gradient Boosting Classifier,0,0,0.1851318437621184
01_knn,Distancia,Gradient Boosting Classifier,0,0,0.004110297364673613
01_knn,Distancia,Gradient Boosting Classifier,0,0,0.06992601706671475
01_knn,Distancia,Gradient Boosting Classifier,0,0,0.005830265856111635
01_knn,Distancia,Gradient Boosting Classifier,0,0,0.006175582494258997
01_knn,Distancia,Gradient Boosting Classifier,0,0,0.0059497322622417215
01_knn,Distancia,Gradient Boosting Classifier,1,1,0.9770061063778469
01_knn,Distancia,Gradient Boosting Classifier,0,0,0.003735094494591879
01_knn,Distancia,Gradient Boosting Classifier,0,0,0.009660828809134115
01_knn,Distancia,Gradient Boosting Classifier,0,0,0.0016647136306858765
01_knn,Distancia,Gradient Boosting Classifier,0,0,0.006620163647855329
01_knn,Distancia,Gradient Boosting Classifier,0,0,0.00617598065421993
01_knn,Distancia,Gradient Boosting Classifier,0,0,0.0042392090585978565
01_knn,Distancia,Gradient Boosting Classifier,0,0,0.004782636951017966
01_knn,Distancia,Gradient Boosting Classifier,1,1,0.9976565350883755
01_knn,Distancia,Gradient Boosting Classifier,0,0,0.004744602539258524
01_knn,Distancia,Gradient Boosting Classifier,0,0,0.004226253495796891
01_knn,Distancia,Gradient Boosting Classifier,0,0,0.013351352234921524
01_knn,Distancia,Gradient Boosting Classifier,0,0,0.002193476961843253
01_knn,Distancia,Gradient Boosting Classifier,0,0,0.005807217708821445
01_knn,Distancia,Gradient Boosting Classifier,1,1,0.7060169626002784
01_knn,Distancia,Gradient Boosting Classifier,1,1,0.9957701403299145
01_knn,Distancia,Gradient Boosting Classifier,1,1,0.9948778185020886
01_knn,Distancia,Gradient Boosting Classifier,0,0,0.04696034826530677
01_knn,Distancia,Gradient Boosting Classifier,1,1,0.9916967202341141
01_knn,Distancia,Gradient Boosting Classifier,1,1,0.9966413674019646
01_knn,Distancia,Gradient Boosting Classifier,0,0,0.004075480868905819
01_knn,Distancia,Gradient Boosting Classifier,1,1,0.9948491719357102
01_knn,Distancia,Gradient Boosting Classifier,1,1,0.9708651515568356
01_knn,Distancia,Gradient Boosting Classifier,0,0,0.022848100214358867
01_knn,Distancia,Gradient Boosting Classifier,0,0,0.006169582138823441
01_knn,Distancia,Gradient Boosting Classifier,1,1,0.9942714041915036
01_knn,Distancia,Gradient Boosting Classifier,0,0,0.02860872508916285
01_knn,Distancia,Gradient Boosting Classifier,0,0,0.05328953425079082
01_knn,Distancia,Gradient Boosting Classifier,0,0,0.001904769745314943
01_knn,Distancia,Gradient Boosting Classifier,0,0,0.006226501241882315
01_knn,Distancia,Gradient Boosting Classifier,1,1,0.9948841268663235
01_knn,Distancia,Gradient Boosting Classifier,0,0,0.19161595491768055
01_knn,Distancia,Gradient Boosting Classifier,0,0,0.0061723427446056306
01_knn,Distancia,Gradient Boosting Classifier,0,0,0.052198819997558585
01_knn,Distancia,Gradient Boosting Classifier,0,0,0.20093304477265153
01_knn,Distancia,Gradient Boosting Classifier,0,0,0.0028262583233367995
01_knn,Distancia,Gradient Boosting Classifier,1,1,0.996648638365942
01_knn,Distancia,Gradient Boosting Classifier,0,1,0.8350806394135373
01_knn,Distancia,Gradient Boosting Classifier,0,0,0.014259067127311082
01_knn,Distancia,Gradient Boosting Classifier,0,0,0.00725605266020867
01_knn,Distancia,Gradient Boosting Classifier,0,0,0.00444594844562779
01_knn,Distancia,Gradient Boosting Classifier,0,0,0.016594437958924426
01_knn,Distancia,Gradient Boosting Classifier,0,0,0.004872798843917739
01_knn,Distancia,Gradient Boosting Classifier,0,0,0.009823433571126234
01_knn,Distancia,Gradient Boosting Classifier,0,0,0.020807812610479173
01_knn,Distancia,Gradient Boosting Classifier,1,1,0.9952215958166608
01_knn,Distancia,Gradient Boosting Classifier,0,0,0.01648139169770014
01_knn,Distancia,Gradient Boosting Classifier,0,0,0.20576177746219768
01_knn,Distancia,Gradient Boosting Classifier,0,0,0.12825646661515652
01_knn,Distancia,Gradient Boosting Classifier,0,0,0.003156816875161343
01_knn,Distancia,Gradient Boosting Classifier,1,1,0.983144964969049
01_knn,Distancia,Gradient Boosting Classifier,1,1,0.9814891236946558
01_knn,Distancia,Gradient Boosting Classifier,0,0,0.34499058002774424
01_knn,Distancia,Gradient Boosting Classifier,1,1,0.9904876984519692
01_knn,Distancia,Gradient Boosting Classifier,0,0,0.011009910688538948
01_knn,Distancia,Gradient Boosting Classifier,0,0,0.01272702190569939
01_knn,Distancia,Gradient Boosting Classifier,1,1,0.9910320651730712
01_knn,Distancia,Gradient Boosting Classifier,0,0,0.0054424470149043915
01_knn,Distancia,Gradient Boosting Classifier,0,0,0.004340591928712515
01_knn,Distancia,Gradient Boosting Classifier,0,0,0.0025636597572687393
01_knn,Distancia,Gradient Boosting Classifier,1,1,0.9891049191114848
01_knn,Distancia,Gradient Boosting Classifier,0,0,0.003215542973083803
01_knn,Distancia,Gradient Boosting Classifier,0,0,0.009297956793016288
01_knn,Distancia,Gradient Boosting Classifier,0,0,0.021203889637245916
01_knn,Distancia,Gradient Boosting Classifier,0,1,0.6755651413204412
01_knn,Distancia,Gradient Boosting Classifier,0,0,0.018542647671859966
01_knn,Distancia,Gradient Boosting Classifier,0,0,0.014600437733141085
01_knn,Distancia,Gradient Boosting Classifier,0,0,0.06587461585631786
01_knn,Distancia,Gradient Boosting Classifier,0,0,0.03305661069636411
01_knn,Distancia,Gradient Boosting Classifier,0,0,0.004318058063491481
01_knn,Distancia,Gradient Boosting Classifier,0,0,0.04404629666406533
01_knn,Distancia,Gradient Boosting Classifier,0,0,0.011949484944526965
01_knn,Distancia,Gradient Boosting Classifier,0,0,0.011823362727579882
01_knn,Distancia,Gradient Boosting Classifier,1,1,0.9961702925411585
01_knn,Distancia,Gradient Boosting Classifier,1,1,0.9730032989980357
01_knn,Distancia,Gradient Boosting Classifier,0,0,0.0054375182449241805
01_knn,Distancia,Gradient Boosting Classifier,0,0,0.0039483066824703384
01_knn,Distancia,Gradient Boosting Classifier,1,1,0.8866530157743091
01_knn,Distancia,Gradient Boosting Classifier,0,0,0.004240191359864565
01_knn,Distancia,Gradient Boosting Classifier,0,0,0.007161322395057399
01_knn,Distancia,Gradient Boosting Classifier,0,0,0.01911816342963789
01_knn,Distancia,Gradient Boosting Classifier,0,0,0.034343802536787975
01_knn,Distancia,Gradient Boosting Classifier,1,1,0.9879051096126487
01_knn,Distancia,Gradient Boosting Classifier,0,0,0.00435675763623046
01_knn,Distancia,Gradient Boosting Classifier,0,0,0.03915147100099107
01_knn,Distancia,Gradient Boosting Classifier,1,1,0.9967903124681085
01_knn,Distancia,Gradient Boosting Classifier,0,0,0.004259710293807847
01_knn,Distancia,Gradient Boosting Classifier,0,0,0.004716406710337862
01_knn,Distancia,Gradient Boosting Classifier,0,0,0.0037152773797862154
01_knn,Distancia,Gradient Boosting Classifier,0,0,0.014144975609216036
01_knn,Distancia,Gradient Boosting Classifier,1,1,0.9972032463741333
01_knn,Distancia,Gradient Boosting Classifier,1,1,0.9953077584100286
01_knn,Distancia,Gradient Boosting Classifier,0,0,0.004028203275251513
01_knn,Distancia,Gradient Boosting Classifier,1,1,0.9974909747957111
01_knn,Distancia,Gradient Boosting Classifier,0,0,0.038357988943512666
01_knn,Distancia,Gradient Boosting Classifier,0,0,0.0030313022326317832
01_knn,Distancia,Gradient Boosting Classifier,0,0,0.024594552866866456
01_knn,Distancia,Gradient Boosting Classifier,0,0,0.008293981052853904
01_knn,Distancia,Gradient Boosting Classifier,0,0,0.04739757728334769
01_knn,Distancia,Gradient Boosting Classifier,0,0,0.006025979847038667
01_knn,Distancia,Gradient Boosting Classifier,1,1,0.9954798049658855
01_knn,Distancia,Gradient Boosting Classifier,1,1,0.9685760715158882
01_knn,Distancia,Gradient Boosting Classifier,0,0,0.00465856751276371
01_knn,Distancia,Gradient Boosting Classifier,0,0,0.03185873511987523
01_knn,Distancia,Gradient Boosting Classifier,0,0,0.011422267384108476
01_knn,Distancia,Gradient Boosting Classifier,0,0,0.003757528372855907
01_knn,Distancia,Gradient Boosting Classifier,0,0,0.005570784550336354
01_knn,Distancia,Gradient Boosting Classifier,0,0,0.0052000661791573085
01_knn,Distancia,Gradient Boosting Classifier,0,0,0.00379011860805617
01_knn,Distancia,Gradient Boosting Classifier,0,0,0.006659868443596402
01_knn,Distancia,Gradient Boosting Classifier,1,1,0.5786274383206541
01_knn,Distancia,Gradient Boosting Classifier,0,0,0.005228965914287321
01_knn,Distancia,Gradient Boosting Classifier,1,1,0.9004139492938172
01_knn,Distancia,Gradient Boosting Classifier,0,0,0.004696299414879879
01_knn,Distancia,Gradient Boosting Classifier,1,1,0.9949324543616007
01_knn,Distancia,Gradient Boosting Classifier,0,0,0.002902918190994722
01_knn,Distancia,Gradient Boosting Classifier,0,0,0.028775726072619977
01_knn,Distancia,Gradient Boosting Classifier,1,1,0.7196022989895272
01_knn,Distancia,Gradient Boosting Classifier,0,0,0.006416265305567366
01_knn,Distancia,Gradient Boosting Classifier,0,0,0.029072428236396646
01_knn,Distancia,Gradient Boosting Classifier,1,1,0.9847673075177604
01_knn,Distancia,Gradient Boosting Classifier,0,0,0.009143730242459734
01_knn,Distancia,Gradient Boosting Classifier,0,0,0.0579170828585598
01_knn,Distancia,Gradient Boosting Classifier,0,0,0.003197564384428144
01_knn,Distancia,Gradient Boosting Classifier,0,0,0.012162772183430743
01_knn,Distancia,Gradient Boosting Classifier,0,0,0.048354667343207515
01_knn,Distancia,Gradient Boosting Classifier,0,0,0.00334145803587549
01_knn,Distancia,Gradient Boosting Classifier,0,0,0.02129379977994016
01_knn,Distancia,Gradient Boosting Classifier,0,0,0.0045300323982930815
01_knn,Distancia,Gradient Boosting Classifier,0,0,0.053077255613414503
01_knn,Distancia,Gradient Boosting Classifier,0,0,0.004940923560161922
01_knn,Distancia,Gradient Boosting Classifier,0,0,0.03843923563523117
01_knn,Distancia,Gradient Boosting Classifier,1,1,0.995571704609372
01_knn,Distancia,Gradient Boosting Classifier,0,0,0.043665010871976516
01_knn,Distancia,Gradient Boosting Classifier,1,1,0.9066141427533755
01_knn,Distancia,Gradient Boosting Classifier,0,0,0.006248616082791872
01_knn,Distancia,Gradient Boosting Classifier,0,0,0.1257419399896956
