notebook,family,model,y_true,y_pred,residual
01_knn,Distancia,Gradient Boosting Regressor,1.0,2.0291536737007805,-1.0291536737007805
01_knn,Distancia,Gradient Boosting Regressor,3.5,3.7439398050100463,-0.2439398050100463
01_knn,Distancia,Gradient Boosting Regressor,1.5,2.3594175413142544,-0.8594175413142544
01_knn,Distancia,Gradient Boosting Regressor,11.5,10.404996672612045,1.0950033273879551
01_knn,Distancia,Gradient Boosting Regressor,3.0,2.7181764973370512,0.28182350266294875
01_knn,Distancia,Gradient Boosting Regressor,3.0,2.3594175413142544,0.6405824586857456
01_knn,Distancia,Gradient Boosting Regressor,0.5,1.9377262802659443,-1.4377262802659443
01_knn,Distancia,Gradient Boosting Regressor,25.0,19.404931926439446,5.5950680735605545
01_knn,Distancia,Gradient Boosting Regressor,107.0,94.7640254593718,12.235974540628206
01_knn,Distancia,Gradient Boosting Regressor,404.0,443.15712970855066,-39.157129708550656
01_knn,Distancia,Gradient Boosting Regressor,33.0,34.186510267518216,-1.1865102675182158
01_knn,Distancia,Gradient Boosting Regressor,2.0,4.406237844328407,-2.406237844328407
01_knn,Distancia,Gradient Boosting Regressor,1.0,2.0291536737007805,-1.0291536737007805
01_knn,Distancia,Gradient Boosting Regressor,18.0,31.783746293962373,-13.783746293962373
01_knn,Distancia,Gradient Boosting Regressor,3.5,4.406237844328407,-0.9062378443284071
01_knn,Distancia,Gradient Boosting Regressor,0.5,1.9377262802659443,-1.4377262802659443
01_knn,Distancia,Gradient Boosting Regressor,0.5,2.267990147879418,-1.7679901478794182
01_knn,Distancia,Gradient Boosting Regressor,3.5,4.406237844328407,-0.9062378443284071
01_knn,Distancia,Gradient Boosting Regressor,4.5,3.51507410292886,0.9849258970711401
01_knn,Distancia,Gradient Boosting Regressor,0.5,2.267990147879418,-1.7679901478794182
01_knn,Distancia,Gradient Boosting Regressor,27.0,19.404931926439446,7.5950680735605545
01_knn,Distancia,Gradient Boosting Regressor,0.5,3.2797363746526873,-2.7797363746526873
01_knn,Distancia,Gradient Boosting Regressor,30.0,22.33058147025342,7.669418529746579
01_knn,Distancia,Gradient Boosting Regressor,11.5,9.914372179941529,1.5856278200584715
01_knn,Distancia,Gradient Boosting Regressor,11.5,7.072109380159328,4.427890619840672
01_knn,Distancia,Gradient Boosting Regressor,3.5,5.3251478124830625,-1.8251478124830625
01_knn,Distancia,Gradient Boosting Regressor,11.5,18.924651443732593,-7.424651443732593
01_knn,Distancia,Gradient Boosting Regressor,8.0,16.314499110191782,-8.314499110191782
01_knn,Distancia,Gradient Boosting Regressor,3.0,2.7181764973370512,0.28182350266294875
01_knn,Distancia,Gradient Boosting Regressor,9.5,6.138797621165149,3.361202378834851
01_knn,Distancia,Gradient Boosting Regressor,10.0,7.747844187871908,2.252155812128092
01_knn,Distancia,Gradient Boosting Regressor,36.5,45.040979866782294,-8.540979866782294
01_knn,Distancia,Gradient Boosting Regressor,4.0,3.810304810750208,0.18969518924979178
01_knn,Distancia,Gradient Boosting Regressor,103.5,135.3682426379079,-31.868242637907912
01_knn,Distancia,Gradient Boosting Regressor,2.0,2.8850788717536804,-0.8850788717536804
01_knn,Distancia,Gradient Boosting Regressor,10.0,7.072109380159328,2.927890619840672
01_knn,Distancia,Gradient Boosting Regressor,141.5,97.1602470468969,44.3397529531031
01_knn,Distancia,Gradient Boosting Regressor,0.5,2.783680706221393,-2.283680706221393
01_knn,Distancia,Gradient Boosting Regressor,3.0,4.406237844328407,-1.4062378443284071
01_knn,Distancia,Gradient Boosting Regressor,3.0,24.896309313719147,-21.896309313719147
01_knn,Distancia,Gradient Boosting Regressor,0.5,2.267990147879418,-1.7679901478794182
01_knn,Distancia,Gradient Boosting Regressor,1.0,3.409175281656216,-2.409175281656216
01_knn,Distancia,Gradient Boosting Regressor,36.0,20.53247151701241,15.46752848298759
01_knn,Distancia,Gradient Boosting Regressor,39.5,20.53247151701241,18.96752848298759
01_knn,Distancia,Gradient Boosting Regressor,0.5,1.9377262802659443,-1.4377262802659443
01_knn,Distancia,Gradient Boosting Regressor,1.0,2.0291536737007805,-1.0291536737007805
01_knn,Distancia,Gradient Boosting Regressor,11.5,4.662611673534772,6.837388326465228
01_knn,Distancia,Gradient Boosting Regressor,6.0,4.406237844328407,1.5937621556715929
01_knn,Distancia,Gradient Boosting Regressor,0.5,1.9377262802659443,-1.4377262802659443
01_knn,Distancia,Gradient Boosting Regressor,1.5,5.630826904327613,-4.130826904327613
01_knn,Distancia,Gradient Boosting Regressor,4.0,3.7439398050100463,0.2560601949899537
01_knn,Distancia,Gradient Boosting Regressor,2.5,2.588283243395441,-0.0882832433954408
01_knn,Distancia,Gradient Boosting Regressor,10.0,5.3251478124830625,4.6748521875169375
01_knn,Distancia,Gradient Boosting Regressor,4.5,8.697618984724457,-4.197618984724457
01_knn,Distancia,Gradient Boosting Regressor,3135.0,2522.786210984613,612.2137890153872
01_knn,Distancia,Gradient Boosting Regressor,24.0,34.39480637705897,-10.39480637705897
01_knn,Distancia,Gradient Boosting Regressor,2.0,3.409175281656216,-1.409175281656216
01_knn,Distancia,Gradient Boosting Regressor,8.0,8.594541667220954,-0.5945416672209536
01_knn,Distancia,Gradient Boosting Regressor,1.5,2.5548150041402065,-1.0548150041402065
01_knn,Distancia,Gradient Boosting Regressor,1.5,2.3594175413142544,-0.8594175413142544
01_knn,Distancia,Gradient Boosting Regressor,197.0,141.1688403378872,55.83115966211281
01_knn,Distancia,Gradient Boosting Regressor,30.5,14.588756075687085,15.911243924312915
01_knn,Distancia,Gradient Boosting Regressor,5.5,6.27778467450712,-0.77778467450712
01_knn,Distancia,Gradient Boosting Regressor,0.5,2.267990147879418,-1.7679901478794182
01_knn,Distancia,Gradient Boosting Regressor,7.0,9.463988058532538,-2.4639880585325376
01_knn,Distancia,Gradient Boosting Regressor,5.0,6.27778467450712,-1.27778467450712
01_knn,Distancia,Gradient Boosting Regressor,7.0,5.855356184942255,1.1446438150577452
01_knn,Distancia,Gradient Boosting Regressor,16.5,13.516707910034455,2.983292089965545
01_knn,Distancia,Gradient Boosting Regressor,0.5,1.9377262802659443,-1.4377262802659443
01_knn,Distancia,Gradient Boosting Regressor,6.5,4.662611673534772,1.837388326465228
01_knn,Distancia,Gradient Boosting Regressor,5.0,9.233593351344268,-4.233593351344268
01_knn,Distancia,Gradient Boosting Regressor,0.5,2.267990147879418,-1.7679901478794182
01_knn,Distancia,Gradient Boosting Regressor,0.5,2.0291536737007805,-1.5291536737007805
01_knn,Distancia,Gradient Boosting Regressor,20.0,18.842729725795355,1.1572702742046452
01_knn,Distancia,Gradient Boosting Regressor,28.0,27.464583872072197,0.5354161279278031
01_knn,Distancia,Gradient Boosting Regressor,27.5,18.591282117757356,8.908717882242644
01_knn,Distancia,Gradient Boosting Regressor,9.5,4.891477375615959,4.608522624384041
01_knn,Distancia,Gradient Boosting Regressor,4.0,2.7181764973370512,1.2818235026629488
01_knn,Distancia,Gradient Boosting Regressor,2.5,4.0391705128313955,-1.5391705128313955
01_knn,Distancia,Gradient Boosting Regressor,2.0,6.653830232908795,-4.653830232908795
01_knn,Distancia,Gradient Boosting Regressor,0.5,1.9377262802659443,-1.4377262802659443
01_knn,Distancia,Gradient Boosting Regressor,0.5,2.267990147879418,-1.7679901478794182
01_knn,Distancia,Gradient Boosting Regressor,9.0,14.240213210526875,-5.240213210526875
01_knn,Distancia,Gradient Boosting Regressor,6.5,4.17737214224722,2.3226278577527797
01_knn,Distancia,Gradient Boosting Regressor,0.5,2.267990147879418,-1.7679901478794182
01_knn,Distancia,Gradient Boosting Regressor,3.0,3.1599078098451083,-0.15990780984510833
01_knn,Distancia,Gradient Boosting Regressor,9.5,9.511268793406543,-0.01126879340654341
01_knn,Distancia,Gradient Boosting Regressor,19.0,17.71519013522239,1.2848098647776105
01_knn,Distancia,Gradient Boosting Regressor,0.5,2.0291536737007805,-1.5291536737007805
01_knn,Distancia,Gradient Boosting Regressor,0.5,1.9377262802659443,-1.4377262802659443
01_knn,Distancia,Gradient Boosting Regressor,1.0,2.0291536737007805,-1.0291536737007805
01_knn,Distancia,Gradient Boosting Regressor,12.0,89.86847440144977,-77.86847440144977
01_knn,Distancia,Gradient Boosting Regressor,153.5,95.50500951214426,57.994990487855745
01_knn,Distancia,Gradient Boosting Regressor,8.0,16.643141969569758,-8.643141969569758
01_knn,Distancia,Gradient Boosting Regressor,4.0,6.27778467450712,-2.27778467450712
01_knn,Distancia,Gradient Boosting Regressor,1.0,2.267990147879418,-1.2679901478794182
01_knn,Distancia,Gradient Boosting Regressor,1.0,2.267990147879418,-1.2679901478794182
01_knn,Distancia,Gradient Boosting Regressor,0.5,2.267990147879418,-1.7679901478794182
01_knn,Distancia,Gradient Boosting Regressor,39.5,27.916642524694318,11.583357475305682
01_knn,Distancia,Gradient Boosting Regressor,139.0,99.09877682289007,39.90122317710993
01_knn,Distancia,Gradient Boosting Regressor,12.0,11.039950743982107,0.9600492560178928
01_knn,Distancia,Gradient Boosting Regressor,268.0,368.73095731947797,-100.73095731947797
01_knn,Distancia,Gradient Boosting Regressor,0.5,1.9377262802659443,-1.4377262802659443
01_knn,Distancia,Gradient Boosting Regressor,0.5,2.267990147879418,-1.7679901478794182
01_knn,Distancia,Gradient Boosting Regressor,9.0,5.897805302692137,3.102194697307863
01_knn,Distancia,Gradient Boosting Regressor,6.5,4.891477375615959,1.6085226243840411
01_knn,Distancia,Gradient Boosting Regressor,2.0,3.113944573834867,-1.1139445738348668
01_knn,Distancia,Gradient Boosting Regressor,0.5,2.267990147879418,-1.7679901478794182
01_knn,Distancia,Gradient Boosting Regressor,0.5,2.267990147879418,-1.7679901478794182
01_knn,Distancia,Gradient Boosting Regressor,1.5,3.078911414042742,-1.578911414042742
01_knn,Distancia,Gradient Boosting Regressor,1.5,2.3594175413142544,-0.8594175413142544
01_knn,Distancia,Gradient Boosting Regressor,3.0,2.3594175413142544,0.6405824586857456
01_knn,Distancia,Gradient Boosting Regressor,25.5,26.321981206103075,-0.8219812061030751
01_knn,Distancia,Gradient Boosting Regressor,1.5,2.0291536737007805,-0.5291536737007805
01_knn,Distancia,Gradient Boosting Regressor,7.0,10.397489377132072,-3.3974893771320716
01_knn,Distancia,Gradient Boosting Regressor,0.5,11.629264900762145,-11.129264900762145
01_knn,Distancia,Gradient Boosting Regressor,0.5,2.267990147879418,-1.7679901478794182
01_knn,Distancia,Gradient Boosting Regressor,4.0,4.17737214224722,-0.1773721422472203
01_knn,Distancia,Gradient Boosting Regressor,10.0,15.402405884369172,-5.402405884369172
01_knn,Distancia,Gradient Boosting Regressor,138.5,142.2304380962164,-3.730438096216403
01_knn,Distancia,Gradient Boosting Regressor,4.5,6.4139096626775824,-1.9139096626775824
01_knn,Distancia,Gradient Boosting Regressor,24.0,22.33058147025342,1.6694185297465793
01_knn,Distancia,Gradient Boosting Regressor,1.5,2.8850788717536804,-1.3850788717536804
01_knn,Distancia,Gradient Boosting Regressor,0.5,1.9377262802659443,-1.4377262802659443
01_knn,Distancia,Gradient Boosting Regressor,0.5,2.267990147879418,-1.7679901478794182
01_knn,Distancia,Gradient Boosting Regressor,1.5,2.6167783318047637,-1.1167783318047637
01_knn,Distancia,Gradient Boosting Regressor,1.0,2.267990147879418,-1.2679901478794182
01_knn,Distancia,Gradient Boosting Regressor,6.0,4.662611673534772,1.337388326465228
01_knn,Distancia,Gradient Boosting Regressor,31.0,25.709959122401237,5.290040877598763
01_knn,Distancia,Gradient Boosting Regressor,1.0,2.267990147879418,-1.2679901478794182
01_knn,Distancia,Gradient Boosting Regressor,2.5,6.27778467450712,-3.77778467450712
01_knn,Distancia,Gradient Boosting Regressor,550.0,467.079437208285,82.92056279171499
01_knn,Distancia,Gradient Boosting Regressor,36.0,27.523192748728853,8.476807251271147
01_knn,Distancia,Gradient Boosting Regressor,31.5,28.362496321963135,3.1375036780368646
01_knn,Distancia,Gradient Boosting Regressor,2.5,5.427451742235771,-2.927451742235771
01_knn,Distancia,Gradient Boosting Regressor,0.5,2.0291536737007805,-1.5291536737007805
01_knn,Distancia,Gradient Boosting Regressor,20.5,19.71882170833032,0.7811782916696792
01_knn,Distancia,Gradient Boosting Regressor,5.5,6.847580099544686,-1.347580099544686
01_knn,Distancia,Gradient Boosting Regressor,2.5,3.7439398050100463,-1.2439398050100463
01_knn,Distancia,Gradient Boosting Regressor,20.5,21.22142356407941,-0.7214235640794087
01_knn,Distancia,Gradient Boosting Regressor,1.0,2.267990147879418,-1.2679901478794182
01_knn,Distancia,Gradient Boosting Regressor,0.5,2.267990147879418,-1.7679901478794182
01_knn,Distancia,Gradient Boosting Regressor,1.0,2.267990147879418,-1.2679901478794182
01_knn,Distancia,Gradient Boosting Regressor,0.5,1.9377262802659443,-1.4377262802659443
01_knn,Distancia,Gradient Boosting Regressor,3.0,11.72890279104911,-8.72890279104911
01_knn,Distancia,Gradient Boosting Regressor,0.5,1.9377262802659443,-1.4377262802659443
01_knn,Distancia,Gradient Boosting Regressor,0.5,2.267990147879418,-1.7679901478794182
01_knn,Distancia,Gradient Boosting Regressor,2.0,4.978895334537482,-2.978895334537482
01_knn,Distancia,Gradient Boosting Regressor,1.0,2.267990147879418,-1.2679901478794182
01_knn,Distancia,Gradient Boosting Regressor,5.5,10.240207507186469,-4.740207507186469
01_knn,Distancia,Gradient Boosting Regressor,29.5,26.540492631575134,2.959507368424866
01_knn,Distancia,Gradient Boosting Regressor,1.0,2.267990147879418,-1.2679901478794182
01_knn,Distancia,Gradient Boosting Regressor,44.0,45.89927768385802,-1.899277683858017
01_knn,Distancia,Gradient Boosting Regressor,0.5,2.6498590311983334,-2.1498590311983334
01_knn,Distancia,Gradient Boosting Regressor,1.0,11.039950743982107,-10.039950743982107
01_knn,Distancia,Gradient Boosting Regressor,1.0,2.267990147879418,-1.2679901478794182
01_knn,Distancia,Gradient Boosting Regressor,0.5,1.9377262802659443,-1.4377262802659443
01_knn,Distancia,Gradient Boosting Regressor,1.5,2.3737160035810443,-0.8737160035810443
01_knn,Distancia,Gradient Boosting Regressor,0.5,1.9377262802659443,-1.4377262802659443
01_knn,Distancia,Gradient Boosting Regressor,0.5,1.9377262802659443,-1.4377262802659443
01_knn,Distancia,Gradient Boosting Regressor,1.0,2.3594175413142544,-1.3594175413142544
01_knn,Distancia,Gradient Boosting Regressor,1691.0,2139.873566275242,-448.87356627524196
01_knn,Distancia,Gradient Boosting Regressor,0.5,1.9377262802659443,-1.4377262802659443
01_knn,Distancia,Gradient Boosting Regressor,1.5,3.113944573834867,-1.6139445738348668
01_knn,Distancia,Gradient Boosting Regressor,1.5,2.8850788717536804,-1.3850788717536804
01_knn,Distancia,Gradient Boosting Regressor,1.0,2.267990147879418,-1.2679901478794182
01_knn,Distancia,Gradient Boosting Regressor,0.5,1.9377262802659443,-1.4377262802659443
01_knn,Distancia,Gradient Boosting Regressor,0.5,1.9377262802659443,-1.4377262802659443
01_knn,Distancia,Gradient Boosting Regressor,6.0,7.7835032770268535,-1.7835032770268535
01_knn,Distancia,Gradient Boosting Regressor,1.5,2.0291536737007805,-0.5291536737007805
01_knn,Distancia,Gradient Boosting Regressor,0.5,1.9377262802659443,-1.4377262802659443
01_knn,Distancia,Gradient Boosting Regressor,3.0,3.810304810750208,-0.8103048107502082
01_knn,Distancia,Gradient Boosting Regressor,0.5,1.9377262802659443,-1.4377262802659443
01_knn,Distancia,Gradient Boosting Regressor,23.5,18.842729725795355,4.657270274204645
01_knn,Distancia,Gradient Boosting Regressor,1.0,1.9377262802659443,-0.9377262802659443
01_knn,Distancia,Gradient Boosting Regressor,2.5,2.8850788717536804,-0.3850788717536804
01_knn,Distancia,Gradient Boosting Regressor,0.5,2.267990147879418,-1.7679901478794182
01_knn,Distancia,Gradient Boosting Regressor,0.5,2.5263199157308835,-2.0263199157308835
01_knn,Distancia,Gradient Boosting Regressor,4.0,3.8821414344258707,0.11785856557412933
01_knn,Distancia,Gradient Boosting Regressor,41.0,33.65318601259013,7.346813987409867
01_knn,Distancia,Gradient Boosting Regressor,0.5,1.9377262802659443,-1.4377262802659443
01_knn,Distancia,Gradient Boosting Regressor,0.5,1.9377262802659443,-1.4377262802659443
01_knn,Distancia,Gradient Boosting Regressor,23.0,23.221691195588697,-0.2216911955886971
01_knn,Distancia,Gradient Boosting Regressor,3.0,4.891477375615959,-1.8914773756159589
01_knn,Distancia,Gradient Boosting Regressor,0.5,2.267990147879418,-1.7679901478794182
01_knn,Distancia,Gradient Boosting Regressor,1.0,2.267990147879418,-1.2679901478794182
01_knn,Distancia,Gradient Boosting Regressor,0.5,2.267990147879418,-1.7679901478794182
01_knn,Distancia,Gradient Boosting Regressor,8.5,16.106647159642296,-7.606647159642296
01_knn,Distancia,Gradient Boosting Regressor,1.5,8.264277799607479,-6.764277799607479
01_knn,Distancia,Gradient Boosting Regressor,2.0,3.7439398050100463,-1.7439398050100463
01_knn,Distancia,Gradient Boosting Regressor,0.5,2.267990147879418,-1.7679901478794182
01_knn,Distancia,Gradient Boosting Regressor,4.0,4.0391705128313955,-0.0391705128313955
01_knn,Distancia,Gradient Boosting Regressor,0.5,2.267990147879418,-1.7679901478794182
01_knn,Distancia,Gradient Boosting Regressor,13.5,6.428013675151329,7.071986324848671
01_knn,Distancia,Gradient Boosting Regressor,7.0,4.891477375615959,2.108522624384041
01_knn,Distancia,Gradient Boosting Regressor,1.0,2.6167783318047637,-1.6167783318047637
01_knn,Distancia,Gradient Boosting Regressor,1.5,2.267990147879418,-0.7679901478794182
01_knn,Distancia,Gradient Boosting Regressor,0.5,2.267990147879418,-1.7679901478794182
01_knn,Distancia,Gradient Boosting Regressor,10.0,5.3251478124830625,4.6748521875169375
01_knn,Distancia,Gradient Boosting Regressor,5.0,4.662611673534772,0.337388326465228
01_knn,Distancia,Gradient Boosting Regressor,0.5,2.267990147879418,-1.7679901478794182
01_knn,Distancia,Gradient Boosting Regressor,0.5,2.267990147879418,-1.7679901478794182
01_knn,Distancia,Gradient Boosting Regressor,1.5,2.267990147879418,-0.7679901478794182
01_knn,Distancia,Gradient Boosting Regressor,5.5,5.4641348658250335,0.035865134174966506
01_knn,Distancia,Gradient Boosting Regressor,4.5,2.3594175413142544,2.1405824586857456
01_knn,Distancia,Gradient Boosting Regressor,3.0,4.406237844328407,-1.4062378443284071
01_knn,Distancia,Gradient Boosting Regressor,3.5,5.705127184298045,-2.2051271842980453
01_knn,Distancia,Gradient Boosting Regressor,129.0,134.52015334727895,-5.520153347278949
01_knn,Distancia,Gradient Boosting Regressor,1.0,2.267990147879418,-1.2679901478794182
01_knn,Distancia,Gradient Boosting Regressor,3598.0,2244.2786758828906,1353.7213241171094
01_knn,Distancia,Gradient Boosting Regressor,3.0,6.4139096626775824,-3.4139096626775824
01_knn,Distancia,Gradient Boosting Regressor,0.5,2.267990147879418,-1.7679901478794182
01_knn,Distancia,Gradient Boosting Regressor,24.0,26.6205128066848,-2.6205128066848005
01_knn,Distancia,Gradient Boosting Regressor,24.5,27.365196657153867,-2.8651966571538665
01_knn,Distancia,Gradient Boosting Regressor,1.0,2.267990147879418,-1.2679901478794182
01_knn,Distancia,Gradient Boosting Regressor,5.0,5.4641348658250335,-0.4641348658250335
01_knn,Distancia,Gradient Boosting Regressor,2.0,2.75518561781207,-0.7551856178120699
01_knn,Distancia,Gradient Boosting Regressor,2.0,2.8850788717536804,-0.8850788717536804
01_knn,Distancia,Gradient Boosting Regressor,10.0,7.747844187871908,2.252155812128092
01_knn,Distancia,Gradient Boosting Regressor,199.0,107.80436472478465,91.19563527521535
01_knn,Distancia,Gradient Boosting Regressor,7.0,4.891477375615959,2.108522624384041
01_knn,Distancia,Gradient Boosting Regressor,2.0,2.3594175413142544,-0.3594175413142544
01_knn,Distancia,Gradient Boosting Regressor,10.5,17.595948847543742,-7.095948847543742
01_knn,Distancia,Gradient Boosting Regressor,19.5,14.330357718716542,5.169642281283458
01_knn,Distancia,Gradient Boosting Regressor,0.5,1.9377262802659443,-1.4377262802659443
01_knn,Distancia,Gradient Boosting Regressor,5.0,4.891477375615959,0.10852262438404114
01_knn,Distancia,Gradient Boosting Regressor,2.0,2.7181764973370512,-0.7181764973370512
01_knn,Distancia,Gradient Boosting Regressor,5.0,5.4641348658250335,-0.4641348658250335
01_knn,Distancia,Gradient Boosting Regressor,0.5,1.9377262802659443,-1.4377262802659443
01_knn,Distancia,Gradient Boosting Regressor,0.5,1.9377262802659443,-1.4377262802659443
01_knn,Distancia,Gradient Boosting Regressor,0.5,2.267990147879418,-1.7679901478794182
01_knn,Distancia,Gradient Boosting Regressor,0.5,2.267990147879418,-1.7679901478794182
01_knn,Distancia,Gradient Boosting Regressor,1.5,2.75518561781207,-1.25518561781207
01_knn,Distancia,Gradient Boosting Regressor,4.5,9.027882852337932,-4.527882852337932
01_knn,Distancia,Gradient Boosting Regressor,456.0,410.295196605664,45.70480339433601
01_knn,Distancia,Gradient Boosting Regressor,13.5,10.955192112218638,2.544807887781362
01_knn,Distancia,Gradient Boosting Regressor,5.0,9.463988058532538,-4.4639880585325376
01_knn,Distancia,Gradient Boosting Regressor,3.0,3.409175281656216,-0.409175281656216
01_knn,Distancia,Gradient Boosting Regressor,23.0,16.9015403265403,6.0984596734597005
01_knn,Distancia,Gradient Boosting Regressor,15.0,20.77681462518136,-5.776814625181359
01_knn,Distancia,Gradient Boosting Regressor,463.0,382.27239429339687,80.72760570660313
01_knn,Distancia,Gradient Boosting Regressor,0.5,2.267990147879418,-1.7679901478794182
01_knn,Distancia,Gradient Boosting Regressor,0.5,2.267990147879418,-1.7679901478794182
01_knn,Distancia,Gradient Boosting Regressor,0.5,2.5548150041402065,-2.0548150041402065
01_knn,Distancia,Gradient Boosting Regressor,0.5,2.267990147879418,-1.7679901478794182
01_knn,Distancia,Gradient Boosting Regressor,4.0,4.17737214224722,-0.1773721422472203
01_knn,Distancia,Gradient Boosting Regressor,7.0,7.440911350261787,-0.4409113502617874
01_knn,Distancia,Gradient Boosting Regressor,0.5,2.267990147879418,-1.7679901478794182
01_knn,Distancia,Gradient Boosting Regressor,338.0,379.12481403135985,-41.12481403135985
01_knn,Distancia,Gradient Boosting Regressor,1.5,17.50218774950918,-16.00218774950918
01_knn,Distancia,Gradient Boosting Regressor,28.5,17.892954928942817,10.607045071057183
01_knn,Distancia,Gradient Boosting Regressor,0.5,2.267990147879418,-1.7679901478794182
01_knn,Distancia,Gradient Boosting Regressor,14.5,8.391939892879908,6.108060107120092
01_knn,Distancia,Gradient Boosting Regressor,61.5,65.09468176931074,-3.594681769310739
01_knn,Distancia,Gradient Boosting Regressor,11.0,13.440469973731235,-2.4404699737312345
01_knn,Distancia,Gradient Boosting Regressor,1.0,1.9377262802659443,-0.9377262802659443
01_knn,Distancia,Gradient Boosting Regressor,2.0,2.3594175413142544,-0.3594175413142544
01_knn,Distancia,Gradient Boosting Regressor,11.0,5.897805302692137,5.102194697307863
01_knn,Distancia,Gradient Boosting Regressor,1939.0,1962.875888265312,-23.875888265311914
01_knn,Distancia,Gradient Boosting Regressor,93.0,408.4982807090255,-315.4982807090255
01_knn,Distancia,Gradient Boosting Regressor,22.0,12.752491951230942,9.247508048769058
01_knn,Distancia,Gradient Boosting Regressor,2.5,4.406237844328407,-1.9062378443284071
01_knn,Distancia,Gradient Boosting Regressor,11.5,14.588756075687085,-3.088756075687085
01_knn,Distancia,Gradient Boosting Regressor,1.5,2.0291536737007805,-0.5291536737007805
01_knn,Distancia,Gradient Boosting Regressor,13.5,18.576445969824903,-5.076445969824903
01_knn,Distancia,Gradient Boosting Regressor,4.5,11.169191688622673,-6.669191688622673
01_knn,Distancia,Gradient Boosting Regressor,5.5,4.406237844328407,1.0937621556715929
01_knn,Distancia,Gradient Boosting Regressor,2.5,2.8850788717536804,-0.3850788717536804
01_knn,Distancia,Gradient Boosting Regressor,0.5,2.267990147879418,-1.7679901478794182
01_knn,Distancia,Gradient Boosting Regressor,28.0,18.074787295221903,9.925212704778097
01_knn,Distancia,Gradient Boosting Regressor,2.0,2.0291536737007805,-0.02915367370078048
01_knn,Distancia,Gradient Boosting Regressor,24.5,18.25255208894233,6.2474479110576695
01_knn,Distancia,Gradient Boosting Regressor,9.0,7.644766870368402,1.355233129631598
01_knn,Distancia,Gradient Boosting Regressor,3.0,4.9948839448695885,-1.9948839448695885
01_knn,Distancia,Gradient Boosting Regressor,2.0,2.588283243395441,-0.5882832433954408
01_knn,Distancia,Gradient Boosting Regressor,11.5,5.3251478124830625,6.1748521875169375
01_knn,Distancia,Gradient Boosting Regressor,12.5,13.426563401844788,-0.9265634018447884
01_knn,Distancia,Gradient Boosting Regressor,4.0,6.356100254028942,-2.3561002540289424
01_knn,Distancia,Gradient Boosting Regressor,2.5,14.240213210526875,-11.740213210526875
01_knn,Distancia,Gradient Boosting Regressor,0.5,2.267990147879418,-1.7679901478794182
01_knn,Distancia,Gradient Boosting Regressor,0.5,1.9377262802659443,-1.4377262802659443
01_knn,Distancia,Gradient Boosting Regressor,0.5,2.267990147879418,-1.7679901478794182
01_knn,Distancia,Gradient Boosting Regressor,2.0,2.1960560481174096,-0.19605604811740962
01_knn,Distancia,Gradient Boosting Regressor,4.5,4.561213508002485,-0.06121350800248493
01_knn,Distancia,Gradient Boosting Regressor,22.0,19.404931926439446,2.5950680735605545
01_knn,Distancia,Gradient Boosting Regressor,28.5,20.55607839794619,7.943921602053809
01_knn,Distancia,Gradient Boosting Regressor,24.0,19.202326885794868,4.797673114205132
01_knn,Distancia,Gradient Boosting Regressor,1.0,1.9377262802659443,-0.9377262802659443
01_knn,Distancia,Gradient Boosting Regressor,7.0,7.072109380159328,-0.07210938015932822
01_knn,Distancia,Gradient Boosting Regressor,1.5,2.75518561781207,-1.25518561781207
01_knn,Distancia,Gradient Boosting Regressor,1.5,3.078911414042742,-1.578911414042742
01_knn,Distancia,Gradient Boosting Regressor,2.0,4.978895334537482,-2.978895334537482
01_knn,Distancia,Gradient Boosting Regressor,14.0,18.591282117757356,-4.5912821177573555
01_knn,Distancia,Gradient Boosting Regressor,27.0,28.745352062067035,-1.7453520620670346
01_knn,Distancia,Gradient Boosting Regressor,23.5,25.709959122401237,-2.209959122401237
01_knn,Distancia,Gradient Boosting Regressor,149.5,130.56367009136216,18.936329908637845
01_knn,Distancia,Gradient Boosting Regressor,2.5,4.0391705128313955,-1.5391705128313955
01_knn,Distancia,Gradient Boosting Regressor,0.5,2.267990147879418,-1.7679901478794182
01_knn,Distancia,Gradient Boosting Regressor,1.0,2.0291536737007805,-1.0291536737007805
01_knn,Distancia,Gradient Boosting Regressor,1.0,2.267990147879418,-1.2679901478794182
01_knn,Distancia,Gradient Boosting Regressor,3.5,15.417695112575297,-11.917695112575297
01_knn,Distancia,Gradient Boosting Regressor,1.0,2.267990147879418,-1.2679901478794182
01_knn,Distancia,Gradient Boosting Regressor,3.0,3.113944573834867,-0.11394457383486678
01_knn,Distancia,Gradient Boosting Regressor,9.0,4.891477375615959,4.108522624384041
01_knn,Distancia,Gradient Boosting Regressor,4.0,6.847580099544686,-2.847580099544686
01_knn,Distancia,Gradient Boosting Regressor,11.5,16.9015403265403,-5.4015403265402995
01_knn,Distancia,Gradient Boosting Regressor,0.5,2.0291536737007805,-1.5291536737007805
01_knn,Distancia,Gradient Boosting Regressor,28.5,19.404931926439446,9.095068073560554
01_knn,Distancia,Gradient Boosting Regressor,0.5,2.258019375781967,-1.7580193757819669
01_knn,Distancia,Gradient Boosting Regressor,0.5,2.267990147879418,-1.7679901478794182
01_knn,Distancia,Gradient Boosting Regressor,35.5,35.72876659981874,-0.2287665998187407
01_knn,Distancia,Gradient Boosting Regressor,6.5,24.017120638726528,-17.517120638726528
01_knn,Distancia,Gradient Boosting Regressor,3.5,2.7181764973370512,0.7818235026629488
01_knn,Distancia,Gradient Boosting Regressor,539.0,380.9993215651569,158.0006784348431
01_knn,Distancia,Gradient Boosting Regressor,2.0,2.3594175413142544,-0.3594175413142544
01_knn,Distancia,Gradient Boosting Regressor,33.5,19.404931926439446,14.095068073560554
01_knn,Distancia,Gradient Boosting Regressor,4.0,5.219887653010494,-1.2198876530104936
01_knn,Distancia,Gradient Boosting Regressor,4.0,5.567541435078663,-1.5675414350786632
01_knn,Distancia,Gradient Boosting Regressor,3.0,4.406237844328407,-1.4062378443284071
01_knn,Distancia,Gradient Boosting Regressor,26.5,10.837853456502687,15.662146543497313
01_knn,Distancia,Gradient Boosting Regressor,0.5,1.9377262802659443,-1.4377262802659443
01_knn,Distancia,Gradient Boosting Regressor,4.5,7.6080837467791405,-3.1080837467791405
01_knn,Distancia,Gradient Boosting Regressor,1.5,2.5548150041402065,-1.0548150041402065
01_knn,Distancia,Gradient Boosting Regressor,3.0,4.61182800304047,-1.6118280030404701
01_knn,Distancia,Gradient Boosting Regressor,0.5,2.267990147879418,-1.7679901478794182
01_knn,Distancia,Gradient Boosting Regressor,0.5,2.267990147879418,-1.7679901478794182
01_knn,Distancia,Gradient Boosting Regressor,0.5,2.267990147879418,-1.7679901478794182
01_knn,Distancia,Gradient Boosting Regressor,1.0,2.267990147879418,-1.2679901478794182
01_knn,Distancia,Gradient Boosting Regressor,0.5,1.9377262802659443,-1.4377262802659443
01_knn,Distancia,Gradient Boosting Regressor,3.0,6.27778467450712,-3.27778467450712
01_knn,Distancia,Gradient Boosting Regressor,0.5,1.9377262802659443,-1.4377262802659443
01_knn,Distancia,Gradient Boosting Regressor,2.0,9.753695601114995,-7.753695601114995
01_knn,Distancia,Gradient Boosting Regressor,1.0,3.078911414042742,-2.078911414042742
01_knn,Distancia,Gradient Boosting Regressor,26.0,29.93850693169255,-3.938506931692551
01_knn,Distancia,Gradient Boosting Regressor,3.0,2.8850788717536804,0.11492112824631961
01_knn,Distancia,Gradient Boosting Regressor,22.0,18.545723644396286,3.4542763556037137
01_knn,Distancia,Gradient Boosting Regressor,0.5,2.267990147879418,-1.7679901478794182
01_knn,Distancia,Gradient Boosting Regressor,17.5,22.63567486902074,-5.13567486902074
01_knn,Distancia,Gradient Boosting Regressor,1.5,2.0291536737007805,-0.5291536737007805
01_knn,Distancia,Gradient Boosting Regressor,0.5,1.9377262802659443,-1.4377262802659443
01_knn,Distancia,Gradient Boosting Regressor,509.0,395.7143794990782,113.28562050092182
01_knn,Distancia,Gradient Boosting Regressor,1.0,1.9377262802659443,-0.9377262802659443
01_knn,Distancia,Gradient Boosting Regressor,2.0,2.3594175413142544,-0.3594175413142544
01_knn,Distancia,Gradient Boosting Regressor,25.0,19.891278932861866,5.108721067138134
01_knn,Distancia,Gradient Boosting Regressor,2.0,3.3481717285122308,-1.3481717285122308
01_knn,Distancia,Gradient Boosting Regressor,1.5,2.0291536737007805,-0.5291536737007805
01_knn,Distancia,Gradient Boosting Regressor,2.0,2.3594175413142544,-0.3594175413142544
01_knn,Distancia,Gradient Boosting Regressor,11.0,17.71519013522239,-6.7151901352223895
01_knn,Distancia,Gradient Boosting Regressor,0.5,1.9377262802659443,-1.4377262802659443
01_knn,Distancia,Gradient Boosting Regressor,11.5,16.9015403265403,-5.4015403265402995
01_knn,Distancia,Gradient Boosting Regressor,0.5,1.9377262802659443,-1.4377262802659443
01_knn,Distancia,Gradient Boosting Regressor,1.0,2.5548150041402065,-1.5548150041402065
01_knn,Distancia,Gradient Boosting Regressor,1.0,2.267990147879418,-1.2679901478794182
01_knn,Distancia,Gradient Boosting Regressor,0.5,1.9377262802659443,-1.4377262802659443
01_knn,Distancia,Gradient Boosting Regressor,12.5,11.095729475467515,1.4042705245324854
01_knn,Distancia,Gradient Boosting Regressor,35.5,20.53247151701241,14.96752848298759
01_knn,Distancia,Gradient Boosting Regressor,21.0,18.404142182289387,2.5958578177106126
01_knn,Distancia,Gradient Boosting Regressor,1.5,2.3594175413142544,-0.8594175413142544
01_knn,Distancia,Gradient Boosting Regressor,5.5,14.195054939476949,-8.695054939476949
01_knn,Distancia,Gradient Boosting Regressor,2.5,2.5263199157308835,-0.026319915730883547
01_knn,Distancia,Gradient Boosting Regressor,0.5,2.267990147879418,-1.7679901478794182
01_knn,Distancia,Gradient Boosting Regressor,3.0,3.51507410292886,-0.5150741029288599
01_knn,Distancia,Gradient Boosting Regressor,24.0,19.202326885794868,4.797673114205132
01_knn,Distancia,Gradient Boosting Regressor,1.5,2.0291536737007805,-0.5291536737007805
01_knn,Distancia,Gradient Boosting Regressor,4.5,4.891477375615959,-0.39147737561595886
01_knn,Distancia,Gradient Boosting Regressor,0.5,1.9377262802659443,-1.4377262802659443
01_knn,Distancia,Gradient Boosting Regressor,0.5,1.9377262802659443,-1.4377262802659443
01_knn,Distancia,Gradient Boosting Regressor,26.5,29.434304109134033,-2.9343041091340325
01_knn,Distancia,Gradient Boosting Regressor,1.5,2.783680706221393,-1.2836807062213929
01_knn,Distancia,Gradient Boosting Regressor,31.0,21.443025201295967,9.556974798704033
01_knn,Distancia,Gradient Boosting Regressor,6.0,4.891477375615959,1.1085226243840411
01_knn,Distancia,Gradient Boosting Regressor,22.5,17.71519013522239,4.7848098647776105
01_knn,Distancia,Gradient Boosting Regressor,0.5,2.267990147879418,-1.7679901478794182
01_knn,Distancia,Gradient Boosting Regressor,7.5,5.3251478124830625,2.1748521875169375
01_knn,Distancia,Gradient Boosting Regressor,2.0,2.0291536737007805,-0.02915367370078048
01_knn,Distancia,Gradient Boosting Regressor,3.0,3.113944573834867,-0.11394457383486678
01_knn,Distancia,Gradient Boosting Regressor,36.0,18.01769470093961,17.98230529906039
01_knn,Distancia,Gradient Boosting Regressor,0.5,2.267990147879418,-1.7679901478794182
01_knn,Distancia,Gradient Boosting Regressor,129.0,125.4023186750299,3.5976813249700967
01_knn,Distancia,Gradient Boosting Regressor,21.5,17.261137486539813,4.238862513460187
01_knn,Distancia,Gradient Boosting Regressor,5.0,16.526853412359163,-11.526853412359163
01_knn,Distancia,Gradient Boosting Regressor,0.5,1.9377262802659443,-1.4377262802659443
01_knn,Distancia,Gradient Boosting Regressor,1.0,2.206813629164415,-1.2068136291644151
01_knn,Distancia,Gradient Boosting Regressor,1.5,2.3594175413142544,-0.8594175413142544
01_knn,Distancia,Gradient Boosting Regressor,4.0,9.753695601114995,-5.753695601114995
01_knn,Distancia,Gradient Boosting Regressor,1.5,1.9377262802659443,-0.4377262802659443
01_knn,Distancia,Gradient Boosting Regressor,0.5,1.9377262802659443,-1.4377262802659443
01_knn,Distancia,Gradient Boosting Regressor,0.5,2.267990147879418,-1.7679901478794182
01_knn,Distancia,Gradient Boosting Regressor,5.0,4.891477375615959,0.10852262438404114
01_knn,Distancia,Gradient Boosting Regressor,0.5,2.0291536737007805,-1.5291536737007805
01_knn,Distancia,Gradient Boosting Regressor,3.0,3.7439398050100463,-0.7439398050100463
01_knn,Distancia,Gradient Boosting Regressor,0.5,2.267990147879418,-1.7679901478794182
01_knn,Distancia,Gradient Boosting Regressor,25.5,17.71519013522239,7.7848098647776105
01_knn,Distancia,Gradient Boosting Regressor,1.5,4.891477375615959,-3.391477375615959
01_knn,Distancia,Gradient Boosting Regressor,59.0,31.899870065685946,27.100129934314054
01_knn,Distancia,Gradient Boosting Regressor,0.5,1.9377262802659443,-1.4377262802659443
01_knn,Distancia,Gradient Boosting Regressor,9.5,6.461360413501511,3.0386395864984888
01_knn,Distancia,Gradient Boosting Regressor,0.5,1.9377262802659443,-1.4377262802659443
01_knn,Distancia,Gradient Boosting Regressor,12.0,21.22142356407941,-9.221423564079409
01_knn,Distancia,Gradient Boosting Regressor,154.0,110.11304947027813,43.88695052972187
01_knn,Distancia,Gradient Boosting Regressor,0.5,2.267990147879418,-1.7679901478794182
01_knn,Distancia,Gradient Boosting Regressor,6.5,8.230784031780258,-1.7307840317802583
01_knn,Distancia,Gradient Boosting Regressor,2.5,3.113944573834867,-0.6139445738348668
01_knn,Distancia,Gradient Boosting Regressor,3.0,2.8850788717536804,0.11492112824631961
01_knn,Distancia,Gradient Boosting Regressor,7.0,5.4641348658250335,1.5358651341749665
01_knn,Distancia,Gradient Boosting Regressor,2.0,2.3879126297235773,-0.3879126297235773
01_knn,Distancia,Gradient Boosting Regressor,7.0,9.40819147590304,-2.40819147590304
01_knn,Distancia,Gradient Boosting Regressor,2.0,2.0291536737007805,-0.02915367370078048
01_knn,Distancia,Gradient Boosting Regressor,25.5,13.638981278834539,11.861018721165461
01_knn,Distancia,Gradient Boosting Regressor,1.5,4.406237844328407,-2.906237844328407
01_knn,Distancia,Gradient Boosting Regressor,13.5,18.053144273793222,-4.553144273793222
01_knn,Distancia,Gradient Boosting Regressor,0.5,2.267990147879418,-1.7679901478794182
01_knn,Distancia,Gradient Boosting Regressor,46.0,43.85613377852423,2.1438662214757684
01_knn,Distancia,Gradient Boosting Regressor,0.5,2.267990147879418,-1.7679901478794182
01_knn,Distancia,Gradient Boosting Regressor,1.0,2.267990147879418,-1.2679901478794182
01_knn,Distancia,Gradient Boosting Regressor,6.5,8.697618984724457,-2.197618984724457
01_knn,Distancia,Gradient Boosting Regressor,0.5,1.9377262802659443,-1.4377262802659443
01_knn,Distancia,Gradient Boosting Regressor,24.5,16.765415338369845,7.734584661630155
01_knn,Distancia,Gradient Boosting Regressor,0.5,1.9377262802659443,-1.4377262802659443
01_knn,Distancia,Gradient Boosting Regressor,2.0,8.264277799607479,-6.264277799607479
01_knn,Distancia,Gradient Boosting Regressor,2.5,2.8850788717536804,-0.3850788717536804
01_knn,Distancia,Gradient Boosting Regressor,130.5,94.34324927762306,36.15675072237694
01_knn,Distancia,Gradient Boosting Regressor,3.0,2.3594175413142544,0.6405824586857456
01_knn,Distancia,Gradient Boosting Regressor,0.5,1.9377262802659443,-1.4377262802659443
01_knn,Distancia,Gradient Boosting Regressor,32.5,57.92760875306703,-25.427608753067027
01_knn,Distancia,Gradient Boosting Regressor,17.0,20.53247151701241,-3.532471517012411
01_knn,Distancia,Gradient Boosting Regressor,0.5,2.783680706221393,-2.283680706221393
01_knn,Distancia,Gradient Boosting Regressor,6.5,6.711455111374224,-0.21145511137422357
01_knn,Distancia,Gradient Boosting Regressor,0.5,2.267990147879418,-1.7679901478794182
01_knn,Distancia,Gradient Boosting Regressor,0.5,1.9377262802659443,-1.4377262802659443
01_knn,Distancia,Gradient Boosting Regressor,7.0,13.426563401844788,-6.426563401844788
01_knn,Distancia,Gradient Boosting Regressor,2.5,2.3594175413142544,0.1405824586857456
01_knn,Distancia,Gradient Boosting Regressor,1.0,2.267990147879418,-1.2679901478794182
01_knn,Distancia,Gradient Boosting Regressor,1.0,22.871886563060826,-21.871886563060826
01_knn,Distancia,Gradient Boosting Regressor,5.0,4.891477375615959,0.10852262438404114
01_knn,Distancia,Gradient Boosting Regressor,3.5,2.7181764973370512,0.7818235026629488
01_knn,Distancia,Gradient Boosting Regressor,1.0,2.0291536737007805,-1.0291536737007805
01_knn,Distancia,Gradient Boosting Regressor,0.5,1.9377262802659443,-1.4377262802659443
01_knn,Distancia,Gradient Boosting Regressor,4.5,28.46767662000476,-23.96767662000476
01_knn,Distancia,Gradient Boosting Regressor,1.0,2.0291536737007805,-1.0291536737007805
01_knn,Distancia,Gradient Boosting Regressor,0.5,1.9377262802659443,-1.4377262802659443
01_knn,Distancia,Gradient Boosting Regressor,3.0,3.51507410292886,-0.5150741029288599
01_knn,Distancia,Gradient Boosting Regressor,3.5,14.726725116598347,-11.226725116598347
01_knn,Distancia,Gradient Boosting Regressor,6.0,6.847580099544686,-0.847580099544686
01_knn,Distancia,Gradient Boosting Regressor,3.0,4.406237844328407,-1.4062378443284071
01_knn,Distancia,Gradient Boosting Regressor,1.5,2.267990147879418,-0.7679901478794182
01_knn,Distancia,Gradient Boosting Regressor,0.5,2.267990147879418,-1.7679901478794182
01_knn,Distancia,Gradient Boosting Regressor,113.0,99.09877682289007,13.901223177109927
01_knn,Distancia,Gradient Boosting Regressor,0.5,2.267990147879418,-1.7679901478794182
01_knn,Distancia,Gradient Boosting Regressor,4.0,4.891477375615959,-0.8914773756159589
01_knn,Distancia,Gradient Boosting Regressor,1.5,2.6167783318047637,-1.1167783318047637
01_knn,Distancia,Gradient Boosting Regressor,3.0,4.17737214224722,-1.1773721422472203
01_knn,Distancia,Gradient Boosting Regressor,83.0,92.97145154444125,-9.971451544441251
01_knn,Distancia,Gradient Boosting Regressor,15.5,9.914372179941529,5.5856278200584715
01_knn,Distancia,Gradient Boosting Regressor,2.5,3.409175281656216,-0.909175281656216
01_knn,Distancia,Gradient Boosting Regressor,15.5,27.396210834277504,-11.896210834277504
01_knn,Distancia,Gradient Boosting Regressor,7.5,10.48023964155567,-2.98023964155567
01_knn,Distancia,Gradient Boosting Regressor,3.5,10.240207507186469,-6.740207507186469
01_knn,Distancia,Gradient Boosting Regressor,1.5,2.8850788717536804,-1.3850788717536804
01_knn,Distancia,Gradient Boosting Regressor,4.0,4.406237844328407,-0.40623784432840715
01_knn,Distancia,Gradient Boosting Regressor,181.5,141.1688403378872,40.33115966211281
01_knn,Distancia,Gradient Boosting Regressor,0.5,2.267990147879418,-1.7679901478794182
01_knn,Distancia,Gradient Boosting Regressor,152.5,135.95224617317817,16.547753826821832
01_knn,Distancia,Gradient Boosting Regressor,1.5,2.267990147879418,-0.7679901478794182
01_knn,Distancia,Gradient Boosting Regressor,0.5,1.9377262802659443,-1.4377262802659443
01_knn,Distancia,Gradient Boosting Regressor,0.5,1.9377262802659443,-1.4377262802659443
01_knn,Distancia,Gradient Boosting Regressor,0.5,1.9377262802659443,-1.4377262802659443
01_knn,Distancia,Gradient Boosting Regressor,7.5,9.205589701561994,-1.705589701561994
01_knn,Distancia,Gradient Boosting Regressor,17.0,16.9015403265403,0.09845967345970053
01_knn,Distancia,Gradient Boosting Regressor,0.5,2.267990147879418,-1.7679901478794182
01_knn,Distancia,Gradient Boosting Regressor,3.5,4.891477375615959,-1.3914773756159589
01_knn,Distancia,Gradient Boosting Regressor,0.5,2.267990147879418,-1.7679901478794182
01_knn,Distancia,Gradient Boosting Regressor,0.5,2.267990147879418,-1.7679901478794182
01_knn,Distancia,Gradient Boosting Regressor,7.5,7.885759188841415,-0.3857591888414147
01_knn,Distancia,Gradient Boosting Regressor,4.5,3.51507410292886,0.9849258970711401
01_knn,Distancia,Gradient Boosting Regressor,0.5,2.267990147879418,-1.7679901478794182
01_knn,Distancia,Gradient Boosting Regressor,0.5,1.9377262802659443,-1.4377262802659443
01_knn,Distancia,Gradient Boosting Regressor,2.0,2.0291536737007805,-0.02915367370078048
01_knn,Distancia,Gradient Boosting Regressor,1.0,2.3594175413142544,-1.3594175413142544
01_knn,Distancia,Gradient Boosting Regressor,3.5,3.684004219747644,-0.18400421974764392
01_knn,Distancia,Gradient Boosting Regressor,1.5,1.9377262802659443,-0.4377262802659443
01_knn,Distancia,Gradient Boosting Regressor,20.5,18.074787295221903,2.4252127047780974
01_knn,Distancia,Gradient Boosting Regressor,0.5,1.9377262802659443,-1.4377262802659443
01_knn,Distancia,Gradient Boosting Regressor,12.0,17.261137486539813,-5.261137486539813
01_knn,Distancia,Gradient Boosting Regressor,1.5,2.8850788717536804,-1.3850788717536804
01_knn,Distancia,Gradient Boosting Regressor,5.0,2.7181764973370512,2.2818235026629488
01_knn,Distancia,Gradient Boosting Regressor,2.5,3.113944573834867,-0.6139445738348668
01_knn,Distancia,Gradient Boosting Regressor,0.5,1.9377262802659443,-1.4377262802659443
01_knn,Distancia,Gradient Boosting Regressor,0.5,1.9377262802659443,-1.4377262802659443
01_knn,Distancia,Gradient Boosting Regressor,398.0,454.1089860543147,-56.1089860543147
01_knn,Distancia,Gradient Boosting Regressor,0.5,1.9377262802659443,-1.4377262802659443
01_knn,Distancia,Gradient Boosting Regressor,1.5,2.267990147879418,-0.7679901478794182
01_knn,Distancia,Gradient Boosting Regressor,4.0,16.9015403265403,-12.9015403265403
01_knn,Distancia,Gradient Boosting Regressor,3.5,6.330959595722477,-2.8309595957224767
01_knn,Distancia,Gradient Boosting Regressor,1.5,2.5263199157308835,-1.0263199157308835
01_knn,Distancia,Gradient Boosting Regressor,0.5,1.9377262802659443,-1.4377262802659443
01_knn,Distancia,Gradient Boosting Regressor,8.0,6.138797621165149,1.861202378834851
01_knn,Distancia,Gradient Boosting Regressor,25.0,15.402405884369172,9.597594115630828
01_knn,Distancia,Gradient Boosting Regressor,1.5,2.3594175413142544,-0.8594175413142544
01_knn,Distancia,Gradient Boosting Regressor,1.5,2.0291536737007805,-0.5291536737007805
01_knn,Distancia,Gradient Boosting Regressor,4.0,4.0391705128313955,-0.0391705128313955
01_knn,Distancia,Gradient Boosting Regressor,6.5,3.652950826788223,2.847049173211777
01_knn,Distancia,Gradient Boosting Regressor,142.0,100.53619199445828,41.46380800554172
01_knn,Distancia,Gradient Boosting Regressor,30.0,15.402405884369172,14.597594115630828
01_knn,Distancia,Gradient Boosting Regressor,2.5,2.5548150041402065,-0.05481500414020646
01_knn,Distancia,Gradient Boosting Regressor,5.5,2.9470421994182376,2.5529578005817624
01_knn,Distancia,Gradient Boosting Regressor,0.5,2.267990147879418,-1.7679901478794182
01_knn,Distancia,Gradient Boosting Regressor,0.5,1.9377262802659443,-1.4377262802659443
01_knn,Distancia,Gradient Boosting Regressor,4.0,6.847580099544686,-2.847580099544686
01_knn,Distancia,Gradient Boosting Regressor,6.0,6.847580099544686,-0.847580099544686
01_knn,Distancia,Gradient Boosting Regressor,5.5,5.3251478124830625,0.17485218751693754
01_knn,Distancia,Gradient Boosting Regressor,1.0,2.267990147879418,-1.2679901478794182
01_knn,Distancia,Gradient Boosting Regressor,1.0,2.0291536737007805,-1.0291536737007805
01_knn,Distancia,Gradient Boosting Regressor,0.5,1.9377262802659443,-1.4377262802659443
01_knn,Distancia,Gradient Boosting Regressor,50.5,58.89389424075266,-8.393894240752658
01_knn,Distancia,Gradient Boosting Regressor,2.0,2.3594175413142544,-0.3594175413142544
01_knn,Distancia,Gradient Boosting Regressor,0.5,1.9377262802659443,-1.4377262802659443
01_knn,Distancia,Gradient Boosting Regressor,76.0,147.80205566238274,-71.80205566238274
01_knn,Distancia,Gradient Boosting Regressor,0.5,2.6498590311983334,-2.1498590311983334
01_knn,Distancia,Gradient Boosting Regressor,0.5,1.9377262802659443,-1.4377262802659443
01_knn,Distancia,Gradient Boosting Regressor,8.5,7.072109380159328,1.4278906198406718
01_knn,Distancia,Gradient Boosting Regressor,31.0,37.638237525382955,-6.638237525382955
01_knn,Distancia,Gradient Boosting Regressor,3.0,4.575144879451208,-1.5751448794512077
01_knn,Distancia,Gradient Boosting Regressor,37.5,36.519645632441204,0.980354367558796
01_knn,Distancia,Gradient Boosting Regressor,2.0,2.7181764973370512,-0.7181764973370512
01_knn,Distancia,Gradient Boosting Regressor,15.5,27.464583872072197,-11.964583872072197
01_knn,Distancia,Gradient Boosting Regressor,0.5,1.9377262802659443,-1.4377262802659443
01_knn,Distancia,Gradient Boosting Regressor,6.0,9.666589832873584,-3.6665898328735835
01_knn,Distancia,Gradient Boosting Regressor,0.5,1.9377262802659443,-1.4377262802659443
01_knn,Distancia,Gradient Boosting Regressor,6.0,6.383998939583225,-0.3839989395832246
01_knn,Distancia,Gradient Boosting Regressor,5.5,4.978895334537482,0.5211046654625182
01_knn,Distancia,Gradient Boosting Regressor,3.0,4.891477375615959,-1.8914773756159589
01_knn,Distancia,Gradient Boosting Regressor,0.5,1.9377262802659443,-1.4377262802659443
01_knn,Distancia,Gradient Boosting Regressor,0.5,1.9377262802659443,-1.4377262802659443
01_knn,Distancia,Gradient Boosting Regressor,2.5,2.3594175413142544,0.1405824586857456
01_knn,Distancia,Gradient Boosting Regressor,0.5,2.267990147879418,-1.7679901478794182
01_knn,Distancia,Gradient Boosting Regressor,1.5,2.5263199157308835,-1.0263199157308835
01_knn,Distancia,Gradient Boosting Regressor,30.0,25.43087148076779,4.569128519232208
01_knn,Distancia,Gradient Boosting Regressor,17.5,21.751049211783968,-4.251049211783968
01_knn,Distancia,Gradient Boosting Regressor,1.0,2.588283243395441,-1.5882832433954408
01_knn,Distancia,Gradient Boosting Regressor,0.5,1.9377262802659443,-1.4377262802659443
01_knn,Distancia,Gradient Boosting Regressor,0.5,1.9377262802659443,-1.4377262802659443
01_knn,Distancia,Gradient Boosting Regressor,1.0,1.9377262802659443,-0.9377262802659443
01_knn,Distancia,Gradient Boosting Regressor,17.5,16.9015403265403,0.5984596734597005
01_knn,Distancia,Gradient Boosting Regressor,1.0,2.267990147879418,-1.2679901478794182
01_knn,Distancia,Gradient Boosting Regressor,1.0,2.0291536737007805,-1.0291536737007805
01_knn,Distancia,Gradient Boosting Regressor,0.5,1.9377262802659443,-1.4377262802659443
01_knn,Distancia,Gradient Boosting Regressor,1.5,2.3594175413142544,-0.8594175413142544
01_knn,Distancia,Gradient Boosting Regressor,7.0,12.859676419007865,-5.859676419007865
01_knn,Distancia,Gradient Boosting Regressor,4.5,4.17737214224722,0.3226278577527797
01_knn,Distancia,Gradient Boosting Regressor,1.0,2.0291536737007805,-1.0291536737007805
01_knn,Distancia,Gradient Boosting Regressor,4.5,4.891477375615959,-0.39147737561595886
01_knn,Distancia,Gradient Boosting Regressor,3.5,4.891477375615959,-1.3914773756159589
01_knn,Distancia,Gradient Boosting Regressor,0.5,2.267990147879418,-1.7679901478794182
01_knn,Distancia,Gradient Boosting Regressor,2.5,2.8850788717536804,-0.3850788717536804
01_knn,Distancia,Gradient Boosting Regressor,0.5,1.9377262802659443,-1.4377262802659443
01_knn,Distancia,Gradient Boosting Regressor,78.5,55.206315256683155,23.293684743316845
01_knn,Distancia,Gradient Boosting Regressor,0.5,1.9377262802659443,-1.4377262802659443
01_knn,Distancia,Gradient Boosting Regressor,15.0,22.33058147025342,-7.330581470253421
01_knn,Distancia,Gradient Boosting Regressor,20.0,14.588756075687085,5.411243924312915
01_knn,Distancia,Gradient Boosting Regressor,0.5,2.267990147879418,-1.7679901478794182
01_knn,Distancia,Gradient Boosting Regressor,1.0,1.9377262802659443,-0.9377262802659443
01_knn,Distancia,Gradient Boosting Regressor,5.0,4.406237844328407,0.5937621556715929
01_knn,Distancia,Gradient Boosting Regressor,1.5,2.3594175413142544,-0.8594175413142544
01_knn,Distancia,Gradient Boosting Regressor,2.0,4.891477375615959,-2.891477375615959
01_knn,Distancia,Gradient Boosting Regressor,6.5,4.17737214224722,2.3226278577527797
01_knn,Distancia,Gradient Boosting Regressor,0.5,2.267990147879418,-1.7679901478794182
01_knn,Distancia,Gradient Boosting Regressor,1.0,2.75518561781207,-1.75518561781207
01_knn,Distancia,Gradient Boosting Regressor,18.0,39.79709629903355,-21.797096299033548
01_knn,Distancia,Gradient Boosting Regressor,160.0,117.84430942959175,42.155690570408254
01_knn,Distancia,Gradient Boosting Regressor,134.5,259.6227379310276,-125.12273793102759
01_knn,Distancia,Gradient Boosting Regressor,0.5,2.267990147879418,-1.7679901478794182
01_knn,Distancia,Gradient Boosting Regressor,2592.0,3069.2138401619472,-477.21384016194725
01_knn,Distancia,Gradient Boosting Regressor,0.5,2.267990147879418,-1.7679901478794182
01_knn,Distancia,Gradient Boosting Regressor,0.5,1.9377262802659443,-1.4377262802659443
01_knn,Distancia,Gradient Boosting Regressor,0.5,2.267990147879418,-1.7679901478794182
01_knn,Distancia,Gradient Boosting Regressor,2.5,12.246169410976963,-9.746169410976963
01_knn,Distancia,Gradient Boosting Regressor,31.5,27.229444678642132,4.270555321357868
01_knn,Distancia,Gradient Boosting Regressor,22.0,18.591282117757356,3.4087178822426445
01_knn,Distancia,Gradient Boosting Regressor,4.5,4.891477375615959,-0.39147737561595886
01_knn,Distancia,Gradient Boosting Regressor,28.5,20.901512386796448,7.598487613203552
01_knn,Distancia,Gradient Boosting Regressor,6.5,4.17737214224722,2.3226278577527797
01_knn,Distancia,Gradient Boosting Regressor,1.5,2.783680706221393,-1.2836807062213929
01_knn,Distancia,Gradient Boosting Regressor,1.0,2.0291536737007805,-1.0291536737007805
01_knn,Distancia,Gradient Boosting Regressor,0.5,1.9377262802659443,-1.4377262802659443
01_knn,Distancia,Gradient Boosting Regressor,40.5,27.537792296384403,12.962207703615597
01_knn,Distancia,Gradient Boosting Regressor,1.5,3.847108274633747,-2.347108274633747
01_knn,Distancia,Gradient Boosting Regressor,1.0,1.7875005784662645,-0.7875005784662645
01_knn,Distancia,Gradient Boosting Regressor,0.5,1.9377262802659443,-1.4377262802659443
01_knn,Distancia,Gradient Boosting Regressor,2.0,2.267990147879418,-0.2679901478794182
01_knn,Distancia,Gradient Boosting Regressor,2.0,4.17737214224722,-2.1773721422472203
01_knn,Distancia,Gradient Boosting Regressor,6.0,4.561213508002485,1.438786491997515
01_knn,Distancia,Gradient Boosting Regressor,0.5,1.9377262802659443,-1.4377262802659443
01_knn,Distancia,Gradient Boosting Regressor,18.5,18.101430350970254,0.3985696490297457
01_knn,Distancia,Gradient Boosting Regressor,2.0,2.3594175413142544,-0.3594175413142544
01_knn,Distancia,Gradient Boosting Regressor,1.5,1.9377262802659443,-0.4377262802659443
01_knn,Distancia,Gradient Boosting Regressor,9.5,10.48023964155567,-0.98023964155567
01_knn,Distancia,Gradient Boosting Regressor,0.5,1.9377262802659443,-1.4377262802659443
01_knn,Distancia,Gradient Boosting Regressor,2.5,3.409175281656216,-0.909175281656216
01_knn,Distancia,Gradient Boosting Regressor,5.0,11.800070154276245,-6.800070154276245
01_knn,Distancia,Gradient Boosting Regressor,7.5,5.3251478124830625,2.1748521875169375
01_knn,Distancia,Gradient Boosting Regressor,1.5,2.1960560481174096,-0.6960560481174096
01_knn,Distancia,Gradient Boosting Regressor,0.5,2.267990147879418,-1.7679901478794182
01_knn,Distancia,Gradient Boosting Regressor,12.0,5.897805302692137,6.102194697307863
01_knn,Distancia,Gradient Boosting Regressor,2.5,2.588283243395441,-0.0882832433954408
01_knn,Distancia,Gradient Boosting Regressor,4.0,6.103515801698475,-2.1035158016984754
01_knn,Distancia,Gradient Boosting Regressor,4.5,42.53062277150686,-38.03062277150686
01_knn,Distancia,Gradient Boosting Regressor,23.5,17.71519013522239,5.7848098647776105
01_knn,Distancia,Gradient Boosting Regressor,2826.0,2232.8589294653293,593.1410705346707
01_knn,Distancia,Gradient Boosting Regressor,23.5,31.615092737733626,-8.115092737733626
01_knn,Distancia,Gradient Boosting Regressor,22.5,14.588756075687085,7.911243924312915
01_knn,Distancia,Gradient Boosting Regressor,0.5,1.9377262802659443,-1.4377262802659443
01_knn,Distancia,Gradient Boosting Regressor,1.0,2.267990147879418,-1.2679901478794182
01_knn,Distancia,Gradient Boosting Regressor,0.5,2.267990147879418,-1.7679901478794182
01_knn,Distancia,Gradient Boosting Regressor,94.0,93.79615557002,0.20384442997999486
01_knn,Distancia,Gradient Boosting Regressor,0.5,2.267990147879418,-1.7679901478794182
01_knn,Distancia,Gradient Boosting Regressor,0.5,2.267990147879418,-1.7679901478794182
01_knn,Distancia,Gradient Boosting Regressor,1.5,2.267990147879418,-0.7679901478794182
01_knn,Distancia,Gradient Boosting Regressor,0.5,1.9377262802659443,-1.4377262802659443
01_knn,Distancia,Gradient Boosting Regressor,1.5,2.3879126297235773,-0.8879126297235773
01_knn,Distancia,Gradient Boosting Regressor,0.5,2.267990147879418,-1.7679901478794182
01_knn,Distancia,Gradient Boosting Regressor,2.0,4.108394617265989,-2.108394617265989
01_knn,Distancia,Gradient Boosting Regressor,0.5,1.9377262802659443,-1.4377262802659443
01_knn,Distancia,Gradient Boosting Regressor,3.5,3.810304810750208,-0.3103048107502082
01_knn,Distancia,Gradient Boosting Regressor,23.0,41.52031621406468,-18.520316214064678
01_knn,Distancia,Gradient Boosting Regressor,0.5,2.0291536737007805,-1.5291536737007805
01_knn,Distancia,Gradient Boosting Regressor,1.0,2.267990147879418,-1.2679901478794182
01_knn,Distancia,Gradient Boosting Regressor,2.5,3.409175281656216,-0.909175281656216
01_knn,Distancia,Gradient Boosting Regressor,26.5,21.22142356407941,5.278576435920591
01_knn,Distancia,Gradient Boosting Regressor,6.5,40.74958175279395,-34.24958175279395
01_knn,Distancia,Gradient Boosting Regressor,2.5,2.3594175413142544,0.1405824586857456
01_knn,Distancia,Gradient Boosting Regressor,4.5,9.591346863929958,-5.091346863929958
01_knn,Distancia,Gradient Boosting Regressor,7.0,5.3251478124830625,1.6748521875169375
01_knn,Distancia,Gradient Boosting Regressor,560.0,379.7019366652061,180.29806333479388
01_knn,Distancia,Gradient Boosting Regressor,16.0,27.229444678642132,-11.229444678642132
01_knn,Distancia,Gradient Boosting Regressor,1.0,2.267990147879418,-1.2679901478794182
01_knn,Distancia,Gradient Boosting Regressor,32.0,20.53247151701241,11.46752848298759
01_knn,Distancia,Gradient Boosting Regressor,4.5,10.448059457735956,-5.9480594577359565
01_knn,Distancia,Gradient Boosting Regressor,13.0,16.9015403265403,-3.9015403265402995
01_knn,Distancia,Gradient Boosting Regressor,0.5,1.9377262802659443,-1.4377262802659443
01_knn,Distancia,Gradient Boosting Regressor,1.5,2.75518561781207,-1.25518561781207
01_knn,Distancia,Gradient Boosting Regressor,0.5,1.9377262802659443,-1.4377262802659443
01_knn,Distancia,Gradient Boosting Regressor,1.5,2.267990147879418,-0.7679901478794182
01_knn,Distancia,Gradient Boosting Regressor,3.5,3.113944573834867,0.3860554261651332
01_knn,Distancia,Gradient Boosting Regressor,1.0,2.267990147879418,-1.2679901478794182
01_knn,Distancia,Gradient Boosting Regressor,0.5,2.267990147879418,-1.7679901478794182
01_knn,Distancia,Gradient Boosting Regressor,1.5,3.113944573834867,-1.6139445738348668
01_knn,Distancia,Gradient Boosting Regressor,1.0,3.078911414042742,-2.078911414042742
01_knn,Distancia,Gradient Boosting Regressor,3.0,5.4641348658250335,-2.4641348658250335
01_knn,Distancia,Gradient Boosting Regressor,2.5,2.3594175413142544,0.1405824586857456
01_knn,Distancia,Gradient Boosting Regressor,119.0,94.7640254593718,24.235974540628206
01_knn,Distancia,Gradient Boosting Regressor,1.5,2.5548150041402065,-1.0548150041402065
01_knn,Distancia,Gradient Boosting Regressor,1.0,2.6167783318047637,-1.6167783318047637
01_knn,Distancia,Gradient Boosting Regressor,29.0,18.074787295221903,10.925212704778097
01_knn,Distancia,Gradient Boosting Regressor,4.5,6.847580099544686,-2.347580099544686
01_knn,Distancia,Gradient Boosting Regressor,16.5,16.43371300187259,0.0662869981274099
01_knn,Distancia,Gradient Boosting Regressor,1.5,2.267990147879418,-0.7679901478794182
01_knn,Distancia,Gradient Boosting Regressor,32.5,24.340710171165767,8.159289828834233
01_knn,Distancia,Gradient Boosting Regressor,2.0,3.7439398050100463,-1.7439398050100463
01_knn,Distancia,Gradient Boosting Regressor,2.5,3.684004219747644,-1.184004219747644
01_knn,Distancia,Gradient Boosting Regressor,2.0,5.691393316613593,-3.691393316613593
01_knn,Distancia,Gradient Boosting Regressor,0.5,20.593164769054177,-20.093164769054177
01_knn,Distancia,Gradient Boosting Regressor,1.0,6.191612908178073,-5.191612908178073
01_knn,Distancia,Gradient Boosting Regressor,42.5,27.537792296384403,14.962207703615597
01_knn,Distancia,Gradient Boosting Regressor,6.5,4.891477375615959,1.6085226243840411
01_knn,Distancia,Gradient Boosting Regressor,8.0,12.601278062037322,-4.601278062037322
01_knn,Distancia,Gradient Boosting Regressor,1.0,2.3594175413142544,-1.3594175413142544
01_knn,Distancia,Gradient Boosting Regressor,1.0,1.9377262802659443,-0.9377262802659443
01_knn,Distancia,Gradient Boosting Regressor,8.5,13.426563401844788,-4.926563401844788
01_knn,Distancia,Gradient Boosting Regressor,5.5,7.072109380159328,-1.5721093801593282
01_knn,Distancia,Gradient Boosting Regressor,32.0,19.158983978179652,12.841016021820348
01_knn,Distancia,Gradient Boosting Regressor,2.0,2.3594175413142544,-0.3594175413142544
01_knn,Distancia,Gradient Boosting Regressor,2.0,4.075973976714933,-2.0759739767149332
01_knn,Distancia,Gradient Boosting Regressor,15.0,21.060169461192075,-6.060169461192075
01_knn,Distancia,Gradient Boosting Regressor,0.5,2.267990147879418,-1.7679901478794182
01_knn,Distancia,Gradient Boosting Regressor,2.5,3.4551385176664575,-0.9551385176664575
01_knn,Distancia,Gradient Boosting Regressor,0.5,1.9377262802659443,-1.4377262802659443
01_knn,Distancia,Gradient Boosting Regressor,57.5,95.65526726764043,-38.155267267640426
01_knn,Distancia,Gradient Boosting Regressor,0.5,1.9377262802659443,-1.4377262802659443
01_knn,Distancia,Gradient Boosting Regressor,0.5,2.1960560481174096,-1.6960560481174096
01_knn,Distancia,Gradient Boosting Regressor,3.0,2.588283243395441,0.4117167566045592
01_knn,Distancia,Gradient Boosting Regressor,2.5,2.8850788717536804,-0.3850788717536804
01_knn,Distancia,Gradient Boosting Regressor,5.5,6.27778467450712,-0.77778467450712
01_knn,Distancia,Gradient Boosting Regressor,1.5,2.3594175413142544,-0.8594175413142544
01_knn,Distancia,Gradient Boosting Regressor,2.5,3.113944573834867,-0.6139445738348668
01_knn,Distancia,Gradient Boosting Regressor,0.5,1.9377262802659443,-1.4377262802659443
01_knn,Distancia,Gradient Boosting Regressor,0.5,2.267990147879418,-1.7679901478794182
01_knn,Distancia,Gradient Boosting Regressor,1.0,2.267990147879418,-1.2679901478794182
01_knn,Distancia,Gradient Boosting Regressor,8.0,18.404142182289387,-10.404142182289387
01_knn,Distancia,Gradient Boosting Regressor,1.5,2.0291536737007805,-0.5291536737007805
01_knn,Distancia,Gradient Boosting Regressor,3.0,4.0391705128313955,-1.0391705128313955
01_knn,Distancia,Gradient Boosting Regressor,0.5,5.197156467460509,-4.697156467460509
01_knn,Distancia,Gradient Boosting Regressor,2.0,4.942212210948219,-2.9422122109482194
01_knn,Distancia,Gradient Boosting Regressor,104.0,92.05496320632137,11.945036793678625
01_knn,Distancia,Gradient Boosting Regressor,9.5,6.847580099544686,2.652419900455314
01_knn,Distancia,Gradient Boosting Regressor,0.5,2.267990147879418,-1.7679901478794182
01_knn,Distancia,Gradient Boosting Regressor,1.5,2.5548150041402065,-1.0548150041402065
01_knn,Distancia,Gradient Boosting Regressor,0.5,2.267990147879418,-1.7679901478794182
01_knn,Distancia,Gradient Boosting Regressor,0.5,1.9377262802659443,-1.4377262802659443
01_knn,Distancia,Gradient Boosting Regressor,3.0,3.113944573834867,-0.11394457383486678
01_knn,Distancia,Gradient Boosting Regressor,9.5,7.175186697662833,2.3248133023371667
01_knn,Distancia,Gradient Boosting Regressor,0.5,2.267990147879418,-1.7679901478794182
01_knn,Distancia,Gradient Boosting Regressor,1.0,2.3594175413142544,-1.3594175413142544
01_knn,Distancia,Gradient Boosting Regressor,5.5,4.406237844328407,1.0937621556715929
01_knn,Distancia,Gradient Boosting Regressor,65.5,41.56323156147604,23.936768438523963
01_knn,Distancia,Gradient Boosting Regressor,0.5,1.9377262802659443,-1.4377262802659443
01_knn,Distancia,Gradient Boosting Regressor,22.0,19.404931926439446,2.5950680735605545
01_knn,Distancia,Gradient Boosting Regressor,1.5,2.1960560481174096,-0.6960560481174096
01_knn,Distancia,Gradient Boosting Regressor,5.5,4.662611673534772,0.837388326465228
01_knn,Distancia,Gradient Boosting Regressor,7.0,9.70853733006507,-2.70853733006507
01_knn,Distancia,Gradient Boosting Regressor,1.0,2.267990147879418,-1.2679901478794182
01_knn,Distancia,Gradient Boosting Regressor,167.0,245.8508851817493,-78.8508851817493
01_knn,Distancia,Gradient Boosting Regressor,9.5,14.588756075687085,-5.088756075687085
01_knn,Distancia,Gradient Boosting Regressor,20.0,20.389392070998365,-0.38939207099836537
01_knn,Distancia,Gradient Boosting Regressor,1.0,2.267990147879418,-1.2679901478794182
01_knn,Distancia,Gradient Boosting Regressor,1.0,3.409175281656216,-2.409175281656216
01_knn,Distancia,Gradient Boosting Regressor,3.0,2.8850788717536804,0.11492112824631961
01_knn,Distancia,Gradient Boosting Regressor,4.5,4.406237844328407,0.09376215567159285
01_knn,Distancia,Gradient Boosting Regressor,25.5,25.018060344513515,0.4819396554864852
01_knn,Distancia,Gradient Boosting Regressor,3.0,5.705127184298045,-2.7051271842980453
01_knn,Distancia,Gradient Boosting Regressor,1.5,2.0291536737007805,-0.5291536737007805
01_knn,Distancia,Gradient Boosting Regressor,32.5,26.540492631575134,5.959507368424866
01_knn,Distancia,Gradient Boosting Regressor,31.0,20.549355217504218,10.450644782495782
01_knn,Distancia,Gradient Boosting Regressor,4.0,11.927428959673664,-7.927428959673664
01_knn,Distancia,Gradient Boosting Regressor,0.5,1.9377262802659443,-1.4377262802659443
01_knn,Distancia,Gradient Boosting Regressor,16.5,18.074787295221903,-1.5747872952219026
01_knn,Distancia,Gradient Boosting Regressor,4.0,7.885759188841415,-3.8857591888414147
01_knn,Distancia,Gradient Boosting Regressor,6.0,8.129863397328787,-2.129863397328787
01_knn,Distancia,Gradient Boosting Regressor,0.5,1.9377262802659443,-1.4377262802659443
01_knn,Distancia,Gradient Boosting Regressor,0.5,1.9377262802659443,-1.4377262802659443
01_knn,Distancia,Gradient Boosting Regressor,1.5,2.3879126297235773,-0.8879126297235773
01_knn,Distancia,Gradient Boosting Regressor,0.5,1.9377262802659443,-1.4377262802659443
01_knn,Distancia,Gradient Boosting Regressor,33.5,20.901512386796448,12.598487613203552
01_knn,Distancia,Gradient Boosting Regressor,9.0,5.3251478124830625,3.6748521875169375
01_knn,Distancia,Gradient Boosting Regressor,2.0,3.113944573834867,-1.1139445738348668
01_knn,Distancia,Gradient Boosting Regressor,9.5,11.039950743982107,-1.5399507439821072
01_knn,Distancia,Gradient Boosting Regressor,2.0,3.7134068115197905,-1.7134068115197905
01_knn,Distancia,Gradient Boosting Regressor,2.5,2.8850788717536804,-0.3850788717536804
01_knn,Distancia,Gradient Boosting Regressor,2.5,5.219887653010494,-2.7198876530104936
01_knn,Distancia,Gradient Boosting Regressor,1784.0,2302.1592865660778,-518.1592865660778
01_knn,Distancia,Gradient Boosting Regressor,4.0,3.810304810750208,0.18969518924979178
01_knn,Distancia,Gradient Boosting Regressor,1.0,1.9377262802659443,-0.9377262802659443
01_knn,Distancia,Gradient Boosting Regressor,0.5,1.9377262802659443,-1.4377262802659443
01_knn,Distancia,Gradient Boosting Regressor,43.0,46.7129274925401,-3.7129274925401035
01_knn,Distancia,Gradient Boosting Regressor,16.0,25.58526136078615,-9.585261360786149
01_knn,Distancia,Gradient Boosting Regressor,15.5,21.559450256739808,-6.059450256739808
01_knn,Distancia,Gradient Boosting Regressor,3.5,3.7439398050100463,-0.2439398050100463
01_knn,Distancia,Gradient Boosting Regressor,12.0,9.961547551664482,2.0384524483355175
01_knn,Distancia,Gradient Boosting Regressor,3.0,3.1599078098451083,-0.15990780984510833
01_knn,Distancia,Gradient Boosting Regressor,2.5,2.3879126297235773,0.11208737027642268
01_knn,Distancia,Gradient Boosting Regressor,413.0,398.60197627488765,14.398023725112353
01_knn,Distancia,Gradient Boosting Regressor,0.5,2.267990147879418,-1.7679901478794182
01_knn,Distancia,Gradient Boosting Regressor,0.5,2.267990147879418,-1.7679901478794182
01_knn,Distancia,Gradient Boosting Regressor,8.0,8.594541667220954,-0.5945416672209536
01_knn,Distancia,Gradient Boosting Regressor,9.5,11.787628253355235,-2.2876282533552352
01_knn,Distancia,Gradient Boosting Regressor,3.5,5.096282110401876,-1.5962821104018756
01_knn,Distancia,Gradient Boosting Regressor,51.0,31.862525773073212,19.137474226926788
01_knn,Distancia,Gradient Boosting Regressor,2.0,2.5548150041402065,-0.5548150041402065
01_knn,Distancia,Gradient Boosting Regressor,1.5,2.1960560481174096,-0.6960560481174096
01_knn,Distancia,Gradient Boosting Regressor,7.0,6.4139096626775824,0.5860903373224176
01_knn,Distancia,Gradient Boosting Regressor,1.0,1.9377262802659443,-0.9377262802659443
01_knn,Distancia,Gradient Boosting Regressor,2.0,2.6167783318047637,-0.6167783318047637
01_knn,Distancia,Gradient Boosting Regressor,31.0,28.745352062067035,2.2546479379329654
01_knn,Distancia,Gradient Boosting Regressor,0.5,2.267990147879418,-1.7679901478794182
01_knn,Distancia,Gradient Boosting Regressor,0.5,1.9377262802659443,-1.4377262802659443
01_knn,Distancia,Gradient Boosting Regressor,6.0,8.57749873092894,-2.5774987309289408
01_knn,Distancia,Gradient Boosting Regressor,0.5,1.9377262802659443,-1.4377262802659443
01_knn,Distancia,Gradient Boosting Regressor,5.5,10.240207507186469,-4.740207507186469
01_knn,Distancia,Gradient Boosting Regressor,0.5,2.5263199157308835,-2.0263199157308835
01_knn,Distancia,Gradient Boosting Regressor,1.0,2.6167783318047637,-1.6167783318047637
01_knn,Distancia,Gradient Boosting Regressor,8.0,6.138797621165149,1.861202378834851
01_knn,Distancia,Gradient Boosting Regressor,0.5,2.267990147879418,-1.7679901478794182
01_knn,Distancia,Gradient Boosting Regressor,2.5,3.113944573834867,-0.6139445738348668
01_knn,Distancia,Gradient Boosting Regressor,22.0,41.58183496659775,-19.581834966597746
01_knn,Distancia,Gradient Boosting Regressor,2.0,2.6167783318047637,-0.6167783318047637
01_knn,Distancia,Gradient Boosting Regressor,0.5,2.267990147879418,-1.7679901478794182
01_knn,Distancia,Gradient Boosting Regressor,0.5,1.9377262802659443,-1.4377262802659443
01_knn,Distancia,Gradient Boosting Regressor,36.0,36.13895705651667,-0.13895705651666646
01_knn,Distancia,Gradient Boosting Regressor,43.5,43.17555374881731,0.32444625118269244
01_knn,Distancia,Gradient Boosting Regressor,2.5,3.51507410292886,-1.01507410292886
01_knn,Distancia,Gradient Boosting Regressor,6.0,4.406237844328407,1.5937621556715929
01_knn,Distancia,Gradient Boosting Regressor,0.5,2.267990147879418,-1.7679901478794182
01_knn,Distancia,Gradient Boosting Regressor,1.0,2.3594175413142544,-1.3594175413142544
01_knn,Distancia,Gradient Boosting Regressor,0.5,1.9377262802659443,-1.4377262802659443
01_knn,Distancia,Gradient Boosting Regressor,28.0,18.25255208894233,9.74744791105767
01_knn,Distancia,Gradient Boosting Regressor,0.5,2.267990147879418,-1.7679901478794182
01_knn,Distancia,Gradient Boosting Regressor,33.5,20.53247151701241,12.96752848298759
01_knn,Distancia,Gradient Boosting Regressor,1.5,2.3594175413142544,-0.8594175413142544
01_knn,Distancia,Gradient Boosting Regressor,0.5,2.267990147879418,-1.7679901478794182
01_knn,Distancia,Gradient Boosting Regressor,6.0,8.230784031780258,-2.2307840317802583
01_knn,Distancia,Gradient Boosting Regressor,5.5,15.417695112575297,-9.917695112575297
01_knn,Distancia,Gradient Boosting Regressor,8.0,5.3251478124830625,2.6748521875169375
01_knn,Distancia,Gradient Boosting Regressor,25.5,19.404931926439446,6.0950680735605545
01_knn,Distancia,Gradient Boosting Regressor,5.0,7.580153615278762,-2.5801536152787623
01_knn,Distancia,Gradient Boosting Regressor,0.5,2.267990147879418,-1.7679901478794182
01_knn,Distancia,Gradient Boosting Regressor,0.5,2.267990147879418,-1.7679901478794182
01_knn,Distancia,Gradient Boosting Regressor,14.0,13.302321311927264,0.6976786880727364
01_knn,Distancia,Gradient Boosting Regressor,0.5,2.267990147879418,-1.7679901478794182
01_knn,Distancia,Gradient Boosting Regressor,12.0,7.6487633008112725,4.3512366991887275
01_knn,Distancia,Gradient Boosting Regressor,8.0,5.3251478124830625,2.6748521875169375
01_knn,Distancia,Gradient Boosting Regressor,9.0,8.45841667905049,0.5415833209495098
01_knn,Distancia,Gradient Boosting Regressor,3.0,4.891477375615959,-1.8914773756159589
01_knn,Distancia,Gradient Boosting Regressor,56.0,56.01996506536524,-0.01996506536524123
01_knn,Distancia,Gradient Boosting Regressor,1.0,2.588283243395441,-1.5882832433954408
01_knn,Distancia,Gradient Boosting Regressor,3.0,4.978895334537482,-1.9788953345374818
01_knn,Distancia,Gradient Boosting Regressor,1.5,2.7181764973370512,-1.2181764973370512
01_knn,Distancia,Gradient Boosting Regressor,19.5,20.857564420547497,-1.3575644205474973
01_knn,Distancia,Gradient Boosting Regressor,37.0,46.7129274925401,-9.712927492540103
01_knn,Distancia,Gradient Boosting Regressor,1.0,2.267990147879418,-1.2679901478794182
01_knn,Distancia,Gradient Boosting Regressor,0.5,2.0291536737007805,-1.5291536737007805
01_knn,Distancia,Gradient Boosting Regressor,11.5,5.897805302692137,5.602194697307863
01_knn,Distancia,Gradient Boosting Regressor,2.0,2.783680706221393,-0.7836807062213929
01_knn,Distancia,Gradient Boosting Regressor,52.0,42.45451022422039,9.545489775779608
01_knn,Distancia,Gradient Boosting Regressor,15.5,9.205589701561994,6.294410298438006
01_knn,Distancia,Gradient Boosting Regressor,0.5,1.9377262802659443,-1.4377262802659443
01_knn,Distancia,Gradient Boosting Regressor,1.0,2.267990147879418,-1.2679901478794182
01_knn,Distancia,Gradient Boosting Regressor,0.5,2.267990147879418,-1.7679901478794182
01_knn,Distancia,Gradient Boosting Regressor,97.0,63.887295471582384,33.112704528417616
01_knn,Distancia,Gradient Boosting Regressor,6.0,4.891477375615959,1.1085226243840411
01_knn,Distancia,Gradient Boosting Regressor,36.0,25.709959122401237,10.290040877598763
01_knn,Distancia,Gradient Boosting Regressor,0.5,2.267990147879418,-1.7679901478794182
01_knn,Distancia,Gradient Boosting Regressor,24.0,19.404931926439446,4.5950680735605545
01_knn,Distancia,Gradient Boosting Regressor,0.5,2.267990147879418,-1.7679901478794182
01_knn,Distancia,Gradient Boosting Regressor,3.0,3.810304810750208,-0.8103048107502082
01_knn,Distancia,Gradient Boosting Regressor,2.0,2.3594175413142544,-0.3594175413142544
01_knn,Distancia,Gradient Boosting Regressor,5.0,4.0391705128313955,0.9608294871686045
01_knn,Distancia,Gradient Boosting Regressor,3.0,4.0391705128313955,-1.0391705128313955
01_knn,Distancia,Gradient Boosting Regressor,91.0,64.50224022351209,26.49775977648791
01_knn,Distancia,Gradient Boosting Regressor,0.5,1.9377262802659443,-1.4377262802659443
01_knn,Distancia,Gradient Boosting Regressor,23.0,26.398911169468235,-3.398911169468235
01_knn,Distancia,Gradient Boosting Regressor,1.0,2.267990147879418,-1.2679901478794182
01_knn,Distancia,Gradient Boosting Regressor,1.5,2.3594175413142544,-0.8594175413142544
01_knn,Distancia,Gradient Boosting Regressor,16.5,16.9015403265403,-0.4015403265402995
01_knn,Distancia,Gradient Boosting Regressor,21.0,19.71882170833032,1.2811782916696792
01_knn,Distancia,Gradient Boosting Regressor,2.0,3.1599078098451083,-1.1599078098451083
01_knn,Distancia,Gradient Boosting Regressor,1.0,2.3879126297235773,-1.3879126297235773
01_knn,Distancia,Gradient Boosting Regressor,2.0,2.7181764973370512,-0.7181764973370512
01_knn,Distancia,Gradient Boosting Regressor,1.5,2.1960560481174096,-0.6960560481174096
01_knn,Distancia,Gradient Boosting Regressor,23.5,19.71882170833032,3.7811782916696792
01_knn,Distancia,Gradient Boosting Regressor,0.5,2.267990147879418,-1.7679901478794182
01_knn,Distancia,Gradient Boosting Regressor,26.0,19.71882170833032,6.281178291669679
01_knn,Distancia,Gradient Boosting Regressor,2.0,2.0291536737007805,-0.02915367370078048
01_knn,Distancia,Gradient Boosting Regressor,2.0,4.0391705128313955,-2.0391705128313955
01_knn,Distancia,Gradient Boosting Regressor,0.5,1.9377262802659443,-1.4377262802659443
01_knn,Distancia,Gradient Boosting Regressor,4.0,2.7181764973370512,1.2818235026629488
01_knn,Distancia,Gradient Boosting Regressor,1.5,2.3594175413142544,-0.8594175413142544
01_knn,Distancia,Gradient Boosting Regressor,2.5,2.7181764973370512,-0.21817649733705125
01_knn,Distancia,Gradient Boosting Regressor,6.5,9.778247191771067,-3.278247191771067
01_knn,Distancia,Gradient Boosting Regressor,5.0,34.186510267518216,-29.186510267518216
01_knn,Distancia,Gradient Boosting Regressor,22.5,19.71882170833032,2.7811782916696792
01_knn,Distancia,Gradient Boosting Regressor,2.0,2.588283243395441,-0.5882832433954408
01_knn,Distancia,Gradient Boosting Regressor,14.5,16.643141969569758,-2.1431419695697578
01_knn,Distancia,Gradient Boosting Regressor,11.5,13.391630025828917,-1.891630025828917
01_knn,Distancia,Gradient Boosting Regressor,34.0,46.72398170943674,-12.723981709436742
01_knn,Distancia,Gradient Boosting Regressor,2.0,2.3594175413142544,-0.3594175413142544
01_knn,Distancia,Gradient Boosting Regressor,0.5,2.3879126297235773,-1.8879126297235773
01_knn,Distancia,Gradient Boosting Regressor,0.5,2.267990147879418,-1.7679901478794182
01_knn,Distancia,Gradient Boosting Regressor,24.0,19.219210586286675,4.780789413713325
01_knn,Distancia,Gradient Boosting Regressor,2.5,2.3594175413142544,0.1405824586857456
01_knn,Distancia,Gradient Boosting Regressor,20.0,20.53247151701241,-0.5324715170124108
01_knn,Distancia,Gradient Boosting Regressor,2.0,4.406237844328407,-2.406237844328407
01_knn,Distancia,Gradient Boosting Regressor,0.5,1.9377262802659443,-1.4377262802659443
01_knn,Distancia,Gradient Boosting Regressor,5.0,7.072109380159328,-2.072109380159328
01_knn,Distancia,Gradient Boosting Regressor,11.0,11.651503265184774,-0.6515032651847736
01_knn,Distancia,Gradient Boosting Regressor,1.5,2.1960560481174096,-0.6960560481174096
01_knn,Distancia,Gradient Boosting Regressor,0.5,2.267990147879418,-1.7679901478794182
01_knn,Distancia,Gradient Boosting Regressor,10.5,7.072109380159328,3.427890619840672
01_knn,Distancia,Gradient Boosting Regressor,199.5,109.63873557850187,89.86126442149813
01_knn,Distancia,Gradient Boosting Regressor,0.5,2.267990147879418,-1.7679901478794182
01_knn,Distancia,Gradient Boosting Regressor,47.5,45.06874417468411,2.431255825315887
01_knn,Distancia,Gradient Boosting Regressor,0.5,1.9377262802659443,-1.4377262802659443
01_knn,Distancia,Gradient Boosting Regressor,39.5,41.37873475195777,-1.8787347519577722
01_knn,Distancia,Gradient Boosting Regressor,18.5,19.90421272198718,-1.4042127219871787
01_knn,Distancia,Gradient Boosting Regressor,54.5,74.83859556781502,-20.33859556781502
01_knn,Distancia,Gradient Boosting Regressor,1.5,2.3594175413142544,-0.8594175413142544
01_knn,Distancia,Gradient Boosting Regressor,2.0,2.0291536737007805,-0.02915367370078048
01_knn,Distancia,Gradient Boosting Regressor,0.5,2.267990147879418,-1.7679901478794182
01_knn,Distancia,Gradient Boosting Regressor,8.5,8.594541667220954,-0.09454166722095358
01_knn,Distancia,Gradient Boosting Regressor,1.0,1.9377262802659443,-0.9377262802659443
01_knn,Distancia,Gradient Boosting Regressor,22.0,19.202326885794868,2.797673114205132
01_knn,Distancia,Gradient Boosting Regressor,0.5,2.267990147879418,-1.7679901478794182
01_knn,Distancia,Gradient Boosting Regressor,14.0,12.740435131329217,1.2595648686707825
01_knn,Distancia,Gradient Boosting Regressor,1.5,4.075973976714933,-2.5759739767149332
01_knn,Distancia,Gradient Boosting Regressor,29.5,21.51693166157133,7.983068338428669
01_knn,Distancia,Gradient Boosting Regressor,4.5,4.406237844328407,0.09376215567159285
01_knn,Distancia,Gradient Boosting Regressor,23.0,20.53247151701241,2.467528482987589
01_knn,Distancia,Gradient Boosting Regressor,0.5,2.267990147879418,-1.7679901478794182
01_knn,Distancia,Gradient Boosting Regressor,3.5,6.711455111374224,-3.2114551113742236
01_knn,Distancia,Gradient Boosting Regressor,225.0,1715.4878755472976,-1490.4878755472976
01_knn,Distancia,Gradient Boosting Regressor,27.5,18.591282117757356,8.908717882242644
01_knn,Distancia,Gradient Boosting Regressor,5.0,6.4139096626775824,-1.4139096626775824
01_knn,Distancia,Gradient Boosting Regressor,0.5,1.9377262802659443,-1.4377262802659443
01_knn,Distancia,Gradient Boosting Regressor,10.0,5.3251478124830625,4.6748521875169375
01_knn,Distancia,Gradient Boosting Regressor,8.0,12.601278062037322,-4.601278062037322
01_knn,Distancia,Gradient Boosting Regressor,0.5,1.9377262802659443,-1.4377262802659443
01_knn,Distancia,Gradient Boosting Regressor,22.5,24.995696528637477,-2.4956965286374775
01_knn,Distancia,Gradient Boosting Regressor,19.5,20.77681462518136,-1.276814625181359
01_knn,Distancia,Gradient Boosting Regressor,1.0,1.9377262802659443,-0.9377262802659443
01_knn,Distancia,Gradient Boosting Regressor,2.0,2.0291536737007805,-0.02915367370078048
01_knn,Distancia,Gradient Boosting Regressor,15.5,18.576445969824903,-3.0764459698249027
01_knn,Distancia,Gradient Boosting Regressor,1.0,2.267990147879418,-1.2679901478794182
01_knn,Distancia,Gradient Boosting Regressor,0.5,1.9377262802659443,-1.4377262802659443
01_knn,Distancia,Gradient Boosting Regressor,6.0,5.4641348658250335,0.5358651341749665
01_knn,Distancia,Gradient Boosting Regressor,3.0,5.219887653010494,-2.2198876530104936
01_knn,Distancia,Gradient Boosting Regressor,0.5,1.9377262802659443,-1.4377262802659443
01_knn,Distancia,Gradient Boosting Regressor,5.0,9.914372179941529,-4.9143721799415285
01_knn,Distancia,Gradient Boosting Regressor,1.5,2.267990147879418,-0.7679901478794182
01_knn,Distancia,Gradient Boosting Regressor,4.0,2.993005435428479,1.0069945645715208
01_knn,Distancia,Gradient Boosting Regressor,1.5,4.352087936186187,-2.8520879361861873
01_knn,Distancia,Gradient Boosting Regressor,0.5,1.9377262802659443,-1.4377262802659443
01_knn,Distancia,Gradient Boosting Regressor,9.0,13.835178963067186,-4.835178963067186
01_knn,Distancia,Gradient Boosting Regressor,1.5,2.8850788717536804,-1.3850788717536804
01_knn,Distancia,Gradient Boosting Regressor,1.5,2.3594175413142544,-0.8594175413142544
01_knn,Distancia,Gradient Boosting Regressor,34.0,17.125012498369358,16.874987501630642
01_knn,Distancia,Gradient Boosting Regressor,16.0,16.643141969569758,-0.6431419695697578
01_knn,Distancia,Gradient Boosting Regressor,0.5,1.9377262802659443,-1.4377262802659443
01_knn,Distancia,Gradient Boosting Regressor,1.5,2.0291536737007805,-0.5291536737007805
01_knn,Distancia,Gradient Boosting Regressor,1.0,2.588283243395441,-1.5882832433954408
01_knn,Distancia,Gradient Boosting Regressor,2.5,2.8850788717536804,-0.3850788717536804
01_knn,Distancia,Gradient Boosting Regressor,75.5,70.28977267273397,5.2102273272660256
01_knn,Distancia,Gradient Boosting Regressor,16.5,25.709959122401237,-9.209959122401237
01_knn,Distancia,Gradient Boosting Regressor,5.5,7.072109380159328,-1.5721093801593282
01_knn,Distancia,Gradient Boosting Regressor,17.0,31.591522447943674,-14.591522447943674
01_knn,Distancia,Gradient Boosting Regressor,0.5,2.267990147879418,-1.7679901478794182
01_knn,Distancia,Gradient Boosting Regressor,1.5,2.5548150041402065,-1.0548150041402065
01_knn,Distancia,Gradient Boosting Regressor,6.5,5.705127184298045,0.7948728157019547
01_knn,Distancia,Gradient Boosting Regressor,10.5,6.433779669311949,4.066220330688051
01_knn,Distancia,Gradient Boosting Regressor,1.5,2.0291536737007805,-0.5291536737007805
01_knn,Distancia,Gradient Boosting Regressor,1.5,2.3594175413142544,-0.8594175413142544
01_knn,Distancia,Gradient Boosting Regressor,0.5,2.267990147879418,-1.7679901478794182
01_knn,Distancia,Gradient Boosting Regressor,1.0,2.3594175413142544,-1.3594175413142544
01_knn,Distancia,Gradient Boosting Regressor,0.5,2.267990147879418,-1.7679901478794182
01_knn,Distancia,Gradient Boosting Regressor,5.0,18.404142182289387,-13.404142182289387
01_knn,Distancia,Gradient Boosting Regressor,0.5,2.267990147879418,-1.7679901478794182
01_knn,Distancia,Gradient Boosting Regressor,10.0,5.3251478124830625,4.6748521875169375
01_knn,Distancia,Gradient Boosting Regressor,0.5,2.267990147879418,-1.7679901478794182
01_knn,Distancia,Gradient Boosting Regressor,7.0,4.17737214224722,2.8226278577527797
01_knn,Distancia,Gradient Boosting Regressor,1.5,2.3594175413142544,-0.8594175413142544
01_knn,Distancia,Gradient Boosting Regressor,0.5,2.0291536737007805,-1.5291536737007805
01_knn,Distancia,Gradient Boosting Regressor,0.5,2.267990147879418,-1.7679901478794182
01_knn,Distancia,Gradient Boosting Regressor,0.5,2.267990147879418,-1.7679901478794182
01_knn,Distancia,Gradient Boosting Regressor,26.0,19.71882170833032,6.281178291669679
01_knn,Distancia,Gradient Boosting Regressor,12.5,15.402405884369172,-2.9024058843691716
01_knn,Distancia,Gradient Boosting Regressor,0.5,2.267990147879418,-1.7679901478794182
01_knn,Distancia,Gradient Boosting Regressor,38.0,17.340503221041253,20.659496778958747
01_knn,Distancia,Gradient Boosting Regressor,1.0,11.421412950212657,-10.421412950212657
01_knn,Distancia,Gradient Boosting Regressor,17.0,20.093883973506443,-3.0938839735064434
01_knn,Distancia,Gradient Boosting Regressor,0.5,2.267990147879418,-1.7679901478794182
01_knn,Distancia,Gradient Boosting Regressor,43.5,35.172671568831035,8.327328431168965
01_knn,Distancia,Gradient Boosting Regressor,0.5,1.9377262802659443,-1.4377262802659443
01_knn,Distancia,Gradient Boosting Regressor,7.5,4.891477375615959,2.608522624384041
01_knn,Distancia,Gradient Boosting Regressor,2.0,3.409175281656216,-1.409175281656216
01_knn,Distancia,Gradient Boosting Regressor,1.0,2.267990147879418,-1.2679901478794182
01_knn,Distancia,Gradient Boosting Regressor,0.5,1.9377262802659443,-1.4377262802659443
01_knn,Distancia,Gradient Boosting Regressor,4.5,14.29453751414681,-9.79453751414681
01_knn,Distancia,Gradient Boosting Regressor,0.5,1.9377262802659443,-1.4377262802659443
01_knn,Distancia,Gradient Boosting Regressor,4.5,4.0391705128313955,0.4608294871686045
01_knn,Distancia,Gradient Boosting Regressor,10.5,14.588756075687085,-4.088756075687085
01_knn,Distancia,Gradient Boosting Regressor,0.5,1.9377262802659443,-1.4377262802659443
01_knn,Distancia,Gradient Boosting Regressor,7.0,27.382077459471656,-20.382077459471656
01_knn,Distancia,Gradient Boosting Regressor,16.0,20.173222657842302,-4.173222657842302
01_knn,Distancia,Gradient Boosting Regressor,1.5,2.1960560481174096,-0.6960560481174096
01_knn,Distancia,Gradient Boosting Regressor,0.5,1.9377262802659443,-1.4377262802659443
01_knn,Distancia,Gradient Boosting Regressor,1.5,2.3594175413142544,-0.8594175413142544
01_knn,Distancia,Gradient Boosting Regressor,2981.0,2425.3104935513484,555.6895064486516
01_knn,Distancia,Gradient Boosting Regressor,2.0,2.8850788717536804,-0.8850788717536804
01_knn,Distancia,Gradient Boosting Regressor,0.5,2.267990147879418,-1.7679901478794182
01_knn,Distancia,Gradient Boosting Regressor,0.5,1.9377262802659443,-1.4377262802659443
01_knn,Distancia,Gradient Boosting Regressor,16.0,17.71519013522239,-1.7151901352223895
01_knn,Distancia,Gradient Boosting Regressor,7.0,4.891477375615959,2.108522624384041
01_knn,Distancia,Gradient Boosting Regressor,7.0,6.138797621165149,0.8612023788348511
01_knn,Distancia,Gradient Boosting Regressor,7.5,14.195054939476949,-6.6950549394769485
01_knn,Distancia,Gradient Boosting Regressor,27.0,22.33058147025342,4.669418529746579
01_knn,Distancia,Gradient Boosting Regressor,1.0,1.9377262802659443,-0.9377262802659443
01_knn,Distancia,Gradient Boosting Regressor,0.5,1.9377262802659443,-1.4377262802659443
01_knn,Distancia,Gradient Boosting Regressor,36.0,39.90799402672341,-3.907994026723408
01_knn,Distancia,Gradient Boosting Regressor,7.5,4.891477375615959,2.608522624384041
01_knn,Distancia,Gradient Boosting Regressor,1.0,2.6167783318047637,-1.6167783318047637
01_knn,Distancia,Gradient Boosting Regressor,2.5,4.0391705128313955,-1.5391705128313955
01_knn,Distancia,Gradient Boosting Regressor,2.5,14.240213210526875,-11.740213210526875
01_knn,Distancia,Gradient Boosting Regressor,1.0,2.783680706221393,-1.7836807062213929
01_knn,Distancia,Gradient Boosting Regressor,289.0,309.27089656966865,-20.27089656966865
01_knn,Distancia,Gradient Boosting Regressor,0.5,3.409175281656216,-2.909175281656216
01_knn,Distancia,Gradient Boosting Regressor,84.0,89.33250003482996,-5.3325000348299625
01_knn,Distancia,Gradient Boosting Regressor,11.5,16.643141969569758,-5.143141969569758
01_knn,Distancia,Gradient Boosting Regressor,41.5,23.161114979427317,18.338885020572683
01_knn,Distancia,Gradient Boosting Regressor,9.5,4.891477375615959,4.608522624384041
01_knn,Distancia,Gradient Boosting Regressor,2.0,2.0291536737007805,-0.02915367370078048
01_knn,Distancia,Gradient Boosting Regressor,7.0,4.111007136507058,2.888992863492942
01_knn,Distancia,Gradient Boosting Regressor,42.5,46.283705726866685,-3.7837057268666854
01_knn,Distancia,Gradient Boosting Regressor,0.5,1.9377262802659443,-1.4377262802659443
01_knn,Distancia,Gradient Boosting Regressor,0.5,2.267990147879418,-1.7679901478794182
01_knn,Distancia,Gradient Boosting Regressor,14.0,15.762003044368686,-1.7620030443686865
01_knn,Distancia,Gradient Boosting Regressor,2.5,10.240207507186469,-7.740207507186469
01_knn,Distancia,Gradient Boosting Regressor,2.5,2.993005435428479,-0.4930054354284792
01_knn,Distancia,Gradient Boosting Regressor,0.5,1.9377262802659443,-1.4377262802659443
01_knn,Distancia,Gradient Boosting Regressor,0.5,2.267990147879418,-1.7679901478794182
01_knn,Distancia,Gradient Boosting Regressor,26.5,18.25255208894233,8.24744791105767
01_knn,Distancia,Gradient Boosting Regressor,0.5,2.267990147879418,-1.7679901478794182
01_knn,Distancia,Gradient Boosting Regressor,25.0,22.33058147025342,2.6694185297465793
01_knn,Distancia,Gradient Boosting Regressor,0.5,1.9377262802659443,-1.4377262802659443
01_knn,Distancia,Gradient Boosting Regressor,1.5,2.3594175413142544,-0.8594175413142544
01_knn,Distancia,Gradient Boosting Regressor,40.0,32.942885694234704,7.057114305765296
01_knn,Distancia,Gradient Boosting Regressor,2.0,3.1894846491113333,-1.1894846491113333
01_knn,Distancia,Gradient Boosting Regressor,0.5,2.267990147879418,-1.7679901478794182
01_knn,Distancia,Gradient Boosting Regressor,25.5,19.891278932861866,5.608721067138134
01_knn,Distancia,Gradient Boosting Regressor,1.0,2.3594175413142544,-1.3594175413142544
01_knn,Distancia,Gradient Boosting Regressor,2.5,4.406237844328407,-1.9062378443284071
01_knn,Distancia,Gradient Boosting Regressor,1.0,2.267990147879418,-1.2679901478794182
01_knn,Distancia,Gradient Boosting Regressor,5.5,6.27778467450712,-0.77778467450712
01_knn,Distancia,Gradient Boosting Regressor,23.0,18.591282117757356,4.4087178822426445
01_knn,Distancia,Gradient Boosting Regressor,0.5,1.9377262802659443,-1.4377262802659443
01_knn,Distancia,Gradient Boosting Regressor,2.5,2.0291536737007805,0.4708463262992195
01_knn,Distancia,Gradient Boosting Regressor,32.5,22.883439537365042,9.616560462634958
01_knn,Distancia,Gradient Boosting Regressor,17.0,25.809346337319568,-8.809346337319568
01_knn,Distancia,Gradient Boosting Regressor,9.0,6.4139096626775824,2.5860903373224176
01_knn,Distancia,Gradient Boosting Regressor,0.5,2.267990147879418,-1.7679901478794182
01_knn,Distancia,Gradient Boosting Regressor,0.5,2.267990147879418,-1.7679901478794182
01_knn,Distancia,Gradient Boosting Regressor,20.5,17.125012498369358,3.374987501630642
01_knn,Distancia,Gradient Boosting Regressor,0.5,1.9377262802659443,-1.4377262802659443
01_knn,Distancia,Gradient Boosting Regressor,44.5,29.57588557124093,14.924114428759069
01_knn,Distancia,Gradient Boosting Regressor,1.0,2.267990147879418,-1.2679901478794182
01_knn,Distancia,Gradient Boosting Regressor,160.0,87.29943566105436,72.70056433894564
01_knn,Distancia,Gradient Boosting Regressor,1.5,2.3879126297235773,-0.8879126297235773
01_knn,Distancia,Gradient Boosting Regressor,21.5,16.90642633543347,4.593573664566531
01_knn,Distancia,Gradient Boosting Regressor,1.0,2.267990147879418,-1.2679901478794182
01_knn,Distancia,Gradient Boosting Regressor,1.0,2.588283243395441,-1.5882832433954408
01_knn,Distancia,Gradient Boosting Regressor,43.0,29.80983295056114,13.190167049438859
01_knn,Distancia,Gradient Boosting Regressor,13.0,10.728021988623615,2.271978011376385
01_knn,Distancia,Gradient Boosting Regressor,0.5,1.9377262802659443,-1.4377262802659443
01_knn,Distancia,Gradient Boosting Regressor,627.0,452.5994936144711,174.4005063855289
01_knn,Distancia,Gradient Boosting Regressor,32.0,23.301251189663287,8.698748810336713
01_knn,Distancia,Gradient Boosting Regressor,7.5,7.906431226644849,-0.4064312266448491
01_knn,Distancia,Gradient Boosting Regressor,6.0,4.561213508002485,1.438786491997515
01_knn,Distancia,Gradient Boosting Regressor,1.0,2.5548150041402065,-1.5548150041402065
01_knn,Distancia,Gradient Boosting Regressor,46.0,22.556749921549077,23.443250078450923
01_knn,Distancia,Gradient Boosting Regressor,25.0,14.452631087516625,10.547368912483375
01_knn,Distancia,Gradient Boosting Regressor,7.5,4.681052107475064,2.8189478925249363
01_knn,Distancia,Gradient Boosting Regressor,11.5,17.71519013522239,-6.2151901352223895
01_knn,Distancia,Gradient Boosting Regressor,139.0,94.6266890791939,44.373310920806105
01_knn,Distancia,Gradient Boosting Regressor,0.5,1.9377262802659443,-1.4377262802659443
01_knn,Distancia,Gradient Boosting Regressor,2.5,2.267990147879418,0.23200985212058178
01_knn,Distancia,Gradient Boosting Regressor,0.5,2.267990147879418,-1.7679901478794182
01_knn,Distancia,Gradient Boosting Regressor,299.0,436.164964929035,-137.16496492903502
01_knn,Distancia,Gradient Boosting Regressor,2.5,4.406237844328407,-1.9062378443284071
01_knn,Distancia,Gradient Boosting Regressor,7.5,4.662611673534772,2.837388326465228
01_knn,Distancia,Gradient Boosting Regressor,2.5,2.5263199157308835,-0.026319915730883547
01_knn,Distancia,Gradient Boosting Regressor,5.5,6.0108062761425956,-0.5108062761425956
01_knn,Distancia,Gradient Boosting Regressor,68.0,47.81439121427534,20.18560878572466
01_knn,Distancia,Gradient Boosting Regressor,17.5,19.891278932861866,-2.3912789328618658
01_knn,Distancia,Gradient Boosting Regressor,123.0,137.6074837079308,-14.607483707930811
01_knn,Distancia,Gradient Boosting Regressor,10.5,13.516707910034455,-3.016707910034455
01_knn,Distancia,Gradient Boosting Regressor,0.5,3.2797363746526873,-2.7797363746526873
01_knn,Distancia,Gradient Boosting Regressor,0.5,1.9377262802659443,-1.4377262802659443
01_knn,Distancia,Gradient Boosting Regressor,3.5,2.588283243395441,0.9117167566045592
01_knn,Distancia,Gradient Boosting Regressor,1.0,2.3594175413142544,-1.3594175413142544
01_knn,Distancia,Gradient Boosting Regressor,5.5,4.891477375615959,0.6085226243840411
01_knn,Distancia,Gradient Boosting Regressor,3.5,2.588283243395441,0.9117167566045592
01_knn,Distancia,Gradient Boosting Regressor,17.5,17.261137486539813,0.2388625134601874
01_knn,Distancia,Gradient Boosting Regressor,11.0,9.778247191771067,1.221752808228933
01_knn,Distancia,Gradient Boosting Regressor,1.0,2.267990147879418,-1.2679901478794182
01_knn,Distancia,Gradient Boosting Regressor,10.0,20.24651965250999,-10.246519652509988
01_knn,Distancia,Gradient Boosting Regressor,526.0,457.77284298336406,68.22715701663594
01_knn,Distancia,Gradient Boosting Regressor,9.0,10.744905689115429,-1.7449056891154289
01_knn,Distancia,Gradient Boosting Regressor,1.0,2.783680706221393,-1.7836807062213929
01_knn,Distancia,Gradient Boosting Regressor,1.0,2.267990147879418,-1.2679901478794182
01_knn,Distancia,Gradient Boosting Regressor,2.0,2.537077496777889,-0.5370774967778891
01_knn,Distancia,Gradient Boosting Regressor,729.0,702.0181116236259,26.98188837637406
01_knn,Distancia,Gradient Boosting Regressor,8.0,9.40819147590304,-1.40819147590304
01_knn,Distancia,Gradient Boosting Regressor,1.5,3.847108274633747,-2.347108274633747
01_knn,Distancia,Gradient Boosting Regressor,6.0,7.175186697662833,-1.1751866976628333
01_knn,Distancia,Gradient Boosting Regressor,25.5,18.029079917113265,7.470920082886735
01_knn,Distancia,Gradient Boosting Regressor,8.0,10.401981899744582,-2.401981899744582
01_knn,Distancia,Gradient Boosting Regressor,6.0,8.697618984724457,-2.697618984724457
01_knn,Distancia,Gradient Boosting Regressor,27.0,19.404931926439446,7.5950680735605545
01_knn,Distancia,Gradient Boosting Regressor,44.0,57.476151027812556,-13.476151027812556
01_knn,Distancia,Gradient Boosting Regressor,3.5,3.51507410292886,-0.015074102928859912
01_knn,Distancia,Gradient Boosting Regressor,1.0,1.9377262802659443,-0.9377262802659443
01_knn,Distancia,Gradient Boosting Regressor,1.5,2.267990147879418,-0.7679901478794182
01_knn,Distancia,Gradient Boosting Regressor,4.0,3.113944573834867,0.8860554261651332
01_knn,Distancia,Gradient Boosting Regressor,3.5,2.7181764973370512,0.7818235026629488
01_knn,Distancia,Gradient Boosting Regressor,0.5,2.267990147879418,-1.7679901478794182
01_knn,Distancia,Gradient Boosting Regressor,1.0,3.058509644312821,-2.058509644312821
01_knn,Distancia,Gradient Boosting Regressor,5.5,4.406237844328407,1.0937621556715929
01_knn,Distancia,Gradient Boosting Regressor,0.5,1.9377262802659443,-1.4377262802659443
01_knn,Distancia,Gradient Boosting Regressor,29.5,34.10086378166015,-4.600863781660152
01_knn,Distancia,Gradient Boosting Regressor,33.0,18.576445969824903,14.423554030175097
01_knn,Distancia,Gradient Boosting Regressor,21.5,21.590464433863445,-0.09046443386344549
01_knn,Distancia,Gradient Boosting Regressor,6.0,4.111007136507058,1.888992863492942
01_knn,Distancia,Gradient Boosting Regressor,0.5,1.9377262802659443,-1.4377262802659443
01_knn,Distancia,Gradient Boosting Regressor,1.0,2.6167783318047637,-1.6167783318047637
01_knn,Distancia,Gradient Boosting Regressor,1.5,2.3594175413142544,-0.8594175413142544
01_knn,Distancia,Gradient Boosting Regressor,2.0,2.8850788717536804,-0.8850788717536804
01_knn,Distancia,Gradient Boosting Regressor,0.5,1.9377262802659443,-1.4377262802659443
01_knn,Distancia,Gradient Boosting Regressor,1.0,1.9377262802659443,-0.9377262802659443
01_knn,Distancia,Gradient Boosting Regressor,25.0,19.404931926439446,5.5950680735605545
01_knn,Distancia,Gradient Boosting Regressor,0.5,2.267990147879418,-1.7679901478794182
01_knn,Distancia,Gradient Boosting Regressor,1.5,2.7181764973370512,-1.2181764973370512
01_knn,Distancia,Gradient Boosting Regressor,2.0,2.3594175413142544,-0.3594175413142544
01_knn,Distancia,Gradient Boosting Regressor,1.0,1.9377262802659443,-0.9377262802659443
01_knn,Distancia,Gradient Boosting Regressor,0.5,2.267990147879418,-1.7679901478794182
01_knn,Distancia,Gradient Boosting Regressor,10.0,11.787628253355235,-1.7876282533552352
01_knn,Distancia,Gradient Boosting Regressor,1.0,2.7181764973370512,-1.7181764973370512
01_knn,Distancia,Gradient Boosting Regressor,13.5,23.01953351732042,-9.519533517320419
01_knn,Distancia,Gradient Boosting Regressor,0.5,1.9377262802659443,-1.4377262802659443
01_knn,Distancia,Gradient Boosting Regressor,0.5,1.9377262802659443,-1.4377262802659443
01_knn,Distancia,Gradient Boosting Regressor,1.0,2.267990147879418,-1.2679901478794182
01_knn,Distancia,Gradient Boosting Regressor,28.0,18.074787295221903,9.925212704778097
01_knn,Distancia,Gradient Boosting Regressor,3.5,3.810304810750208,-0.3103048107502082
01_knn,Distancia,Gradient Boosting Regressor,0.5,1.9377262802659443,-1.4377262802659443
01_knn,Distancia,Gradient Boosting Regressor,1.0,2.267990147879418,-1.2679901478794182
01_knn,Distancia,Gradient Boosting Regressor,21.5,15.120709682508137,6.379290317491863
01_knn,Distancia,Gradient Boosting Regressor,13.0,25.709959122401237,-12.709959122401237
01_knn,Distancia,Gradient Boosting Regressor,14.0,7.377788472003882,6.622211527996118
01_knn,Distancia,Gradient Boosting Regressor,28.5,17.261137486539813,11.238862513460187
01_knn,Distancia,Gradient Boosting Regressor,0.5,1.9377262802659443,-1.4377262802659443
01_knn,Distancia,Gradient Boosting Regressor,1.5,2.0291536737007805,-0.5291536737007805
01_knn,Distancia,Gradient Boosting Regressor,8.5,5.928670131390031,2.5713298686099693
01_knn,Distancia,Gradient Boosting Regressor,28.0,23.98581900500605,4.01418099499395
01_knn,Distancia,Gradient Boosting Regressor,8.5,9.914372179941529,-1.4143721799415285
01_knn,Distancia,Gradient Boosting Regressor,2.0,2.8850788717536804,-0.8850788717536804
01_knn,Distancia,Gradient Boosting Regressor,0.5,2.267990147879418,-1.7679901478794182
01_knn,Distancia,Gradient Boosting Regressor,19.5,24.320215590686633,-4.820215590686633
01_knn,Distancia,Gradient Boosting Regressor,1.5,2.783680706221393,-1.2836807062213929
01_knn,Distancia,Gradient Boosting Regressor,1.0,2.0291536737007805,-1.0291536737007805
01_knn,Distancia,Gradient Boosting Regressor,0.5,1.9377262802659443,-1.4377262802659443
01_knn,Distancia,Gradient Boosting Regressor,0.5,2.267990147879418,-1.7679901478794182
01_knn,Distancia,Gradient Boosting Regressor,3.0,3.113944573834867,-0.11394457383486678
01_knn,Distancia,Gradient Boosting Regressor,8.0,4.662611673534772,3.337388326465228
01_knn,Distancia,Gradient Boosting Regressor,1.5,2.3879126297235773,-0.8879126297235773
01_knn,Distancia,Gradient Boosting Regressor,27.0,40.74958175279395,-13.74958175279395
01_knn,Distancia,Gradient Boosting Regressor,0.5,2.267990147879418,-1.7679901478794182
01_knn,Distancia,Gradient Boosting Regressor,15.0,17.261137486539813,-2.2611374865398126
01_knn,Distancia,Gradient Boosting Regressor,0.5,1.9377262802659443,-1.4377262802659443
01_knn,Distancia,Gradient Boosting Regressor,3.5,6.5866007139242715,-3.0866007139242715
01_knn,Distancia,Gradient Boosting Regressor,2.0,2.783680706221393,-0.7836807062213929
01_knn,Distancia,Gradient Boosting Regressor,43.5,19.626537279924904,23.873462720075096
01_knn,Distancia,Gradient Boosting Regressor,1.0,2.267990147879418,-1.2679901478794182
01_knn,Distancia,Gradient Boosting Regressor,0.5,1.9377262802659443,-1.4377262802659443
01_knn,Distancia,Gradient Boosting Regressor,0.5,1.9377262802659443,-1.4377262802659443
01_knn,Distancia,Gradient Boosting Regressor,23.0,22.18770905176504,0.8122909482349598
01_knn,Distancia,Gradient Boosting Regressor,30.5,20.623836944734173,9.876163055265827
01_knn,Distancia,Gradient Boosting Regressor,1.5,2.1960560481174096,-0.6960560481174096
01_knn,Distancia,Gradient Boosting Regressor,1.0,3.847108274633747,-2.847108274633747
01_knn,Distancia,Gradient Boosting Regressor,2.5,2.0291536737007805,0.4708463262992195
01_knn,Distancia,Gradient Boosting Regressor,33.5,22.572612344428286,10.927387655571714
01_knn,Distancia,Gradient Boosting Regressor,81.5,61.027898763581405,20.472101236418595
01_knn,Distancia,Gradient Boosting Regressor,0.5,2.267990147879418,-1.7679901478794182
01_knn,Distancia,Gradient Boosting Regressor,26.5,21.203041879680455,5.296958120319545
01_knn,Distancia,Gradient Boosting Regressor,0.5,1.9377262802659443,-1.4377262802659443
01_knn,Distancia,Gradient Boosting Regressor,3.0,3.810304810750208,-0.8103048107502082
01_knn,Distancia,Gradient Boosting Regressor,7.0,4.406237844328407,2.593762155671593
01_knn,Distancia,Gradient Boosting Regressor,0.5,1.9377262802659443,-1.4377262802659443
01_knn,Distancia,Gradient Boosting Regressor,1.0,2.0291536737007805,-1.0291536737007805
01_knn,Distancia,Gradient Boosting Regressor,9.5,8.733278073879406,0.766721926120594
01_knn,Distancia,Gradient Boosting Regressor,28.0,25.4477551812596,2.5522448187404017
01_knn,Distancia,Gradient Boosting Regressor,0.5,1.9377262802659443,-1.4377262802659443
01_knn,Distancia,Gradient Boosting Regressor,1.0,2.267990147879418,-1.2679901478794182
01_knn,Distancia,Gradient Boosting Regressor,1.5,2.9470421994182376,-1.4470421994182376
01_knn,Distancia,Gradient Boosting Regressor,1.5,4.406237844328407,-2.906237844328407
01_knn,Distancia,Gradient Boosting Regressor,10.5,5.855356184942255,4.644643815057745
01_knn,Distancia,Gradient Boosting Regressor,4.5,6.4139096626775824,-1.9139096626775824
01_knn,Distancia,Gradient Boosting Regressor,2.5,6.138797621165149,-3.638797621165149
01_knn,Distancia,Gradient Boosting Regressor,2.0,3.684004219747644,-1.684004219747644
01_knn,Distancia,Gradient Boosting Regressor,0.5,2.267990147879418,-1.7679901478794182
01_knn,Distancia,Gradient Boosting Regressor,0.5,3.815710741272499,-3.315710741272499
01_knn,Distancia,Gradient Boosting Regressor,37.5,17.340503221041253,20.159496778958747
01_knn,Distancia,Gradient Boosting Regressor,26.0,22.131977248362965,3.868022751637035
01_knn,Distancia,Gradient Boosting Regressor,0.5,1.9377262802659443,-1.4377262802659443
01_knn,Distancia,Gradient Boosting Regressor,1.0,5.2358390985814145,-4.2358390985814145
01_knn,Distancia,Gradient Boosting Regressor,20.0,19.404931926439446,0.5950680735605545
01_knn,Distancia,Gradient Boosting Regressor,0.5,1.9377262802659443,-1.4377262802659443
01_knn,Distancia,Gradient Boosting Regressor,1.5,2.3879126297235773,-0.8879126297235773
01_knn,Distancia,Gradient Boosting Regressor,30.0,22.028724653846243,7.971275346153757
01_knn,Distancia,Gradient Boosting Regressor,0.5,1.9377262802659443,-1.4377262802659443
01_knn,Distancia,Gradient Boosting Regressor,2.5,4.0391705128313955,-1.5391705128313955
01_knn,Distancia,Gradient Boosting Regressor,4.5,4.406237844328407,0.09376215567159285
01_knn,Distancia,Gradient Boosting Regressor,9.0,4.891477375615959,4.108522624384041
01_knn,Distancia,Gradient Boosting Regressor,1.5,2.5548150041402065,-1.0548150041402065
01_knn,Distancia,Gradient Boosting Regressor,1.5,2.783680706221393,-1.2836807062213929
01_knn,Distancia,Gradient Boosting Regressor,1.5,3.113944573834867,-1.6139445738348668
01_knn,Distancia,Gradient Boosting Regressor,22.0,16.374648158936214,5.625351841063786
01_knn,Distancia,Gradient Boosting Regressor,46.0,40.596946073790406,5.403053926209594
01_knn,Distancia,Gradient Boosting Regressor,0.5,1.9377262802659443,-1.4377262802659443
01_knn,Distancia,Gradient Boosting Regressor,2.5,4.406237844328407,-1.9062378443284071
01_knn,Distancia,Gradient Boosting Regressor,29.5,20.53247151701241,8.96752848298759
01_knn,Distancia,Gradient Boosting Regressor,164.5,105.8737024654503,58.62629753454971
01_knn,Distancia,Gradient Boosting Regressor,39.0,43.285043733394296,-4.285043733394296
01_knn,Distancia,Gradient Boosting Regressor,1.5,2.267990147879418,-0.7679901478794182
01_knn,Distancia,Gradient Boosting Regressor,7.0,4.978895334537482,2.021104665462518
01_knn,Distancia,Gradient Boosting Regressor,14.5,14.588756075687085,-0.0887560756870851
01_knn,Distancia,Gradient Boosting Regressor,26.5,31.471298015609253,-4.971298015609253
01_knn,Distancia,Gradient Boosting Regressor,0.5,1.9377262802659443,-1.4377262802659443
01_knn,Distancia,Gradient Boosting Regressor,0.5,2.3737160035810443,-1.8737160035810443
01_knn,Distancia,Gradient Boosting Regressor,1.0,2.267990147879418,-1.2679901478794182
01_knn,Distancia,Gradient Boosting Regressor,11.0,19.404931926439446,-8.404931926439446
01_knn,Distancia,Gradient Boosting Regressor,0.5,2.267990147879418,-1.7679901478794182
01_knn,Distancia,Gradient Boosting Regressor,2.0,2.588283243395441,-0.5882832433954408
01_knn,Distancia,Gradient Boosting Regressor,0.5,1.9377262802659443,-1.4377262802659443
01_knn,Distancia,Gradient Boosting Regressor,4.0,4.406237844328407,-0.40623784432840715
01_knn,Distancia,Gradient Boosting Regressor,12.0,30.529477893385554,-18.529477893385554
01_knn,Distancia,Gradient Boosting Regressor,1.0,2.267990147879418,-1.2679901478794182
01_knn,Distancia,Gradient Boosting Regressor,0.5,2.267990147879418,-1.7679901478794182
01_knn,Distancia,Gradient Boosting Regressor,26.5,14.588756075687085,11.911243924312915
01_knn,Distancia,Gradient Boosting Regressor,1.0,2.7181764973370512,-1.7181764973370512
01_knn,Distancia,Gradient Boosting Regressor,1.0,2.267990147879418,-1.2679901478794182
01_knn,Distancia,Gradient Boosting Regressor,1.5,2.0291536737007805,-0.5291536737007805
01_knn,Distancia,Gradient Boosting Regressor,1.5,16.82870080761879,-15.328700807618791
01_knn,Distancia,Gradient Boosting Regressor,1.5,2.3594175413142544,-0.8594175413142544
01_knn,Distancia,Gradient Boosting Regressor,1.5,2.5548150041402065,-1.0548150041402065
01_knn,Distancia,Gradient Boosting Regressor,3.0,2.7181764973370512,0.28182350266294875
01_knn,Distancia,Gradient Boosting Regressor,13.5,15.82949216088767,-2.3294921608876695
01_knn,Distancia,Gradient Boosting Regressor,2.0,3.4551385176664575,-1.4551385176664575
01_knn,Distancia,Gradient Boosting Regressor,2.5,4.406237844328407,-1.9062378443284071
01_knn,Distancia,Gradient Boosting Regressor,1.0,2.0291536737007805,-1.0291536737007805
01_knn,Distancia,Gradient Boosting Regressor,9.0,10.744905689115429,-1.7449056891154289
01_knn,Distancia,Gradient Boosting Regressor,5.5,4.891477375615959,0.6085226243840411
01_knn,Distancia,Gradient Boosting Regressor,0.5,1.9377262802659443,-1.4377262802659443
01_knn,Distancia,Gradient Boosting Regressor,3.5,5.4641348658250335,-1.9641348658250335
01_knn,Distancia,Gradient Boosting Regressor,2.5,21.669389381335108,-19.169389381335108
01_knn,Distancia,Gradient Boosting Regressor,0.5,2.267990147879418,-1.7679901478794182
01_knn,Distancia,Gradient Boosting Regressor,3.0,4.406237844328407,-1.4062378443284071
01_knn,Distancia,Gradient Boosting Regressor,0.5,1.9377262802659443,-1.4377262802659443
01_knn,Distancia,Gradient Boosting Regressor,0.5,1.9377262802659443,-1.4377262802659443
01_knn,Distancia,Gradient Boosting Regressor,4.0,4.9948839448695885,-0.9948839448695885
01_knn,Distancia,Gradient Boosting Regressor,1.5,3.7439398050100463,-2.2439398050100463
01_knn,Distancia,Gradient Boosting Regressor,0.5,1.9377262802659443,-1.4377262802659443
01_knn,Distancia,Gradient Boosting Regressor,3.0,7.400250522606358,-4.400250522606358
01_knn,Distancia,Gradient Boosting Regressor,19.0,27.68270954234265,-8.68270954234265
01_knn,Distancia,Gradient Boosting Regressor,0.5,2.0291536737007805,-1.5291536737007805
01_knn,Distancia,Gradient Boosting Regressor,7.5,7.227559471359669,0.2724405286403311
01_knn,Distancia,Gradient Boosting Regressor,1.0,2.267990147879418,-1.2679901478794182
01_knn,Distancia,Gradient Boosting Regressor,6.0,5.3251478124830625,0.6748521875169375
01_knn,Distancia,Gradient Boosting Regressor,9.0,5.3251478124830625,3.6748521875169375
01_knn,Distancia,Gradient Boosting Regressor,2.5,2.8224173176143235,-0.32241731761432346
01_knn,Distancia,Gradient Boosting Regressor,1.5,2.267990147879418,-0.7679901478794182
01_knn,Distancia,Gradient Boosting Regressor,0.5,3.2797363746526873,-2.7797363746526873
01_knn,Distancia,Gradient Boosting Regressor,879.0,835.6145673018013,43.385432698198656
01_knn,Distancia,Gradient Boosting Regressor,4.5,5.4641348658250335,-0.9641348658250335
01_knn,Distancia,Gradient Boosting Regressor,9.0,13.426563401844788,-4.426563401844788
01_knn,Distancia,Gradient Boosting Regressor,0.5,2.267990147879418,-1.7679901478794182
01_knn,Distancia,Gradient Boosting Regressor,30.0,13.516707910034455,16.483292089965545
01_knn,Distancia,Gradient Boosting Regressor,3.5,4.406237844328407,-0.9062378443284071
01_knn,Distancia,Gradient Boosting Regressor,3.5,4.0391705128313955,-0.5391705128313955
01_knn,Distancia,Gradient Boosting Regressor,0.5,1.9377262802659443,-1.4377262802659443
01_knn,Distancia,Gradient Boosting Regressor,142.0,95.11886766223462,46.88113233776538
01_knn,Distancia,Gradient Boosting Regressor,12.5,5.3251478124830625,7.1748521875169375
01_knn,Distancia,Gradient Boosting Regressor,19.0,14.452631087516625,4.547368912483375
01_knn,Distancia,Gradient Boosting Regressor,37.0,33.34714455994919,3.652855440050807
01_knn,Distancia,Gradient Boosting Regressor,2.0,2.8850788717536804,-0.8850788717536804
01_knn,Distancia,Gradient Boosting Regressor,2.5,4.0391705128313955,-1.5391705128313955
01_knn,Distancia,Gradient Boosting Regressor,18.5,33.571991300930385,-15.071991300930385
01_knn,Distancia,Gradient Boosting Regressor,5.0,7.6612299082267725,-2.6612299082267725
01_knn,Distancia,Gradient Boosting Regressor,0.5,2.267990147879418,-1.7679901478794182
01_knn,Distancia,Gradient Boosting Regressor,5.0,6.4139096626775824,-1.4139096626775824
01_knn,Distancia,Gradient Boosting Regressor,1.0,2.0291536737007805,-1.0291536737007805
01_knn,Distancia,Gradient Boosting Regressor,4.0,6.138797621165149,-2.138797621165149
01_knn,Distancia,Gradient Boosting Regressor,1.5,2.9470421994182376,-1.4470421994182376
01_knn,Distancia,Gradient Boosting Regressor,3.0,17.71519013522239,-14.71519013522239
01_knn,Distancia,Gradient Boosting Regressor,6.0,20.53247151701241,-14.53247151701241
01_knn,Distancia,Gradient Boosting Regressor,23.0,21.22142356407941,1.7785764359205913
01_knn,Distancia,Gradient Boosting Regressor,4.0,3.810304810750208,0.18969518924979178
01_knn,Distancia,Gradient Boosting Regressor,2.5,2.3594175413142544,0.1405824586857456
01_knn,Distancia,Gradient Boosting Regressor,13.0,25.809346337319568,-12.809346337319568
01_knn,Distancia,Gradient Boosting Regressor,4.0,4.942212210948219,-0.9422122109482194
01_knn,Distancia,Gradient Boosting Regressor,1.0,2.0291536737007805,-1.0291536737007805
01_knn,Distancia,Gradient Boosting Regressor,11.0,16.67506252561017,-5.675062525610169
01_knn,Distancia,Gradient Boosting Regressor,9.0,7.440911350261787,1.5590886497382126
01_knn,Distancia,Gradient Boosting Regressor,0.5,1.9377262802659443,-1.4377262802659443
01_knn,Distancia,Gradient Boosting Regressor,0.5,3.1803095795750296,-2.6803095795750296
01_knn,Distancia,Gradient Boosting Regressor,2.0,4.406237844328407,-2.406237844328407
01_knn,Distancia,Gradient Boosting Regressor,18.5,18.404142182289387,0.09585781771061264
01_knn,Distancia,Gradient Boosting Regressor,1.5,2.3737160035810443,-0.8737160035810443
01_knn,Distancia,Gradient Boosting Regressor,31.0,15.37910803947868,15.62089196052132
01_knn,Distancia,Gradient Boosting Regressor,7.5,6.711455111374224,0.7885448886257764
01_knn,Distancia,Gradient Boosting Regressor,2.0,2.7181764973370512,-0.7181764973370512
01_knn,Distancia,Gradient Boosting Regressor,1.0,2.0291536737007805,-1.0291536737007805
01_knn,Distancia,Gradient Boosting Regressor,30.5,21.590464433863445,8.909535566136555
01_knn,Distancia,Gradient Boosting Regressor,2.5,2.993005435428479,-0.4930054354284792
01_knn,Distancia,Gradient Boosting Regressor,3.5,8.331401130298385,-4.831401130298385
01_knn,Distancia,Gradient Boosting Regressor,0.5,2.0291536737007805,-1.5291536737007805
01_knn,Distancia,Gradient Boosting Regressor,13.5,11.91887348095763,1.5811265190423693
01_knn,Distancia,Gradient Boosting Regressor,30.0,17.261137486539813,12.738862513460187
01_knn,Distancia,Gradient Boosting Regressor,25.0,66.67582867973218,-41.67582867973218
01_knn,Distancia,Gradient Boosting Regressor,0.5,2.267990147879418,-1.7679901478794182
01_knn,Distancia,Gradient Boosting Regressor,23.5,16.9015403265403,6.5984596734597005
01_knn,Distancia,Gradient Boosting Regressor,6.5,4.406237844328407,2.093762155671593
01_knn,Distancia,Gradient Boosting Regressor,24.5,19.71882170833032,4.781178291669679
01_knn,Distancia,Gradient Boosting Regressor,8.0,6.057721328217137,1.942278671782863
01_knn,Distancia,Gradient Boosting Regressor,3.5,4.406237844328407,-0.9062378443284071
01_knn,Distancia,Gradient Boosting Regressor,1.0,2.424921750198596,-1.424921750198596
01_knn,Distancia,Gradient Boosting Regressor,3.0,4.891477375615959,-1.8914773756159589
01_knn,Distancia,Gradient Boosting Regressor,27.5,23.161114979427317,4.3388850205726825
01_knn,Distancia,Gradient Boosting Regressor,2.5,4.891477375615959,-2.391477375615959
01_knn,Distancia,Gradient Boosting Regressor,37.5,22.883439537365042,14.616560462634958
01_knn,Distancia,Gradient Boosting Regressor,11.5,9.914372179941529,1.5856278200584715
01_knn,Distancia,Gradient Boosting Regressor,0.5,1.9377262802659443,-1.4377262802659443
01_knn,Distancia,Gradient Boosting Regressor,0.5,2.267990147879418,-1.7679901478794182
01_knn,Distancia,Gradient Boosting Regressor,5.0,7.072109380159328,-2.072109380159328
01_knn,Distancia,Gradient Boosting Regressor,9.0,7.440911350261787,1.5590886497382126
01_knn,Distancia,Gradient Boosting Regressor,5.5,9.914372179941529,-4.4143721799415285
01_knn,Distancia,Gradient Boosting Regressor,0.5,2.267990147879418,-1.7679901478794182
01_knn,Distancia,Gradient Boosting Regressor,21.5,19.202326885794868,2.297673114205132
01_knn,Distancia,Gradient Boosting Regressor,2.5,4.075973976714933,-1.5759739767149332
01_knn,Distancia,Gradient Boosting Regressor,5.5,11.651503265184774,-6.151503265184774
01_knn,Distancia,Gradient Boosting Regressor,0.5,2.0291536737007805,-1.5291536737007805
01_knn,Distancia,Gradient Boosting Regressor,2.0,2.3594175413142544,-0.3594175413142544
01_knn,Distancia,Gradient Boosting Regressor,1.0,2.267990147879418,-1.2679901478794182
01_knn,Distancia,Gradient Boosting Regressor,1091.0,1817.8638690690602,-726.8638690690602
01_knn,Distancia,Gradient Boosting Regressor,2.0,2.8850788717536804,-0.8850788717536804
01_knn,Distancia,Gradient Boosting Regressor,5.5,7.6612299082267725,-2.1612299082267725
01_knn,Distancia,Gradient Boosting Regressor,5.5,6.057721328217137,-0.5577213282171369
01_knn,Distancia,Gradient Boosting Regressor,0.5,2.267990147879418,-1.7679901478794182
01_knn,Distancia,Gradient Boosting Regressor,11.0,7.072109380159328,3.927890619840672
01_knn,Distancia,Gradient Boosting Regressor,80.5,64.58956766141199,15.91043233858801
01_knn,Distancia,Gradient Boosting Regressor,0.5,2.267990147879418,-1.7679901478794182
01_knn,Distancia,Gradient Boosting Regressor,25.0,772.2394519132276,-747.2394519132276
01_knn,Distancia,Gradient Boosting Regressor,9.5,6.5866007139242715,2.9133992860757285
01_knn,Distancia,Gradient Boosting Regressor,1.0,1.9377262802659443,-0.9377262802659443
01_knn,Distancia,Gradient Boosting Regressor,12.5,21.891993926747453,-9.391993926747453
01_knn,Distancia,Gradient Boosting Regressor,12.0,17.71519013522239,-5.7151901352223895
01_knn,Distancia,Gradient Boosting Regressor,42.0,27.08610901552042,14.913890984479579
01_knn,Distancia,Gradient Boosting Regressor,3.5,2.8850788717536804,0.6149211282463196
01_knn,Distancia,Gradient Boosting Regressor,51.0,54.928583403230334,-3.928583403230334
01_knn,Distancia,Gradient Boosting Regressor,5.0,6.847580099544686,-1.847580099544686
01_knn,Distancia,Gradient Boosting Regressor,0.5,2.0291536737007805,-1.5291536737007805
01_knn,Distancia,Gradient Boosting Regressor,429.0,463.17347352367824,-34.17347352367824
01_knn,Distancia,Gradient Boosting Regressor,8.5,29.57588557124093,-21.07588557124093
01_knn,Distancia,Gradient Boosting Regressor,3.0,3.810304810750208,-0.8103048107502082
01_knn,Distancia,Gradient Boosting Regressor,4.0,3.113944573834867,0.8860554261651332
01_knn,Distancia,Gradient Boosting Regressor,1.5,2.267990147879418,-0.7679901478794182
01_knn,Distancia,Gradient Boosting Regressor,3.0,4.406237844328407,-1.4062378443284071
01_knn,Distancia,Gradient Boosting Regressor,2.5,4.406237844328407,-1.9062378443284071
01_knn,Distancia,Gradient Boosting Regressor,0.5,1.9377262802659443,-1.4377262802659443
01_knn,Distancia,Gradient Boosting Regressor,8.5,14.195054939476949,-5.6950549394769485
01_knn,Distancia,Gradient Boosting Regressor,0.5,1.9377262802659443,-1.4377262802659443
01_knn,Distancia,Gradient Boosting Regressor,1.5,2.267990147879418,-0.7679901478794182
01_knn,Distancia,Gradient Boosting Regressor,1.5,2.267990147879418,-0.7679901478794182
01_knn,Distancia,Gradient Boosting Regressor,1.0,2.7944968433651347,-1.7944968433651347
01_knn,Distancia,Gradient Boosting Regressor,3.0,2.7181764973370512,0.28182350266294875
01_knn,Distancia,Gradient Boosting Regressor,0.5,1.9377262802659443,-1.4377262802659443
01_knn,Distancia,Gradient Boosting Regressor,17.5,18.074787295221903,-0.5747872952219026
01_knn,Distancia,Gradient Boosting Regressor,0.5,2.267990147879418,-1.7679901478794182
01_knn,Distancia,Gradient Boosting Regressor,22.0,12.859676419007865,9.140323580992135
01_knn,Distancia,Gradient Boosting Regressor,0.5,2.267990147879418,-1.7679901478794182
01_knn,Distancia,Gradient Boosting Regressor,3.5,4.0391705128313955,-0.5391705128313955
01_knn,Distancia,Gradient Boosting Regressor,12.5,31.783746293962373,-19.283746293962373
01_knn,Distancia,Gradient Boosting Regressor,1.0,2.5548150041402065,-1.5548150041402065
01_knn,Distancia,Gradient Boosting Regressor,0.5,2.267990147879418,-1.7679901478794182
01_knn,Distancia,Gradient Boosting Regressor,130.0,100.19699109186475,29.803008908135254
01_knn,Distancia,Gradient Boosting Regressor,5.5,4.891477375615959,0.6085226243840411
01_knn,Distancia,Gradient Boosting Regressor,4.5,5.3251478124830625,-0.8251478124830625
01_knn,Distancia,Gradient Boosting Regressor,2892.0,2187.996123111431,704.0038768885688
01_knn,Distancia,Gradient Boosting Regressor,0.5,2.267990147879418,-1.7679901478794182
01_knn,Distancia,Gradient Boosting Regressor,11.5,9.222473402053808,2.277526597946192
01_knn,Distancia,Gradient Boosting Regressor,0.5,1.9377262802659443,-1.4377262802659443
01_knn,Distancia,Gradient Boosting Regressor,30.5,14.588756075687085,15.911243924312915
01_knn,Distancia,Gradient Boosting Regressor,1.5,2.3594175413142544,-0.8594175413142544
01_knn,Distancia,Gradient Boosting Regressor,5.0,10.508280566860709,-5.508280566860709
01_knn,Distancia,Gradient Boosting Regressor,1.5,2.3594175413142544,-0.8594175413142544
01_knn,Distancia,Gradient Boosting Regressor,3.5,22.98896403693599,-19.48896403693599
01_knn,Distancia,Gradient Boosting Regressor,186.0,156.4293612922314,29.57063870776861
01_knn,Distancia,Gradient Boosting Regressor,1.0,2.267990147879418,-1.2679901478794182
01_knn,Distancia,Gradient Boosting Regressor,11.0,8.614082422105195,2.385917577894805
01_knn,Distancia,Gradient Boosting Regressor,0.5,1.9377262802659443,-1.4377262802659443
01_knn,Distancia,Gradient Boosting Regressor,13.0,17.71519013522239,-4.7151901352223895
01_knn,Distancia,Gradient Boosting Regressor,4.0,15.417695112575297,-11.417695112575297
01_knn,Distancia,Gradient Boosting Regressor,27.5,18.591282117757356,8.908717882242644
01_knn,Distancia,Gradient Boosting Regressor,2.0,4.075973976714933,-2.0759739767149332
01_knn,Distancia,Gradient Boosting Regressor,4.0,10.240207507186469,-6.240207507186469
01_knn,Distancia,Gradient Boosting Regressor,1.0,2.1960560481174096,-1.1960560481174096
01_knn,Distancia,Gradient Boosting Regressor,2.5,3.708906645217922,-1.208906645217922
01_knn,Distancia,Gradient Boosting Regressor,1.0,2.267990147879418,-1.2679901478794182
01_knn,Distancia,Gradient Boosting Regressor,27.0,25.893608978528416,1.106391021471584
01_knn,Distancia,Gradient Boosting Regressor,1.5,2.588283243395441,-1.0882832433954408
01_knn,Distancia,Gradient Boosting Regressor,3.0,2.0291536737007805,0.9708463262992195
01_knn,Distancia,Gradient Boosting Regressor,0.5,1.9377262802659443,-1.4377262802659443
01_knn,Distancia,Gradient Boosting Regressor,42.5,47.4018795396071,-4.901879539607101
01_knn,Distancia,Gradient Boosting Regressor,2.0,3.113944573834867,-1.1139445738348668
01_knn,Distancia,Gradient Boosting Regressor,0.5,2.267990147879418,-1.7679901478794182
01_knn,Distancia,Gradient Boosting Regressor,4.5,9.591346863929958,-5.091346863929958
01_knn,Distancia,Gradient Boosting Regressor,9.0,7.747844187871908,1.252155812128092
01_knn,Distancia,Gradient Boosting Regressor,0.5,2.267990147879418,-1.7679901478794182
01_knn,Distancia,Gradient Boosting Regressor,0.5,1.9377262802659443,-1.4377262802659443
01_knn,Distancia,Gradient Boosting Regressor,5.0,10.240207507186469,-5.240207507186469
01_knn,Distancia,Gradient Boosting Regressor,0.5,1.9377262802659443,-1.4377262802659443
01_knn,Distancia,Gradient Boosting Regressor,13.0,17.188297967618304,-4.188297967618304
01_knn,Distancia,Gradient Boosting Regressor,1.0,2.267990147879418,-1.2679901478794182
01_knn,Distancia,Gradient Boosting Regressor,0.5,1.9377262802659443,-1.4377262802659443
01_knn,Distancia,Gradient Boosting Regressor,9.5,14.726725116598347,-5.226725116598347
01_knn,Distancia,Gradient Boosting Regressor,22.5,25.809346337319568,-3.3093463373195675
01_knn,Distancia,Gradient Boosting Regressor,3.0,3.7439398050100463,-0.7439398050100463
01_knn,Distancia,Gradient Boosting Regressor,3.5,4.406237844328407,-0.9062378443284071
01_knn,Distancia,Gradient Boosting Regressor,1.0,2.267990147879418,-1.2679901478794182
01_knn,Distancia,Gradient Boosting Regressor,2.0,2.5548150041402065,-0.5548150041402065
01_knn,Distancia,Gradient Boosting Regressor,0.5,1.9377262802659443,-1.4377262802659443
01_knn,Distancia,Gradient Boosting Regressor,3.0,2.8850788717536804,0.11492112824631961
01_knn,Distancia,Gradient Boosting Regressor,3.5,15.108187322828897,-11.608187322828897
01_knn,Distancia,Gradient Boosting Regressor,13.5,11.787628253355235,1.7123717466447648
01_knn,Distancia,Gradient Boosting Regressor,22.5,19.404931926439446,3.0950680735605545
01_knn,Distancia,Gradient Boosting Regressor,1.5,1.9377262802659443,-0.4377262802659443
01_knn,Distancia,Gradient Boosting Regressor,1.0,2.3594175413142544,-1.3594175413142544
01_knn,Distancia,Gradient Boosting Regressor,2.0,2.0291536737007805,-0.02915367370078048
01_knn,Distancia,Gradient Boosting Regressor,1.0,1.9377262802659443,-0.9377262802659443
01_knn,Distancia,Gradient Boosting Regressor,23.5,13.638981278834539,9.861018721165461
01_knn,Distancia,Gradient Boosting Regressor,1.0,2.267990147879418,-1.2679901478794182
01_knn,Distancia,Gradient Boosting Regressor,0.5,1.9377262802659443,-1.4377262802659443
01_knn,Distancia,Gradient Boosting Regressor,25.5,18.074787295221903,7.425212704778097
01_knn,Distancia,Gradient Boosting Regressor,26.0,19.71882170833032,6.281178291669679
01_knn,Distancia,Gradient Boosting Regressor,0.5,2.267990147879418,-1.7679901478794182
01_knn,Distancia,Gradient Boosting Regressor,25.0,26.540492631575134,-1.540492631575134
01_knn,Distancia,Gradient Boosting Regressor,8.0,8.007583737917676,-0.007583737917675748
01_knn,Distancia,Gradient Boosting Regressor,1.0,2.267990147879418,-1.2679901478794182
01_knn,Distancia,Gradient Boosting Regressor,22.0,18.388677077112778,3.611322922887222
01_knn,Distancia,Gradient Boosting Regressor,1.0,2.3594175413142544,-1.3594175413142544
01_knn,Distancia,Gradient Boosting Regressor,18.5,17.71519013522239,0.7848098647776105
01_knn,Distancia,Gradient Boosting Regressor,0.5,2.267990147879418,-1.7679901478794182
01_knn,Distancia,Gradient Boosting Regressor,2.0,3.7439398050100463,-1.7439398050100463
01_knn,Distancia,Gradient Boosting Regressor,6.0,4.561213508002485,1.438786491997515
01_knn,Distancia,Gradient Boosting Regressor,7.0,7.747844187871908,-0.747844187871908
01_knn,Distancia,Gradient Boosting Regressor,0.5,2.267990147879418,-1.7679901478794182
01_knn,Distancia,Gradient Boosting Regressor,1.0,2.267990147879418,-1.2679901478794182
01_knn,Distancia,Gradient Boosting Regressor,12.0,11.039950743982107,0.9600492560178928
01_knn,Distancia,Gradient Boosting Regressor,0.5,2.267990147879418,-1.7679901478794182
01_knn,Distancia,Gradient Boosting Regressor,1.5,1.9377262802659443,-0.4377262802659443
01_knn,Distancia,Gradient Boosting Regressor,0.5,1.9377262802659443,-1.4377262802659443
01_knn,Distancia,Gradient Boosting Regressor,0.5,2.267990147879418,-1.7679901478794182
01_knn,Distancia,Gradient Boosting Regressor,2.0,2.267990147879418,-0.2679901478794182
01_knn,Distancia,Gradient Boosting Regressor,6.5,4.891477375615959,1.6085226243840411
01_knn,Distancia,Gradient Boosting Regressor,28.0,27.464583872072197,0.5354161279278031
01_knn,Distancia,Gradient Boosting Regressor,1.0,1.9377262802659443,-0.9377262802659443
01_knn,Distancia,Gradient Boosting Regressor,13.0,18.404142182289387,-5.404142182289387
01_knn,Distancia,Gradient Boosting Regressor,14.5,22.33058147025342,-7.830581470253421
01_knn,Distancia,Gradient Boosting Regressor,0.5,2.267990147879418,-1.7679901478794182
01_knn,Distancia,Gradient Boosting Regressor,43.0,38.450530778959745,4.549469221040255
01_knn,Distancia,Gradient Boosting Regressor,9.5,10.448059457735956,-0.9480594577359565
01_knn,Distancia,Gradient Boosting Regressor,14.0,18.591282117757356,-4.5912821177573555
01_knn,Distancia,Gradient Boosting Regressor,1.5,2.8850788717536804,-1.3850788717536804
01_knn,Distancia,Gradient Boosting Regressor,1.0,2.267990147879418,-1.2679901478794182
01_knn,Distancia,Gradient Boosting Regressor,5.0,5.897805302692137,-0.8978053026921371
01_knn,Distancia,Gradient Boosting Regressor,1.5,2.5263199157308835,-1.0263199157308835
01_knn,Distancia,Gradient Boosting Regressor,1.0,2.0291536737007805,-1.0291536737007805
01_knn,Distancia,Gradient Boosting Regressor,0.5,2.267990147879418,-1.7679901478794182
01_knn,Distancia,Gradient Boosting Regressor,3.0,3.51507410292886,-0.5150741029288599
01_knn,Distancia,Gradient Boosting Regressor,12.5,6.847580099544686,5.652419900455314
01_knn,Distancia,Gradient Boosting Regressor,43.0,40.89288291953075,2.1071170804692514
01_knn,Distancia,Gradient Boosting Regressor,1.5,2.5548150041402065,-1.0548150041402065
01_knn,Distancia,Gradient Boosting Regressor,9.5,10.986420345594158,-1.4864203455941585
01_knn,Distancia,Gradient Boosting Regressor,2.0,3.684004219747644,-1.684004219747644
01_knn,Distancia,Gradient Boosting Regressor,45.0,33.652981204515456,11.347018795484544
01_knn,Distancia,Gradient Boosting Regressor,3.5,3.810304810750208,-0.3103048107502082
01_knn,Distancia,Gradient Boosting Regressor,2.0,6.03302586940513,-4.03302586940513
01_knn,Distancia,Gradient Boosting Regressor,734.0,411.40983410973735,322.59016589026265
01_knn,Distancia,Gradient Boosting Regressor,3.5,4.406237844328407,-0.9062378443284071
01_knn,Distancia,Gradient Boosting Regressor,7.0,8.45841667905049,-1.4584166790504902
01_knn,Distancia,Gradient Boosting Regressor,1.0,2.267990147879418,-1.2679901478794182
01_knn,Distancia,Gradient Boosting Regressor,86.5,90.48271732925366,-3.98271732925366
01_knn,Distancia,Gradient Boosting Regressor,0.5,2.267990147879418,-1.7679901478794182
01_knn,Distancia,Gradient Boosting Regressor,0.5,2.267990147879418,-1.7679901478794182
01_knn,Distancia,Gradient Boosting Regressor,8.0,5.861122179102875,2.1388778208971253
01_knn,Distancia,Gradient Boosting Regressor,0.5,2.267990147879418,-1.7679901478794182
01_knn,Distancia,Gradient Boosting Regressor,8.5,5.705127184298045,2.7948728157019547
01_knn,Distancia,Gradient Boosting Regressor,1.5,2.3594175413142544,-0.8594175413142544
01_knn,Distancia,Gradient Boosting Regressor,0.5,2.267990147879418,-1.7679901478794182
01_knn,Distancia,Gradient Boosting Regressor,4.0,2.7181764973370512,1.2818235026629488
01_knn,Distancia,Gradient Boosting Regressor,19.0,10.039762264221503,8.960237735778497
01_knn,Distancia,Gradient Boosting Regressor,2.0,3.113944573834867,-1.1139445738348668
01_knn,Distancia,Gradient Boosting Regressor,7.5,9.914372179941529,-2.4143721799415285
01_knn,Distancia,Gradient Boosting Regressor,2.5,3.810304810750208,-1.3103048107502082
01_knn,Distancia,Gradient Boosting Regressor,17.5,8.594541667220954,8.905458332779046
01_knn,Distancia,Gradient Boosting Regressor,2.0,4.0391705128313955,-2.0391705128313955
01_knn,Distancia,Gradient Boosting Regressor,4.0,4.662611673534772,-0.662611673534772
01_knn,Distancia,Gradient Boosting Regressor,8.0,7.072109380159328,0.9278906198406718
01_knn,Distancia,Gradient Boosting Regressor,62.0,45.89927768385802,16.100722316141983
01_knn,Distancia,Gradient Boosting Regressor,23.0,21.203041879680455,1.7969581203195446
01_knn,Distancia,Gradient Boosting Regressor,0.5,2.267990147879418,-1.7679901478794182
01_knn,Distancia,Gradient Boosting Regressor,487.0,385.6184118473217,101.38158815267832
01_knn,Distancia,Gradient Boosting Regressor,7.0,4.406237844328407,2.593762155671593
01_knn,Distancia,Gradient Boosting Regressor,10.5,5.897805302692137,4.602194697307863
01_knn,Distancia,Gradient Boosting Regressor,50.0,24.368674745109942,25.631325254890058
01_knn,Distancia,Gradient Boosting Regressor,81.0,99.76667997079892,-18.76667997079892
01_knn,Distancia,Gradient Boosting Regressor,5.5,5.077915179781859,0.4220848202181413
01_knn,Distancia,Gradient Boosting Regressor,0.5,2.267990147879418,-1.7679901478794182
01_knn,Distancia,Gradient Boosting Regressor,5.5,5.897805302692137,-0.3978053026921371
01_knn,Distancia,Gradient Boosting Regressor,0.5,2.267990147879418,-1.7679901478794182
01_knn,Distancia,Gradient Boosting Regressor,13.0,19.404931926439446,-6.4049319264394455
01_knn,Distancia,Gradient Boosting Regressor,1.5,2.267990147879418,-0.7679901478794182
01_knn,Distancia,Gradient Boosting Regressor,5.5,4.924656945189144,0.5753430548108556
01_knn,Distancia,Gradient Boosting Regressor,2.0,2.3879126297235773,-0.3879126297235773
01_knn,Distancia,Gradient Boosting Regressor,3.0,2.3594175413142544,0.6405824586857456
01_knn,Distancia,Gradient Boosting Regressor,0.5,2.267990147879418,-1.7679901478794182
01_knn,Distancia,Gradient Boosting Regressor,1.0,2.267990147879418,-1.2679901478794182
01_knn,Distancia,Gradient Boosting Regressor,1.5,2.3879126297235773,-0.8879126297235773
01_knn,Distancia,Gradient Boosting Regressor,2.0,2.1960560481174096,-0.19605604811740962
01_knn,Distancia,Gradient Boosting Regressor,0.5,1.9377262802659443,-1.4377262802659443
01_knn,Distancia,Gradient Boosting Regressor,0.5,9.027882852337932,-8.527882852337932
01_knn,Distancia,Gradient Boosting Regressor,11.5,5.3251478124830625,6.1748521875169375
01_knn,Distancia,Gradient Boosting Regressor,12.5,13.440469973731235,-0.9404699737312345
01_knn,Distancia,Gradient Boosting Regressor,20.0,18.074787295221903,1.9252127047780974
01_knn,Distancia,Gradient Boosting Regressor,22.0,19.404931926439446,2.5950680735605545
01_knn,Distancia,Gradient Boosting Regressor,1.0,2.5263199157308835,-1.5263199157308835
01_knn,Distancia,Gradient Boosting Regressor,357.0,382.73138792179594,-25.731387921795942
01_knn,Distancia,Gradient Boosting Regressor,0.5,1.9377262802659443,-1.4377262802659443
01_knn,Distancia,Gradient Boosting Regressor,2.0,4.17737214224722,-2.1773721422472203
01_knn,Distancia,Gradient Boosting Regressor,2.0,2.3879126297235773,-0.3879126297235773
01_knn,Distancia,Gradient Boosting Regressor,0.5,1.9377262802659443,-1.4377262802659443
01_knn,Distancia,Gradient Boosting Regressor,0.5,1.9377262802659443,-1.4377262802659443
01_knn,Distancia,Gradient Boosting Regressor,13.0,6.847580099544686,6.152419900455314
01_knn,Distancia,Gradient Boosting Regressor,1.5,2.0291536737007805,-0.5291536737007805
01_knn,Distancia,Gradient Boosting Regressor,1.0,2.267990147879418,-1.2679901478794182
01_knn,Distancia,Gradient Boosting Regressor,0.5,1.9377262802659443,-1.4377262802659443
01_knn,Distancia,Gradient Boosting Regressor,11.5,5.705127184298045,5.794872815701955
01_knn,Distancia,Gradient Boosting Regressor,1.0,2.3594175413142544,-1.3594175413142544
01_knn,Distancia,Gradient Boosting Regressor,6.5,14.994798176272589,-8.494798176272589
01_knn,Distancia,Gradient Boosting Regressor,0.5,1.9377262802659443,-1.4377262802659443
01_knn,Distancia,Gradient Boosting Regressor,1.5,2.3879126297235773,-0.8879126297235773
01_knn,Distancia,Gradient Boosting Regressor,2.5,11.247802694531595,-8.747802694531595
01_knn,Distancia,Gradient Boosting Regressor,0.5,2.267990147879418,-1.7679901478794182
01_knn,Distancia,Gradient Boosting Regressor,5.0,14.195054939476949,-9.195054939476949
01_knn,Distancia,Gradient Boosting Regressor,19.0,25.809346337319568,-6.8093463373195675
01_knn,Distancia,Gradient Boosting Regressor,0.5,2.267990147879418,-1.7679901478794182
01_knn,Distancia,Gradient Boosting Regressor,252.0,251.19394822076148,0.8060517792385156
01_knn,Distancia,Gradient Boosting Regressor,0.5,2.267990147879418,-1.7679901478794182
01_knn,Distancia,Gradient Boosting Regressor,8.5,14.222163535002817,-5.722163535002817
01_knn,Distancia,Gradient Boosting Regressor,806.0,465.9507322871263,340.0492677128737
01_knn,Distancia,Gradient Boosting Regressor,1.5,2.7181764973370512,-1.2181764973370512
01_knn,Distancia,Gradient Boosting Regressor,2.0,2.3594175413142544,-0.3594175413142544
01_knn,Distancia,Gradient Boosting Regressor,1.0,2.6167783318047637,-1.6167783318047637
01_knn,Distancia,Gradient Boosting Regressor,23.0,18.591282117757356,4.4087178822426445
01_knn,Distancia,Gradient Boosting Regressor,1.0,2.267990147879418,-1.2679901478794182
01_knn,Distancia,Gradient Boosting Regressor,1.0,2.267990147879418,-1.2679901478794182
01_knn,Distancia,Gradient Boosting Regressor,1.5,2.258019375781967,-0.7580193757819669
01_knn,Distancia,Gradient Boosting Regressor,2.0,3.409175281656216,-1.409175281656216
01_knn,Distancia,Gradient Boosting Regressor,8.0,5.3251478124830625,2.6748521875169375
01_knn,Distancia,Gradient Boosting Regressor,1.0,1.9377262802659443,-0.9377262802659443
01_knn,Distancia,Gradient Boosting Regressor,22.0,25.809346337319568,-3.8093463373195675
01_knn,Distancia,Gradient Boosting Regressor,4.5,3.7439398050100463,0.7560601949899537
01_knn,Distancia,Gradient Boosting Regressor,5.0,4.978895334537482,0.021104665462518213
01_knn,Distancia,Gradient Boosting Regressor,0.5,2.267990147879418,-1.7679901478794182
01_knn,Distancia,Gradient Boosting Regressor,1.0,2.267990147879418,-1.2679901478794182
01_knn,Distancia,Gradient Boosting Regressor,0.5,1.9377262802659443,-1.4377262802659443
01_knn,Distancia,Gradient Boosting Regressor,6.5,9.463988058532538,-2.9639880585325376
01_knn,Distancia,Gradient Boosting Regressor,0.5,2.267990147879418,-1.7679901478794182
01_knn,Distancia,Gradient Boosting Regressor,1.0,2.3594175413142544,-1.3594175413142544
01_knn,Distancia,Gradient Boosting Regressor,8.5,6.138797621165149,2.361202378834851
01_knn,Distancia,Gradient Boosting Regressor,39.5,39.90799402672341,-0.4079940267234079
01_knn,Distancia,Gradient Boosting Regressor,33.5,25.384902937880888,8.115097062119112
01_knn,Distancia,Gradient Boosting Regressor,2.0,2.0291536737007805,-0.02915367370078048
01_knn,Distancia,Gradient Boosting Regressor,53.0,49.92845081532795,3.071549184672051
01_knn,Distancia,Gradient Boosting Regressor,1.5,2.267990147879418,-0.7679901478794182
01_knn,Distancia,Gradient Boosting Regressor,24.0,20.53247151701241,3.467528482987589
01_knn,Distancia,Gradient Boosting Regressor,0.5,2.267990147879418,-1.7679901478794182
01_knn,Distancia,Gradient Boosting Regressor,1.5,2.267990147879418,-0.7679901478794182
01_knn,Distancia,Gradient Boosting Regressor,11.5,10.986420345594158,0.5135796544058415
01_knn,Distancia,Gradient Boosting Regressor,2832.0,2526.2198328529144,305.78016714708565
01_knn,Distancia,Gradient Boosting Regressor,4.0,2.3594175413142544,1.6405824586857456
01_knn,Distancia,Gradient Boosting Regressor,1.5,2.3594175413142544,-0.8594175413142544
01_knn,Distancia,Gradient Boosting Regressor,0.5,2.267990147879418,-1.7679901478794182
01_knn,Distancia,Gradient Boosting Regressor,1.0,1.9377262802659443,-0.9377262802659443
01_knn,Distancia,Gradient Boosting Regressor,44.5,34.9128326383004,9.5871673616996
01_knn,Distancia,Gradient Boosting Regressor,18.5,25.193844943538377,-6.693844943538377
01_knn,Distancia,Gradient Boosting Regressor,28.0,24.760184325548693,3.2398156744513074
01_knn,Distancia,Gradient Boosting Regressor,0.5,2.267990147879418,-1.7679901478794182
01_knn,Distancia,Gradient Boosting Regressor,15.0,16.9015403265403,-1.9015403265402995
01_knn,Distancia,Gradient Boosting Regressor,4.0,3.113944573834867,0.8860554261651332
01_knn,Distancia,Gradient Boosting Regressor,1.5,4.075973976714933,-2.5759739767149332
01_knn,Distancia,Gradient Boosting Regressor,1.0,2.258019375781967,-1.2580193757819669
01_knn,Distancia,Gradient Boosting Regressor,1.0,2.783680706221393,-1.7836807062213929
01_knn,Distancia,Gradient Boosting Regressor,80.0,93.66040359150826,-13.660403591508256
01_knn,Distancia,Gradient Boosting Regressor,1.5,2.5263199157308835,-1.0263199157308835
01_knn,Distancia,Gradient Boosting Regressor,0.5,1.9377262802659443,-1.4377262802659443
01_knn,Distancia,Gradient Boosting Regressor,3.0,2.993005435428479,0.006994564571520812
01_knn,Distancia,Gradient Boosting Regressor,0.5,1.9377262802659443,-1.4377262802659443
01_knn,Distancia,Gradient Boosting Regressor,11.0,11.247802694531595,-0.24780269453159498
01_knn,Distancia,Gradient Boosting Regressor,5.5,10.450754804342647,-4.9507548043426475
01_knn,Distancia,Gradient Boosting Regressor,2.5,3.113944573834867,-0.6139445738348668
01_knn,Distancia,Gradient Boosting Regressor,3.5,5.13387099821156,-1.6338709982115596
01_knn,Distancia,Gradient Boosting Regressor,543.0,414.4597690202425,128.5402309797575
01_knn,Distancia,Gradient Boosting Regressor,545.0,396.33906388833674,148.66093611166326
01_knn,Distancia,Gradient Boosting Regressor,10.0,21.669389381335108,-11.669389381335108
01_knn,Distancia,Gradient Boosting Regressor,21.5,19.202326885794868,2.297673114205132
01_knn,Distancia,Gradient Boosting Regressor,0.5,2.0291536737007805,-1.5291536737007805
01_knn,Distancia,Gradient Boosting Regressor,5.5,4.891477375615959,0.6085226243840411
01_knn,Distancia,Gradient Boosting Regressor,0.5,1.9377262802659443,-1.4377262802659443
01_knn,Distancia,Gradient Boosting Regressor,46.0,34.75712069956167,11.242879300438332
01_knn,Distancia,Gradient Boosting Regressor,1.5,2.267990147879418,-0.7679901478794182
01_knn,Distancia,Gradient Boosting Regressor,1.0,2.267990147879418,-1.2679901478794182
01_knn,Distancia,Gradient Boosting Regressor,5.5,6.138797621165149,-0.6387976211651489
01_knn,Distancia,Gradient Boosting Regressor,11.5,15.172460669861078,-3.6724606698610778
01_knn,Distancia,Gradient Boosting Regressor,6.0,9.290432710333924,-3.290432710333924
01_knn,Distancia,Gradient Boosting Regressor,1346.0,1359.6797245750292,-13.67972457502924
01_knn,Distancia,Gradient Boosting Regressor,0.5,2.267990147879418,-1.7679901478794182
01_knn,Distancia,Gradient Boosting Regressor,0.5,2.267990147879418,-1.7679901478794182
01_knn,Distancia,Gradient Boosting Regressor,2.0,2.0291536737007805,-0.02915367370078048
01_knn,Distancia,Gradient Boosting Regressor,0.5,1.9377262802659443,-1.4377262802659443
01_knn,Distancia,Gradient Boosting Regressor,1.5,2.0291536737007805,-0.5291536737007805
01_knn,Distancia,Gradient Boosting Regressor,19.5,20.389392070998365,-0.8893920709983654
01_knn,Distancia,Gradient Boosting Regressor,0.5,2.267990147879418,-1.7679901478794182
01_knn,Distancia,Gradient Boosting Regressor,1.0,2.0291536737007805,-1.0291536737007805
01_knn,Distancia,Gradient Boosting Regressor,19.0,18.074787295221903,0.9252127047780974
01_knn,Distancia,Gradient Boosting Regressor,7.5,11.039950743982107,-3.539950743982107
01_knn,Distancia,Gradient Boosting Regressor,1.0,2.267990147879418,-1.2679901478794182
01_knn,Distancia,Gradient Boosting Regressor,0.5,2.267990147879418,-1.7679901478794182
01_knn,Distancia,Gradient Boosting Regressor,0.5,2.267990147879418,-1.7679901478794182
01_knn,Distancia,Gradient Boosting Regressor,1.5,2.8850788717536804,-1.3850788717536804
01_knn,Distancia,Gradient Boosting Regressor,1.0,2.75518561781207,-1.75518561781207
01_knn,Distancia,Gradient Boosting Regressor,0.5,1.9377262802659443,-1.4377262802659443
01_knn,Distancia,Gradient Boosting Regressor,3.5,4.891477375615959,-1.3914773756159589
01_knn,Distancia,Gradient Boosting Regressor,1.5,3.409175281656216,-1.909175281656216
01_knn,Distancia,Gradient Boosting Regressor,43.5,43.167181731457234,0.3328182685427663
01_knn,Distancia,Gradient Boosting Regressor,2.0,2.993005435428479,-0.9930054354284792
01_knn,Distancia,Gradient Boosting Regressor,1.5,2.3879126297235773,-0.8879126297235773
01_knn,Distancia,Gradient Boosting Regressor,1.0,2.0291536737007805,-1.0291536737007805
01_knn,Distancia,Gradient Boosting Regressor,0.5,2.267990147879418,-1.7679901478794182
01_knn,Distancia,Gradient Boosting Regressor,0.5,2.267990147879418,-1.7679901478794182
01_knn,Distancia,Gradient Boosting Regressor,0.5,2.267990147879418,-1.7679901478794182
01_knn,Distancia,Gradient Boosting Regressor,2.5,2.8850788717536804,-0.3850788717536804
01_knn,Distancia,Gradient Boosting Regressor,0.5,1.9377262802659443,-1.4377262802659443
01_knn,Distancia,Gradient Boosting Regressor,1.5,3.847108274633747,-2.347108274633747
01_knn,Distancia,Gradient Boosting Regressor,0.5,2.267990147879418,-1.7679901478794182
01_knn,Distancia,Gradient Boosting Regressor,1.5,2.3594175413142544,-0.8594175413142544
01_knn,Distancia,Gradient Boosting Regressor,86.5,63.887295471582384,22.612704528417616
01_knn,Distancia,Gradient Boosting Regressor,3.5,5.4641348658250335,-1.9641348658250335
01_knn,Distancia,Gradient Boosting Regressor,20.5,75.02076973566449,-54.52076973566449
01_knn,Distancia,Gradient Boosting Regressor,13.5,9.778247191771067,3.721752808228933
01_knn,Distancia,Gradient Boosting Regressor,0.5,1.9377262802659443,-1.4377262802659443
01_knn,Distancia,Gradient Boosting Regressor,0.5,1.9377262802659443,-1.4377262802659443
01_knn,Distancia,Gradient Boosting Regressor,11.5,17.827015127112723,-6.327015127112723
01_knn,Distancia,Gradient Boosting Regressor,3.5,4.406237844328407,-0.9062378443284071
01_knn,Distancia,Gradient Boosting Regressor,6.5,11.927428959673664,-5.427428959673664
01_knn,Distancia,Gradient Boosting Regressor,0.5,1.9377262802659443,-1.4377262802659443
01_knn,Distancia,Gradient Boosting Regressor,3.5,3.113944573834867,0.3860554261651332
01_knn,Distancia,Gradient Boosting Regressor,0.5,1.9377262802659443,-1.4377262802659443
