notebook,family,model,y_true,y_pred,y_proba
01_knn,Distancia,XGBoost Classifier,1,1,0.9988661
01_knn,Distancia,XGBoost Classifier,1,1,0.99999535
01_knn,Distancia,XGBoost Classifier,0,0,4.0754385e-05
01_knn,Distancia,XGBoost Classifier,0,0,0.007111573
01_knn,Distancia,XGBoost Classifier,0,0,0.0043213814
01_knn,Distancia,XGBoost Classifier,0,0,0.00015674798
01_knn,Distancia,XGBoost Classifier,0,0,1.2450641e-05
01_knn,Distancia,XGBoost Classifier,0,0,0.0006071346
01_knn,Distancia,XGBoost Classifier,1,1,0.9999864
01_knn,Distancia,XGBoost Classifier,0,0,4.7845348e-05
01_knn,Distancia,XGBoost Classifier,0,0,9.135546e-05
01_knn,Distancia,XGBoost Classifier,0,0,0.000360367
01_knn,Distancia,XGBoost Classifier,0,1,0.9524712
01_knn,Distancia,XGBoost Classifier,0,0,0.00011945063
01_knn,Distancia,XGBoost Classifier,1,1,0.5425426
01_knn,Distancia,XGBoost Classifier,1,1,0.99998796
01_knn,Distancia,XGBoost Classifier,0,0,0.022969477
01_knn,Distancia,XGBoost Classifier,0,0,2.4366283e-05
01_knn,Distancia,XGBoost Classifier,0,0,0.007819902
01_knn,Distancia,XGBoost Classifier,0,0,0.0062098466
01_knn,Distancia,XGBoost Classifier,0,0,1.9805357e-05
01_knn,Distancia,XGBoost Classifier,0,0,0.022524728
01_knn,Distancia,XGBoost Classifier,0,0,0.00020281826
01_knn,Distancia,XGBoost Classifier,0,0,0.0020892404
01_knn,Distancia,XGBoost Classifier,1,1,0.99999356
01_knn,Distancia,XGBoost Classifier,0,0,3.6763897e-05
01_knn,Distancia,XGBoost Classifier,1,1,0.9511226
01_knn,Distancia,XGBoost Classifier,1,1,0.9999982
01_knn,Distancia,XGBoost Classifier,1,1,0.9999945
01_knn,Distancia,XGBoost Classifier,0,0,8.226149e-05
01_knn,Distancia,XGBoost Classifier,1,1,0.99999416
01_knn,Distancia,XGBoost Classifier,1,1,0.99998486
01_knn,Distancia,XGBoost Classifier,1,1,0.9999763
01_knn,Distancia,XGBoost Classifier,0,0,0.0015690186
01_knn,Distancia,XGBoost Classifier,1,1,0.98771286
01_knn,Distancia,XGBoost Classifier,0,0,0.005499452
01_knn,Distancia,XGBoost Classifier,0,0,3.796459e-05
01_knn,Distancia,XGBoost Classifier,0,0,3.8962653e-06
01_knn,Distancia,XGBoost Classifier,0,0,6.4562584e-05
01_knn,Distancia,XGBoost Classifier,0,0,5.218186e-05
01_knn,Distancia,XGBoost Classifier,0,0,0.0001440166
01_knn,Distancia,XGBoost Classifier,1,1,0.98688185
01_knn,Distancia,XGBoost Classifier,0,0,6.0932918e-05
01_knn,Distancia,XGBoost Classifier,1,1,0.99998343
01_knn,Distancia,XGBoost Classifier,0,0,0.0029778895
01_knn,Distancia,XGBoost Classifier,0,0,0.0022227343
01_knn,Distancia,XGBoost Classifier,0,0,2.0356252e-05
01_knn,Distancia,XGBoost Classifier,1,1,0.82081395
01_knn,Distancia,XGBoost Classifier,0,0,2.4788607e-05
01_knn,Distancia,XGBoost Classifier,1,1,0.9998116
01_knn,Distancia,XGBoost Classifier,0,0,0.001514816
01_knn,Distancia,XGBoost Classifier,0,0,0.00012509513
01_knn,Distancia,XGBoost Classifier,0,0,0.00019000562
01_knn,Distancia,XGBoost Classifier,1,1,0.99995804
01_knn,Distancia,XGBoost Classifier,0,0,0.00030342117
01_knn,Distancia,XGBoost Classifier,0,0,0.00022829391
01_knn,Distancia,XGBoost Classifier,1,1,0.99996364
01_knn,Distancia,XGBoost Classifier,0,0,7.976446e-05
01_knn,Distancia,XGBoost Classifier,1,1,0.99801826
01_knn,Distancia,XGBoost Classifier,1,1,0.99999726
01_knn,Distancia,XGBoost Classifier,1,1,0.6106742
01_knn,Distancia,XGBoost Classifier,0,0,5.3779354e-06
01_knn,Distancia,XGBoost Classifier,0,0,0.0005150975
01_knn,Distancia,XGBoost Classifier,0,0,0.0012314451
01_knn,Distancia,XGBoost Classifier,1,1,0.99999535
01_knn,Distancia,XGBoost Classifier,0,0,0.0034780551
01_knn,Distancia,XGBoost Classifier,1,1,0.9999927
01_knn,Distancia,XGBoost Classifier,1,1,0.9999957
01_knn,Distancia,XGBoost Classifier,0,1,0.91452605
01_knn,Distancia,XGBoost Classifier,0,0,0.0005214623
01_knn,Distancia,XGBoost Classifier,1,1,0.9999893
01_knn,Distancia,XGBoost Classifier,0,0,0.00010537941
01_knn,Distancia,XGBoost Classifier,0,0,0.40124372
01_knn,Distancia,XGBoost Classifier,1,1,0.999997
01_knn,Distancia,XGBoost Classifier,0,0,6.7347046e-06
01_knn,Distancia,XGBoost Classifier,1,1,0.98374313
01_knn,Distancia,XGBoost Classifier,0,0,0.0086991135
01_knn,Distancia,XGBoost Classifier,0,0,0.049450938
01_knn,Distancia,XGBoost Classifier,0,0,1.1114196e-05
01_knn,Distancia,XGBoost Classifier,0,0,0.0010201879
01_knn,Distancia,XGBoost Classifier,0,0,3.8051592e-06
01_knn,Distancia,XGBoost Classifier,1,1,0.9999635
01_knn,Distancia,XGBoost Classifier,0,0,0.054119103
01_knn,Distancia,XGBoost Classifier,0,0,0.00075001694
01_knn,Distancia,XGBoost Classifier,0,0,0.00027908105
01_knn,Distancia,XGBoost Classifier,1,1,0.99997914
01_knn,Distancia,XGBoost Classifier,1,1,0.8889924
01_knn,Distancia,XGBoost Classifier,0,0,0.0006571183
01_knn,Distancia,XGBoost Classifier,0,0,0.00026470257
01_knn,Distancia,XGBoost Classifier,0,0,0.004493819
01_knn,Distancia,XGBoost Classifier,0,0,0.000112786736
01_knn,Distancia,XGBoost Classifier,0,0,1.07229625e-05
01_knn,Distancia,XGBoost Classifier,0,0,0.00071084645
01_knn,Distancia,XGBoost Classifier,0,0,0.0018386741
01_knn,Distancia,XGBoost Classifier,1,1,0.9999969
01_knn,Distancia,XGBoost Classifier,0,0,8.60543e-05
01_knn,Distancia,XGBoost Classifier,0,0,0.00019050794
01_knn,Distancia,XGBoost Classifier,0,0,0.029659294
01_knn,Distancia,XGBoost Classifier,0,0,2.2344361e-06
01_knn,Distancia,XGBoost Classifier,0,0,7.163428e-06
01_knn,Distancia,XGBoost Classifier,0,0,0.05207812
01_knn,Distancia,XGBoost Classifier,1,1,0.9999896
01_knn,Distancia,XGBoost Classifier,0,0,4.7075537e-06
01_knn,Distancia,XGBoost Classifier,0,0,3.993126e-05
01_knn,Distancia,XGBoost Classifier,1,1,0.99996924
01_knn,Distancia,XGBoost Classifier,0,0,0.00043216383
01_knn,Distancia,XGBoost Classifier,0,0,0.004563156
01_knn,Distancia,XGBoost Classifier,0,0,0.0027530077
01_knn,Distancia,XGBoost Classifier,0,0,0.0008421422
01_knn,Distancia,XGBoost Classifier,0,0,8.395031e-05
01_knn,Distancia,XGBoost Classifier,1,1,0.9999931
01_knn,Distancia,XGBoost Classifier,1,1,0.9999987
01_knn,Distancia,XGBoost Classifier,0,0,1.6915816e-05
01_knn,Distancia,XGBoost Classifier,0,0,0.0005193227
01_knn,Distancia,XGBoost Classifier,0,0,0.00011824811
01_knn,Distancia,XGBoost Classifier,1,1,0.99999475
01_knn,Distancia,XGBoost Classifier,0,0,0.006542103
01_knn,Distancia,XGBoost Classifier,0,0,4.8625145e-05
01_knn,Distancia,XGBoost Classifier,0,0,0.00082313584
01_knn,Distancia,XGBoost Classifier,0,0,2.6235264e-05
01_knn,Distancia,XGBoost Classifier,1,1,0.99754155
01_knn,Distancia,XGBoost Classifier,1,1,0.999992
01_knn,Distancia,XGBoost Classifier,0,1,0.6578716
01_knn,Distancia,XGBoost Classifier,0,0,0.0049789376
01_knn,Distancia,XGBoost Classifier,0,0,0.0014674175
01_knn,Distancia,XGBoost Classifier,1,1,0.9999902
01_knn,Distancia,XGBoost Classifier,0,0,0.0052249613
01_knn,Distancia,XGBoost Classifier,1,1,0.9997762
01_knn,Distancia,XGBoost Classifier,0,0,0.00014710163
01_knn,Distancia,XGBoost Classifier,0,0,0.0016522973
01_knn,Distancia,XGBoost Classifier,0,0,2.2077788e-06
01_knn,Distancia,XGBoost Classifier,0,0,0.0024050898
01_knn,Distancia,XGBoost Classifier,0,0,3.0553583e-05
01_knn,Distancia,XGBoost Classifier,0,0,0.0003003903
01_knn,Distancia,XGBoost Classifier,1,1,0.99999774
01_knn,Distancia,XGBoost Classifier,1,1,0.999982
01_knn,Distancia,XGBoost Classifier,0,0,0.0041914107
01_knn,Distancia,XGBoost Classifier,1,1,0.9999982
01_knn,Distancia,XGBoost Classifier,0,0,2.3282612e-06
01_knn,Distancia,XGBoost Classifier,0,0,1.3288926e-05
01_knn,Distancia,XGBoost Classifier,1,1,0.9306785
01_knn,Distancia,XGBoost Classifier,1,1,0.9999372
01_knn,Distancia,XGBoost Classifier,0,0,0.00013426246
01_knn,Distancia,XGBoost Classifier,0,0,0.0068388013
01_knn,Distancia,XGBoost Classifier,0,1,0.99626356
01_knn,Distancia,XGBoost Classifier,0,0,0.1335065
01_knn,Distancia,XGBoost Classifier,0,0,0.027548699
01_knn,Distancia,XGBoost Classifier,0,0,0.00013368553
01_knn,Distancia,XGBoost Classifier,0,0,0.0037429696
01_knn,Distancia,XGBoost Classifier,0,0,0.00028051384
01_knn,Distancia,XGBoost Classifier,0,0,0.0005974837
01_knn,Distancia,XGBoost Classifier,0,0,6.0978957e-05
01_knn,Distancia,XGBoost Classifier,0,0,9.854052e-05
01_knn,Distancia,XGBoost Classifier,0,0,0.00237614
01_knn,Distancia,XGBoost Classifier,0,0,0.0021762103
01_knn,Distancia,XGBoost Classifier,1,1,0.9999968
01_knn,Distancia,XGBoost Classifier,0,0,1.44291325e-05
01_knn,Distancia,XGBoost Classifier,0,0,2.369595e-05
01_knn,Distancia,XGBoost Classifier,0,0,0.03005834
01_knn,Distancia,XGBoost Classifier,0,0,0.016714333
01_knn,Distancia,XGBoost Classifier,0,0,0.00025299183
01_knn,Distancia,XGBoost Classifier,0,0,0.000103848666
01_knn,Distancia,XGBoost Classifier,0,0,9.8572e-05
01_knn,Distancia,XGBoost Classifier,0,0,0.03685761
01_knn,Distancia,XGBoost Classifier,0,0,2.0522559e-05
01_knn,Distancia,XGBoost Classifier,1,1,0.9999957
01_knn,Distancia,XGBoost Classifier,0,0,0.0005999809
01_knn,Distancia,XGBoost Classifier,0,0,2.020682e-05
01_knn,Distancia,XGBoost Classifier,0,0,0.00041774384
01_knn,Distancia,XGBoost Classifier,1,0,0.103073046
01_knn,Distancia,XGBoost Classifier,1,1,0.85728854
01_knn,Distancia,XGBoost Classifier,1,1,0.9999943
01_knn,Distancia,XGBoost Classifier,0,0,0.0001602236
01_knn,Distancia,XGBoost Classifier,1,1,0.9999068
01_knn,Distancia,XGBoost Classifier,0,0,0.00018633447
01_knn,Distancia,XGBoost Classifier,0,0,3.11607e-05
01_knn,Distancia,XGBoost Classifier,0,0,0.00038416573
01_knn,Distancia,XGBoost Classifier,0,0,4.128698e-05
01_knn,Distancia,XGBoost Classifier,1,1,0.9999815
01_knn,Distancia,XGBoost Classifier,1,1,0.8118772
01_knn,Distancia,XGBoost Classifier,1,1,0.9999999
01_knn,Distancia,XGBoost Classifier,0,0,0.012318823
01_knn,Distancia,XGBoost Classifier,0,0,0.000687138
01_knn,Distancia,XGBoost Classifier,0,0,0.000101515834
01_knn,Distancia,XGBoost Classifier,1,1,0.9999776
01_knn,Distancia,XGBoost Classifier,0,0,0.006265486
01_knn,Distancia,XGBoost Classifier,1,1,0.9999672
01_knn,Distancia,XGBoost Classifier,0,0,0.00015204187
01_knn,Distancia,XGBoost Classifier,0,0,0.0010092547
01_knn,Distancia,XGBoost Classifier,0,0,0.00032828836
01_knn,Distancia,XGBoost Classifier,0,0,0.0026680366
01_knn,Distancia,XGBoost Classifier,0,0,0.00084068585
01_knn,Distancia,XGBoost Classifier,0,0,0.008780084
01_knn,Distancia,XGBoost Classifier,0,0,1.35083155e-05
01_knn,Distancia,XGBoost Classifier,0,0,0.004638012
01_knn,Distancia,XGBoost Classifier,1,1,0.9999974
01_knn,Distancia,XGBoost Classifier,0,0,0.0077314074
01_knn,Distancia,XGBoost Classifier,0,0,0.0036754936
01_knn,Distancia,XGBoost Classifier,0,0,0.35473424
01_knn,Distancia,XGBoost Classifier,0,0,0.006390158
01_knn,Distancia,XGBoost Classifier,0,0,3.391707e-05
01_knn,Distancia,XGBoost Classifier,0,0,7.993082e-06
01_knn,Distancia,XGBoost Classifier,0,0,1.2816604e-05
01_knn,Distancia,XGBoost Classifier,0,0,0.022301475
01_knn,Distancia,XGBoost Classifier,0,0,0.0051217023
01_knn,Distancia,XGBoost Classifier,1,1,0.9995097
01_knn,Distancia,XGBoost Classifier,0,0,0.00023350626
01_knn,Distancia,XGBoost Classifier,0,0,0.0007785417
01_knn,Distancia,XGBoost Classifier,0,0,0.0011246675
01_knn,Distancia,XGBoost Classifier,0,0,0.00010693068
01_knn,Distancia,XGBoost Classifier,1,1,0.99996233
01_knn,Distancia,XGBoost Classifier,0,0,5.2136245e-05
01_knn,Distancia,XGBoost Classifier,1,1,0.99999774
01_knn,Distancia,XGBoost Classifier,0,0,3.793676e-05
01_knn,Distancia,XGBoost Classifier,0,0,0.007126046
01_knn,Distancia,XGBoost Classifier,0,0,2.3186725e-05
01_knn,Distancia,XGBoost Classifier,0,0,4.8217917e-06
01_knn,Distancia,XGBoost Classifier,0,0,0.013335508
01_knn,Distancia,XGBoost Classifier,0,0,0.0014430225
01_knn,Distancia,XGBoost Classifier,0,0,0.0023458302
01_knn,Distancia,XGBoost Classifier,1,1,0.99997306
01_knn,Distancia,XGBoost Classifier,0,0,0.00056818826
01_knn,Distancia,XGBoost Classifier,0,0,2.2480028e-05
01_knn,Distancia,XGBoost Classifier,0,0,4.113438e-05
01_knn,Distancia,XGBoost Classifier,0,0,6.784998e-05
01_knn,Distancia,XGBoost Classifier,1,1,0.9999945
01_knn,Distancia,XGBoost Classifier,0,0,0.012084806
01_knn,Distancia,XGBoost Classifier,0,0,0.0018719987
01_knn,Distancia,XGBoost Classifier,0,0,0.002205452
01_knn,Distancia,XGBoost Classifier,0,0,0.0013430985
01_knn,Distancia,XGBoost Classifier,1,1,0.999595
01_knn,Distancia,XGBoost Classifier,1,1,0.99997854
01_knn,Distancia,XGBoost Classifier,0,0,0.00018569542
01_knn,Distancia,XGBoost Classifier,0,0,0.00022066188
01_knn,Distancia,XGBoost Classifier,1,1,0.99997675
01_knn,Distancia,XGBoost Classifier,0,0,0.00026589315
01_knn,Distancia,XGBoost Classifier,0,0,0.0009362137
01_knn,Distancia,XGBoost Classifier,0,0,0.000905699
01_knn,Distancia,XGBoost Classifier,0,0,0.011352495
01_knn,Distancia,XGBoost Classifier,0,0,3.282265e-05
01_knn,Distancia,XGBoost Classifier,1,1,0.9618844
01_knn,Distancia,XGBoost Classifier,1,1,0.9999949
01_knn,Distancia,XGBoost Classifier,0,0,0.0029865168
01_knn,Distancia,XGBoost Classifier,0,0,0.0043920986
01_knn,Distancia,XGBoost Classifier,0,0,0.0013581365
01_knn,Distancia,XGBoost Classifier,0,0,0.0024565766
01_knn,Distancia,XGBoost Classifier,1,1,0.99523395
01_knn,Distancia,XGBoost Classifier,1,1,0.9999964
01_knn,Distancia,XGBoost Classifier,0,0,0.031001452
01_knn,Distancia,XGBoost Classifier,0,0,0.00017286734
01_knn,Distancia,XGBoost Classifier,0,0,2.4129427e-05
01_knn,Distancia,XGBoost Classifier,1,1,0.95730114
01_knn,Distancia,XGBoost Classifier,0,0,8.517469e-06
01_knn,Distancia,XGBoost Classifier,0,0,0.0004944804
01_knn,Distancia,XGBoost Classifier,0,0,0.00026700608
01_knn,Distancia,XGBoost Classifier,0,0,0.0051365057
01_knn,Distancia,XGBoost Classifier,0,0,4.400626e-06
01_knn,Distancia,XGBoost Classifier,1,1,0.9999229
01_knn,Distancia,XGBoost Classifier,1,1,0.9996332
01_knn,Distancia,XGBoost Classifier,0,0,1.4677138e-05
01_knn,Distancia,XGBoost Classifier,0,0,3.471206e-05
01_knn,Distancia,XGBoost Classifier,0,0,0.0061979196
01_knn,Distancia,XGBoost Classifier,0,1,0.93789226
01_knn,Distancia,XGBoost Classifier,1,1,0.99999785
01_knn,Distancia,XGBoost Classifier,1,1,0.9955094
01_knn,Distancia,XGBoost Classifier,0,0,0.00046119903
01_knn,Distancia,XGBoost Classifier,1,1,0.9999883
01_knn,Distancia,XGBoost Classifier,0,0,0.002845095
01_knn,Distancia,XGBoost Classifier,0,0,0.0021087874
01_knn,Distancia,XGBoost Classifier,1,1,0.99999595
01_knn,Distancia,XGBoost Classifier,1,1,0.9999851
01_knn,Distancia,XGBoost Classifier,1,1,0.9999825
01_knn,Distancia,XGBoost Classifier,0,0,9.305203e-06
01_knn,Distancia,XGBoost Classifier,1,1,0.94065267
01_knn,Distancia,XGBoost Classifier,0,0,0.0007435718
01_knn,Distancia,XGBoost Classifier,1,1,0.9936918
01_knn,Distancia,XGBoost Classifier,1,1,0.9995066
01_knn,Distancia,XGBoost Classifier,0,0,0.09287301
01_knn,Distancia,XGBoost Classifier,0,0,6.942836e-05
01_knn,Distancia,XGBoost Classifier,0,0,0.012322542
01_knn,Distancia,XGBoost Classifier,1,1,0.9940555
01_knn,Distancia,XGBoost Classifier,0,0,0.00020302026
01_knn,Distancia,XGBoost Classifier,0,0,0.0020950972
01_knn,Distancia,XGBoost Classifier,0,0,0.013243264
01_knn,Distancia,XGBoost Classifier,0,0,0.029897008
01_knn,Distancia,XGBoost Classifier,0,0,0.0004502851
01_knn,Distancia,XGBoost Classifier,0,0,0.00012491562
01_knn,Distancia,XGBoost Classifier,0,0,0.00021804302
01_knn,Distancia,XGBoost Classifier,0,0,0.005020983
01_knn,Distancia,XGBoost Classifier,0,0,0.08760688
01_knn,Distancia,XGBoost Classifier,0,0,0.0009881274
01_knn,Distancia,XGBoost Classifier,0,0,8.9757805e-06
01_knn,Distancia,XGBoost Classifier,1,1,0.99999166
01_knn,Distancia,XGBoost Classifier,0,0,9.309362e-05
01_knn,Distancia,XGBoost Classifier,1,1,0.99950767
01_knn,Distancia,XGBoost Classifier,0,0,1.5829834e-05
01_knn,Distancia,XGBoost Classifier,1,1,0.999995
01_knn,Distancia,XGBoost Classifier,0,0,0.0075665778
01_knn,Distancia,XGBoost Classifier,1,1,0.9818724
01_knn,Distancia,XGBoost Classifier,0,0,0.0031398854
01_knn,Distancia,XGBoost Classifier,0,0,5.6866036e-05
01_knn,Distancia,XGBoost Classifier,1,1,0.9999496
01_knn,Distancia,XGBoost Classifier,0,0,0.0006702688
01_knn,Distancia,XGBoost Classifier,0,0,0.00014508232
01_knn,Distancia,XGBoost Classifier,0,0,0.0014131374
01_knn,Distancia,XGBoost Classifier,0,0,0.00012979188
01_knn,Distancia,XGBoost Classifier,0,1,0.97438735
01_knn,Distancia,XGBoost Classifier,0,0,1.9728426e-05
01_knn,Distancia,XGBoost Classifier,0,0,0.00021893087
01_knn,Distancia,XGBoost Classifier,0,0,7.1389804e-05
01_knn,Distancia,XGBoost Classifier,0,0,0.0016543792
01_knn,Distancia,XGBoost Classifier,0,0,0.00040797333
01_knn,Distancia,XGBoost Classifier,0,0,0.0010170174
01_knn,Distancia,XGBoost Classifier,0,0,0.0017054002
01_knn,Distancia,XGBoost Classifier,1,1,0.99922156
01_knn,Distancia,XGBoost Classifier,0,0,0.00022026335
01_knn,Distancia,XGBoost Classifier,1,1,0.76998925
01_knn,Distancia,XGBoost Classifier,0,0,0.004278832
01_knn,Distancia,XGBoost Classifier,0,0,0.0131490175
01_knn,Distancia,XGBoost Classifier,0,0,8.540879e-06
01_knn,Distancia,XGBoost Classifier,0,0,0.00016168311
01_knn,Distancia,XGBoost Classifier,0,0,9.319746e-05
01_knn,Distancia,XGBoost Classifier,0,0,2.392992e-05
01_knn,Distancia,XGBoost Classifier,0,0,0.00012628394
01_knn,Distancia,XGBoost Classifier,0,0,0.000103102706
01_knn,Distancia,XGBoost Classifier,0,0,0.00055572856
01_knn,Distancia,XGBoost Classifier,0,0,0.0017149411
01_knn,Distancia,XGBoost Classifier,0,0,0.0012025974
01_knn,Distancia,XGBoost Classifier,1,1,0.99414575
01_knn,Distancia,XGBoost Classifier,0,0,8.336111e-05
01_knn,Distancia,XGBoost Classifier,0,0,2.29484e-06
01_knn,Distancia,XGBoost Classifier,0,0,0.00080955453
01_knn,Distancia,XGBoost Classifier,1,1,0.9999918
01_knn,Distancia,XGBoost Classifier,0,0,0.014898432
01_knn,Distancia,XGBoost Classifier,0,0,0.0004260724
01_knn,Distancia,XGBoost Classifier,0,0,1.8754912e-05
01_knn,Distancia,XGBoost Classifier,0,0,3.305973e-05
01_knn,Distancia,XGBoost Classifier,1,1,0.9999944
01_knn,Distancia,XGBoost Classifier,0,0,0.0048026685
01_knn,Distancia,XGBoost Classifier,0,0,4.5625162e-05
01_knn,Distancia,XGBoost Classifier,1,1,0.99993193
01_knn,Distancia,XGBoost Classifier,0,0,2.6800597e-05
01_knn,Distancia,XGBoost Classifier,0,0,5.850751e-05
01_knn,Distancia,XGBoost Classifier,0,0,9.624502e-05
01_knn,Distancia,XGBoost Classifier,1,1,0.99999
01_knn,Distancia,XGBoost Classifier,0,0,1.6395943e-05
01_knn,Distancia,XGBoost Classifier,0,0,0.00021021195
01_knn,Distancia,XGBoost Classifier,0,0,0.0014569785
01_knn,Distancia,XGBoost Classifier,0,0,0.006445
01_knn,Distancia,XGBoost Classifier,1,1,0.9998982
01_knn,Distancia,XGBoost Classifier,0,0,0.0012223334
01_knn,Distancia,XGBoost Classifier,1,1,0.9999243
01_knn,Distancia,XGBoost Classifier,0,0,1.3719663e-05
01_knn,Distancia,XGBoost Classifier,0,0,0.01411289
01_knn,Distancia,XGBoost Classifier,0,0,7.556943e-05
01_knn,Distancia,XGBoost Classifier,0,0,0.00019688574
01_knn,Distancia,XGBoost Classifier,0,0,0.007204466
01_knn,Distancia,XGBoost Classifier,0,0,0.016240258
01_knn,Distancia,XGBoost Classifier,0,0,0.000684501
01_knn,Distancia,XGBoost Classifier,1,1,0.9988489
01_knn,Distancia,XGBoost Classifier,0,0,0.00012326299
01_knn,Distancia,XGBoost Classifier,1,1,0.9999906
01_knn,Distancia,XGBoost Classifier,0,0,0.00014299361
01_knn,Distancia,XGBoost Classifier,0,0,0.0017480621
01_knn,Distancia,XGBoost Classifier,0,0,2.512861e-05
01_knn,Distancia,XGBoost Classifier,1,1,0.99999666
01_knn,Distancia,XGBoost Classifier,0,0,5.9720085e-05
01_knn,Distancia,XGBoost Classifier,0,0,0.035210278
01_knn,Distancia,XGBoost Classifier,0,0,0.0009545984
01_knn,Distancia,XGBoost Classifier,0,0,0.010595638
01_knn,Distancia,XGBoost Classifier,0,0,3.391558e-05
01_knn,Distancia,XGBoost Classifier,1,1,0.884965
01_knn,Distancia,XGBoost Classifier,0,0,0.0010452569
01_knn,Distancia,XGBoost Classifier,0,0,0.0003983982
01_knn,Distancia,XGBoost Classifier,0,0,0.00020179823
01_knn,Distancia,XGBoost Classifier,0,0,0.0053568035
01_knn,Distancia,XGBoost Classifier,1,1,0.99999726
01_knn,Distancia,XGBoost Classifier,0,0,0.0006963647
01_knn,Distancia,XGBoost Classifier,1,1,0.7931884
01_knn,Distancia,XGBoost Classifier,0,0,2.7172136e-05
01_knn,Distancia,XGBoost Classifier,0,0,3.502696e-05
01_knn,Distancia,XGBoost Classifier,1,1,0.9999075
01_knn,Distancia,XGBoost Classifier,0,0,0.00013444552
01_knn,Distancia,XGBoost Classifier,0,0,0.013677951
01_knn,Distancia,XGBoost Classifier,0,0,0.00011644769
01_knn,Distancia,XGBoost Classifier,0,0,0.0006377535
01_knn,Distancia,XGBoost Classifier,0,0,0.00089049304
01_knn,Distancia,XGBoost Classifier,0,0,0.0024339813
01_knn,Distancia,XGBoost Classifier,0,0,0.082127236
01_knn,Distancia,XGBoost Classifier,0,0,0.000366076
01_knn,Distancia,XGBoost Classifier,0,0,0.00015625419
01_knn,Distancia,XGBoost Classifier,0,0,0.0010704064
01_knn,Distancia,XGBoost Classifier,0,0,9.984542e-06
01_knn,Distancia,XGBoost Classifier,0,0,7.587444e-05
01_knn,Distancia,XGBoost Classifier,1,1,0.99997604
01_knn,Distancia,XGBoost Classifier,0,0,4.4527857e-05
01_knn,Distancia,XGBoost Classifier,1,1,0.999997
01_knn,Distancia,XGBoost Classifier,0,0,0.00026040708
01_knn,Distancia,XGBoost Classifier,0,0,0.00022524319
01_knn,Distancia,XGBoost Classifier,1,1,0.999998
01_knn,Distancia,XGBoost Classifier,1,1,0.9998838
01_knn,Distancia,XGBoost Classifier,0,0,0.00022762579
01_knn,Distancia,XGBoost Classifier,0,0,4.2869044e-05
01_knn,Distancia,XGBoost Classifier,0,0,0.0009888532
01_knn,Distancia,XGBoost Classifier,0,0,0.005583665
01_knn,Distancia,XGBoost Classifier,1,1,0.99961555
01_knn,Distancia,XGBoost Classifier,1,1,0.99882084
01_knn,Distancia,XGBoost Classifier,0,0,0.00048772042
01_knn,Distancia,XGBoost Classifier,0,0,0.0004189388
01_knn,Distancia,XGBoost Classifier,0,0,2.881499e-05
01_knn,Distancia,XGBoost Classifier,0,0,2.6866286e-05
01_knn,Distancia,XGBoost Classifier,0,0,1.1536097e-05
01_knn,Distancia,XGBoost Classifier,1,1,0.9999857
01_knn,Distancia,XGBoost Classifier,0,0,0.003975533
01_knn,Distancia,XGBoost Classifier,1,1,0.9999939
01_knn,Distancia,XGBoost Classifier,0,0,6.6659224e-05
01_knn,Distancia,XGBoost Classifier,0,0,0.00023644941
01_knn,Distancia,XGBoost Classifier,0,0,0.00404107
01_knn,Distancia,XGBoost Classifier,0,0,3.6700632e-05
01_knn,Distancia,XGBoost Classifier,0,0,0.0024624788
01_knn,Distancia,XGBoost Classifier,1,1,0.99995124
01_knn,Distancia,XGBoost Classifier,0,0,0.052295774
01_knn,Distancia,XGBoost Classifier,1,1,0.99726856
01_knn,Distancia,XGBoost Classifier,0,0,1.0968811e-06
01_knn,Distancia,XGBoost Classifier,0,0,0.0010757124
01_knn,Distancia,XGBoost Classifier,0,0,0.00039422596
01_knn,Distancia,XGBoost Classifier,1,1,0.98957807
01_knn,Distancia,XGBoost Classifier,0,0,1.836316e-05
01_knn,Distancia,XGBoost Classifier,1,0,0.031821255
01_knn,Distancia,XGBoost Classifier,0,0,0.0050573605
01_knn,Distancia,XGBoost Classifier,0,0,0.00051603734
01_knn,Distancia,XGBoost Classifier,1,1,0.9989827
01_knn,Distancia,XGBoost Classifier,1,1,0.99999726
01_knn,Distancia,XGBoost Classifier,0,0,0.00015832945
01_knn,Distancia,XGBoost Classifier,0,0,1.25226015e-05
01_knn,Distancia,XGBoost Classifier,0,0,5.7796755e-05
01_knn,Distancia,XGBoost Classifier,0,0,0.0046076407
01_knn,Distancia,XGBoost Classifier,0,0,0.00041201457
01_knn,Distancia,XGBoost Classifier,0,0,0.0061419504
01_knn,Distancia,XGBoost Classifier,0,0,1.1524431e-05
01_knn,Distancia,XGBoost Classifier,0,0,0.0002218754
01_knn,Distancia,XGBoost Classifier,0,0,2.2832504e-05
01_knn,Distancia,XGBoost Classifier,0,0,0.00034268445
01_knn,Distancia,XGBoost Classifier,0,0,5.8180754e-05
01_knn,Distancia,XGBoost Classifier,0,0,8.937456e-05
01_knn,Distancia,XGBoost Classifier,0,0,0.013064285
01_knn,Distancia,XGBoost Classifier,0,0,0.00021469255
01_knn,Distancia,XGBoost Classifier,0,0,0.00037118475
01_knn,Distancia,XGBoost Classifier,0,0,0.0009383284
01_knn,Distancia,XGBoost Classifier,0,0,1.2228799e-05
01_knn,Distancia,XGBoost Classifier,0,0,0.0052662576
01_knn,Distancia,XGBoost Classifier,0,0,0.0012396406
01_knn,Distancia,XGBoost Classifier,1,1,0.9999914
01_knn,Distancia,XGBoost Classifier,0,0,0.00026906608
01_knn,Distancia,XGBoost Classifier,1,1,0.9999995
01_knn,Distancia,XGBoost Classifier,0,0,5.4875978e-05
01_knn,Distancia,XGBoost Classifier,1,1,0.9999974
01_knn,Distancia,XGBoost Classifier,0,0,0.04539028
01_knn,Distancia,XGBoost Classifier,0,0,8.7927074e-05
01_knn,Distancia,XGBoost Classifier,1,1,0.99992895
01_knn,Distancia,XGBoost Classifier,0,0,0.00047339898
01_knn,Distancia,XGBoost Classifier,0,0,0.0039700633
01_knn,Distancia,XGBoost Classifier,0,0,0.00016315312
01_knn,Distancia,XGBoost Classifier,0,0,0.00641406
01_knn,Distancia,XGBoost Classifier,1,1,0.99992394
01_knn,Distancia,XGBoost Classifier,1,1,0.8872322
01_knn,Distancia,XGBoost Classifier,0,0,0.005691776
01_knn,Distancia,XGBoost Classifier,0,0,0.0028861635
01_knn,Distancia,XGBoost Classifier,0,0,2.2050453e-06
01_knn,Distancia,XGBoost Classifier,1,1,0.99963844
01_knn,Distancia,XGBoost Classifier,0,0,0.0030790137
01_knn,Distancia,XGBoost Classifier,0,0,0.00042812314
01_knn,Distancia,XGBoost Classifier,1,1,0.9977202
01_knn,Distancia,XGBoost Classifier,1,1,0.99992335
01_knn,Distancia,XGBoost Classifier,0,0,0.13730146
01_knn,Distancia,XGBoost Classifier,0,0,4.5297973e-05
01_knn,Distancia,XGBoost Classifier,0,0,0.00016006174
01_knn,Distancia,XGBoost Classifier,1,1,0.9999944
01_knn,Distancia,XGBoost Classifier,0,0,0.00036638934
01_knn,Distancia,XGBoost Classifier,0,0,0.00019068058
01_knn,Distancia,XGBoost Classifier,1,1,0.9999902
01_knn,Distancia,XGBoost Classifier,1,1,0.9999864
01_knn,Distancia,XGBoost Classifier,0,0,0.0010506846
01_knn,Distancia,XGBoost Classifier,0,0,0.09113464
01_knn,Distancia,XGBoost Classifier,1,1,0.99999547
01_knn,Distancia,XGBoost Classifier,0,0,0.005420909
01_knn,Distancia,XGBoost Classifier,1,1,0.999998
01_knn,Distancia,XGBoost Classifier,0,0,0.00016685296
01_knn,Distancia,XGBoost Classifier,1,1,0.9999937
01_knn,Distancia,XGBoost Classifier,0,0,2.7468419e-05
01_knn,Distancia,XGBoost Classifier,0,0,0.00029413405
01_knn,Distancia,XGBoost Classifier,0,0,0.00065971457
01_knn,Distancia,XGBoost Classifier,0,0,0.0002199085
01_knn,Distancia,XGBoost Classifier,0,0,0.00010320993
01_knn,Distancia,XGBoost Classifier,0,0,8.416256e-06
01_knn,Distancia,XGBoost Classifier,0,0,0.017847685
01_knn,Distancia,XGBoost Classifier,1,1,0.9999958
01_knn,Distancia,XGBoost Classifier,0,0,7.8095465e-05
01_knn,Distancia,XGBoost Classifier,0,0,0.023139352
01_knn,Distancia,XGBoost Classifier,0,0,0.002003629
01_knn,Distancia,XGBoost Classifier,0,0,0.00024379473
01_knn,Distancia,XGBoost Classifier,1,1,0.9999927
01_knn,Distancia,XGBoost Classifier,1,1,0.929998
01_knn,Distancia,XGBoost Classifier,1,1,0.99999774
01_knn,Distancia,XGBoost Classifier,0,0,0.001183848
01_knn,Distancia,XGBoost Classifier,0,1,0.85697854
01_knn,Distancia,XGBoost Classifier,0,0,3.7632533e-05
01_knn,Distancia,XGBoost Classifier,0,0,0.009944373
01_knn,Distancia,XGBoost Classifier,0,0,0.00036743487
01_knn,Distancia,XGBoost Classifier,0,0,0.0012521013
01_knn,Distancia,XGBoost Classifier,1,1,0.9999943
01_knn,Distancia,XGBoost Classifier,0,0,0.2945614
01_knn,Distancia,XGBoost Classifier,0,0,1.2647322e-05
01_knn,Distancia,XGBoost Classifier,0,0,0.00033645058
01_knn,Distancia,XGBoost Classifier,0,0,0.00046588093
01_knn,Distancia,XGBoost Classifier,0,0,1.9488754e-05
01_knn,Distancia,XGBoost Classifier,1,1,0.9999963
01_knn,Distancia,XGBoost Classifier,1,1,0.99999464
01_knn,Distancia,XGBoost Classifier,0,0,0.00023037182
01_knn,Distancia,XGBoost Classifier,0,0,1.487373e-05
01_knn,Distancia,XGBoost Classifier,0,0,0.0024093587
01_knn,Distancia,XGBoost Classifier,0,0,8.356207e-05
01_knn,Distancia,XGBoost Classifier,0,0,0.00047736036
01_knn,Distancia,XGBoost Classifier,0,0,9.8523895e-05
01_knn,Distancia,XGBoost Classifier,0,0,0.006165248
01_knn,Distancia,XGBoost Classifier,0,0,0.002654791
01_knn,Distancia,XGBoost Classifier,0,0,0.0051599685
01_knn,Distancia,XGBoost Classifier,0,0,9.243171e-05
01_knn,Distancia,XGBoost Classifier,0,0,0.01761622
01_knn,Distancia,XGBoost Classifier,1,1,0.99997735
01_knn,Distancia,XGBoost Classifier,0,0,0.0025182746
01_knn,Distancia,XGBoost Classifier,0,0,0.001405211
01_knn,Distancia,XGBoost Classifier,0,0,0.008543652
01_knn,Distancia,XGBoost Classifier,1,1,0.99870825
01_knn,Distancia,XGBoost Classifier,0,0,0.45847756
01_knn,Distancia,XGBoost Classifier,0,0,0.00012625058
01_knn,Distancia,XGBoost Classifier,1,1,0.9999759
01_knn,Distancia,XGBoost Classifier,0,0,0.00018182366
01_knn,Distancia,XGBoost Classifier,1,1,0.89616
01_knn,Distancia,XGBoost Classifier,1,1,0.9549876
01_knn,Distancia,XGBoost Classifier,0,0,0.0003417735
01_knn,Distancia,XGBoost Classifier,1,1,0.8149868
01_knn,Distancia,XGBoost Classifier,0,0,0.0002785518
01_knn,Distancia,XGBoost Classifier,1,1,0.9996269
01_knn,Distancia,XGBoost Classifier,0,0,0.00025569275
01_knn,Distancia,XGBoost Classifier,1,1,0.9999833
01_knn,Distancia,XGBoost Classifier,0,0,0.0002603383
01_knn,Distancia,XGBoost Classifier,1,1,0.99992275
01_knn,Distancia,XGBoost Classifier,0,0,0.00045794016
01_knn,Distancia,XGBoost Classifier,0,0,0.007988202
01_knn,Distancia,XGBoost Classifier,0,0,0.00033830662
01_knn,Distancia,XGBoost Classifier,0,0,0.0008667144
01_knn,Distancia,XGBoost Classifier,1,1,0.8902242
01_knn,Distancia,XGBoost Classifier,0,0,0.0006464257
01_knn,Distancia,XGBoost Classifier,0,0,6.823163e-05
01_knn,Distancia,XGBoost Classifier,0,0,0.00014966006
01_knn,Distancia,XGBoost Classifier,0,0,0.0051789754
01_knn,Distancia,XGBoost Classifier,1,1,0.99998116
01_knn,Distancia,XGBoost Classifier,0,0,0.018345647
01_knn,Distancia,XGBoost Classifier,0,0,0.0010483549
01_knn,Distancia,XGBoost Classifier,0,0,1.4900208e-05
01_knn,Distancia,XGBoost Classifier,0,0,0.01192444
01_knn,Distancia,XGBoost Classifier,0,0,0.0006092396
01_knn,Distancia,XGBoost Classifier,0,0,7.978059e-05
01_knn,Distancia,XGBoost Classifier,0,0,0.00024335092
01_knn,Distancia,XGBoost Classifier,0,0,0.0004208375
01_knn,Distancia,XGBoost Classifier,0,0,6.0249724e-05
01_knn,Distancia,XGBoost Classifier,0,0,0.0065077064
01_knn,Distancia,XGBoost Classifier,1,1,0.999984
01_knn,Distancia,XGBoost Classifier,0,0,0.008817416
01_knn,Distancia,XGBoost Classifier,1,1,0.9999919
01_knn,Distancia,XGBoost Classifier,0,0,0.003441749
01_knn,Distancia,XGBoost Classifier,0,0,0.00026160353
01_knn,Distancia,XGBoost Classifier,0,0,9.043753e-06
01_knn,Distancia,XGBoost Classifier,0,0,0.004547918
01_knn,Distancia,XGBoost Classifier,0,0,1.0983258e-05
01_knn,Distancia,XGBoost Classifier,0,0,0.0003210225
01_knn,Distancia,XGBoost Classifier,0,0,4.2651493e-05
01_knn,Distancia,XGBoost Classifier,0,0,0.004347566
01_knn,Distancia,XGBoost Classifier,0,0,0.029844204
01_knn,Distancia,XGBoost Classifier,0,0,0.07292358
01_knn,Distancia,XGBoost Classifier,0,0,0.00029612475
01_knn,Distancia,XGBoost Classifier,0,0,0.0015555033
01_knn,Distancia,XGBoost Classifier,0,0,0.0035291554
01_knn,Distancia,XGBoost Classifier,0,0,0.0012474622
01_knn,Distancia,XGBoost Classifier,0,0,1.1110626e-05
01_knn,Distancia,XGBoost Classifier,0,0,0.003805736
01_knn,Distancia,XGBoost Classifier,1,1,0.9740821
01_knn,Distancia,XGBoost Classifier,0,0,0.002523177
01_knn,Distancia,XGBoost Classifier,0,0,0.00046198154
01_knn,Distancia,XGBoost Classifier,0,0,0.0019443348
01_knn,Distancia,XGBoost Classifier,1,1,0.9779042
01_knn,Distancia,XGBoost Classifier,0,0,2.3523744e-06
01_knn,Distancia,XGBoost Classifier,0,0,0.10723366
01_knn,Distancia,XGBoost Classifier,0,0,0.004165481
01_knn,Distancia,XGBoost Classifier,0,0,0.00019347864
01_knn,Distancia,XGBoost Classifier,0,0,4.8307256e-06
01_knn,Distancia,XGBoost Classifier,1,1,0.9998747
01_knn,Distancia,XGBoost Classifier,0,0,0.0004679153
01_knn,Distancia,XGBoost Classifier,0,0,6.949539e-05
01_knn,Distancia,XGBoost Classifier,0,0,0.03179493
01_knn,Distancia,XGBoost Classifier,0,0,6.9945636e-05
01_knn,Distancia,XGBoost Classifier,0,0,7.0212463e-06
01_knn,Distancia,XGBoost Classifier,0,0,0.00018699515
01_knn,Distancia,XGBoost Classifier,0,0,0.0001644308
01_knn,Distancia,XGBoost Classifier,0,0,6.0859926e-05
01_knn,Distancia,XGBoost Classifier,1,1,0.9959357
01_knn,Distancia,XGBoost Classifier,0,0,0.013895387
01_knn,Distancia,XGBoost Classifier,1,1,0.9914103
01_knn,Distancia,XGBoost Classifier,0,0,0.00016588956
01_knn,Distancia,XGBoost Classifier,0,0,9.498915e-05
01_knn,Distancia,XGBoost Classifier,1,1,0.72421294
01_knn,Distancia,XGBoost Classifier,0,0,0.00027679792
01_knn,Distancia,XGBoost Classifier,0,0,0.0035234569
01_knn,Distancia,XGBoost Classifier,1,1,0.977235
01_knn,Distancia,XGBoost Classifier,1,1,0.99997246
01_knn,Distancia,XGBoost Classifier,1,1,0.99999845
01_knn,Distancia,XGBoost Classifier,1,1,0.99770594
01_knn,Distancia,XGBoost Classifier,0,0,0.00062168395
01_knn,Distancia,XGBoost Classifier,0,0,0.0003939733
01_knn,Distancia,XGBoost Classifier,0,0,0.0006420669
01_knn,Distancia,XGBoost Classifier,0,0,0.015518699
01_knn,Distancia,XGBoost Classifier,0,0,0.00026828912
01_knn,Distancia,XGBoost Classifier,0,0,0.007927918
01_knn,Distancia,XGBoost Classifier,0,1,0.6511189
01_knn,Distancia,XGBoost Classifier,0,0,0.0046981582
01_knn,Distancia,XGBoost Classifier,1,1,0.99999547
01_knn,Distancia,XGBoost Classifier,1,1,0.9999869
01_knn,Distancia,XGBoost Classifier,0,0,0.06663111
01_knn,Distancia,XGBoost Classifier,0,0,0.00019724746
01_knn,Distancia,XGBoost Classifier,0,0,0.0009993226
01_knn,Distancia,XGBoost Classifier,0,0,0.0049644425
01_knn,Distancia,XGBoost Classifier,0,0,0.0027760088
01_knn,Distancia,XGBoost Classifier,0,0,0.000118823664
01_knn,Distancia,XGBoost Classifier,0,0,0.007997779
01_knn,Distancia,XGBoost Classifier,0,0,0.0009456343
01_knn,Distancia,XGBoost Classifier,0,0,0.004527368
01_knn,Distancia,XGBoost Classifier,0,0,0.3385082
01_knn,Distancia,XGBoost Classifier,0,0,0.01940405
01_knn,Distancia,XGBoost Classifier,0,0,0.029689956
01_knn,Distancia,XGBoost Classifier,0,0,3.4548488e-05
01_knn,Distancia,XGBoost Classifier,1,1,0.9999763
01_knn,Distancia,XGBoost Classifier,1,1,0.9708584
01_knn,Distancia,XGBoost Classifier,1,1,0.87435067
01_knn,Distancia,XGBoost Classifier,0,0,8.523101e-05
01_knn,Distancia,XGBoost Classifier,0,0,7.504777e-05
01_knn,Distancia,XGBoost Classifier,1,1,0.9999882
01_knn,Distancia,XGBoost Classifier,0,0,0.24423353
01_knn,Distancia,XGBoost Classifier,0,0,0.0001392396
01_knn,Distancia,XGBoost Classifier,0,0,0.00019281088
01_knn,Distancia,XGBoost Classifier,0,0,0.003935258
01_knn,Distancia,XGBoost Classifier,0,0,0.15202941
01_knn,Distancia,XGBoost Classifier,0,0,0.00039343754
01_knn,Distancia,XGBoost Classifier,1,1,0.9999155
01_knn,Distancia,XGBoost Classifier,0,0,5.4986296e-05
01_knn,Distancia,XGBoost Classifier,0,0,0.0007570801
01_knn,Distancia,XGBoost Classifier,0,0,3.5248184e-05
01_knn,Distancia,XGBoost Classifier,0,0,0.0051667043
01_knn,Distancia,XGBoost Classifier,0,0,2.3899429e-05
01_knn,Distancia,XGBoost Classifier,0,0,3.3383894e-05
01_knn,Distancia,XGBoost Classifier,1,1,0.9993412
01_knn,Distancia,XGBoost Classifier,1,1,0.99997675
01_knn,Distancia,XGBoost Classifier,0,0,0.00015652826
01_knn,Distancia,XGBoost Classifier,0,0,7.946602e-05
01_knn,Distancia,XGBoost Classifier,0,0,0.0004728925
01_knn,Distancia,XGBoost Classifier,0,0,3.2462365e-06
01_knn,Distancia,XGBoost Classifier,0,0,1.6502912e-05
01_knn,Distancia,XGBoost Classifier,0,0,8.291253e-06
01_knn,Distancia,XGBoost Classifier,0,0,0.00065152836
01_knn,Distancia,XGBoost Classifier,1,1,0.9935138
01_knn,Distancia,XGBoost Classifier,0,1,0.97893846
01_knn,Distancia,XGBoost Classifier,0,0,1.31542265e-05
01_knn,Distancia,XGBoost Classifier,0,0,4.973934e-05
01_knn,Distancia,XGBoost Classifier,0,0,2.0275134e-05
01_knn,Distancia,XGBoost Classifier,1,1,0.99997675
01_knn,Distancia,XGBoost Classifier,1,1,0.97198987
01_knn,Distancia,XGBoost Classifier,0,0,3.9851904e-05
01_knn,Distancia,XGBoost Classifier,0,0,9.5730524e-05
01_knn,Distancia,XGBoost Classifier,1,1,0.9999684
01_knn,Distancia,XGBoost Classifier,0,0,0.41893563
01_knn,Distancia,XGBoost Classifier,0,0,0.00419083
01_knn,Distancia,XGBoost Classifier,0,0,0.0007121188
01_knn,Distancia,XGBoost Classifier,0,0,0.00062426826
01_knn,Distancia,XGBoost Classifier,0,0,1.03035645e-05
01_knn,Distancia,XGBoost Classifier,0,0,0.00037711303
01_knn,Distancia,XGBoost Classifier,0,1,0.8799523
01_knn,Distancia,XGBoost Classifier,1,1,0.9996966
01_knn,Distancia,XGBoost Classifier,0,0,0.00040812523
01_knn,Distancia,XGBoost Classifier,0,0,0.00010569824
01_knn,Distancia,XGBoost Classifier,0,0,0.0007173742
01_knn,Distancia,XGBoost Classifier,0,0,0.0047735567
01_knn,Distancia,XGBoost Classifier,0,0,0.0018726689
01_knn,Distancia,XGBoost Classifier,1,1,0.99999523
01_knn,Distancia,XGBoost Classifier,0,0,2.7339003e-05
01_knn,Distancia,XGBoost Classifier,0,0,0.00010028333
01_knn,Distancia,XGBoost Classifier,1,1,0.99992347
01_knn,Distancia,XGBoost Classifier,0,0,0.004426562
01_knn,Distancia,XGBoost Classifier,1,1,0.99999416
01_knn,Distancia,XGBoost Classifier,1,0,0.044150047
01_knn,Distancia,XGBoost Classifier,1,0,0.24683139
01_knn,Distancia,XGBoost Classifier,0,0,7.864761e-05
01_knn,Distancia,XGBoost Classifier,1,1,0.999959
01_knn,Distancia,XGBoost Classifier,0,0,0.00019545
01_knn,Distancia,XGBoost Classifier,1,1,0.9999932
01_knn,Distancia,XGBoost Classifier,0,0,0.00012721783
01_knn,Distancia,XGBoost Classifier,0,0,0.00027678497
01_knn,Distancia,XGBoost Classifier,0,0,0.001953704
01_knn,Distancia,XGBoost Classifier,0,0,1.1040376e-05
01_knn,Distancia,XGBoost Classifier,0,0,0.0002195268
01_knn,Distancia,XGBoost Classifier,0,0,0.0019203338
01_knn,Distancia,XGBoost Classifier,0,0,0.0011671982
01_knn,Distancia,XGBoost Classifier,0,0,0.0002281912
01_knn,Distancia,XGBoost Classifier,0,0,0.0007278236
01_knn,Distancia,XGBoost Classifier,0,0,9.683808e-05
01_knn,Distancia,XGBoost Classifier,0,0,0.00053423335
01_knn,Distancia,XGBoost Classifier,0,0,0.0011659286
01_knn,Distancia,XGBoost Classifier,0,0,0.0005523881
01_knn,Distancia,XGBoost Classifier,1,1,0.99994206
01_knn,Distancia,XGBoost Classifier,0,0,0.0008783143
01_knn,Distancia,XGBoost Classifier,0,0,0.004701417
01_knn,Distancia,XGBoost Classifier,1,1,0.9999449
01_knn,Distancia,XGBoost Classifier,0,0,0.006477527
01_knn,Distancia,XGBoost Classifier,0,0,5.5663877e-05
01_knn,Distancia,XGBoost Classifier,0,0,0.0011751205
01_knn,Distancia,XGBoost Classifier,1,1,0.9976991
01_knn,Distancia,XGBoost Classifier,1,1,0.9316753
01_knn,Distancia,XGBoost Classifier,0,0,3.865351e-05
01_knn,Distancia,XGBoost Classifier,0,0,0.00069985783
01_knn,Distancia,XGBoost Classifier,1,1,0.7408654
01_knn,Distancia,XGBoost Classifier,0,1,0.9452119
01_knn,Distancia,XGBoost Classifier,0,0,8.800198e-05
01_knn,Distancia,XGBoost Classifier,0,0,0.00018914141
01_knn,Distancia,XGBoost Classifier,0,0,0.016557174
01_knn,Distancia,XGBoost Classifier,1,1,0.99998736
01_knn,Distancia,XGBoost Classifier,0,0,0.05978306
01_knn,Distancia,XGBoost Classifier,0,0,0.0023035223
01_knn,Distancia,XGBoost Classifier,0,1,0.72428447
01_knn,Distancia,XGBoost Classifier,1,1,0.9998437
01_knn,Distancia,XGBoost Classifier,1,1,0.99999344
01_knn,Distancia,XGBoost Classifier,0,0,0.00066939095
01_knn,Distancia,XGBoost Classifier,1,1,0.9990903
01_knn,Distancia,XGBoost Classifier,1,1,0.9027834
01_knn,Distancia,XGBoost Classifier,0,0,0.00081921165
01_knn,Distancia,XGBoost Classifier,0,1,0.9560184
01_knn,Distancia,XGBoost Classifier,1,1,0.99999523
01_knn,Distancia,XGBoost Classifier,0,0,0.0025475998
01_knn,Distancia,XGBoost Classifier,0,1,0.95161295
01_knn,Distancia,XGBoost Classifier,0,0,0.0068572275
01_knn,Distancia,XGBoost Classifier,0,0,0.00018117383
01_knn,Distancia,XGBoost Classifier,0,0,0.00063586753
01_knn,Distancia,XGBoost Classifier,0,0,0.005645489
01_knn,Distancia,XGBoost Classifier,0,0,0.00039073234
01_knn,Distancia,XGBoost Classifier,0,0,0.00043752976
01_knn,Distancia,XGBoost Classifier,0,0,0.18786325
01_knn,Distancia,XGBoost Classifier,0,0,1.9679082e-05
01_knn,Distancia,XGBoost Classifier,0,0,0.005088863
01_knn,Distancia,XGBoost Classifier,0,0,0.00017551883
01_knn,Distancia,XGBoost Classifier,0,0,0.00011654844
01_knn,Distancia,XGBoost Classifier,1,1,0.9994624
01_knn,Distancia,XGBoost Classifier,0,0,0.0037594568
01_knn,Distancia,XGBoost Classifier,1,1,0.9999528
01_knn,Distancia,XGBoost Classifier,0,0,0.0002934962
01_knn,Distancia,XGBoost Classifier,0,0,0.007040109
01_knn,Distancia,XGBoost Classifier,0,0,0.0007682516
01_knn,Distancia,XGBoost Classifier,0,0,0.00012021613
01_knn,Distancia,XGBoost Classifier,0,0,0.0010521836
01_knn,Distancia,XGBoost Classifier,0,0,0.029814908
01_knn,Distancia,XGBoost Classifier,1,1,0.99955386
01_knn,Distancia,XGBoost Classifier,0,0,0.016278278
01_knn,Distancia,XGBoost Classifier,0,0,0.029166639
01_knn,Distancia,XGBoost Classifier,1,1,0.99999607
01_knn,Distancia,XGBoost Classifier,0,0,0.0044080205
01_knn,Distancia,XGBoost Classifier,1,1,0.99999714
01_knn,Distancia,XGBoost Classifier,0,0,0.000506527
01_knn,Distancia,XGBoost Classifier,0,0,5.9661685e-05
01_knn,Distancia,XGBoost Classifier,0,0,5.1512365e-05
01_knn,Distancia,XGBoost Classifier,0,0,0.00039915263
01_knn,Distancia,XGBoost Classifier,0,0,0.33674583
01_knn,Distancia,XGBoost Classifier,1,1,0.99962735
01_knn,Distancia,XGBoost Classifier,0,0,5.107935e-05
01_knn,Distancia,XGBoost Classifier,0,0,4.611341e-05
01_knn,Distancia,XGBoost Classifier,1,1,0.9995925
01_knn,Distancia,XGBoost Classifier,0,0,0.00012689811
01_knn,Distancia,XGBoost Classifier,0,0,0.0014165667
01_knn,Distancia,XGBoost Classifier,0,0,5.7468922e-05
01_knn,Distancia,XGBoost Classifier,0,0,0.0061185462
01_knn,Distancia,XGBoost Classifier,0,0,0.07247425
01_knn,Distancia,XGBoost Classifier,1,1,0.99998426
01_knn,Distancia,XGBoost Classifier,0,0,3.0432613e-05
01_knn,Distancia,XGBoost Classifier,0,0,0.00024017986
01_knn,Distancia,XGBoost Classifier,1,1,0.99998534
01_knn,Distancia,XGBoost Classifier,0,0,0.0019138467
01_knn,Distancia,XGBoost Classifier,0,0,4.53825e-05
01_knn,Distancia,XGBoost Classifier,0,0,0.00016596787
01_knn,Distancia,XGBoost Classifier,0,0,8.3358165e-05
01_knn,Distancia,XGBoost Classifier,0,0,0.00022795198
01_knn,Distancia,XGBoost Classifier,0,0,0.0006734055
01_knn,Distancia,XGBoost Classifier,1,1,0.999997
01_knn,Distancia,XGBoost Classifier,0,0,0.000117019066
01_knn,Distancia,XGBoost Classifier,0,0,0.00055197807
01_knn,Distancia,XGBoost Classifier,0,0,0.045118373
01_knn,Distancia,XGBoost Classifier,0,0,0.0005549296
01_knn,Distancia,XGBoost Classifier,0,0,5.655119e-05
01_knn,Distancia,XGBoost Classifier,1,1,0.99995255
01_knn,Distancia,XGBoost Classifier,1,1,0.9999876
01_knn,Distancia,XGBoost Classifier,1,1,0.99996996
01_knn,Distancia,XGBoost Classifier,0,0,1.7865725e-05
01_knn,Distancia,XGBoost Classifier,0,0,0.000119717246
01_knn,Distancia,XGBoost Classifier,1,1,0.99999106
01_knn,Distancia,XGBoost Classifier,0,0,0.0037774784
01_knn,Distancia,XGBoost Classifier,0,0,0.012462991
01_knn,Distancia,XGBoost Classifier,0,0,8.535106e-06
01_knn,Distancia,XGBoost Classifier,0,0,0.00014080694
01_knn,Distancia,XGBoost Classifier,0,0,0.00052480586
01_knn,Distancia,XGBoost Classifier,0,0,0.002741844
01_knn,Distancia,XGBoost Classifier,0,0,1.996682e-05
01_knn,Distancia,XGBoost Classifier,1,1,0.99999905
01_knn,Distancia,XGBoost Classifier,0,0,0.0024722738
01_knn,Distancia,XGBoost Classifier,0,0,3.8999187e-05
01_knn,Distancia,XGBoost Classifier,0,0,1.5975986e-05
01_knn,Distancia,XGBoost Classifier,0,0,0.0016688838
01_knn,Distancia,XGBoost Classifier,1,1,0.9999888
01_knn,Distancia,XGBoost Classifier,1,1,0.9997832
01_knn,Distancia,XGBoost Classifier,0,0,0.0018407028
01_knn,Distancia,XGBoost Classifier,1,1,0.9999883
01_knn,Distancia,XGBoost Classifier,0,0,0.004649215
01_knn,Distancia,XGBoost Classifier,0,0,5.4275235e-05
01_knn,Distancia,XGBoost Classifier,0,0,0.07021382
01_knn,Distancia,XGBoost Classifier,0,0,0.00019543398
01_knn,Distancia,XGBoost Classifier,0,0,2.166535e-05
01_knn,Distancia,XGBoost Classifier,0,0,0.0012695688
01_knn,Distancia,XGBoost Classifier,1,1,0.99999964
01_knn,Distancia,XGBoost Classifier,0,0,0.039939154
01_knn,Distancia,XGBoost Classifier,0,0,0.0072354046
01_knn,Distancia,XGBoost Classifier,0,0,0.0019374304
01_knn,Distancia,XGBoost Classifier,1,1,0.9998178
01_knn,Distancia,XGBoost Classifier,0,0,0.000534132
01_knn,Distancia,XGBoost Classifier,0,0,0.43342242
01_knn,Distancia,XGBoost Classifier,0,0,7.2477655e-05
01_knn,Distancia,XGBoost Classifier,0,0,0.00010175629
01_knn,Distancia,XGBoost Classifier,1,1,0.99999356
01_knn,Distancia,XGBoost Classifier,0,0,0.050164822
01_knn,Distancia,XGBoost Classifier,1,1,0.99998224
01_knn,Distancia,XGBoost Classifier,1,1,0.99999595
01_knn,Distancia,XGBoost Classifier,0,0,0.0011369111
01_knn,Distancia,XGBoost Classifier,0,0,0.00023809045
01_knn,Distancia,XGBoost Classifier,0,0,2.9335335e-05
01_knn,Distancia,XGBoost Classifier,0,0,0.00015268911
01_knn,Distancia,XGBoost Classifier,0,0,0.0011123271
01_knn,Distancia,XGBoost Classifier,0,0,5.648118e-05
01_knn,Distancia,XGBoost Classifier,1,1,0.9213438
01_knn,Distancia,XGBoost Classifier,0,0,0.0015761153
01_knn,Distancia,XGBoost Classifier,0,0,0.0010936534
01_knn,Distancia,XGBoost Classifier,0,0,0.00014375811
01_knn,Distancia,XGBoost Classifier,0,0,0.1296022
01_knn,Distancia,XGBoost Classifier,0,0,1.5695057e-05
01_knn,Distancia,XGBoost Classifier,0,0,0.0037743608
01_knn,Distancia,XGBoost Classifier,0,0,0.0006699638
01_knn,Distancia,XGBoost Classifier,0,0,6.105279e-05
01_knn,Distancia,XGBoost Classifier,0,0,0.0021032337
01_knn,Distancia,XGBoost Classifier,0,0,0.00010320442
01_knn,Distancia,XGBoost Classifier,1,1,0.9999993
01_knn,Distancia,XGBoost Classifier,0,0,1.6550795e-05
01_knn,Distancia,XGBoost Classifier,0,0,0.01286803
01_knn,Distancia,XGBoost Classifier,0,0,0.013688609
01_knn,Distancia,XGBoost Classifier,0,0,0.00019000798
01_knn,Distancia,XGBoost Classifier,0,0,3.0465542e-05
01_knn,Distancia,XGBoost Classifier,0,0,0.00011348982
01_knn,Distancia,XGBoost Classifier,0,0,0.00015252671
01_knn,Distancia,XGBoost Classifier,0,0,0.00025373293
01_knn,Distancia,XGBoost Classifier,0,0,0.012431885
01_knn,Distancia,XGBoost Classifier,1,1,0.99997616
01_knn,Distancia,XGBoost Classifier,0,0,3.4635282e-06
01_knn,Distancia,XGBoost Classifier,1,1,0.99997807
01_knn,Distancia,XGBoost Classifier,1,1,0.99998605
01_knn,Distancia,XGBoost Classifier,0,0,0.0010194631
01_knn,Distancia,XGBoost Classifier,0,0,0.0016996751
01_knn,Distancia,XGBoost Classifier,0,0,0.00030980163
01_knn,Distancia,XGBoost Classifier,0,0,0.00013844339
01_knn,Distancia,XGBoost Classifier,0,0,0.0003641095
01_knn,Distancia,XGBoost Classifier,0,0,8.948431e-06
01_knn,Distancia,XGBoost Classifier,1,1,0.9999913
01_knn,Distancia,XGBoost Classifier,0,0,2.5495274e-05
01_knn,Distancia,XGBoost Classifier,0,0,0.0010462148
01_knn,Distancia,XGBoost Classifier,0,0,2.9706833e-05
01_knn,Distancia,XGBoost Classifier,1,1,0.9960737
01_knn,Distancia,XGBoost Classifier,0,0,0.0007850242
01_knn,Distancia,XGBoost Classifier,0,0,0.0115355635
01_knn,Distancia,XGBoost Classifier,0,0,0.00076589966
01_knn,Distancia,XGBoost Classifier,0,0,1.9354287e-05
01_knn,Distancia,XGBoost Classifier,0,0,0.00012490692
01_knn,Distancia,XGBoost Classifier,0,0,0.00011561555
01_knn,Distancia,XGBoost Classifier,0,0,0.00028389986
01_knn,Distancia,XGBoost Classifier,0,0,0.00014523235
01_knn,Distancia,XGBoost Classifier,0,0,0.00012933808
01_knn,Distancia,XGBoost Classifier,0,0,0.004910709
01_knn,Distancia,XGBoost Classifier,0,0,0.044194326
01_knn,Distancia,XGBoost Classifier,0,0,0.00011794293
01_knn,Distancia,XGBoost Classifier,0,0,2.9281868e-05
01_knn,Distancia,XGBoost Classifier,0,0,0.00022054242
01_knn,Distancia,XGBoost Classifier,0,0,0.000273453
01_knn,Distancia,XGBoost Classifier,0,0,0.10052493
01_knn,Distancia,XGBoost Classifier,0,0,0.0007858666
01_knn,Distancia,XGBoost Classifier,0,0,0.48619324
01_knn,Distancia,XGBoost Classifier,0,0,1.5140219e-05
01_knn,Distancia,XGBoost Classifier,0,0,4.6130694e-06
01_knn,Distancia,XGBoost Classifier,0,0,4.223094e-05
01_knn,Distancia,XGBoost Classifier,0,0,0.02285185
01_knn,Distancia,XGBoost Classifier,0,0,0.019664919
01_knn,Distancia,XGBoost Classifier,1,1,0.9999981
01_knn,Distancia,XGBoost Classifier,1,1,0.99999225
01_knn,Distancia,XGBoost Classifier,0,0,3.302633e-05
01_knn,Distancia,XGBoost Classifier,0,0,0.020313635
01_knn,Distancia,XGBoost Classifier,0,0,6.833132e-05
01_knn,Distancia,XGBoost Classifier,0,0,0.0005113315
01_knn,Distancia,XGBoost Classifier,1,1,0.99999857
01_knn,Distancia,XGBoost Classifier,0,0,0.00012595621
01_knn,Distancia,XGBoost Classifier,0,0,5.2726136e-05
01_knn,Distancia,XGBoost Classifier,0,0,0.008804714
01_knn,Distancia,XGBoost Classifier,0,0,0.0075033973
01_knn,Distancia,XGBoost Classifier,0,0,0.0014754764
01_knn,Distancia,XGBoost Classifier,0,0,5.5164608e-05
01_knn,Distancia,XGBoost Classifier,1,1,0.95467925
01_knn,Distancia,XGBoost Classifier,0,0,0.00031582208
01_knn,Distancia,XGBoost Classifier,0,0,9.874188e-06
01_knn,Distancia,XGBoost Classifier,0,0,0.0019941507
01_knn,Distancia,XGBoost Classifier,1,1,0.5062972
01_knn,Distancia,XGBoost Classifier,0,0,0.0013730354
01_knn,Distancia,XGBoost Classifier,0,0,0.00058555196
01_knn,Distancia,XGBoost Classifier,0,0,0.00045602088
01_knn,Distancia,XGBoost Classifier,0,0,9.308182e-05
01_knn,Distancia,XGBoost Classifier,0,0,0.0076346486
01_knn,Distancia,XGBoost Classifier,1,1,0.9998518
01_knn,Distancia,XGBoost Classifier,1,1,0.9998155
01_knn,Distancia,XGBoost Classifier,0,0,0.000196479
01_knn,Distancia,XGBoost Classifier,1,1,0.99998975
01_knn,Distancia,XGBoost Classifier,0,1,0.6677518
01_knn,Distancia,XGBoost Classifier,0,0,0.001121693
01_knn,Distancia,XGBoost Classifier,0,0,0.0005713903
01_knn,Distancia,XGBoost Classifier,0,0,3.0822357e-05
01_knn,Distancia,XGBoost Classifier,0,0,4.6535555e-05
01_knn,Distancia,XGBoost Classifier,0,0,0.00066862686
01_knn,Distancia,XGBoost Classifier,0,0,0.00039434512
01_knn,Distancia,XGBoost Classifier,1,1,0.9991097
01_knn,Distancia,XGBoost Classifier,0,0,2.3307772e-05
01_knn,Distancia,XGBoost Classifier,0,0,0.00051772036
01_knn,Distancia,XGBoost Classifier,0,0,0.0002937224
01_knn,Distancia,XGBoost Classifier,0,0,6.024375e-05
01_knn,Distancia,XGBoost Classifier,0,0,0.0020706938
01_knn,Distancia,XGBoost Classifier,0,0,0.00040404446
01_knn,Distancia,XGBoost Classifier,0,0,0.001427922
01_knn,Distancia,XGBoost Classifier,0,0,0.00027693942
01_knn,Distancia,XGBoost Classifier,0,0,0.0011752201
01_knn,Distancia,XGBoost Classifier,0,0,0.003718863
01_knn,Distancia,XGBoost Classifier,0,0,0.0030027765
01_knn,Distancia,XGBoost Classifier,0,0,0.00049974606
01_knn,Distancia,XGBoost Classifier,0,0,0.001110433
01_knn,Distancia,XGBoost Classifier,1,1,0.9999993
01_knn,Distancia,XGBoost Classifier,1,0,0.06989517
01_knn,Distancia,XGBoost Classifier,0,0,7.595429e-05
01_knn,Distancia,XGBoost Classifier,1,1,0.99997604
01_knn,Distancia,XGBoost Classifier,0,0,1.0702561e-05
01_knn,Distancia,XGBoost Classifier,0,0,5.5895103e-05
01_knn,Distancia,XGBoost Classifier,0,0,0.00014951
01_knn,Distancia,XGBoost Classifier,0,0,0.00013627055
01_knn,Distancia,XGBoost Classifier,0,0,2.985756e-05
01_knn,Distancia,XGBoost Classifier,0,0,0.012297844
01_knn,Distancia,XGBoost Classifier,1,1,0.9999963
01_knn,Distancia,XGBoost Classifier,0,0,0.00072454294
01_knn,Distancia,XGBoost Classifier,0,0,6.717932e-05
01_knn,Distancia,XGBoost Classifier,1,1,0.99999774
01_knn,Distancia,XGBoost Classifier,1,1,0.99738866
01_knn,Distancia,XGBoost Classifier,0,0,0.00022410484
01_knn,Distancia,XGBoost Classifier,0,0,0.004274014
01_knn,Distancia,XGBoost Classifier,1,1,0.99999917
01_knn,Distancia,XGBoost Classifier,1,1,0.9997912
01_knn,Distancia,XGBoost Classifier,1,1,0.9998425
01_knn,Distancia,XGBoost Classifier,0,0,4.2667074e-05
01_knn,Distancia,XGBoost Classifier,0,0,6.166016e-06
01_knn,Distancia,XGBoost Classifier,0,0,3.1719712e-05
01_knn,Distancia,XGBoost Classifier,0,0,0.0030738967
01_knn,Distancia,XGBoost Classifier,0,1,0.6265997
01_knn,Distancia,XGBoost Classifier,0,0,0.00010386451
01_knn,Distancia,XGBoost Classifier,0,0,0.0007715807
01_knn,Distancia,XGBoost Classifier,1,1,0.9150985
01_knn,Distancia,XGBoost Classifier,0,0,9.932221e-05
01_knn,Distancia,XGBoost Classifier,0,0,3.927541e-05
01_knn,Distancia,XGBoost Classifier,1,1,0.9998964
01_knn,Distancia,XGBoost Classifier,0,0,8.3746665e-05
01_knn,Distancia,XGBoost Classifier,0,0,3.5932022e-05
01_knn,Distancia,XGBoost Classifier,0,0,0.0007558528
01_knn,Distancia,XGBoost Classifier,1,1,0.99999666
01_knn,Distancia,XGBoost Classifier,0,0,3.326815e-05
01_knn,Distancia,XGBoost Classifier,1,1,0.56180704
01_knn,Distancia,XGBoost Classifier,0,0,0.00010744347
01_knn,Distancia,XGBoost Classifier,0,0,0.00017775022
01_knn,Distancia,XGBoost Classifier,0,0,0.0020316695
01_knn,Distancia,XGBoost Classifier,0,0,9.63137e-05
01_knn,Distancia,XGBoost Classifier,1,1,0.9993419
01_knn,Distancia,XGBoost Classifier,0,0,0.0003565416
01_knn,Distancia,XGBoost Classifier,0,0,0.009328944
01_knn,Distancia,XGBoost Classifier,0,0,0.02778663
01_knn,Distancia,XGBoost Classifier,0,0,0.0005466861
01_knn,Distancia,XGBoost Classifier,1,1,0.9999995
01_knn,Distancia,XGBoost Classifier,1,1,0.99994254
01_knn,Distancia,XGBoost Classifier,0,0,0.00025480372
01_knn,Distancia,XGBoost Classifier,1,1,0.9999956
01_knn,Distancia,XGBoost Classifier,0,0,4.3823253e-05
01_knn,Distancia,XGBoost Classifier,0,0,0.00023169591
01_knn,Distancia,XGBoost Classifier,1,1,0.99988234
01_knn,Distancia,XGBoost Classifier,0,0,1.0324792e-05
01_knn,Distancia,XGBoost Classifier,0,0,4.2589796e-05
01_knn,Distancia,XGBoost Classifier,0,0,0.0010396364
01_knn,Distancia,XGBoost Classifier,1,1,0.999966
01_knn,Distancia,XGBoost Classifier,0,0,0.0016374439
01_knn,Distancia,XGBoost Classifier,0,0,0.003884567
01_knn,Distancia,XGBoost Classifier,0,0,0.0006877532
01_knn,Distancia,XGBoost Classifier,0,0,5.955811e-05
01_knn,Distancia,XGBoost Classifier,0,0,0.00011693975
01_knn,Distancia,XGBoost Classifier,1,1,0.9999918
01_knn,Distancia,XGBoost Classifier,0,0,4.7003145e-05
01_knn,Distancia,XGBoost Classifier,0,0,8.874653e-07
01_knn,Distancia,XGBoost Classifier,0,0,0.011187696
01_knn,Distancia,XGBoost Classifier,0,0,9.672105e-05
01_knn,Distancia,XGBoost Classifier,0,0,0.0008415619
01_knn,Distancia,XGBoost Classifier,0,0,6.8264235e-05
01_knn,Distancia,XGBoost Classifier,0,0,0.0006579022
01_knn,Distancia,XGBoost Classifier,0,0,0.006030438
01_knn,Distancia,XGBoost Classifier,0,0,0.007459259
01_knn,Distancia,XGBoost Classifier,1,1,0.9987208
01_knn,Distancia,XGBoost Classifier,0,0,0.018224483
01_knn,Distancia,XGBoost Classifier,0,0,0.00022091829
01_knn,Distancia,XGBoost Classifier,0,0,3.9165894e-05
01_knn,Distancia,XGBoost Classifier,0,0,0.00036823945
01_knn,Distancia,XGBoost Classifier,0,0,0.0005556756
01_knn,Distancia,XGBoost Classifier,1,1,0.994024
01_knn,Distancia,XGBoost Classifier,1,1,0.9998888
01_knn,Distancia,XGBoost Classifier,0,0,0.006300133
01_knn,Distancia,XGBoost Classifier,1,1,0.9999902
01_knn,Distancia,XGBoost Classifier,0,0,0.0001622485
01_knn,Distancia,XGBoost Classifier,0,0,5.92784e-06
01_knn,Distancia,XGBoost Classifier,1,1,0.99999845
01_knn,Distancia,XGBoost Classifier,0,0,0.0031246182
01_knn,Distancia,XGBoost Classifier,1,1,0.99999917
01_knn,Distancia,XGBoost Classifier,1,1,0.9999893
01_knn,Distancia,XGBoost Classifier,0,0,0.0025358205
01_knn,Distancia,XGBoost Classifier,0,0,0.004605087
01_knn,Distancia,XGBoost Classifier,0,0,0.0072838455
01_knn,Distancia,XGBoost Classifier,0,0,0.00016385672
01_knn,Distancia,XGBoost Classifier,0,0,6.2584506e-05
01_knn,Distancia,XGBoost Classifier,0,0,4.063172e-05
01_knn,Distancia,XGBoost Classifier,0,0,0.006520673
01_knn,Distancia,XGBoost Classifier,0,0,0.46197623
01_knn,Distancia,XGBoost Classifier,1,1,0.9999919
01_knn,Distancia,XGBoost Classifier,0,0,7.050373e-06
01_knn,Distancia,XGBoost Classifier,0,0,5.700765e-06
01_knn,Distancia,XGBoost Classifier,0,0,0.0060793776
01_knn,Distancia,XGBoost Classifier,0,0,0.0004443109
01_knn,Distancia,XGBoost Classifier,0,0,0.00022463601
01_knn,Distancia,XGBoost Classifier,1,1,0.99999404
01_knn,Distancia,XGBoost Classifier,0,0,0.0008718038
01_knn,Distancia,XGBoost Classifier,0,0,6.704537e-05
01_knn,Distancia,XGBoost Classifier,0,0,0.0011113918
01_knn,Distancia,XGBoost Classifier,0,0,0.003360048
01_knn,Distancia,XGBoost Classifier,0,0,5.682571e-06
01_knn,Distancia,XGBoost Classifier,0,0,0.00014241718
01_knn,Distancia,XGBoost Classifier,1,1,0.99986005
01_knn,Distancia,XGBoost Classifier,0,0,0.0117723495
01_knn,Distancia,XGBoost Classifier,1,1,0.9999976
01_knn,Distancia,XGBoost Classifier,1,1,0.99992025
01_knn,Distancia,XGBoost Classifier,1,1,0.999995
01_knn,Distancia,XGBoost Classifier,1,1,0.9999665
01_knn,Distancia,XGBoost Classifier,0,0,4.184345e-05
01_knn,Distancia,XGBoost Classifier,1,1,0.9978581
01_knn,Distancia,XGBoost Classifier,1,1,0.999998
01_knn,Distancia,XGBoost Classifier,0,0,0.0005673825
01_knn,Distancia,XGBoost Classifier,0,0,9.9413846e-05
01_knn,Distancia,XGBoost Classifier,0,0,8.54584e-05
01_knn,Distancia,XGBoost Classifier,0,0,0.00065025326
01_knn,Distancia,XGBoost Classifier,1,1,0.999931
01_knn,Distancia,XGBoost Classifier,0,0,8.143324e-05
01_knn,Distancia,XGBoost Classifier,0,0,2.1379197e-05
01_knn,Distancia,XGBoost Classifier,0,0,0.00038915992
01_knn,Distancia,XGBoost Classifier,0,0,0.00015384526
01_knn,Distancia,XGBoost Classifier,0,0,0.00012245288
01_knn,Distancia,XGBoost Classifier,0,0,4.647843e-05
01_knn,Distancia,XGBoost Classifier,1,1,0.9999995
01_knn,Distancia,XGBoost Classifier,0,0,0.001699663
01_knn,Distancia,XGBoost Classifier,1,1,0.99999464
01_knn,Distancia,XGBoost Classifier,0,0,1.9488363e-05
01_knn,Distancia,XGBoost Classifier,0,0,7.0857925e-05
01_knn,Distancia,XGBoost Classifier,0,0,0.0006142922
01_knn,Distancia,XGBoost Classifier,0,0,0.0006125622
01_knn,Distancia,XGBoost Classifier,1,1,0.99828964
01_knn,Distancia,XGBoost Classifier,0,0,1.5074191e-05
01_knn,Distancia,XGBoost Classifier,0,0,7.5934804e-05
01_knn,Distancia,XGBoost Classifier,1,1,0.99995065
01_knn,Distancia,XGBoost Classifier,1,1,0.9999927
01_knn,Distancia,XGBoost Classifier,0,0,6.383789e-06
01_knn,Distancia,XGBoost Classifier,0,0,0.0007020128
01_knn,Distancia,XGBoost Classifier,1,1,0.9834464
01_knn,Distancia,XGBoost Classifier,0,0,0.00076940807
01_knn,Distancia,XGBoost Classifier,0,0,0.00020868302
01_knn,Distancia,XGBoost Classifier,0,0,0.007821174
01_knn,Distancia,XGBoost Classifier,0,0,0.00040613188
01_knn,Distancia,XGBoost Classifier,1,1,0.97185624
01_knn,Distancia,XGBoost Classifier,0,0,0.010628877
01_knn,Distancia,XGBoost Classifier,0,0,0.0009604138
01_knn,Distancia,XGBoost Classifier,0,0,0.013401887
01_knn,Distancia,XGBoost Classifier,0,0,0.00074247073
01_knn,Distancia,XGBoost Classifier,0,0,3.503304e-05
01_knn,Distancia,XGBoost Classifier,0,0,0.00018775176
01_knn,Distancia,XGBoost Classifier,1,1,0.78922033
01_knn,Distancia,XGBoost Classifier,0,0,0.00047495184
01_knn,Distancia,XGBoost Classifier,0,0,0.0001421739
01_knn,Distancia,XGBoost Classifier,1,1,0.9991142
01_knn,Distancia,XGBoost Classifier,1,1,0.99410594
01_knn,Distancia,XGBoost Classifier,0,0,0.0025810245
01_knn,Distancia,XGBoost Classifier,0,0,4.0495943e-05
01_knn,Distancia,XGBoost Classifier,1,1,0.9999
01_knn,Distancia,XGBoost Classifier,0,0,0.00022035072
01_knn,Distancia,XGBoost Classifier,1,1,0.99979085
01_knn,Distancia,XGBoost Classifier,0,0,0.00079052185
01_knn,Distancia,XGBoost Classifier,1,1,0.9998356
01_knn,Distancia,XGBoost Classifier,0,0,1.0416254e-05
01_knn,Distancia,XGBoost Classifier,0,0,0.006690632
01_knn,Distancia,XGBoost Classifier,0,0,0.0004572512
01_knn,Distancia,XGBoost Classifier,1,1,0.9999883
01_knn,Distancia,XGBoost Classifier,0,0,0.00010661394
01_knn,Distancia,XGBoost Classifier,0,0,4.2197928e-05
01_knn,Distancia,XGBoost Classifier,1,1,0.9561818
01_knn,Distancia,XGBoost Classifier,0,0,0.003337968
01_knn,Distancia,XGBoost Classifier,0,0,0.0010199167
01_knn,Distancia,XGBoost Classifier,0,0,0.00089700083
01_knn,Distancia,XGBoost Classifier,0,0,5.211835e-05
01_knn,Distancia,XGBoost Classifier,1,1,0.9999956
01_knn,Distancia,XGBoost Classifier,1,1,0.96759427
01_knn,Distancia,XGBoost Classifier,0,0,0.01200695
01_knn,Distancia,XGBoost Classifier,0,0,0.00044340713
01_knn,Distancia,XGBoost Classifier,0,0,5.1421128e-05
01_knn,Distancia,XGBoost Classifier,0,0,0.0009936832
01_knn,Distancia,XGBoost Classifier,0,0,0.00017582501
01_knn,Distancia,XGBoost Classifier,0,0,0.003265523
01_knn,Distancia,XGBoost Classifier,1,1,0.99999714
01_knn,Distancia,XGBoost Classifier,1,1,0.99995625
01_knn,Distancia,XGBoost Classifier,1,1,0.9999542
01_knn,Distancia,XGBoost Classifier,0,0,0.0022476364
01_knn,Distancia,XGBoost Classifier,0,0,0.00085692556
01_knn,Distancia,XGBoost Classifier,1,1,0.9999666
01_knn,Distancia,XGBoost Classifier,0,0,0.00016529729
01_knn,Distancia,XGBoost Classifier,0,0,0.0075434525
01_knn,Distancia,XGBoost Classifier,0,0,1.9472182e-05
01_knn,Distancia,XGBoost Classifier,0,0,1.9670339e-05
01_knn,Distancia,XGBoost Classifier,1,1,0.9999964
01_knn,Distancia,XGBoost Classifier,0,0,0.0001321188
01_knn,Distancia,XGBoost Classifier,0,0,0.00014940639
01_knn,Distancia,XGBoost Classifier,1,1,0.9999211
01_knn,Distancia,XGBoost Classifier,0,0,8.6500614e-07
01_knn,Distancia,XGBoost Classifier,0,0,6.3390515e-05
01_knn,Distancia,XGBoost Classifier,0,0,0.000765718
01_knn,Distancia,XGBoost Classifier,0,0,0.0018235494
01_knn,Distancia,XGBoost Classifier,1,1,0.9999945
01_knn,Distancia,XGBoost Classifier,0,0,0.00047843135
01_knn,Distancia,XGBoost Classifier,0,0,0.00018501181
01_knn,Distancia,XGBoost Classifier,0,0,0.0014753977
01_knn,Distancia,XGBoost Classifier,0,0,0.0032231475
01_knn,Distancia,XGBoost Classifier,0,0,0.00016326345
01_knn,Distancia,XGBoost Classifier,0,0,0.103137515
01_knn,Distancia,XGBoost Classifier,0,0,5.2035266e-05
01_knn,Distancia,XGBoost Classifier,0,0,0.00039304222
01_knn,Distancia,XGBoost Classifier,0,0,0.00016779364
01_knn,Distancia,XGBoost Classifier,1,1,0.99999905
01_knn,Distancia,XGBoost Classifier,0,0,1.1262098e-05
01_knn,Distancia,XGBoost Classifier,1,1,0.99999857
01_knn,Distancia,XGBoost Classifier,0,0,0.00020461711
01_knn,Distancia,XGBoost Classifier,0,0,1.4433811e-05
01_knn,Distancia,XGBoost Classifier,1,1,0.99961555
01_knn,Distancia,XGBoost Classifier,1,1,0.99424815
01_knn,Distancia,XGBoost Classifier,1,1,0.99997795
01_knn,Distancia,XGBoost Classifier,0,0,0.00015915818
01_knn,Distancia,XGBoost Classifier,0,1,0.9110226
01_knn,Distancia,XGBoost Classifier,0,0,0.0052437345
01_knn,Distancia,XGBoost Classifier,0,0,5.680224e-05
01_knn,Distancia,XGBoost Classifier,0,0,0.0036905028
01_knn,Distancia,XGBoost Classifier,0,0,0.00090500497
01_knn,Distancia,XGBoost Classifier,0,0,0.0012648519
01_knn,Distancia,XGBoost Classifier,0,0,3.2057906e-05
01_knn,Distancia,XGBoost Classifier,0,0,7.690834e-05
01_knn,Distancia,XGBoost Classifier,0,0,3.7809084e-05
01_knn,Distancia,XGBoost Classifier,0,0,1.1772137e-06
01_knn,Distancia,XGBoost Classifier,0,0,8.851883e-05
01_knn,Distancia,XGBoost Classifier,0,0,4.118483e-06
01_knn,Distancia,XGBoost Classifier,1,1,0.957569
01_knn,Distancia,XGBoost Classifier,1,1,0.9999677
01_knn,Distancia,XGBoost Classifier,0,0,1.6366417e-05
01_knn,Distancia,XGBoost Classifier,0,0,0.002414578
01_knn,Distancia,XGBoost Classifier,0,1,0.9470909
01_knn,Distancia,XGBoost Classifier,0,0,0.00073309307
01_knn,Distancia,XGBoost Classifier,0,0,0.0005452901
01_knn,Distancia,XGBoost Classifier,1,1,0.99999416
01_knn,Distancia,XGBoost Classifier,1,1,0.9999951
01_knn,Distancia,XGBoost Classifier,0,0,0.00023366795
01_knn,Distancia,XGBoost Classifier,0,0,0.001072364
01_knn,Distancia,XGBoost Classifier,0,0,0.04644407
01_knn,Distancia,XGBoost Classifier,1,1,0.99999356
01_knn,Distancia,XGBoost Classifier,1,1,0.99998045
01_knn,Distancia,XGBoost Classifier,0,0,0.00042734516
01_knn,Distancia,XGBoost Classifier,0,0,0.009043018
01_knn,Distancia,XGBoost Classifier,1,1,0.847734
01_knn,Distancia,XGBoost Classifier,0,0,9.793153e-06
01_knn,Distancia,XGBoost Classifier,0,0,0.00044732395
01_knn,Distancia,XGBoost Classifier,0,0,0.0005528524
01_knn,Distancia,XGBoost Classifier,0,0,0.0031458104
01_knn,Distancia,XGBoost Classifier,0,0,4.9087226e-05
01_knn,Distancia,XGBoost Classifier,0,0,0.054397162
01_knn,Distancia,XGBoost Classifier,0,0,0.43455544
01_knn,Distancia,XGBoost Classifier,0,0,0.00038997657
01_knn,Distancia,XGBoost Classifier,0,0,0.0002304709
01_knn,Distancia,XGBoost Classifier,0,0,0.0012145593
01_knn,Distancia,XGBoost Classifier,1,1,0.9999974
01_knn,Distancia,XGBoost Classifier,1,1,0.9987796
01_knn,Distancia,XGBoost Classifier,0,0,0.0042091473
01_knn,Distancia,XGBoost Classifier,1,1,0.9996743
01_knn,Distancia,XGBoost Classifier,0,0,0.002595396
01_knn,Distancia,XGBoost Classifier,1,1,0.9999589
01_knn,Distancia,XGBoost Classifier,0,0,0.008479003
01_knn,Distancia,XGBoost Classifier,0,0,9.358852e-05
01_knn,Distancia,XGBoost Classifier,0,0,0.010978583
01_knn,Distancia,XGBoost Classifier,0,0,0.002035708
01_knn,Distancia,XGBoost Classifier,0,0,0.00036266854
01_knn,Distancia,XGBoost Classifier,0,0,0.0011340863
01_knn,Distancia,XGBoost Classifier,1,0,0.27055576
01_knn,Distancia,XGBoost Classifier,0,0,0.000115752555
01_knn,Distancia,XGBoost Classifier,0,0,0.0021066393
01_knn,Distancia,XGBoost Classifier,0,0,9.076501e-06
01_knn,Distancia,XGBoost Classifier,1,1,0.99983466
01_knn,Distancia,XGBoost Classifier,0,0,0.16054079
01_knn,Distancia,XGBoost Classifier,0,0,6.438938e-05
01_knn,Distancia,XGBoost Classifier,1,1,0.9999999
01_knn,Distancia,XGBoost Classifier,0,0,0.0008077418
01_knn,Distancia,XGBoost Classifier,0,0,0.0001387967
01_knn,Distancia,XGBoost Classifier,0,0,0.0012284478
01_knn,Distancia,XGBoost Classifier,0,0,0.0064188694
01_knn,Distancia,XGBoost Classifier,0,0,0.0007227048
01_knn,Distancia,XGBoost Classifier,0,0,2.9552612e-05
01_knn,Distancia,XGBoost Classifier,0,0,0.00012797743
01_knn,Distancia,XGBoost Classifier,0,0,0.004889072
01_knn,Distancia,XGBoost Classifier,0,0,2.486465e-07
01_knn,Distancia,XGBoost Classifier,0,0,2.109785e-05
01_knn,Distancia,XGBoost Classifier,0,0,6.746229e-05
01_knn,Distancia,XGBoost Classifier,1,1,0.9999714
01_knn,Distancia,XGBoost Classifier,0,0,0.00024100611
01_knn,Distancia,XGBoost Classifier,1,1,0.99999785
01_knn,Distancia,XGBoost Classifier,0,0,1.7426246e-05
01_knn,Distancia,XGBoost Classifier,0,0,0.00011756139
01_knn,Distancia,XGBoost Classifier,0,0,9.001974e-05
01_knn,Distancia,XGBoost Classifier,0,0,0.00028642121
01_knn,Distancia,XGBoost Classifier,0,0,6.4668047e-06
01_knn,Distancia,XGBoost Classifier,1,1,0.99989665
01_knn,Distancia,XGBoost Classifier,0,0,0.0091635855
01_knn,Distancia,XGBoost Classifier,0,0,0.00018749935
01_knn,Distancia,XGBoost Classifier,0,0,0.021296002
01_knn,Distancia,XGBoost Classifier,0,0,0.019183932
01_knn,Distancia,XGBoost Classifier,0,0,0.0071985815
01_knn,Distancia,XGBoost Classifier,0,0,0.0016079772
01_knn,Distancia,XGBoost Classifier,0,0,0.0015175592
01_knn,Distancia,XGBoost Classifier,0,0,7.239525e-05
01_knn,Distancia,XGBoost Classifier,0,0,0.0001960955
01_knn,Distancia,XGBoost Classifier,0,0,5.199529e-05
01_knn,Distancia,XGBoost Classifier,1,1,0.99966156
01_knn,Distancia,XGBoost Classifier,0,0,0.0014943435
01_knn,Distancia,XGBoost Classifier,0,1,0.95814323
01_knn,Distancia,XGBoost Classifier,1,1,0.99999475
01_knn,Distancia,XGBoost Classifier,1,1,0.99999917
01_knn,Distancia,XGBoost Classifier,0,0,0.000434645
01_knn,Distancia,XGBoost Classifier,0,0,5.5618775e-06
01_knn,Distancia,XGBoost Classifier,1,1,0.96397567
01_knn,Distancia,XGBoost Classifier,1,1,0.9999932
01_knn,Distancia,XGBoost Classifier,0,0,0.00085445715
01_knn,Distancia,XGBoost Classifier,0,0,0.0011080307
01_knn,Distancia,XGBoost Classifier,0,0,4.6309557e-05
01_knn,Distancia,XGBoost Classifier,0,0,8.1518934e-05
01_knn,Distancia,XGBoost Classifier,0,0,8.5652166e-05
01_knn,Distancia,XGBoost Classifier,0,0,8.2915874e-05
01_knn,Distancia,XGBoost Classifier,0,0,0.0016245433
01_knn,Distancia,XGBoost Classifier,0,0,0.0013079329
01_knn,Distancia,XGBoost Classifier,1,1,0.99940753
01_knn,Distancia,XGBoost Classifier,0,0,3.086904e-05
01_knn,Distancia,XGBoost Classifier,0,0,0.0035045273
01_knn,Distancia,XGBoost Classifier,0,0,0.00014290214
01_knn,Distancia,XGBoost Classifier,1,1,0.99998236
01_knn,Distancia,XGBoost Classifier,0,0,3.854411e-06
01_knn,Distancia,XGBoost Classifier,0,0,0.00072733196
01_knn,Distancia,XGBoost Classifier,0,0,8.736418e-05
01_knn,Distancia,XGBoost Classifier,0,0,0.017496314
01_knn,Distancia,XGBoost Classifier,0,1,0.6980454
01_knn,Distancia,XGBoost Classifier,0,0,2.889236e-06
01_knn,Distancia,XGBoost Classifier,0,0,0.00018369628
01_knn,Distancia,XGBoost Classifier,0,0,0.01990842
01_knn,Distancia,XGBoost Classifier,0,0,0.00011439586
01_knn,Distancia,XGBoost Classifier,0,0,0.00063801004
01_knn,Distancia,XGBoost Classifier,1,1,0.99958605
01_knn,Distancia,XGBoost Classifier,0,0,0.00012034756
01_knn,Distancia,XGBoost Classifier,0,0,7.093554e-05
01_knn,Distancia,XGBoost Classifier,1,1,0.9993656
01_knn,Distancia,XGBoost Classifier,1,1,0.9998956
01_knn,Distancia,XGBoost Classifier,0,0,0.0001804284
01_knn,Distancia,XGBoost Classifier,0,0,0.0049600066
01_knn,Distancia,XGBoost Classifier,0,0,0.0012432946
01_knn,Distancia,XGBoost Classifier,0,0,5.4601773e-05
01_knn,Distancia,XGBoost Classifier,1,1,0.9999815
01_knn,Distancia,XGBoost Classifier,1,0,0.16544825
01_knn,Distancia,XGBoost Classifier,1,1,0.9999974
01_knn,Distancia,XGBoost Classifier,0,0,0.0009317465
01_knn,Distancia,XGBoost Classifier,1,1,0.56999886
01_knn,Distancia,XGBoost Classifier,0,0,6.0580598e-05
01_knn,Distancia,XGBoost Classifier,0,0,0.0002982242
01_knn,Distancia,XGBoost Classifier,1,1,0.99764425
01_knn,Distancia,XGBoost Classifier,1,1,0.998752
01_knn,Distancia,XGBoost Classifier,1,1,0.999933
01_knn,Distancia,XGBoost Classifier,0,0,0.0010118888
01_knn,Distancia,XGBoost Classifier,1,1,0.9999851
01_knn,Distancia,XGBoost Classifier,1,1,0.9999995
01_knn,Distancia,XGBoost Classifier,1,1,0.999456
01_knn,Distancia,XGBoost Classifier,1,0,0.09397016
01_knn,Distancia,XGBoost Classifier,0,0,0.0002139208
01_knn,Distancia,XGBoost Classifier,0,0,0.000119095
01_knn,Distancia,XGBoost Classifier,0,0,0.00015391363
01_knn,Distancia,XGBoost Classifier,0,0,0.0059198006
01_knn,Distancia,XGBoost Classifier,0,0,0.004368409
01_knn,Distancia,XGBoost Classifier,0,0,0.019371536
01_knn,Distancia,XGBoost Classifier,0,0,0.012739094
01_knn,Distancia,XGBoost Classifier,0,0,7.365495e-05
01_knn,Distancia,XGBoost Classifier,1,1,0.9198988
01_knn,Distancia,XGBoost Classifier,0,0,0.010168789
01_knn,Distancia,XGBoost Classifier,0,0,7.413884e-07
01_knn,Distancia,XGBoost Classifier,0,0,0.0065800804
01_knn,Distancia,XGBoost Classifier,0,0,0.0014100664
01_knn,Distancia,XGBoost Classifier,0,0,0.0016106287
01_knn,Distancia,XGBoost Classifier,0,0,0.0049428423
01_knn,Distancia,XGBoost Classifier,0,0,0.0067882827
01_knn,Distancia,XGBoost Classifier,0,0,5.2368698e-05
01_knn,Distancia,XGBoost Classifier,0,0,7.210168e-05
01_knn,Distancia,XGBoost Classifier,0,0,0.0013406173
01_knn,Distancia,XGBoost Classifier,0,0,0.0030616743
01_knn,Distancia,XGBoost Classifier,0,0,0.00011307382
01_knn,Distancia,XGBoost Classifier,1,1,0.9974023
01_knn,Distancia,XGBoost Classifier,0,0,3.1672178e-06
01_knn,Distancia,XGBoost Classifier,0,0,5.465069e-05
01_knn,Distancia,XGBoost Classifier,0,0,0.00015066995
01_knn,Distancia,XGBoost Classifier,0,0,9.5121664e-05
01_knn,Distancia,XGBoost Classifier,1,1,0.9999975
01_knn,Distancia,XGBoost Classifier,1,1,0.9983119
01_knn,Distancia,XGBoost Classifier,0,0,0.0007212342
01_knn,Distancia,XGBoost Classifier,0,0,0.0043203416
01_knn,Distancia,XGBoost Classifier,1,1,0.9999918
01_knn,Distancia,XGBoost Classifier,0,0,0.00046283714
01_knn,Distancia,XGBoost Classifier,0,0,0.0025599028
01_knn,Distancia,XGBoost Classifier,0,0,0.00034776016
01_knn,Distancia,XGBoost Classifier,1,1,0.999998
01_knn,Distancia,XGBoost Classifier,0,0,0.002037693
01_knn,Distancia,XGBoost Classifier,1,1,0.99999416
01_knn,Distancia,XGBoost Classifier,0,0,0.0002443395
01_knn,Distancia,XGBoost Classifier,0,0,0.053411324
01_knn,Distancia,XGBoost Classifier,0,0,4.351994e-05
01_knn,Distancia,XGBoost Classifier,0,0,2.347906e-05
01_knn,Distancia,XGBoost Classifier,0,0,9.062394e-05
01_knn,Distancia,XGBoost Classifier,0,0,0.0036397513
01_knn,Distancia,XGBoost Classifier,0,0,0.00042137582
01_knn,Distancia,XGBoost Classifier,0,0,3.8188195e-05
01_knn,Distancia,XGBoost Classifier,0,0,0.0235228
01_knn,Distancia,XGBoost Classifier,0,0,0.0018410832
01_knn,Distancia,XGBoost Classifier,0,0,3.077404e-05
01_knn,Distancia,XGBoost Classifier,0,0,0.28352812
01_knn,Distancia,XGBoost Classifier,1,1,0.9994905
01_knn,Distancia,XGBoost Classifier,0,0,6.1015657e-05
01_knn,Distancia,XGBoost Classifier,0,0,0.017000698
01_knn,Distancia,XGBoost Classifier,0,1,0.98397267
01_knn,Distancia,XGBoost Classifier,0,0,0.00046788878
01_knn,Distancia,XGBoost Classifier,0,0,8.192862e-05
01_knn,Distancia,XGBoost Classifier,1,1,0.9999726
01_knn,Distancia,XGBoost Classifier,0,0,0.0007390826
01_knn,Distancia,XGBoost Classifier,0,0,1.2500873e-05
01_knn,Distancia,XGBoost Classifier,0,0,0.0028826566
01_knn,Distancia,XGBoost Classifier,1,1,0.99999416
01_knn,Distancia,XGBoost Classifier,0,0,0.008955942
01_knn,Distancia,XGBoost Classifier,0,0,0.0027661591
01_knn,Distancia,XGBoost Classifier,0,0,0.00033671068
01_knn,Distancia,XGBoost Classifier,0,0,0.0024151914
01_knn,Distancia,XGBoost Classifier,0,0,0.00028306473
01_knn,Distancia,XGBoost Classifier,0,0,0.00013064903
01_knn,Distancia,XGBoost Classifier,0,0,0.0001098861
01_knn,Distancia,XGBoost Classifier,0,0,0.005868684
01_knn,Distancia,XGBoost Classifier,1,1,0.9747531
01_knn,Distancia,XGBoost Classifier,0,0,0.0001151452
01_knn,Distancia,XGBoost Classifier,0,0,0.00064200413
01_knn,Distancia,XGBoost Classifier,1,1,0.9999974
01_knn,Distancia,XGBoost Classifier,0,0,0.0048871096
01_knn,Distancia,XGBoost Classifier,0,0,0.00032217315
01_knn,Distancia,XGBoost Classifier,0,0,0.01050326
01_knn,Distancia,XGBoost Classifier,0,0,0.00036741383
01_knn,Distancia,XGBoost Classifier,0,0,0.0014055583
01_knn,Distancia,XGBoost Classifier,1,1,0.6440951
01_knn,Distancia,XGBoost Classifier,0,0,0.000292788
01_knn,Distancia,XGBoost Classifier,0,0,0.015409706
01_knn,Distancia,XGBoost Classifier,0,0,0.001176129
01_knn,Distancia,XGBoost Classifier,0,0,0.03401866
01_knn,Distancia,XGBoost Classifier,1,1,0.9982053
01_knn,Distancia,XGBoost Classifier,0,0,2.2734665e-05
01_knn,Distancia,XGBoost Classifier,0,0,0.00014154289
01_knn,Distancia,XGBoost Classifier,0,0,0.00062569964
01_knn,Distancia,XGBoost Classifier,1,1,0.9999838
01_knn,Distancia,XGBoost Classifier,0,0,0.016866565
01_knn,Distancia,XGBoost Classifier,0,0,5.2577816e-05
01_knn,Distancia,XGBoost Classifier,0,0,0.22468676
01_knn,Distancia,XGBoost Classifier,0,0,0.0040927045
01_knn,Distancia,XGBoost Classifier,0,0,9.5098285e-06
01_knn,Distancia,XGBoost Classifier,1,1,0.9726055
01_knn,Distancia,XGBoost Classifier,0,0,0.00013984088
01_knn,Distancia,XGBoost Classifier,0,0,0.0005439182
01_knn,Distancia,XGBoost Classifier,0,0,0.00011916463
01_knn,Distancia,XGBoost Classifier,0,1,0.81772953
01_knn,Distancia,XGBoost Classifier,1,1,0.99999654
01_knn,Distancia,XGBoost Classifier,0,0,0.001433922
01_knn,Distancia,XGBoost Classifier,0,0,0.0002644783
01_knn,Distancia,XGBoost Classifier,0,0,9.2259026e-05
01_knn,Distancia,XGBoost Classifier,0,0,0.018656744
01_knn,Distancia,XGBoost Classifier,0,0,0.00012403373
01_knn,Distancia,XGBoost Classifier,0,0,0.008942835
01_knn,Distancia,XGBoost Classifier,0,0,0.0016613202
01_knn,Distancia,XGBoost Classifier,0,0,0.0065194382
01_knn,Distancia,XGBoost Classifier,0,0,0.00023926262
01_knn,Distancia,XGBoost Classifier,0,0,6.18165e-05
01_knn,Distancia,XGBoost Classifier,0,0,0.00015989835
01_knn,Distancia,XGBoost Classifier,0,0,0.0040957453
01_knn,Distancia,XGBoost Classifier,0,0,9.187387e-05
01_knn,Distancia,XGBoost Classifier,0,0,0.0015809272
01_knn,Distancia,XGBoost Classifier,1,1,0.99997354
01_knn,Distancia,XGBoost Classifier,0,0,0.00014290241
01_knn,Distancia,XGBoost Classifier,0,0,0.0026154125
01_knn,Distancia,XGBoost Classifier,1,1,0.9999937
01_knn,Distancia,XGBoost Classifier,0,0,0.0027574622
01_knn,Distancia,XGBoost Classifier,0,0,0.0008343414
01_knn,Distancia,XGBoost Classifier,0,0,0.0015593605
01_knn,Distancia,XGBoost Classifier,0,0,0.0017015289
01_knn,Distancia,XGBoost Classifier,0,0,0.00033726133
01_knn,Distancia,XGBoost Classifier,0,0,4.247918e-05
01_knn,Distancia,XGBoost Classifier,0,0,0.00018073077
01_knn,Distancia,XGBoost Classifier,0,0,0.01322401
01_knn,Distancia,XGBoost Classifier,1,1,0.99999166
01_knn,Distancia,XGBoost Classifier,0,0,2.2757637e-05
01_knn,Distancia,XGBoost Classifier,1,1,0.99458873
01_knn,Distancia,XGBoost Classifier,0,0,0.0015899598
01_knn,Distancia,XGBoost Classifier,0,0,0.00041307698
01_knn,Distancia,XGBoost Classifier,0,0,0.00012666032
01_knn,Distancia,XGBoost Classifier,0,0,0.00061396824
01_knn,Distancia,XGBoost Classifier,1,1,0.9999974
01_knn,Distancia,XGBoost Classifier,0,0,0.0012258774
01_knn,Distancia,XGBoost Classifier,1,1,0.9998023
01_knn,Distancia,XGBoost Classifier,0,0,0.00475932
01_knn,Distancia,XGBoost Classifier,0,0,0.0008855635
01_knn,Distancia,XGBoost Classifier,1,1,0.99998844
01_knn,Distancia,XGBoost Classifier,0,0,2.1279548e-05
01_knn,Distancia,XGBoost Classifier,0,0,0.00014929447
01_knn,Distancia,XGBoost Classifier,0,0,0.00023402288
01_knn,Distancia,XGBoost Classifier,0,0,0.00078935694
01_knn,Distancia,XGBoost Classifier,0,0,0.002147696
01_knn,Distancia,XGBoost Classifier,0,0,6.346879e-05
01_knn,Distancia,XGBoost Classifier,0,1,0.67264974
01_knn,Distancia,XGBoost Classifier,0,0,0.00037213607
01_knn,Distancia,XGBoost Classifier,0,0,0.002787037
01_knn,Distancia,XGBoost Classifier,0,0,0.00031500895
01_knn,Distancia,XGBoost Classifier,0,0,1.7411396e-05
01_knn,Distancia,XGBoost Classifier,0,0,0.00075364223
01_knn,Distancia,XGBoost Classifier,0,0,0.0020191974
01_knn,Distancia,XGBoost Classifier,0,0,0.01827893
01_knn,Distancia,XGBoost Classifier,1,1,0.9999957
01_knn,Distancia,XGBoost Classifier,1,1,0.9999323
01_knn,Distancia,XGBoost Classifier,1,1,0.99995387
01_knn,Distancia,XGBoost Classifier,1,1,0.65567523
01_knn,Distancia,XGBoost Classifier,0,0,6.12683e-05
01_knn,Distancia,XGBoost Classifier,0,0,5.5442433e-05
01_knn,Distancia,XGBoost Classifier,0,0,0.00420312
01_knn,Distancia,XGBoost Classifier,0,0,0.00042158534
01_knn,Distancia,XGBoost Classifier,1,1,0.992054
01_knn,Distancia,XGBoost Classifier,0,0,0.00016888915
01_knn,Distancia,XGBoost Classifier,1,1,0.9999528
01_knn,Distancia,XGBoost Classifier,0,0,0.11644391
01_knn,Distancia,XGBoost Classifier,1,1,0.9999614
01_knn,Distancia,XGBoost Classifier,1,1,0.9999924
01_knn,Distancia,XGBoost Classifier,0,0,0.00014216943
01_knn,Distancia,XGBoost Classifier,1,1,0.99999845
01_knn,Distancia,XGBoost Classifier,0,0,0.0015068753
01_knn,Distancia,XGBoost Classifier,1,1,0.99997985
01_knn,Distancia,XGBoost Classifier,1,1,0.9983376
01_knn,Distancia,XGBoost Classifier,0,0,0.11681344
01_knn,Distancia,XGBoost Classifier,0,0,0.0008727849
01_knn,Distancia,XGBoost Classifier,0,0,0.0075157867
01_knn,Distancia,XGBoost Classifier,0,0,0.0010981377
01_knn,Distancia,XGBoost Classifier,0,0,0.01852291
01_knn,Distancia,XGBoost Classifier,0,0,0.00013932765
01_knn,Distancia,XGBoost Classifier,0,0,9.417268e-06
01_knn,Distancia,XGBoost Classifier,1,1,0.9999856
01_knn,Distancia,XGBoost Classifier,0,0,0.0031600886
01_knn,Distancia,XGBoost Classifier,1,1,0.99951386
01_knn,Distancia,XGBoost Classifier,0,0,0.00043649768
01_knn,Distancia,XGBoost Classifier,0,0,0.0002580679
01_knn,Distancia,XGBoost Classifier,0,0,0.0012668915
01_knn,Distancia,XGBoost Classifier,1,1,0.9999962
01_knn,Distancia,XGBoost Classifier,0,0,0.14019045
01_knn,Distancia,XGBoost Classifier,1,1,0.97241986
01_knn,Distancia,XGBoost Classifier,0,0,0.011763809
01_knn,Distancia,XGBoost Classifier,0,0,0.022223765
01_knn,Distancia,XGBoost Classifier,0,0,0.002657099
01_knn,Distancia,XGBoost Classifier,0,0,0.0001620455
01_knn,Distancia,XGBoost Classifier,0,1,0.7089874
01_knn,Distancia,XGBoost Classifier,0,0,1.9885336e-05
01_knn,Distancia,XGBoost Classifier,1,1,0.9987311
01_knn,Distancia,XGBoost Classifier,0,0,0.0014960984
01_knn,Distancia,XGBoost Classifier,1,1,0.9999932
01_knn,Distancia,XGBoost Classifier,0,0,1.5670186e-05
01_knn,Distancia,XGBoost Classifier,0,0,3.3805987e-05
01_knn,Distancia,XGBoost Classifier,0,0,1.5079223e-05
01_knn,Distancia,XGBoost Classifier,1,1,0.9999951
01_knn,Distancia,XGBoost Classifier,0,0,4.496288e-06
01_knn,Distancia,XGBoost Classifier,0,0,0.005676024
01_knn,Distancia,XGBoost Classifier,0,0,0.0027122987
01_knn,Distancia,XGBoost Classifier,0,0,0.045178626
01_knn,Distancia,XGBoost Classifier,0,0,0.009827179
01_knn,Distancia,XGBoost Classifier,0,0,0.0004489511
01_knn,Distancia,XGBoost Classifier,1,1,0.97831774
01_knn,Distancia,XGBoost Classifier,0,0,3.182057e-05
01_knn,Distancia,XGBoost Classifier,0,0,0.0027675787
01_knn,Distancia,XGBoost Classifier,0,0,0.0049399678
01_knn,Distancia,XGBoost Classifier,0,0,3.176842e-05
01_knn,Distancia,XGBoost Classifier,1,1,0.9888315
01_knn,Distancia,XGBoost Classifier,0,0,0.0015790496
01_knn,Distancia,XGBoost Classifier,0,0,0.0012906656
01_knn,Distancia,XGBoost Classifier,0,0,0.010097185
01_knn,Distancia,XGBoost Classifier,0,0,0.0004316745
01_knn,Distancia,XGBoost Classifier,1,1,0.99987125
01_knn,Distancia,XGBoost Classifier,0,1,0.9913606
01_knn,Distancia,XGBoost Classifier,0,0,0.00023740837
01_knn,Distancia,XGBoost Classifier,0,0,9.572486e-05
01_knn,Distancia,XGBoost Classifier,0,0,6.461734e-05
01_knn,Distancia,XGBoost Classifier,1,1,0.99997234
01_knn,Distancia,XGBoost Classifier,0,0,2.284653e-05
01_knn,Distancia,XGBoost Classifier,0,0,0.0008487032
01_knn,Distancia,XGBoost Classifier,0,0,6.7866225e-05
01_knn,Distancia,XGBoost Classifier,0,0,0.00029497512
01_knn,Distancia,XGBoost Classifier,0,0,1.01762835e-05
01_knn,Distancia,XGBoost Classifier,0,0,0.004899188
01_knn,Distancia,XGBoost Classifier,0,0,0.00039641684
01_knn,Distancia,XGBoost Classifier,0,0,0.0009355258
01_knn,Distancia,XGBoost Classifier,0,0,0.00072789815
01_knn,Distancia,XGBoost Classifier,0,0,0.042753685
01_knn,Distancia,XGBoost Classifier,0,0,0.00013044762
01_knn,Distancia,XGBoost Classifier,0,0,1.30099825e-05
01_knn,Distancia,XGBoost Classifier,0,0,3.9416904e-05
01_knn,Distancia,XGBoost Classifier,0,0,0.0033051416
01_knn,Distancia,XGBoost Classifier,0,0,0.00068041036
01_knn,Distancia,XGBoost Classifier,0,0,0.00017412244
01_knn,Distancia,XGBoost Classifier,1,1,0.99736696
01_knn,Distancia,XGBoost Classifier,1,1,0.99878424
01_knn,Distancia,XGBoost Classifier,0,0,0.0002674591
01_knn,Distancia,XGBoost Classifier,1,1,0.9981622
01_knn,Distancia,XGBoost Classifier,0,0,0.10148041
01_knn,Distancia,XGBoost Classifier,0,0,0.00014172115
01_knn,Distancia,XGBoost Classifier,0,0,0.00032523114
01_knn,Distancia,XGBoost Classifier,0,0,3.6143276e-05
01_knn,Distancia,XGBoost Classifier,0,0,0.0035717883
01_knn,Distancia,XGBoost Classifier,0,0,0.00016390062
01_knn,Distancia,XGBoost Classifier,0,0,0.0003532491
01_knn,Distancia,XGBoost Classifier,0,0,6.0857717e-05
01_knn,Distancia,XGBoost Classifier,0,0,0.00014592712
01_knn,Distancia,XGBoost Classifier,1,1,0.99905616
01_knn,Distancia,XGBoost Classifier,0,0,3.154797e-05
01_knn,Distancia,XGBoost Classifier,0,0,7.942087e-05
01_knn,Distancia,XGBoost Classifier,0,0,0.032293063
01_knn,Distancia,XGBoost Classifier,0,0,0.00027097654
01_knn,Distancia,XGBoost Classifier,0,0,2.2852611e-05
01_knn,Distancia,XGBoost Classifier,0,0,0.0006525089
01_knn,Distancia,XGBoost Classifier,0,0,0.0022758057
01_knn,Distancia,XGBoost Classifier,0,0,0.00040492555
01_knn,Distancia,XGBoost Classifier,0,0,2.8550867e-05
01_knn,Distancia,XGBoost Classifier,0,0,0.002344816
01_knn,Distancia,XGBoost Classifier,0,0,0.0003136078
01_knn,Distancia,XGBoost Classifier,1,1,0.9999907
01_knn,Distancia,XGBoost Classifier,1,1,0.9992385
01_knn,Distancia,XGBoost Classifier,0,0,0.0012466576
01_knn,Distancia,XGBoost Classifier,0,0,0.0018110565
01_knn,Distancia,XGBoost Classifier,0,0,0.0015737977
01_knn,Distancia,XGBoost Classifier,0,0,0.00030304302
01_knn,Distancia,XGBoost Classifier,0,0,0.000104633036
01_knn,Distancia,XGBoost Classifier,0,0,6.801368e-05
01_knn,Distancia,XGBoost Classifier,0,0,0.004876653
01_knn,Distancia,XGBoost Classifier,0,0,0.0001469938
01_knn,Distancia,XGBoost Classifier,1,1,0.9999918
01_knn,Distancia,XGBoost Classifier,0,0,0.0011543361
01_knn,Distancia,XGBoost Classifier,0,0,0.000636442
01_knn,Distancia,XGBoost Classifier,0,0,0.0021192713
01_knn,Distancia,XGBoost Classifier,0,0,0.004045558
01_knn,Distancia,XGBoost Classifier,0,0,0.0008790687
01_knn,Distancia,XGBoost Classifier,0,0,0.00011467994
01_knn,Distancia,XGBoost Classifier,0,0,0.0033021616
01_knn,Distancia,XGBoost Classifier,0,0,4.454765e-05
01_knn,Distancia,XGBoost Classifier,1,1,0.99989486
01_knn,Distancia,XGBoost Classifier,0,0,4.372962e-05
01_knn,Distancia,XGBoost Classifier,0,0,0.00047458074
01_knn,Distancia,XGBoost Classifier,1,1,0.9999943
01_knn,Distancia,XGBoost Classifier,0,0,0.00020831545
01_knn,Distancia,XGBoost Classifier,1,1,0.9999472
01_knn,Distancia,XGBoost Classifier,0,0,0.00622438
01_knn,Distancia,XGBoost Classifier,0,0,0.00022994191
01_knn,Distancia,XGBoost Classifier,0,0,8.066746e-05
01_knn,Distancia,XGBoost Classifier,0,0,0.0004974026
01_knn,Distancia,XGBoost Classifier,0,0,0.0003053722
01_knn,Distancia,XGBoost Classifier,0,0,0.0022780513
01_knn,Distancia,XGBoost Classifier,0,0,0.0001763719
01_knn,Distancia,XGBoost Classifier,0,0,7.187041e-05
01_knn,Distancia,XGBoost Classifier,0,0,0.0030065447
01_knn,Distancia,XGBoost Classifier,0,0,0.000108117274
01_knn,Distancia,XGBoost Classifier,0,0,0.009401246
01_knn,Distancia,XGBoost Classifier,0,0,0.004646861
01_knn,Distancia,XGBoost Classifier,0,0,0.025902167
01_knn,Distancia,XGBoost Classifier,0,0,5.9139817e-05
01_knn,Distancia,XGBoost Classifier,1,1,0.9999926
01_knn,Distancia,XGBoost Classifier,0,0,6.65357e-05
01_knn,Distancia,XGBoost Classifier,0,0,0.00027644238
01_knn,Distancia,XGBoost Classifier,1,1,0.9946585
01_knn,Distancia,XGBoost Classifier,0,0,0.00018551562
01_knn,Distancia,XGBoost Classifier,1,1,0.9842965
01_knn,Distancia,XGBoost Classifier,1,1,0.93582
01_knn,Distancia,XGBoost Classifier,1,1,0.9999913
01_knn,Distancia,XGBoost Classifier,0,0,0.033094257
01_knn,Distancia,XGBoost Classifier,0,0,0.000895529
01_knn,Distancia,XGBoost Classifier,1,1,0.9999981
01_knn,Distancia,XGBoost Classifier,0,0,0.00038938815
01_knn,Distancia,XGBoost Classifier,0,0,0.0013184042
01_knn,Distancia,XGBoost Classifier,0,0,2.2620736e-05
01_knn,Distancia,XGBoost Classifier,0,0,4.845605e-05
01_knn,Distancia,XGBoost Classifier,0,0,0.0002488735
01_knn,Distancia,XGBoost Classifier,0,0,0.012612948
01_knn,Distancia,XGBoost Classifier,0,1,0.95892745
01_knn,Distancia,XGBoost Classifier,0,0,0.00293413
01_knn,Distancia,XGBoost Classifier,1,1,0.9993691
01_knn,Distancia,XGBoost Classifier,0,0,0.00017472234
01_knn,Distancia,XGBoost Classifier,0,0,0.046522267
01_knn,Distancia,XGBoost Classifier,0,0,0.0009919311
01_knn,Distancia,XGBoost Classifier,0,0,0.007009352
01_knn,Distancia,XGBoost Classifier,0,0,0.00953117
01_knn,Distancia,XGBoost Classifier,0,0,0.00065629405
01_knn,Distancia,XGBoost Classifier,0,0,0.0026608265
01_knn,Distancia,XGBoost Classifier,0,0,0.004766268
01_knn,Distancia,XGBoost Classifier,0,0,0.0017986379
01_knn,Distancia,XGBoost Classifier,0,0,5.534548e-06
01_knn,Distancia,XGBoost Classifier,0,0,9.0103435e-07
01_knn,Distancia,XGBoost Classifier,0,0,1.5205608e-05
01_knn,Distancia,XGBoost Classifier,0,0,0.008768489
01_knn,Distancia,XGBoost Classifier,0,0,0.00022354635
01_knn,Distancia,XGBoost Classifier,0,0,5.664337e-06
01_knn,Distancia,XGBoost Classifier,1,1,0.96402687
01_knn,Distancia,XGBoost Classifier,0,0,0.0002810219
01_knn,Distancia,XGBoost Classifier,0,0,0.0002953156
01_knn,Distancia,XGBoost Classifier,0,0,0.016310103
01_knn,Distancia,XGBoost Classifier,0,0,0.037851084
01_knn,Distancia,XGBoost Classifier,0,0,0.0009496337
01_knn,Distancia,XGBoost Classifier,1,1,0.99999404
01_knn,Distancia,XGBoost Classifier,0,0,2.7223832e-06
01_knn,Distancia,XGBoost Classifier,0,0,0.0004792552
01_knn,Distancia,XGBoost Classifier,0,0,0.0023297144
01_knn,Distancia,XGBoost Classifier,1,1,0.99998176
01_knn,Distancia,XGBoost Classifier,0,0,7.674701e-05
01_knn,Distancia,XGBoost Classifier,0,0,0.00011485055
01_knn,Distancia,XGBoost Classifier,0,0,0.004151626
01_knn,Distancia,XGBoost Classifier,1,1,0.99999404
01_knn,Distancia,XGBoost Classifier,0,0,0.0001473112
01_knn,Distancia,XGBoost Classifier,1,1,0.9996953
01_knn,Distancia,XGBoost Classifier,1,1,0.9999926
01_knn,Distancia,XGBoost Classifier,0,0,0.005275015
01_knn,Distancia,XGBoost Classifier,0,0,0.0030552624
01_knn,Distancia,XGBoost Classifier,1,1,0.9996118
01_knn,Distancia,XGBoost Classifier,0,0,3.4114848e-05
01_knn,Distancia,XGBoost Classifier,0,0,0.00014209801
01_knn,Distancia,XGBoost Classifier,0,0,0.00023939155
01_knn,Distancia,XGBoost Classifier,0,0,0.0004210024
01_knn,Distancia,XGBoost Classifier,0,0,0.00064486946
01_knn,Distancia,XGBoost Classifier,0,0,4.983629e-05
01_knn,Distancia,XGBoost Classifier,0,0,6.102206e-06
01_knn,Distancia,XGBoost Classifier,0,1,0.5746061
01_knn,Distancia,XGBoost Classifier,1,1,0.9999988
01_knn,Distancia,XGBoost Classifier,0,0,0.013207426
01_knn,Distancia,XGBoost Classifier,0,0,0.0005250721
01_knn,Distancia,XGBoost Classifier,1,1,0.9999908
01_knn,Distancia,XGBoost Classifier,0,0,9.78479e-05
01_knn,Distancia,XGBoost Classifier,0,0,0.00014255292
01_knn,Distancia,XGBoost Classifier,0,0,0.00030920116
01_knn,Distancia,XGBoost Classifier,1,1,0.9999541
01_knn,Distancia,XGBoost Classifier,0,0,0.05422804
01_knn,Distancia,XGBoost Classifier,0,0,0.007849922
01_knn,Distancia,XGBoost Classifier,0,0,3.603129e-05
01_knn,Distancia,XGBoost Classifier,0,1,0.855498
01_knn,Distancia,XGBoost Classifier,0,0,0.00014297574
01_knn,Distancia,XGBoost Classifier,0,0,0.0001823042
01_knn,Distancia,XGBoost Classifier,0,0,2.5850415e-05
01_knn,Distancia,XGBoost Classifier,0,0,0.0003768782
01_knn,Distancia,XGBoost Classifier,0,0,0.00018575013
01_knn,Distancia,XGBoost Classifier,0,0,0.035555966
01_knn,Distancia,XGBoost Classifier,0,1,0.9951455
01_knn,Distancia,XGBoost Classifier,0,0,0.00077295286
01_knn,Distancia,XGBoost Classifier,0,0,0.00029973834
01_knn,Distancia,XGBoost Classifier,1,1,0.99956256
01_knn,Distancia,XGBoost Classifier,0,0,0.0001386713
01_knn,Distancia,XGBoost Classifier,0,0,0.060081482
01_knn,Distancia,XGBoost Classifier,1,1,0.999997
01_knn,Distancia,XGBoost Classifier,1,1,0.9996092
01_knn,Distancia,XGBoost Classifier,0,0,0.00079879013
01_knn,Distancia,XGBoost Classifier,1,1,0.99999344
01_knn,Distancia,XGBoost Classifier,0,0,0.0010326481
01_knn,Distancia,XGBoost Classifier,0,0,0.00013888806
01_knn,Distancia,XGBoost Classifier,0,0,3.585764e-05
01_knn,Distancia,XGBoost Classifier,1,1,0.92460555
01_knn,Distancia,XGBoost Classifier,1,0,0.05837786
01_knn,Distancia,XGBoost Classifier,0,0,8.4997504e-05
01_knn,Distancia,XGBoost Classifier,0,0,0.0022414888
01_knn,Distancia,XGBoost Classifier,1,1,0.999995
01_knn,Distancia,XGBoost Classifier,0,0,0.00039068804
01_knn,Distancia,XGBoost Classifier,0,0,0.0008461088
01_knn,Distancia,XGBoost Classifier,0,0,0.00024600618
01_knn,Distancia,XGBoost Classifier,0,1,0.7381755
01_knn,Distancia,XGBoost Classifier,1,1,0.99938154
01_knn,Distancia,XGBoost Classifier,1,1,0.9294982
01_knn,Distancia,XGBoost Classifier,0,0,0.08669593
01_knn,Distancia,XGBoost Classifier,0,0,0.021681074
01_knn,Distancia,XGBoost Classifier,0,0,0.003774707
01_knn,Distancia,XGBoost Classifier,0,0,0.00017675609
01_knn,Distancia,XGBoost Classifier,1,1,0.99998164
01_knn,Distancia,XGBoost Classifier,0,0,4.58264e-05
01_knn,Distancia,XGBoost Classifier,0,0,2.0962836e-05
01_knn,Distancia,XGBoost Classifier,1,1,0.9999957
01_knn,Distancia,XGBoost Classifier,1,1,0.99995255
01_knn,Distancia,XGBoost Classifier,0,0,0.0029966102
01_knn,Distancia,XGBoost Classifier,0,0,0.251691
01_knn,Distancia,XGBoost Classifier,0,0,0.004368185
01_knn,Distancia,XGBoost Classifier,1,0,0.0260576
01_knn,Distancia,XGBoost Classifier,0,0,0.0029345122
01_knn,Distancia,XGBoost Classifier,0,0,0.037779957
01_knn,Distancia,XGBoost Classifier,1,1,0.999992
01_knn,Distancia,XGBoost Classifier,1,1,0.99999046
01_knn,Distancia,XGBoost Classifier,0,0,0.112495966
01_knn,Distancia,XGBoost Classifier,1,1,0.9994497
01_knn,Distancia,XGBoost Classifier,1,1,0.9999932
01_knn,Distancia,XGBoost Classifier,0,0,0.00010581805
01_knn,Distancia,XGBoost Classifier,1,1,0.9993679
01_knn,Distancia,XGBoost Classifier,0,0,1.2955747e-06
01_knn,Distancia,XGBoost Classifier,1,0,0.037224874
01_knn,Distancia,XGBoost Classifier,0,0,0.0007231206
01_knn,Distancia,XGBoost Classifier,0,0,4.453236e-05
01_knn,Distancia,XGBoost Classifier,1,1,0.9878946
01_knn,Distancia,XGBoost Classifier,0,0,0.00042626858
01_knn,Distancia,XGBoost Classifier,1,1,0.9999821
01_knn,Distancia,XGBoost Classifier,0,0,0.003167707
01_knn,Distancia,XGBoost Classifier,0,0,6.593195e-05
01_knn,Distancia,XGBoost Classifier,0,0,6.2571315e-05
01_knn,Distancia,XGBoost Classifier,1,1,0.9999386
01_knn,Distancia,XGBoost Classifier,0,0,0.11081553
01_knn,Distancia,XGBoost Classifier,0,0,0.00053969125
01_knn,Distancia,XGBoost Classifier,0,0,2.2590964e-05
01_knn,Distancia,XGBoost Classifier,0,0,0.0004748633
01_knn,Distancia,XGBoost Classifier,0,0,0.00013158646
01_knn,Distancia,XGBoost Classifier,1,1,0.6271636
01_knn,Distancia,XGBoost Classifier,0,0,5.947103e-06
01_knn,Distancia,XGBoost Classifier,0,0,1.7359267e-05
01_knn,Distancia,XGBoost Classifier,1,1,0.99999774
01_knn,Distancia,XGBoost Classifier,1,1,0.9999682
01_knn,Distancia,XGBoost Classifier,1,1,0.9990307
01_knn,Distancia,XGBoost Classifier,1,1,0.9706134
01_knn,Distancia,XGBoost Classifier,0,0,0.0008567007
01_knn,Distancia,XGBoost Classifier,0,0,0.0038875889
01_knn,Distancia,XGBoost Classifier,0,0,0.0006522522
01_knn,Distancia,XGBoost Classifier,0,0,0.00013785811
01_knn,Distancia,XGBoost Classifier,1,1,0.9999583
01_knn,Distancia,XGBoost Classifier,0,0,2.8569524e-05
01_knn,Distancia,XGBoost Classifier,0,0,0.0023115615
01_knn,Distancia,XGBoost Classifier,1,1,0.9999223
01_knn,Distancia,XGBoost Classifier,0,0,0.00017182104
01_knn,Distancia,XGBoost Classifier,0,0,0.0039026723
01_knn,Distancia,XGBoost Classifier,0,0,0.00012459954
01_knn,Distancia,XGBoost Classifier,0,0,0.00018739299
01_knn,Distancia,XGBoost Classifier,0,0,0.00013014693
01_knn,Distancia,XGBoost Classifier,0,0,6.854061e-05
01_knn,Distancia,XGBoost Classifier,0,0,0.0015739985
01_knn,Distancia,XGBoost Classifier,0,0,0.000518932
01_knn,Distancia,XGBoost Classifier,0,0,2.2000457e-05
01_knn,Distancia,XGBoost Classifier,0,0,1.6176331e-05
01_knn,Distancia,XGBoost Classifier,1,1,0.98979723
01_knn,Distancia,XGBoost Classifier,0,0,8.0123145e-06
01_knn,Distancia,XGBoost Classifier,0,0,0.0008934873
01_knn,Distancia,XGBoost Classifier,0,0,4.4759545e-05
01_knn,Distancia,XGBoost Classifier,0,0,0.00033481154
01_knn,Distancia,XGBoost Classifier,0,0,0.28305462
01_knn,Distancia,XGBoost Classifier,1,1,0.9999882
01_knn,Distancia,XGBoost Classifier,0,0,8.631228e-05
01_knn,Distancia,XGBoost Classifier,0,0,5.695428e-05
01_knn,Distancia,XGBoost Classifier,0,0,0.037528895
01_knn,Distancia,XGBoost Classifier,1,1,0.9806889
01_knn,Distancia,XGBoost Classifier,0,0,0.00019523209
01_knn,Distancia,XGBoost Classifier,0,0,0.002958173
01_knn,Distancia,XGBoost Classifier,0,0,1.8759652e-05
01_knn,Distancia,XGBoost Classifier,0,0,2.689369e-05
01_knn,Distancia,XGBoost Classifier,1,1,0.99999344
01_knn,Distancia,XGBoost Classifier,0,0,6.968094e-05
01_knn,Distancia,XGBoost Classifier,0,0,0.0002347127
01_knn,Distancia,XGBoost Classifier,1,1,0.99999225
01_knn,Distancia,XGBoost Classifier,0,0,0.08784768
01_knn,Distancia,XGBoost Classifier,0,0,0.0063568233
01_knn,Distancia,XGBoost Classifier,1,1,0.9999932
01_knn,Distancia,XGBoost Classifier,0,0,0.00067571376
01_knn,Distancia,XGBoost Classifier,0,0,0.008191465
01_knn,Distancia,XGBoost Classifier,0,0,0.00026034995
01_knn,Distancia,XGBoost Classifier,0,0,7.835931e-05
01_knn,Distancia,XGBoost Classifier,0,0,2.1182755e-06
01_knn,Distancia,XGBoost Classifier,1,1,0.9989015
01_knn,Distancia,XGBoost Classifier,0,0,0.0017412199
01_knn,Distancia,XGBoost Classifier,0,0,0.0006024891
01_knn,Distancia,XGBoost Classifier,0,0,0.00017394406
01_knn,Distancia,XGBoost Classifier,0,0,7.797023e-05
01_knn,Distancia,XGBoost Classifier,0,0,0.0012586861
01_knn,Distancia,XGBoost Classifier,0,0,0.00019859619
01_knn,Distancia,XGBoost Classifier,0,0,2.5263626e-05
01_knn,Distancia,XGBoost Classifier,0,0,1.4501862e-06
01_knn,Distancia,XGBoost Classifier,1,1,0.9999896
01_knn,Distancia,XGBoost Classifier,1,1,0.99970776
01_knn,Distancia,XGBoost Classifier,0,1,0.53412575
01_knn,Distancia,XGBoost Classifier,1,1,0.99997604
01_knn,Distancia,XGBoost Classifier,0,0,0.024240624
01_knn,Distancia,XGBoost Classifier,0,1,0.51212335
01_knn,Distancia,XGBoost Classifier,0,0,5.131331e-05
01_knn,Distancia,XGBoost Classifier,1,1,0.9995778
01_knn,Distancia,XGBoost Classifier,1,1,0.9999968
01_knn,Distancia,XGBoost Classifier,0,0,2.4570996e-05
01_knn,Distancia,XGBoost Classifier,0,0,8.543452e-05
01_knn,Distancia,XGBoost Classifier,0,0,0.000171814
01_knn,Distancia,XGBoost Classifier,0,0,0.0005366791
01_knn,Distancia,XGBoost Classifier,0,0,5.306025e-05
01_knn,Distancia,XGBoost Classifier,0,0,0.00093953195
01_knn,Distancia,XGBoost Classifier,0,0,3.5074125e-05
01_knn,Distancia,XGBoost Classifier,0,0,0.00010110911
01_knn,Distancia,XGBoost Classifier,1,1,0.9999989
01_knn,Distancia,XGBoost Classifier,0,0,0.00096026325
01_knn,Distancia,XGBoost Classifier,0,0,0.00028112586
01_knn,Distancia,XGBoost Classifier,0,0,0.0024546809
01_knn,Distancia,XGBoost Classifier,0,0,0.0026353549
01_knn,Distancia,XGBoost Classifier,0,0,0.034372076
01_knn,Distancia,XGBoost Classifier,0,0,0.00078420254
01_knn,Distancia,XGBoost Classifier,1,1,0.99995375
01_knn,Distancia,XGBoost Classifier,0,0,0.00033297166
01_knn,Distancia,XGBoost Classifier,1,1,0.9999926
01_knn,Distancia,XGBoost Classifier,1,1,0.99998367
01_knn,Distancia,XGBoost Classifier,0,0,0.000115993535
01_knn,Distancia,XGBoost Classifier,0,0,0.0067382012
01_knn,Distancia,XGBoost Classifier,0,0,0.007434978
01_knn,Distancia,XGBoost Classifier,0,0,9.948696e-05
01_knn,Distancia,XGBoost Classifier,0,0,6.7284777e-06
01_knn,Distancia,XGBoost Classifier,0,0,0.0026832523
01_knn,Distancia,XGBoost Classifier,0,0,0.00063484145
01_knn,Distancia,XGBoost Classifier,1,1,0.9999877
01_knn,Distancia,XGBoost Classifier,1,0,0.4238479
01_knn,Distancia,XGBoost Classifier,0,0,0.0013563804
01_knn,Distancia,XGBoost Classifier,0,0,0.0029413565
01_knn,Distancia,XGBoost Classifier,0,1,0.9831806
01_knn,Distancia,XGBoost Classifier,1,1,0.9999976
01_knn,Distancia,XGBoost Classifier,0,0,0.0022507173
01_knn,Distancia,XGBoost Classifier,0,0,0.00022562254
01_knn,Distancia,XGBoost Classifier,0,0,7.9640726e-05
01_knn,Distancia,XGBoost Classifier,0,0,0.008070076
01_knn,Distancia,XGBoost Classifier,1,1,0.999821
01_knn,Distancia,XGBoost Classifier,0,0,0.041674808
01_knn,Distancia,XGBoost Classifier,0,0,0.0042523975
01_knn,Distancia,XGBoost Classifier,0,0,0.00169603
01_knn,Distancia,XGBoost Classifier,1,1,0.9999999
01_knn,Distancia,XGBoost Classifier,1,1,0.9993099
01_knn,Distancia,XGBoost Classifier,1,1,0.9999958
01_knn,Distancia,XGBoost Classifier,0,0,0.002118384
01_knn,Distancia,XGBoost Classifier,0,0,6.562405e-06
01_knn,Distancia,XGBoost Classifier,0,0,0.020160267
01_knn,Distancia,XGBoost Classifier,0,0,0.00050644233
01_knn,Distancia,XGBoost Classifier,0,0,2.8639659e-05
01_knn,Distancia,XGBoost Classifier,0,0,7.2757e-05
01_knn,Distancia,XGBoost Classifier,1,1,0.999974
01_knn,Distancia,XGBoost Classifier,1,1,0.86395514
01_knn,Distancia,XGBoost Classifier,0,0,0.00014669949
01_knn,Distancia,XGBoost Classifier,0,0,0.010506824
01_knn,Distancia,XGBoost Classifier,0,0,0.0009899144
01_knn,Distancia,XGBoost Classifier,0,0,0.00018659244
01_knn,Distancia,XGBoost Classifier,1,1,0.98661345
01_knn,Distancia,XGBoost Classifier,0,0,0.04653673
01_knn,Distancia,XGBoost Classifier,0,0,3.457288e-06
01_knn,Distancia,XGBoost Classifier,1,0,0.102892995
01_knn,Distancia,XGBoost Classifier,0,0,0.00668908
01_knn,Distancia,XGBoost Classifier,0,0,4.6117104e-05
01_knn,Distancia,XGBoost Classifier,0,0,0.0008210439
01_knn,Distancia,XGBoost Classifier,1,1,0.99999523
01_knn,Distancia,XGBoost Classifier,0,0,0.0012255786
01_knn,Distancia,XGBoost Classifier,0,0,0.0013194719
01_knn,Distancia,XGBoost Classifier,0,0,0.005363072
01_knn,Distancia,XGBoost Classifier,1,1,0.99999595
01_knn,Distancia,XGBoost Classifier,1,1,0.9996332
01_knn,Distancia,XGBoost Classifier,0,0,0.11078329
01_knn,Distancia,XGBoost Classifier,0,0,0.0005310628
01_knn,Distancia,XGBoost Classifier,0,0,0.0017383868
01_knn,Distancia,XGBoost Classifier,1,1,0.99999356
01_knn,Distancia,XGBoost Classifier,0,0,0.00064244546
01_knn,Distancia,XGBoost Classifier,0,0,6.623987e-05
01_knn,Distancia,XGBoost Classifier,0,0,0.007979611
01_knn,Distancia,XGBoost Classifier,0,0,7.0292e-05
01_knn,Distancia,XGBoost Classifier,0,0,0.00055846636
01_knn,Distancia,XGBoost Classifier,0,0,6.2379295e-05
01_knn,Distancia,XGBoost Classifier,1,1,0.99897885
01_knn,Distancia,XGBoost Classifier,0,0,0.0025900358
01_knn,Distancia,XGBoost Classifier,0,0,0.00025234665
01_knn,Distancia,XGBoost Classifier,0,0,0.00030262553
01_knn,Distancia,XGBoost Classifier,1,1,0.9995598
01_knn,Distancia,XGBoost Classifier,0,0,5.9762465e-06
01_knn,Distancia,XGBoost Classifier,1,1,0.99999475
01_knn,Distancia,XGBoost Classifier,1,1,0.99999154
01_knn,Distancia,XGBoost Classifier,0,0,3.0220483e-05
01_knn,Distancia,XGBoost Classifier,0,0,1.632461e-05
01_knn,Distancia,XGBoost Classifier,0,0,0.00073725573
01_knn,Distancia,XGBoost Classifier,0,0,1.358971e-06
01_knn,Distancia,XGBoost Classifier,0,0,0.00042601713
01_knn,Distancia,XGBoost Classifier,0,0,1.7474973e-05
01_knn,Distancia,XGBoost Classifier,0,0,0.0003430641
01_knn,Distancia,XGBoost Classifier,0,0,0.00024208648
01_knn,Distancia,XGBoost Classifier,0,0,0.0012347079
01_knn,Distancia,XGBoost Classifier,0,0,0.01951738
01_knn,Distancia,XGBoost Classifier,0,0,0.0040425486
01_knn,Distancia,XGBoost Classifier,0,0,0.0017014747
01_knn,Distancia,XGBoost Classifier,0,0,0.0017848008
01_knn,Distancia,XGBoost Classifier,0,0,0.0008720031
01_knn,Distancia,XGBoost Classifier,0,0,0.0035363734
01_knn,Distancia,XGBoost Classifier,0,0,0.010712843
01_knn,Distancia,XGBoost Classifier,0,0,0.00068704993
01_knn,Distancia,XGBoost Classifier,1,1,0.9993787
01_knn,Distancia,XGBoost Classifier,0,0,0.00036527053
01_knn,Distancia,XGBoost Classifier,0,0,0.48348635
01_knn,Distancia,XGBoost Classifier,0,0,0.0042112824
01_knn,Distancia,XGBoost Classifier,0,0,0.01451646
01_knn,Distancia,XGBoost Classifier,0,0,3.7494407e-05
01_knn,Distancia,XGBoost Classifier,0,0,0.0010966997
01_knn,Distancia,XGBoost Classifier,0,0,0.0008203334
01_knn,Distancia,XGBoost Classifier,0,0,7.621817e-05
01_knn,Distancia,XGBoost Classifier,0,0,4.448881e-05
01_knn,Distancia,XGBoost Classifier,0,0,0.0035193742
01_knn,Distancia,XGBoost Classifier,0,0,0.00043173088
01_knn,Distancia,XGBoost Classifier,0,0,3.675499e-05
01_knn,Distancia,XGBoost Classifier,0,0,0.0055196034
01_knn,Distancia,XGBoost Classifier,0,0,0.00023316119
01_knn,Distancia,XGBoost Classifier,0,0,0.00050287665
01_knn,Distancia,XGBoost Classifier,0,0,3.770341e-05
01_knn,Distancia,XGBoost Classifier,0,0,0.0002770749
01_knn,Distancia,XGBoost Classifier,0,0,0.01510529
01_knn,Distancia,XGBoost Classifier,1,1,0.82582206
01_knn,Distancia,XGBoost Classifier,0,0,7.040403e-05
01_knn,Distancia,XGBoost Classifier,0,0,0.30674484
01_knn,Distancia,XGBoost Classifier,1,1,0.9992003
01_knn,Distancia,XGBoost Classifier,0,0,0.00016556702
01_knn,Distancia,XGBoost Classifier,0,0,7.96391e-06
01_knn,Distancia,XGBoost Classifier,0,0,0.00011483062
01_knn,Distancia,XGBoost Classifier,1,1,0.9999856
01_knn,Distancia,XGBoost Classifier,0,0,0.0009730954
01_knn,Distancia,XGBoost Classifier,0,0,0.017608974
01_knn,Distancia,XGBoost Classifier,0,0,0.00048541647
01_knn,Distancia,XGBoost Classifier,0,0,2.9180566e-05
01_knn,Distancia,XGBoost Classifier,1,1,0.99999464
01_knn,Distancia,XGBoost Classifier,0,0,1.9938168e-06
01_knn,Distancia,XGBoost Classifier,1,1,0.99841917
01_knn,Distancia,XGBoost Classifier,0,0,3.0755382e-05
01_knn,Distancia,XGBoost Classifier,0,0,0.00047518802
01_knn,Distancia,XGBoost Classifier,0,0,0.00018365757
01_knn,Distancia,XGBoost Classifier,0,0,0.001532771
01_knn,Distancia,XGBoost Classifier,0,0,0.048823953
01_knn,Distancia,XGBoost Classifier,1,1,0.99999535
01_knn,Distancia,XGBoost Classifier,1,1,0.96848565
01_knn,Distancia,XGBoost Classifier,0,0,6.120091e-05
01_knn,Distancia,XGBoost Classifier,1,1,0.9999769
01_knn,Distancia,XGBoost Classifier,0,0,0.041220736
01_knn,Distancia,XGBoost Classifier,1,1,0.9999962
01_knn,Distancia,XGBoost Classifier,0,0,0.0005457485
01_knn,Distancia,XGBoost Classifier,0,0,0.020859407
01_knn,Distancia,XGBoost Classifier,0,0,1.1504291e-05
01_knn,Distancia,XGBoost Classifier,0,0,2.9903115e-06
01_knn,Distancia,XGBoost Classifier,1,1,0.99997795
01_knn,Distancia,XGBoost Classifier,0,0,9.981165e-05
01_knn,Distancia,XGBoost Classifier,0,0,0.0024426244
01_knn,Distancia,XGBoost Classifier,0,0,9.934429e-05
01_knn,Distancia,XGBoost Classifier,0,0,0.0007781268
01_knn,Distancia,XGBoost Classifier,1,1,0.9999962
01_knn,Distancia,XGBoost Classifier,0,0,5.1870287e-05
01_knn,Distancia,XGBoost Classifier,1,1,0.9783311
01_knn,Distancia,XGBoost Classifier,1,1,0.90554905
01_knn,Distancia,XGBoost Classifier,1,1,0.9999989
01_knn,Distancia,XGBoost Classifier,1,1,0.9558323
01_knn,Distancia,XGBoost Classifier,0,0,0.0010475906
01_knn,Distancia,XGBoost Classifier,0,0,0.00013748057
01_knn,Distancia,XGBoost Classifier,0,0,0.000661513
01_knn,Distancia,XGBoost Classifier,0,0,0.03369898
01_knn,Distancia,XGBoost Classifier,0,0,0.0053131
01_knn,Distancia,XGBoost Classifier,0,0,0.005345748
01_knn,Distancia,XGBoost Classifier,1,1,0.99999464
01_knn,Distancia,XGBoost Classifier,1,1,0.9999943
01_knn,Distancia,XGBoost Classifier,1,0,0.030598227
01_knn,Distancia,XGBoost Classifier,1,1,0.9999753
01_knn,Distancia,XGBoost Classifier,0,0,2.2070055e-05
01_knn,Distancia,XGBoost Classifier,1,1,0.99360234
01_knn,Distancia,XGBoost Classifier,0,0,0.00013033385
01_knn,Distancia,XGBoost Classifier,0,0,0.00011537216
01_knn,Distancia,XGBoost Classifier,0,0,0.0002936563
01_knn,Distancia,XGBoost Classifier,0,0,0.013244029
01_knn,Distancia,XGBoost Classifier,1,1,0.9999515
01_knn,Distancia,XGBoost Classifier,0,0,0.0011840364
01_knn,Distancia,XGBoost Classifier,1,1,0.99999666
01_knn,Distancia,XGBoost Classifier,1,1,0.9999919
01_knn,Distancia,XGBoost Classifier,0,0,4.4222675e-06
01_knn,Distancia,XGBoost Classifier,0,0,7.1753184e-06
01_knn,Distancia,XGBoost Classifier,0,0,1.2560899e-05
01_knn,Distancia,XGBoost Classifier,0,0,0.007636896
01_knn,Distancia,XGBoost Classifier,0,0,0.03655217
01_knn,Distancia,XGBoost Classifier,0,0,0.0010825611
01_knn,Distancia,XGBoost Classifier,1,1,0.9999471
01_knn,Distancia,XGBoost Classifier,0,0,0.00052403734
01_knn,Distancia,XGBoost Classifier,0,0,9.5638825e-05
01_knn,Distancia,XGBoost Classifier,0,0,0.00018928539
01_knn,Distancia,XGBoost Classifier,0,0,4.9276896e-06
01_knn,Distancia,XGBoost Classifier,0,0,2.2759416e-05
01_knn,Distancia,XGBoost Classifier,0,0,0.0008233868
01_knn,Distancia,XGBoost Classifier,0,0,0.00035950931
01_knn,Distancia,XGBoost Classifier,0,0,0.00015207275
01_knn,Distancia,XGBoost Classifier,0,0,0.0007597904
01_knn,Distancia,XGBoost Classifier,0,0,0.005046786
01_knn,Distancia,XGBoost Classifier,1,1,0.9999951
01_knn,Distancia,XGBoost Classifier,0,0,0.0009917099
01_knn,Distancia,XGBoost Classifier,0,0,0.00021810934
01_knn,Distancia,XGBoost Classifier,0,0,0.0033359414
01_knn,Distancia,XGBoost Classifier,0,0,0.00010337708
01_knn,Distancia,XGBoost Classifier,0,0,0.005605242
01_knn,Distancia,XGBoost Classifier,1,1,0.6387979
01_knn,Distancia,XGBoost Classifier,0,0,0.0056006117
01_knn,Distancia,XGBoost Classifier,0,0,0.0033889231
01_knn,Distancia,XGBoost Classifier,0,0,2.8849498e-05
01_knn,Distancia,XGBoost Classifier,0,0,0.00013625716
01_knn,Distancia,XGBoost Classifier,0,0,0.009972091
01_knn,Distancia,XGBoost Classifier,0,0,0.012729281
01_knn,Distancia,XGBoost Classifier,1,1,0.99999964
01_knn,Distancia,XGBoost Classifier,0,0,0.37837264
01_knn,Distancia,XGBoost Classifier,0,0,0.001293115
01_knn,Distancia,XGBoost Classifier,0,0,0.00012554757
01_knn,Distancia,XGBoost Classifier,0,0,0.0069293724
01_knn,Distancia,XGBoost Classifier,0,0,0.00089039595
01_knn,Distancia,XGBoost Classifier,0,0,0.0022155514
01_knn,Distancia,XGBoost Classifier,0,0,6.317869e-05
01_knn,Distancia,XGBoost Classifier,0,0,2.9797884e-05
01_knn,Distancia,XGBoost Classifier,0,0,0.018929895
01_knn,Distancia,XGBoost Classifier,1,1,0.99997663
01_knn,Distancia,XGBoost Classifier,0,0,4.106947e-05
01_knn,Distancia,XGBoost Classifier,0,0,0.2935973
01_knn,Distancia,XGBoost Classifier,0,0,8.3485764e-05
01_knn,Distancia,XGBoost Classifier,0,0,1.9674184e-05
01_knn,Distancia,XGBoost Classifier,1,1,0.9985476
01_knn,Distancia,XGBoost Classifier,0,0,0.0021243962
01_knn,Distancia,XGBoost Classifier,0,0,5.111697e-05
01_knn,Distancia,XGBoost Classifier,0,0,0.0022755242
01_knn,Distancia,XGBoost Classifier,0,0,0.1605351
01_knn,Distancia,XGBoost Classifier,0,0,0.0002862222
01_knn,Distancia,XGBoost Classifier,0,0,7.1662507e-06
01_knn,Distancia,XGBoost Classifier,0,0,0.000332116
01_knn,Distancia,XGBoost Classifier,1,1,0.9999862
01_knn,Distancia,XGBoost Classifier,0,0,0.007388645
01_knn,Distancia,XGBoost Classifier,1,1,0.99955064
01_knn,Distancia,XGBoost Classifier,0,0,0.0006685536
01_knn,Distancia,XGBoost Classifier,0,0,0.002000675
01_knn,Distancia,XGBoost Classifier,0,0,2.4486248e-05
01_knn,Distancia,XGBoost Classifier,0,0,0.00032901185
01_knn,Distancia,XGBoost Classifier,1,1,0.8335394
01_knn,Distancia,XGBoost Classifier,0,0,0.00016856336
01_knn,Distancia,XGBoost Classifier,0,0,1.9595727e-05
01_knn,Distancia,XGBoost Classifier,0,0,0.0001504143
01_knn,Distancia,XGBoost Classifier,1,1,0.99989736
01_knn,Distancia,XGBoost Classifier,0,0,8.201585e-06
01_knn,Distancia,XGBoost Classifier,0,0,0.0046887314
01_knn,Distancia,XGBoost Classifier,0,0,0.013080452
01_knn,Distancia,XGBoost Classifier,1,1,0.9999918
01_knn,Distancia,XGBoost Classifier,0,0,0.0007761004
01_knn,Distancia,XGBoost Classifier,0,0,0.014020498
01_knn,Distancia,XGBoost Classifier,1,1,0.9999863
01_knn,Distancia,XGBoost Classifier,0,0,0.00011725307
01_knn,Distancia,XGBoost Classifier,0,0,7.24977e-05
01_knn,Distancia,XGBoost Classifier,0,0,0.0009320915
01_knn,Distancia,XGBoost Classifier,1,1,0.99993706
01_knn,Distancia,XGBoost Classifier,0,0,0.022500426
01_knn,Distancia,XGBoost Classifier,1,1,0.96620965
01_knn,Distancia,XGBoost Classifier,0,0,1.8209108e-05
01_knn,Distancia,XGBoost Classifier,0,0,0.0007703901
01_knn,Distancia,XGBoost Classifier,1,1,0.9711819
01_knn,Distancia,XGBoost Classifier,0,0,0.009021498
01_knn,Distancia,XGBoost Classifier,0,0,3.5089346e-05
01_knn,Distancia,XGBoost Classifier,1,1,0.99999785
01_knn,Distancia,XGBoost Classifier,0,0,0.0005957769
01_knn,Distancia,XGBoost Classifier,0,0,9.8370874e-05
01_knn,Distancia,XGBoost Classifier,0,0,0.00027594157
01_knn,Distancia,XGBoost Classifier,0,0,0.0089049125
01_knn,Distancia,XGBoost Classifier,1,1,0.9999846
01_knn,Distancia,XGBoost Classifier,0,0,5.570769e-05
01_knn,Distancia,XGBoost Classifier,0,0,0.0006641931
01_knn,Distancia,XGBoost Classifier,1,1,0.7335539
01_knn,Distancia,XGBoost Classifier,0,0,0.0001438301
01_knn,Distancia,XGBoost Classifier,0,0,0.0003412376
01_knn,Distancia,XGBoost Classifier,0,0,0.04067132
01_knn,Distancia,XGBoost Classifier,0,0,0.0001289712
01_knn,Distancia,XGBoost Classifier,1,1,0.99999464
01_knn,Distancia,XGBoost Classifier,0,0,1.3546812e-05
01_knn,Distancia,XGBoost Classifier,0,0,0.0010929103
01_knn,Distancia,XGBoost Classifier,0,0,0.00351686
01_knn,Distancia,XGBoost Classifier,0,0,0.00012115448
01_knn,Distancia,XGBoost Classifier,0,1,0.93935484
01_knn,Distancia,XGBoost Classifier,0,0,8.838978e-05
01_knn,Distancia,XGBoost Classifier,0,0,0.014272223
01_knn,Distancia,XGBoost Classifier,0,0,3.7265196e-05
01_knn,Distancia,XGBoost Classifier,0,0,0.0020620173
01_knn,Distancia,XGBoost Classifier,0,1,0.75016314
01_knn,Distancia,XGBoost Classifier,0,0,2.426245e-05
01_knn,Distancia,XGBoost Classifier,0,0,0.00027108224
01_knn,Distancia,XGBoost Classifier,0,0,0.0020839642
01_knn,Distancia,XGBoost Classifier,0,0,0.36227366
01_knn,Distancia,XGBoost Classifier,0,0,0.0061071985
01_knn,Distancia,XGBoost Classifier,0,0,0.00011585017
01_knn,Distancia,XGBoost Classifier,0,0,8.845774e-06
01_knn,Distancia,XGBoost Classifier,0,0,0.00040508213
01_knn,Distancia,XGBoost Classifier,0,0,3.6452628e-05
01_knn,Distancia,XGBoost Classifier,1,1,0.9410974
01_knn,Distancia,XGBoost Classifier,0,0,5.8038666e-05
01_knn,Distancia,XGBoost Classifier,0,0,5.008292e-06
01_knn,Distancia,XGBoost Classifier,0,0,0.0444523
01_knn,Distancia,XGBoost Classifier,0,0,7.659961e-05
01_knn,Distancia,XGBoost Classifier,0,0,2.2900256e-05
01_knn,Distancia,XGBoost Classifier,0,0,0.009730538
01_knn,Distancia,XGBoost Classifier,0,0,0.00023268283
01_knn,Distancia,XGBoost Classifier,0,0,0.39617336
01_knn,Distancia,XGBoost Classifier,0,0,0.00046270763
01_knn,Distancia,XGBoost Classifier,1,1,0.8883322
01_knn,Distancia,XGBoost Classifier,0,0,0.00014239004
01_knn,Distancia,XGBoost Classifier,0,0,1.378311e-05
01_knn,Distancia,XGBoost Classifier,0,0,0.000982555
01_knn,Distancia,XGBoost Classifier,0,0,0.00029086214
01_knn,Distancia,XGBoost Classifier,0,0,0.062170964
01_knn,Distancia,XGBoost Classifier,0,0,0.011444397
01_knn,Distancia,XGBoost Classifier,0,0,0.00018364444
01_knn,Distancia,XGBoost Classifier,0,0,0.0051002637
01_knn,Distancia,XGBoost Classifier,0,0,7.78645e-05
01_knn,Distancia,XGBoost Classifier,1,1,0.999987
01_knn,Distancia,XGBoost Classifier,0,0,4.9044975e-05
01_knn,Distancia,XGBoost Classifier,1,1,0.99994767
01_knn,Distancia,XGBoost Classifier,1,1,0.99999654
01_knn,Distancia,XGBoost Classifier,0,0,2.76784e-06
01_knn,Distancia,XGBoost Classifier,0,0,0.00045210615
01_knn,Distancia,XGBoost Classifier,1,1,0.99999774
01_knn,Distancia,XGBoost Classifier,0,0,0.39758554
01_knn,Distancia,XGBoost Classifier,1,1,0.9999969
01_knn,Distancia,XGBoost Classifier,0,0,0.009796537
01_knn,Distancia,XGBoost Classifier,0,0,2.1222135e-05
01_knn,Distancia,XGBoost Classifier,1,1,0.998816
01_knn,Distancia,XGBoost Classifier,0,0,0.0001510297
01_knn,Distancia,XGBoost Classifier,1,1,0.88882285
01_knn,Distancia,XGBoost Classifier,0,0,2.5076615e-05
01_knn,Distancia,XGBoost Classifier,0,0,0.00015411689
01_knn,Distancia,XGBoost Classifier,0,0,1.7452572e-05
01_knn,Distancia,XGBoost Classifier,1,1,0.999995
01_knn,Distancia,XGBoost Classifier,0,1,0.6780794
01_knn,Distancia,XGBoost Classifier,0,0,0.022458062
01_knn,Distancia,XGBoost Classifier,0,0,0.00038200268
01_knn,Distancia,XGBoost Classifier,0,0,1.6829295e-05
01_knn,Distancia,XGBoost Classifier,0,0,0.00055077876
01_knn,Distancia,XGBoost Classifier,0,0,0.014730884
01_knn,Distancia,XGBoost Classifier,1,0,0.049090438
01_knn,Distancia,XGBoost Classifier,0,0,1.26474915e-05
01_knn,Distancia,XGBoost Classifier,0,0,3.0787587e-06
01_knn,Distancia,XGBoost Classifier,0,0,0.0001977974
01_knn,Distancia,XGBoost Classifier,0,0,0.001549261
01_knn,Distancia,XGBoost Classifier,0,0,8.765107e-05
01_knn,Distancia,XGBoost Classifier,1,1,0.9036594
01_knn,Distancia,XGBoost Classifier,0,0,0.0011099565
01_knn,Distancia,XGBoost Classifier,0,0,0.4952961
01_knn,Distancia,XGBoost Classifier,0,0,0.00015092143
01_knn,Distancia,XGBoost Classifier,0,0,0.009251447
01_knn,Distancia,XGBoost Classifier,1,1,0.9999714
01_knn,Distancia,XGBoost Classifier,1,1,0.9999976
01_knn,Distancia,XGBoost Classifier,0,0,0.00034945342
01_knn,Distancia,XGBoost Classifier,0,0,2.7888895e-05
01_knn,Distancia,XGBoost Classifier,0,0,0.00041808106
01_knn,Distancia,XGBoost Classifier,0,0,9.283097e-05
01_knn,Distancia,XGBoost Classifier,1,1,0.9623956
01_knn,Distancia,XGBoost Classifier,1,1,0.99471104
01_knn,Distancia,XGBoost Classifier,1,1,0.9998511
01_knn,Distancia,XGBoost Classifier,0,0,0.00015272756
01_knn,Distancia,XGBoost Classifier,0,0,0.00019833657
01_knn,Distancia,XGBoost Classifier,0,0,5.827348e-05
01_knn,Distancia,XGBoost Classifier,0,0,0.006215611
01_knn,Distancia,XGBoost Classifier,0,0,0.0054610637
01_knn,Distancia,XGBoost Classifier,1,1,0.9999708
01_knn,Distancia,XGBoost Classifier,0,0,1.2707083e-05
01_knn,Distancia,XGBoost Classifier,0,0,0.08949473
01_knn,Distancia,XGBoost Classifier,0,0,0.0002172074
01_knn,Distancia,XGBoost Classifier,0,0,1.7794462e-05
01_knn,Distancia,XGBoost Classifier,0,0,0.07661953
01_knn,Distancia,XGBoost Classifier,1,1,0.99998593
01_knn,Distancia,XGBoost Classifier,0,0,1.281295e-05
01_knn,Distancia,XGBoost Classifier,0,0,0.0011883129
01_knn,Distancia,XGBoost Classifier,1,1,0.99999046
01_knn,Distancia,XGBoost Classifier,0,0,0.00011340067
01_knn,Distancia,XGBoost Classifier,0,0,0.0002793201
01_knn,Distancia,XGBoost Classifier,1,1,0.9836732
01_knn,Distancia,XGBoost Classifier,0,0,0.026421104
01_knn,Distancia,XGBoost Classifier,0,0,0.00041466596
01_knn,Distancia,XGBoost Classifier,1,1,0.9999949
01_knn,Distancia,XGBoost Classifier,0,0,4.6343663e-05
01_knn,Distancia,XGBoost Classifier,0,0,0.044491902
01_knn,Distancia,XGBoost Classifier,1,1,0.9465963
01_knn,Distancia,XGBoost Classifier,1,1,0.88901323
01_knn,Distancia,XGBoost Classifier,1,1,0.99901795
01_knn,Distancia,XGBoost Classifier,0,0,0.0017096049
01_knn,Distancia,XGBoost Classifier,0,0,0.0002121975
01_knn,Distancia,XGBoost Classifier,1,1,0.9999943
01_knn,Distancia,XGBoost Classifier,1,1,0.9999764
01_knn,Distancia,XGBoost Classifier,0,0,0.00042404822
01_knn,Distancia,XGBoost Classifier,1,1,0.99958104
01_knn,Distancia,XGBoost Classifier,0,0,2.5525827e-05
01_knn,Distancia,XGBoost Classifier,1,1,0.97220516
01_knn,Distancia,XGBoost Classifier,0,0,4.9967395e-05
01_knn,Distancia,XGBoost Classifier,1,1,0.999969
01_knn,Distancia,XGBoost Classifier,0,0,0.0010042733
01_knn,Distancia,XGBoost Classifier,0,0,0.0005377723
01_knn,Distancia,XGBoost Classifier,0,0,5.4364837e-06
01_knn,Distancia,XGBoost Classifier,0,0,6.7139736e-05
01_knn,Distancia,XGBoost Classifier,0,0,0.0063568596
01_knn,Distancia,XGBoost Classifier,1,1,0.9999826
01_knn,Distancia,XGBoost Classifier,0,0,0.0018580925
01_knn,Distancia,XGBoost Classifier,1,1,0.9999945
01_knn,Distancia,XGBoost Classifier,0,0,0.0006134097
01_knn,Distancia,XGBoost Classifier,0,0,0.00047125027
01_knn,Distancia,XGBoost Classifier,1,1,0.9826087
01_knn,Distancia,XGBoost Classifier,0,0,0.00733181
01_knn,Distancia,XGBoost Classifier,0,0,7.781165e-05
01_knn,Distancia,XGBoost Classifier,0,0,0.0050433297
01_knn,Distancia,XGBoost Classifier,0,0,0.0024111061
01_knn,Distancia,XGBoost Classifier,0,0,8.036924e-05
01_knn,Distancia,XGBoost Classifier,0,0,0.017870728
01_knn,Distancia,XGBoost Classifier,0,0,0.027140556
01_knn,Distancia,XGBoost Classifier,0,0,0.00045036065
01_knn,Distancia,XGBoost Classifier,1,1,0.99999785
01_knn,Distancia,XGBoost Classifier,0,0,6.3378546e-05
01_knn,Distancia,XGBoost Classifier,0,0,0.0011114109
01_knn,Distancia,XGBoost Classifier,1,1,0.9999976
01_knn,Distancia,XGBoost Classifier,0,0,2.6971074e-05
01_knn,Distancia,XGBoost Classifier,1,1,0.9995747
01_knn,Distancia,XGBoost Classifier,1,1,0.9999958
01_knn,Distancia,XGBoost Classifier,0,0,0.0010196354
01_knn,Distancia,XGBoost Classifier,1,0,0.018369213
01_knn,Distancia,XGBoost Classifier,0,0,0.00049803196
01_knn,Distancia,XGBoost Classifier,0,0,0.004359593
01_knn,Distancia,XGBoost Classifier,0,0,9.831545e-05
01_knn,Distancia,XGBoost Classifier,1,1,0.99999607
01_knn,Distancia,XGBoost Classifier,0,0,5.0717276e-06
01_knn,Distancia,XGBoost Classifier,0,0,0.00016528042
01_knn,Distancia,XGBoost Classifier,0,0,0.15944593
01_knn,Distancia,XGBoost Classifier,0,0,8.968575e-05
01_knn,Distancia,XGBoost Classifier,0,0,0.001301131
01_knn,Distancia,XGBoost Classifier,0,0,0.00061039365
01_knn,Distancia,XGBoost Classifier,0,0,0.020618577
01_knn,Distancia,XGBoost Classifier,0,0,2.5156976e-05
01_knn,Distancia,XGBoost Classifier,1,1,0.7599821
01_knn,Distancia,XGBoost Classifier,0,0,0.0052837194
01_knn,Distancia,XGBoost Classifier,0,0,0.0013796936
01_knn,Distancia,XGBoost Classifier,0,0,8.199607e-05
01_knn,Distancia,XGBoost Classifier,1,1,0.9999933
01_knn,Distancia,XGBoost Classifier,0,0,0.004090041
01_knn,Distancia,XGBoost Classifier,0,0,0.0038492116
01_knn,Distancia,XGBoost Classifier,0,0,0.003951179
01_knn,Distancia,XGBoost Classifier,1,1,0.9999865
01_knn,Distancia,XGBoost Classifier,0,0,0.012935783
01_knn,Distancia,XGBoost Classifier,0,0,0.0008261037
01_knn,Distancia,XGBoost Classifier,1,1,0.9998485
01_knn,Distancia,XGBoost Classifier,1,1,0.99868804
01_knn,Distancia,XGBoost Classifier,0,0,0.00037227836
01_knn,Distancia,XGBoost Classifier,1,1,0.999997
01_knn,Distancia,XGBoost Classifier,0,0,0.028162012
01_knn,Distancia,XGBoost Classifier,0,0,0.0005840988
01_knn,Distancia,XGBoost Classifier,1,1,0.9999939
01_knn,Distancia,XGBoost Classifier,0,0,8.975463e-05
01_knn,Distancia,XGBoost Classifier,1,1,0.9999949
01_knn,Distancia,XGBoost Classifier,1,1,0.99999
01_knn,Distancia,XGBoost Classifier,0,0,0.02253755
01_knn,Distancia,XGBoost Classifier,1,1,0.9997805
01_knn,Distancia,XGBoost Classifier,0,0,2.6235018e-06
01_knn,Distancia,XGBoost Classifier,0,0,2.7090684e-05
01_knn,Distancia,XGBoost Classifier,0,0,0.050044462
01_knn,Distancia,XGBoost Classifier,0,0,0.0013581152
01_knn,Distancia,XGBoost Classifier,0,0,0.0021686833
01_knn,Distancia,XGBoost Classifier,0,0,0.24858181
01_knn,Distancia,XGBoost Classifier,0,0,0.030679353
01_knn,Distancia,XGBoost Classifier,0,0,0.00010216951
01_knn,Distancia,XGBoost Classifier,0,0,7.966055e-05
01_knn,Distancia,XGBoost Classifier,0,0,0.044996656
01_knn,Distancia,XGBoost Classifier,0,0,5.052302e-06
01_knn,Distancia,XGBoost Classifier,0,0,0.17279077
01_knn,Distancia,XGBoost Classifier,0,0,4.383241e-05
01_knn,Distancia,XGBoost Classifier,0,0,0.021674126
01_knn,Distancia,XGBoost Classifier,1,1,0.9999956
01_knn,Distancia,XGBoost Classifier,0,0,0.00028712006
01_knn,Distancia,XGBoost Classifier,0,0,7.9904916e-05
01_knn,Distancia,XGBoost Classifier,0,0,0.00037000896
01_knn,Distancia,XGBoost Classifier,0,0,0.0009850289
01_knn,Distancia,XGBoost Classifier,1,1,0.9999831
01_knn,Distancia,XGBoost Classifier,0,0,1.171879e-05
01_knn,Distancia,XGBoost Classifier,0,0,0.0016724213
01_knn,Distancia,XGBoost Classifier,0,0,0.0013660203
01_knn,Distancia,XGBoost Classifier,0,0,1.3950075e-05
01_knn,Distancia,XGBoost Classifier,1,1,0.9999989
01_knn,Distancia,XGBoost Classifier,0,0,0.017766222
01_knn,Distancia,XGBoost Classifier,0,0,0.0031211239
01_knn,Distancia,XGBoost Classifier,0,0,0.00013184432
01_knn,Distancia,XGBoost Classifier,0,0,0.016940353
01_knn,Distancia,XGBoost Classifier,0,0,0.0016844894
01_knn,Distancia,XGBoost Classifier,0,0,0.00272053
01_knn,Distancia,XGBoost Classifier,0,0,3.2204218e-05
01_knn,Distancia,XGBoost Classifier,1,1,0.99999475
01_knn,Distancia,XGBoost Classifier,0,0,0.00052969955
01_knn,Distancia,XGBoost Classifier,0,0,0.00011211986
01_knn,Distancia,XGBoost Classifier,0,0,0.02902235
01_knn,Distancia,XGBoost Classifier,0,0,0.00010734465
01_knn,Distancia,XGBoost Classifier,0,0,0.001374095
01_knn,Distancia,XGBoost Classifier,0,0,2.3098666e-05
01_knn,Distancia,XGBoost Classifier,1,1,0.9996063
01_knn,Distancia,XGBoost Classifier,1,1,0.99999917
01_knn,Distancia,XGBoost Classifier,0,0,0.15290125
01_knn,Distancia,XGBoost Classifier,1,1,0.99940825
01_knn,Distancia,XGBoost Classifier,0,0,0.00013008936
01_knn,Distancia,XGBoost Classifier,1,1,0.9958478
01_knn,Distancia,XGBoost Classifier,1,1,0.9999367
01_knn,Distancia,XGBoost Classifier,0,0,4.8225233e-05
01_knn,Distancia,XGBoost Classifier,1,0,0.48677284
01_knn,Distancia,XGBoost Classifier,0,0,1.2309087e-05
01_knn,Distancia,XGBoost Classifier,0,0,1.3353565e-06
01_knn,Distancia,XGBoost Classifier,1,1,0.99999166
01_knn,Distancia,XGBoost Classifier,0,0,4.4574892e-05
01_knn,Distancia,XGBoost Classifier,1,1,0.9999945
01_knn,Distancia,XGBoost Classifier,0,0,0.0009538566
01_knn,Distancia,XGBoost Classifier,0,0,0.0042975205
01_knn,Distancia,XGBoost Classifier,0,0,2.958487e-05
01_knn,Distancia,XGBoost Classifier,0,0,9.519707e-05
01_knn,Distancia,XGBoost Classifier,0,0,0.00017386513
01_knn,Distancia,XGBoost Classifier,1,1,0.9999962
01_knn,Distancia,XGBoost Classifier,0,0,0.00031176105
01_knn,Distancia,XGBoost Classifier,0,0,6.314442e-05
01_knn,Distancia,XGBoost Classifier,0,0,0.0041684704
01_knn,Distancia,XGBoost Classifier,0,0,0.0007396885
01_knn,Distancia,XGBoost Classifier,0,0,0.0046541863
01_knn,Distancia,XGBoost Classifier,0,0,0.00016637382
01_knn,Distancia,XGBoost Classifier,0,0,1.0033787e-05
01_knn,Distancia,XGBoost Classifier,0,0,0.04790506
01_knn,Distancia,XGBoost Classifier,1,1,0.99961674
01_knn,Distancia,XGBoost Classifier,1,1,0.9999902
01_knn,Distancia,XGBoost Classifier,0,0,0.00068407686
01_knn,Distancia,XGBoost Classifier,0,0,0.00041484035
01_knn,Distancia,XGBoost Classifier,0,0,0.0010459248
01_knn,Distancia,XGBoost Classifier,0,0,3.6747384e-05
01_knn,Distancia,XGBoost Classifier,0,0,0.0006401968
01_knn,Distancia,XGBoost Classifier,0,0,0.00041412955
01_knn,Distancia,XGBoost Classifier,1,1,0.9999168
01_knn,Distancia,XGBoost Classifier,0,0,3.5668018e-05
01_knn,Distancia,XGBoost Classifier,0,0,0.00068285485
01_knn,Distancia,XGBoost Classifier,0,0,0.010985373
01_knn,Distancia,XGBoost Classifier,0,0,0.00031277235
01_knn,Distancia,XGBoost Classifier,0,0,0.00048040185
01_knn,Distancia,XGBoost Classifier,1,1,0.98838425
01_knn,Distancia,XGBoost Classifier,0,0,0.0053145667
01_knn,Distancia,XGBoost Classifier,0,0,0.08056271
01_knn,Distancia,XGBoost Classifier,0,0,5.6304627e-05
01_knn,Distancia,XGBoost Classifier,0,0,0.0038400658
01_knn,Distancia,XGBoost Classifier,0,0,0.00045634765
01_knn,Distancia,XGBoost Classifier,0,0,0.015147207
01_knn,Distancia,XGBoost Classifier,0,0,0.00081885885
01_knn,Distancia,XGBoost Classifier,0,0,8.410904e-06
01_knn,Distancia,XGBoost Classifier,0,0,0.002607315
01_knn,Distancia,XGBoost Classifier,0,0,6.985105e-05
01_knn,Distancia,XGBoost Classifier,0,0,0.0012167136
01_knn,Distancia,XGBoost Classifier,0,0,3.9600127e-05
01_knn,Distancia,XGBoost Classifier,0,0,1.8771125e-05
01_knn,Distancia,XGBoost Classifier,0,0,0.0009417501
01_knn,Distancia,XGBoost Classifier,1,0,0.20684938
01_knn,Distancia,XGBoost Classifier,0,0,0.0011163317
01_knn,Distancia,XGBoost Classifier,0,0,0.0030201972
01_knn,Distancia,XGBoost Classifier,1,1,0.9999981
01_knn,Distancia,XGBoost Classifier,0,0,0.005103144
01_knn,Distancia,XGBoost Classifier,0,0,0.00042848568
01_knn,Distancia,XGBoost Classifier,0,0,0.035776757
01_knn,Distancia,XGBoost Classifier,0,0,0.0025942777
01_knn,Distancia,XGBoost Classifier,1,1,0.99598557
01_knn,Distancia,XGBoost Classifier,0,0,9.645097e-06
01_knn,Distancia,XGBoost Classifier,0,0,0.00013130109
01_knn,Distancia,XGBoost Classifier,0,0,0.00024458772
01_knn,Distancia,XGBoost Classifier,0,0,0.00046494172
01_knn,Distancia,XGBoost Classifier,0,0,5.1312185e-05
01_knn,Distancia,XGBoost Classifier,0,1,0.9225274
01_knn,Distancia,XGBoost Classifier,0,0,0.0008245116
01_knn,Distancia,XGBoost Classifier,0,0,0.0001881383
01_knn,Distancia,XGBoost Classifier,0,0,8.368882e-06
01_knn,Distancia,XGBoost Classifier,0,0,0.0012791253
01_knn,Distancia,XGBoost Classifier,0,0,6.5583106e-07
01_knn,Distancia,XGBoost Classifier,0,1,0.552699
01_knn,Distancia,XGBoost Classifier,1,0,0.048756447
01_knn,Distancia,XGBoost Classifier,0,0,0.004029583
01_knn,Distancia,XGBoost Classifier,1,1,0.96096915
01_knn,Distancia,XGBoost Classifier,0,0,2.5306814e-05
01_knn,Distancia,XGBoost Classifier,1,1,0.9999337
01_knn,Distancia,XGBoost Classifier,0,0,0.00022445574
01_knn,Distancia,XGBoost Classifier,0,0,9.2040835e-05
01_knn,Distancia,XGBoost Classifier,0,0,2.7793683e-05
01_knn,Distancia,XGBoost Classifier,1,1,0.99999607
01_knn,Distancia,XGBoost Classifier,0,0,1.5034911e-05
01_knn,Distancia,XGBoost Classifier,0,0,7.474844e-05
01_knn,Distancia,XGBoost Classifier,0,0,4.092985e-05
01_knn,Distancia,XGBoost Classifier,0,0,9.138533e-06
01_knn,Distancia,XGBoost Classifier,1,1,0.9998548
01_knn,Distancia,XGBoost Classifier,1,0,0.2084331
01_knn,Distancia,XGBoost Classifier,0,0,0.019928113
01_knn,Distancia,XGBoost Classifier,0,0,7.199011e-05
01_knn,Distancia,XGBoost Classifier,0,0,0.069621265
01_knn,Distancia,XGBoost Classifier,0,0,0.00692538
01_knn,Distancia,XGBoost Classifier,0,0,0.00032990164
01_knn,Distancia,XGBoost Classifier,1,1,0.99988496
01_knn,Distancia,XGBoost Classifier,0,0,0.0008089273
01_knn,Distancia,XGBoost Classifier,0,0,0.00016873013
01_knn,Distancia,XGBoost Classifier,0,0,0.0042156824
01_knn,Distancia,XGBoost Classifier,1,1,0.9999924
01_knn,Distancia,XGBoost Classifier,0,0,0.0026745638
01_knn,Distancia,XGBoost Classifier,1,1,0.9968539
01_knn,Distancia,XGBoost Classifier,0,0,0.00017706226
01_knn,Distancia,XGBoost Classifier,0,0,0.0006446455
01_knn,Distancia,XGBoost Classifier,0,0,0.0020221802
01_knn,Distancia,XGBoost Classifier,0,0,6.496482e-05
01_knn,Distancia,XGBoost Classifier,1,1,0.9999845
01_knn,Distancia,XGBoost Classifier,0,0,0.0038817727
01_knn,Distancia,XGBoost Classifier,0,0,4.308137e-05
01_knn,Distancia,XGBoost Classifier,0,0,1.8268489e-05
01_knn,Distancia,XGBoost Classifier,0,0,9.558786e-05
01_knn,Distancia,XGBoost Classifier,0,0,0.00020065682
01_knn,Distancia,XGBoost Classifier,0,0,0.00024824287
01_knn,Distancia,XGBoost Classifier,0,0,0.00016965112
01_knn,Distancia,XGBoost Classifier,0,0,0.0014126753
01_knn,Distancia,XGBoost Classifier,0,0,3.152319e-05
01_knn,Distancia,XGBoost Classifier,0,0,0.00012203918
01_knn,Distancia,XGBoost Classifier,0,0,0.00036277936
01_knn,Distancia,XGBoost Classifier,0,0,4.7259287e-05
01_knn,Distancia,XGBoost Classifier,0,0,9.2634036e-05
01_knn,Distancia,XGBoost Classifier,0,0,0.0030280466
01_knn,Distancia,XGBoost Classifier,0,0,0.00088952715
01_knn,Distancia,XGBoost Classifier,0,0,6.463601e-05
01_knn,Distancia,XGBoost Classifier,0,0,0.13111702
01_knn,Distancia,XGBoost Classifier,1,1,0.6072867
01_knn,Distancia,XGBoost Classifier,1,1,0.9999958
01_knn,Distancia,XGBoost Classifier,0,0,0.0038917642
01_knn,Distancia,XGBoost Classifier,1,1,0.9999862
01_knn,Distancia,XGBoost Classifier,1,1,0.9999956
01_knn,Distancia,XGBoost Classifier,0,0,1.8921972e-05
01_knn,Distancia,XGBoost Classifier,0,0,4.5420515e-05
01_knn,Distancia,XGBoost Classifier,0,0,0.0014079403
01_knn,Distancia,XGBoost Classifier,0,0,0.0027335966
01_knn,Distancia,XGBoost Classifier,0,0,2.1214282e-05
01_knn,Distancia,XGBoost Classifier,1,1,0.999972
01_knn,Distancia,XGBoost Classifier,0,0,0.031469297
01_knn,Distancia,XGBoost Classifier,0,0,0.0009805583
01_knn,Distancia,XGBoost Classifier,0,0,0.00047431525
01_knn,Distancia,XGBoost Classifier,1,1,0.99988055
01_knn,Distancia,XGBoost Classifier,0,0,0.07477439
01_knn,Distancia,XGBoost Classifier,0,0,0.0028337515
01_knn,Distancia,XGBoost Classifier,0,0,3.290595e-05
01_knn,Distancia,XGBoost Classifier,0,0,0.0004528672
01_knn,Distancia,XGBoost Classifier,0,0,0.0034157806
01_knn,Distancia,XGBoost Classifier,0,0,0.010148847
01_knn,Distancia,XGBoost Classifier,0,0,0.00039061302
01_knn,Distancia,XGBoost Classifier,1,1,0.99999034
01_knn,Distancia,XGBoost Classifier,1,1,0.9999889
01_knn,Distancia,XGBoost Classifier,1,1,0.9998764
01_knn,Distancia,XGBoost Classifier,0,0,9.719759e-05
01_knn,Distancia,XGBoost Classifier,0,0,8.387355e-06
01_knn,Distancia,XGBoost Classifier,0,0,0.0016813099
01_knn,Distancia,XGBoost Classifier,0,0,6.106671e-05
01_knn,Distancia,XGBoost Classifier,0,0,0.0025345
01_knn,Distancia,XGBoost Classifier,0,0,0.0059984648
01_knn,Distancia,XGBoost Classifier,0,0,0.13530564
01_knn,Distancia,XGBoost Classifier,1,0,0.0022120052
01_knn,Distancia,XGBoost Classifier,1,1,0.99998724
01_knn,Distancia,XGBoost Classifier,0,0,3.1242973e-05
01_knn,Distancia,XGBoost Classifier,1,1,0.9999994
01_knn,Distancia,XGBoost Classifier,0,0,4.0108152e-05
01_knn,Distancia,XGBoost Classifier,0,0,0.00039130045
01_knn,Distancia,XGBoost Classifier,1,1,0.99998486
01_knn,Distancia,XGBoost Classifier,0,0,2.6067099e-05
01_knn,Distancia,XGBoost Classifier,0,0,0.021509701
01_knn,Distancia,XGBoost Classifier,0,0,0.0014738552
01_knn,Distancia,XGBoost Classifier,0,0,0.00044236582
01_knn,Distancia,XGBoost Classifier,0,0,0.0001540026
01_knn,Distancia,XGBoost Classifier,0,0,0.00862541
01_knn,Distancia,XGBoost Classifier,1,1,0.99999857
01_knn,Distancia,XGBoost Classifier,0,0,0.002022955
01_knn,Distancia,XGBoost Classifier,0,0,0.0051469747
01_knn,Distancia,XGBoost Classifier,0,0,0.000106908046
01_knn,Distancia,XGBoost Classifier,0,0,0.00022408644
01_knn,Distancia,XGBoost Classifier,0,0,0.0104930755
01_knn,Distancia,XGBoost Classifier,1,1,0.93309915
01_knn,Distancia,XGBoost Classifier,0,0,7.298813e-05
01_knn,Distancia,XGBoost Classifier,0,0,0.00020428417
01_knn,Distancia,XGBoost Classifier,0,0,0.18823878
01_knn,Distancia,XGBoost Classifier,0,0,0.0020369824
01_knn,Distancia,XGBoost Classifier,0,0,0.00022500107
01_knn,Distancia,XGBoost Classifier,0,0,0.00017476831
01_knn,Distancia,XGBoost Classifier,0,0,0.025524933
01_knn,Distancia,XGBoost Classifier,0,0,0.00010206834
01_knn,Distancia,XGBoost Classifier,1,1,0.99999106
01_knn,Distancia,XGBoost Classifier,0,0,2.212377e-05
01_knn,Distancia,XGBoost Classifier,1,1,0.99944884
01_knn,Distancia,XGBoost Classifier,0,0,4.965616e-05
01_knn,Distancia,XGBoost Classifier,0,0,9.574413e-05
01_knn,Distancia,XGBoost Classifier,0,0,0.11965542
01_knn,Distancia,XGBoost Classifier,0,0,0.0015569505
01_knn,Distancia,XGBoost Classifier,0,0,0.00010401328
01_knn,Distancia,XGBoost Classifier,0,0,9.271251e-06
01_knn,Distancia,XGBoost Classifier,1,1,0.99999464
01_knn,Distancia,XGBoost Classifier,0,0,0.032336403
01_knn,Distancia,XGBoost Classifier,0,0,0.00025420898
01_knn,Distancia,XGBoost Classifier,0,0,3.1181567e-05
01_knn,Distancia,XGBoost Classifier,0,0,0.00052810647
01_knn,Distancia,XGBoost Classifier,1,1,0.99958044
01_knn,Distancia,XGBoost Classifier,0,0,0.0044809463
01_knn,Distancia,XGBoost Classifier,0,0,0.00016048168
01_knn,Distancia,XGBoost Classifier,0,0,0.0011694161
01_knn,Distancia,XGBoost Classifier,0,0,0.00015271432
01_knn,Distancia,XGBoost Classifier,0,0,0.0007177732
01_knn,Distancia,XGBoost Classifier,0,0,0.00020284497
01_knn,Distancia,XGBoost Classifier,0,0,0.0002778746
01_knn,Distancia,XGBoost Classifier,0,0,9.038528e-06
01_knn,Distancia,XGBoost Classifier,0,0,0.015107254
01_knn,Distancia,XGBoost Classifier,0,0,7.5406315e-05
01_knn,Distancia,XGBoost Classifier,0,0,0.00021943137
01_knn,Distancia,XGBoost Classifier,0,0,0.004258362
01_knn,Distancia,XGBoost Classifier,0,0,0.002380497
01_knn,Distancia,XGBoost Classifier,0,0,0.00011145767
01_knn,Distancia,XGBoost Classifier,0,0,2.0889356e-05
01_knn,Distancia,XGBoost Classifier,0,1,0.96940416
01_knn,Distancia,XGBoost Classifier,0,0,0.00014761408
01_knn,Distancia,XGBoost Classifier,0,0,2.2584002e-06
01_knn,Distancia,XGBoost Classifier,0,0,0.0001254425
01_knn,Distancia,XGBoost Classifier,0,0,3.7297716e-06
01_knn,Distancia,XGBoost Classifier,0,0,0.00598409
01_knn,Distancia,XGBoost Classifier,0,0,9.447631e-05
01_knn,Distancia,XGBoost Classifier,0,0,0.0050777
01_knn,Distancia,XGBoost Classifier,0,0,0.0028062314
01_knn,Distancia,XGBoost Classifier,0,0,4.307394e-06
01_knn,Distancia,XGBoost Classifier,0,0,6.7912515e-05
01_knn,Distancia,XGBoost Classifier,0,0,0.0002756234
01_knn,Distancia,XGBoost Classifier,0,0,0.02247417
01_knn,Distancia,XGBoost Classifier,0,0,0.012501927
01_knn,Distancia,XGBoost Classifier,0,0,4.326541e-05
01_knn,Distancia,XGBoost Classifier,0,0,1.2605876e-05
01_knn,Distancia,XGBoost Classifier,0,0,0.00040519235
01_knn,Distancia,XGBoost Classifier,0,0,9.452019e-05
01_knn,Distancia,XGBoost Classifier,1,1,0.9997433
01_knn,Distancia,XGBoost Classifier,1,1,0.99994993
01_knn,Distancia,XGBoost Classifier,0,0,0.00019867519
01_knn,Distancia,XGBoost Classifier,0,0,0.00061456533
01_knn,Distancia,XGBoost Classifier,0,0,0.00028284703
01_knn,Distancia,XGBoost Classifier,0,0,0.00013187676
01_knn,Distancia,XGBoost Classifier,1,1,0.99330974
01_knn,Distancia,XGBoost Classifier,1,1,0.9996357
01_knn,Distancia,XGBoost Classifier,0,0,3.7601003e-05
01_knn,Distancia,XGBoost Classifier,0,0,4.249677e-05
01_knn,Distancia,XGBoost Classifier,0,0,0.007496182
01_knn,Distancia,XGBoost Classifier,0,0,8.631293e-06
01_knn,Distancia,XGBoost Classifier,0,0,0.002684844
01_knn,Distancia,XGBoost Classifier,0,0,0.00081675797
01_knn,Distancia,XGBoost Classifier,0,0,0.010936905
01_knn,Distancia,XGBoost Classifier,1,1,0.99985147
01_knn,Distancia,XGBoost Classifier,0,0,3.3128184e-05
01_knn,Distancia,XGBoost Classifier,0,0,0.001708243
01_knn,Distancia,XGBoost Classifier,0,0,0.0060194265
01_knn,Distancia,XGBoost Classifier,1,1,0.7479677
01_knn,Distancia,XGBoost Classifier,1,1,0.75618386
01_knn,Distancia,XGBoost Classifier,0,0,0.001716483
01_knn,Distancia,XGBoost Classifier,0,0,0.00019241105
01_knn,Distancia,XGBoost Classifier,0,0,3.1654712e-05
01_knn,Distancia,XGBoost Classifier,0,0,9.333086e-05
01_knn,Distancia,XGBoost Classifier,1,1,0.9999893
01_knn,Distancia,XGBoost Classifier,1,1,0.99996614
01_knn,Distancia,XGBoost Classifier,0,0,0.024649553
01_knn,Distancia,XGBoost Classifier,0,0,0.010695302
01_knn,Distancia,XGBoost Classifier,0,0,0.0013996576
01_knn,Distancia,XGBoost Classifier,0,0,0.0065726754
01_knn,Distancia,XGBoost Classifier,0,0,5.7473524e-05
01_knn,Distancia,XGBoost Classifier,1,1,0.6991328
01_knn,Distancia,XGBoost Classifier,0,0,0.0002462514
01_knn,Distancia,XGBoost Classifier,0,0,8.969405e-05
01_knn,Distancia,XGBoost Classifier,0,0,7.964723e-06
01_knn,Distancia,XGBoost Classifier,0,0,0.0017257129
01_knn,Distancia,XGBoost Classifier,0,0,7.595957e-05
01_knn,Distancia,XGBoost Classifier,0,0,1.4442072e-05
01_knn,Distancia,XGBoost Classifier,0,0,8.152954e-06
01_knn,Distancia,XGBoost Classifier,0,0,0.00017609682
01_knn,Distancia,XGBoost Classifier,1,1,0.9999212
01_knn,Distancia,XGBoost Classifier,0,0,0.046959486
01_knn,Distancia,XGBoost Classifier,1,1,0.9999808
01_knn,Distancia,XGBoost Classifier,1,1,0.9998728
01_knn,Distancia,XGBoost Classifier,0,0,6.874989e-05
01_knn,Distancia,XGBoost Classifier,0,0,0.0002840328
01_knn,Distancia,XGBoost Classifier,0,0,0.0010050543
01_knn,Distancia,XGBoost Classifier,0,0,0.024501206
01_knn,Distancia,XGBoost Classifier,1,1,0.9999809
01_knn,Distancia,XGBoost Classifier,0,1,0.62832975
01_knn,Distancia,XGBoost Classifier,1,1,0.99995935
01_knn,Distancia,XGBoost Classifier,1,1,0.956085
01_knn,Distancia,XGBoost Classifier,0,0,0.00031208814
01_knn,Distancia,XGBoost Classifier,0,0,0.0014153719
01_knn,Distancia,XGBoost Classifier,0,0,0.025972618
01_knn,Distancia,XGBoost Classifier,1,1,0.9999789
01_knn,Distancia,XGBoost Classifier,0,0,0.00016722137
01_knn,Distancia,XGBoost Classifier,0,0,7.766561e-05
01_knn,Distancia,XGBoost Classifier,0,0,0.0010272025
01_knn,Distancia,XGBoost Classifier,0,0,0.0012169627
01_knn,Distancia,XGBoost Classifier,0,0,0.0019244849
01_knn,Distancia,XGBoost Classifier,0,0,0.0009818858
01_knn,Distancia,XGBoost Classifier,0,0,0.011730806
01_knn,Distancia,XGBoost Classifier,0,0,0.0004222822
01_knn,Distancia,XGBoost Classifier,0,0,0.0004919345
01_knn,Distancia,XGBoost Classifier,0,0,0.00038254328
01_knn,Distancia,XGBoost Classifier,0,0,0.0035035268
01_knn,Distancia,XGBoost Classifier,1,1,0.99999905
01_knn,Distancia,XGBoost Classifier,0,0,3.3387463e-05
01_knn,Distancia,XGBoost Classifier,0,0,4.4041986e-05
01_knn,Distancia,XGBoost Classifier,1,1,0.99996746
01_knn,Distancia,XGBoost Classifier,0,0,0.00080829766
01_knn,Distancia,XGBoost Classifier,0,0,5.665283e-05
01_knn,Distancia,XGBoost Classifier,0,0,1.0753613e-05
01_knn,Distancia,XGBoost Classifier,0,0,0.0017795871
01_knn,Distancia,XGBoost Classifier,0,0,0.0025503847
01_knn,Distancia,XGBoost Classifier,0,0,1.29042955e-05
01_knn,Distancia,XGBoost Classifier,0,0,1.8410487e-05
01_knn,Distancia,XGBoost Classifier,0,0,3.6065292e-05
01_knn,Distancia,XGBoost Classifier,0,0,1.2744596e-05
01_knn,Distancia,XGBoost Classifier,0,0,4.2110936e-05
01_knn,Distancia,XGBoost Classifier,0,0,0.02664803
01_knn,Distancia,XGBoost Classifier,1,1,0.9999808
01_knn,Distancia,XGBoost Classifier,0,0,0.0003943346
01_knn,Distancia,XGBoost Classifier,1,1,0.99999285
01_knn,Distancia,XGBoost Classifier,1,1,0.9479052
01_knn,Distancia,XGBoost Classifier,0,0,0.0015499376
01_knn,Distancia,XGBoost Classifier,1,1,0.99999225
01_knn,Distancia,XGBoost Classifier,0,0,5.6464003e-05
01_knn,Distancia,XGBoost Classifier,0,0,0.000111868154
01_knn,Distancia,XGBoost Classifier,0,0,0.0010489678
01_knn,Distancia,XGBoost Classifier,0,0,0.0020728812
01_knn,Distancia,XGBoost Classifier,0,0,0.0031415368
01_knn,Distancia,XGBoost Classifier,0,0,1.8000557e-05
01_knn,Distancia,XGBoost Classifier,0,0,3.0134113e-06
01_knn,Distancia,XGBoost Classifier,0,0,5.3582867e-06
01_knn,Distancia,XGBoost Classifier,0,0,0.00038433
01_knn,Distancia,XGBoost Classifier,1,1,0.99558604
01_knn,Distancia,XGBoost Classifier,0,0,0.0015339201
01_knn,Distancia,XGBoost Classifier,0,0,0.00029167635
01_knn,Distancia,XGBoost Classifier,0,0,0.068219714
01_knn,Distancia,XGBoost Classifier,0,0,8.827421e-05
01_knn,Distancia,XGBoost Classifier,0,0,0.00019707921
01_knn,Distancia,XGBoost Classifier,1,1,0.99999356
01_knn,Distancia,XGBoost Classifier,1,1,0.97315764
01_knn,Distancia,XGBoost Classifier,0,0,0.00010764601
01_knn,Distancia,XGBoost Classifier,0,0,0.00067957403
01_knn,Distancia,XGBoost Classifier,0,0,0.047673736
01_knn,Distancia,XGBoost Classifier,1,1,0.99998844
01_knn,Distancia,XGBoost Classifier,0,0,0.00037927844
01_knn,Distancia,XGBoost Classifier,0,0,0.0152234025
01_knn,Distancia,XGBoost Classifier,1,1,0.9999919
01_knn,Distancia,XGBoost Classifier,0,0,0.015817367
01_knn,Distancia,XGBoost Classifier,0,0,0.11045094
01_knn,Distancia,XGBoost Classifier,0,0,9.6258154e-05
01_knn,Distancia,XGBoost Classifier,0,0,0.00010673875
01_knn,Distancia,XGBoost Classifier,0,0,0.21615852
01_knn,Distancia,XGBoost Classifier,0,0,4.4450895e-05
01_knn,Distancia,XGBoost Classifier,0,0,0.00043813977
01_knn,Distancia,XGBoost Classifier,0,0,0.000119906326
01_knn,Distancia,XGBoost Classifier,0,0,0.0021942663
01_knn,Distancia,XGBoost Classifier,0,0,3.8288763e-05
01_knn,Distancia,XGBoost Classifier,0,0,0.01194573
01_knn,Distancia,XGBoost Classifier,0,0,0.00019728507
01_knn,Distancia,XGBoost Classifier,0,0,0.00025675882
01_knn,Distancia,XGBoost Classifier,0,0,0.0007280098
01_knn,Distancia,XGBoost Classifier,0,0,2.9808001e-05
01_knn,Distancia,XGBoost Classifier,0,0,0.00025218216
01_knn,Distancia,XGBoost Classifier,0,0,0.0009542556
01_knn,Distancia,XGBoost Classifier,0,0,0.00021212084
01_knn,Distancia,XGBoost Classifier,0,0,0.00023716039
01_knn,Distancia,XGBoost Classifier,0,0,0.0010048782
01_knn,Distancia,XGBoost Classifier,0,0,6.7742214e-05
01_knn,Distancia,XGBoost Classifier,1,1,0.9999311
01_knn,Distancia,XGBoost Classifier,0,0,4.526157e-05
01_knn,Distancia,XGBoost Classifier,0,0,0.13938676
01_knn,Distancia,XGBoost Classifier,0,0,0.039961692
01_knn,Distancia,XGBoost Classifier,0,0,8.04336e-06
01_knn,Distancia,XGBoost Classifier,0,0,0.0009850876
01_knn,Distancia,XGBoost Classifier,0,0,3.8120117e-05
01_knn,Distancia,XGBoost Classifier,0,0,0.00021711072
01_knn,Distancia,XGBoost Classifier,0,0,0.00016540624
01_knn,Distancia,XGBoost Classifier,0,1,0.8668663
01_knn,Distancia,XGBoost Classifier,0,0,1.9027866e-05
01_knn,Distancia,XGBoost Classifier,0,0,0.00031234027
01_knn,Distancia,XGBoost Classifier,1,1,0.99970776
01_knn,Distancia,XGBoost Classifier,1,1,0.99996686
01_knn,Distancia,XGBoost Classifier,0,0,0.0017251594
01_knn,Distancia,XGBoost Classifier,0,0,0.00038114676
01_knn,Distancia,XGBoost Classifier,0,0,0.06854407
01_knn,Distancia,XGBoost Classifier,0,0,1.8426066e-05
01_knn,Distancia,XGBoost Classifier,0,0,9.373803e-05
01_knn,Distancia,XGBoost Classifier,0,0,3.1836462e-06
01_knn,Distancia,XGBoost Classifier,0,0,0.0005194472
01_knn,Distancia,XGBoost Classifier,0,0,5.192978e-05
01_knn,Distancia,XGBoost Classifier,1,1,0.99950266
01_knn,Distancia,XGBoost Classifier,0,0,0.009247125
01_knn,Distancia,XGBoost Classifier,0,0,0.0068300134
01_knn,Distancia,XGBoost Classifier,0,0,0.000812052
01_knn,Distancia,XGBoost Classifier,0,0,0.00010461059
01_knn,Distancia,XGBoost Classifier,0,0,7.807931e-05
01_knn,Distancia,XGBoost Classifier,1,1,0.9999982
01_knn,Distancia,XGBoost Classifier,0,0,0.016851967
01_knn,Distancia,XGBoost Classifier,0,0,0.0016898884
01_knn,Distancia,XGBoost Classifier,0,0,0.0005207589
01_knn,Distancia,XGBoost Classifier,0,0,0.00093353697
01_knn,Distancia,XGBoost Classifier,1,1,0.9999739
01_knn,Distancia,XGBoost Classifier,0,0,0.000319886
01_knn,Distancia,XGBoost Classifier,0,0,0.0053441
01_knn,Distancia,XGBoost Classifier,0,0,0.00094745203
01_knn,Distancia,XGBoost Classifier,0,0,0.0021175728
01_knn,Distancia,XGBoost Classifier,1,1,0.9999974
01_knn,Distancia,XGBoost Classifier,0,0,0.0916638
01_knn,Distancia,XGBoost Classifier,1,1,0.9991467
01_knn,Distancia,XGBoost Classifier,0,0,0.0044682124
01_knn,Distancia,XGBoost Classifier,0,0,0.0006523955
01_knn,Distancia,XGBoost Classifier,1,1,0.9995203
01_knn,Distancia,XGBoost Classifier,0,0,0.00016970321
01_knn,Distancia,XGBoost Classifier,1,1,0.9999893
01_knn,Distancia,XGBoost Classifier,0,0,0.047741767
01_knn,Distancia,XGBoost Classifier,1,1,0.9999633
01_knn,Distancia,XGBoost Classifier,0,0,1.0999725e-05
01_knn,Distancia,XGBoost Classifier,0,0,0.00027561892
01_knn,Distancia,XGBoost Classifier,0,0,0.00026485883
01_knn,Distancia,XGBoost Classifier,0,0,0.006458712
01_knn,Distancia,XGBoost Classifier,1,1,0.99991834
01_knn,Distancia,XGBoost Classifier,0,0,0.0008119971
01_knn,Distancia,XGBoost Classifier,0,0,0.48104805
01_knn,Distancia,XGBoost Classifier,0,0,2.7106295e-05
01_knn,Distancia,XGBoost Classifier,0,0,0.003718413
01_knn,Distancia,XGBoost Classifier,0,0,0.00011301055
01_knn,Distancia,XGBoost Classifier,0,0,0.00016091656
01_knn,Distancia,XGBoost Classifier,0,0,0.0049091196
01_knn,Distancia,XGBoost Classifier,0,0,0.00012034894
01_knn,Distancia,XGBoost Classifier,0,0,9.405939e-05
01_knn,Distancia,XGBoost Classifier,1,1,0.9998728
01_knn,Distancia,XGBoost Classifier,0,1,0.92428994
01_knn,Distancia,XGBoost Classifier,1,1,0.99998975
01_knn,Distancia,XGBoost Classifier,0,0,2.7878921e-05
01_knn,Distancia,XGBoost Classifier,0,0,0.011256607
01_knn,Distancia,XGBoost Classifier,0,0,8.940404e-06
01_knn,Distancia,XGBoost Classifier,0,0,0.0064897886
01_knn,Distancia,XGBoost Classifier,0,0,0.00075098564
01_knn,Distancia,XGBoost Classifier,0,0,5.2783303e-06
01_knn,Distancia,XGBoost Classifier,1,1,0.99997115
01_knn,Distancia,XGBoost Classifier,0,0,0.12781857
01_knn,Distancia,XGBoost Classifier,0,0,0.24726157
01_knn,Distancia,XGBoost Classifier,0,1,0.99089277
01_knn,Distancia,XGBoost Classifier,0,0,0.00024621736
01_knn,Distancia,XGBoost Classifier,1,1,0.9999944
01_knn,Distancia,XGBoost Classifier,0,0,0.0026715498
01_knn,Distancia,XGBoost Classifier,1,1,0.96184456
01_knn,Distancia,XGBoost Classifier,0,0,0.13817312
01_knn,Distancia,XGBoost Classifier,0,0,9.588703e-05
01_knn,Distancia,XGBoost Classifier,1,1,0.9986449
01_knn,Distancia,XGBoost Classifier,0,0,0.0012294726
01_knn,Distancia,XGBoost Classifier,0,0,1.3539889e-05
01_knn,Distancia,XGBoost Classifier,0,0,0.00013211137
01_knn,Distancia,XGBoost Classifier,0,0,2.5667994e-05
01_knn,Distancia,XGBoost Classifier,0,0,0.0012118344
01_knn,Distancia,XGBoost Classifier,0,0,0.023040451
01_knn,Distancia,XGBoost Classifier,1,0,0.45906517
01_knn,Distancia,XGBoost Classifier,1,1,0.9999968
01_knn,Distancia,XGBoost Classifier,0,0,0.00017367574
01_knn,Distancia,XGBoost Classifier,0,0,0.115417324
01_knn,Distancia,XGBoost Classifier,0,0,4.4761808e-05
01_knn,Distancia,XGBoost Classifier,1,1,0.9999907
01_knn,Distancia,XGBoost Classifier,0,0,2.2806695e-05
01_knn,Distancia,XGBoost Classifier,0,0,0.0505167
01_knn,Distancia,XGBoost Classifier,1,1,0.9999938
01_knn,Distancia,XGBoost Classifier,0,0,0.00033433054
01_knn,Distancia,XGBoost Classifier,0,0,6.614146e-05
01_knn,Distancia,XGBoost Classifier,0,0,1.8175087e-05
01_knn,Distancia,XGBoost Classifier,0,0,0.0014653738
01_knn,Distancia,XGBoost Classifier,0,1,0.9380561
01_knn,Distancia,XGBoost Classifier,0,0,0.00064365956
01_knn,Distancia,XGBoost Classifier,0,0,4.7015465e-06
01_knn,Distancia,XGBoost Classifier,1,1,0.9998342
01_knn,Distancia,XGBoost Classifier,0,0,4.3022992e-05
01_knn,Distancia,XGBoost Classifier,0,0,0.00019973122
01_knn,Distancia,XGBoost Classifier,0,0,0.0038475904
01_knn,Distancia,XGBoost Classifier,1,1,0.98913926
01_knn,Distancia,XGBoost Classifier,1,1,0.9860232
01_knn,Distancia,XGBoost Classifier,0,0,0.0017106818
01_knn,Distancia,XGBoost Classifier,0,0,1.4964802e-05
01_knn,Distancia,XGBoost Classifier,0,0,0.00064127793
01_knn,Distancia,XGBoost Classifier,0,0,0.002081553
01_knn,Distancia,XGBoost Classifier,0,0,3.9415627e-05
01_knn,Distancia,XGBoost Classifier,0,0,0.0005416165
01_knn,Distancia,XGBoost Classifier,1,1,0.999995
01_knn,Distancia,XGBoost Classifier,0,0,0.004153878
01_knn,Distancia,XGBoost Classifier,0,0,0.0076727737
01_knn,Distancia,XGBoost Classifier,1,1,0.9875036
01_knn,Distancia,XGBoost Classifier,0,0,0.00013270529
01_knn,Distancia,XGBoost Classifier,1,1,0.9999852
01_knn,Distancia,XGBoost Classifier,0,0,8.324338e-05
01_knn,Distancia,XGBoost Classifier,1,1,0.9854351
01_knn,Distancia,XGBoost Classifier,0,0,0.0018785918
01_knn,Distancia,XGBoost Classifier,0,0,6.0580598e-05
01_knn,Distancia,XGBoost Classifier,0,0,0.028421124
01_knn,Distancia,XGBoost Classifier,0,0,4.677291e-05
01_knn,Distancia,XGBoost Classifier,0,0,0.001413303
01_knn,Distancia,XGBoost Classifier,1,1,0.9999987
01_knn,Distancia,XGBoost Classifier,0,0,0.0006131121
01_knn,Distancia,XGBoost Classifier,1,1,0.9997074
01_knn,Distancia,XGBoost Classifier,0,0,2.355974e-05
01_knn,Distancia,XGBoost Classifier,1,1,0.9999933
01_knn,Distancia,XGBoost Classifier,0,0,9.4718875e-05
01_knn,Distancia,XGBoost Classifier,0,0,0.03265376
01_knn,Distancia,XGBoost Classifier,0,0,0.019176245
01_knn,Distancia,XGBoost Classifier,1,1,0.9655723
01_knn,Distancia,XGBoost Classifier,0,0,0.0012808907
01_knn,Distancia,XGBoost Classifier,0,0,0.00010195929
01_knn,Distancia,XGBoost Classifier,0,0,0.002521387
01_knn,Distancia,XGBoost Classifier,0,0,1.1887677e-05
01_knn,Distancia,XGBoost Classifier,0,0,0.0039712777
01_knn,Distancia,XGBoost Classifier,1,1,0.9999975
01_knn,Distancia,XGBoost Classifier,0,0,0.00038008796
01_knn,Distancia,XGBoost Classifier,0,0,0.008996943
01_knn,Distancia,XGBoost Classifier,0,0,0.0028471898
01_knn,Distancia,XGBoost Classifier,0,0,0.000104795894
01_knn,Distancia,XGBoost Classifier,1,1,0.89627904
01_knn,Distancia,XGBoost Classifier,0,0,0.0012766315
01_knn,Distancia,XGBoost Classifier,0,0,0.4918079
01_knn,Distancia,XGBoost Classifier,0,0,6.7632805e-05
01_knn,Distancia,XGBoost Classifier,0,0,0.0040068077
01_knn,Distancia,XGBoost Classifier,0,0,5.4784746e-06
01_knn,Distancia,XGBoost Classifier,0,1,0.56933284
01_knn,Distancia,XGBoost Classifier,0,0,0.0043766024
01_knn,Distancia,XGBoost Classifier,0,0,0.001999752
01_knn,Distancia,XGBoost Classifier,1,1,0.99946326
01_knn,Distancia,XGBoost Classifier,0,0,0.00012929505
01_knn,Distancia,XGBoost Classifier,0,0,0.0019124702
01_knn,Distancia,XGBoost Classifier,0,0,0.012533679
01_knn,Distancia,XGBoost Classifier,0,0,3.998678e-05
01_knn,Distancia,XGBoost Classifier,0,0,0.0059585464
01_knn,Distancia,XGBoost Classifier,0,0,0.00017066859
01_knn,Distancia,XGBoost Classifier,1,1,0.9999702
01_knn,Distancia,XGBoost Classifier,0,0,7.201201e-05
01_knn,Distancia,XGBoost Classifier,0,0,0.0013829105
01_knn,Distancia,XGBoost Classifier,0,0,4.7047586e-05
01_knn,Distancia,XGBoost Classifier,0,1,0.865792
01_knn,Distancia,XGBoost Classifier,0,0,4.4186916e-05
01_knn,Distancia,XGBoost Classifier,0,0,0.0028771728
01_knn,Distancia,XGBoost Classifier,0,0,0.04572486
01_knn,Distancia,XGBoost Classifier,0,0,0.11743047
01_knn,Distancia,XGBoost Classifier,1,1,0.99998605
01_knn,Distancia,XGBoost Classifier,0,0,5.942972e-05
01_knn,Distancia,XGBoost Classifier,0,0,0.04258199
01_knn,Distancia,XGBoost Classifier,0,0,0.004392866
01_knn,Distancia,XGBoost Classifier,0,0,0.0002807921
01_knn,Distancia,XGBoost Classifier,1,1,0.9999969
01_knn,Distancia,XGBoost Classifier,0,0,0.013223774
01_knn,Distancia,XGBoost Classifier,0,0,0.021166563
01_knn,Distancia,XGBoost Classifier,0,0,0.005910948
01_knn,Distancia,XGBoost Classifier,0,0,8.883221e-05
01_knn,Distancia,XGBoost Classifier,1,1,0.9999498
01_knn,Distancia,XGBoost Classifier,0,0,0.00080451666
01_knn,Distancia,XGBoost Classifier,0,0,0.0031921403
01_knn,Distancia,XGBoost Classifier,0,0,0.005690036
01_knn,Distancia,XGBoost Classifier,0,0,0.00043209404
01_knn,Distancia,XGBoost Classifier,1,1,0.99999654
01_knn,Distancia,XGBoost Classifier,0,0,1.3413437e-05
01_knn,Distancia,XGBoost Classifier,0,0,1.5747221e-06
01_knn,Distancia,XGBoost Classifier,0,0,3.4468878e-05
01_knn,Distancia,XGBoost Classifier,1,1,0.95503664
01_knn,Distancia,XGBoost Classifier,0,0,2.367718e-05
01_knn,Distancia,XGBoost Classifier,0,0,4.5523288e-05
01_knn,Distancia,XGBoost Classifier,0,0,6.8959416e-05
01_knn,Distancia,XGBoost Classifier,0,0,0.00029458138
01_knn,Distancia,XGBoost Classifier,0,0,0.00067410024
01_knn,Distancia,XGBoost Classifier,0,0,0.01331182
01_knn,Distancia,XGBoost Classifier,1,1,0.999833
01_knn,Distancia,XGBoost Classifier,0,0,0.0006152783
01_knn,Distancia,XGBoost Classifier,0,0,1.0055935e-05
01_knn,Distancia,XGBoost Classifier,0,0,0.032802377
01_knn,Distancia,XGBoost Classifier,0,0,0.00016402538
01_knn,Distancia,XGBoost Classifier,0,0,0.00018935995
01_knn,Distancia,XGBoost Classifier,0,0,0.00015213033
01_knn,Distancia,XGBoost Classifier,0,0,0.00015641427
01_knn,Distancia,XGBoost Classifier,1,1,0.9999318
01_knn,Distancia,XGBoost Classifier,0,0,0.0002355689
01_knn,Distancia,XGBoost Classifier,1,1,0.9999901
01_knn,Distancia,XGBoost Classifier,0,0,0.00025086774
01_knn,Distancia,XGBoost Classifier,1,1,0.9998615
01_knn,Distancia,XGBoost Classifier,0,0,0.00015451419
01_knn,Distancia,XGBoost Classifier,1,1,0.9999838
01_knn,Distancia,XGBoost Classifier,0,0,0.26600286
01_knn,Distancia,XGBoost Classifier,0,0,0.0007662541
01_knn,Distancia,XGBoost Classifier,0,0,0.0033973872
01_knn,Distancia,XGBoost Classifier,0,0,0.0032395937
01_knn,Distancia,XGBoost Classifier,0,0,0.0017174818
01_knn,Distancia,XGBoost Classifier,1,1,0.83787376
01_knn,Distancia,XGBoost Classifier,0,0,0.00012371846
01_knn,Distancia,XGBoost Classifier,0,0,0.0008422951
01_knn,Distancia,XGBoost Classifier,0,0,1.5773985e-05
01_knn,Distancia,XGBoost Classifier,0,0,0.001131745
01_knn,Distancia,XGBoost Classifier,0,0,2.4834937e-05
01_knn,Distancia,XGBoost Classifier,0,0,0.016283708
01_knn,Distancia,XGBoost Classifier,0,0,0.0075469553
01_knn,Distancia,XGBoost Classifier,0,0,0.024032058
01_knn,Distancia,XGBoost Classifier,1,1,0.99999166
01_knn,Distancia,XGBoost Classifier,0,1,0.5912101
01_knn,Distancia,XGBoost Classifier,0,0,3.8730443e-05
01_knn,Distancia,XGBoost Classifier,0,0,0.032449108
01_knn,Distancia,XGBoost Classifier,0,0,0.00010053036
01_knn,Distancia,XGBoost Classifier,1,1,0.99999726
01_knn,Distancia,XGBoost Classifier,0,0,0.14382374
01_knn,Distancia,XGBoost Classifier,0,0,0.16112429
01_knn,Distancia,XGBoost Classifier,0,0,0.049484648
01_knn,Distancia,XGBoost Classifier,0,0,0.0024766878
01_knn,Distancia,XGBoost Classifier,1,1,0.99999607
01_knn,Distancia,XGBoost Classifier,0,0,0.00012438632
01_knn,Distancia,XGBoost Classifier,0,0,0.00011180128
01_knn,Distancia,XGBoost Classifier,1,1,0.99975604
01_knn,Distancia,XGBoost Classifier,0,0,0.00013125488
01_knn,Distancia,XGBoost Classifier,0,0,2.1200753e-05
01_knn,Distancia,XGBoost Classifier,0,0,5.403762e-07
01_knn,Distancia,XGBoost Classifier,0,0,9.861291e-05
01_knn,Distancia,XGBoost Classifier,0,0,0.0031044777
01_knn,Distancia,XGBoost Classifier,1,1,0.99966073
01_knn,Distancia,XGBoost Classifier,0,0,0.00058232807
01_knn,Distancia,XGBoost Classifier,1,1,0.9996265
01_knn,Distancia,XGBoost Classifier,0,0,0.012367606
01_knn,Distancia,XGBoost Classifier,0,0,8.115664e-05
01_knn,Distancia,XGBoost Classifier,0,0,0.00060446793
01_knn,Distancia,XGBoost Classifier,0,0,8.610711e-07
01_knn,Distancia,XGBoost Classifier,0,0,0.0002670089
01_knn,Distancia,XGBoost Classifier,0,0,1.4884855e-05
01_knn,Distancia,XGBoost Classifier,1,1,0.9862351
01_knn,Distancia,XGBoost Classifier,0,0,3.3881377e-05
01_knn,Distancia,XGBoost Classifier,1,1,0.9999597
01_knn,Distancia,XGBoost Classifier,0,0,0.031420864
01_knn,Distancia,XGBoost Classifier,1,1,0.9656321
01_knn,Distancia,XGBoost Classifier,1,1,0.9997763
01_knn,Distancia,XGBoost Classifier,0,0,0.0059970915
01_knn,Distancia,XGBoost Classifier,1,1,0.9999896
01_knn,Distancia,XGBoost Classifier,0,0,0.00022082437
01_knn,Distancia,XGBoost Classifier,1,1,0.9999865
01_knn,Distancia,XGBoost Classifier,0,0,0.0008238476
01_knn,Distancia,XGBoost Classifier,0,0,2.6069833e-05
01_knn,Distancia,XGBoost Classifier,0,0,0.00018058486
01_knn,Distancia,XGBoost Classifier,1,1,0.9999969
01_knn,Distancia,XGBoost Classifier,0,0,0.020694353
01_knn,Distancia,XGBoost Classifier,0,0,0.00027549703
01_knn,Distancia,XGBoost Classifier,0,0,0.0006633584
01_knn,Distancia,XGBoost Classifier,0,0,0.01482237
01_knn,Distancia,XGBoost Classifier,0,0,0.0029167705
01_knn,Distancia,XGBoost Classifier,0,0,0.018937925
01_knn,Distancia,XGBoost Classifier,0,0,0.004825218
01_knn,Distancia,XGBoost Classifier,0,0,9.476703e-05
01_knn,Distancia,XGBoost Classifier,0,0,0.0019494708
01_knn,Distancia,XGBoost Classifier,1,1,0.9942655
01_knn,Distancia,XGBoost Classifier,0,0,0.000121897756
01_knn,Distancia,XGBoost Classifier,0,0,0.00087059505
01_knn,Distancia,XGBoost Classifier,0,0,0.00019313268
01_knn,Distancia,XGBoost Classifier,0,0,0.000647356
01_knn,Distancia,XGBoost Classifier,1,1,0.9999925
01_knn,Distancia,XGBoost Classifier,0,1,0.9873997
01_knn,Distancia,XGBoost Classifier,0,0,7.4207856e-06
01_knn,Distancia,XGBoost Classifier,1,1,0.99994683
01_knn,Distancia,XGBoost Classifier,0,0,0.00051089353
01_knn,Distancia,XGBoost Classifier,0,0,0.001572564
01_knn,Distancia,XGBoost Classifier,1,1,0.9999938
01_knn,Distancia,XGBoost Classifier,1,1,0.95267767
01_knn,Distancia,XGBoost Classifier,0,0,1.662145e-05
01_knn,Distancia,XGBoost Classifier,0,0,0.00037589594
01_knn,Distancia,XGBoost Classifier,0,0,0.00013839694
01_knn,Distancia,XGBoost Classifier,0,0,0.00032004065
01_knn,Distancia,XGBoost Classifier,0,0,0.00086319563
01_knn,Distancia,XGBoost Classifier,0,0,0.0014881975
01_knn,Distancia,XGBoost Classifier,0,0,0.007803858
01_knn,Distancia,XGBoost Classifier,0,0,0.02115513
01_knn,Distancia,XGBoost Classifier,0,0,0.0006022178
01_knn,Distancia,XGBoost Classifier,0,0,0.00012245907
01_knn,Distancia,XGBoost Classifier,1,1,0.9999521
01_knn,Distancia,XGBoost Classifier,1,1,0.99999917
01_knn,Distancia,XGBoost Classifier,0,0,0.002660828
01_knn,Distancia,XGBoost Classifier,0,0,0.0026315914
01_knn,Distancia,XGBoost Classifier,0,0,0.0010075523
01_knn,Distancia,XGBoost Classifier,1,1,0.99999213
01_knn,Distancia,XGBoost Classifier,0,0,0.0156943
01_knn,Distancia,XGBoost Classifier,0,0,0.00023680746
01_knn,Distancia,XGBoost Classifier,1,1,0.9999677
01_knn,Distancia,XGBoost Classifier,1,1,0.99990606
01_knn,Distancia,XGBoost Classifier,0,0,0.046993803
01_knn,Distancia,XGBoost Classifier,0,0,0.10468632
01_knn,Distancia,XGBoost Classifier,0,0,0.0059466986
01_knn,Distancia,XGBoost Classifier,1,1,0.9999573
01_knn,Distancia,XGBoost Classifier,0,0,4.749386e-05
01_knn,Distancia,XGBoost Classifier,0,0,0.0010815262
01_knn,Distancia,XGBoost Classifier,0,0,0.00015887296
01_knn,Distancia,XGBoost Classifier,0,0,0.00028625742
01_knn,Distancia,XGBoost Classifier,0,0,0.0036304751
01_knn,Distancia,XGBoost Classifier,0,0,0.0014196477
01_knn,Distancia,XGBoost Classifier,0,0,0.00078935205
01_knn,Distancia,XGBoost Classifier,0,0,0.24723709
01_knn,Distancia,XGBoost Classifier,1,1,0.9999852
01_knn,Distancia,XGBoost Classifier,0,0,0.009856071
01_knn,Distancia,XGBoost Classifier,1,1,0.9999875
01_knn,Distancia,XGBoost Classifier,0,0,0.0012300671
01_knn,Distancia,XGBoost Classifier,0,0,0.00017248947
01_knn,Distancia,XGBoost Classifier,0,0,0.053780254
01_knn,Distancia,XGBoost Classifier,0,0,0.00036029692
01_knn,Distancia,XGBoost Classifier,1,1,0.99997485
01_knn,Distancia,XGBoost Classifier,1,1,0.9999962
01_knn,Distancia,XGBoost Classifier,0,0,0.00014998164
01_knn,Distancia,XGBoost Classifier,1,1,0.99929583
01_knn,Distancia,XGBoost Classifier,0,0,3.3484237e-06
01_knn,Distancia,XGBoost Classifier,0,0,0.09977971
01_knn,Distancia,XGBoost Classifier,1,1,0.99999654
01_knn,Distancia,XGBoost Classifier,0,0,6.664289e-05
01_knn,Distancia,XGBoost Classifier,0,0,7.741022e-05
01_knn,Distancia,XGBoost Classifier,0,0,0.0017012042
01_knn,Distancia,XGBoost Classifier,0,0,9.5185635e-05
01_knn,Distancia,XGBoost Classifier,1,1,0.99999845
01_knn,Distancia,XGBoost Classifier,0,0,7.7299424e-05
01_knn,Distancia,XGBoost Classifier,0,0,0.0005120219
01_knn,Distancia,XGBoost Classifier,0,0,2.1018506e-05
01_knn,Distancia,XGBoost Classifier,0,0,0.0022084287
01_knn,Distancia,XGBoost Classifier,0,0,4.1773397e-05
01_knn,Distancia,XGBoost Classifier,0,0,0.0005422382
01_knn,Distancia,XGBoost Classifier,1,1,0.6800054
01_knn,Distancia,XGBoost Classifier,0,0,0.0122563625
01_knn,Distancia,XGBoost Classifier,0,0,5.98793e-05
01_knn,Distancia,XGBoost Classifier,0,0,0.0014133293
01_knn,Distancia,XGBoost Classifier,0,0,0.007125672
01_knn,Distancia,XGBoost Classifier,0,0,6.421291e-05
01_knn,Distancia,XGBoost Classifier,0,0,0.027572827
01_knn,Distancia,XGBoost Classifier,0,0,4.7540445e-05
01_knn,Distancia,XGBoost Classifier,0,0,0.00012972864
01_knn,Distancia,XGBoost Classifier,1,1,0.99951553
01_knn,Distancia,XGBoost Classifier,0,0,0.00018664796
01_knn,Distancia,XGBoost Classifier,0,0,5.5840443e-05
01_knn,Distancia,XGBoost Classifier,0,0,0.0010170519
01_knn,Distancia,XGBoost Classifier,0,0,5.836875e-05
01_knn,Distancia,XGBoost Classifier,0,0,0.00053480675
01_knn,Distancia,XGBoost Classifier,0,0,0.0028173162
01_knn,Distancia,XGBoost Classifier,0,0,0.0002784822
01_knn,Distancia,XGBoost Classifier,0,0,1.932664e-05
01_knn,Distancia,XGBoost Classifier,1,1,0.99997044
01_knn,Distancia,XGBoost Classifier,0,0,0.00029496726
01_knn,Distancia,XGBoost Classifier,1,1,0.9999957
01_knn,Distancia,XGBoost Classifier,0,0,0.003135897
01_knn,Distancia,XGBoost Classifier,1,0,0.17668468
01_knn,Distancia,XGBoost Classifier,1,0,0.43238625
01_knn,Distancia,XGBoost Classifier,0,0,3.4135348e-05
01_knn,Distancia,XGBoost Classifier,0,0,1.7303008e-05
01_knn,Distancia,XGBoost Classifier,1,1,0.85895675
01_knn,Distancia,XGBoost Classifier,0,0,2.4580668e-06
01_knn,Distancia,XGBoost Classifier,0,0,0.0030161622
01_knn,Distancia,XGBoost Classifier,0,0,0.013566162
01_knn,Distancia,XGBoost Classifier,0,0,0.0004413198
01_knn,Distancia,XGBoost Classifier,0,0,0.005596486
01_knn,Distancia,XGBoost Classifier,0,0,0.000122011246
01_knn,Distancia,XGBoost Classifier,1,1,0.99983966
01_knn,Distancia,XGBoost Classifier,0,0,2.338882e-05
01_knn,Distancia,XGBoost Classifier,0,0,0.01571367
01_knn,Distancia,XGBoost Classifier,0,0,0.003868656
01_knn,Distancia,XGBoost Classifier,1,1,0.9679612
01_knn,Distancia,XGBoost Classifier,0,0,6.841993e-05
01_knn,Distancia,XGBoost Classifier,0,0,4.036308e-05
01_knn,Distancia,XGBoost Classifier,0,0,3.287741e-05
01_knn,Distancia,XGBoost Classifier,1,1,0.9423977
01_knn,Distancia,XGBoost Classifier,0,0,0.000111070316
01_knn,Distancia,XGBoost Classifier,1,1,0.9999882
01_knn,Distancia,XGBoost Classifier,1,1,0.9999943
01_knn,Distancia,XGBoost Classifier,1,1,0.98439056
01_knn,Distancia,XGBoost Classifier,1,0,0.4815489
01_knn,Distancia,XGBoost Classifier,1,1,0.9999913
01_knn,Distancia,XGBoost Classifier,1,1,0.9999682
01_knn,Distancia,XGBoost Classifier,1,1,0.99999964
01_knn,Distancia,XGBoost Classifier,0,0,0.0138413245
01_knn,Distancia,XGBoost Classifier,0,0,0.00082457555
01_knn,Distancia,XGBoost Classifier,0,0,0.0015510258
01_knn,Distancia,XGBoost Classifier,0,0,0.00042158694
01_knn,Distancia,XGBoost Classifier,0,0,0.025236119
01_knn,Distancia,XGBoost Classifier,0,0,0.001043391
01_knn,Distancia,XGBoost Classifier,0,0,7.2750336e-05
01_knn,Distancia,XGBoost Classifier,0,0,0.00013228055
01_knn,Distancia,XGBoost Classifier,0,0,0.010909086
01_knn,Distancia,XGBoost Classifier,1,1,0.99998987
01_knn,Distancia,XGBoost Classifier,1,1,0.96511203
01_knn,Distancia,XGBoost Classifier,0,0,0.016509175
01_knn,Distancia,XGBoost Classifier,0,0,7.7657765e-05
01_knn,Distancia,XGBoost Classifier,0,0,2.9555722e-06
01_knn,Distancia,XGBoost Classifier,1,1,0.98971444
01_knn,Distancia,XGBoost Classifier,1,1,0.9999913
01_knn,Distancia,XGBoost Classifier,0,0,0.013792238
01_knn,Distancia,XGBoost Classifier,0,0,0.0043144277
01_knn,Distancia,XGBoost Classifier,0,0,4.0472813e-05
01_knn,Distancia,XGBoost Classifier,0,0,0.00039534693
01_knn,Distancia,XGBoost Classifier,0,0,8.40075e-07
01_knn,Distancia,XGBoost Classifier,0,0,0.00022028394
01_knn,Distancia,XGBoost Classifier,1,1,0.99999094
01_knn,Distancia,XGBoost Classifier,0,0,4.7948474e-06
01_knn,Distancia,XGBoost Classifier,0,0,0.00061538187
01_knn,Distancia,XGBoost Classifier,0,0,5.7989044e-05
01_knn,Distancia,XGBoost Classifier,0,0,0.0013177526
01_knn,Distancia,XGBoost Classifier,0,1,0.9731077
01_knn,Distancia,XGBoost Classifier,0,0,0.00035082884
01_knn,Distancia,XGBoost Classifier,0,0,0.0047467467
01_knn,Distancia,XGBoost Classifier,1,1,0.99952567
01_knn,Distancia,XGBoost Classifier,1,1,0.99997795
01_knn,Distancia,XGBoost Classifier,1,0,0.15972227
01_knn,Distancia,XGBoost Classifier,0,0,0.0038896867
01_knn,Distancia,XGBoost Classifier,0,0,0.00031844704
01_knn,Distancia,XGBoost Classifier,0,0,0.00028470435
01_knn,Distancia,XGBoost Classifier,1,1,0.9999802
01_knn,Distancia,XGBoost Classifier,0,0,0.42873383
01_knn,Distancia,XGBoost Classifier,1,1,0.97003573
01_knn,Distancia,XGBoost Classifier,1,1,0.99999976
01_knn,Distancia,XGBoost Classifier,1,1,0.999818
01_knn,Distancia,XGBoost Classifier,1,1,0.99991775
01_knn,Distancia,XGBoost Classifier,0,0,0.00050222996
01_knn,Distancia,XGBoost Classifier,0,0,3.4065204e-05
01_knn,Distancia,XGBoost Classifier,0,0,0.00070555316
01_knn,Distancia,XGBoost Classifier,0,0,0.00045032223
01_knn,Distancia,XGBoost Classifier,0,0,5.1738087e-05
01_knn,Distancia,XGBoost Classifier,0,0,0.00040750418
01_knn,Distancia,XGBoost Classifier,0,0,9.151677e-05
01_knn,Distancia,XGBoost Classifier,0,0,7.8295234e-05
01_knn,Distancia,XGBoost Classifier,0,0,0.0001579106
01_knn,Distancia,XGBoost Classifier,0,0,2.6759531e-05
01_knn,Distancia,XGBoost Classifier,0,0,0.0005965636
01_knn,Distancia,XGBoost Classifier,1,1,0.99997604
01_knn,Distancia,XGBoost Classifier,0,0,0.0044187577
01_knn,Distancia,XGBoost Classifier,1,1,0.99999547
01_knn,Distancia,XGBoost Classifier,0,0,0.00032893656
01_knn,Distancia,XGBoost Classifier,0,0,0.0026916284
01_knn,Distancia,XGBoost Classifier,0,0,5.9555616e-05
01_knn,Distancia,XGBoost Classifier,0,0,0.00026880173
01_knn,Distancia,XGBoost Classifier,0,0,5.0555594e-05
01_knn,Distancia,XGBoost Classifier,1,1,0.9999933
01_knn,Distancia,XGBoost Classifier,0,0,0.0372926
01_knn,Distancia,XGBoost Classifier,1,1,0.9999962
01_knn,Distancia,XGBoost Classifier,0,0,0.0005770257
01_knn,Distancia,XGBoost Classifier,0,0,0.00010290686
01_knn,Distancia,XGBoost Classifier,0,0,7.969801e-05
01_knn,Distancia,XGBoost Classifier,0,0,0.0019624934
01_knn,Distancia,XGBoost Classifier,0,0,4.9776418e-06
01_knn,Distancia,XGBoost Classifier,1,1,0.99751294
01_knn,Distancia,XGBoost Classifier,0,0,3.446431e-05
01_knn,Distancia,XGBoost Classifier,0,0,0.00014222394
01_knn,Distancia,XGBoost Classifier,0,1,0.99423534
01_knn,Distancia,XGBoost Classifier,0,0,4.4731296e-05
01_knn,Distancia,XGBoost Classifier,0,0,0.001088976
01_knn,Distancia,XGBoost Classifier,0,0,0.13874164
01_knn,Distancia,XGBoost Classifier,0,0,0.0011378917
01_knn,Distancia,XGBoost Classifier,0,0,0.00031283317
01_knn,Distancia,XGBoost Classifier,0,0,0.0075894967
01_knn,Distancia,XGBoost Classifier,0,0,0.0019183836
01_knn,Distancia,XGBoost Classifier,0,0,0.0020544073
01_knn,Distancia,XGBoost Classifier,0,0,1.6127902e-05
01_knn,Distancia,XGBoost Classifier,0,0,0.00013513598
01_knn,Distancia,XGBoost Classifier,0,0,0.050807163
01_knn,Distancia,XGBoost Classifier,0,0,7.518602e-05
01_knn,Distancia,XGBoost Classifier,0,0,0.0011390721
01_knn,Distancia,XGBoost Classifier,0,0,1.28018955e-05
01_knn,Distancia,XGBoost Classifier,0,0,2.3592114e-05
01_knn,Distancia,XGBoost Classifier,1,1,0.99903166
01_knn,Distancia,XGBoost Classifier,1,1,0.99999154
01_knn,Distancia,XGBoost Classifier,0,0,9.232006e-06
01_knn,Distancia,XGBoost Classifier,0,0,0.00035955373
01_knn,Distancia,XGBoost Classifier,0,0,0.001698846
01_knn,Distancia,XGBoost Classifier,0,0,2.4407214e-05
01_knn,Distancia,XGBoost Classifier,0,0,0.0411199
01_knn,Distancia,XGBoost Classifier,0,0,0.0012355626
01_knn,Distancia,XGBoost Classifier,0,0,0.006557999
01_knn,Distancia,XGBoost Classifier,0,0,0.004463347
01_knn,Distancia,XGBoost Classifier,1,1,0.99611557
01_knn,Distancia,XGBoost Classifier,0,0,5.5225323e-06
01_knn,Distancia,XGBoost Classifier,0,0,0.0015536553
01_knn,Distancia,XGBoost Classifier,0,0,6.755824e-06
01_knn,Distancia,XGBoost Classifier,0,0,0.0018728364
01_knn,Distancia,XGBoost Classifier,0,0,4.7832298e-05
01_knn,Distancia,XGBoost Classifier,1,1,0.99949014
01_knn,Distancia,XGBoost Classifier,0,0,0.000602198
01_knn,Distancia,XGBoost Classifier,0,0,0.0011202375
01_knn,Distancia,XGBoost Classifier,0,0,0.00019143132
01_knn,Distancia,XGBoost Classifier,0,0,9.1742906e-05
01_knn,Distancia,XGBoost Classifier,0,0,0.00046011203
01_knn,Distancia,XGBoost Classifier,0,0,7.0493916e-05
01_knn,Distancia,XGBoost Classifier,0,0,0.0010824106
01_knn,Distancia,XGBoost Classifier,0,0,8.5724074e-05
01_knn,Distancia,XGBoost Classifier,0,0,2.2777156e-05
01_knn,Distancia,XGBoost Classifier,0,0,0.0011238144
01_knn,Distancia,XGBoost Classifier,1,1,0.99999523
01_knn,Distancia,XGBoost Classifier,0,0,0.0009935522
01_knn,Distancia,XGBoost Classifier,0,0,0.00093444734
01_knn,Distancia,XGBoost Classifier,1,1,0.9997259
01_knn,Distancia,XGBoost Classifier,0,0,0.004554693
01_knn,Distancia,XGBoost Classifier,1,1,0.9888362
01_knn,Distancia,XGBoost Classifier,1,1,0.99943656
01_knn,Distancia,XGBoost Classifier,0,0,0.0007143503
01_knn,Distancia,XGBoost Classifier,0,0,8.463935e-05
01_knn,Distancia,XGBoost Classifier,0,0,0.019175792
01_knn,Distancia,XGBoost Classifier,1,1,0.718023
01_knn,Distancia,XGBoost Classifier,0,0,0.00015649931
01_knn,Distancia,XGBoost Classifier,1,1,0.5545293
01_knn,Distancia,XGBoost Classifier,0,0,0.000759823
01_knn,Distancia,XGBoost Classifier,0,0,0.0008412459
01_knn,Distancia,XGBoost Classifier,0,0,5.6048186e-05
01_knn,Distancia,XGBoost Classifier,0,0,0.0042925305
01_knn,Distancia,XGBoost Classifier,0,0,9.443343e-05
01_knn,Distancia,XGBoost Classifier,1,1,0.9999945
01_knn,Distancia,XGBoost Classifier,0,0,0.00095027406
01_knn,Distancia,XGBoost Classifier,1,1,0.99938905
01_knn,Distancia,XGBoost Classifier,0,0,0.001602439
01_knn,Distancia,XGBoost Classifier,1,1,0.9999974
01_knn,Distancia,XGBoost Classifier,0,0,7.883006e-05
01_knn,Distancia,XGBoost Classifier,0,0,0.0007376707
01_knn,Distancia,XGBoost Classifier,0,0,0.0030097382
01_knn,Distancia,XGBoost Classifier,0,0,4.4400775e-05
01_knn,Distancia,XGBoost Classifier,0,0,0.0016185143
01_knn,Distancia,XGBoost Classifier,0,0,0.00012022873
01_knn,Distancia,XGBoost Classifier,0,1,0.9764191
01_knn,Distancia,XGBoost Classifier,1,1,0.9997713
01_knn,Distancia,XGBoost Classifier,0,0,0.00021794387
01_knn,Distancia,XGBoost Classifier,0,0,0.00024028773
01_knn,Distancia,XGBoost Classifier,0,0,0.1746851
01_knn,Distancia,XGBoost Classifier,0,0,0.015313867
01_knn,Distancia,XGBoost Classifier,0,0,9.815303e-06
01_knn,Distancia,XGBoost Classifier,0,0,0.0005625246
01_knn,Distancia,XGBoost Classifier,0,0,0.014213075
01_knn,Distancia,XGBoost Classifier,1,1,0.9999944
01_knn,Distancia,XGBoost Classifier,0,0,5.4015618e-05
01_knn,Distancia,XGBoost Classifier,0,0,0.00037377942
01_knn,Distancia,XGBoost Classifier,1,1,0.9999918
01_knn,Distancia,XGBoost Classifier,0,0,0.000103271756
01_knn,Distancia,XGBoost Classifier,0,0,0.002420527
01_knn,Distancia,XGBoost Classifier,0,0,0.00041874038
01_knn,Distancia,XGBoost Classifier,0,0,0.0018217104
01_knn,Distancia,XGBoost Classifier,1,1,0.9997495
01_knn,Distancia,XGBoost Classifier,0,0,0.2154299
01_knn,Distancia,XGBoost Classifier,0,0,4.054842e-05
01_knn,Distancia,XGBoost Classifier,1,1,0.99990535
01_knn,Distancia,XGBoost Classifier,0,0,7.835569e-06
01_knn,Distancia,XGBoost Classifier,1,1,0.99843806
01_knn,Distancia,XGBoost Classifier,1,1,0.999997
01_knn,Distancia,XGBoost Classifier,1,1,0.9998791
01_knn,Distancia,XGBoost Classifier,0,0,0.0016746831
01_knn,Distancia,XGBoost Classifier,0,0,2.372073e-05
01_knn,Distancia,XGBoost Classifier,0,0,0.00029286757
01_knn,Distancia,XGBoost Classifier,1,1,0.9999697
01_knn,Distancia,XGBoost Classifier,0,0,1.3557684e-06
01_knn,Distancia,XGBoost Classifier,0,0,0.0016129253
01_knn,Distancia,XGBoost Classifier,1,1,0.9999994
01_knn,Distancia,XGBoost Classifier,0,0,8.46375e-05
01_knn,Distancia,XGBoost Classifier,0,0,0.00029991957
01_knn,Distancia,XGBoost Classifier,1,1,0.999736
01_knn,Distancia,XGBoost Classifier,1,1,0.9999765
01_knn,Distancia,XGBoost Classifier,0,0,0.0010059644
01_knn,Distancia,XGBoost Classifier,1,1,0.9494712
01_knn,Distancia,XGBoost Classifier,0,0,0.0377623
01_knn,Distancia,XGBoost Classifier,1,1,0.9999987
01_knn,Distancia,XGBoost Classifier,0,0,6.247723e-05
01_knn,Distancia,XGBoost Classifier,0,0,0.000110994086
01_knn,Distancia,XGBoost Classifier,0,0,0.017652135
01_knn,Distancia,XGBoost Classifier,0,0,0.0011222082
01_knn,Distancia,XGBoost Classifier,0,0,0.0008532424
01_knn,Distancia,XGBoost Classifier,0,0,0.00045505166
01_knn,Distancia,XGBoost Classifier,0,0,0.0023889043
01_knn,Distancia,XGBoost Classifier,1,1,0.9998222
01_knn,Distancia,XGBoost Classifier,0,0,0.0001574244
01_knn,Distancia,XGBoost Classifier,0,0,0.00023364187
01_knn,Distancia,XGBoost Classifier,0,0,0.00018843668
01_knn,Distancia,XGBoost Classifier,0,0,0.00012293571
01_knn,Distancia,XGBoost Classifier,0,0,4.0740942e-05
01_knn,Distancia,XGBoost Classifier,1,1,0.99999356
01_knn,Distancia,XGBoost Classifier,0,0,2.8264549e-06
01_knn,Distancia,XGBoost Classifier,1,1,0.999985
01_knn,Distancia,XGBoost Classifier,0,0,4.2863565e-05
01_knn,Distancia,XGBoost Classifier,0,0,3.4347275e-05
01_knn,Distancia,XGBoost Classifier,0,0,6.263394e-05
01_knn,Distancia,XGBoost Classifier,0,0,5.3285337e-05
01_knn,Distancia,XGBoost Classifier,0,0,8.937098e-05
01_knn,Distancia,XGBoost Classifier,1,1,0.99960536
01_knn,Distancia,XGBoost Classifier,0,0,0.06407866
01_knn,Distancia,XGBoost Classifier,0,0,0.00028049375
01_knn,Distancia,XGBoost Classifier,1,1,0.969361
01_knn,Distancia,XGBoost Classifier,0,0,8.2812905e-05
01_knn,Distancia,XGBoost Classifier,0,0,2.906808e-05
01_knn,Distancia,XGBoost Classifier,0,0,0.0002264074
01_knn,Distancia,XGBoost Classifier,1,1,0.8824674
01_knn,Distancia,XGBoost Classifier,0,0,0.25698763
01_knn,Distancia,XGBoost Classifier,1,1,0.9999982
01_knn,Distancia,XGBoost Classifier,0,0,0.00011622704
01_knn,Distancia,XGBoost Classifier,0,0,0.00034968538
01_knn,Distancia,XGBoost Classifier,1,1,0.999998
01_knn,Distancia,XGBoost Classifier,0,0,0.0011204729
01_knn,Distancia,XGBoost Classifier,0,0,0.0028972616
01_knn,Distancia,XGBoost Classifier,1,1,0.9999924
01_knn,Distancia,XGBoost Classifier,0,0,0.0014581576
01_knn,Distancia,XGBoost Classifier,0,0,1.7477823e-05
01_knn,Distancia,XGBoost Classifier,0,0,0.00073704775
01_knn,Distancia,XGBoost Classifier,0,0,0.010405554
01_knn,Distancia,XGBoost Classifier,1,1,0.99968004
01_knn,Distancia,XGBoost Classifier,0,0,7.7868586e-05
01_knn,Distancia,XGBoost Classifier,0,0,0.12689021
01_knn,Distancia,XGBoost Classifier,0,0,0.0032776883
01_knn,Distancia,XGBoost Classifier,0,0,0.001589997
01_knn,Distancia,XGBoost Classifier,0,0,0.0008271194
01_knn,Distancia,XGBoost Classifier,1,1,0.999653
01_knn,Distancia,XGBoost Classifier,1,1,0.8330577
01_knn,Distancia,XGBoost Classifier,1,1,0.9997309
01_knn,Distancia,XGBoost Classifier,0,0,0.00021226208
01_knn,Distancia,XGBoost Classifier,0,0,0.0031121932
01_knn,Distancia,XGBoost Classifier,0,0,0.11485824
01_knn,Distancia,XGBoost Classifier,0,0,0.003446361
01_knn,Distancia,XGBoost Classifier,0,0,5.825128e-06
01_knn,Distancia,XGBoost Classifier,0,0,0.00043699332
01_knn,Distancia,XGBoost Classifier,0,0,0.015708456
01_knn,Distancia,XGBoost Classifier,0,0,0.00022003791
01_knn,Distancia,XGBoost Classifier,0,0,0.00023704894
01_knn,Distancia,XGBoost Classifier,1,1,0.5351913
01_knn,Distancia,XGBoost Classifier,0,0,0.004126225
01_knn,Distancia,XGBoost Classifier,1,1,0.99999607
01_knn,Distancia,XGBoost Classifier,1,1,0.9999913
01_knn,Distancia,XGBoost Classifier,0,0,0.0013062771
01_knn,Distancia,XGBoost Classifier,1,1,0.9999949
01_knn,Distancia,XGBoost Classifier,0,0,0.0035359182
01_knn,Distancia,XGBoost Classifier,0,0,0.0010949705
01_knn,Distancia,XGBoost Classifier,0,0,0.0013827855
01_knn,Distancia,XGBoost Classifier,1,1,0.999987
01_knn,Distancia,XGBoost Classifier,0,0,7.6826094e-05
01_knn,Distancia,XGBoost Classifier,0,0,6.7028086e-06
01_knn,Distancia,XGBoost Classifier,0,0,0.00022112502
01_knn,Distancia,XGBoost Classifier,1,1,0.99998534
01_knn,Distancia,XGBoost Classifier,0,0,0.0002292528
01_knn,Distancia,XGBoost Classifier,1,1,0.999997
01_knn,Distancia,XGBoost Classifier,1,1,0.99999464
01_knn,Distancia,XGBoost Classifier,0,0,0.012110366
01_knn,Distancia,XGBoost Classifier,1,1,0.99999857
01_knn,Distancia,XGBoost Classifier,1,1,0.99999547
01_knn,Distancia,XGBoost Classifier,0,0,0.002378074
01_knn,Distancia,XGBoost Classifier,0,0,0.007766542
01_knn,Distancia,XGBoost Classifier,0,0,0.0023823595
01_knn,Distancia,XGBoost Classifier,0,0,0.00015801935
01_knn,Distancia,XGBoost Classifier,1,1,0.9999646
01_knn,Distancia,XGBoost Classifier,0,0,7.113612e-05
01_knn,Distancia,XGBoost Classifier,1,1,0.8351861
01_knn,Distancia,XGBoost Classifier,0,0,0.0013499799
01_knn,Distancia,XGBoost Classifier,0,0,0.0080035925
01_knn,Distancia,XGBoost Classifier,0,0,5.0868046e-05
01_knn,Distancia,XGBoost Classifier,0,0,0.010474778
01_knn,Distancia,XGBoost Classifier,1,1,0.99999607
01_knn,Distancia,XGBoost Classifier,0,0,9.866357e-06
01_knn,Distancia,XGBoost Classifier,1,1,0.9990916
01_knn,Distancia,XGBoost Classifier,0,0,0.006760357
01_knn,Distancia,XGBoost Classifier,0,0,0.0009763076
01_knn,Distancia,XGBoost Classifier,0,0,0.0001137583
01_knn,Distancia,XGBoost Classifier,0,0,0.00016857896
01_knn,Distancia,XGBoost Classifier,0,0,2.8613502e-05
01_knn,Distancia,XGBoost Classifier,0,0,0.00017479515
01_knn,Distancia,XGBoost Classifier,1,1,0.99998903
01_knn,Distancia,XGBoost Classifier,0,0,0.00042769522
01_knn,Distancia,XGBoost Classifier,0,0,2.1248217e-05
01_knn,Distancia,XGBoost Classifier,1,1,0.999992
01_knn,Distancia,XGBoost Classifier,0,1,0.5226926
01_knn,Distancia,XGBoost Classifier,0,0,0.00032829776
01_knn,Distancia,XGBoost Classifier,0,1,0.9856894
01_knn,Distancia,XGBoost Classifier,0,0,1.861262e-05
01_knn,Distancia,XGBoost Classifier,0,0,8.2070386e-05
01_knn,Distancia,XGBoost Classifier,1,1,0.9905054
01_knn,Distancia,XGBoost Classifier,0,0,0.005782938
01_knn,Distancia,XGBoost Classifier,0,0,0.007645132
01_knn,Distancia,XGBoost Classifier,1,1,0.9999546
01_knn,Distancia,XGBoost Classifier,0,0,0.0257763
01_knn,Distancia,XGBoost Classifier,0,0,0.00019555664
01_knn,Distancia,XGBoost Classifier,1,1,0.9991566
01_knn,Distancia,XGBoost Classifier,0,0,7.145492e-05
01_knn,Distancia,XGBoost Classifier,1,1,0.9999939
01_knn,Distancia,XGBoost Classifier,0,0,0.17101526
01_knn,Distancia,XGBoost Classifier,0,0,0.0002601202
01_knn,Distancia,XGBoost Classifier,0,0,0.00045942588
01_knn,Distancia,XGBoost Classifier,0,0,0.0016690245
01_knn,Distancia,XGBoost Classifier,1,1,0.99999416
01_knn,Distancia,XGBoost Classifier,0,0,0.0007581522
01_knn,Distancia,XGBoost Classifier,1,1,0.9999995
01_knn,Distancia,XGBoost Classifier,0,0,0.0009326418
01_knn,Distancia,XGBoost Classifier,0,0,1.4154774e-05
01_knn,Distancia,XGBoost Classifier,0,0,0.00064802327
01_knn,Distancia,XGBoost Classifier,0,0,0.43846458
01_knn,Distancia,XGBoost Classifier,0,0,0.00011939427
01_knn,Distancia,XGBoost Classifier,1,1,0.99956805
01_knn,Distancia,XGBoost Classifier,0,1,0.9015467
01_knn,Distancia,XGBoost Classifier,0,0,7.1107504e-05
01_knn,Distancia,XGBoost Classifier,1,1,0.99999905
01_knn,Distancia,XGBoost Classifier,0,0,0.018664956
01_knn,Distancia,XGBoost Classifier,0,0,0.00031143217
01_knn,Distancia,XGBoost Classifier,1,1,0.9984579
01_knn,Distancia,XGBoost Classifier,0,0,0.0012292671
01_knn,Distancia,XGBoost Classifier,0,0,7.9979174e-05
01_knn,Distancia,XGBoost Classifier,0,0,9.4626885e-05
01_knn,Distancia,XGBoost Classifier,0,0,0.00022588106
01_knn,Distancia,XGBoost Classifier,0,0,0.018492412
01_knn,Distancia,XGBoost Classifier,0,0,0.002606343
01_knn,Distancia,XGBoost Classifier,0,0,0.00033794995
01_knn,Distancia,XGBoost Classifier,0,0,0.004025255
01_knn,Distancia,XGBoost Classifier,0,0,0.14168718
01_knn,Distancia,XGBoost Classifier,0,0,5.220983e-05
01_knn,Distancia,XGBoost Classifier,0,0,0.00019678984
01_knn,Distancia,XGBoost Classifier,0,0,0.08922707
01_knn,Distancia,XGBoost Classifier,0,0,0.0012307967
01_knn,Distancia,XGBoost Classifier,0,0,0.010440828
01_knn,Distancia,XGBoost Classifier,1,1,0.9999902
01_knn,Distancia,XGBoost Classifier,0,0,1.7403576e-05
01_knn,Distancia,XGBoost Classifier,0,0,0.002783993
01_knn,Distancia,XGBoost Classifier,1,1,0.99999034
01_knn,Distancia,XGBoost Classifier,1,1,0.99997985
01_knn,Distancia,XGBoost Classifier,0,0,6.499016e-05
01_knn,Distancia,XGBoost Classifier,0,0,0.007309691
01_knn,Distancia,XGBoost Classifier,0,0,0.0016530394
01_knn,Distancia,XGBoost Classifier,0,0,0.44310576
01_knn,Distancia,XGBoost Classifier,0,0,6.745638e-05
01_knn,Distancia,XGBoost Classifier,1,1,0.9999883
01_knn,Distancia,XGBoost Classifier,0,0,0.0065811216
01_knn,Distancia,XGBoost Classifier,1,1,0.99998224
01_knn,Distancia,XGBoost Classifier,0,0,0.00454005
01_knn,Distancia,XGBoost Classifier,0,0,0.00012107491
01_knn,Distancia,XGBoost Classifier,1,1,0.98937196
01_knn,Distancia,XGBoost Classifier,0,0,6.692655e-05
01_knn,Distancia,XGBoost Classifier,1,1,0.9999974
01_knn,Distancia,XGBoost Classifier,0,0,1.7023158e-05
01_knn,Distancia,XGBoost Classifier,0,0,8.80786e-06
01_knn,Distancia,XGBoost Classifier,1,1,0.9999838
01_knn,Distancia,XGBoost Classifier,0,0,0.0031470575
01_knn,Distancia,XGBoost Classifier,0,0,0.00017329627
01_knn,Distancia,XGBoost Classifier,0,0,0.043496218
01_knn,Distancia,XGBoost Classifier,0,1,0.7763382
01_knn,Distancia,XGBoost Classifier,0,0,3.6465426e-05
01_knn,Distancia,XGBoost Classifier,0,0,7.018182e-05
01_knn,Distancia,XGBoost Classifier,0,0,0.0006579085
01_knn,Distancia,XGBoost Classifier,1,1,0.999987
01_knn,Distancia,XGBoost Classifier,0,0,9.58382e-06
01_knn,Distancia,XGBoost Classifier,0,0,2.4698134e-06
01_knn,Distancia,XGBoost Classifier,0,0,6.0548886e-05
01_knn,Distancia,XGBoost Classifier,0,0,1.0925424e-05
01_knn,Distancia,XGBoost Classifier,0,0,0.002071159
01_knn,Distancia,XGBoost Classifier,0,0,0.017472478
01_knn,Distancia,XGBoost Classifier,0,0,0.00029800646
01_knn,Distancia,XGBoost Classifier,0,0,0.034953035
01_knn,Distancia,XGBoost Classifier,0,0,0.0013312225
01_knn,Distancia,XGBoost Classifier,0,0,0.0026953404
01_knn,Distancia,XGBoost Classifier,1,1,0.9999949
01_knn,Distancia,XGBoost Classifier,1,1,0.99999666
01_knn,Distancia,XGBoost Classifier,1,1,0.99991
01_knn,Distancia,XGBoost Classifier,1,1,0.9998043
01_knn,Distancia,XGBoost Classifier,1,1,0.99998236
01_knn,Distancia,XGBoost Classifier,0,0,2.5630961e-05
01_knn,Distancia,XGBoost Classifier,1,1,0.99991846
01_knn,Distancia,XGBoost Classifier,0,0,1.8136045e-05
01_knn,Distancia,XGBoost Classifier,0,0,0.00029572274
01_knn,Distancia,XGBoost Classifier,0,0,0.0024037391
01_knn,Distancia,XGBoost Classifier,0,0,0.00022538217
01_knn,Distancia,XGBoost Classifier,0,0,0.0012947842
01_knn,Distancia,XGBoost Classifier,0,0,0.00030821728
01_knn,Distancia,XGBoost Classifier,0,1,0.6451599
01_knn,Distancia,XGBoost Classifier,0,0,5.5637604e-05
01_knn,Distancia,XGBoost Classifier,1,1,0.99999344
01_knn,Distancia,XGBoost Classifier,0,0,2.6332918e-05
01_knn,Distancia,XGBoost Classifier,1,1,0.9992829
01_knn,Distancia,XGBoost Classifier,1,1,0.99998677
01_knn,Distancia,XGBoost Classifier,1,1,0.99931777
01_knn,Distancia,XGBoost Classifier,0,0,0.0007783526
01_knn,Distancia,XGBoost Classifier,0,0,0.05845613
01_knn,Distancia,XGBoost Classifier,0,0,4.4060052e-06
01_knn,Distancia,XGBoost Classifier,0,0,5.339637e-06
01_knn,Distancia,XGBoost Classifier,0,0,0.0004312032
01_knn,Distancia,XGBoost Classifier,0,0,2.7577895e-05
01_knn,Distancia,XGBoost Classifier,0,0,6.241202e-05
01_knn,Distancia,XGBoost Classifier,0,0,0.00021568891
01_knn,Distancia,XGBoost Classifier,0,0,0.00020268119
01_knn,Distancia,XGBoost Classifier,0,0,9.611478e-05
01_knn,Distancia,XGBoost Classifier,0,0,2.1045564e-05
01_knn,Distancia,XGBoost Classifier,0,0,0.023347115
01_knn,Distancia,XGBoost Classifier,0,0,0.103591464
01_knn,Distancia,XGBoost Classifier,0,0,0.052486755
01_knn,Distancia,XGBoost Classifier,0,0,0.0040810616
01_knn,Distancia,XGBoost Classifier,1,1,0.9999975
01_knn,Distancia,XGBoost Classifier,0,0,0.00018592662
01_knn,Distancia,XGBoost Classifier,0,0,0.0022467107
01_knn,Distancia,XGBoost Classifier,0,0,1.8833936e-05
01_knn,Distancia,XGBoost Classifier,0,0,0.007740016
01_knn,Distancia,XGBoost Classifier,0,0,3.4877316e-06
01_knn,Distancia,XGBoost Classifier,1,1,0.96703357
01_knn,Distancia,XGBoost Classifier,0,0,0.020995121
01_knn,Distancia,XGBoost Classifier,0,0,0.00050717924
01_knn,Distancia,XGBoost Classifier,0,0,0.00030738683
01_knn,Distancia,XGBoost Classifier,0,0,0.0005134886
01_knn,Distancia,XGBoost Classifier,0,0,5.0427654e-05
01_knn,Distancia,XGBoost Classifier,0,1,0.9999416
01_knn,Distancia,XGBoost Classifier,1,1,0.99998856
01_knn,Distancia,XGBoost Classifier,0,0,8.5143205e-05
01_knn,Distancia,XGBoost Classifier,0,0,0.0005522312
01_knn,Distancia,XGBoost Classifier,0,0,7.355191e-05
01_knn,Distancia,XGBoost Classifier,0,0,0.00019805442
01_knn,Distancia,XGBoost Classifier,0,0,9.263571e-06
01_knn,Distancia,XGBoost Classifier,1,1,0.9999701
01_knn,Distancia,XGBoost Classifier,1,1,0.99997044
01_knn,Distancia,XGBoost Classifier,1,1,0.9999509
01_knn,Distancia,XGBoost Classifier,0,0,1.2829616e-05
01_knn,Distancia,XGBoost Classifier,1,1,0.9999583
01_knn,Distancia,XGBoost Classifier,0,0,0.0009394586
01_knn,Distancia,XGBoost Classifier,0,0,0.00015396574
01_knn,Distancia,XGBoost Classifier,0,0,0.00074687693
01_knn,Distancia,XGBoost Classifier,0,0,0.00013291284
01_knn,Distancia,XGBoost Classifier,0,0,0.00018281351
01_knn,Distancia,XGBoost Classifier,0,0,0.0036015199
01_knn,Distancia,XGBoost Classifier,0,0,0.0040396694
01_knn,Distancia,XGBoost Classifier,0,0,6.346219e-05
01_knn,Distancia,XGBoost Classifier,0,0,0.0015945096
01_knn,Distancia,XGBoost Classifier,1,1,0.99999726
01_knn,Distancia,XGBoost Classifier,1,1,0.99998665
01_knn,Distancia,XGBoost Classifier,0,0,0.00048798666
01_knn,Distancia,XGBoost Classifier,1,1,0.99999726
01_knn,Distancia,XGBoost Classifier,0,0,0.00034092026
01_knn,Distancia,XGBoost Classifier,0,0,0.0026913085
01_knn,Distancia,XGBoost Classifier,0,0,0.0024783104
01_knn,Distancia,XGBoost Classifier,0,0,3.960024e-05
01_knn,Distancia,XGBoost Classifier,0,0,5.914265e-06
01_knn,Distancia,XGBoost Classifier,0,0,0.00050170673
01_knn,Distancia,XGBoost Classifier,0,0,3.5275054e-05
01_knn,Distancia,XGBoost Classifier,0,0,0.0011434414
01_knn,Distancia,XGBoost Classifier,0,0,0.00019442532
01_knn,Distancia,XGBoost Classifier,0,1,0.74480945
01_knn,Distancia,XGBoost Classifier,0,0,0.009570648
01_knn,Distancia,XGBoost Classifier,0,0,7.6025666e-05
01_knn,Distancia,XGBoost Classifier,0,0,1.0856667e-05
01_knn,Distancia,XGBoost Classifier,0,0,0.07850381
01_knn,Distancia,XGBoost Classifier,0,0,0.0005487475
01_knn,Distancia,XGBoost Classifier,0,0,1.9991227e-05
01_knn,Distancia,XGBoost Classifier,0,0,8.1630955e-05
01_knn,Distancia,XGBoost Classifier,0,0,4.435355e-05
01_knn,Distancia,XGBoost Classifier,0,0,0.0006795783
01_knn,Distancia,XGBoost Classifier,0,0,0.0003760513
01_knn,Distancia,XGBoost Classifier,0,0,6.573827e-05
01_knn,Distancia,XGBoost Classifier,0,0,0.0012831949
01_knn,Distancia,XGBoost Classifier,1,1,0.99998486
01_knn,Distancia,XGBoost Classifier,0,0,8.101205e-05
01_knn,Distancia,XGBoost Classifier,0,0,0.0035877135
01_knn,Distancia,XGBoost Classifier,0,0,1.8499524e-05
01_knn,Distancia,XGBoost Classifier,0,0,4.4683147e-06
01_knn,Distancia,XGBoost Classifier,0,0,0.052747034
01_knn,Distancia,XGBoost Classifier,0,0,0.00010424861
01_knn,Distancia,XGBoost Classifier,0,0,0.0008652226
01_knn,Distancia,XGBoost Classifier,0,0,1.1647483e-05
01_knn,Distancia,XGBoost Classifier,0,0,0.0006629912
01_knn,Distancia,XGBoost Classifier,0,0,0.0016225693
01_knn,Distancia,XGBoost Classifier,0,0,0.018588604
01_knn,Distancia,XGBoost Classifier,1,1,0.9999975
01_knn,Distancia,XGBoost Classifier,0,0,0.00010806655
01_knn,Distancia,XGBoost Classifier,1,1,0.9999831
01_knn,Distancia,XGBoost Classifier,0,0,0.043886814
01_knn,Distancia,XGBoost Classifier,0,0,0.052168563
01_knn,Distancia,XGBoost Classifier,1,1,0.98813766
01_knn,Distancia,XGBoost Classifier,1,1,0.9996778
01_knn,Distancia,XGBoost Classifier,1,1,0.99999833
01_knn,Distancia,XGBoost Classifier,0,0,7.8704776e-05
01_knn,Distancia,XGBoost Classifier,0,0,3.860687e-05
01_knn,Distancia,XGBoost Classifier,1,1,0.99999475
01_knn,Distancia,XGBoost Classifier,0,0,0.00054601306
01_knn,Distancia,XGBoost Classifier,0,0,0.00037562512
01_knn,Distancia,XGBoost Classifier,0,0,0.002399293
01_knn,Distancia,XGBoost Classifier,0,0,5.6167177e-05
01_knn,Distancia,XGBoost Classifier,0,0,9.864074e-05
01_knn,Distancia,XGBoost Classifier,0,0,9.334101e-05
01_knn,Distancia,XGBoost Classifier,0,0,5.031492e-05
01_knn,Distancia,XGBoost Classifier,0,0,0.018001335
01_knn,Distancia,XGBoost Classifier,0,0,1.745174e-05
01_knn,Distancia,XGBoost Classifier,0,0,0.0014328818
01_knn,Distancia,XGBoost Classifier,0,0,0.0011444406
01_knn,Distancia,XGBoost Classifier,1,1,0.9999926
01_knn,Distancia,XGBoost Classifier,1,1,0.9999925
01_knn,Distancia,XGBoost Classifier,0,0,0.0036466056
01_knn,Distancia,XGBoost Classifier,0,0,0.00027583423
01_knn,Distancia,XGBoost Classifier,0,0,0.031355403
01_knn,Distancia,XGBoost Classifier,1,1,0.963404
01_knn,Distancia,XGBoost Classifier,1,1,0.9999974
01_knn,Distancia,XGBoost Classifier,0,0,6.4428273e-06
01_knn,Distancia,XGBoost Classifier,0,0,0.0022624033
01_knn,Distancia,XGBoost Classifier,0,0,0.017068645
01_knn,Distancia,XGBoost Classifier,0,0,9.935082e-05
01_knn,Distancia,XGBoost Classifier,0,0,9.7727614e-05
01_knn,Distancia,XGBoost Classifier,1,1,0.99998903
01_knn,Distancia,XGBoost Classifier,1,1,0.9999697
01_knn,Distancia,XGBoost Classifier,0,0,6.4980435e-05
01_knn,Distancia,XGBoost Classifier,1,1,0.99990153
01_knn,Distancia,XGBoost Classifier,0,0,7.468958e-06
01_knn,Distancia,XGBoost Classifier,0,0,0.0033463577
01_knn,Distancia,XGBoost Classifier,0,0,0.013516715
01_knn,Distancia,XGBoost Classifier,0,0,0.00025189595
01_knn,Distancia,XGBoost Classifier,0,0,6.417288e-05
01_knn,Distancia,XGBoost Classifier,0,0,0.00047370596
01_knn,Distancia,XGBoost Classifier,0,0,0.005183434
01_knn,Distancia,XGBoost Classifier,1,1,0.99999607
01_knn,Distancia,XGBoost Classifier,0,0,0.0036900016
01_knn,Distancia,XGBoost Classifier,0,0,0.0023529294
01_knn,Distancia,XGBoost Classifier,0,0,0.000121971
01_knn,Distancia,XGBoost Classifier,0,0,0.00062815985
01_knn,Distancia,XGBoost Classifier,0,0,0.0020454717
01_knn,Distancia,XGBoost Classifier,1,1,0.99999666
01_knn,Distancia,XGBoost Classifier,0,0,0.03242001
01_knn,Distancia,XGBoost Classifier,0,0,0.00026787148
01_knn,Distancia,XGBoost Classifier,0,0,6.746185e-05
01_knn,Distancia,XGBoost Classifier,1,1,0.9975522
01_knn,Distancia,XGBoost Classifier,0,0,0.00011158497
01_knn,Distancia,XGBoost Classifier,0,0,4.007917e-05
01_knn,Distancia,XGBoost Classifier,0,0,7.9859674e-05
01_knn,Distancia,XGBoost Classifier,0,0,0.020606846
01_knn,Distancia,XGBoost Classifier,0,0,0.00070961256
01_knn,Distancia,XGBoost Classifier,0,0,7.063597e-05
01_knn,Distancia,XGBoost Classifier,0,0,0.0013592772
01_knn,Distancia,XGBoost Classifier,1,1,0.9999107
01_knn,Distancia,XGBoost Classifier,0,0,0.0012539309
01_knn,Distancia,XGBoost Classifier,0,0,0.00067236915
01_knn,Distancia,XGBoost Classifier,1,1,0.994574
01_knn,Distancia,XGBoost Classifier,0,0,0.00013050932
01_knn,Distancia,XGBoost Classifier,0,0,0.0022027118
01_knn,Distancia,XGBoost Classifier,0,0,0.00069802644
01_knn,Distancia,XGBoost Classifier,0,0,0.00014440823
01_knn,Distancia,XGBoost Classifier,0,0,0.0074035153
01_knn,Distancia,XGBoost Classifier,0,0,0.018411653
01_knn,Distancia,XGBoost Classifier,0,0,0.00019670054
01_knn,Distancia,XGBoost Classifier,0,0,0.0001105263
01_knn,Distancia,XGBoost Classifier,0,0,0.013207936
01_knn,Distancia,XGBoost Classifier,0,0,0.0011791392
01_knn,Distancia,XGBoost Classifier,0,0,0.003634845
01_knn,Distancia,XGBoost Classifier,0,0,0.07148788
01_knn,Distancia,XGBoost Classifier,0,0,0.37996826
01_knn,Distancia,XGBoost Classifier,0,0,0.058329903
01_knn,Distancia,XGBoost Classifier,0,0,3.1395113e-05
01_knn,Distancia,XGBoost Classifier,0,0,4.037155e-05
01_knn,Distancia,XGBoost Classifier,1,1,0.99998903
01_knn,Distancia,XGBoost Classifier,0,0,0.00238826
01_knn,Distancia,XGBoost Classifier,0,0,1.0899564e-05
01_knn,Distancia,XGBoost Classifier,0,0,0.003320816
01_knn,Distancia,XGBoost Classifier,0,0,6.3369844e-05
01_knn,Distancia,XGBoost Classifier,0,0,0.011463326
01_knn,Distancia,XGBoost Classifier,0,0,0.004199884
01_knn,Distancia,XGBoost Classifier,0,0,3.1780084e-05
01_knn,Distancia,XGBoost Classifier,0,0,0.0024555998
01_knn,Distancia,XGBoost Classifier,1,1,0.99954283
01_knn,Distancia,XGBoost Classifier,0,0,9.204654e-05
01_knn,Distancia,XGBoost Classifier,1,1,0.99999726
01_knn,Distancia,XGBoost Classifier,0,0,0.0014858879
01_knn,Distancia,XGBoost Classifier,0,0,0.0012231761
01_knn,Distancia,XGBoost Classifier,1,1,0.99999106
01_knn,Distancia,XGBoost Classifier,1,1,0.9990933
01_knn,Distancia,XGBoost Classifier,0,0,0.016037602
01_knn,Distancia,XGBoost Classifier,0,0,0.0010480328
01_knn,Distancia,XGBoost Classifier,0,0,2.303848e-06
01_knn,Distancia,XGBoost Classifier,1,1,0.99947923
01_knn,Distancia,XGBoost Classifier,0,0,0.0013617552
01_knn,Distancia,XGBoost Classifier,0,0,0.008903385
01_knn,Distancia,XGBoost Classifier,1,1,0.99996984
01_knn,Distancia,XGBoost Classifier,1,1,0.9998429
01_knn,Distancia,XGBoost Classifier,0,0,9.7381744e-05
01_knn,Distancia,XGBoost Classifier,0,0,0.0005428094
01_knn,Distancia,XGBoost Classifier,1,1,0.99999607
01_knn,Distancia,XGBoost Classifier,1,1,0.9996996
01_knn,Distancia,XGBoost Classifier,1,1,0.99999464
01_knn,Distancia,XGBoost Classifier,0,0,0.00030493524
01_knn,Distancia,XGBoost Classifier,0,0,0.00028400816
01_knn,Distancia,XGBoost Classifier,1,1,0.9890449
01_knn,Distancia,XGBoost Classifier,0,0,0.0052439384
01_knn,Distancia,XGBoost Classifier,0,0,0.008084055
01_knn,Distancia,XGBoost Classifier,0,0,8.561272e-05
01_knn,Distancia,XGBoost Classifier,0,0,6.8803936e-05
01_knn,Distancia,XGBoost Classifier,0,0,0.0071491287
01_knn,Distancia,XGBoost Classifier,0,0,0.000120335855
01_knn,Distancia,XGBoost Classifier,0,0,2.1260319e-05
01_knn,Distancia,XGBoost Classifier,0,0,0.00033226167
01_knn,Distancia,XGBoost Classifier,0,0,1.2554576e-05
01_knn,Distancia,XGBoost Classifier,0,0,0.027691325
01_knn,Distancia,XGBoost Classifier,0,0,0.00013742263
01_knn,Distancia,XGBoost Classifier,0,0,0.00028541207
01_knn,Distancia,XGBoost Classifier,0,0,4.613218e-07
01_knn,Distancia,XGBoost Classifier,1,1,0.9999932
01_knn,Distancia,XGBoost Classifier,1,1,0.999997
01_knn,Distancia,XGBoost Classifier,0,0,0.00015665324
01_knn,Distancia,XGBoost Classifier,0,0,0.010657226
01_knn,Distancia,XGBoost Classifier,0,0,0.023777427
01_knn,Distancia,XGBoost Classifier,1,1,0.999998
01_knn,Distancia,XGBoost Classifier,0,0,0.014263667
01_knn,Distancia,XGBoost Classifier,1,1,0.99991703
01_knn,Distancia,XGBoost Classifier,0,0,0.0024872986
01_knn,Distancia,XGBoost Classifier,0,0,0.0020322884
01_knn,Distancia,XGBoost Classifier,0,0,4.9669616e-05
01_knn,Distancia,XGBoost Classifier,0,0,0.009036935
01_knn,Distancia,XGBoost Classifier,0,0,0.0016216965
01_knn,Distancia,XGBoost Classifier,0,0,2.352391e-05
01_knn,Distancia,XGBoost Classifier,0,0,0.00075475406
01_knn,Distancia,XGBoost Classifier,0,0,6.0648807e-05
01_knn,Distancia,XGBoost Classifier,0,0,1.2943069e-05
01_knn,Distancia,XGBoost Classifier,1,1,0.9999962
01_knn,Distancia,XGBoost Classifier,1,1,0.99998784
01_knn,Distancia,XGBoost Classifier,0,0,0.003423761
01_knn,Distancia,XGBoost Classifier,0,0,0.24816082
01_knn,Distancia,XGBoost Classifier,1,1,0.99999464
01_knn,Distancia,XGBoost Classifier,0,0,5.2701205e-05
01_knn,Distancia,XGBoost Classifier,1,1,0.99999356
01_knn,Distancia,XGBoost Classifier,1,1,0.98262596
01_knn,Distancia,XGBoost Classifier,0,0,5.971365e-05
01_knn,Distancia,XGBoost Classifier,0,0,2.8099153e-05
01_knn,Distancia,XGBoost Classifier,0,0,1.6315349e-05
01_knn,Distancia,XGBoost Classifier,0,0,0.00011936695
01_knn,Distancia,XGBoost Classifier,0,0,1.624652e-05
01_knn,Distancia,XGBoost Classifier,0,0,0.0121690985
01_knn,Distancia,XGBoost Classifier,0,0,3.6482223e-05
01_knn,Distancia,XGBoost Classifier,0,0,3.334107e-05
01_knn,Distancia,XGBoost Classifier,0,0,0.0033779782
01_knn,Distancia,XGBoost Classifier,0,0,0.00036031427
01_knn,Distancia,XGBoost Classifier,0,0,0.0012489354
01_knn,Distancia,XGBoost Classifier,0,0,4.837165e-05
01_knn,Distancia,XGBoost Classifier,1,1,0.9999989
01_knn,Distancia,XGBoost Classifier,1,1,0.9999627
01_knn,Distancia,XGBoost Classifier,0,0,0.27893648
01_knn,Distancia,XGBoost Classifier,0,0,3.6867125e-06
01_knn,Distancia,XGBoost Classifier,0,0,1.9628458e-05
01_knn,Distancia,XGBoost Classifier,0,0,6.005178e-06
01_knn,Distancia,XGBoost Classifier,0,0,0.0008261792
01_knn,Distancia,XGBoost Classifier,0,0,0.00050114945
01_knn,Distancia,XGBoost Classifier,0,0,0.3583852
01_knn,Distancia,XGBoost Classifier,0,0,0.00024499616
01_knn,Distancia,XGBoost Classifier,0,0,0.003616283
01_knn,Distancia,XGBoost Classifier,0,0,0.00014391418
01_knn,Distancia,XGBoost Classifier,0,0,0.00016962476
01_knn,Distancia,XGBoost Classifier,0,0,0.0050657247
01_knn,Distancia,XGBoost Classifier,0,0,7.4518753e-06
01_knn,Distancia,XGBoost Classifier,0,0,0.0031031056
01_knn,Distancia,XGBoost Classifier,0,0,0.0053022997
01_knn,Distancia,XGBoost Classifier,0,0,0.0007180496
01_knn,Distancia,XGBoost Classifier,1,0,0.2885666
01_knn,Distancia,XGBoost Classifier,0,0,0.010097114
01_knn,Distancia,XGBoost Classifier,0,0,0.00071897265
01_knn,Distancia,XGBoost Classifier,0,0,0.010641672
01_knn,Distancia,XGBoost Classifier,0,0,8.307637e-06
01_knn,Distancia,XGBoost Classifier,0,0,0.013377182
01_knn,Distancia,XGBoost Classifier,0,0,0.000625575
01_knn,Distancia,XGBoost Classifier,0,0,0.01494936
01_knn,Distancia,XGBoost Classifier,1,1,0.9564686
01_knn,Distancia,XGBoost Classifier,1,1,0.9997278
01_knn,Distancia,XGBoost Classifier,0,0,7.37184e-05
01_knn,Distancia,XGBoost Classifier,0,0,5.148457e-06
01_knn,Distancia,XGBoost Classifier,0,0,0.00023496551
01_knn,Distancia,XGBoost Classifier,0,0,0.0035263845
01_knn,Distancia,XGBoost Classifier,1,1,0.9942871
01_knn,Distancia,XGBoost Classifier,0,0,0.00015844709
01_knn,Distancia,XGBoost Classifier,0,0,9.475466e-05
01_knn,Distancia,XGBoost Classifier,1,1,0.99972874
01_knn,Distancia,XGBoost Classifier,0,0,0.00012871702
01_knn,Distancia,XGBoost Classifier,0,0,3.39358e-05
01_knn,Distancia,XGBoost Classifier,0,0,6.758019e-05
01_knn,Distancia,XGBoost Classifier,0,0,4.778539e-05
01_knn,Distancia,XGBoost Classifier,0,0,0.0115388315
01_knn,Distancia,XGBoost Classifier,0,0,0.00011088701
01_knn,Distancia,XGBoost Classifier,1,1,0.99999905
01_knn,Distancia,XGBoost Classifier,0,0,2.5871972e-05
01_knn,Distancia,XGBoost Classifier,1,1,0.99997675
01_knn,Distancia,XGBoost Classifier,0,0,0.00020650378
01_knn,Distancia,XGBoost Classifier,0,0,0.00011954465
01_knn,Distancia,XGBoost Classifier,0,0,7.8733225e-05
01_knn,Distancia,XGBoost Classifier,1,1,0.9974413
01_knn,Distancia,XGBoost Classifier,0,0,5.00484e-06
01_knn,Distancia,XGBoost Classifier,0,0,8.197464e-06
01_knn,Distancia,XGBoost Classifier,0,0,2.1302694e-05
01_knn,Distancia,XGBoost Classifier,1,1,0.99999213
01_knn,Distancia,XGBoost Classifier,0,0,0.0013760357
01_knn,Distancia,XGBoost Classifier,1,1,0.99999416
01_knn,Distancia,XGBoost Classifier,0,0,0.00014126742
01_knn,Distancia,XGBoost Classifier,0,0,1.5547914e-05
01_knn,Distancia,XGBoost Classifier,0,0,0.00013765752
01_knn,Distancia,XGBoost Classifier,0,0,0.00014303505
01_knn,Distancia,XGBoost Classifier,1,1,0.91226053
01_knn,Distancia,XGBoost Classifier,1,1,0.99996257
01_knn,Distancia,XGBoost Classifier,0,0,1.3336244e-05
01_knn,Distancia,XGBoost Classifier,0,0,0.00012415442
01_knn,Distancia,XGBoost Classifier,0,0,5.860082e-05
01_knn,Distancia,XGBoost Classifier,0,0,0.0015871011
01_knn,Distancia,XGBoost Classifier,0,0,0.00010820185
01_knn,Distancia,XGBoost Classifier,0,0,8.372607e-05
01_knn,Distancia,XGBoost Classifier,0,0,0.000233902
01_knn,Distancia,XGBoost Classifier,0,0,0.0077052987
01_knn,Distancia,XGBoost Classifier,0,0,0.009495207
01_knn,Distancia,XGBoost Classifier,0,0,0.00015260935
01_knn,Distancia,XGBoost Classifier,1,1,0.99999535
01_knn,Distancia,XGBoost Classifier,0,0,0.0021428342
01_knn,Distancia,XGBoost Classifier,0,0,0.009662831
01_knn,Distancia,XGBoost Classifier,0,0,9.070685e-05
01_knn,Distancia,XGBoost Classifier,0,0,3.410958e-05
01_knn,Distancia,XGBoost Classifier,1,1,0.9999138
01_knn,Distancia,XGBoost Classifier,0,0,0.00012732208
01_knn,Distancia,XGBoost Classifier,0,0,0.0020130465
01_knn,Distancia,XGBoost Classifier,0,0,4.3471082e-05
01_knn,Distancia,XGBoost Classifier,0,0,0.00024119992
01_knn,Distancia,XGBoost Classifier,0,0,0.0014307764
01_knn,Distancia,XGBoost Classifier,1,0,0.055362575
01_knn,Distancia,XGBoost Classifier,0,0,0.06308591
01_knn,Distancia,XGBoost Classifier,0,0,0.0025093632
01_knn,Distancia,XGBoost Classifier,0,0,4.2108324e-05
01_knn,Distancia,XGBoost Classifier,0,0,5.9620775e-06
01_knn,Distancia,XGBoost Classifier,0,0,5.940573e-06
01_knn,Distancia,XGBoost Classifier,1,1,0.8573178
01_knn,Distancia,XGBoost Classifier,1,1,0.9999876
01_knn,Distancia,XGBoost Classifier,1,1,0.9999962
01_knn,Distancia,XGBoost Classifier,0,0,4.069974e-05
01_knn,Distancia,XGBoost Classifier,0,0,8.3547675e-06
01_knn,Distancia,XGBoost Classifier,0,0,0.004909716
01_knn,Distancia,XGBoost Classifier,1,1,0.99999535
01_knn,Distancia,XGBoost Classifier,0,1,0.9819999
01_knn,Distancia,XGBoost Classifier,0,0,6.35733e-06
01_knn,Distancia,XGBoost Classifier,1,1,0.99999535
01_knn,Distancia,XGBoost Classifier,0,0,0.00023290589
01_knn,Distancia,XGBoost Classifier,0,0,0.40629607
01_knn,Distancia,XGBoost Classifier,0,1,0.95873135
01_knn,Distancia,XGBoost Classifier,0,0,0.0021496457
01_knn,Distancia,XGBoost Classifier,0,0,0.00030969357
01_knn,Distancia,XGBoost Classifier,0,0,0.00020170069
01_knn,Distancia,XGBoost Classifier,0,0,0.000111408575
01_knn,Distancia,XGBoost Classifier,0,0,5.6966663e-05
01_knn,Distancia,XGBoost Classifier,1,1,0.9999697
01_knn,Distancia,XGBoost Classifier,0,0,0.0011077648
01_knn,Distancia,XGBoost Classifier,0,0,5.7638732e-05
01_knn,Distancia,XGBoost Classifier,0,0,0.00015785822
01_knn,Distancia,XGBoost Classifier,0,0,0.00039592077
01_knn,Distancia,XGBoost Classifier,1,1,0.98043895
01_knn,Distancia,XGBoost Classifier,0,0,7.8667705e-05
01_knn,Distancia,XGBoost Classifier,0,0,0.00018404427
01_knn,Distancia,XGBoost Classifier,0,0,0.00031919597
01_knn,Distancia,XGBoost Classifier,0,0,0.003488954
01_knn,Distancia,XGBoost Classifier,1,1,0.99993587
01_knn,Distancia,XGBoost Classifier,0,1,0.9768048
01_knn,Distancia,XGBoost Classifier,1,1,0.99998665
01_knn,Distancia,XGBoost Classifier,0,0,1.5616999e-05
01_knn,Distancia,XGBoost Classifier,0,0,0.37237573
01_knn,Distancia,XGBoost Classifier,0,0,7.269528e-05
01_knn,Distancia,XGBoost Classifier,1,1,0.9999858
01_knn,Distancia,XGBoost Classifier,1,1,0.99999297
01_knn,Distancia,XGBoost Classifier,0,0,0.00013653145
01_knn,Distancia,XGBoost Classifier,0,0,0.00035870413
01_knn,Distancia,XGBoost Classifier,0,1,0.6914946
01_knn,Distancia,XGBoost Classifier,0,0,0.00050671777
01_knn,Distancia,XGBoost Classifier,0,0,0.000103561986
01_knn,Distancia,XGBoost Classifier,0,0,0.056705177
01_knn,Distancia,XGBoost Classifier,0,0,0.015475093
01_knn,Distancia,XGBoost Classifier,0,0,0.0023821024
01_knn,Distancia,XGBoost Classifier,0,0,0.001714116
01_knn,Distancia,XGBoost Classifier,0,0,2.9331643e-05
01_knn,Distancia,XGBoost Classifier,0,0,0.0014209679
01_knn,Distancia,XGBoost Classifier,0,0,0.054941747
01_knn,Distancia,XGBoost Classifier,0,0,0.02051989
01_knn,Distancia,XGBoost Classifier,0,0,0.0037581068
01_knn,Distancia,XGBoost Classifier,0,0,3.9913257e-06
01_knn,Distancia,XGBoost Classifier,1,1,0.9999969
01_knn,Distancia,XGBoost Classifier,0,0,8.304026e-05
01_knn,Distancia,XGBoost Classifier,1,1,0.99999225
01_knn,Distancia,XGBoost Classifier,0,0,0.00010557575
01_knn,Distancia,XGBoost Classifier,0,0,0.010972397
01_knn,Distancia,XGBoost Classifier,0,0,0.0015332148
01_knn,Distancia,XGBoost Classifier,0,0,5.766199e-05
01_knn,Distancia,XGBoost Classifier,0,0,7.104527e-05
01_knn,Distancia,XGBoost Classifier,1,1,0.9999914
01_knn,Distancia,XGBoost Classifier,0,0,0.0001908996
01_knn,Distancia,XGBoost Classifier,0,0,5.693196e-05
01_knn,Distancia,XGBoost Classifier,0,0,0.00015965947
01_knn,Distancia,XGBoost Classifier,0,0,0.0015816959
01_knn,Distancia,XGBoost Classifier,1,1,0.99986196
01_knn,Distancia,XGBoost Classifier,0,0,0.00013209072
01_knn,Distancia,XGBoost Classifier,0,0,0.0013577737
01_knn,Distancia,XGBoost Classifier,0,0,0.0033351518
01_knn,Distancia,XGBoost Classifier,1,1,0.99976593
01_knn,Distancia,XGBoost Classifier,0,0,4.8966183e-05
01_knn,Distancia,XGBoost Classifier,0,0,0.00022410716
01_knn,Distancia,XGBoost Classifier,1,1,0.99999547
01_knn,Distancia,XGBoost Classifier,1,1,0.9999505
01_knn,Distancia,XGBoost Classifier,1,1,0.99851257
01_knn,Distancia,XGBoost Classifier,1,1,0.99999225
01_knn,Distancia,XGBoost Classifier,0,0,9.754936e-06
01_knn,Distancia,XGBoost Classifier,0,0,0.0005381944
01_knn,Distancia,XGBoost Classifier,0,0,0.030801823
01_knn,Distancia,XGBoost Classifier,0,0,0.0010561307
01_knn,Distancia,XGBoost Classifier,0,0,0.00025057062
01_knn,Distancia,XGBoost Classifier,0,0,0.00012137742
01_knn,Distancia,XGBoost Classifier,0,0,0.0015544018
01_knn,Distancia,XGBoost Classifier,0,0,0.00021656862
01_knn,Distancia,XGBoost Classifier,0,0,3.3035652e-05
01_knn,Distancia,XGBoost Classifier,0,0,6.230635e-05
01_knn,Distancia,XGBoost Classifier,0,0,2.312838e-05
01_knn,Distancia,XGBoost Classifier,0,0,0.011506723
01_knn,Distancia,XGBoost Classifier,0,0,3.6286012e-05
01_knn,Distancia,XGBoost Classifier,1,1,0.99996996
01_knn,Distancia,XGBoost Classifier,0,0,0.028450513
01_knn,Distancia,XGBoost Classifier,0,0,3.5549845e-06
01_knn,Distancia,XGBoost Classifier,0,0,0.084588334
01_knn,Distancia,XGBoost Classifier,1,1,0.9999931
01_knn,Distancia,XGBoost Classifier,0,0,0.22555041
01_knn,Distancia,XGBoost Classifier,0,0,5.627519e-06
01_knn,Distancia,XGBoost Classifier,1,1,0.9994727
01_knn,Distancia,XGBoost Classifier,0,0,9.505466e-05
01_knn,Distancia,XGBoost Classifier,0,0,0.00021726105
01_knn,Distancia,XGBoost Classifier,0,0,0.0008018066
01_knn,Distancia,XGBoost Classifier,0,0,0.0005368822
01_knn,Distancia,XGBoost Classifier,1,1,0.9999918
01_knn,Distancia,XGBoost Classifier,0,0,0.010541006
01_knn,Distancia,XGBoost Classifier,0,0,7.74365e-05
01_knn,Distancia,XGBoost Classifier,0,0,0.009068705
01_knn,Distancia,XGBoost Classifier,1,1,0.99981743
01_knn,Distancia,XGBoost Classifier,0,0,0.0064861244
01_knn,Distancia,XGBoost Classifier,0,0,0.0008096136
01_knn,Distancia,XGBoost Classifier,1,1,0.99999917
01_knn,Distancia,XGBoost Classifier,0,0,0.000909871
01_knn,Distancia,XGBoost Classifier,0,0,0.00011250487
01_knn,Distancia,XGBoost Classifier,0,0,4.8484613e-05
01_knn,Distancia,XGBoost Classifier,0,0,6.1672064e-05
01_knn,Distancia,XGBoost Classifier,0,0,0.0003062974
01_knn,Distancia,XGBoost Classifier,0,0,7.655899e-06
01_knn,Distancia,XGBoost Classifier,1,1,0.9997179
01_knn,Distancia,XGBoost Classifier,0,0,0.0058138324
01_knn,Distancia,XGBoost Classifier,0,0,2.565818e-05
01_knn,Distancia,XGBoost Classifier,0,0,0.0010796834
01_knn,Distancia,XGBoost Classifier,0,0,0.011145969
01_knn,Distancia,XGBoost Classifier,1,1,0.99999
01_knn,Distancia,XGBoost Classifier,0,0,0.00067188876
01_knn,Distancia,XGBoost Classifier,1,1,0.9999442
01_knn,Distancia,XGBoost Classifier,0,0,5.423322e-05
01_knn,Distancia,XGBoost Classifier,0,0,0.0060652588
01_knn,Distancia,XGBoost Classifier,0,0,8.242316e-05
01_knn,Distancia,XGBoost Classifier,0,0,0.00083552283
01_knn,Distancia,XGBoost Classifier,0,0,0.00046062676
01_knn,Distancia,XGBoost Classifier,1,1,0.99785405
01_knn,Distancia,XGBoost Classifier,0,0,9.520372e-06
01_knn,Distancia,XGBoost Classifier,0,0,0.00079719245
01_knn,Distancia,XGBoost Classifier,1,1,0.99938536
01_knn,Distancia,XGBoost Classifier,0,0,0.0004935605
01_knn,Distancia,XGBoost Classifier,0,0,1.6589098e-05
01_knn,Distancia,XGBoost Classifier,0,0,0.22129504
01_knn,Distancia,XGBoost Classifier,0,0,0.000117595584
01_knn,Distancia,XGBoost Classifier,1,1,0.9998498
01_knn,Distancia,XGBoost Classifier,1,1,0.99999523
01_knn,Distancia,XGBoost Classifier,0,0,0.033237416
01_knn,Distancia,XGBoost Classifier,0,0,0.0029013213
01_knn,Distancia,XGBoost Classifier,0,0,0.0048858393
01_knn,Distancia,XGBoost Classifier,0,0,8.272656e-05
01_knn,Distancia,XGBoost Classifier,1,1,0.9999962
01_knn,Distancia,XGBoost Classifier,1,1,0.9998683
01_knn,Distancia,XGBoost Classifier,0,0,0.011516327
01_knn,Distancia,XGBoost Classifier,0,0,0.00083229516
01_knn,Distancia,XGBoost Classifier,0,0,0.0007651498
01_knn,Distancia,XGBoost Classifier,0,0,5.2168078e-05
01_knn,Distancia,XGBoost Classifier,1,1,0.9915652
01_knn,Distancia,XGBoost Classifier,1,0,0.045158736
01_knn,Distancia,XGBoost Classifier,0,0,0.0006314643
01_knn,Distancia,XGBoost Classifier,0,0,5.386891e-05
01_knn,Distancia,XGBoost Classifier,0,0,0.0020034572
01_knn,Distancia,XGBoost Classifier,0,0,0.00013888926
01_knn,Distancia,XGBoost Classifier,0,0,0.030641109
01_knn,Distancia,XGBoost Classifier,0,0,0.00012739083
01_knn,Distancia,XGBoost Classifier,0,0,0.0011001853
01_knn,Distancia,XGBoost Classifier,0,0,3.1445786e-06
01_knn,Distancia,XGBoost Classifier,0,0,0.0002898694
01_knn,Distancia,XGBoost Classifier,0,0,0.00023178452
01_knn,Distancia,XGBoost Classifier,0,0,0.0023451129
01_knn,Distancia,XGBoost Classifier,0,0,8.069277e-05
01_knn,Distancia,XGBoost Classifier,0,0,0.012159873
01_knn,Distancia,XGBoost Classifier,0,0,0.0014419291
01_knn,Distancia,XGBoost Classifier,1,1,0.9999982
01_knn,Distancia,XGBoost Classifier,0,0,1.988103e-05
01_knn,Distancia,XGBoost Classifier,0,0,0.0019348392
01_knn,Distancia,XGBoost Classifier,1,1,0.9998105
01_knn,Distancia,XGBoost Classifier,0,0,0.0014256142
01_knn,Distancia,XGBoost Classifier,0,0,6.430531e-05
01_knn,Distancia,XGBoost Classifier,0,1,0.90842015
01_knn,Distancia,XGBoost Classifier,0,0,0.0004502398
01_knn,Distancia,XGBoost Classifier,0,0,0.0070393225
01_knn,Distancia,XGBoost Classifier,1,1,0.99999845
01_knn,Distancia,XGBoost Classifier,0,0,0.00068012933
01_knn,Distancia,XGBoost Classifier,1,1,0.95984876
01_knn,Distancia,XGBoost Classifier,0,0,0.0009191997
01_knn,Distancia,XGBoost Classifier,1,1,0.99999666
01_knn,Distancia,XGBoost Classifier,0,0,4.860405e-05
01_knn,Distancia,XGBoost Classifier,0,0,7.575544e-05
01_knn,Distancia,XGBoost Classifier,0,0,1.0376427e-05
01_knn,Distancia,XGBoost Classifier,1,1,0.9999949
01_knn,Distancia,XGBoost Classifier,0,0,0.00015948858
01_knn,Distancia,XGBoost Classifier,0,0,0.0002665038
01_knn,Distancia,XGBoost Classifier,1,1,0.99998546
01_knn,Distancia,XGBoost Classifier,1,1,0.8470335
01_knn,Distancia,XGBoost Classifier,1,1,0.9554455
01_knn,Distancia,XGBoost Classifier,0,0,7.687783e-05
01_knn,Distancia,XGBoost Classifier,0,0,3.791271e-05
01_knn,Distancia,XGBoost Classifier,0,0,0.00039351013
01_knn,Distancia,XGBoost Classifier,0,0,0.0014423782
01_knn,Distancia,XGBoost Classifier,0,0,0.14857537
01_knn,Distancia,XGBoost Classifier,1,1,0.8993579
01_knn,Distancia,XGBoost Classifier,0,0,1.3935953e-05
01_knn,Distancia,XGBoost Classifier,0,0,0.00065850915
01_knn,Distancia,XGBoost Classifier,0,0,0.00365387
01_knn,Distancia,XGBoost Classifier,0,0,0.010487701
01_knn,Distancia,XGBoost Classifier,0,0,0.0006790173
01_knn,Distancia,XGBoost Classifier,0,0,5.936668e-05
01_knn,Distancia,XGBoost Classifier,0,0,0.00037390378
01_knn,Distancia,XGBoost Classifier,0,0,0.0031293943
01_knn,Distancia,XGBoost Classifier,0,0,0.0046033976
01_knn,Distancia,XGBoost Classifier,0,0,0.00012026749
01_knn,Distancia,XGBoost Classifier,0,0,0.00018146585
01_knn,Distancia,XGBoost Classifier,0,0,0.000750688
01_knn,Distancia,XGBoost Classifier,0,0,0.00021447508
01_knn,Distancia,XGBoost Classifier,0,0,0.0002858734
01_knn,Distancia,XGBoost Classifier,0,0,0.0019456835
01_knn,Distancia,XGBoost Classifier,0,0,0.015770767
01_knn,Distancia,XGBoost Classifier,0,0,0.00024498822
01_knn,Distancia,XGBoost Classifier,0,0,0.00078758417
01_knn,Distancia,XGBoost Classifier,0,0,0.0001264495
01_knn,Distancia,XGBoost Classifier,1,1,0.9999982
01_knn,Distancia,XGBoost Classifier,1,1,0.9999932
01_knn,Distancia,XGBoost Classifier,0,0,0.000104197534
01_knn,Distancia,XGBoost Classifier,0,0,0.0052424185
01_knn,Distancia,XGBoost Classifier,0,0,4.470183e-05
01_knn,Distancia,XGBoost Classifier,0,0,0.0005162083
01_knn,Distancia,XGBoost Classifier,0,0,3.4072127e-05
01_knn,Distancia,XGBoost Classifier,1,1,0.97011214
01_knn,Distancia,XGBoost Classifier,0,0,0.0013137864
01_knn,Distancia,XGBoost Classifier,0,0,9.4060015e-05
01_knn,Distancia,XGBoost Classifier,1,1,0.767113
01_knn,Distancia,XGBoost Classifier,0,0,0.0005091359
01_knn,Distancia,XGBoost Classifier,1,1,0.923151
01_knn,Distancia,XGBoost Classifier,1,1,0.99965143
01_knn,Distancia,XGBoost Classifier,0,0,0.0008825033
01_knn,Distancia,XGBoost Classifier,1,1,0.73289603
01_knn,Distancia,XGBoost Classifier,0,0,0.00033679575
01_knn,Distancia,XGBoost Classifier,0,0,0.0062690265
01_knn,Distancia,XGBoost Classifier,0,0,6.4646745e-05
01_knn,Distancia,XGBoost Classifier,0,0,0.15738648
01_knn,Distancia,XGBoost Classifier,0,0,0.05553627
01_knn,Distancia,XGBoost Classifier,0,0,0.00015827616
01_knn,Distancia,XGBoost Classifier,0,0,0.0014764899
01_knn,Distancia,XGBoost Classifier,0,0,0.19940631
01_knn,Distancia,XGBoost Classifier,0,0,0.0026356056
01_knn,Distancia,XGBoost Classifier,0,0,0.009622822
01_knn,Distancia,XGBoost Classifier,0,0,0.00072182826
01_knn,Distancia,XGBoost Classifier,0,0,0.0006888834
01_knn,Distancia,XGBoost Classifier,0,0,0.0020952448
01_knn,Distancia,XGBoost Classifier,0,0,0.00010683182
01_knn,Distancia,XGBoost Classifier,0,0,0.00010439444
01_knn,Distancia,XGBoost Classifier,0,0,0.009464291
01_knn,Distancia,XGBoost Classifier,0,0,1.09500415e-05
01_knn,Distancia,XGBoost Classifier,0,0,0.055372912
01_knn,Distancia,XGBoost Classifier,0,0,3.347903e-05
01_knn,Distancia,XGBoost Classifier,1,1,0.9999863
01_knn,Distancia,XGBoost Classifier,0,0,0.0014789285
01_knn,Distancia,XGBoost Classifier,0,0,0.00011710925
01_knn,Distancia,XGBoost Classifier,1,1,0.99999964
01_knn,Distancia,XGBoost Classifier,0,0,0.0017487869
01_knn,Distancia,XGBoost Classifier,1,1,0.99999666
01_knn,Distancia,XGBoost Classifier,0,0,0.001493657
01_knn,Distancia,XGBoost Classifier,0,0,0.010133405
01_knn,Distancia,XGBoost Classifier,0,0,1.5972848e-05
01_knn,Distancia,XGBoost Classifier,0,0,0.00388962
01_knn,Distancia,XGBoost Classifier,0,0,7.47215e-05
01_knn,Distancia,XGBoost Classifier,1,1,0.9994879
01_knn,Distancia,XGBoost Classifier,0,0,0.00039821572
01_knn,Distancia,XGBoost Classifier,1,1,0.96886843
01_knn,Distancia,XGBoost Classifier,1,1,0.9999995
01_knn,Distancia,XGBoost Classifier,0,0,0.0005768061
01_knn,Distancia,XGBoost Classifier,0,0,0.00013523421
01_knn,Distancia,XGBoost Classifier,0,0,5.225885e-05
01_knn,Distancia,XGBoost Classifier,0,0,0.0023170942
01_knn,Distancia,XGBoost Classifier,0,0,0.003328291
01_knn,Distancia,XGBoost Classifier,0,0,0.00014719312
01_knn,Distancia,XGBoost Classifier,0,0,2.0340487e-06
01_knn,Distancia,XGBoost Classifier,1,1,0.9999995
01_knn,Distancia,XGBoost Classifier,0,0,0.00032761804
01_knn,Distancia,XGBoost Classifier,0,0,0.00075732684
01_knn,Distancia,XGBoost Classifier,1,1,0.9999918
01_knn,Distancia,XGBoost Classifier,0,0,2.982014e-05
01_knn,Distancia,XGBoost Classifier,0,0,0.00085338677
01_knn,Distancia,XGBoost Classifier,0,0,0.0064537106
01_knn,Distancia,XGBoost Classifier,0,0,9.456599e-05
01_knn,Distancia,XGBoost Classifier,0,0,0.0013625621
01_knn,Distancia,XGBoost Classifier,0,0,0.00051951036
01_knn,Distancia,XGBoost Classifier,0,1,0.77774435
01_knn,Distancia,XGBoost Classifier,1,1,0.97339976
01_knn,Distancia,XGBoost Classifier,0,0,2.485958e-05
01_knn,Distancia,XGBoost Classifier,0,0,0.0023675528
01_knn,Distancia,XGBoost Classifier,1,1,0.99999714
01_knn,Distancia,XGBoost Classifier,0,0,0.0007274318
01_knn,Distancia,XGBoost Classifier,1,1,0.9983101
01_knn,Distancia,XGBoost Classifier,0,0,0.015872845
01_knn,Distancia,XGBoost Classifier,0,0,8.373884e-05
01_knn,Distancia,XGBoost Classifier,0,0,2.3085782e-05
01_knn,Distancia,XGBoost Classifier,0,0,0.0010409679
01_knn,Distancia,XGBoost Classifier,0,0,0.0004413884
01_knn,Distancia,XGBoost Classifier,0,0,0.00023474022
01_knn,Distancia,XGBoost Classifier,1,1,0.98456085
01_knn,Distancia,XGBoost Classifier,0,0,0.00011618981
01_knn,Distancia,XGBoost Classifier,0,0,0.0026949341
01_knn,Distancia,XGBoost Classifier,0,0,0.0010324302
01_knn,Distancia,XGBoost Classifier,0,0,7.8171164e-05
01_knn,Distancia,XGBoost Classifier,1,1,0.9999877
01_knn,Distancia,XGBoost Classifier,0,0,1.4071047e-05
01_knn,Distancia,XGBoost Classifier,0,0,0.005059799
01_knn,Distancia,XGBoost Classifier,0,0,2.413622e-06
01_knn,Distancia,XGBoost Classifier,0,0,0.0004962261
01_knn,Distancia,XGBoost Classifier,1,1,0.9999989
01_knn,Distancia,XGBoost Classifier,0,0,0.0007768532
01_knn,Distancia,XGBoost Classifier,0,0,0.000112289235
01_knn,Distancia,XGBoost Classifier,0,0,0.00020848097
01_knn,Distancia,XGBoost Classifier,0,0,4.6737823e-05
01_knn,Distancia,XGBoost Classifier,0,0,0.01167944
01_knn,Distancia,XGBoost Classifier,1,1,0.99884856
01_knn,Distancia,XGBoost Classifier,0,0,2.4041225e-05
01_knn,Distancia,XGBoost Classifier,0,0,0.005896511
01_knn,Distancia,XGBoost Classifier,0,0,0.0015025982
01_knn,Distancia,XGBoost Classifier,0,1,0.6211021
01_knn,Distancia,XGBoost Classifier,0,0,0.00024413783
01_knn,Distancia,XGBoost Classifier,1,1,0.99998
01_knn,Distancia,XGBoost Classifier,1,1,0.9951206
01_knn,Distancia,XGBoost Classifier,1,1,0.9998877
01_knn,Distancia,XGBoost Classifier,0,0,0.00036833517
01_knn,Distancia,XGBoost Classifier,0,0,0.09456829
01_knn,Distancia,XGBoost Classifier,0,0,0.0015373909
01_knn,Distancia,XGBoost Classifier,1,1,0.99999666
01_knn,Distancia,XGBoost Classifier,1,1,0.9999783
01_knn,Distancia,XGBoost Classifier,0,0,0.03010606
01_knn,Distancia,XGBoost Classifier,0,0,0.21496594
01_knn,Distancia,XGBoost Classifier,0,0,0.00613562
01_knn,Distancia,XGBoost Classifier,1,1,0.9999993
01_knn,Distancia,XGBoost Classifier,0,0,0.041394453
01_knn,Distancia,XGBoost Classifier,0,0,0.0009063973
01_knn,Distancia,XGBoost Classifier,1,1,0.9999927
01_knn,Distancia,XGBoost Classifier,0,0,5.527456e-05
01_knn,Distancia,XGBoost Classifier,0,0,0.015611499
01_knn,Distancia,XGBoost Classifier,1,1,0.99999475
01_knn,Distancia,XGBoost Classifier,0,0,0.0009693553
01_knn,Distancia,XGBoost Classifier,0,0,1.0953363e-05
01_knn,Distancia,XGBoost Classifier,0,0,0.00017717962
01_knn,Distancia,XGBoost Classifier,0,0,0.0788231
01_knn,Distancia,XGBoost Classifier,0,0,1.8055918e-05
01_knn,Distancia,XGBoost Classifier,0,0,6.874373e-05
01_knn,Distancia,XGBoost Classifier,0,0,1.9014025e-05
01_knn,Distancia,XGBoost Classifier,0,0,0.0008330278
01_knn,Distancia,XGBoost Classifier,1,1,0.9999975
01_knn,Distancia,XGBoost Classifier,1,1,0.9998241
01_knn,Distancia,XGBoost Classifier,1,1,0.99999726
01_knn,Distancia,XGBoost Classifier,0,0,8.354736e-06
01_knn,Distancia,XGBoost Classifier,0,0,0.016850024
01_knn,Distancia,XGBoost Classifier,1,1,0.999997
01_knn,Distancia,XGBoost Classifier,0,0,0.0007313068
01_knn,Distancia,XGBoost Classifier,1,1,0.9980709
01_knn,Distancia,XGBoost Classifier,0,0,0.00011837265
01_knn,Distancia,XGBoost Classifier,0,0,0.0040920824
01_knn,Distancia,XGBoost Classifier,0,0,5.0522103e-06
01_knn,Distancia,XGBoost Classifier,0,0,0.006618646
01_knn,Distancia,XGBoost Classifier,0,0,0.0020473523
01_knn,Distancia,XGBoost Classifier,0,0,9.923323e-05
01_knn,Distancia,XGBoost Classifier,1,1,0.99936765
01_knn,Distancia,XGBoost Classifier,0,0,0.0033679665
01_knn,Distancia,XGBoost Classifier,0,0,0.00084854267
01_knn,Distancia,XGBoost Classifier,1,1,0.9999981
01_knn,Distancia,XGBoost Classifier,0,0,6.327993e-05
01_knn,Distancia,XGBoost Classifier,0,0,0.0058971955
01_knn,Distancia,XGBoost Classifier,1,1,0.87265325
01_knn,Distancia,XGBoost Classifier,0,0,0.0012974549
01_knn,Distancia,XGBoost Classifier,1,1,0.99998474
01_knn,Distancia,XGBoost Classifier,0,1,0.60957503
01_knn,Distancia,XGBoost Classifier,1,1,0.9922232
01_knn,Distancia,XGBoost Classifier,0,0,0.00032685683
01_knn,Distancia,XGBoost Classifier,1,1,0.99969923
01_knn,Distancia,XGBoost Classifier,0,0,0.00030668953
01_knn,Distancia,XGBoost Classifier,0,0,0.00032320747
01_knn,Distancia,XGBoost Classifier,0,0,0.039057445
01_knn,Distancia,XGBoost Classifier,0,0,3.8500726e-05
01_knn,Distancia,XGBoost Classifier,0,0,0.007971801
01_knn,Distancia,XGBoost Classifier,0,0,6.174268e-05
01_knn,Distancia,XGBoost Classifier,1,1,0.9999964
01_knn,Distancia,XGBoost Classifier,0,0,0.003803204
01_knn,Distancia,XGBoost Classifier,0,0,0.112652354
01_knn,Distancia,XGBoost Classifier,0,0,7.4227e-05
01_knn,Distancia,XGBoost Classifier,1,1,0.99955684
01_knn,Distancia,XGBoost Classifier,0,0,0.0015597095
01_knn,Distancia,XGBoost Classifier,1,1,0.9999938
01_knn,Distancia,XGBoost Classifier,0,0,0.0044084387
01_knn,Distancia,XGBoost Classifier,0,0,2.9011831e-05
01_knn,Distancia,XGBoost Classifier,0,0,0.0007170686
01_knn,Distancia,XGBoost Classifier,0,0,8.7374596e-05
01_knn,Distancia,XGBoost Classifier,0,0,5.6066787e-05
01_knn,Distancia,XGBoost Classifier,0,0,0.0005250165
01_knn,Distancia,XGBoost Classifier,0,0,5.5053617e-05
01_knn,Distancia,XGBoost Classifier,0,0,2.3787376e-05
01_knn,Distancia,XGBoost Classifier,1,1,0.7711555
01_knn,Distancia,XGBoost Classifier,0,0,2.611094e-06
01_knn,Distancia,XGBoost Classifier,0,0,0.0242874
01_knn,Distancia,XGBoost Classifier,1,1,0.9999937
01_knn,Distancia,XGBoost Classifier,0,1,0.9805766
01_knn,Distancia,XGBoost Classifier,1,1,0.9999926
01_knn,Distancia,XGBoost Classifier,1,1,0.99147886
01_knn,Distancia,XGBoost Classifier,0,0,0.00013014892
01_knn,Distancia,XGBoost Classifier,0,0,0.036911633
01_knn,Distancia,XGBoost Classifier,0,0,0.1704889
01_knn,Distancia,XGBoost Classifier,0,0,0.000935049
01_knn,Distancia,XGBoost Classifier,1,1,0.99903333
01_knn,Distancia,XGBoost Classifier,1,1,0.9999981
01_knn,Distancia,XGBoost Classifier,1,1,0.99997485
01_knn,Distancia,XGBoost Classifier,1,1,0.9999788
01_knn,Distancia,XGBoost Classifier,0,0,0.004832129
01_knn,Distancia,XGBoost Classifier,0,0,0.0016256348
01_knn,Distancia,XGBoost Classifier,0,1,0.7117647
01_knn,Distancia,XGBoost Classifier,0,0,0.0003199964
01_knn,Distancia,XGBoost Classifier,0,0,0.0011589731
01_knn,Distancia,XGBoost Classifier,1,1,0.9999856
01_knn,Distancia,XGBoost Classifier,0,0,9.915567e-06
01_knn,Distancia,XGBoost Classifier,0,0,0.0027444228
01_knn,Distancia,XGBoost Classifier,0,0,2.0391653e-05
01_knn,Distancia,XGBoost Classifier,1,1,0.99999833
01_knn,Distancia,XGBoost Classifier,0,0,0.00026065324
01_knn,Distancia,XGBoost Classifier,0,0,0.008516153
01_knn,Distancia,XGBoost Classifier,1,1,0.99973756
01_knn,Distancia,XGBoost Classifier,1,1,0.75674886
01_knn,Distancia,XGBoost Classifier,0,0,0.0011914984
01_knn,Distancia,XGBoost Classifier,0,0,0.0001694589
01_knn,Distancia,XGBoost Classifier,0,0,0.00033603434
01_knn,Distancia,XGBoost Classifier,0,0,3.1827508e-06
01_knn,Distancia,XGBoost Classifier,0,0,0.00021160553
01_knn,Distancia,XGBoost Classifier,0,0,6.476491e-05
01_knn,Distancia,XGBoost Classifier,0,0,0.00648183
01_knn,Distancia,XGBoost Classifier,0,0,0.008326202
01_knn,Distancia,XGBoost Classifier,0,0,0.00022752944
01_knn,Distancia,XGBoost Classifier,0,0,0.0007640433
01_knn,Distancia,XGBoost Classifier,1,1,0.9997093
01_knn,Distancia,XGBoost Classifier,0,0,4.639793e-06
01_knn,Distancia,XGBoost Classifier,0,0,2.7736252e-05
01_knn,Distancia,XGBoost Classifier,0,0,8.6944885e-05
01_knn,Distancia,XGBoost Classifier,0,0,2.9419614e-06
01_knn,Distancia,XGBoost Classifier,0,0,0.000116519775
01_knn,Distancia,XGBoost Classifier,0,0,3.4895435e-05
01_knn,Distancia,XGBoost Classifier,1,1,0.99999523
01_knn,Distancia,XGBoost Classifier,1,1,0.9828334
01_knn,Distancia,XGBoost Classifier,1,1,0.9999969
01_knn,Distancia,XGBoost Classifier,0,0,0.00060725526
01_knn,Distancia,XGBoost Classifier,0,0,1.3258027e-06
01_knn,Distancia,XGBoost Classifier,1,1,0.99917066
01_knn,Distancia,XGBoost Classifier,0,0,0.010504955
01_knn,Distancia,XGBoost Classifier,0,0,1.6375128e-05
01_knn,Distancia,XGBoost Classifier,0,0,5.5460834e-05
01_knn,Distancia,XGBoost Classifier,0,0,6.5437365e-05
01_knn,Distancia,XGBoost Classifier,0,0,9.057288e-05
01_knn,Distancia,XGBoost Classifier,0,0,0.00014749223
01_knn,Distancia,XGBoost Classifier,0,0,0.0029000042
01_knn,Distancia,XGBoost Classifier,0,0,0.0031456817
01_knn,Distancia,XGBoost Classifier,0,0,0.00078916975
01_knn,Distancia,XGBoost Classifier,0,0,0.00016520038
01_knn,Distancia,XGBoost Classifier,0,0,0.001459437
01_knn,Distancia,XGBoost Classifier,0,0,0.0033049847
01_knn,Distancia,XGBoost Classifier,0,0,0.0014214605
01_knn,Distancia,XGBoost Classifier,0,0,0.037634894
01_knn,Distancia,XGBoost Classifier,0,0,0.0025361278
01_knn,Distancia,XGBoost Classifier,1,1,0.99907744
01_knn,Distancia,XGBoost Classifier,0,1,0.93900263
01_knn,Distancia,XGBoost Classifier,0,0,0.00023875038
01_knn,Distancia,XGBoost Classifier,0,0,0.00016557446
01_knn,Distancia,XGBoost Classifier,0,0,1.1834536e-05
01_knn,Distancia,XGBoost Classifier,0,0,4.549848e-06
01_knn,Distancia,XGBoost Classifier,0,0,0.00044083144
01_knn,Distancia,XGBoost Classifier,1,1,0.99999607
01_knn,Distancia,XGBoost Classifier,0,0,0.0009895726
01_knn,Distancia,XGBoost Classifier,1,1,0.73546636
01_knn,Distancia,XGBoost Classifier,0,0,1.1700387e-05
01_knn,Distancia,XGBoost Classifier,1,1,0.9999988
01_knn,Distancia,XGBoost Classifier,0,0,0.0008780449
01_knn,Distancia,XGBoost Classifier,1,1,0.9999683
01_knn,Distancia,XGBoost Classifier,1,1,0.9999968
01_knn,Distancia,XGBoost Classifier,1,1,0.9973568
01_knn,Distancia,XGBoost Classifier,0,0,0.0001750667
01_knn,Distancia,XGBoost Classifier,1,1,0.99999666
01_knn,Distancia,XGBoost Classifier,0,0,2.916326e-05
01_knn,Distancia,XGBoost Classifier,0,0,1.7667053e-05
01_knn,Distancia,XGBoost Classifier,0,0,0.00016684389
01_knn,Distancia,XGBoost Classifier,0,0,5.1587085e-05
01_knn,Distancia,XGBoost Classifier,1,1,0.9994116
01_knn,Distancia,XGBoost Classifier,0,0,3.2530174e-06
01_knn,Distancia,XGBoost Classifier,0,0,0.0003623088
01_knn,Distancia,XGBoost Classifier,0,0,0.32127544
01_knn,Distancia,XGBoost Classifier,0,0,7.329432e-05
01_knn,Distancia,XGBoost Classifier,0,1,0.98158365
01_knn,Distancia,XGBoost Classifier,0,0,0.00019002084
01_knn,Distancia,XGBoost Classifier,1,1,0.99998224
01_knn,Distancia,XGBoost Classifier,0,0,0.00015465848
01_knn,Distancia,XGBoost Classifier,0,0,0.0006631741
01_knn,Distancia,XGBoost Classifier,0,0,0.0003415421
01_knn,Distancia,XGBoost Classifier,1,1,0.9999883
01_knn,Distancia,XGBoost Classifier,1,1,0.9999701
01_knn,Distancia,XGBoost Classifier,0,0,0.0007292847
01_knn,Distancia,XGBoost Classifier,1,1,0.88307875
01_knn,Distancia,XGBoost Classifier,1,1,0.9999994
01_knn,Distancia,XGBoost Classifier,0,0,2.6562564e-05
01_knn,Distancia,XGBoost Classifier,0,0,0.0031031203
01_knn,Distancia,XGBoost Classifier,0,0,0.00030033334
01_knn,Distancia,XGBoost Classifier,0,0,0.0012366511
01_knn,Distancia,XGBoost Classifier,0,0,0.006984233
01_knn,Distancia,XGBoost Classifier,0,0,0.015660943
01_knn,Distancia,XGBoost Classifier,0,0,3.814579e-05
01_knn,Distancia,XGBoost Classifier,1,1,0.9999926
01_knn,Distancia,XGBoost Classifier,0,0,0.00073869067
01_knn,Distancia,XGBoost Classifier,1,1,0.93880695
01_knn,Distancia,XGBoost Classifier,1,1,0.99995923
01_knn,Distancia,XGBoost Classifier,0,0,0.0691298
01_knn,Distancia,XGBoost Classifier,0,0,0.0038008688
01_knn,Distancia,XGBoost Classifier,0,0,0.0007900854
01_knn,Distancia,XGBoost Classifier,0,0,0.0006090159
01_knn,Distancia,XGBoost Classifier,0,0,0.008843471
01_knn,Distancia,XGBoost Classifier,0,0,0.0007181338
01_knn,Distancia,XGBoost Classifier,0,0,1.8684575e-05
01_knn,Distancia,XGBoost Classifier,0,0,3.7573474e-05
01_knn,Distancia,XGBoost Classifier,0,0,7.417612e-05
01_knn,Distancia,XGBoost Classifier,0,0,6.29528e-05
01_knn,Distancia,XGBoost Classifier,0,0,0.0011490674
01_knn,Distancia,XGBoost Classifier,0,0,6.870191e-05
01_knn,Distancia,XGBoost Classifier,1,1,0.999798
01_knn,Distancia,XGBoost Classifier,0,0,0.00278227
01_knn,Distancia,XGBoost Classifier,0,0,1.1534989e-06
01_knn,Distancia,XGBoost Classifier,0,0,2.6941127e-05
01_knn,Distancia,XGBoost Classifier,1,1,0.9990715
01_knn,Distancia,XGBoost Classifier,1,1,0.9999995
01_knn,Distancia,XGBoost Classifier,0,0,0.00049251766
01_knn,Distancia,XGBoost Classifier,1,1,0.86672145
01_knn,Distancia,XGBoost Classifier,0,0,0.0038765215
01_knn,Distancia,XGBoost Classifier,0,0,9.314717e-05
01_knn,Distancia,XGBoost Classifier,0,0,1.4445654e-05
01_knn,Distancia,XGBoost Classifier,0,0,0.00023258502
01_knn,Distancia,XGBoost Classifier,0,0,0.036889832
01_knn,Distancia,XGBoost Classifier,0,0,2.1901003e-05
01_knn,Distancia,XGBoost Classifier,0,0,0.0012944476
01_knn,Distancia,XGBoost Classifier,0,0,0.01602305
01_knn,Distancia,XGBoost Classifier,0,0,3.7036472e-05
01_knn,Distancia,XGBoost Classifier,0,0,0.007980596
01_knn,Distancia,XGBoost Classifier,0,0,0.00042836013
01_knn,Distancia,XGBoost Classifier,0,0,0.002682035
01_knn,Distancia,XGBoost Classifier,0,0,2.6802618e-05
01_knn,Distancia,XGBoost Classifier,0,0,2.1784332e-05
01_knn,Distancia,XGBoost Classifier,0,0,0.0003572018
01_knn,Distancia,XGBoost Classifier,1,1,0.9999958
01_knn,Distancia,XGBoost Classifier,0,0,0.0038108393
01_knn,Distancia,XGBoost Classifier,0,0,0.00016210762
01_knn,Distancia,XGBoost Classifier,0,0,0.00058763457
01_knn,Distancia,XGBoost Classifier,0,0,0.00025996973
01_knn,Distancia,XGBoost Classifier,0,0,0.0005005357
01_knn,Distancia,XGBoost Classifier,0,0,0.0016444925
01_knn,Distancia,XGBoost Classifier,0,0,0.00033460415
01_knn,Distancia,XGBoost Classifier,0,0,0.00013021732
01_knn,Distancia,XGBoost Classifier,0,0,0.00095822517
01_knn,Distancia,XGBoost Classifier,0,0,0.32067436
01_knn,Distancia,XGBoost Classifier,0,0,0.00029303573
01_knn,Distancia,XGBoost Classifier,0,0,0.29408047
01_knn,Distancia,XGBoost Classifier,0,0,0.0027091883
01_knn,Distancia,XGBoost Classifier,0,0,1.7733171e-05
01_knn,Distancia,XGBoost Classifier,0,0,0.43928212
01_knn,Distancia,XGBoost Classifier,0,0,0.0015448572
01_knn,Distancia,XGBoost Classifier,1,1,0.99999964
01_knn,Distancia,XGBoost Classifier,0,0,0.00039156558
01_knn,Distancia,XGBoost Classifier,0,0,8.175996e-05
01_knn,Distancia,XGBoost Classifier,0,0,0.00096386916
01_knn,Distancia,XGBoost Classifier,0,1,0.92409915
01_knn,Distancia,XGBoost Classifier,0,0,0.00043099705
01_knn,Distancia,XGBoost Classifier,0,0,0.00010426869
01_knn,Distancia,XGBoost Classifier,0,0,0.0012651188
01_knn,Distancia,XGBoost Classifier,0,0,0.2747866
01_knn,Distancia,XGBoost Classifier,0,0,0.002286922
01_knn,Distancia,XGBoost Classifier,0,0,5.7153466e-05
01_knn,Distancia,XGBoost Classifier,0,0,0.002389644
01_knn,Distancia,XGBoost Classifier,0,1,0.95320225
01_knn,Distancia,XGBoost Classifier,0,0,0.0015727086
01_knn,Distancia,XGBoost Classifier,0,0,0.00077092694
01_knn,Distancia,XGBoost Classifier,0,0,0.00040591226
01_knn,Distancia,XGBoost Classifier,0,0,0.004110689
01_knn,Distancia,XGBoost Classifier,0,0,0.0002746319
01_knn,Distancia,XGBoost Classifier,0,0,0.0013351884
01_knn,Distancia,XGBoost Classifier,0,0,0.03376837
01_knn,Distancia,XGBoost Classifier,0,0,0.0039662034
01_knn,Distancia,XGBoost Classifier,0,0,0.00021744447
01_knn,Distancia,XGBoost Classifier,0,0,0.0017035316
01_knn,Distancia,XGBoost Classifier,1,1,0.5610276
01_knn,Distancia,XGBoost Classifier,0,0,1.0424114e-05
01_knn,Distancia,XGBoost Classifier,0,0,0.0005169311
01_knn,Distancia,XGBoost Classifier,0,0,0.004078047
01_knn,Distancia,XGBoost Classifier,0,0,0.0028460692
01_knn,Distancia,XGBoost Classifier,0,0,9.71581e-05
01_knn,Distancia,XGBoost Classifier,0,0,0.029846199
01_knn,Distancia,XGBoost Classifier,0,0,0.00010103644
01_knn,Distancia,XGBoost Classifier,1,1,0.9999713
01_knn,Distancia,XGBoost Classifier,0,0,2.3297529e-05
01_knn,Distancia,XGBoost Classifier,0,0,0.0011061598
01_knn,Distancia,XGBoost Classifier,1,1,0.9998354
01_knn,Distancia,XGBoost Classifier,0,0,0.001297958
01_knn,Distancia,XGBoost Classifier,0,0,0.0017128076
01_knn,Distancia,XGBoost Classifier,0,0,0.005613884
01_knn,Distancia,XGBoost Classifier,1,1,0.99999917
01_knn,Distancia,XGBoost Classifier,1,1,0.999997
01_knn,Distancia,XGBoost Classifier,0,0,2.5988342e-05
01_knn,Distancia,XGBoost Classifier,1,1,0.9999964
01_knn,Distancia,XGBoost Classifier,0,0,7.225924e-05
01_knn,Distancia,XGBoost Classifier,0,0,0.00055689487
01_knn,Distancia,XGBoost Classifier,0,0,0.00259016
01_knn,Distancia,XGBoost Classifier,0,0,0.0022890912
01_knn,Distancia,XGBoost Classifier,0,0,0.00013431432
01_knn,Distancia,XGBoost Classifier,1,1,0.9999988
01_knn,Distancia,XGBoost Classifier,1,1,0.9995939
01_knn,Distancia,XGBoost Classifier,0,0,0.00033059713
01_knn,Distancia,XGBoost Classifier,0,0,0.00076304545
01_knn,Distancia,XGBoost Classifier,0,0,3.8263286e-05
01_knn,Distancia,XGBoost Classifier,0,0,0.0060551884
01_knn,Distancia,XGBoost Classifier,0,0,0.0003866603
01_knn,Distancia,XGBoost Classifier,1,1,0.9999925
01_knn,Distancia,XGBoost Classifier,0,0,0.0016313532
01_knn,Distancia,XGBoost Classifier,0,0,9.860741e-06
01_knn,Distancia,XGBoost Classifier,0,0,0.002975512
01_knn,Distancia,XGBoost Classifier,0,0,0.09109338
01_knn,Distancia,XGBoost Classifier,0,0,0.00256918
01_knn,Distancia,XGBoost Classifier,1,1,0.99991095
01_knn,Distancia,XGBoost Classifier,0,0,0.00017034294
01_knn,Distancia,XGBoost Classifier,1,1,0.9999999
01_knn,Distancia,XGBoost Classifier,0,0,4.911284e-05
01_knn,Distancia,XGBoost Classifier,0,0,0.001210238
01_knn,Distancia,XGBoost Classifier,0,0,0.0046047764
01_knn,Distancia,XGBoost Classifier,0,0,0.00014791165
01_knn,Distancia,XGBoost Classifier,0,0,6.407454e-05
01_knn,Distancia,XGBoost Classifier,0,0,0.09717811
01_knn,Distancia,XGBoost Classifier,1,1,0.99999404
01_knn,Distancia,XGBoost Classifier,0,0,0.00027960172
01_knn,Distancia,XGBoost Classifier,0,0,0.00012265364
01_knn,Distancia,XGBoost Classifier,0,0,5.5136206e-05
01_knn,Distancia,XGBoost Classifier,0,0,0.00039348198
01_knn,Distancia,XGBoost Classifier,0,0,0.0014891784
01_knn,Distancia,XGBoost Classifier,0,0,0.00021147382
01_knn,Distancia,XGBoost Classifier,1,0,0.42274284
01_knn,Distancia,XGBoost Classifier,0,0,0.009695021
01_knn,Distancia,XGBoost Classifier,0,0,0.040093258
01_knn,Distancia,XGBoost Classifier,1,0,0.08971414
01_knn,Distancia,XGBoost Classifier,0,0,1.6649086e-05
01_knn,Distancia,XGBoost Classifier,1,1,0.9999838
01_knn,Distancia,XGBoost Classifier,1,1,0.99998415
01_knn,Distancia,XGBoost Classifier,0,0,0.00010142323
01_knn,Distancia,XGBoost Classifier,0,0,0.008733301
01_knn,Distancia,XGBoost Classifier,0,0,7.590172e-05
01_knn,Distancia,XGBoost Classifier,0,0,0.00023391338
01_knn,Distancia,XGBoost Classifier,1,1,0.99999714
01_knn,Distancia,XGBoost Classifier,0,0,0.00086398685
01_knn,Distancia,XGBoost Classifier,0,0,0.0035071026
01_knn,Distancia,XGBoost Classifier,1,1,0.999979
01_knn,Distancia,XGBoost Classifier,0,0,6.3514585e-06
01_knn,Distancia,XGBoost Classifier,1,1,0.99999344
01_knn,Distancia,XGBoost Classifier,0,0,0.0005473282
01_knn,Distancia,XGBoost Classifier,0,0,0.035012193
01_knn,Distancia,XGBoost Classifier,0,0,0.0004899907
01_knn,Distancia,XGBoost Classifier,0,0,2.6120077e-05
01_knn,Distancia,XGBoost Classifier,1,1,0.9999956
01_knn,Distancia,XGBoost Classifier,0,0,0.003703456
01_knn,Distancia,XGBoost Classifier,1,1,0.9999759
01_knn,Distancia,XGBoost Classifier,0,0,0.002528618
01_knn,Distancia,XGBoost Classifier,0,0,7.425695e-05
01_knn,Distancia,XGBoost Classifier,0,0,0.0007608617
01_knn,Distancia,XGBoost Classifier,0,0,0.0008988659
01_knn,Distancia,XGBoost Classifier,0,0,0.001660242
01_knn,Distancia,XGBoost Classifier,0,0,0.0004861226
01_knn,Distancia,XGBoost Classifier,1,1,0.9999962
01_knn,Distancia,XGBoost Classifier,0,0,0.0028543333
01_knn,Distancia,XGBoost Classifier,0,0,0.00012783607
01_knn,Distancia,XGBoost Classifier,0,0,4.047818e-05
01_knn,Distancia,XGBoost Classifier,1,1,0.99999964
01_knn,Distancia,XGBoost Classifier,1,1,0.9999901
01_knn,Distancia,XGBoost Classifier,0,0,3.3561857e-05
01_knn,Distancia,XGBoost Classifier,0,0,0.00029011548
01_knn,Distancia,XGBoost Classifier,1,1,0.9998994
01_knn,Distancia,XGBoost Classifier,1,1,0.9999769
01_knn,Distancia,XGBoost Classifier,0,0,0.00026070193
01_knn,Distancia,XGBoost Classifier,0,0,4.55915e-05
01_knn,Distancia,XGBoost Classifier,1,1,0.99999774
01_knn,Distancia,XGBoost Classifier,0,0,0.00096389034
01_knn,Distancia,XGBoost Classifier,0,0,0.00020393735
01_knn,Distancia,XGBoost Classifier,1,1,0.99999976
01_knn,Distancia,XGBoost Classifier,0,0,0.047337264
01_knn,Distancia,XGBoost Classifier,0,0,2.4843892e-05
01_knn,Distancia,XGBoost Classifier,0,0,0.018204903
01_knn,Distancia,XGBoost Classifier,1,1,0.9999981
01_knn,Distancia,XGBoost Classifier,1,1,0.9993205
01_knn,Distancia,XGBoost Classifier,1,1,0.92263466
01_knn,Distancia,XGBoost Classifier,0,0,0.0006932733
01_knn,Distancia,XGBoost Classifier,1,1,0.99998677
01_knn,Distancia,XGBoost Classifier,0,0,1.1436613e-05
01_knn,Distancia,XGBoost Classifier,1,0,0.019398075
01_knn,Distancia,XGBoost Classifier,0,0,0.000114230934
01_knn,Distancia,XGBoost Classifier,0,1,0.57610345
01_knn,Distancia,XGBoost Classifier,0,0,5.374243e-05
01_knn,Distancia,XGBoost Classifier,1,1,0.8646593
01_knn,Distancia,XGBoost Classifier,1,1,0.99999714
01_knn,Distancia,XGBoost Classifier,0,0,0.00031890336
01_knn,Distancia,XGBoost Classifier,0,0,8.418343e-06
01_knn,Distancia,XGBoost Classifier,1,1,0.99999607
01_knn,Distancia,XGBoost Classifier,0,0,0.0052426155
01_knn,Distancia,XGBoost Classifier,0,0,7.1991824e-05
01_knn,Distancia,XGBoost Classifier,0,0,3.024591e-05
01_knn,Distancia,XGBoost Classifier,1,1,0.9999373
01_knn,Distancia,XGBoost Classifier,0,0,2.4642068e-06
01_knn,Distancia,XGBoost Classifier,1,1,0.9955836
01_knn,Distancia,XGBoost Classifier,0,0,0.00052234204
01_knn,Distancia,XGBoost Classifier,1,1,0.9999925
01_knn,Distancia,XGBoost Classifier,0,0,0.004969889
01_knn,Distancia,XGBoost Classifier,0,0,0.0007897192
01_knn,Distancia,XGBoost Classifier,0,0,0.022861712
01_knn,Distancia,XGBoost Classifier,0,0,0.0063409978
01_knn,Distancia,XGBoost Classifier,0,0,6.1932384e-05
01_knn,Distancia,XGBoost Classifier,0,0,1.9281684e-05
01_knn,Distancia,XGBoost Classifier,0,0,0.0005116233
01_knn,Distancia,XGBoost Classifier,0,0,0.0016870084
01_knn,Distancia,XGBoost Classifier,0,0,0.00081789226
01_knn,Distancia,XGBoost Classifier,0,0,0.00013928594
01_knn,Distancia,XGBoost Classifier,0,0,0.02687408
01_knn,Distancia,XGBoost Classifier,0,0,1.4258664e-05
01_knn,Distancia,XGBoost Classifier,0,0,7.802684e-05
01_knn,Distancia,XGBoost Classifier,0,0,0.0006508717
01_knn,Distancia,XGBoost Classifier,0,0,4.358494e-05
01_knn,Distancia,XGBoost Classifier,1,1,0.9999969
01_knn,Distancia,XGBoost Classifier,0,0,0.00023457444
01_knn,Distancia,XGBoost Classifier,0,0,0.00025272637
01_knn,Distancia,XGBoost Classifier,1,1,0.9999933
01_knn,Distancia,XGBoost Classifier,0,0,2.114083e-05
01_knn,Distancia,XGBoost Classifier,0,0,0.35931757
01_knn,Distancia,XGBoost Classifier,0,0,0.0011364613
01_knn,Distancia,XGBoost Classifier,0,0,0.005655621
01_knn,Distancia,XGBoost Classifier,0,0,0.015525016
01_knn,Distancia,XGBoost Classifier,0,0,0.058460668
01_knn,Distancia,XGBoost Classifier,0,0,0.00019519636
01_knn,Distancia,XGBoost Classifier,0,0,0.25488272
01_knn,Distancia,XGBoost Classifier,0,0,0.003311708
01_knn,Distancia,XGBoost Classifier,0,0,1.7008018e-05
01_knn,Distancia,XGBoost Classifier,0,0,0.00015515611
01_knn,Distancia,XGBoost Classifier,0,0,0.00017991233
01_knn,Distancia,XGBoost Classifier,0,0,0.00043640425
01_knn,Distancia,XGBoost Classifier,0,0,9.381288e-06
01_knn,Distancia,XGBoost Classifier,0,0,0.0051096263
01_knn,Distancia,XGBoost Classifier,0,0,1.7630193e-05
01_knn,Distancia,XGBoost Classifier,0,0,7.3249435e-06
01_knn,Distancia,XGBoost Classifier,0,0,3.5273202e-05
01_knn,Distancia,XGBoost Classifier,0,0,6.146053e-05
01_knn,Distancia,XGBoost Classifier,0,0,0.0011115914
01_knn,Distancia,XGBoost Classifier,0,0,7.962414e-06
01_knn,Distancia,XGBoost Classifier,1,1,0.9998085
01_knn,Distancia,XGBoost Classifier,0,0,0.0005925148
01_knn,Distancia,XGBoost Classifier,0,0,0.111860156
01_knn,Distancia,XGBoost Classifier,0,0,0.00035796504
01_knn,Distancia,XGBoost Classifier,0,0,0.0013160075
01_knn,Distancia,XGBoost Classifier,1,1,0.999739
01_knn,Distancia,XGBoost Classifier,0,0,2.4298735e-05
01_knn,Distancia,XGBoost Classifier,0,0,0.00473314
01_knn,Distancia,XGBoost Classifier,0,0,0.00063593994
01_knn,Distancia,XGBoost Classifier,0,0,0.00090909324
01_knn,Distancia,XGBoost Classifier,0,0,0.00033531914
01_knn,Distancia,XGBoost Classifier,1,1,0.99999213
01_knn,Distancia,XGBoost Classifier,0,0,9.879623e-06
01_knn,Distancia,XGBoost Classifier,0,0,4.061665e-05
01_knn,Distancia,XGBoost Classifier,0,0,0.0019568596
01_knn,Distancia,XGBoost Classifier,1,1,0.9858466
01_knn,Distancia,XGBoost Classifier,0,0,4.8058573e-06
01_knn,Distancia,XGBoost Classifier,0,0,0.00025869685
01_knn,Distancia,XGBoost Classifier,0,0,0.010478036
01_knn,Distancia,XGBoost Classifier,1,1,0.99999213
01_knn,Distancia,XGBoost Classifier,0,0,0.0011487096
01_knn,Distancia,XGBoost Classifier,0,0,3.7113477e-05
01_knn,Distancia,XGBoost Classifier,0,0,2.518045e-05
01_knn,Distancia,XGBoost Classifier,0,0,4.5433426e-05
01_knn,Distancia,XGBoost Classifier,0,0,0.0030287954
01_knn,Distancia,XGBoost Classifier,1,1,0.99999285
01_knn,Distancia,XGBoost Classifier,0,0,8.5679196e-05
01_knn,Distancia,XGBoost Classifier,0,0,2.6721356e-05
01_knn,Distancia,XGBoost Classifier,1,1,0.9987237
01_knn,Distancia,XGBoost Classifier,1,1,0.99999833
01_knn,Distancia,XGBoost Classifier,1,1,0.9993241
01_knn,Distancia,XGBoost Classifier,1,1,0.99848443
01_knn,Distancia,XGBoost Classifier,0,0,0.00038955748
01_knn,Distancia,XGBoost Classifier,1,1,0.99982685
01_knn,Distancia,XGBoost Classifier,1,1,0.99998975
01_knn,Distancia,XGBoost Classifier,0,0,0.00040727758
01_knn,Distancia,XGBoost Classifier,1,1,0.9774271
01_knn,Distancia,XGBoost Classifier,0,0,4.3301483e-05
01_knn,Distancia,XGBoost Classifier,0,0,0.047643673
01_knn,Distancia,XGBoost Classifier,1,1,0.9979334
01_knn,Distancia,XGBoost Classifier,0,1,0.9952083
01_knn,Distancia,XGBoost Classifier,1,1,0.99999154
01_knn,Distancia,XGBoost Classifier,0,0,6.93471e-05
01_knn,Distancia,XGBoost Classifier,0,0,0.00044776595
01_knn,Distancia,XGBoost Classifier,0,0,0.00017599862
01_knn,Distancia,XGBoost Classifier,0,0,0.00021095847
01_knn,Distancia,XGBoost Classifier,0,0,2.712054e-05
01_knn,Distancia,XGBoost Classifier,0,0,0.0011913066
01_knn,Distancia,XGBoost Classifier,0,0,6.161211e-05
01_knn,Distancia,XGBoost Classifier,1,1,0.9996019
01_knn,Distancia,XGBoost Classifier,1,1,0.99999535
01_knn,Distancia,XGBoost Classifier,0,0,0.00019459797
01_knn,Distancia,XGBoost Classifier,1,1,0.9999969
01_knn,Distancia,XGBoost Classifier,0,0,0.00018539043
01_knn,Distancia,XGBoost Classifier,0,0,0.0034973375
01_knn,Distancia,XGBoost Classifier,0,0,0.00046397815
01_knn,Distancia,XGBoost Classifier,0,0,6.878104e-05
01_knn,Distancia,XGBoost Classifier,0,0,0.0012001564
01_knn,Distancia,XGBoost Classifier,0,0,3.9940325e-05
01_knn,Distancia,XGBoost Classifier,0,0,0.00021639235
01_knn,Distancia,XGBoost Classifier,0,0,0.0028662493
01_knn,Distancia,XGBoost Classifier,0,0,0.04750586
01_knn,Distancia,XGBoost Classifier,0,0,4.3765827e-05
01_knn,Distancia,XGBoost Classifier,0,0,0.0001312609
01_knn,Distancia,XGBoost Classifier,0,0,0.008546415
01_knn,Distancia,XGBoost Classifier,0,0,3.6789465e-05
01_knn,Distancia,XGBoost Classifier,0,0,7.714655e-05
01_knn,Distancia,XGBoost Classifier,0,0,4.299994e-05
01_knn,Distancia,XGBoost Classifier,0,0,0.0005547574
01_knn,Distancia,XGBoost Classifier,0,0,0.0033441877
01_knn,Distancia,XGBoost Classifier,0,0,0.0030321593
01_knn,Distancia,XGBoost Classifier,0,0,7.2158764e-05
01_knn,Distancia,XGBoost Classifier,0,0,2.2838232e-05
01_knn,Distancia,XGBoost Classifier,1,1,0.9825764
01_knn,Distancia,XGBoost Classifier,0,0,0.00023817105
01_knn,Distancia,XGBoost Classifier,1,1,0.99995804
01_knn,Distancia,XGBoost Classifier,0,0,0.0018922206
01_knn,Distancia,XGBoost Classifier,0,0,1.9537787e-05
01_knn,Distancia,XGBoost Classifier,1,1,0.99999356
01_knn,Distancia,XGBoost Classifier,0,0,0.0011995707
01_knn,Distancia,XGBoost Classifier,0,0,0.0016833199
01_knn,Distancia,XGBoost Classifier,1,1,0.99997735
01_knn,Distancia,XGBoost Classifier,0,0,0.0028550024
01_knn,Distancia,XGBoost Classifier,0,0,0.010965502
01_knn,Distancia,XGBoost Classifier,0,0,0.09997092
01_knn,Distancia,XGBoost Classifier,0,0,0.0021731395
01_knn,Distancia,XGBoost Classifier,0,0,0.00010333993
01_knn,Distancia,XGBoost Classifier,0,0,0.00021235964
01_knn,Distancia,XGBoost Classifier,1,1,0.9999938
01_knn,Distancia,XGBoost Classifier,0,0,0.0069979015
01_knn,Distancia,XGBoost Classifier,0,0,0.00038920777
01_knn,Distancia,XGBoost Classifier,0,0,0.00012378395
01_knn,Distancia,XGBoost Classifier,0,0,3.753279e-05
01_knn,Distancia,XGBoost Classifier,0,0,0.00025120546
01_knn,Distancia,XGBoost Classifier,0,0,0.04444198
01_knn,Distancia,XGBoost Classifier,0,0,0.00013232445
01_knn,Distancia,XGBoost Classifier,0,0,0.010399851
01_knn,Distancia,XGBoost Classifier,1,1,0.82661164
01_knn,Distancia,XGBoost Classifier,0,0,9.965165e-06
01_knn,Distancia,XGBoost Classifier,1,1,0.9608562
01_knn,Distancia,XGBoost Classifier,0,0,9.504759e-05
01_knn,Distancia,XGBoost Classifier,0,0,0.0023734188
01_knn,Distancia,XGBoost Classifier,0,0,0.005908836
01_knn,Distancia,XGBoost Classifier,1,1,0.99895227
01_knn,Distancia,XGBoost Classifier,0,0,6.024375e-05
01_knn,Distancia,XGBoost Classifier,0,0,0.00014955534
01_knn,Distancia,XGBoost Classifier,0,0,0.00054140855
01_knn,Distancia,XGBoost Classifier,0,0,0.0027615684
01_knn,Distancia,XGBoost Classifier,1,1,0.9999958
01_knn,Distancia,XGBoost Classifier,0,0,8.3634215e-05
01_knn,Distancia,XGBoost Classifier,0,0,0.0012074906
01_knn,Distancia,XGBoost Classifier,0,0,0.012115078
01_knn,Distancia,XGBoost Classifier,0,0,0.004144486
01_knn,Distancia,XGBoost Classifier,1,1,0.99999046
01_knn,Distancia,XGBoost Classifier,0,0,1.1655295e-05
01_knn,Distancia,XGBoost Classifier,0,0,0.0057121976
01_knn,Distancia,XGBoost Classifier,0,0,0.0009966438
01_knn,Distancia,XGBoost Classifier,0,0,0.00011624433
01_knn,Distancia,XGBoost Classifier,0,0,0.025482323
01_knn,Distancia,XGBoost Classifier,0,0,0.00244109
01_knn,Distancia,XGBoost Classifier,1,1,0.9635649
01_knn,Distancia,XGBoost Classifier,0,0,0.00082215597
01_knn,Distancia,XGBoost Classifier,0,0,0.00019615085
01_knn,Distancia,XGBoost Classifier,0,0,2.6354448e-05
01_knn,Distancia,XGBoost Classifier,0,0,0.00019917439
01_knn,Distancia,XGBoost Classifier,1,1,0.99996436
01_knn,Distancia,XGBoost Classifier,0,0,0.007853414
01_knn,Distancia,XGBoost Classifier,1,1,0.9999989
01_knn,Distancia,XGBoost Classifier,0,0,0.0016875297
01_knn,Distancia,XGBoost Classifier,0,0,0.0037866426
01_knn,Distancia,XGBoost Classifier,0,0,0.00012119931
01_knn,Distancia,XGBoost Classifier,0,0,0.00045022095
01_knn,Distancia,XGBoost Classifier,0,0,1.1565035e-05
01_knn,Distancia,XGBoost Classifier,1,1,0.9999968
01_knn,Distancia,XGBoost Classifier,1,1,0.9437974
01_knn,Distancia,XGBoost Classifier,0,0,1.3973842e-05
01_knn,Distancia,XGBoost Classifier,1,1,0.99998116
01_knn,Distancia,XGBoost Classifier,0,0,8.580675e-05
01_knn,Distancia,XGBoost Classifier,0,0,0.0013551331
01_knn,Distancia,XGBoost Classifier,1,1,0.93611294
01_knn,Distancia,XGBoost Classifier,0,0,2.6446092e-05
01_knn,Distancia,XGBoost Classifier,0,0,3.035259e-05
01_knn,Distancia,XGBoost Classifier,0,0,4.451856e-05
01_knn,Distancia,XGBoost Classifier,0,0,0.01704388
01_knn,Distancia,XGBoost Classifier,0,0,0.002252742
01_knn,Distancia,XGBoost Classifier,0,0,0.0043767686
01_knn,Distancia,XGBoost Classifier,0,0,3.543409e-05
01_knn,Distancia,XGBoost Classifier,0,0,0.0023911407
01_knn,Distancia,XGBoost Classifier,1,1,0.99713373
01_knn,Distancia,XGBoost Classifier,1,1,0.9999373
01_knn,Distancia,XGBoost Classifier,0,0,0.00011076961
01_knn,Distancia,XGBoost Classifier,0,0,0.0017774632
01_knn,Distancia,XGBoost Classifier,0,0,0.0003594963
01_knn,Distancia,XGBoost Classifier,0,0,0.0005802324
01_knn,Distancia,XGBoost Classifier,0,0,0.0005948376
01_knn,Distancia,XGBoost Classifier,0,0,0.00011867532
01_knn,Distancia,XGBoost Classifier,0,0,0.000628253
01_knn,Distancia,XGBoost Classifier,0,0,0.00028095118
01_knn,Distancia,XGBoost Classifier,0,0,0.00016319683
01_knn,Distancia,XGBoost Classifier,0,0,0.0053166114
01_knn,Distancia,XGBoost Classifier,0,0,0.00011406058
01_knn,Distancia,XGBoost Classifier,1,1,0.9999988
01_knn,Distancia,XGBoost Classifier,0,0,0.0066571054
01_knn,Distancia,XGBoost Classifier,0,0,0.00034981707
01_knn,Distancia,XGBoost Classifier,0,0,4.815836e-06
01_knn,Distancia,XGBoost Classifier,1,1,0.99996614
01_knn,Distancia,XGBoost Classifier,0,0,0.02399508
01_knn,Distancia,XGBoost Classifier,0,0,0.0029663877
01_knn,Distancia,XGBoost Classifier,0,0,9.605258e-05
01_knn,Distancia,XGBoost Classifier,0,0,0.028931458
01_knn,Distancia,XGBoost Classifier,0,0,2.5175961e-05
01_knn,Distancia,XGBoost Classifier,1,1,0.9999926
01_knn,Distancia,XGBoost Classifier,0,0,0.0059640897
01_knn,Distancia,XGBoost Classifier,1,1,0.9983577
01_knn,Distancia,XGBoost Classifier,0,0,0.0002738971
01_knn,Distancia,XGBoost Classifier,0,0,0.00072585884
01_knn,Distancia,XGBoost Classifier,0,0,0.07107767
01_knn,Distancia,XGBoost Classifier,1,1,0.9999881
01_knn,Distancia,XGBoost Classifier,0,0,0.058638453
01_knn,Distancia,XGBoost Classifier,0,0,5.129539e-06
01_knn,Distancia,XGBoost Classifier,0,0,0.00041414512
01_knn,Distancia,XGBoost Classifier,0,0,0.0015323157
01_knn,Distancia,XGBoost Classifier,1,1,0.9992193
01_knn,Distancia,XGBoost Classifier,0,0,5.6347813e-05
01_knn,Distancia,XGBoost Classifier,1,1,0.99987936
01_knn,Distancia,XGBoost Classifier,0,0,3.3457072e-05
01_knn,Distancia,XGBoost Classifier,0,0,6.6845736e-05
01_knn,Distancia,XGBoost Classifier,0,0,0.00025645227
01_knn,Distancia,XGBoost Classifier,1,1,0.98347294
01_knn,Distancia,XGBoost Classifier,1,1,0.99969125
01_knn,Distancia,XGBoost Classifier,0,0,1.0717809e-05
01_knn,Distancia,XGBoost Classifier,0,0,0.00014604865
01_knn,Distancia,XGBoost Classifier,0,0,0.002374363
01_knn,Distancia,XGBoost Classifier,0,0,1.1591667e-05
01_knn,Distancia,XGBoost Classifier,0,0,4.200181e-06
01_knn,Distancia,XGBoost Classifier,0,0,3.6404203e-05
01_knn,Distancia,XGBoost Classifier,0,0,8.627706e-05
01_knn,Distancia,XGBoost Classifier,0,0,0.010919994
01_knn,Distancia,XGBoost Classifier,0,0,0.00021427905
01_knn,Distancia,XGBoost Classifier,0,0,0.0014113595
01_knn,Distancia,XGBoost Classifier,0,0,3.213611e-05
01_knn,Distancia,XGBoost Classifier,0,0,0.0021009324
01_knn,Distancia,XGBoost Classifier,1,1,0.9999887
01_knn,Distancia,XGBoost Classifier,0,0,2.358123e-05
01_knn,Distancia,XGBoost Classifier,0,0,0.0007979323
01_knn,Distancia,XGBoost Classifier,0,0,3.9419687e-05
01_knn,Distancia,XGBoost Classifier,1,1,0.99999344
01_knn,Distancia,XGBoost Classifier,0,0,5.6199465e-06
01_knn,Distancia,XGBoost Classifier,0,0,1.3122853e-05
01_knn,Distancia,XGBoost Classifier,0,0,0.00018565789
01_knn,Distancia,XGBoost Classifier,0,0,0.0049997005
01_knn,Distancia,XGBoost Classifier,0,0,0.0018245704
01_knn,Distancia,XGBoost Classifier,0,0,7.087942e-05
01_knn,Distancia,XGBoost Classifier,0,0,0.0050450577
01_knn,Distancia,XGBoost Classifier,0,0,0.0049962075
01_knn,Distancia,XGBoost Classifier,0,0,2.4202898e-05
01_knn,Distancia,XGBoost Classifier,0,0,0.03059157
01_knn,Distancia,XGBoost Classifier,1,1,0.9994753
01_knn,Distancia,XGBoost Classifier,0,0,0.0002606157
01_knn,Distancia,XGBoost Classifier,0,0,0.001048357
01_knn,Distancia,XGBoost Classifier,1,1,0.9999671
01_knn,Distancia,XGBoost Classifier,0,0,5.462578e-05
01_knn,Distancia,XGBoost Classifier,1,1,0.99976045
01_knn,Distancia,XGBoost Classifier,0,0,0.0003375587
01_knn,Distancia,XGBoost Classifier,0,0,0.0004115708
01_knn,Distancia,XGBoost Classifier,0,0,0.05689662
01_knn,Distancia,XGBoost Classifier,1,1,0.99999785
01_knn,Distancia,XGBoost Classifier,1,1,0.97852385
01_knn,Distancia,XGBoost Classifier,1,1,0.76064223
01_knn,Distancia,XGBoost Classifier,0,0,1.6059023e-05
01_knn,Distancia,XGBoost Classifier,0,0,3.4317447e-05
01_knn,Distancia,XGBoost Classifier,1,1,0.99951756
01_knn,Distancia,XGBoost Classifier,0,0,4.2431853e-05
01_knn,Distancia,XGBoost Classifier,0,0,2.6736854e-05
01_knn,Distancia,XGBoost Classifier,0,0,0.0007538013
01_knn,Distancia,XGBoost Classifier,0,0,0.00025084574
01_knn,Distancia,XGBoost Classifier,0,0,2.690639e-05
01_knn,Distancia,XGBoost Classifier,0,0,0.056892443
01_knn,Distancia,XGBoost Classifier,0,0,1.0815394e-05
01_knn,Distancia,XGBoost Classifier,0,0,0.0014044899
01_knn,Distancia,XGBoost Classifier,0,0,0.001603019
01_knn,Distancia,XGBoost Classifier,0,0,4.623119e-05
01_knn,Distancia,XGBoost Classifier,0,0,2.0674108e-05
01_knn,Distancia,XGBoost Classifier,1,1,0.9985752
01_knn,Distancia,XGBoost Classifier,0,0,0.00030158836
01_knn,Distancia,XGBoost Classifier,0,1,0.9019758
01_knn,Distancia,XGBoost Classifier,0,0,0.00010119274
01_knn,Distancia,XGBoost Classifier,0,0,0.00026097152
01_knn,Distancia,XGBoost Classifier,1,1,0.9999831
01_knn,Distancia,XGBoost Classifier,0,0,0.0028711571
01_knn,Distancia,XGBoost Classifier,0,0,0.005162554
01_knn,Distancia,XGBoost Classifier,0,0,0.0012493869
01_knn,Distancia,XGBoost Classifier,0,0,0.0007673093
01_knn,Distancia,XGBoost Classifier,0,0,0.000115111055
01_knn,Distancia,XGBoost Classifier,0,0,0.0035430556
01_knn,Distancia,XGBoost Classifier,1,1,0.99737465
01_knn,Distancia,XGBoost Classifier,0,0,0.03122208
01_knn,Distancia,XGBoost Classifier,0,0,0.00018918977
01_knn,Distancia,XGBoost Classifier,0,0,0.00011912658
01_knn,Distancia,XGBoost Classifier,0,0,0.00080121733
01_knn,Distancia,XGBoost Classifier,0,0,0.0033649616
01_knn,Distancia,XGBoost Classifier,0,0,0.0005466861
01_knn,Distancia,XGBoost Classifier,0,0,0.0010095773
01_knn,Distancia,XGBoost Classifier,0,0,0.00010197378
01_knn,Distancia,XGBoost Classifier,0,0,0.00022512251
01_knn,Distancia,XGBoost Classifier,1,1,0.9786291
01_knn,Distancia,XGBoost Classifier,0,0,0.005944613
01_knn,Distancia,XGBoost Classifier,0,0,2.7770633e-05
01_knn,Distancia,XGBoost Classifier,0,0,0.00013661625
01_knn,Distancia,XGBoost Classifier,0,0,0.00326149
01_knn,Distancia,XGBoost Classifier,1,1,0.99999046
01_knn,Distancia,XGBoost Classifier,1,1,0.99713445
01_knn,Distancia,XGBoost Classifier,0,0,3.1676918e-06
01_knn,Distancia,XGBoost Classifier,0,0,4.771831e-05
01_knn,Distancia,XGBoost Classifier,0,0,0.0008816259
01_knn,Distancia,XGBoost Classifier,1,1,0.99660146
01_knn,Distancia,XGBoost Classifier,0,0,0.0027990364
01_knn,Distancia,XGBoost Classifier,0,0,7.057679e-05
01_knn,Distancia,XGBoost Classifier,0,0,0.00028194723
01_knn,Distancia,XGBoost Classifier,1,1,0.95647293
01_knn,Distancia,XGBoost Classifier,1,1,0.9994435
01_knn,Distancia,XGBoost Classifier,0,0,0.006901618
01_knn,Distancia,XGBoost Classifier,0,1,0.99195474
01_knn,Distancia,XGBoost Classifier,0,0,8.419845e-05
01_knn,Distancia,XGBoost Classifier,0,0,8.880579e-05
01_knn,Distancia,XGBoost Classifier,0,0,0.0019075949
01_knn,Distancia,XGBoost Classifier,0,0,0.0031374223
01_knn,Distancia,XGBoost Classifier,1,1,0.99999595
01_knn,Distancia,XGBoost Classifier,0,0,0.0041495585
01_knn,Distancia,XGBoost Classifier,0,0,0.016280416
01_knn,Distancia,XGBoost Classifier,0,0,0.00011328773
01_knn,Distancia,XGBoost Classifier,0,0,4.8243214e-06
01_knn,Distancia,XGBoost Classifier,0,0,2.3389157e-05
01_knn,Distancia,XGBoost Classifier,0,0,0.00053270406
01_knn,Distancia,XGBoost Classifier,1,1,0.9999813
01_knn,Distancia,XGBoost Classifier,0,0,0.0011684697
01_knn,Distancia,XGBoost Classifier,0,0,3.729922e-05
01_knn,Distancia,XGBoost Classifier,1,1,0.99979097
01_knn,Distancia,XGBoost Classifier,1,1,0.9999962
01_knn,Distancia,XGBoost Classifier,0,0,0.05813422
01_knn,Distancia,XGBoost Classifier,1,0,0.029000953
01_knn,Distancia,XGBoost Classifier,0,0,0.00017163044
01_knn,Distancia,XGBoost Classifier,0,0,0.0010577353
01_knn,Distancia,XGBoost Classifier,0,0,3.1864845e-05
01_knn,Distancia,XGBoost Classifier,0,0,2.2923025e-05
01_knn,Distancia,XGBoost Classifier,0,0,0.00019691241
01_knn,Distancia,XGBoost Classifier,0,0,6.0873095e-05
01_knn,Distancia,XGBoost Classifier,0,0,0.0028532532
01_knn,Distancia,XGBoost Classifier,0,0,0.00011491201
01_knn,Distancia,XGBoost Classifier,0,0,0.01724172
01_knn,Distancia,XGBoost Classifier,1,1,0.999938
01_knn,Distancia,XGBoost Classifier,0,0,0.032345288
01_knn,Distancia,XGBoost Classifier,0,0,0.0006884568
01_knn,Distancia,XGBoost Classifier,0,0,7.436834e-05
01_knn,Distancia,XGBoost Classifier,1,1,0.99999726
01_knn,Distancia,XGBoost Classifier,0,0,0.014164541
01_knn,Distancia,XGBoost Classifier,0,0,0.1321155
01_knn,Distancia,XGBoost Classifier,0,0,3.1750944e-05
01_knn,Distancia,XGBoost Classifier,0,0,0.0030488437
01_knn,Distancia,XGBoost Classifier,0,0,4.2554682e-05
01_knn,Distancia,XGBoost Classifier,0,0,7.3197654e-05
01_knn,Distancia,XGBoost Classifier,0,0,0.00013398928
01_knn,Distancia,XGBoost Classifier,0,0,8.227561e-05
01_knn,Distancia,XGBoost Classifier,0,0,0.025703061
01_knn,Distancia,XGBoost Classifier,0,0,1.8216022e-05
01_knn,Distancia,XGBoost Classifier,0,0,0.19834116
01_knn,Distancia,XGBoost Classifier,0,0,0.0002050677
01_knn,Distancia,XGBoost Classifier,0,0,0.008544294
01_knn,Distancia,XGBoost Classifier,1,1,0.86496794
01_knn,Distancia,XGBoost Classifier,0,0,0.0013276334
01_knn,Distancia,XGBoost Classifier,0,0,0.00037154922
01_knn,Distancia,XGBoost Classifier,0,0,0.0001077258
01_knn,Distancia,XGBoost Classifier,1,1,0.9839834
01_knn,Distancia,XGBoost Classifier,0,0,9.345661e-05
01_knn,Distancia,XGBoost Classifier,0,0,7.468018e-05
01_knn,Distancia,XGBoost Classifier,1,1,0.99998915
01_knn,Distancia,XGBoost Classifier,1,1,0.99999416
01_knn,Distancia,XGBoost Classifier,0,0,0.006949937
01_knn,Distancia,XGBoost Classifier,0,0,4.9082497e-05
01_knn,Distancia,XGBoost Classifier,1,1,0.87587273
01_knn,Distancia,XGBoost Classifier,0,0,0.0006593142
01_knn,Distancia,XGBoost Classifier,0,0,1.6937172e-05
01_knn,Distancia,XGBoost Classifier,1,1,0.99994206
01_knn,Distancia,XGBoost Classifier,0,0,2.57028e-05
01_knn,Distancia,XGBoost Classifier,0,0,0.00020141165
01_knn,Distancia,XGBoost Classifier,0,0,0.00012439606
01_knn,Distancia,XGBoost Classifier,0,0,0.0065805945
01_knn,Distancia,XGBoost Classifier,1,1,0.99996734
01_knn,Distancia,XGBoost Classifier,0,0,9.312559e-05
01_knn,Distancia,XGBoost Classifier,1,1,0.9999927
01_knn,Distancia,XGBoost Classifier,1,1,0.8920642
01_knn,Distancia,XGBoost Classifier,1,1,0.9999969
01_knn,Distancia,XGBoost Classifier,0,0,4.7130256e-05
01_knn,Distancia,XGBoost Classifier,0,0,0.010062315
01_knn,Distancia,XGBoost Classifier,1,1,0.9999968
01_knn,Distancia,XGBoost Classifier,1,1,0.9999926
01_knn,Distancia,XGBoost Classifier,0,0,0.00017797035
01_knn,Distancia,XGBoost Classifier,0,0,8.564343e-05
01_knn,Distancia,XGBoost Classifier,0,0,4.1080555e-05
01_knn,Distancia,XGBoost Classifier,0,0,0.012689844
01_knn,Distancia,XGBoost Classifier,0,0,0.00016632084
01_knn,Distancia,XGBoost Classifier,0,0,0.0061712
01_knn,Distancia,XGBoost Classifier,0,0,0.0010075638
01_knn,Distancia,XGBoost Classifier,1,1,0.9996942
01_knn,Distancia,XGBoost Classifier,0,0,0.0014412234
01_knn,Distancia,XGBoost Classifier,0,0,0.00036291065
01_knn,Distancia,XGBoost Classifier,0,0,1.36113795e-05
01_knn,Distancia,XGBoost Classifier,0,0,8.95544e-06
01_knn,Distancia,XGBoost Classifier,0,0,3.7630634e-05
01_knn,Distancia,XGBoost Classifier,0,0,0.00024335347
01_knn,Distancia,XGBoost Classifier,0,0,0.0004486469
01_knn,Distancia,XGBoost Classifier,0,0,0.027611969
01_knn,Distancia,XGBoost Classifier,0,0,7.033786e-05
01_knn,Distancia,XGBoost Classifier,0,0,0.0007780137
01_knn,Distancia,XGBoost Classifier,0,0,0.003729434
01_knn,Distancia,XGBoost Classifier,0,0,0.006506763
01_knn,Distancia,XGBoost Classifier,0,1,0.9613079
01_knn,Distancia,XGBoost Classifier,0,0,4.3207438e-05
01_knn,Distancia,XGBoost Classifier,1,0,0.30816507
01_knn,Distancia,XGBoost Classifier,0,0,0.00956664
01_knn,Distancia,XGBoost Classifier,1,1,0.9932678
01_knn,Distancia,XGBoost Classifier,1,1,0.9999918
01_knn,Distancia,XGBoost Classifier,1,1,0.98720676
01_knn,Distancia,XGBoost Classifier,0,0,2.1652853e-05
01_knn,Distancia,XGBoost Classifier,0,0,0.005392725
01_knn,Distancia,XGBoost Classifier,0,0,0.002069362
01_knn,Distancia,XGBoost Classifier,0,0,9.632539e-06
01_knn,Distancia,XGBoost Classifier,1,0,0.07526006
01_knn,Distancia,XGBoost Classifier,0,0,4.2977394e-05
01_knn,Distancia,XGBoost Classifier,0,0,0.0006298798
01_knn,Distancia,XGBoost Classifier,1,1,0.99997866
01_knn,Distancia,XGBoost Classifier,0,0,1.105441e-05
01_knn,Distancia,XGBoost Classifier,0,0,0.00029242088
01_knn,Distancia,XGBoost Classifier,1,0,0.4206054
01_knn,Distancia,XGBoost Classifier,0,0,4.798604e-05
01_knn,Distancia,XGBoost Classifier,0,0,0.00079365994
01_knn,Distancia,XGBoost Classifier,1,1,0.99981266
01_knn,Distancia,XGBoost Classifier,1,1,0.9967277
01_knn,Distancia,XGBoost Classifier,0,0,9.01229e-05
01_knn,Distancia,XGBoost Classifier,0,0,0.0019709931
01_knn,Distancia,XGBoost Classifier,0,0,0.0020200345
01_knn,Distancia,XGBoost Classifier,0,0,3.1560816e-05
01_knn,Distancia,XGBoost Classifier,0,0,0.011017036
01_knn,Distancia,XGBoost Classifier,0,0,0.00029934282
01_knn,Distancia,XGBoost Classifier,0,0,0.00039747657
01_knn,Distancia,XGBoost Classifier,0,0,7.733382e-06
01_knn,Distancia,XGBoost Classifier,1,1,0.9873416
01_knn,Distancia,XGBoost Classifier,0,0,0.00030309387
01_knn,Distancia,XGBoost Classifier,0,0,3.874027e-05
01_knn,Distancia,XGBoost Classifier,0,0,0.0001599412
01_knn,Distancia,XGBoost Classifier,0,0,4.2308937e-05
01_knn,Distancia,XGBoost Classifier,0,0,2.7947573e-05
01_knn,Distancia,XGBoost Classifier,0,0,0.006533338
01_knn,Distancia,XGBoost Classifier,0,0,3.9228245e-05
01_knn,Distancia,XGBoost Classifier,0,0,0.015993988
01_knn,Distancia,XGBoost Classifier,0,0,0.00019353234
01_knn,Distancia,XGBoost Classifier,0,0,0.010618518
01_knn,Distancia,XGBoost Classifier,0,0,2.7118316e-05
01_knn,Distancia,XGBoost Classifier,0,0,0.0014488774
01_knn,Distancia,XGBoost Classifier,0,0,0.000105812396
01_knn,Distancia,XGBoost Classifier,0,0,0.002158576
01_knn,Distancia,XGBoost Classifier,1,1,0.9999906
01_knn,Distancia,XGBoost Classifier,0,0,0.0028272644
01_knn,Distancia,XGBoost Classifier,1,1,0.9999701
01_knn,Distancia,XGBoost Classifier,0,0,0.00022312983
01_knn,Distancia,XGBoost Classifier,0,1,0.9999441
01_knn,Distancia,XGBoost Classifier,0,0,6.2329585e-05
01_knn,Distancia,XGBoost Classifier,1,1,0.9999969
01_knn,Distancia,XGBoost Classifier,0,0,0.00018824957
01_knn,Distancia,XGBoost Classifier,0,0,0.0030356813
01_knn,Distancia,XGBoost Classifier,0,0,0.00026487626
01_knn,Distancia,XGBoost Classifier,0,0,0.00012897489
01_knn,Distancia,XGBoost Classifier,0,0,0.0115930885
01_knn,Distancia,XGBoost Classifier,0,0,0.40328345
01_knn,Distancia,XGBoost Classifier,0,0,6.108849e-05
01_knn,Distancia,XGBoost Classifier,0,0,0.00042279068
01_knn,Distancia,XGBoost Classifier,0,0,0.0035329722
01_knn,Distancia,XGBoost Classifier,0,0,0.0005844084
01_knn,Distancia,XGBoost Classifier,0,0,3.3580454e-05
01_knn,Distancia,XGBoost Classifier,0,0,4.5496035e-05
01_knn,Distancia,XGBoost Classifier,1,1,0.9996475
01_knn,Distancia,XGBoost Classifier,1,1,0.9998468
01_knn,Distancia,XGBoost Classifier,0,0,0.01663159
01_knn,Distancia,XGBoost Classifier,0,0,4.6860016e-05
01_knn,Distancia,XGBoost Classifier,0,0,7.6888835e-05
01_knn,Distancia,XGBoost Classifier,0,0,3.5602327e-05
01_knn,Distancia,XGBoost Classifier,0,0,0.0003510495
01_knn,Distancia,XGBoost Classifier,0,0,0.0014208617
01_knn,Distancia,XGBoost Classifier,0,0,4.810526e-05
01_knn,Distancia,XGBoost Classifier,0,0,8.188223e-05
01_knn,Distancia,XGBoost Classifier,1,1,0.9999331
01_knn,Distancia,XGBoost Classifier,0,0,0.0012908624
01_knn,Distancia,XGBoost Classifier,0,0,2.7462183e-05
01_knn,Distancia,XGBoost Classifier,0,0,0.011388118
01_knn,Distancia,XGBoost Classifier,1,1,0.99998724
01_knn,Distancia,XGBoost Classifier,0,0,0.00028356066
01_knn,Distancia,XGBoost Classifier,0,0,0.00067331246
01_knn,Distancia,XGBoost Classifier,0,0,1.8957397e-06
01_knn,Distancia,XGBoost Classifier,1,1,0.9999949
01_knn,Distancia,XGBoost Classifier,1,0,0.15974578
01_knn,Distancia,XGBoost Classifier,0,0,0.002627627
01_knn,Distancia,XGBoost Classifier,0,0,1.5872598e-05
01_knn,Distancia,XGBoost Classifier,0,0,4.5246554e-05
01_knn,Distancia,XGBoost Classifier,0,0,0.008169819
01_knn,Distancia,XGBoost Classifier,0,0,0.18468152
01_knn,Distancia,XGBoost Classifier,0,0,2.3570879e-06
01_knn,Distancia,XGBoost Classifier,0,0,0.0009043864
01_knn,Distancia,XGBoost Classifier,1,1,0.9999894
01_knn,Distancia,XGBoost Classifier,0,0,0.00089544844
01_knn,Distancia,XGBoost Classifier,0,0,0.00040638013
01_knn,Distancia,XGBoost Classifier,1,1,0.9999852
01_knn,Distancia,XGBoost Classifier,1,1,0.9999907
01_knn,Distancia,XGBoost Classifier,1,1,0.99979883
01_knn,Distancia,XGBoost Classifier,0,0,0.0096145095
01_knn,Distancia,XGBoost Classifier,0,0,0.0065775653
01_knn,Distancia,XGBoost Classifier,0,0,9.936323e-05
01_knn,Distancia,XGBoost Classifier,1,1,0.99999607
01_knn,Distancia,XGBoost Classifier,0,0,0.0002013124
01_knn,Distancia,XGBoost Classifier,0,0,0.00011838914
01_knn,Distancia,XGBoost Classifier,0,0,0.0003683357
01_knn,Distancia,XGBoost Classifier,0,0,0.0020831295
01_knn,Distancia,XGBoost Classifier,1,1,0.999951
01_knn,Distancia,XGBoost Classifier,0,0,7.365031e-05
01_knn,Distancia,XGBoost Classifier,0,0,0.00044614606
01_knn,Distancia,XGBoost Classifier,0,0,6.0223298e-05
01_knn,Distancia,XGBoost Classifier,0,0,0.000108691085
01_knn,Distancia,XGBoost Classifier,0,0,0.0020050416
01_knn,Distancia,XGBoost Classifier,0,0,9.547717e-05
01_knn,Distancia,XGBoost Classifier,0,0,5.270894e-05
01_knn,Distancia,XGBoost Classifier,1,1,0.999997
01_knn,Distancia,XGBoost Classifier,1,1,0.9999974
01_knn,Distancia,XGBoost Classifier,0,0,9.955785e-05
01_knn,Distancia,XGBoost Classifier,0,0,0.00025766718
01_knn,Distancia,XGBoost Classifier,0,0,0.0017047605
01_knn,Distancia,XGBoost Classifier,1,1,0.9941216
01_knn,Distancia,XGBoost Classifier,1,1,0.99899
01_knn,Distancia,XGBoost Classifier,0,0,0.0077417074
01_knn,Distancia,XGBoost Classifier,1,1,0.9999263
01_knn,Distancia,XGBoost Classifier,0,0,0.0013774505
01_knn,Distancia,XGBoost Classifier,1,1,0.99999666
01_knn,Distancia,XGBoost Classifier,1,1,0.9991366
01_knn,Distancia,XGBoost Classifier,1,1,0.9999695
01_knn,Distancia,XGBoost Classifier,0,0,0.0009272458
01_knn,Distancia,XGBoost Classifier,0,0,0.00018726564
01_knn,Distancia,XGBoost Classifier,0,0,8.208205e-05
01_knn,Distancia,XGBoost Classifier,0,0,0.00021377357
01_knn,Distancia,XGBoost Classifier,0,0,0.00015211322
01_knn,Distancia,XGBoost Classifier,1,1,0.9939347
01_knn,Distancia,XGBoost Classifier,0,0,0.00010195365
01_knn,Distancia,XGBoost Classifier,0,0,0.001910315
01_knn,Distancia,XGBoost Classifier,0,0,0.00193312
01_knn,Distancia,XGBoost Classifier,0,1,0.9646447
01_knn,Distancia,XGBoost Classifier,0,0,0.0011809112
01_knn,Distancia,XGBoost Classifier,1,1,0.999984
01_knn,Distancia,XGBoost Classifier,0,0,6.325181e-05
01_knn,Distancia,XGBoost Classifier,0,0,0.023989525
01_knn,Distancia,XGBoost Classifier,0,0,4.20905e-05
01_knn,Distancia,XGBoost Classifier,1,1,0.83686537
01_knn,Distancia,XGBoost Classifier,0,0,0.0029486206
01_knn,Distancia,XGBoost Classifier,0,0,0.001542905
01_knn,Distancia,XGBoost Classifier,0,0,0.00015799495
01_knn,Distancia,XGBoost Classifier,0,0,7.8926874e-05
01_knn,Distancia,XGBoost Classifier,0,0,0.00037048687
01_knn,Distancia,XGBoost Classifier,1,1,0.9999901
01_knn,Distancia,XGBoost Classifier,1,1,0.99988246
01_knn,Distancia,XGBoost Classifier,1,1,0.99999654
01_knn,Distancia,XGBoost Classifier,0,0,3.220477e-05
01_knn,Distancia,XGBoost Classifier,0,0,4.7270696e-05
01_knn,Distancia,XGBoost Classifier,0,0,0.007225303
01_knn,Distancia,XGBoost Classifier,0,0,0.00046251452
01_knn,Distancia,XGBoost Classifier,1,1,0.99996805
01_knn,Distancia,XGBoost Classifier,1,1,0.99980813
01_knn,Distancia,XGBoost Classifier,0,0,0.0015416596
01_knn,Distancia,XGBoost Classifier,0,0,0.005688366
01_knn,Distancia,XGBoost Classifier,0,0,0.036736015
01_knn,Distancia,XGBoost Classifier,0,0,0.0075995987
01_knn,Distancia,XGBoost Classifier,0,0,0.0003473551
01_knn,Distancia,XGBoost Classifier,0,0,7.529537e-05
01_knn,Distancia,XGBoost Classifier,0,0,9.760296e-06
01_knn,Distancia,XGBoost Classifier,0,0,0.0004467459
01_knn,Distancia,XGBoost Classifier,0,0,2.004858e-05
01_knn,Distancia,XGBoost Classifier,0,0,0.0012617571
01_knn,Distancia,XGBoost Classifier,1,1,0.9973124
01_knn,Distancia,XGBoost Classifier,0,0,0.001694208
01_knn,Distancia,XGBoost Classifier,0,0,0.0037308233
01_knn,Distancia,XGBoost Classifier,0,0,0.12081005
01_knn,Distancia,XGBoost Classifier,1,1,0.99995255
01_knn,Distancia,XGBoost Classifier,0,0,3.812699e-05
01_knn,Distancia,XGBoost Classifier,0,0,0.00030774015
01_knn,Distancia,XGBoost Classifier,0,0,0.054149106
01_knn,Distancia,XGBoost Classifier,0,0,0.0020526152
01_knn,Distancia,XGBoost Classifier,0,0,0.004201286
01_knn,Distancia,XGBoost Classifier,0,0,0.00067838083
01_knn,Distancia,XGBoost Classifier,0,0,0.007841805
01_knn,Distancia,XGBoost Classifier,0,0,6.659239e-05
01_knn,Distancia,XGBoost Classifier,0,0,3.9443225e-05
01_knn,Distancia,XGBoost Classifier,1,1,0.9999882
01_knn,Distancia,XGBoost Classifier,0,0,0.0006468191
01_knn,Distancia,XGBoost Classifier,0,0,3.722977e-06
01_knn,Distancia,XGBoost Classifier,0,0,0.00011861954
01_knn,Distancia,XGBoost Classifier,0,0,0.0009191174
01_knn,Distancia,XGBoost Classifier,0,0,0.0021702657
01_knn,Distancia,XGBoost Classifier,0,0,0.00046997113
01_knn,Distancia,XGBoost Classifier,0,0,5.3641515e-06
01_knn,Distancia,XGBoost Classifier,0,0,3.555591e-05
01_knn,Distancia,XGBoost Classifier,0,0,0.0022264684
01_knn,Distancia,XGBoost Classifier,1,1,0.9998752
01_knn,Distancia,XGBoost Classifier,0,0,0.113028646
01_knn,Distancia,XGBoost Classifier,0,0,1.3460016e-05
01_knn,Distancia,XGBoost Classifier,0,0,0.0017076569
01_knn,Distancia,XGBoost Classifier,0,0,3.394985e-05
01_knn,Distancia,XGBoost Classifier,0,0,0.000249808
01_knn,Distancia,XGBoost Classifier,0,0,0.0034687384
01_knn,Distancia,XGBoost Classifier,0,0,0.03564463
01_knn,Distancia,XGBoost Classifier,0,0,0.0005034553
01_knn,Distancia,XGBoost Classifier,0,0,0.0013184393
01_knn,Distancia,XGBoost Classifier,0,0,0.00032113423
01_knn,Distancia,XGBoost Classifier,0,0,0.001171288
01_knn,Distancia,XGBoost Classifier,0,0,0.0010189567
01_knn,Distancia,XGBoost Classifier,0,0,9.362762e-05
01_knn,Distancia,XGBoost Classifier,0,0,0.002507497
01_knn,Distancia,XGBoost Classifier,0,0,0.00084256486
01_knn,Distancia,XGBoost Classifier,0,0,0.0061832545
01_knn,Distancia,XGBoost Classifier,0,0,0.0044180974
01_knn,Distancia,XGBoost Classifier,1,1,0.9999864
01_knn,Distancia,XGBoost Classifier,0,0,7.1324125e-06
01_knn,Distancia,XGBoost Classifier,0,0,6.4083586e-05
01_knn,Distancia,XGBoost Classifier,0,0,0.0002048619
01_knn,Distancia,XGBoost Classifier,0,0,0.0012721906
01_knn,Distancia,XGBoost Classifier,1,1,0.9999964
01_knn,Distancia,XGBoost Classifier,0,0,0.00055996573
01_knn,Distancia,XGBoost Classifier,0,0,0.007470088
01_knn,Distancia,XGBoost Classifier,0,0,0.0008848377
01_knn,Distancia,XGBoost Classifier,1,1,0.999987
01_knn,Distancia,XGBoost Classifier,0,0,4.98027e-05
01_knn,Distancia,XGBoost Classifier,1,1,0.9999925
01_knn,Distancia,XGBoost Classifier,1,1,0.9998914
01_knn,Distancia,XGBoost Classifier,0,0,7.177296e-06
01_knn,Distancia,XGBoost Classifier,0,0,0.00079873
01_knn,Distancia,XGBoost Classifier,1,1,0.9999919
01_knn,Distancia,XGBoost Classifier,0,0,0.00036902894
01_knn,Distancia,XGBoost Classifier,0,0,2.6566856e-06
01_knn,Distancia,XGBoost Classifier,0,0,0.00019722639
01_knn,Distancia,XGBoost Classifier,0,0,1.4658758e-05
01_knn,Distancia,XGBoost Classifier,1,1,0.9999949
01_knn,Distancia,XGBoost Classifier,0,0,0.17986935
01_knn,Distancia,XGBoost Classifier,0,0,0.0016275328
01_knn,Distancia,XGBoost Classifier,0,0,9.056416e-05
01_knn,Distancia,XGBoost Classifier,0,0,0.00031863715
01_knn,Distancia,XGBoost Classifier,0,0,5.623058e-05
01_knn,Distancia,XGBoost Classifier,1,1,0.9993181
01_knn,Distancia,XGBoost Classifier,0,0,0.0003327327
01_knn,Distancia,XGBoost Classifier,1,1,0.99999857
01_knn,Distancia,XGBoost Classifier,0,0,0.012361224
01_knn,Distancia,XGBoost Classifier,0,0,0.042663235
01_knn,Distancia,XGBoost Classifier,1,0,0.006632377
01_knn,Distancia,XGBoost Classifier,0,0,0.00016191036
01_knn,Distancia,XGBoost Classifier,0,0,0.0014623438
01_knn,Distancia,XGBoost Classifier,0,0,0.007666317
01_knn,Distancia,XGBoost Classifier,0,0,0.0015612482
01_knn,Distancia,XGBoost Classifier,0,0,0.00017811329
01_knn,Distancia,XGBoost Classifier,0,0,0.0032755064
01_knn,Distancia,XGBoost Classifier,1,1,0.99941385
01_knn,Distancia,XGBoost Classifier,0,0,0.00015967195
01_knn,Distancia,XGBoost Classifier,0,0,0.0005514643
01_knn,Distancia,XGBoost Classifier,0,0,0.00013338414
01_knn,Distancia,XGBoost Classifier,0,0,0.00042497733
01_knn,Distancia,XGBoost Classifier,0,0,0.0015686257
01_knn,Distancia,XGBoost Classifier,1,1,0.9999951
01_knn,Distancia,XGBoost Classifier,1,0,0.14414681
01_knn,Distancia,XGBoost Classifier,1,1,0.9086561
01_knn,Distancia,XGBoost Classifier,0,0,0.0014235745
01_knn,Distancia,XGBoost Classifier,0,0,0.0001101448
01_knn,Distancia,XGBoost Classifier,1,1,0.9999509
01_knn,Distancia,XGBoost Classifier,0,0,0.007496196
01_knn,Distancia,XGBoost Classifier,0,0,0.048509397
01_knn,Distancia,XGBoost Classifier,0,0,0.0018594018
01_knn,Distancia,XGBoost Classifier,1,1,0.9999877
01_knn,Distancia,XGBoost Classifier,0,0,3.9782874e-05
01_knn,Distancia,XGBoost Classifier,1,1,0.9972236
01_knn,Distancia,XGBoost Classifier,0,0,0.0031266925
01_knn,Distancia,XGBoost Classifier,0,0,0.00027265638
01_knn,Distancia,XGBoost Classifier,0,0,1.0051504e-05
01_knn,Distancia,XGBoost Classifier,0,0,0.0069244457
01_knn,Distancia,XGBoost Classifier,0,0,0.00020023061
01_knn,Distancia,XGBoost Classifier,1,1,0.96406245
01_knn,Distancia,XGBoost Classifier,0,0,0.002039537
01_knn,Distancia,XGBoost Classifier,0,0,3.0552186e-05
01_knn,Distancia,XGBoost Classifier,0,0,3.36881e-05
01_knn,Distancia,XGBoost Classifier,0,0,0.011399113
01_knn,Distancia,XGBoost Classifier,0,0,0.002923468
01_knn,Distancia,XGBoost Classifier,0,0,7.662971e-05
01_knn,Distancia,XGBoost Classifier,0,0,0.00010831726
01_knn,Distancia,XGBoost Classifier,0,0,0.0008043518
01_knn,Distancia,XGBoost Classifier,0,0,1.2609879e-05
01_knn,Distancia,XGBoost Classifier,1,1,0.99954396
01_knn,Distancia,XGBoost Classifier,1,1,0.92782605
01_knn,Distancia,XGBoost Classifier,1,1,0.99998
01_knn,Distancia,XGBoost Classifier,0,0,0.00205262
01_knn,Distancia,XGBoost Classifier,0,0,2.3101464e-05
01_knn,Distancia,XGBoost Classifier,0,0,5.4270782e-05
01_knn,Distancia,XGBoost Classifier,0,0,0.009157816
01_knn,Distancia,XGBoost Classifier,1,1,0.99997115
01_knn,Distancia,XGBoost Classifier,1,1,0.99999845
01_knn,Distancia,XGBoost Classifier,0,0,7.1139715e-05
01_knn,Distancia,XGBoost Classifier,1,1,0.99999166
01_knn,Distancia,XGBoost Classifier,0,0,0.00044669205
01_knn,Distancia,XGBoost Classifier,0,0,3.2870666e-05
01_knn,Distancia,XGBoost Classifier,0,0,5.956999e-05
01_knn,Distancia,XGBoost Classifier,0,0,0.0011010425
01_knn,Distancia,XGBoost Classifier,0,0,0.00312809
01_knn,Distancia,XGBoost Classifier,0,0,0.030751357
01_knn,Distancia,XGBoost Classifier,1,1,0.8627529
01_knn,Distancia,XGBoost Classifier,0,0,0.001090068
01_knn,Distancia,XGBoost Classifier,1,1,0.99986005
01_knn,Distancia,XGBoost Classifier,1,0,0.3736447
01_knn,Distancia,XGBoost Classifier,0,0,4.039431e-05
01_knn,Distancia,XGBoost Classifier,0,0,0.00013245383
01_knn,Distancia,XGBoost Classifier,0,0,0.0019308819
01_knn,Distancia,XGBoost Classifier,1,1,0.99999964
01_knn,Distancia,XGBoost Classifier,1,1,0.99999225
01_knn,Distancia,XGBoost Classifier,1,1,0.9646489
01_knn,Distancia,XGBoost Classifier,1,1,0.99977046
01_knn,Distancia,XGBoost Classifier,0,0,1.7517003e-05
01_knn,Distancia,XGBoost Classifier,1,1,0.99999857
01_knn,Distancia,XGBoost Classifier,1,1,0.9999753
01_knn,Distancia,XGBoost Classifier,0,0,4.0886116e-05
01_knn,Distancia,XGBoost Classifier,0,0,1.0691359e-05
01_knn,Distancia,XGBoost Classifier,0,0,0.00024892736
01_knn,Distancia,XGBoost Classifier,0,0,0.008945134
01_knn,Distancia,XGBoost Classifier,0,0,0.033023164
01_knn,Distancia,XGBoost Classifier,1,1,0.9999801
01_knn,Distancia,XGBoost Classifier,0,0,0.00068349816
01_knn,Distancia,XGBoost Classifier,0,0,4.1567437e-05
01_knn,Distancia,XGBoost Classifier,0,1,0.56888425
01_knn,Distancia,XGBoost Classifier,0,0,4.8747625e-05
01_knn,Distancia,XGBoost Classifier,0,0,0.012050946
01_knn,Distancia,XGBoost Classifier,0,0,9.952529e-05
01_knn,Distancia,XGBoost Classifier,0,0,0.00011287442
01_knn,Distancia,XGBoost Classifier,0,0,0.06260114
01_knn,Distancia,XGBoost Classifier,0,0,0.0009078429
01_knn,Distancia,XGBoost Classifier,1,1,0.7271469
01_knn,Distancia,XGBoost Classifier,0,0,1.0682482e-05
01_knn,Distancia,XGBoost Classifier,0,0,0.008011691
01_knn,Distancia,XGBoost Classifier,1,1,0.9999993
01_knn,Distancia,XGBoost Classifier,0,0,0.00035390843
01_knn,Distancia,XGBoost Classifier,0,0,0.016075127
01_knn,Distancia,XGBoost Classifier,1,1,0.9999907
01_knn,Distancia,XGBoost Classifier,0,0,0.0010906444
01_knn,Distancia,XGBoost Classifier,0,0,0.0002471624
01_knn,Distancia,XGBoost Classifier,0,0,0.00027388692
01_knn,Distancia,XGBoost Classifier,0,0,0.00010157897
01_knn,Distancia,XGBoost Classifier,1,1,0.99999905
01_knn,Distancia,XGBoost Classifier,1,1,0.999992
01_knn,Distancia,XGBoost Classifier,0,0,0.00017493522
01_knn,Distancia,XGBoost Classifier,0,0,1.1650139e-05
01_knn,Distancia,XGBoost Classifier,0,0,0.00022529472
01_knn,Distancia,XGBoost Classifier,0,0,0.00010013531
01_knn,Distancia,XGBoost Classifier,0,0,0.0061022425
01_knn,Distancia,XGBoost Classifier,1,1,0.9999924
01_knn,Distancia,XGBoost Classifier,0,0,0.0011818503
01_knn,Distancia,XGBoost Classifier,0,0,2.0888281e-05
01_knn,Distancia,XGBoost Classifier,0,0,0.002908936
01_knn,Distancia,XGBoost Classifier,1,1,0.9999932
01_knn,Distancia,XGBoost Classifier,1,1,0.9999883
01_knn,Distancia,XGBoost Classifier,1,1,0.9999871
01_knn,Distancia,XGBoost Classifier,0,0,7.459377e-05
01_knn,Distancia,XGBoost Classifier,0,0,0.00012072698
01_knn,Distancia,XGBoost Classifier,0,0,0.0061027166
01_knn,Distancia,XGBoost Classifier,1,1,0.999838
01_knn,Distancia,XGBoost Classifier,0,0,2.3814066e-05
01_knn,Distancia,XGBoost Classifier,0,0,0.34672168
01_knn,Distancia,XGBoost Classifier,0,0,0.0031650176
01_knn,Distancia,XGBoost Classifier,1,1,0.99999523
01_knn,Distancia,XGBoost Classifier,0,0,0.013730439
01_knn,Distancia,XGBoost Classifier,1,1,0.9972453
01_knn,Distancia,XGBoost Classifier,0,0,0.0044981427
01_knn,Distancia,XGBoost Classifier,0,0,0.00033618705
01_knn,Distancia,XGBoost Classifier,1,1,0.9999552
01_knn,Distancia,XGBoost Classifier,1,1,0.99999607
01_knn,Distancia,XGBoost Classifier,1,1,0.9999883
01_knn,Distancia,XGBoost Classifier,0,0,0.008630096
01_knn,Distancia,XGBoost Classifier,0,0,0.0009853556
01_knn,Distancia,XGBoost Classifier,0,0,3.5290428e-05
01_knn,Distancia,XGBoost Classifier,0,0,0.0007093188
01_knn,Distancia,XGBoost Classifier,0,0,0.012537663
01_knn,Distancia,XGBoost Classifier,0,0,0.027782038
01_knn,Distancia,XGBoost Classifier,0,0,0.00019272376
01_knn,Distancia,XGBoost Classifier,0,0,0.0064969
01_knn,Distancia,XGBoost Classifier,0,0,3.648073e-05
01_knn,Distancia,XGBoost Classifier,0,0,0.00029012407
01_knn,Distancia,XGBoost Classifier,1,1,0.99999774
01_knn,Distancia,XGBoost Classifier,1,1,0.99998903
01_knn,Distancia,XGBoost Classifier,0,0,3.28592e-05
01_knn,Distancia,XGBoost Classifier,0,0,4.4742546e-06
01_knn,Distancia,XGBoost Classifier,0,0,5.0726067e-05
01_knn,Distancia,XGBoost Classifier,0,0,0.00082300295
01_knn,Distancia,XGBoost Classifier,1,1,0.9999957
01_knn,Distancia,XGBoost Classifier,0,0,0.0042772805
01_knn,Distancia,XGBoost Classifier,1,1,0.9999964
01_knn,Distancia,XGBoost Classifier,0,0,6.284513e-05
01_knn,Distancia,XGBoost Classifier,1,1,0.99897003
01_knn,Distancia,XGBoost Classifier,0,0,3.6629688e-06
01_knn,Distancia,XGBoost Classifier,1,1,0.99999654
01_knn,Distancia,XGBoost Classifier,0,0,0.0033699882
01_knn,Distancia,XGBoost Classifier,0,0,0.01613493
01_knn,Distancia,XGBoost Classifier,0,0,0.0048276708
01_knn,Distancia,XGBoost Classifier,0,0,7.767161e-05
01_knn,Distancia,XGBoost Classifier,0,1,0.838477
01_knn,Distancia,XGBoost Classifier,1,1,0.999332
01_knn,Distancia,XGBoost Classifier,0,0,4.252981e-05
01_knn,Distancia,XGBoost Classifier,0,0,4.535836e-05
01_knn,Distancia,XGBoost Classifier,0,0,2.7868022e-05
01_knn,Distancia,XGBoost Classifier,1,1,0.9999982
01_knn,Distancia,XGBoost Classifier,0,0,0.0010456897
01_knn,Distancia,XGBoost Classifier,0,0,0.00018523121
01_knn,Distancia,XGBoost Classifier,0,0,1.1300798e-05
01_knn,Distancia,XGBoost Classifier,0,0,0.01450782
01_knn,Distancia,XGBoost Classifier,0,0,0.00052716426
01_knn,Distancia,XGBoost Classifier,0,0,2.3686665e-05
01_knn,Distancia,XGBoost Classifier,1,0,0.41975245
01_knn,Distancia,XGBoost Classifier,0,0,0.00041230614
01_knn,Distancia,XGBoost Classifier,0,0,0.0018991901
01_knn,Distancia,XGBoost Classifier,0,0,1.7109645e-05
01_knn,Distancia,XGBoost Classifier,1,1,0.99763644
01_knn,Distancia,XGBoost Classifier,0,0,0.0001641302
01_knn,Distancia,XGBoost Classifier,1,1,0.99999535
01_knn,Distancia,XGBoost Classifier,0,0,2.6378923e-06
01_knn,Distancia,XGBoost Classifier,0,0,1.0432567e-05
01_knn,Distancia,XGBoost Classifier,0,0,4.8661514e-05
01_knn,Distancia,XGBoost Classifier,0,0,1.5142876e-05
01_knn,Distancia,XGBoost Classifier,0,0,0.0007641074
01_knn,Distancia,XGBoost Classifier,0,0,4.342716e-05
01_knn,Distancia,XGBoost Classifier,0,0,4.0364644e-06
01_knn,Distancia,XGBoost Classifier,0,0,0.0002386673
01_knn,Distancia,XGBoost Classifier,0,0,0.005039866
01_knn,Distancia,XGBoost Classifier,0,0,0.004040614
01_knn,Distancia,XGBoost Classifier,1,1,0.99999666
01_knn,Distancia,XGBoost Classifier,1,1,0.9999479
01_knn,Distancia,XGBoost Classifier,0,0,0.0022510365
01_knn,Distancia,XGBoost Classifier,0,0,1.616492e-05
01_knn,Distancia,XGBoost Classifier,0,0,8.1104416e-05
01_knn,Distancia,XGBoost Classifier,0,0,2.1262142e-05
01_knn,Distancia,XGBoost Classifier,1,1,0.9995994
01_knn,Distancia,XGBoost Classifier,0,0,0.00010551536
01_knn,Distancia,XGBoost Classifier,0,0,0.0004564921
01_knn,Distancia,XGBoost Classifier,1,1,0.99997294
01_knn,Distancia,XGBoost Classifier,0,0,0.0151163535
01_knn,Distancia,XGBoost Classifier,0,0,0.0018074688
01_knn,Distancia,XGBoost Classifier,1,1,0.99999166
01_knn,Distancia,XGBoost Classifier,0,0,0.0007418367
01_knn,Distancia,XGBoost Classifier,0,1,0.8298719
01_knn,Distancia,XGBoost Classifier,0,0,0.0003238527
01_knn,Distancia,XGBoost Classifier,0,1,0.7413923
01_knn,Distancia,XGBoost Classifier,1,1,0.9999895
01_knn,Distancia,XGBoost Classifier,1,1,0.99395156
01_knn,Distancia,XGBoost Classifier,0,0,0.00011532706
01_knn,Distancia,XGBoost Classifier,0,0,0.045582283
01_knn,Distancia,XGBoost Classifier,0,0,0.0007927857
01_knn,Distancia,XGBoost Classifier,0,0,0.002227582
01_knn,Distancia,XGBoost Classifier,1,1,0.9960098
01_knn,Distancia,XGBoost Classifier,0,0,0.00012418142
01_knn,Distancia,XGBoost Classifier,1,1,0.99983776
01_knn,Distancia,XGBoost Classifier,0,0,0.00061418477
01_knn,Distancia,XGBoost Classifier,1,0,0.02142663
01_knn,Distancia,XGBoost Classifier,0,0,1.34986185e-05
01_knn,Distancia,XGBoost Classifier,0,0,8.87242e-06
01_knn,Distancia,XGBoost Classifier,0,0,0.00018230785
01_knn,Distancia,XGBoost Classifier,0,0,1.237173e-05
01_knn,Distancia,XGBoost Classifier,0,0,7.525058e-05
01_knn,Distancia,XGBoost Classifier,0,0,2.4545936e-05
01_knn,Distancia,XGBoost Classifier,0,0,1.1104481e-05
01_knn,Distancia,XGBoost Classifier,0,0,0.01895287
01_knn,Distancia,XGBoost Classifier,0,0,0.0002611074
01_knn,Distancia,XGBoost Classifier,0,0,0.0051172553
01_knn,Distancia,XGBoost Classifier,0,0,0.00037992984
01_knn,Distancia,XGBoost Classifier,0,0,2.9050094e-05
01_knn,Distancia,XGBoost Classifier,0,0,0.37978715
01_knn,Distancia,XGBoost Classifier,1,0,0.3344252
01_knn,Distancia,XGBoost Classifier,0,0,0.00010914787
01_knn,Distancia,XGBoost Classifier,1,1,0.70065916
01_knn,Distancia,XGBoost Classifier,1,1,0.99998665
01_knn,Distancia,XGBoost Classifier,0,0,0.0001448088
01_knn,Distancia,XGBoost Classifier,0,0,2.031911e-05
01_knn,Distancia,XGBoost Classifier,0,0,1.7103022e-05
01_knn,Distancia,XGBoost Classifier,0,0,0.011296906
01_knn,Distancia,XGBoost Classifier,1,1,0.94405144
01_knn,Distancia,XGBoost Classifier,0,0,0.009311205
01_knn,Distancia,XGBoost Classifier,0,0,3.1756244e-05
01_knn,Distancia,XGBoost Classifier,0,0,0.006180357
01_knn,Distancia,XGBoost Classifier,0,0,4.808159e-05
01_knn,Distancia,XGBoost Classifier,1,1,0.9989655
01_knn,Distancia,XGBoost Classifier,0,0,0.13540918
01_knn,Distancia,XGBoost Classifier,0,0,0.00027391693
01_knn,Distancia,XGBoost Classifier,0,0,8.153394e-05
01_knn,Distancia,XGBoost Classifier,0,0,0.000775826
01_knn,Distancia,XGBoost Classifier,0,0,3.457881e-05
01_knn,Distancia,XGBoost Classifier,0,0,0.0006145086
01_knn,Distancia,XGBoost Classifier,0,0,0.00026021572
01_knn,Distancia,XGBoost Classifier,0,0,0.0001812661
01_knn,Distancia,XGBoost Classifier,1,1,0.99999106
01_knn,Distancia,XGBoost Classifier,0,0,0.4275541
01_knn,Distancia,XGBoost Classifier,0,0,0.0025690822
01_knn,Distancia,XGBoost Classifier,0,0,0.006548295
01_knn,Distancia,XGBoost Classifier,1,1,0.99999595
01_knn,Distancia,XGBoost Classifier,0,0,0.0005562042
01_knn,Distancia,XGBoost Classifier,1,1,0.9999987
01_knn,Distancia,XGBoost Classifier,0,0,0.0009905037
01_knn,Distancia,XGBoost Classifier,1,1,0.99999154
01_knn,Distancia,XGBoost Classifier,0,0,8.3634855e-05
01_knn,Distancia,XGBoost Classifier,0,0,0.0036681201
01_knn,Distancia,XGBoost Classifier,0,0,0.0037738408
01_knn,Distancia,XGBoost Classifier,0,0,8.908577e-05
01_knn,Distancia,XGBoost Classifier,1,1,0.9999937
01_knn,Distancia,XGBoost Classifier,0,0,9.416017e-05
01_knn,Distancia,XGBoost Classifier,0,0,9.05462e-05
01_knn,Distancia,XGBoost Classifier,0,0,0.0035995955
01_knn,Distancia,XGBoost Classifier,0,0,0.012119753
01_knn,Distancia,XGBoost Classifier,0,0,1.0422763e-05
01_knn,Distancia,XGBoost Classifier,0,0,4.995577e-05
01_knn,Distancia,XGBoost Classifier,0,0,0.0025914623
01_knn,Distancia,XGBoost Classifier,1,1,0.9997266
01_knn,Distancia,XGBoost Classifier,0,0,0.031778056
01_knn,Distancia,XGBoost Classifier,0,1,0.95250547
01_knn,Distancia,XGBoost Classifier,0,0,0.0018922512
01_knn,Distancia,XGBoost Classifier,0,0,1.3958846e-05
01_knn,Distancia,XGBoost Classifier,0,0,9.96641e-06
01_knn,Distancia,XGBoost Classifier,0,0,0.022902487
01_knn,Distancia,XGBoost Classifier,0,0,0.0003379459
01_knn,Distancia,XGBoost Classifier,1,1,0.9999765
01_knn,Distancia,XGBoost Classifier,0,0,0.036002923
01_knn,Distancia,XGBoost Classifier,0,0,4.291248e-05
01_knn,Distancia,XGBoost Classifier,0,0,0.0021515817
01_knn,Distancia,XGBoost Classifier,0,0,0.00014320783
01_knn,Distancia,XGBoost Classifier,0,0,0.00036075662
01_knn,Distancia,XGBoost Classifier,0,0,0.00019283275
01_knn,Distancia,XGBoost Classifier,0,0,3.644957e-05
01_knn,Distancia,XGBoost Classifier,0,0,8.467116e-05
01_knn,Distancia,XGBoost Classifier,0,0,7.4314536e-05
01_knn,Distancia,XGBoost Classifier,0,0,0.004413651
01_knn,Distancia,XGBoost Classifier,0,0,0.0018954021
01_knn,Distancia,XGBoost Classifier,1,1,0.99998546
01_knn,Distancia,XGBoost Classifier,0,0,0.017855436
01_knn,Distancia,XGBoost Classifier,1,1,0.99999607
01_knn,Distancia,XGBoost Classifier,0,0,0.00031515525
01_knn,Distancia,XGBoost Classifier,0,0,0.0017585475
01_knn,Distancia,XGBoost Classifier,0,0,0.0018310526
01_knn,Distancia,XGBoost Classifier,0,0,1.6351347e-05
01_knn,Distancia,XGBoost Classifier,0,0,0.0054338635
01_knn,Distancia,XGBoost Classifier,0,0,0.0024408044
01_knn,Distancia,XGBoost Classifier,0,0,5.1193852e-05
01_knn,Distancia,XGBoost Classifier,0,0,0.07429533
01_knn,Distancia,XGBoost Classifier,1,1,0.9999896
01_knn,Distancia,XGBoost Classifier,1,1,0.9999889
01_knn,Distancia,XGBoost Classifier,0,0,0.006937363
01_knn,Distancia,XGBoost Classifier,0,0,0.011535509
01_knn,Distancia,XGBoost Classifier,0,0,0.0015681919
01_knn,Distancia,XGBoost Classifier,0,0,4.1758694e-06
01_knn,Distancia,XGBoost Classifier,0,0,0.0020555838
01_knn,Distancia,XGBoost Classifier,1,1,0.97550017
01_knn,Distancia,XGBoost Classifier,0,0,0.00011969909
01_knn,Distancia,XGBoost Classifier,0,0,0.00021311054
01_knn,Distancia,XGBoost Classifier,0,0,0.12158576
01_knn,Distancia,XGBoost Classifier,0,0,6.31902e-05
01_knn,Distancia,XGBoost Classifier,0,0,0.00038992136
01_knn,Distancia,XGBoost Classifier,1,1,0.9984479
01_knn,Distancia,XGBoost Classifier,0,1,0.6847946
01_knn,Distancia,XGBoost Classifier,0,0,6.5824206e-05
01_knn,Distancia,XGBoost Classifier,1,1,0.99997747
01_knn,Distancia,XGBoost Classifier,0,0,0.0015355283
01_knn,Distancia,XGBoost Classifier,1,1,0.76856494
01_knn,Distancia,XGBoost Classifier,0,0,0.00013659708
01_knn,Distancia,XGBoost Classifier,0,0,0.00014464003
01_knn,Distancia,XGBoost Classifier,0,0,0.0018688516
01_knn,Distancia,XGBoost Classifier,0,0,4.434223e-06
01_knn,Distancia,XGBoost Classifier,0,0,0.0013553243
01_knn,Distancia,XGBoost Classifier,0,0,0.13292964
01_knn,Distancia,XGBoost Classifier,0,0,0.01765618
01_knn,Distancia,XGBoost Classifier,0,1,0.60318774
01_knn,Distancia,XGBoost Classifier,0,0,0.00031454948
01_knn,Distancia,XGBoost Classifier,0,0,7.817452e-05
01_knn,Distancia,XGBoost Classifier,0,0,0.0001180416
01_knn,Distancia,XGBoost Classifier,0,0,1.19120195e-05
01_knn,Distancia,XGBoost Classifier,0,0,0.0001727497
01_knn,Distancia,XGBoost Classifier,0,0,0.00046842854
01_knn,Distancia,XGBoost Classifier,1,1,0.99999774
01_knn,Distancia,XGBoost Classifier,0,0,0.0023306878
01_knn,Distancia,XGBoost Classifier,0,0,5.758944e-06
01_knn,Distancia,XGBoost Classifier,0,0,0.010110119
01_knn,Distancia,XGBoost Classifier,0,0,0.003620923
01_knn,Distancia,XGBoost Classifier,1,1,0.99937195
01_knn,Distancia,XGBoost Classifier,0,0,0.0014165025
01_knn,Distancia,XGBoost Classifier,0,0,0.014040624
01_knn,Distancia,XGBoost Classifier,0,0,2.8275708e-05
01_knn,Distancia,XGBoost Classifier,0,0,0.025392532
01_knn,Distancia,XGBoost Classifier,0,0,0.0018233401
01_knn,Distancia,XGBoost Classifier,0,0,0.0013741578
01_knn,Distancia,XGBoost Classifier,0,0,0.12646264
01_knn,Distancia,XGBoost Classifier,0,0,0.0009740517
01_knn,Distancia,XGBoost Classifier,0,0,0.00042860516
01_knn,Distancia,XGBoost Classifier,0,0,0.0032147572
01_knn,Distancia,XGBoost Classifier,1,1,0.99999416
01_knn,Distancia,XGBoost Classifier,0,0,7.66398e-05
01_knn,Distancia,XGBoost Classifier,0,0,0.00012625974
01_knn,Distancia,XGBoost Classifier,0,0,0.0035930187
01_knn,Distancia,XGBoost Classifier,1,1,0.9967438
01_knn,Distancia,XGBoost Classifier,0,0,0.00021986217
01_knn,Distancia,XGBoost Classifier,0,0,2.8567889e-05
01_knn,Distancia,XGBoost Classifier,0,0,0.007203712
01_knn,Distancia,XGBoost Classifier,0,0,0.0011707268
01_knn,Distancia,XGBoost Classifier,0,0,7.069884e-05
01_knn,Distancia,XGBoost Classifier,1,1,0.9999862
01_knn,Distancia,XGBoost Classifier,0,0,0.00017260201
01_knn,Distancia,XGBoost Classifier,0,0,0.06811735
01_knn,Distancia,XGBoost Classifier,0,0,0.0028007152
01_knn,Distancia,XGBoost Classifier,0,0,1.75551e-05
01_knn,Distancia,XGBoost Classifier,1,1,0.9904909
01_knn,Distancia,XGBoost Classifier,0,0,0.0042082244
01_knn,Distancia,XGBoost Classifier,1,1,0.9999448
01_knn,Distancia,XGBoost Classifier,0,0,0.014600412
01_knn,Distancia,XGBoost Classifier,0,0,0.018588612
01_knn,Distancia,XGBoost Classifier,1,1,0.9997292
01_knn,Distancia,XGBoost Classifier,1,1,0.9999993
01_knn,Distancia,XGBoost Classifier,0,0,0.005595685
01_knn,Distancia,XGBoost Classifier,1,1,0.9999877
01_knn,Distancia,XGBoost Classifier,1,1,0.9999975
01_knn,Distancia,XGBoost Classifier,0,0,0.023664284
01_knn,Distancia,XGBoost Classifier,1,1,0.9999924
01_knn,Distancia,XGBoost Classifier,1,1,0.9998311
01_knn,Distancia,XGBoost Classifier,0,0,5.496019e-05
01_knn,Distancia,XGBoost Classifier,0,0,0.0051716645
01_knn,Distancia,XGBoost Classifier,0,0,0.0022624538
01_knn,Distancia,XGBoost Classifier,0,0,8.086987e-05
01_knn,Distancia,XGBoost Classifier,1,1,0.99999416
01_knn,Distancia,XGBoost Classifier,0,0,0.0007082904
01_knn,Distancia,XGBoost Classifier,0,0,0.00056965154
01_knn,Distancia,XGBoost Classifier,0,0,0.0007156173
01_knn,Distancia,XGBoost Classifier,0,0,4.2907406e-05
01_knn,Distancia,XGBoost Classifier,0,0,0.0024368751
01_knn,Distancia,XGBoost Classifier,0,0,0.004635712
01_knn,Distancia,XGBoost Classifier,0,0,2.2341494e-05
01_knn,Distancia,XGBoost Classifier,1,1,0.9999987
01_knn,Distancia,XGBoost Classifier,0,0,0.00030961356
01_knn,Distancia,XGBoost Classifier,0,0,2.6098219e-06
01_knn,Distancia,XGBoost Classifier,1,1,0.99981564
01_knn,Distancia,XGBoost Classifier,0,0,5.3902466e-05
01_knn,Distancia,XGBoost Classifier,0,0,0.00020144835
01_knn,Distancia,XGBoost Classifier,0,0,0.0002481707
01_knn,Distancia,XGBoost Classifier,0,0,0.027063118
01_knn,Distancia,XGBoost Classifier,0,0,0.08873441
01_knn,Distancia,XGBoost Classifier,0,0,0.010113642
01_knn,Distancia,XGBoost Classifier,0,0,0.0035143893
01_knn,Distancia,XGBoost Classifier,1,0,0.0021310467
01_knn,Distancia,XGBoost Classifier,0,0,0.00028968955
01_knn,Distancia,XGBoost Classifier,0,0,0.00606527
01_knn,Distancia,XGBoost Classifier,1,1,0.904889
01_knn,Distancia,XGBoost Classifier,0,0,0.0022827738
01_knn,Distancia,XGBoost Classifier,0,0,0.05031362
01_knn,Distancia,XGBoost Classifier,0,0,0.00016455266
01_knn,Distancia,XGBoost Classifier,1,1,0.9998363
01_knn,Distancia,XGBoost Classifier,0,0,0.00036871282
01_knn,Distancia,XGBoost Classifier,0,0,0.008265256
01_knn,Distancia,XGBoost Classifier,0,0,0.0041455724
01_knn,Distancia,XGBoost Classifier,1,1,0.9999957
01_knn,Distancia,XGBoost Classifier,0,0,0.0005703834
01_knn,Distancia,XGBoost Classifier,0,0,0.0005157482
01_knn,Distancia,XGBoost Classifier,0,0,0.00074627675
01_knn,Distancia,XGBoost Classifier,0,0,0.0014713074
01_knn,Distancia,XGBoost Classifier,1,1,0.99999535
01_knn,Distancia,XGBoost Classifier,1,1,0.99999046
01_knn,Distancia,XGBoost Classifier,0,0,0.0041824365
01_knn,Distancia,XGBoost Classifier,0,0,0.0009975567
01_knn,Distancia,XGBoost Classifier,0,0,0.0046032513
01_knn,Distancia,XGBoost Classifier,0,0,0.00034270014
01_knn,Distancia,XGBoost Classifier,0,0,1.876452e-05
01_knn,Distancia,XGBoost Classifier,0,0,0.0023411112
01_knn,Distancia,XGBoost Classifier,0,0,8.064431e-05
01_knn,Distancia,XGBoost Classifier,0,0,0.00499411
01_knn,Distancia,XGBoost Classifier,0,0,0.0007502124
01_knn,Distancia,XGBoost Classifier,0,0,0.0065257475
01_knn,Distancia,XGBoost Classifier,0,0,0.000110789886
01_knn,Distancia,XGBoost Classifier,1,1,0.9999932
01_knn,Distancia,XGBoost Classifier,0,0,0.00023001868
01_knn,Distancia,XGBoost Classifier,1,1,0.9522037
01_knn,Distancia,XGBoost Classifier,0,0,8.84391e-05
01_knn,Distancia,XGBoost Classifier,0,0,7.461853e-05
01_knn,Distancia,XGBoost Classifier,0,0,0.028984353
01_knn,Distancia,XGBoost Classifier,1,1,0.9999937
01_knn,Distancia,XGBoost Classifier,0,0,0.018129623
01_knn,Distancia,XGBoost Classifier,0,0,6.689898e-05
01_knn,Distancia,XGBoost Classifier,0,0,0.018122328
01_knn,Distancia,XGBoost Classifier,0,0,0.00046351354
01_knn,Distancia,XGBoost Classifier,0,0,0.000193108
01_knn,Distancia,XGBoost Classifier,1,1,0.9855906
01_knn,Distancia,XGBoost Classifier,0,0,9.3399234e-05
01_knn,Distancia,XGBoost Classifier,0,0,0.005335762
01_knn,Distancia,XGBoost Classifier,0,0,3.9404204e-05
01_knn,Distancia,XGBoost Classifier,0,0,2.4968755e-05
01_knn,Distancia,XGBoost Classifier,0,0,0.00027989564
01_knn,Distancia,XGBoost Classifier,0,0,0.0015426074
01_knn,Distancia,XGBoost Classifier,1,1,0.9999994
01_knn,Distancia,XGBoost Classifier,0,0,6.5767235e-05
01_knn,Distancia,XGBoost Classifier,0,0,0.0007719484
01_knn,Distancia,XGBoost Classifier,0,1,0.9856894
01_knn,Distancia,XGBoost Classifier,0,0,0.00013161144
01_knn,Distancia,XGBoost Classifier,0,0,0.0002916844
01_knn,Distancia,XGBoost Classifier,0,0,0.004773505
01_knn,Distancia,XGBoost Classifier,1,1,0.9999957
01_knn,Distancia,XGBoost Classifier,0,0,8.88361e-05
01_knn,Distancia,XGBoost Classifier,0,0,0.0008200677
01_knn,Distancia,XGBoost Classifier,0,0,0.0009668349
01_knn,Distancia,XGBoost Classifier,0,0,0.0021262255
01_knn,Distancia,XGBoost Classifier,0,0,0.0004765899
01_knn,Distancia,XGBoost Classifier,0,0,0.001462222
01_knn,Distancia,XGBoost Classifier,1,1,0.9999982
01_knn,Distancia,XGBoost Classifier,0,0,1.4288079e-05
01_knn,Distancia,XGBoost Classifier,0,0,0.0003564342
01_knn,Distancia,XGBoost Classifier,0,0,1.5406853e-05
01_knn,Distancia,XGBoost Classifier,0,0,4.7136593e-05
01_knn,Distancia,XGBoost Classifier,1,1,0.9999875
01_knn,Distancia,XGBoost Classifier,0,0,0.0009997078
01_knn,Distancia,XGBoost Classifier,0,0,0.0007771779
01_knn,Distancia,XGBoost Classifier,0,0,0.031736165
01_knn,Distancia,XGBoost Classifier,0,0,0.0014673908
01_knn,Distancia,XGBoost Classifier,0,0,0.0035099604
01_knn,Distancia,XGBoost Classifier,1,1,0.99996877
01_knn,Distancia,XGBoost Classifier,0,0,0.12560889
01_knn,Distancia,XGBoost Classifier,0,0,0.00016265543
01_knn,Distancia,XGBoost Classifier,1,1,0.999985
01_knn,Distancia,XGBoost Classifier,0,0,0.22959922
01_knn,Distancia,XGBoost Classifier,0,0,0.00086523534
01_knn,Distancia,XGBoost Classifier,0,0,5.582591e-05
01_knn,Distancia,XGBoost Classifier,0,0,0.011535765
01_knn,Distancia,XGBoost Classifier,0,0,4.5763292e-05
01_knn,Distancia,XGBoost Classifier,0,0,0.0010040184
01_knn,Distancia,XGBoost Classifier,0,0,0.0005777458
01_knn,Distancia,XGBoost Classifier,1,1,0.99999475
01_knn,Distancia,XGBoost Classifier,0,0,0.00055696495
01_knn,Distancia,XGBoost Classifier,0,0,1.8147082e-05
01_knn,Distancia,XGBoost Classifier,1,1,0.8785386
01_knn,Distancia,XGBoost Classifier,0,0,0.00051815185
01_knn,Distancia,XGBoost Classifier,0,0,0.0013572294
01_knn,Distancia,XGBoost Classifier,1,1,0.9986541
01_knn,Distancia,XGBoost Classifier,0,0,0.0019400968
01_knn,Distancia,XGBoost Classifier,1,0,0.021955153
01_knn,Distancia,XGBoost Classifier,0,0,8.324791e-05
01_knn,Distancia,XGBoost Classifier,0,1,0.57713664
01_knn,Distancia,XGBoost Classifier,0,0,0.0016037739
01_knn,Distancia,XGBoost Classifier,0,0,0.002341472
01_knn,Distancia,XGBoost Classifier,1,1,0.999881
01_knn,Distancia,XGBoost Classifier,1,1,0.99994445
01_knn,Distancia,XGBoost Classifier,0,0,0.0051629357
01_knn,Distancia,XGBoost Classifier,0,0,8.863683e-05
01_knn,Distancia,XGBoost Classifier,0,0,0.0067647668
01_knn,Distancia,XGBoost Classifier,0,0,2.7504118e-05
01_knn,Distancia,XGBoost Classifier,0,0,0.003897334
01_knn,Distancia,XGBoost Classifier,0,0,0.0011468093
01_knn,Distancia,XGBoost Classifier,0,0,0.07861212
01_knn,Distancia,XGBoost Classifier,1,0,0.002085868
01_knn,Distancia,XGBoost Classifier,0,0,0.00017497993
01_knn,Distancia,XGBoost Classifier,0,0,0.0056567104
01_knn,Distancia,XGBoost Classifier,0,0,0.0003441251
01_knn,Distancia,XGBoost Classifier,0,0,0.29122066
01_knn,Distancia,XGBoost Classifier,0,0,0.00012214745
01_knn,Distancia,XGBoost Classifier,0,1,0.9339904
01_knn,Distancia,XGBoost Classifier,0,0,0.00017943932
01_knn,Distancia,XGBoost Classifier,0,0,0.0014362596
01_knn,Distancia,XGBoost Classifier,1,1,0.99998856
01_knn,Distancia,XGBoost Classifier,0,0,0.0001808604
01_knn,Distancia,XGBoost Classifier,0,0,0.00014418835
01_knn,Distancia,XGBoost Classifier,0,0,0.0008513854
01_knn,Distancia,XGBoost Classifier,0,0,0.0006600341
01_knn,Distancia,XGBoost Classifier,0,0,0.0022203657
01_knn,Distancia,XGBoost Classifier,0,0,0.00011704361
01_knn,Distancia,XGBoost Classifier,0,0,0.0003447
01_knn,Distancia,XGBoost Classifier,0,0,0.0033353944
01_knn,Distancia,XGBoost Classifier,0,0,0.008665103
01_knn,Distancia,XGBoost Classifier,0,0,0.03105545
01_knn,Distancia,XGBoost Classifier,1,0,0.32278374
01_knn,Distancia,XGBoost Classifier,1,1,0.9999964
01_knn,Distancia,XGBoost Classifier,1,1,0.9998447
01_knn,Distancia,XGBoost Classifier,1,1,0.9999882
01_knn,Distancia,XGBoost Classifier,0,1,0.9727006
01_knn,Distancia,XGBoost Classifier,0,0,0.12440758
01_knn,Distancia,XGBoost Classifier,0,0,8.3017374e-05
01_knn,Distancia,XGBoost Classifier,0,0,0.00046078663
01_knn,Distancia,XGBoost Classifier,0,0,0.001768239
01_knn,Distancia,XGBoost Classifier,0,0,5.4550404e-05
01_knn,Distancia,XGBoost Classifier,0,0,0.040196676
01_knn,Distancia,XGBoost Classifier,0,0,0.049057793
01_knn,Distancia,XGBoost Classifier,0,0,0.00014230018
01_knn,Distancia,XGBoost Classifier,0,0,0.0049713533
01_knn,Distancia,XGBoost Classifier,0,0,0.0024146824
01_knn,Distancia,XGBoost Classifier,1,1,0.99946946
01_knn,Distancia,XGBoost Classifier,1,1,0.9999727
01_knn,Distancia,XGBoost Classifier,0,0,0.00014273368
01_knn,Distancia,XGBoost Classifier,1,1,0.99346817
01_knn,Distancia,XGBoost Classifier,0,0,3.111565e-05
01_knn,Distancia,XGBoost Classifier,1,1,0.99367476
01_knn,Distancia,XGBoost Classifier,0,0,0.00025974997
01_knn,Distancia,XGBoost Classifier,0,0,2.0871714e-05
01_knn,Distancia,XGBoost Classifier,0,0,0.001981254
01_knn,Distancia,XGBoost Classifier,1,1,0.9989027
01_knn,Distancia,XGBoost Classifier,0,0,0.00038561926
01_knn,Distancia,XGBoost Classifier,0,0,0.06852197
01_knn,Distancia,XGBoost Classifier,0,0,9.533143e-05
01_knn,Distancia,XGBoost Classifier,0,0,0.022378637
01_knn,Distancia,XGBoost Classifier,0,1,0.9603146
01_knn,Distancia,XGBoost Classifier,0,0,1.850046e-05
01_knn,Distancia,XGBoost Classifier,0,0,0.029273244
01_knn,Distancia,XGBoost Classifier,0,0,0.0019443202
01_knn,Distancia,XGBoost Classifier,0,0,0.0019623898
01_knn,Distancia,XGBoost Classifier,0,0,0.0060431785
01_knn,Distancia,XGBoost Classifier,1,1,0.99999666
01_knn,Distancia,XGBoost Classifier,0,0,0.0021563065
01_knn,Distancia,XGBoost Classifier,0,0,0.0022751896
01_knn,Distancia,XGBoost Classifier,1,1,0.9999994
01_knn,Distancia,XGBoost Classifier,0,0,0.0023938094
01_knn,Distancia,XGBoost Classifier,1,1,0.9999969
01_knn,Distancia,XGBoost Classifier,0,0,0.0028167858
01_knn,Distancia,XGBoost Classifier,0,0,0.0027167406
01_knn,Distancia,XGBoost Classifier,0,0,0.0030721494
01_knn,Distancia,XGBoost Classifier,0,0,0.10251423
01_knn,Distancia,XGBoost Classifier,0,0,0.0028037813
01_knn,Distancia,XGBoost Classifier,0,0,0.00035661977
01_knn,Distancia,XGBoost Classifier,0,0,0.0030244084
01_knn,Distancia,XGBoost Classifier,1,1,0.99999917
01_knn,Distancia,XGBoost Classifier,0,0,0.00016152608
01_knn,Distancia,XGBoost Classifier,0,0,0.002301402
01_knn,Distancia,XGBoost Classifier,0,0,5.1126965e-05
01_knn,Distancia,XGBoost Classifier,1,1,0.99961406
01_knn,Distancia,XGBoost Classifier,0,0,0.00018995436
01_knn,Distancia,XGBoost Classifier,0,0,6.537493e-05
01_knn,Distancia,XGBoost Classifier,0,0,0.0007019727
01_knn,Distancia,XGBoost Classifier,0,0,0.0016274491
01_knn,Distancia,XGBoost Classifier,0,0,5.2412113e-05
01_knn,Distancia,XGBoost Classifier,1,1,0.99993527
01_knn,Distancia,XGBoost Classifier,0,0,0.000326854
01_knn,Distancia,XGBoost Classifier,1,1,0.9821447
01_knn,Distancia,XGBoost Classifier,1,1,0.99998975
01_knn,Distancia,XGBoost Classifier,0,0,0.0027941999
01_knn,Distancia,XGBoost Classifier,0,0,0.1307341
01_knn,Distancia,XGBoost Classifier,0,0,2.6881997e-05
01_knn,Distancia,XGBoost Classifier,0,0,0.00071657443
01_knn,Distancia,XGBoost Classifier,1,1,0.99998915
01_knn,Distancia,XGBoost Classifier,0,0,4.894821e-05
01_knn,Distancia,XGBoost Classifier,1,1,0.87763
01_knn,Distancia,XGBoost Classifier,0,0,7.4532414e-05
01_knn,Distancia,XGBoost Classifier,0,0,1.0838305e-05
01_knn,Distancia,XGBoost Classifier,0,0,0.00010151419
01_knn,Distancia,XGBoost Classifier,0,0,0.28448018
01_knn,Distancia,XGBoost Classifier,1,1,0.9999651
01_knn,Distancia,XGBoost Classifier,0,1,0.87679267
01_knn,Distancia,XGBoost Classifier,0,0,0.002053769
01_knn,Distancia,XGBoost Classifier,0,0,0.00025458544
01_knn,Distancia,XGBoost Classifier,0,0,2.4133315e-05
01_knn,Distancia,XGBoost Classifier,0,0,0.008901892
01_knn,Distancia,XGBoost Classifier,0,1,0.92911166
01_knn,Distancia,XGBoost Classifier,1,0,0.4240008
01_knn,Distancia,XGBoost Classifier,0,0,0.000117786934
01_knn,Distancia,XGBoost Classifier,0,0,0.006346787
01_knn,Distancia,XGBoost Classifier,0,0,0.0058009233
01_knn,Distancia,XGBoost Classifier,0,0,0.024099696
01_knn,Distancia,XGBoost Classifier,0,0,5.5388573e-06
01_knn,Distancia,XGBoost Classifier,0,0,4.7111473e-05
01_knn,Distancia,XGBoost Classifier,0,0,0.0053157313
01_knn,Distancia,XGBoost Classifier,0,0,0.0090348
01_knn,Distancia,XGBoost Classifier,1,1,0.99999857
01_knn,Distancia,XGBoost Classifier,0,0,0.00065737544
01_knn,Distancia,XGBoost Classifier,0,0,5.6963836e-05
01_knn,Distancia,XGBoost Classifier,0,0,0.3107394
01_knn,Distancia,XGBoost Classifier,0,1,0.87035006
01_knn,Distancia,XGBoost Classifier,1,1,0.999967
01_knn,Distancia,XGBoost Classifier,0,0,0.0012052957
01_knn,Distancia,XGBoost Classifier,1,1,0.99992573
01_knn,Distancia,XGBoost Classifier,0,0,0.00015074108
01_knn,Distancia,XGBoost Classifier,0,0,0.0011520057
01_knn,Distancia,XGBoost Classifier,0,0,0.0020820156
01_knn,Distancia,XGBoost Classifier,1,0,0.123045236
01_knn,Distancia,XGBoost Classifier,0,0,5.550703e-05
01_knn,Distancia,XGBoost Classifier,1,1,0.99999154
01_knn,Distancia,XGBoost Classifier,0,0,2.6523303e-05
01_knn,Distancia,XGBoost Classifier,0,0,5.184274e-05
01_knn,Distancia,XGBoost Classifier,0,0,0.0021086961
01_knn,Distancia,XGBoost Classifier,1,1,0.9164346
01_knn,Distancia,XGBoost Classifier,0,0,6.1828337e-06
01_knn,Distancia,XGBoost Classifier,0,0,9.4007824e-05
01_knn,Distancia,XGBoost Classifier,0,0,0.000426787
01_knn,Distancia,XGBoost Classifier,0,0,0.002786034
01_knn,Distancia,XGBoost Classifier,0,0,1.7369039e-05
01_knn,Distancia,XGBoost Classifier,0,0,0.00024364181
01_knn,Distancia,XGBoost Classifier,0,0,1.4374703e-05
01_knn,Distancia,XGBoost Classifier,0,0,1.0827984e-05
01_knn,Distancia,XGBoost Classifier,0,0,0.0007105847
01_knn,Distancia,XGBoost Classifier,1,1,0.9999919
01_knn,Distancia,XGBoost Classifier,0,0,0.03931034
01_knn,Distancia,XGBoost Classifier,0,0,0.0031122733
01_knn,Distancia,XGBoost Classifier,1,1,0.9592992
01_knn,Distancia,XGBoost Classifier,0,1,0.63659734
01_knn,Distancia,XGBoost Classifier,0,0,0.006225996
01_knn,Distancia,XGBoost Classifier,0,0,0.009445855
01_knn,Distancia,XGBoost Classifier,1,1,0.9079645
01_knn,Distancia,XGBoost Classifier,1,1,0.9998441
01_knn,Distancia,XGBoost Classifier,1,1,0.999448
01_knn,Distancia,XGBoost Classifier,0,0,0.00022570582
01_knn,Distancia,XGBoost Classifier,0,0,2.5087667e-05
01_knn,Distancia,XGBoost Classifier,0,0,9.467571e-05
01_knn,Distancia,XGBoost Classifier,0,0,0.002712295
01_knn,Distancia,XGBoost Classifier,1,1,0.9999
01_knn,Distancia,XGBoost Classifier,0,0,2.9673198e-05
01_knn,Distancia,XGBoost Classifier,1,1,0.99999344
01_knn,Distancia,XGBoost Classifier,0,0,0.0005470714
01_knn,Distancia,XGBoost Classifier,0,0,7.203962e-05
01_knn,Distancia,XGBoost Classifier,1,1,0.9999089
01_knn,Distancia,XGBoost Classifier,0,0,0.00013804542
01_knn,Distancia,XGBoost Classifier,0,0,4.9424245e-05
01_knn,Distancia,XGBoost Classifier,0,0,2.9252142e-05
01_knn,Distancia,XGBoost Classifier,0,0,0.0039868555
01_knn,Distancia,XGBoost Classifier,0,0,0.0007724966
01_knn,Distancia,XGBoost Classifier,0,0,0.36805573
01_knn,Distancia,XGBoost Classifier,0,0,5.0398667e-05
01_knn,Distancia,XGBoost Classifier,0,0,0.0011404195
01_knn,Distancia,XGBoost Classifier,0,0,0.00055289455
01_knn,Distancia,XGBoost Classifier,0,0,0.00013538994
01_knn,Distancia,XGBoost Classifier,1,1,0.9993923
01_knn,Distancia,XGBoost Classifier,0,0,8.205176e-05
01_knn,Distancia,XGBoost Classifier,0,0,6.9204216e-05
01_knn,Distancia,XGBoost Classifier,0,0,0.0004371383
01_knn,Distancia,XGBoost Classifier,0,0,0.00010597962
01_knn,Distancia,XGBoost Classifier,0,0,0.000100449855
01_knn,Distancia,XGBoost Classifier,1,0,0.36080587
01_knn,Distancia,XGBoost Classifier,0,0,0.002162686
01_knn,Distancia,XGBoost Classifier,0,0,0.00047502675
01_knn,Distancia,XGBoost Classifier,1,1,0.99999595
01_knn,Distancia,XGBoost Classifier,0,0,4.0942225e-05
01_knn,Distancia,XGBoost Classifier,0,0,6.142936e-05
01_knn,Distancia,XGBoost Classifier,0,0,2.8085973e-05
01_knn,Distancia,XGBoost Classifier,0,0,1.8382607e-06
01_knn,Distancia,XGBoost Classifier,0,0,0.00043158335
01_knn,Distancia,XGBoost Classifier,1,1,0.9999888
01_knn,Distancia,XGBoost Classifier,1,1,0.9994449
01_knn,Distancia,XGBoost Classifier,1,1,0.95259374
01_knn,Distancia,XGBoost Classifier,0,0,0.034371085
01_knn,Distancia,XGBoost Classifier,1,1,0.93297905
01_knn,Distancia,XGBoost Classifier,0,0,0.0009084598
01_knn,Distancia,XGBoost Classifier,1,1,0.99958235
01_knn,Distancia,XGBoost Classifier,0,0,0.026547784
01_knn,Distancia,XGBoost Classifier,1,1,0.96761
01_knn,Distancia,XGBoost Classifier,0,0,2.0309657e-05
01_knn,Distancia,XGBoost Classifier,1,0,0.028440014
01_knn,Distancia,XGBoost Classifier,0,0,0.0001322673
01_knn,Distancia,XGBoost Classifier,0,0,0.34337598
01_knn,Distancia,XGBoost Classifier,1,1,0.77729326
01_knn,Distancia,XGBoost Classifier,0,0,0.00026507408
01_knn,Distancia,XGBoost Classifier,1,1,0.9999392
01_knn,Distancia,XGBoost Classifier,1,1,0.999985
01_knn,Distancia,XGBoost Classifier,0,0,0.20365702
01_knn,Distancia,XGBoost Classifier,0,0,3.207081e-05
01_knn,Distancia,XGBoost Classifier,0,0,0.0069397097
01_knn,Distancia,XGBoost Classifier,0,0,0.0029929513
01_knn,Distancia,XGBoost Classifier,0,0,0.00357443
01_knn,Distancia,XGBoost Classifier,1,1,0.9715551
01_knn,Distancia,XGBoost Classifier,1,1,0.97837377
01_knn,Distancia,XGBoost Classifier,0,0,4.3668068e-05
01_knn,Distancia,XGBoost Classifier,0,0,0.07541355
01_knn,Distancia,XGBoost Classifier,0,1,0.84009546
01_knn,Distancia,XGBoost Classifier,0,0,0.19447333
01_knn,Distancia,XGBoost Classifier,0,0,1.5650116e-06
01_knn,Distancia,XGBoost Classifier,1,1,0.9990331
01_knn,Distancia,XGBoost Classifier,1,1,0.99982494
01_knn,Distancia,XGBoost Classifier,1,1,0.9999951
01_knn,Distancia,XGBoost Classifier,0,0,0.0022554316
01_knn,Distancia,XGBoost Classifier,0,0,0.00024977967
01_knn,Distancia,XGBoost Classifier,0,0,2.5324194e-05
01_knn,Distancia,XGBoost Classifier,1,1,0.99998355
01_knn,Distancia,XGBoost Classifier,0,0,3.3340115e-05
01_knn,Distancia,XGBoost Classifier,1,1,0.999582
01_knn,Distancia,XGBoost Classifier,0,0,0.016086971
01_knn,Distancia,XGBoost Classifier,0,0,0.0029154713
01_knn,Distancia,XGBoost Classifier,1,0,0.03815467
01_knn,Distancia,XGBoost Classifier,1,1,0.9999846
01_knn,Distancia,XGBoost Classifier,1,1,0.9401662
01_knn,Distancia,XGBoost Classifier,0,0,2.0630641e-05
01_knn,Distancia,XGBoost Classifier,1,1,0.9999857
01_knn,Distancia,XGBoost Classifier,0,0,0.000117689364
01_knn,Distancia,XGBoost Classifier,0,0,0.00035265554
01_knn,Distancia,XGBoost Classifier,1,1,0.9999939
01_knn,Distancia,XGBoost Classifier,0,0,0.0005150918
01_knn,Distancia,XGBoost Classifier,0,0,7.543695e-05
01_knn,Distancia,XGBoost Classifier,0,0,0.17556468
01_knn,Distancia,XGBoost Classifier,0,0,1.539064e-05
01_knn,Distancia,XGBoost Classifier,0,0,3.612839e-05
01_knn,Distancia,XGBoost Classifier,0,0,0.033461787
01_knn,Distancia,XGBoost Classifier,0,0,0.00018415434
01_knn,Distancia,XGBoost Classifier,0,0,0.0067616696
01_knn,Distancia,XGBoost Classifier,1,1,0.9922117
01_knn,Distancia,XGBoost Classifier,0,0,0.00015063376
01_knn,Distancia,XGBoost Classifier,0,0,0.00039891808
01_knn,Distancia,XGBoost Classifier,0,0,0.0021066803
01_knn,Distancia,XGBoost Classifier,0,0,0.025382381
01_knn,Distancia,XGBoost Classifier,1,1,0.9999914
01_knn,Distancia,XGBoost Classifier,0,0,1.9931262e-05
01_knn,Distancia,XGBoost Classifier,0,0,0.000101904276
01_knn,Distancia,XGBoost Classifier,1,1,0.9999095
01_knn,Distancia,XGBoost Classifier,0,0,8.3826e-05
01_knn,Distancia,XGBoost Classifier,0,0,0.0015084832
01_knn,Distancia,XGBoost Classifier,0,0,2.2195769e-05
01_knn,Distancia,XGBoost Classifier,1,1,0.9972959
01_knn,Distancia,XGBoost Classifier,1,1,0.9999815
01_knn,Distancia,XGBoost Classifier,1,1,0.99986005
01_knn,Distancia,XGBoost Classifier,0,0,4.2234486e-05
01_knn,Distancia,XGBoost Classifier,0,0,6.59873e-05
01_knn,Distancia,XGBoost Classifier,0,0,0.024941385
01_knn,Distancia,XGBoost Classifier,0,0,0.1093531
01_knn,Distancia,XGBoost Classifier,1,0,0.1340087
01_knn,Distancia,XGBoost Classifier,1,1,0.9999968
01_knn,Distancia,XGBoost Classifier,0,0,0.006380707
01_knn,Distancia,XGBoost Classifier,0,0,0.0022519673
01_knn,Distancia,XGBoost Classifier,0,0,0.00010993746
01_knn,Distancia,XGBoost Classifier,1,1,0.99999857
01_knn,Distancia,XGBoost Classifier,0,0,0.000267083
01_knn,Distancia,XGBoost Classifier,0,0,0.0057600415
01_knn,Distancia,XGBoost Classifier,1,1,0.99974245
01_knn,Distancia,XGBoost Classifier,0,0,0.0023521194
01_knn,Distancia,XGBoost Classifier,0,0,0.0028096642
01_knn,Distancia,XGBoost Classifier,0,0,0.0026133014
01_knn,Distancia,XGBoost Classifier,0,0,0.000162182
01_knn,Distancia,XGBoost Classifier,0,0,0.0010639213
01_knn,Distancia,XGBoost Classifier,0,0,9.587167e-05
01_knn,Distancia,XGBoost Classifier,1,1,0.99998236
01_knn,Distancia,XGBoost Classifier,0,0,0.011143189
01_knn,Distancia,XGBoost Classifier,0,1,0.99193007
01_knn,Distancia,XGBoost Classifier,0,0,0.001408629
01_knn,Distancia,XGBoost Classifier,0,0,0.001064455
01_knn,Distancia,XGBoost Classifier,0,0,7.533106e-05
01_knn,Distancia,XGBoost Classifier,0,0,0.00039949047
01_knn,Distancia,XGBoost Classifier,1,1,0.9664524
01_knn,Distancia,XGBoost Classifier,0,0,0.00010317972
01_knn,Distancia,XGBoost Classifier,0,0,8.670569e-05
01_knn,Distancia,XGBoost Classifier,0,0,0.00018197838
01_knn,Distancia,XGBoost Classifier,0,0,0.0002268099
01_knn,Distancia,XGBoost Classifier,0,0,0.032760393
01_knn,Distancia,XGBoost Classifier,1,1,0.99947196
01_knn,Distancia,XGBoost Classifier,0,0,1.2867637e-05
01_knn,Distancia,XGBoost Classifier,0,0,5.8123966e-05
01_knn,Distancia,XGBoost Classifier,0,0,0.034911618
01_knn,Distancia,XGBoost Classifier,0,0,0.0010196782
01_knn,Distancia,XGBoost Classifier,0,0,0.010970855
01_knn,Distancia,XGBoost Classifier,0,0,7.355478e-06
01_knn,Distancia,XGBoost Classifier,0,0,0.0010470947
01_knn,Distancia,XGBoost Classifier,0,0,0.09686745
01_knn,Distancia,XGBoost Classifier,0,0,4.248465e-05
01_knn,Distancia,XGBoost Classifier,0,0,0.0024269798
01_knn,Distancia,XGBoost Classifier,0,0,0.00031942583
01_knn,Distancia,XGBoost Classifier,0,0,2.3816976e-05
01_knn,Distancia,XGBoost Classifier,0,0,0.00027430136
01_knn,Distancia,XGBoost Classifier,0,0,0.002358692
01_knn,Distancia,XGBoost Classifier,0,0,0.00012551142
01_knn,Distancia,XGBoost Classifier,0,0,0.027252002
01_knn,Distancia,XGBoost Classifier,1,1,0.9999969
01_knn,Distancia,XGBoost Classifier,0,0,0.0002817465
01_knn,Distancia,XGBoost Classifier,0,0,5.77159e-05
01_knn,Distancia,XGBoost Classifier,1,1,0.9999918
01_knn,Distancia,XGBoost Classifier,0,0,2.440719e-05
01_knn,Distancia,XGBoost Classifier,0,0,2.9666748e-05
01_knn,Distancia,XGBoost Classifier,0,0,0.0022570202
01_knn,Distancia,XGBoost Classifier,0,0,0.0029442122
01_knn,Distancia,XGBoost Classifier,0,0,0.04338054
01_knn,Distancia,XGBoost Classifier,0,0,0.0020569596
01_knn,Distancia,XGBoost Classifier,0,0,0.0024079082
01_knn,Distancia,XGBoost Classifier,0,0,0.006228186
01_knn,Distancia,XGBoost Classifier,0,0,0.0024018178
01_knn,Distancia,XGBoost Classifier,1,1,0.99992776
01_knn,Distancia,XGBoost Classifier,0,0,0.0017404634
01_knn,Distancia,XGBoost Classifier,1,1,0.99986815
01_knn,Distancia,XGBoost Classifier,1,1,0.99997485
01_knn,Distancia,XGBoost Classifier,0,0,0.0038689242
01_knn,Distancia,XGBoost Classifier,1,1,0.9998729
01_knn,Distancia,XGBoost Classifier,0,0,0.0005534397
01_knn,Distancia,XGBoost Classifier,1,1,0.9426705
01_knn,Distancia,XGBoost Classifier,1,1,0.9999324
01_knn,Distancia,XGBoost Classifier,1,1,0.9999341
01_knn,Distancia,XGBoost Classifier,0,0,0.00060459727
01_knn,Distancia,XGBoost Classifier,1,1,0.6837955
01_knn,Distancia,XGBoost Classifier,0,0,0.13042663
01_knn,Distancia,XGBoost Classifier,0,0,3.8563194e-05
01_knn,Distancia,XGBoost Classifier,0,0,0.00017579518
01_knn,Distancia,XGBoost Classifier,0,0,9.952529e-05
01_knn,Distancia,XGBoost Classifier,0,0,0.0005234475
01_knn,Distancia,XGBoost Classifier,0,0,0.0007609262
01_knn,Distancia,XGBoost Classifier,0,0,0.00050154515
01_knn,Distancia,XGBoost Classifier,0,0,0.0004706568
01_knn,Distancia,XGBoost Classifier,1,1,0.9998167
01_knn,Distancia,XGBoost Classifier,0,0,0.0020519441
01_knn,Distancia,XGBoost Classifier,0,0,0.00012883243
01_knn,Distancia,XGBoost Classifier,0,0,0.0015081738
01_knn,Distancia,XGBoost Classifier,1,1,0.9992036
01_knn,Distancia,XGBoost Classifier,0,0,0.01539609
01_knn,Distancia,XGBoost Classifier,1,0,0.11023079
01_knn,Distancia,XGBoost Classifier,0,0,3.8050216e-06
01_knn,Distancia,XGBoost Classifier,1,1,0.99961215
01_knn,Distancia,XGBoost Classifier,0,0,0.02730917
01_knn,Distancia,XGBoost Classifier,0,0,6.6270506e-05
01_knn,Distancia,XGBoost Classifier,1,1,0.99979895
01_knn,Distancia,XGBoost Classifier,0,0,0.006602076
01_knn,Distancia,XGBoost Classifier,0,0,0.000112053596
01_knn,Distancia,XGBoost Classifier,1,1,0.99998903
01_knn,Distancia,XGBoost Classifier,0,0,0.00017395584
01_knn,Distancia,XGBoost Classifier,0,0,2.971695e-05
01_knn,Distancia,XGBoost Classifier,0,0,0.0059408774
01_knn,Distancia,XGBoost Classifier,0,0,3.017754e-05
01_knn,Distancia,XGBoost Classifier,1,1,0.99201113
01_knn,Distancia,XGBoost Classifier,0,0,0.0005628338
01_knn,Distancia,XGBoost Classifier,0,0,0.035771284
01_knn,Distancia,XGBoost Classifier,0,0,0.0017123357
01_knn,Distancia,XGBoost Classifier,0,0,3.3263645e-05
01_knn,Distancia,XGBoost Classifier,1,1,0.9969885
01_knn,Distancia,XGBoost Classifier,0,0,0.004361585
01_knn,Distancia,XGBoost Classifier,0,0,0.0005053749
01_knn,Distancia,XGBoost Classifier,0,0,0.0006300807
01_knn,Distancia,XGBoost Classifier,1,1,0.9999926
01_knn,Distancia,XGBoost Classifier,0,0,5.534745e-05
01_knn,Distancia,XGBoost Classifier,1,1,0.99999595
01_knn,Distancia,XGBoost Classifier,0,0,0.0014569688
01_knn,Distancia,XGBoost Classifier,0,0,2.1114988e-06
01_knn,Distancia,XGBoost Classifier,0,0,1.9135714e-06
01_knn,Distancia,XGBoost Classifier,0,0,0.009529194
01_knn,Distancia,XGBoost Classifier,0,0,0.0025237508
01_knn,Distancia,XGBoost Classifier,1,1,0.99954873
01_knn,Distancia,XGBoost Classifier,0,0,5.6635923e-05
01_knn,Distancia,XGBoost Classifier,1,1,0.9999937
01_knn,Distancia,XGBoost Classifier,0,0,0.0017462124
01_knn,Distancia,XGBoost Classifier,1,1,0.950254
01_knn,Distancia,XGBoost Classifier,0,0,0.005076715
01_knn,Distancia,XGBoost Classifier,1,1,0.99999845
01_knn,Distancia,XGBoost Classifier,1,1,0.99999595
01_knn,Distancia,XGBoost Classifier,0,0,0.27926564
01_knn,Distancia,XGBoost Classifier,0,0,1.4489681e-05
01_knn,Distancia,XGBoost Classifier,1,1,0.99999
01_knn,Distancia,XGBoost Classifier,0,0,0.00043432007
01_knn,Distancia,XGBoost Classifier,0,0,1.5366411e-05
01_knn,Distancia,XGBoost Classifier,0,0,3.079377e-05
01_knn,Distancia,XGBoost Classifier,0,0,0.00027186182
01_knn,Distancia,XGBoost Classifier,1,1,0.99999344
01_knn,Distancia,XGBoost Classifier,1,1,0.99996746
01_knn,Distancia,XGBoost Classifier,0,0,0.00022990379
01_knn,Distancia,XGBoost Classifier,0,0,8.504226e-05
01_knn,Distancia,XGBoost Classifier,1,1,0.99950993
01_knn,Distancia,XGBoost Classifier,0,0,0.0024920048
01_knn,Distancia,XGBoost Classifier,0,0,2.546293e-05
01_knn,Distancia,XGBoost Classifier,1,1,0.9994351
01_knn,Distancia,XGBoost Classifier,1,1,0.99998975
01_knn,Distancia,XGBoost Classifier,0,0,1.8862049e-05
01_knn,Distancia,XGBoost Classifier,1,1,0.9999738
01_knn,Distancia,XGBoost Classifier,0,0,0.009649241
01_knn,Distancia,XGBoost Classifier,1,1,0.99998534
01_knn,Distancia,XGBoost Classifier,0,0,7.63521e-05
01_knn,Distancia,XGBoost Classifier,0,0,0.0056157717
01_knn,Distancia,XGBoost Classifier,0,0,0.0020379683
01_knn,Distancia,XGBoost Classifier,0,0,0.0007326706
01_knn,Distancia,XGBoost Classifier,0,0,0.0001865083
01_knn,Distancia,XGBoost Classifier,0,0,1.0179526e-05
01_knn,Distancia,XGBoost Classifier,1,1,0.99982435
01_knn,Distancia,XGBoost Classifier,0,0,0.080169216
01_knn,Distancia,XGBoost Classifier,0,0,0.0004650058
01_knn,Distancia,XGBoost Classifier,0,0,0.00036160057
01_knn,Distancia,XGBoost Classifier,1,1,0.99998105
01_knn,Distancia,XGBoost Classifier,1,1,0.9999813
01_knn,Distancia,XGBoost Classifier,0,0,9.123315e-05
01_knn,Distancia,XGBoost Classifier,0,0,0.0002913609
01_knn,Distancia,XGBoost Classifier,0,0,0.000281779
01_knn,Distancia,XGBoost Classifier,0,0,3.1797546e-05
01_knn,Distancia,XGBoost Classifier,1,1,0.99998915
01_knn,Distancia,XGBoost Classifier,0,0,0.0015064885
01_knn,Distancia,XGBoost Classifier,0,0,0.00066207815
01_knn,Distancia,XGBoost Classifier,0,0,0.00013297623
01_knn,Distancia,XGBoost Classifier,0,0,8.823177e-06
01_knn,Distancia,XGBoost Classifier,0,0,0.00034407785
01_knn,Distancia,XGBoost Classifier,0,0,0.00054771075
01_knn,Distancia,XGBoost Classifier,0,0,6.83538e-05
01_knn,Distancia,XGBoost Classifier,0,0,0.015850693
01_knn,Distancia,XGBoost Classifier,0,0,0.0030883295
01_knn,Distancia,XGBoost Classifier,0,0,0.00027768235
01_knn,Distancia,XGBoost Classifier,0,1,0.9548943
01_knn,Distancia,XGBoost Classifier,0,0,1.7941089e-05
01_knn,Distancia,XGBoost Classifier,0,0,0.03021435
01_knn,Distancia,XGBoost Classifier,0,0,0.008110998
01_knn,Distancia,XGBoost Classifier,0,0,0.002122763
01_knn,Distancia,XGBoost Classifier,0,0,0.009917972
01_knn,Distancia,XGBoost Classifier,0,0,1.5175299e-06
01_knn,Distancia,XGBoost Classifier,0,0,5.038598e-05
01_knn,Distancia,XGBoost Classifier,0,0,1.1827045e-05
01_knn,Distancia,XGBoost Classifier,0,0,0.0015601233
01_knn,Distancia,XGBoost Classifier,0,0,0.005022408
01_knn,Distancia,XGBoost Classifier,0,0,0.0012050138
01_knn,Distancia,XGBoost Classifier,0,0,0.00017201793
01_knn,Distancia,XGBoost Classifier,0,0,4.106254e-05
01_knn,Distancia,XGBoost Classifier,0,0,0.006111678
01_knn,Distancia,XGBoost Classifier,0,0,0.009345536
01_knn,Distancia,XGBoost Classifier,0,0,0.022059955
01_knn,Distancia,XGBoost Classifier,0,0,1.2145431e-05
01_knn,Distancia,XGBoost Classifier,1,1,0.99999356
01_knn,Distancia,XGBoost Classifier,0,0,0.0016405937
01_knn,Distancia,XGBoost Classifier,0,0,0.0004281366
01_knn,Distancia,XGBoost Classifier,0,0,0.00047157766
01_knn,Distancia,XGBoost Classifier,0,0,0.00019852255
01_knn,Distancia,XGBoost Classifier,0,0,0.0008830724
01_knn,Distancia,XGBoost Classifier,1,0,0.30886105
01_knn,Distancia,XGBoost Classifier,0,0,0.0001987021
01_knn,Distancia,XGBoost Classifier,0,0,1.3780324e-05
01_knn,Distancia,XGBoost Classifier,1,1,0.99999917
01_knn,Distancia,XGBoost Classifier,1,1,0.99997735
01_knn,Distancia,XGBoost Classifier,0,0,0.00049408845
01_knn,Distancia,XGBoost Classifier,0,0,0.00026717366
01_knn,Distancia,XGBoost Classifier,0,0,6.3820014e-05
01_knn,Distancia,XGBoost Classifier,1,1,0.99999774
01_knn,Distancia,XGBoost Classifier,0,0,0.0011884029
01_knn,Distancia,XGBoost Classifier,0,1,0.6714275
01_knn,Distancia,XGBoost Classifier,0,0,0.0021582146
01_knn,Distancia,XGBoost Classifier,0,0,6.6863904e-05
01_knn,Distancia,XGBoost Classifier,0,0,0.00041601196
01_knn,Distancia,XGBoost Classifier,0,0,0.00035129473
01_knn,Distancia,XGBoost Classifier,0,0,0.089330375
01_knn,Distancia,XGBoost Classifier,0,0,0.0127523
01_knn,Distancia,XGBoost Classifier,0,0,0.17788595
01_knn,Distancia,XGBoost Classifier,0,0,6.792113e-05
01_knn,Distancia,XGBoost Classifier,0,0,0.00045026516
01_knn,Distancia,XGBoost Classifier,0,0,0.0063474723
01_knn,Distancia,XGBoost Classifier,0,0,0.00022855462
01_knn,Distancia,XGBoost Classifier,1,1,0.99995685
01_knn,Distancia,XGBoost Classifier,1,1,0.99999666
01_knn,Distancia,XGBoost Classifier,0,0,0.040324528
01_knn,Distancia,XGBoost Classifier,1,1,0.9987418
01_knn,Distancia,XGBoost Classifier,0,0,0.004511664
01_knn,Distancia,XGBoost Classifier,0,0,0.00011198362
01_knn,Distancia,XGBoost Classifier,1,1,0.9998287
01_knn,Distancia,XGBoost Classifier,0,0,0.0046102833
01_knn,Distancia,XGBoost Classifier,0,0,0.002644334
01_knn,Distancia,XGBoost Classifier,0,0,0.0012007676
01_knn,Distancia,XGBoost Classifier,0,0,0.00064946606
01_knn,Distancia,XGBoost Classifier,0,0,3.9651404e-05
01_knn,Distancia,XGBoost Classifier,0,0,0.0010720198
01_knn,Distancia,XGBoost Classifier,0,0,0.05096237
01_knn,Distancia,XGBoost Classifier,0,0,0.00031972257
01_knn,Distancia,XGBoost Classifier,0,0,0.0008031839
01_knn,Distancia,XGBoost Classifier,0,0,0.001039221
01_knn,Distancia,XGBoost Classifier,0,0,0.0010621051
01_knn,Distancia,XGBoost Classifier,0,0,1.2611937e-05
01_knn,Distancia,XGBoost Classifier,0,1,0.57713664
01_knn,Distancia,XGBoost Classifier,0,0,0.0010442347
01_knn,Distancia,XGBoost Classifier,0,0,0.01229851
01_knn,Distancia,XGBoost Classifier,0,0,0.0002581661
01_knn,Distancia,XGBoost Classifier,0,0,5.46974e-05
01_knn,Distancia,XGBoost Classifier,0,0,0.005218848
01_knn,Distancia,XGBoost Classifier,0,0,1.7470472e-06
01_knn,Distancia,XGBoost Classifier,1,1,0.99999356
01_knn,Distancia,XGBoost Classifier,0,0,0.0008333351
01_knn,Distancia,XGBoost Classifier,1,1,0.9998919
01_knn,Distancia,XGBoost Classifier,0,0,0.00020747914
01_knn,Distancia,XGBoost Classifier,0,0,0.0054396726
01_knn,Distancia,XGBoost Classifier,0,0,0.008580158
01_knn,Distancia,XGBoost Classifier,0,0,0.0013780468
01_knn,Distancia,XGBoost Classifier,0,0,0.0107623795
01_knn,Distancia,XGBoost Classifier,0,0,0.0020454223
01_knn,Distancia,XGBoost Classifier,0,0,0.0064891735
01_knn,Distancia,XGBoost Classifier,1,1,0.9999988
01_knn,Distancia,XGBoost Classifier,0,0,2.5401523e-05
01_knn,Distancia,XGBoost Classifier,0,0,0.002066753
01_knn,Distancia,XGBoost Classifier,0,0,0.0001251629
01_knn,Distancia,XGBoost Classifier,1,1,0.9999689
01_knn,Distancia,XGBoost Classifier,0,0,9.3335315e-05
01_knn,Distancia,XGBoost Classifier,1,1,0.9994885
01_knn,Distancia,XGBoost Classifier,0,0,6.452602e-05
01_knn,Distancia,XGBoost Classifier,0,0,0.0022104376
01_knn,Distancia,XGBoost Classifier,0,0,0.00031241978
01_knn,Distancia,XGBoost Classifier,1,1,0.99998724
01_knn,Distancia,XGBoost Classifier,0,0,1.15179255e-05
01_knn,Distancia,XGBoost Classifier,0,0,0.00013065987
01_knn,Distancia,XGBoost Classifier,0,0,0.0008645316
01_knn,Distancia,XGBoost Classifier,0,0,0.00053227594
01_knn,Distancia,XGBoost Classifier,1,1,0.9128409
01_knn,Distancia,XGBoost Classifier,0,0,1.2329505e-05
01_knn,Distancia,XGBoost Classifier,0,0,0.004561281
01_knn,Distancia,XGBoost Classifier,0,0,0.00023953653
01_knn,Distancia,XGBoost Classifier,1,1,0.99999845
01_knn,Distancia,XGBoost Classifier,0,0,0.0016734565
01_knn,Distancia,XGBoost Classifier,0,0,0.00012682842
01_knn,Distancia,XGBoost Classifier,1,1,0.9999883
01_knn,Distancia,XGBoost Classifier,0,0,3.1871412e-05
01_knn,Distancia,XGBoost Classifier,0,0,0.00059807993
01_knn,Distancia,XGBoost Classifier,1,1,0.99999213
01_knn,Distancia,XGBoost Classifier,1,1,0.99999523
01_knn,Distancia,XGBoost Classifier,0,0,0.023593368
01_knn,Distancia,XGBoost Classifier,0,0,0.0004983005
01_knn,Distancia,XGBoost Classifier,0,0,3.3272907e-05
01_knn,Distancia,XGBoost Classifier,0,0,7.424767e-05
01_knn,Distancia,XGBoost Classifier,0,0,0.0024696188
01_knn,Distancia,XGBoost Classifier,0,0,0.00018170547
01_knn,Distancia,XGBoost Classifier,0,0,4.585464e-05
01_knn,Distancia,XGBoost Classifier,0,0,0.00028893407
01_knn,Distancia,XGBoost Classifier,1,1,0.9999845
01_knn,Distancia,XGBoost Classifier,0,0,0.00028835807
01_knn,Distancia,XGBoost Classifier,0,0,0.0066702296
01_knn,Distancia,XGBoost Classifier,0,0,2.8110946e-05
01_knn,Distancia,XGBoost Classifier,1,1,0.99999714
01_knn,Distancia,XGBoost Classifier,0,0,0.00028710553
01_knn,Distancia,XGBoost Classifier,1,1,0.99995255
01_knn,Distancia,XGBoost Classifier,0,0,0.00024405707
01_knn,Distancia,XGBoost Classifier,1,1,0.99999356
01_knn,Distancia,XGBoost Classifier,0,0,0.00063066557
01_knn,Distancia,XGBoost Classifier,0,0,0.007882548
01_knn,Distancia,XGBoost Classifier,0,0,0.029446881
01_knn,Distancia,XGBoost Classifier,0,0,0.00011169451
01_knn,Distancia,XGBoost Classifier,0,0,0.0004825764
01_knn,Distancia,XGBoost Classifier,0,0,4.752712e-05
01_knn,Distancia,XGBoost Classifier,0,0,0.08181162
01_knn,Distancia,XGBoost Classifier,1,1,0.99998677
01_knn,Distancia,XGBoost Classifier,1,1,0.9996189
01_knn,Distancia,XGBoost Classifier,0,0,0.0023513406
01_knn,Distancia,XGBoost Classifier,0,0,9.17122e-05
01_knn,Distancia,XGBoost Classifier,1,1,0.99999964
01_knn,Distancia,XGBoost Classifier,0,0,0.00014933804
01_knn,Distancia,XGBoost Classifier,0,0,0.00083121797
01_knn,Distancia,XGBoost Classifier,0,0,0.00028667582
01_knn,Distancia,XGBoost Classifier,1,1,0.99994636
01_knn,Distancia,XGBoost Classifier,0,0,5.9710183e-05
01_knn,Distancia,XGBoost Classifier,0,0,0.006072331
01_knn,Distancia,XGBoost Classifier,1,1,0.9999918
01_knn,Distancia,XGBoost Classifier,0,0,1.9181527e-05
01_knn,Distancia,XGBoost Classifier,0,0,5.8630274e-05
01_knn,Distancia,XGBoost Classifier,0,0,0.021168502
01_knn,Distancia,XGBoost Classifier,0,0,0.00056334713
01_knn,Distancia,XGBoost Classifier,0,0,0.003607603
01_knn,Distancia,XGBoost Classifier,0,0,1.5569725e-05
01_knn,Distancia,XGBoost Classifier,0,0,0.00010030953
01_knn,Distancia,XGBoost Classifier,0,0,4.119813e-05
01_knn,Distancia,XGBoost Classifier,0,0,0.0574041
01_knn,Distancia,XGBoost Classifier,1,1,0.99999535
01_knn,Distancia,XGBoost Classifier,0,0,7.62783e-05
01_knn,Distancia,XGBoost Classifier,1,1,0.9999964
01_knn,Distancia,XGBoost Classifier,0,0,0.00024929788
01_knn,Distancia,XGBoost Classifier,0,0,0.0056253443
01_knn,Distancia,XGBoost Classifier,0,0,0.00011113016
01_knn,Distancia,XGBoost Classifier,0,0,0.00033561015
01_knn,Distancia,XGBoost Classifier,1,1,0.97978985
01_knn,Distancia,XGBoost Classifier,0,0,0.0003983644
01_knn,Distancia,XGBoost Classifier,1,1,0.99940896
01_knn,Distancia,XGBoost Classifier,0,0,0.0009530686
01_knn,Distancia,XGBoost Classifier,0,0,0.012528404
01_knn,Distancia,XGBoost Classifier,1,1,0.9999958
01_knn,Distancia,XGBoost Classifier,0,0,1.7266908e-05
01_knn,Distancia,XGBoost Classifier,0,0,0.0011915115
01_knn,Distancia,XGBoost Classifier,0,0,0.00013285127
01_knn,Distancia,XGBoost Classifier,0,0,0.017120523
01_knn,Distancia,XGBoost Classifier,0,0,5.9981543e-05
01_knn,Distancia,XGBoost Classifier,0,0,0.0014476321
01_knn,Distancia,XGBoost Classifier,0,0,0.00072651386
01_knn,Distancia,XGBoost Classifier,0,0,1.8589611e-05
01_knn,Distancia,XGBoost Classifier,1,1,0.9991524
01_knn,Distancia,XGBoost Classifier,0,0,1.4988242e-05
01_knn,Distancia,XGBoost Classifier,0,0,0.029224975
01_knn,Distancia,XGBoost Classifier,0,0,0.00016357431
01_knn,Distancia,XGBoost Classifier,0,0,4.5017885e-05
01_knn,Distancia,XGBoost Classifier,0,0,0.00064663735
01_knn,Distancia,XGBoost Classifier,0,0,2.1086484e-05
01_knn,Distancia,XGBoost Classifier,0,0,0.0014247701
01_knn,Distancia,XGBoost Classifier,1,1,0.99999523
01_knn,Distancia,XGBoost Classifier,0,0,0.011981318
01_knn,Distancia,XGBoost Classifier,0,0,0.00020548185
01_knn,Distancia,XGBoost Classifier,0,0,0.0008475589
01_knn,Distancia,XGBoost Classifier,0,0,0.0002209185
01_knn,Distancia,XGBoost Classifier,1,1,0.99995816
01_knn,Distancia,XGBoost Classifier,0,0,0.00047732715
01_knn,Distancia,XGBoost Classifier,1,1,0.99998045
01_knn,Distancia,XGBoost Classifier,0,0,4.479883e-05
01_knn,Distancia,XGBoost Classifier,0,0,5.7871595e-05
01_knn,Distancia,XGBoost Classifier,1,0,0.4550488
01_knn,Distancia,XGBoost Classifier,0,0,6.44663e-05
01_knn,Distancia,XGBoost Classifier,1,1,0.99999285
01_knn,Distancia,XGBoost Classifier,0,1,0.9760561
01_knn,Distancia,XGBoost Classifier,1,1,0.9997274
01_knn,Distancia,XGBoost Classifier,0,0,0.00010258158
01_knn,Distancia,XGBoost Classifier,0,0,0.012025783
01_knn,Distancia,XGBoost Classifier,0,0,0.01314533
01_knn,Distancia,XGBoost Classifier,0,0,0.00013116543
01_knn,Distancia,XGBoost Classifier,0,0,0.0034356932
01_knn,Distancia,XGBoost Classifier,0,0,3.9061975e-05
01_knn,Distancia,XGBoost Classifier,1,1,0.999972
01_knn,Distancia,XGBoost Classifier,0,0,0.0009821956
01_knn,Distancia,XGBoost Classifier,0,0,0.0020592343
01_knn,Distancia,XGBoost Classifier,0,0,0.00025152255
01_knn,Distancia,XGBoost Classifier,1,1,0.6742518
01_knn,Distancia,XGBoost Classifier,1,1,0.9995339
01_knn,Distancia,XGBoost Classifier,0,0,5.3070777e-05
01_knn,Distancia,XGBoost Classifier,0,0,0.00032280406
01_knn,Distancia,XGBoost Classifier,0,0,0.022740846
01_knn,Distancia,XGBoost Classifier,0,0,2.4176552e-05
01_knn,Distancia,XGBoost Classifier,0,0,0.00025818654
01_knn,Distancia,XGBoost Classifier,0,0,6.713282e-05
01_knn,Distancia,XGBoost Classifier,0,0,0.00021174196
01_knn,Distancia,XGBoost Classifier,0,0,7.2479444e-05
01_knn,Distancia,XGBoost Classifier,0,0,0.0002933871
01_knn,Distancia,XGBoost Classifier,1,1,0.95412546
01_knn,Distancia,XGBoost Classifier,0,0,0.0031726724
01_knn,Distancia,XGBoost Classifier,0,0,0.00021077269
01_knn,Distancia,XGBoost Classifier,0,0,0.043557778
01_knn,Distancia,XGBoost Classifier,1,1,0.99958605
01_knn,Distancia,XGBoost Classifier,0,0,0.012269703
01_knn,Distancia,XGBoost Classifier,0,0,3.834606e-05
01_knn,Distancia,XGBoost Classifier,1,1,0.999998
01_knn,Distancia,XGBoost Classifier,0,0,5.6251713e-05
01_knn,Distancia,XGBoost Classifier,0,0,0.0001794003
01_knn,Distancia,XGBoost Classifier,1,1,0.99917525
01_knn,Distancia,XGBoost Classifier,0,1,0.95098335
01_knn,Distancia,XGBoost Classifier,0,0,0.0030390485
01_knn,Distancia,XGBoost Classifier,1,1,0.9999963
01_knn,Distancia,XGBoost Classifier,0,0,7.6270015e-05
01_knn,Distancia,XGBoost Classifier,0,0,8.628528e-05
01_knn,Distancia,XGBoost Classifier,0,0,0.0002054801
01_knn,Distancia,XGBoost Classifier,0,0,4.1340405e-05
01_knn,Distancia,XGBoost Classifier,0,0,0.0024047398
01_knn,Distancia,XGBoost Classifier,0,0,8.619343e-05
01_knn,Distancia,XGBoost Classifier,0,0,4.8837752e-05
01_knn,Distancia,XGBoost Classifier,0,0,0.015000495
01_knn,Distancia,XGBoost Classifier,0,0,3.695603e-05
01_knn,Distancia,XGBoost Classifier,0,0,5.7264046e-05
01_knn,Distancia,XGBoost Classifier,0,0,0.0015381712
01_knn,Distancia,XGBoost Classifier,1,1,0.9999981
01_knn,Distancia,XGBoost Classifier,0,0,0.0030836642
01_knn,Distancia,XGBoost Classifier,0,0,6.66387e-05
01_knn,Distancia,XGBoost Classifier,0,0,0.00070243946
01_knn,Distancia,XGBoost Classifier,0,0,0.00010594072
01_knn,Distancia,XGBoost Classifier,0,0,0.00012573386
01_knn,Distancia,XGBoost Classifier,0,0,0.00011850615
01_knn,Distancia,XGBoost Classifier,0,0,7.06421e-05
01_knn,Distancia,XGBoost Classifier,0,0,1.3307277e-05
01_knn,Distancia,XGBoost Classifier,1,1,0.9999846
01_knn,Distancia,XGBoost Classifier,1,1,0.9999995
01_knn,Distancia,XGBoost Classifier,0,0,0.0004199172
01_knn,Distancia,XGBoost Classifier,1,1,0.9349631
01_knn,Distancia,XGBoost Classifier,1,1,0.99998355
01_knn,Distancia,XGBoost Classifier,0,0,0.001282832
01_knn,Distancia,XGBoost Classifier,1,1,0.99119085
01_knn,Distancia,XGBoost Classifier,1,1,0.97540295
01_knn,Distancia,XGBoost Classifier,0,0,0.0004305692
01_knn,Distancia,XGBoost Classifier,0,0,0.0002541765
01_knn,Distancia,XGBoost Classifier,0,0,0.0017800243
01_knn,Distancia,XGBoost Classifier,0,0,0.018853623
01_knn,Distancia,XGBoost Classifier,0,0,0.0004929425
01_knn,Distancia,XGBoost Classifier,0,0,4.3329117e-05
01_knn,Distancia,XGBoost Classifier,0,0,0.014785907
01_knn,Distancia,XGBoost Classifier,0,0,0.00010202104
01_knn,Distancia,XGBoost Classifier,0,0,6.134179e-05
01_knn,Distancia,XGBoost Classifier,1,1,0.8297697
01_knn,Distancia,XGBoost Classifier,1,1,0.9999869
01_knn,Distancia,XGBoost Classifier,0,0,0.0128454445
01_knn,Distancia,XGBoost Classifier,0,0,0.0005765999
01_knn,Distancia,XGBoost Classifier,1,1,0.999892
01_knn,Distancia,XGBoost Classifier,0,0,0.016443456
01_knn,Distancia,XGBoost Classifier,0,0,4.2399537e-05
01_knn,Distancia,XGBoost Classifier,0,0,4.12157e-05
01_knn,Distancia,XGBoost Classifier,0,0,9.192347e-05
01_knn,Distancia,XGBoost Classifier,0,0,0.00021692822
01_knn,Distancia,XGBoost Classifier,1,1,0.9999207
01_knn,Distancia,XGBoost Classifier,0,0,0.00076049886
01_knn,Distancia,XGBoost Classifier,1,1,0.9929132
01_knn,Distancia,XGBoost Classifier,0,0,0.0009841861
01_knn,Distancia,XGBoost Classifier,1,1,0.99999166
01_knn,Distancia,XGBoost Classifier,0,0,0.0031279724
01_knn,Distancia,XGBoost Classifier,0,0,0.0188017
01_knn,Distancia,XGBoost Classifier,0,0,0.000380521
01_knn,Distancia,XGBoost Classifier,0,0,0.0028181456
01_knn,Distancia,XGBoost Classifier,0,0,4.2752854e-05
01_knn,Distancia,XGBoost Classifier,0,0,7.1851086e-05
01_knn,Distancia,XGBoost Classifier,0,0,0.0023722
01_knn,Distancia,XGBoost Classifier,1,1,0.9999939
01_knn,Distancia,XGBoost Classifier,0,0,0.00036029608
01_knn,Distancia,XGBoost Classifier,1,1,0.9757456
01_knn,Distancia,XGBoost Classifier,0,0,0.009615962
01_knn,Distancia,XGBoost Classifier,0,0,0.0057746456
01_knn,Distancia,XGBoost Classifier,0,0,0.00039651018
01_knn,Distancia,XGBoost Classifier,0,0,0.04341318
01_knn,Distancia,XGBoost Classifier,1,1,0.9776015
01_knn,Distancia,XGBoost Classifier,0,0,4.8537582e-05
01_knn,Distancia,XGBoost Classifier,0,0,0.009336103
01_knn,Distancia,XGBoost Classifier,0,0,0.0019621358
01_knn,Distancia,XGBoost Classifier,0,0,7.5035846e-06
01_knn,Distancia,XGBoost Classifier,1,1,0.9958407
01_knn,Distancia,XGBoost Classifier,0,0,0.00073696737
01_knn,Distancia,XGBoost Classifier,0,0,3.185391e-05
01_knn,Distancia,XGBoost Classifier,0,0,0.00060214405
01_knn,Distancia,XGBoost Classifier,0,0,0.0008515173
01_knn,Distancia,XGBoost Classifier,1,0,0.011112624
01_knn,Distancia,XGBoost Classifier,0,0,0.0057576583
01_knn,Distancia,XGBoost Classifier,0,0,0.013943314
01_knn,Distancia,XGBoost Classifier,0,0,0.00016595173
01_knn,Distancia,XGBoost Classifier,0,0,0.052344095
01_knn,Distancia,XGBoost Classifier,1,1,0.9991252
01_knn,Distancia,XGBoost Classifier,0,0,0.005440387
01_knn,Distancia,XGBoost Classifier,0,0,0.0004327608
01_knn,Distancia,XGBoost Classifier,0,0,0.32092872
01_knn,Distancia,XGBoost Classifier,0,0,0.00014577011
01_knn,Distancia,XGBoost Classifier,1,1,0.92468995
01_knn,Distancia,XGBoost Classifier,0,0,0.0012884764
01_knn,Distancia,XGBoost Classifier,0,0,0.022925975
01_knn,Distancia,XGBoost Classifier,0,0,0.0006977255
01_knn,Distancia,XGBoost Classifier,0,0,2.5762238e-05
01_knn,Distancia,XGBoost Classifier,0,0,8.535228e-05
01_knn,Distancia,XGBoost Classifier,1,1,0.9990274
01_knn,Distancia,XGBoost Classifier,0,0,0.0053445892
01_knn,Distancia,XGBoost Classifier,1,1,0.99995995
01_knn,Distancia,XGBoost Classifier,0,0,0.015735028
01_knn,Distancia,XGBoost Classifier,1,1,0.9999988
01_knn,Distancia,XGBoost Classifier,0,0,0.00032944558
01_knn,Distancia,XGBoost Classifier,0,0,0.00059042755
01_knn,Distancia,XGBoost Classifier,0,1,0.97041
01_knn,Distancia,XGBoost Classifier,0,0,0.0020204613
01_knn,Distancia,XGBoost Classifier,0,0,0.0049783047
01_knn,Distancia,XGBoost Classifier,0,0,0.000121333454
01_knn,Distancia,XGBoost Classifier,0,0,0.00027077485
01_knn,Distancia,XGBoost Classifier,0,0,2.3796201e-05
01_knn,Distancia,XGBoost Classifier,0,0,0.064245895
01_knn,Distancia,XGBoost Classifier,0,0,0.00042086656
01_knn,Distancia,XGBoost Classifier,0,0,2.319277e-06
01_knn,Distancia,XGBoost Classifier,1,1,0.9999695
01_knn,Distancia,XGBoost Classifier,0,0,6.0965525e-05
01_knn,Distancia,XGBoost Classifier,1,1,0.99999225
01_knn,Distancia,XGBoost Classifier,0,0,0.0072731543
01_knn,Distancia,XGBoost Classifier,1,1,0.99999964
01_knn,Distancia,XGBoost Classifier,0,0,0.035317946
01_knn,Distancia,XGBoost Classifier,0,0,0.025412045
01_knn,Distancia,XGBoost Classifier,1,1,0.99999297
01_knn,Distancia,XGBoost Classifier,0,0,0.00020573987
01_knn,Distancia,XGBoost Classifier,0,0,0.0003583965
01_knn,Distancia,XGBoost Classifier,0,0,0.0021511016
01_knn,Distancia,XGBoost Classifier,0,0,0.013798757
01_knn,Distancia,XGBoost Classifier,0,0,0.00020867784
01_knn,Distancia,XGBoost Classifier,0,0,0.00017013111
01_knn,Distancia,XGBoost Classifier,0,0,4.853962e-05
01_knn,Distancia,XGBoost Classifier,1,1,0.9999709
01_knn,Distancia,XGBoost Classifier,0,0,0.00018397813
01_knn,Distancia,XGBoost Classifier,0,0,0.0002045629
01_knn,Distancia,XGBoost Classifier,0,0,0.005484505
01_knn,Distancia,XGBoost Classifier,0,0,0.0001288645
01_knn,Distancia,XGBoost Classifier,0,0,0.00010464292
01_knn,Distancia,XGBoost Classifier,1,1,0.9999404
01_knn,Distancia,XGBoost Classifier,0,0,0.0008067207
01_knn,Distancia,XGBoost Classifier,0,0,0.12243878
01_knn,Distancia,XGBoost Classifier,0,0,0.46935657
01_knn,Distancia,XGBoost Classifier,0,0,0.008168401
01_knn,Distancia,XGBoost Classifier,0,0,0.0006510231
01_knn,Distancia,XGBoost Classifier,0,0,0.0005430551
01_knn,Distancia,XGBoost Classifier,0,0,0.00043074923
01_knn,Distancia,XGBoost Classifier,1,1,0.9999956
01_knn,Distancia,XGBoost Classifier,1,1,0.999974
01_knn,Distancia,XGBoost Classifier,1,1,0.9999931
01_knn,Distancia,XGBoost Classifier,0,0,7.5766926e-05
01_knn,Distancia,XGBoost Classifier,1,1,0.99946004
01_knn,Distancia,XGBoost Classifier,0,0,0.0005546424
01_knn,Distancia,XGBoost Classifier,0,0,0.0016367447
01_knn,Distancia,XGBoost Classifier,0,0,0.0002659043
01_knn,Distancia,XGBoost Classifier,0,0,6.0828876e-05
01_knn,Distancia,XGBoost Classifier,0,0,8.683982e-05
01_knn,Distancia,XGBoost Classifier,0,0,1.4669556e-05
01_knn,Distancia,XGBoost Classifier,0,0,0.0009941374
01_knn,Distancia,XGBoost Classifier,0,0,0.008730628
01_knn,Distancia,XGBoost Classifier,0,0,9.626213e-06
01_knn,Distancia,XGBoost Classifier,0,0,0.002269271
01_knn,Distancia,XGBoost Classifier,1,1,0.9999796
01_knn,Distancia,XGBoost Classifier,0,0,0.00045865946
01_knn,Distancia,XGBoost Classifier,0,0,1.1862479e-05
01_knn,Distancia,XGBoost Classifier,0,0,0.0001765112
01_knn,Distancia,XGBoost Classifier,1,1,0.9999994
01_knn,Distancia,XGBoost Classifier,0,0,0.00016859712
01_knn,Distancia,XGBoost Classifier,0,0,0.000840822
01_knn,Distancia,XGBoost Classifier,0,0,0.0046230843
01_knn,Distancia,XGBoost Classifier,0,0,0.4878482
01_knn,Distancia,XGBoost Classifier,0,0,0.0008013452
01_knn,Distancia,XGBoost Classifier,1,1,0.99406403
01_knn,Distancia,XGBoost Classifier,0,0,0.00029947783
01_knn,Distancia,XGBoost Classifier,0,0,0.00051851815
01_knn,Distancia,XGBoost Classifier,0,0,0.3696168
01_knn,Distancia,XGBoost Classifier,1,1,0.99937266
01_knn,Distancia,XGBoost Classifier,0,0,0.018188935
01_knn,Distancia,XGBoost Classifier,0,0,8.376072e-05
01_knn,Distancia,XGBoost Classifier,0,0,0.0004001901
01_knn,Distancia,XGBoost Classifier,0,0,0.0030500728
01_knn,Distancia,XGBoost Classifier,0,0,0.0077520004
01_knn,Distancia,XGBoost Classifier,0,0,0.006812743
01_knn,Distancia,XGBoost Classifier,0,0,0.00032949148
01_knn,Distancia,XGBoost Classifier,0,0,0.02698907
01_knn,Distancia,XGBoost Classifier,0,0,0.0001619068
01_knn,Distancia,XGBoost Classifier,0,0,2.596877e-05
01_knn,Distancia,XGBoost Classifier,0,0,0.0016618146
01_knn,Distancia,XGBoost Classifier,0,0,0.0020960893
01_knn,Distancia,XGBoost Classifier,0,0,7.3937513e-06
01_knn,Distancia,XGBoost Classifier,0,0,1.2858523e-05
01_knn,Distancia,XGBoost Classifier,1,1,0.99998665
01_knn,Distancia,XGBoost Classifier,0,0,2.5787655e-05
01_knn,Distancia,XGBoost Classifier,0,0,0.00684394
01_knn,Distancia,XGBoost Classifier,0,0,0.0019106832
01_knn,Distancia,XGBoost Classifier,0,0,0.060062215
01_knn,Distancia,XGBoost Classifier,1,1,0.9999982
01_knn,Distancia,XGBoost Classifier,1,1,0.99994683
01_knn,Distancia,XGBoost Classifier,0,0,0.0051981835
01_knn,Distancia,XGBoost Classifier,0,0,0.00064720854
01_knn,Distancia,XGBoost Classifier,0,0,9.38826e-05
01_knn,Distancia,XGBoost Classifier,0,0,1.3132242e-05
01_knn,Distancia,XGBoost Classifier,0,0,0.0005305778
01_knn,Distancia,XGBoost Classifier,0,0,0.04232293
01_knn,Distancia,XGBoost Classifier,0,0,0.00011511172
01_knn,Distancia,XGBoost Classifier,0,0,0.008972653
01_knn,Distancia,XGBoost Classifier,0,0,0.0012975229
01_knn,Distancia,XGBoost Classifier,0,0,0.012427648
01_knn,Distancia,XGBoost Classifier,0,0,8.6149295e-05
01_knn,Distancia,XGBoost Classifier,0,0,2.4453206e-05
01_knn,Distancia,XGBoost Classifier,0,0,0.0008022262
01_knn,Distancia,XGBoost Classifier,0,0,5.27876e-07
01_knn,Distancia,XGBoost Classifier,0,0,0.0023934895
01_knn,Distancia,XGBoost Classifier,1,1,0.9999374
01_knn,Distancia,XGBoost Classifier,1,1,0.94847554
01_knn,Distancia,XGBoost Classifier,0,0,0.0013399037
01_knn,Distancia,XGBoost Classifier,1,1,0.99999
01_knn,Distancia,XGBoost Classifier,1,1,0.99928516
01_knn,Distancia,XGBoost Classifier,1,1,0.99985325
01_knn,Distancia,XGBoost Classifier,0,0,2.8526618e-05
01_knn,Distancia,XGBoost Classifier,0,0,0.00026694575
01_knn,Distancia,XGBoost Classifier,1,1,0.9999535
01_knn,Distancia,XGBoost Classifier,1,1,0.9999937
01_knn,Distancia,XGBoost Classifier,0,0,0.0004995236
01_knn,Distancia,XGBoost Classifier,0,0,3.1072803e-05
01_knn,Distancia,XGBoost Classifier,0,0,0.065543614
01_knn,Distancia,XGBoost Classifier,1,1,0.99998283
01_knn,Distancia,XGBoost Classifier,0,0,0.00016701818
01_knn,Distancia,XGBoost Classifier,0,0,8.573396e-05
01_knn,Distancia,XGBoost Classifier,0,0,0.004113147
01_knn,Distancia,XGBoost Classifier,0,0,0.00054250105
01_knn,Distancia,XGBoost Classifier,1,1,0.99907565
01_knn,Distancia,XGBoost Classifier,0,0,0.0054684654
01_knn,Distancia,XGBoost Classifier,0,0,2.1383152e-05
01_knn,Distancia,XGBoost Classifier,0,0,0.0014145983
01_knn,Distancia,XGBoost Classifier,0,1,0.9606447
01_knn,Distancia,XGBoost Classifier,0,0,0.00033800682
01_knn,Distancia,XGBoost Classifier,0,0,0.0021115297
01_knn,Distancia,XGBoost Classifier,1,1,0.9999956
01_knn,Distancia,XGBoost Classifier,0,0,0.00059654395
01_knn,Distancia,XGBoost Classifier,0,0,0.0030984227
01_knn,Distancia,XGBoost Classifier,0,0,0.034720957
01_knn,Distancia,XGBoost Classifier,0,0,0.00084670767
01_knn,Distancia,XGBoost Classifier,1,1,0.9999366
01_knn,Distancia,XGBoost Classifier,1,1,0.9999945
01_knn,Distancia,XGBoost Classifier,1,1,0.9992812
01_knn,Distancia,XGBoost Classifier,0,0,0.0008264556
01_knn,Distancia,XGBoost Classifier,0,0,4.234571e-05
01_knn,Distancia,XGBoost Classifier,0,0,0.08031924
01_knn,Distancia,XGBoost Classifier,0,0,0.0005706569
01_knn,Distancia,XGBoost Classifier,0,0,0.000823148
01_knn,Distancia,XGBoost Classifier,0,0,5.8308666e-05
01_knn,Distancia,XGBoost Classifier,0,0,1.4196507e-05
01_knn,Distancia,XGBoost Classifier,1,1,0.9999732
01_knn,Distancia,XGBoost Classifier,1,1,0.9999924
01_knn,Distancia,XGBoost Classifier,0,0,0.025738066
01_knn,Distancia,XGBoost Classifier,0,0,0.0038545763
01_knn,Distancia,XGBoost Classifier,0,0,0.0029257066
01_knn,Distancia,XGBoost Classifier,0,0,4.5554207e-05
01_knn,Distancia,XGBoost Classifier,0,0,0.0002298584
01_knn,Distancia,XGBoost Classifier,0,0,0.00026001732
01_knn,Distancia,XGBoost Classifier,0,0,0.005712106
01_knn,Distancia,XGBoost Classifier,0,0,5.497513e-05
01_knn,Distancia,XGBoost Classifier,1,1,0.9999999
01_knn,Distancia,XGBoost Classifier,0,0,0.0054061357
01_knn,Distancia,XGBoost Classifier,0,0,0.00090429245
01_knn,Distancia,XGBoost Classifier,0,0,0.023620091
01_knn,Distancia,XGBoost Classifier,0,0,5.6920403e-06
01_knn,Distancia,XGBoost Classifier,0,0,0.0010538483
01_knn,Distancia,XGBoost Classifier,0,0,0.014342549
01_knn,Distancia,XGBoost Classifier,0,0,0.0003675976
01_knn,Distancia,XGBoost Classifier,0,0,7.0176866e-05
01_knn,Distancia,XGBoost Classifier,0,0,0.0006910293
01_knn,Distancia,XGBoost Classifier,0,0,1.591e-05
01_knn,Distancia,XGBoost Classifier,0,0,7.0268798e-06
01_knn,Distancia,XGBoost Classifier,0,0,0.00024330638
01_knn,Distancia,XGBoost Classifier,0,0,0.0004369806
01_knn,Distancia,XGBoost Classifier,0,0,0.00019215146
01_knn,Distancia,XGBoost Classifier,0,1,0.99527234
01_knn,Distancia,XGBoost Classifier,0,0,2.6237914e-05
01_knn,Distancia,XGBoost Classifier,0,0,7.4894706e-05
01_knn,Distancia,XGBoost Classifier,0,0,7.330795e-05
01_knn,Distancia,XGBoost Classifier,0,0,0.0029972743
01_knn,Distancia,XGBoost Classifier,1,1,0.999982
01_knn,Distancia,XGBoost Classifier,1,1,0.9994191
01_knn,Distancia,XGBoost Classifier,0,0,0.0015163566
01_knn,Distancia,XGBoost Classifier,1,1,0.999869
01_knn,Distancia,XGBoost Classifier,0,0,6.312148e-05
01_knn,Distancia,XGBoost Classifier,0,0,0.0009278432
01_knn,Distancia,XGBoost Classifier,0,0,0.00026330134
01_knn,Distancia,XGBoost Classifier,0,0,6.87754e-05
01_knn,Distancia,XGBoost Classifier,0,0,0.00046982843
01_knn,Distancia,XGBoost Classifier,0,0,0.00017360388
01_knn,Distancia,XGBoost Classifier,0,0,0.0008723725
01_knn,Distancia,XGBoost Classifier,0,0,0.00042558828
01_knn,Distancia,XGBoost Classifier,0,0,0.009031381
01_knn,Distancia,XGBoost Classifier,0,0,0.0006286866
01_knn,Distancia,XGBoost Classifier,0,0,0.011724528
01_knn,Distancia,XGBoost Classifier,0,0,0.030618941
01_knn,Distancia,XGBoost Classifier,0,0,0.0054280837
01_knn,Distancia,XGBoost Classifier,0,0,0.0003052939
01_knn,Distancia,XGBoost Classifier,0,0,8.603609e-05
01_knn,Distancia,XGBoost Classifier,0,0,0.008129694
01_knn,Distancia,XGBoost Classifier,0,0,0.005583252
01_knn,Distancia,XGBoost Classifier,0,0,0.009783091
01_knn,Distancia,XGBoost Classifier,0,0,2.5686702e-05
01_knn,Distancia,XGBoost Classifier,0,0,0.0006453195
01_knn,Distancia,XGBoost Classifier,0,0,2.4637353e-05
01_knn,Distancia,XGBoost Classifier,0,0,0.002377331
01_knn,Distancia,XGBoost Classifier,1,1,0.991104
01_knn,Distancia,XGBoost Classifier,0,0,0.00033205617
01_knn,Distancia,XGBoost Classifier,0,0,0.00015414055
01_knn,Distancia,XGBoost Classifier,0,0,7.312781e-05
01_knn,Distancia,XGBoost Classifier,0,0,0.00060765736
01_knn,Distancia,XGBoost Classifier,0,0,0.00019807143
01_knn,Distancia,XGBoost Classifier,0,0,0.0034227513
01_knn,Distancia,XGBoost Classifier,0,0,0.0053265835
01_knn,Distancia,XGBoost Classifier,1,1,0.99998677
01_knn,Distancia,XGBoost Classifier,0,0,0.00017089055
01_knn,Distancia,XGBoost Classifier,0,0,3.2486827e-05
01_knn,Distancia,XGBoost Classifier,0,0,0.0006563034
01_knn,Distancia,XGBoost Classifier,0,0,0.00020886278
01_knn,Distancia,XGBoost Classifier,0,0,0.0025287096
01_knn,Distancia,XGBoost Classifier,0,0,0.0009640547
01_knn,Distancia,XGBoost Classifier,0,0,0.01890605
01_knn,Distancia,XGBoost Classifier,0,0,4.847532e-05
01_knn,Distancia,XGBoost Classifier,0,0,0.00020221542
01_knn,Distancia,XGBoost Classifier,0,0,3.556171e-05
01_knn,Distancia,XGBoost Classifier,1,1,0.60272855
01_knn,Distancia,XGBoost Classifier,0,0,0.0072602164
01_knn,Distancia,XGBoost Classifier,0,0,0.00073276553
01_knn,Distancia,XGBoost Classifier,0,0,0.00020606084
01_knn,Distancia,XGBoost Classifier,0,0,0.0010380583
01_knn,Distancia,XGBoost Classifier,1,1,0.9999856
01_knn,Distancia,XGBoost Classifier,0,0,0.00037646646
01_knn,Distancia,XGBoost Classifier,1,1,0.9997968
01_knn,Distancia,XGBoost Classifier,0,0,0.00011905616
01_knn,Distancia,XGBoost Classifier,0,0,2.6707727e-05
01_knn,Distancia,XGBoost Classifier,0,0,1.7316625e-05
01_knn,Distancia,XGBoost Classifier,1,1,0.99999857
01_knn,Distancia,XGBoost Classifier,0,0,0.00056402065
01_knn,Distancia,XGBoost Classifier,0,0,0.0027468489
01_knn,Distancia,XGBoost Classifier,0,0,4.809924e-06
01_knn,Distancia,XGBoost Classifier,0,0,5.4785625e-05
01_knn,Distancia,XGBoost Classifier,0,0,3.9181923e-05
01_knn,Distancia,XGBoost Classifier,0,0,0.0010097355
01_knn,Distancia,XGBoost Classifier,0,0,6.377238e-05
01_knn,Distancia,XGBoost Classifier,0,0,0.0002274028
01_knn,Distancia,XGBoost Classifier,0,0,6.2020146e-05
01_knn,Distancia,XGBoost Classifier,0,0,0.00064023735
01_knn,Distancia,XGBoost Classifier,1,1,0.99997485
01_knn,Distancia,XGBoost Classifier,1,1,0.9323546
01_knn,Distancia,XGBoost Classifier,0,0,0.0017906706
01_knn,Distancia,XGBoost Classifier,0,0,0.0006652745
01_knn,Distancia,XGBoost Classifier,0,0,0.0037521434
01_knn,Distancia,XGBoost Classifier,0,0,0.00012004532
01_knn,Distancia,XGBoost Classifier,0,0,6.090875e-05
01_knn,Distancia,XGBoost Classifier,0,0,0.0033623434
01_knn,Distancia,XGBoost Classifier,0,0,2.867088e-06
01_knn,Distancia,XGBoost Classifier,0,0,0.00480237
01_knn,Distancia,XGBoost Classifier,0,0,0.0004990886
01_knn,Distancia,XGBoost Classifier,0,1,0.5422378
01_knn,Distancia,XGBoost Classifier,1,1,0.9811906
01_knn,Distancia,XGBoost Classifier,0,0,0.020141765
01_knn,Distancia,XGBoost Classifier,0,0,3.291396e-05
01_knn,Distancia,XGBoost Classifier,1,1,0.99948835
01_knn,Distancia,XGBoost Classifier,0,0,0.0049289283
01_knn,Distancia,XGBoost Classifier,0,0,0.008737335
01_knn,Distancia,XGBoost Classifier,0,0,0.00024156492
01_knn,Distancia,XGBoost Classifier,0,0,8.248214e-05
01_knn,Distancia,XGBoost Classifier,1,1,0.9999994
01_knn,Distancia,XGBoost Classifier,0,0,8.201578e-05
01_knn,Distancia,XGBoost Classifier,0,0,0.00031432736
01_knn,Distancia,XGBoost Classifier,0,0,0.0010997897
01_knn,Distancia,XGBoost Classifier,0,0,4.3440537e-05
01_knn,Distancia,XGBoost Classifier,0,0,3.602751e-05
01_knn,Distancia,XGBoost Classifier,0,0,8.345608e-05
01_knn,Distancia,XGBoost Classifier,0,1,0.9358362
01_knn,Distancia,XGBoost Classifier,1,1,0.99998295
01_knn,Distancia,XGBoost Classifier,0,0,5.9011886e-06
01_knn,Distancia,XGBoost Classifier,0,0,8.97809e-05
01_knn,Distancia,XGBoost Classifier,0,0,0.00012158351
01_knn,Distancia,XGBoost Classifier,1,1,0.9902424
01_knn,Distancia,XGBoost Classifier,0,0,0.008455324
01_knn,Distancia,XGBoost Classifier,0,0,0.00014085475
01_knn,Distancia,XGBoost Classifier,0,0,2.5355683e-05
01_knn,Distancia,XGBoost Classifier,0,0,0.00016980147
01_knn,Distancia,XGBoost Classifier,0,0,0.003206721
01_knn,Distancia,XGBoost Classifier,0,0,0.0001421205
01_knn,Distancia,XGBoost Classifier,0,1,0.69387424
01_knn,Distancia,XGBoost Classifier,0,0,0.0025633592
01_knn,Distancia,XGBoost Classifier,0,0,8.678966e-05
01_knn,Distancia,XGBoost Classifier,1,1,0.9999958
01_knn,Distancia,XGBoost Classifier,0,0,0.0015665009
01_knn,Distancia,XGBoost Classifier,0,0,0.00045354854
01_knn,Distancia,XGBoost Classifier,0,0,2.8614813e-05
01_knn,Distancia,XGBoost Classifier,0,0,0.00037637318
01_knn,Distancia,XGBoost Classifier,0,0,8.314525e-05
01_knn,Distancia,XGBoost Classifier,1,0,0.217816
01_knn,Distancia,XGBoost Classifier,0,0,0.005368442
01_knn,Distancia,XGBoost Classifier,0,0,0.45632774
01_knn,Distancia,XGBoost Classifier,0,0,0.03284658
01_knn,Distancia,XGBoost Classifier,0,0,0.0024501907
01_knn,Distancia,XGBoost Classifier,0,0,0.0036984854
01_knn,Distancia,XGBoost Classifier,1,1,0.5182733
01_knn,Distancia,XGBoost Classifier,1,1,0.99801457
01_knn,Distancia,XGBoost Classifier,1,1,0.9999907
01_knn,Distancia,XGBoost Classifier,1,1,0.9994993
01_knn,Distancia,XGBoost Classifier,0,0,0.0002630785
01_knn,Distancia,XGBoost Classifier,1,1,0.9999994
01_knn,Distancia,XGBoost Classifier,1,1,0.9999993
01_knn,Distancia,XGBoost Classifier,0,0,0.00076438783
01_knn,Distancia,XGBoost Classifier,0,0,0.0009990038
01_knn,Distancia,XGBoost Classifier,0,0,8.3580555e-05
01_knn,Distancia,XGBoost Classifier,0,0,0.008307945
01_knn,Distancia,XGBoost Classifier,0,0,0.00019457923
01_knn,Distancia,XGBoost Classifier,1,0,0.018373616
01_knn,Distancia,XGBoost Classifier,0,0,2.3878425e-05
01_knn,Distancia,XGBoost Classifier,0,0,3.4007462e-05
01_knn,Distancia,XGBoost Classifier,0,0,0.00018673358
01_knn,Distancia,XGBoost Classifier,0,0,0.0017645361
01_knn,Distancia,XGBoost Classifier,1,1,0.9999949
01_knn,Distancia,XGBoost Classifier,0,0,0.00015980827
01_knn,Distancia,XGBoost Classifier,0,0,0.0009537326
01_knn,Distancia,XGBoost Classifier,0,0,0.0005711902
01_knn,Distancia,XGBoost Classifier,1,1,0.99933976
01_knn,Distancia,XGBoost Classifier,0,0,3.48e-06
01_knn,Distancia,XGBoost Classifier,0,0,0.00019875134
01_knn,Distancia,XGBoost Classifier,0,0,1.6608537e-05
01_knn,Distancia,XGBoost Classifier,0,0,0.00019261058
01_knn,Distancia,XGBoost Classifier,0,0,0.0003550957
01_knn,Distancia,XGBoost Classifier,0,0,7.881465e-05
01_knn,Distancia,XGBoost Classifier,0,0,0.0006676179
01_knn,Distancia,XGBoost Classifier,1,1,0.9999989
01_knn,Distancia,XGBoost Classifier,0,0,0.0058347415
01_knn,Distancia,XGBoost Classifier,0,0,0.00016428849
01_knn,Distancia,XGBoost Classifier,0,0,0.010199648
01_knn,Distancia,XGBoost Classifier,0,0,0.00023107289
01_knn,Distancia,XGBoost Classifier,0,0,7.083523e-05
01_knn,Distancia,XGBoost Classifier,1,1,0.86126834
01_knn,Distancia,XGBoost Classifier,0,0,2.5583075e-05
01_knn,Distancia,XGBoost Classifier,1,1,0.99999404
01_knn,Distancia,XGBoost Classifier,0,0,0.00218912
01_knn,Distancia,XGBoost Classifier,1,1,0.999966
01_knn,Distancia,XGBoost Classifier,0,0,0.0008904533
01_knn,Distancia,XGBoost Classifier,1,1,0.99997973
01_knn,Distancia,XGBoost Classifier,1,1,0.9999949
01_knn,Distancia,XGBoost Classifier,0,0,1.8661816e-05
01_knn,Distancia,XGBoost Classifier,0,0,1.4712664e-05
01_knn,Distancia,XGBoost Classifier,0,0,0.0041352184
01_knn,Distancia,XGBoost Classifier,0,0,0.00032488868
01_knn,Distancia,XGBoost Classifier,0,0,0.007374603
01_knn,Distancia,XGBoost Classifier,0,0,0.026425336
01_knn,Distancia,XGBoost Classifier,0,0,0.00013653276
01_knn,Distancia,XGBoost Classifier,0,0,0.00010012968
01_knn,Distancia,XGBoost Classifier,0,0,0.00016775876
01_knn,Distancia,XGBoost Classifier,0,0,0.0027825322
01_knn,Distancia,XGBoost Classifier,0,0,0.00091641024
01_knn,Distancia,XGBoost Classifier,0,1,0.9614879
01_knn,Distancia,XGBoost Classifier,0,0,0.0037478856
01_knn,Distancia,XGBoost Classifier,0,0,0.00016442437
01_knn,Distancia,XGBoost Classifier,0,0,0.00045109433
01_knn,Distancia,XGBoost Classifier,0,0,0.018102337
01_knn,Distancia,XGBoost Classifier,0,0,0.18087783
01_knn,Distancia,XGBoost Classifier,0,0,7.031412e-05
01_knn,Distancia,XGBoost Classifier,1,1,0.9999889
01_knn,Distancia,XGBoost Classifier,1,1,0.96674836
01_knn,Distancia,XGBoost Classifier,0,0,0.00020134119
01_knn,Distancia,XGBoost Classifier,1,1,0.9999988
01_knn,Distancia,XGBoost Classifier,0,0,1.7571245e-05
01_knn,Distancia,XGBoost Classifier,0,0,0.00076335523
01_knn,Distancia,XGBoost Classifier,1,1,0.9985372
01_knn,Distancia,XGBoost Classifier,0,0,0.13171913
01_knn,Distancia,XGBoost Classifier,0,0,0.00053196
01_knn,Distancia,XGBoost Classifier,0,0,0.002595091
01_knn,Distancia,XGBoost Classifier,0,0,0.0038183066
01_knn,Distancia,XGBoost Classifier,1,1,0.998782
01_knn,Distancia,XGBoost Classifier,0,0,0.002049649
01_knn,Distancia,XGBoost Classifier,0,0,0.16050644
01_knn,Distancia,XGBoost Classifier,0,0,0.017559813
01_knn,Distancia,XGBoost Classifier,0,0,0.00016356043
01_knn,Distancia,XGBoost Classifier,1,1,0.9997602
01_knn,Distancia,XGBoost Classifier,0,0,0.0006569448
01_knn,Distancia,XGBoost Classifier,0,0,4.4163753e-06
01_knn,Distancia,XGBoost Classifier,0,0,8.110782e-05
01_knn,Distancia,XGBoost Classifier,0,0,0.0002506741
01_knn,Distancia,XGBoost Classifier,0,0,1.9654324e-05
01_knn,Distancia,XGBoost Classifier,1,1,0.99256647
01_knn,Distancia,XGBoost Classifier,0,0,5.3047297e-05
01_knn,Distancia,XGBoost Classifier,0,0,0.00015166179
01_knn,Distancia,XGBoost Classifier,0,0,0.0054755234
01_knn,Distancia,XGBoost Classifier,0,0,4.4342174e-05
01_knn,Distancia,XGBoost Classifier,1,1,0.99984634
01_knn,Distancia,XGBoost Classifier,0,0,5.3781598e-05
01_knn,Distancia,XGBoost Classifier,0,0,0.00051092956
01_knn,Distancia,XGBoost Classifier,0,0,0.0006770645
01_knn,Distancia,XGBoost Classifier,1,1,0.9999925
01_knn,Distancia,XGBoost Classifier,1,1,0.9997795
01_knn,Distancia,XGBoost Classifier,0,0,0.14935397
01_knn,Distancia,XGBoost Classifier,0,0,0.012925607
01_knn,Distancia,XGBoost Classifier,0,0,3.550607e-05
01_knn,Distancia,XGBoost Classifier,0,0,0.00023332798
01_knn,Distancia,XGBoost Classifier,0,0,0.028066086
01_knn,Distancia,XGBoost Classifier,0,0,3.452961e-05
01_knn,Distancia,XGBoost Classifier,0,0,0.0054879393
01_knn,Distancia,XGBoost Classifier,0,0,3.829187e-05
01_knn,Distancia,XGBoost Classifier,0,0,4.395006e-05
01_knn,Distancia,XGBoost Classifier,0,0,3.705064e-05
01_knn,Distancia,XGBoost Classifier,1,1,0.9997639
01_knn,Distancia,XGBoost Classifier,0,0,3.3626442e-05
01_knn,Distancia,XGBoost Classifier,0,0,0.00075000623
01_knn,Distancia,XGBoost Classifier,0,0,1.3789572e-06
01_knn,Distancia,XGBoost Classifier,0,0,7.4286974e-05
01_knn,Distancia,XGBoost Classifier,0,0,6.9558315e-05
01_knn,Distancia,XGBoost Classifier,0,0,0.00025205524
01_knn,Distancia,XGBoost Classifier,0,0,0.00016334488
01_knn,Distancia,XGBoost Classifier,1,1,0.9999927
01_knn,Distancia,XGBoost Classifier,0,0,0.00011453666
01_knn,Distancia,XGBoost Classifier,0,0,0.00015836552
01_knn,Distancia,XGBoost Classifier,0,0,0.0031081985
01_knn,Distancia,XGBoost Classifier,0,0,2.6679649e-05
01_knn,Distancia,XGBoost Classifier,0,0,3.0938474e-05
01_knn,Distancia,XGBoost Classifier,1,1,0.7370737
01_knn,Distancia,XGBoost Classifier,1,1,0.9999764
01_knn,Distancia,XGBoost Classifier,1,1,0.9999838
01_knn,Distancia,XGBoost Classifier,0,0,0.009806243
01_knn,Distancia,XGBoost Classifier,1,1,0.9997137
01_knn,Distancia,XGBoost Classifier,1,1,0.9999932
01_knn,Distancia,XGBoost Classifier,0,0,9.641809e-05
01_knn,Distancia,XGBoost Classifier,1,1,0.99997926
01_knn,Distancia,XGBoost Classifier,1,1,0.9934436
01_knn,Distancia,XGBoost Classifier,0,0,0.012434455
01_knn,Distancia,XGBoost Classifier,0,0,0.0014751175
01_knn,Distancia,XGBoost Classifier,1,1,0.99999607
01_knn,Distancia,XGBoost Classifier,0,0,0.0014303603
01_knn,Distancia,XGBoost Classifier,0,0,0.015036844
01_knn,Distancia,XGBoost Classifier,0,0,1.2082768e-06
01_knn,Distancia,XGBoost Classifier,0,0,4.967823e-05
01_knn,Distancia,XGBoost Classifier,1,1,0.9999701
01_knn,Distancia,XGBoost Classifier,0,0,0.4185779
01_knn,Distancia,XGBoost Classifier,0,0,0.014992472
01_knn,Distancia,XGBoost Classifier,0,0,0.0071992557
01_knn,Distancia,XGBoost Classifier,0,1,0.5554005
01_knn,Distancia,XGBoost Classifier,0,0,1.0754635e-06
01_knn,Distancia,XGBoost Classifier,1,1,0.99999344
01_knn,Distancia,XGBoost Classifier,0,1,0.9019189
01_knn,Distancia,XGBoost Classifier,0,0,0.00013351547
01_knn,Distancia,XGBoost Classifier,0,0,0.005683171
01_knn,Distancia,XGBoost Classifier,0,0,4.1022895e-06
01_knn,Distancia,XGBoost Classifier,0,0,0.002001059
01_knn,Distancia,XGBoost Classifier,0,0,0.00022755201
01_knn,Distancia,XGBoost Classifier,0,0,0.00037251087
01_knn,Distancia,XGBoost Classifier,0,0,0.005504482
01_knn,Distancia,XGBoost Classifier,1,1,0.9999937
01_knn,Distancia,XGBoost Classifier,0,0,0.0032964288
01_knn,Distancia,XGBoost Classifier,0,0,0.08497409
01_knn,Distancia,XGBoost Classifier,0,0,0.0023748442
01_knn,Distancia,XGBoost Classifier,0,0,8.688169e-06
01_knn,Distancia,XGBoost Classifier,1,1,0.9996625
01_knn,Distancia,XGBoost Classifier,1,1,0.99918276
01_knn,Distancia,XGBoost Classifier,0,1,0.96839654
01_knn,Distancia,XGBoost Classifier,1,1,0.99984586
01_knn,Distancia,XGBoost Classifier,0,0,0.0008896378
01_knn,Distancia,XGBoost Classifier,0,0,0.00022146093
01_knn,Distancia,XGBoost Classifier,1,1,0.999703
01_knn,Distancia,XGBoost Classifier,0,0,0.00016618831
01_knn,Distancia,XGBoost Classifier,0,0,6.509362e-05
01_knn,Distancia,XGBoost Classifier,0,0,3.4135286e-05
01_knn,Distancia,XGBoost Classifier,1,1,0.99963224
01_knn,Distancia,XGBoost Classifier,0,0,2.0292659e-05
01_knn,Distancia,XGBoost Classifier,0,0,0.0011831135
01_knn,Distancia,XGBoost Classifier,0,0,0.0043327278
01_knn,Distancia,XGBoost Classifier,0,1,0.8466978
01_knn,Distancia,XGBoost Classifier,0,0,0.0032043303
01_knn,Distancia,XGBoost Classifier,0,0,0.0011137871
01_knn,Distancia,XGBoost Classifier,0,0,0.0044457745
01_knn,Distancia,XGBoost Classifier,0,0,0.0015851597
01_knn,Distancia,XGBoost Classifier,0,0,0.0006235764
01_knn,Distancia,XGBoost Classifier,0,0,0.072352014
01_knn,Distancia,XGBoost Classifier,0,0,0.010467505
01_knn,Distancia,XGBoost Classifier,0,0,0.0011113923
01_knn,Distancia,XGBoost Classifier,1,1,0.99999785
01_knn,Distancia,XGBoost Classifier,1,1,0.9975107
01_knn,Distancia,XGBoost Classifier,0,0,0.00035806387
01_knn,Distancia,XGBoost Classifier,0,0,1.8155678e-06
01_knn,Distancia,XGBoost Classifier,1,1,0.99446434
01_knn,Distancia,XGBoost Classifier,0,0,6.0457092e-05
01_knn,Distancia,XGBoost Classifier,0,0,0.00045234972
01_knn,Distancia,XGBoost Classifier,0,0,0.016310617
01_knn,Distancia,XGBoost Classifier,0,0,0.021457536
01_knn,Distancia,XGBoost Classifier,1,1,0.9995321
01_knn,Distancia,XGBoost Classifier,0,0,5.463422e-05
01_knn,Distancia,XGBoost Classifier,0,0,0.00015182847
01_knn,Distancia,XGBoost Classifier,1,1,0.9999783
01_knn,Distancia,XGBoost Classifier,0,0,7.0117865e-05
01_knn,Distancia,XGBoost Classifier,0,0,1.8150648e-05
01_knn,Distancia,XGBoost Classifier,0,0,0.00013777282
01_knn,Distancia,XGBoost Classifier,0,0,0.00033059335
01_knn,Distancia,XGBoost Classifier,1,1,0.99998677
01_knn,Distancia,XGBoost Classifier,1,1,0.9999902
01_knn,Distancia,XGBoost Classifier,0,0,0.00025982896
01_knn,Distancia,XGBoost Classifier,1,1,0.99999976
01_knn,Distancia,XGBoost Classifier,0,0,0.014084714
01_knn,Distancia,XGBoost Classifier,0,0,5.1250263e-06
01_knn,Distancia,XGBoost Classifier,0,0,0.00068234646
01_knn,Distancia,XGBoost Classifier,0,0,0.0005121822
01_knn,Distancia,XGBoost Classifier,0,0,0.007941874
01_knn,Distancia,XGBoost Classifier,0,0,0.00014796229
01_knn,Distancia,XGBoost Classifier,1,1,0.99999785
01_knn,Distancia,XGBoost Classifier,1,1,0.9975375
01_knn,Distancia,XGBoost Classifier,0,0,4.6035202e-05
01_knn,Distancia,XGBoost Classifier,0,0,0.0033240719
01_knn,Distancia,XGBoost Classifier,0,0,0.0005873991
01_knn,Distancia,XGBoost Classifier,0,0,0.0001314078
01_knn,Distancia,XGBoost Classifier,0,0,8.2533275e-05
01_knn,Distancia,XGBoost Classifier,0,0,1.450615e-06
01_knn,Distancia,XGBoost Classifier,0,0,0.009038259
01_knn,Distancia,XGBoost Classifier,0,0,0.0021211072
01_knn,Distancia,XGBoost Classifier,1,0,0.13770896
01_knn,Distancia,XGBoost Classifier,0,0,0.00011237868
01_knn,Distancia,XGBoost Classifier,1,1,0.9916618
01_knn,Distancia,XGBoost Classifier,0,0,9.9803656e-05
01_knn,Distancia,XGBoost Classifier,1,1,0.99997544
01_knn,Distancia,XGBoost Classifier,0,0,6.3266843e-06
01_knn,Distancia,XGBoost Classifier,0,0,0.0044623134
01_knn,Distancia,XGBoost Classifier,1,1,0.8952642
01_knn,Distancia,XGBoost Classifier,0,0,0.00010863586
01_knn,Distancia,XGBoost Classifier,0,0,0.0024247665
01_knn,Distancia,XGBoost Classifier,1,1,0.99956876
01_knn,Distancia,XGBoost Classifier,0,0,0.0024261223
01_knn,Distancia,XGBoost Classifier,0,0,0.009327978
01_knn,Distancia,XGBoost Classifier,0,0,1.7881492e-05
01_knn,Distancia,XGBoost Classifier,0,0,0.0022549166
01_knn,Distancia,XGBoost Classifier,0,0,0.008019031
01_knn,Distancia,XGBoost Classifier,0,0,7.481012e-05
01_knn,Distancia,XGBoost Classifier,0,0,0.25804448
01_knn,Distancia,XGBoost Classifier,0,0,2.338686e-05
01_knn,Distancia,XGBoost Classifier,0,0,0.2105378
01_knn,Distancia,XGBoost Classifier,0,0,0.0017958713
01_knn,Distancia,XGBoost Classifier,0,0,0.00038264997
01_knn,Distancia,XGBoost Classifier,1,1,0.999995
01_knn,Distancia,XGBoost Classifier,0,0,0.0075227576
01_knn,Distancia,XGBoost Classifier,1,1,0.9907622
01_knn,Distancia,XGBoost Classifier,0,0,7.034101e-05
01_knn,Distancia,XGBoost Classifier,0,0,0.012571902
