notebook,family,model,y_true,y_pred,y_proba
02_linear,Linear,Gradient Boosting Classifier,1,1,0.8814730669504757
02_linear,Linear,Gradient Boosting Classifier,1,1,0.993773538192164
02_linear,Linear,Gradient Boosting Classifier,0,0,0.005781941379973172
02_linear,Linear,Gradient Boosting Classifier,0,0,0.05764334103470055
02_linear,Linear,Gradient Boosting Classifier,0,0,0.008808327710775665
02_linear,Linear,Gradient Boosting Classifier,0,0,0.00510064654137723
02_linear,Linear,Gradient Boosting Classifier,0,0,0.0020278677024032957
02_linear,Linear,Gradient Boosting Classifier,0,0,0.00440616244439599
02_linear,Linear,Gradient Boosting Classifier,1,1,0.9947674883578774
02_linear,Linear,Gradient Boosting Classifier,0,0,0.0028597986722035955
02_linear,Linear,Gradient Boosting Classifier,0,0,0.003711287829143996
02_linear,Linear,Gradient Boosting Classifier,0,0,0.015193000178193696
02_linear,Linear,Gradient Boosting Classifier,0,1,0.9760574777461369
02_linear,Linear,Gradient Boosting Classifier,0,0,0.010378814277141785
02_linear,Linear,Gradient Boosting Classifier,1,1,0.6990793849670403
02_linear,Linear,Gradient Boosting Classifier,1,1,0.995571704609372
02_linear,Linear,Gradient Boosting Classifier,0,0,0.009744951041664474
02_linear,Linear,Gradient Boosting Classifier,0,0,0.005807217708821445
02_linear,Linear,Gradient Boosting Classifier,0,0,0.033546293936953055
02_linear,Linear,Gradient Boosting Classifier,0,0,0.04525259968117414
02_linear,Linear,Gradient Boosting Classifier,0,0,0.00227423141707156
02_linear,Linear,Gradient Boosting Classifier,0,0,0.05390770248146015
02_linear,Linear,Gradient Boosting Classifier,0,0,0.0044117063332061056
02_linear,Linear,Gradient Boosting Classifier,0,0,0.028910899775427868
02_linear,Linear,Gradient Boosting Classifier,1,1,0.9956882372333178
02_linear,Linear,Gradient Boosting Classifier,0,0,0.004490342032511805
02_linear,Linear,Gradient Boosting Classifier,1,1,0.6793032181785835
02_linear,Linear,Gradient Boosting Classifier,1,1,0.9978013496071096
02_linear,Linear,Gradient Boosting Classifier,1,1,0.9963819898536038
02_linear,Linear,Gradient Boosting Classifier,0,0,0.004870713704769597
02_linear,Linear,Gradient Boosting Classifier,1,1,0.9978838006891035
02_linear,Linear,Gradient Boosting Classifier,1,1,0.9962597865763283
02_linear,Linear,Gradient Boosting Classifier,1,1,0.9959493701239706
02_linear,Linear,Gradient Boosting Classifier,0,0,0.018668495921765435
02_linear,Linear,Gradient Boosting Classifier,1,1,0.9239220384876033
02_linear,Linear,Gradient Boosting Classifier,0,0,0.04361225464916653
02_linear,Linear,Gradient Boosting Classifier,0,0,0.004026279026308522
02_linear,Linear,Gradient Boosting Classifier,0,0,0.0033452976855314538
02_linear,Linear,Gradient Boosting Classifier,0,0,0.005089707125990538
02_linear,Linear,Gradient Boosting Classifier,0,0,0.003560744845489178
02_linear,Linear,Gradient Boosting Classifier,0,0,0.014858424956039633
02_linear,Linear,Gradient Boosting Classifier,1,1,0.9802201384260842
02_linear,Linear,Gradient Boosting Classifier,0,0,0.0031376761159232548
02_linear,Linear,Gradient Boosting Classifier,1,1,0.9969023180258254
02_linear,Linear,Gradient Boosting Classifier,0,0,0.004864534249940497
02_linear,Linear,Gradient Boosting Classifier,0,0,0.03905422246163755
02_linear,Linear,Gradient Boosting Classifier,0,0,0.006129085909647232
02_linear,Linear,Gradient Boosting Classifier,1,1,0.8176863727649609
02_linear,Linear,Gradient Boosting Classifier,0,0,0.0030671414094773637
02_linear,Linear,Gradient Boosting Classifier,1,1,0.9879480407494723
02_linear,Linear,Gradient Boosting Classifier,0,0,0.01968239236352823
02_linear,Linear,Gradient Boosting Classifier,0,0,0.004270341092965638
02_linear,Linear,Gradient Boosting Classifier,0,0,0.010391420869334972
02_linear,Linear,Gradient Boosting Classifier,1,1,0.9957459950442892
02_linear,Linear,Gradient Boosting Classifier,0,0,0.010397005102529331
02_linear,Linear,Gradient Boosting Classifier,0,0,0.004099667536390566
02_linear,Linear,Gradient Boosting Classifier,1,1,0.9949324543616007
02_linear,Linear,Gradient Boosting Classifier,0,0,0.0025494877154105915
02_linear,Linear,Gradient Boosting Classifier,1,1,0.9906589509891658
02_linear,Linear,Gradient Boosting Classifier,1,1,0.9980525211341124
02_linear,Linear,Gradient Boosting Classifier,1,1,0.6278356342739471
02_linear,Linear,Gradient Boosting Classifier,0,0,0.003602246385675066
02_linear,Linear,Gradient Boosting Classifier,0,0,0.005270712491391562
02_linear,Linear,Gradient Boosting Classifier,0,0,0.019773547402996368
02_linear,Linear,Gradient Boosting Classifier,1,1,0.9982141181477803
02_linear,Linear,Gradient Boosting Classifier,0,0,0.0354919806019333
02_linear,Linear,Gradient Boosting Classifier,1,1,0.9967540823556578
02_linear,Linear,Gradient Boosting Classifier,1,1,0.9962186707893528
02_linear,Linear,Gradient Boosting Classifier,0,1,0.5252397796468994
02_linear,Linear,Gradient Boosting Classifier,0,0,0.005393722052411705
02_linear,Linear,Gradient Boosting Classifier,1,1,0.9952470565864258
02_linear,Linear,Gradient Boosting Classifier,0,0,0.004099314243452996
02_linear,Linear,Gradient Boosting Classifier,0,0,0.24440428696823852
02_linear,Linear,Gradient Boosting Classifier,1,1,0.9980739679304976
02_linear,Linear,Gradient Boosting Classifier,0,0,0.004686496103597329
02_linear,Linear,Gradient Boosting Classifier,1,1,0.7417189934095375
02_linear,Linear,Gradient Boosting Classifier,0,0,0.018157153270468483
02_linear,Linear,Gradient Boosting Classifier,0,0,0.030767681568935282
02_linear,Linear,Gradient Boosting Classifier,0,0,0.004235779416698119
02_linear,Linear,Gradient Boosting Classifier,0,0,0.01394597847717665
02_linear,Linear,Gradient Boosting Classifier,0,0,0.0019901790736992805
02_linear,Linear,Gradient Boosting Classifier,1,1,0.9967730287061501
02_linear,Linear,Gradient Boosting Classifier,0,0,0.18537782963274102
02_linear,Linear,Gradient Boosting Classifier,0,0,0.028972051721548403
02_linear,Linear,Gradient Boosting Classifier,0,0,0.021334691839371207
02_linear,Linear,Gradient Boosting Classifier,1,1,0.995571704609372
02_linear,Linear,Gradient Boosting Classifier,1,1,0.9628639016331704
02_linear,Linear,Gradient Boosting Classifier,0,0,0.006761421400711132
02_linear,Linear,Gradient Boosting Classifier,0,0,0.011838895418373333
02_linear,Linear,Gradient Boosting Classifier,0,0,0.016895225650378494
02_linear,Linear,Gradient Boosting Classifier,0,0,0.005807217708821445
02_linear,Linear,Gradient Boosting Classifier,0,0,0.002497849228120268
02_linear,Linear,Gradient Boosting Classifier,0,0,0.004216347878501254
02_linear,Linear,Gradient Boosting Classifier,0,0,0.012565031637421762
02_linear,Linear,Gradient Boosting Classifier,1,1,0.9969573602220726
02_linear,Linear,Gradient Boosting Classifier,0,0,0.01175211881957704
02_linear,Linear,Gradient Boosting Classifier,0,0,0.007061044231348024
02_linear,Linear,Gradient Boosting Classifier,0,0,0.055867169301588186
02_linear,Linear,Gradient Boosting Classifier,0,0,0.0045343539464767985
02_linear,Linear,Gradient Boosting Classifier,0,0,0.006620493113577722
02_linear,Linear,Gradient Boosting Classifier,0,0,0.12876443696570478
02_linear,Linear,Gradient Boosting Classifier,1,1,0.9956244514837588
02_linear,Linear,Gradient Boosting Classifier,0,0,0.001396971628742179
02_linear,Linear,Gradient Boosting Classifier,0,0,0.005628215909454918
02_linear,Linear,Gradient Boosting Classifier,1,1,0.9976169605315225
02_linear,Linear,Gradient Boosting Classifier,0,0,0.00699497752974074
02_linear,Linear,Gradient Boosting Classifier,0,0,0.03309014613034093
02_linear,Linear,Gradient Boosting Classifier,0,0,0.027994295974298606
02_linear,Linear,Gradient Boosting Classifier,0,0,0.008709163419701564
02_linear,Linear,Gradient Boosting Classifier,0,0,0.0032995173840084323
02_linear,Linear,Gradient Boosting Classifier,1,1,0.9965774742197947
02_linear,Linear,Gradient Boosting Classifier,1,1,0.9961431811976393
02_linear,Linear,Gradient Boosting Classifier,0,0,0.0019635250690443326
02_linear,Linear,Gradient Boosting Classifier,0,0,0.04225184317717342
02_linear,Linear,Gradient Boosting Classifier,0,0,0.006328198319662764
02_linear,Linear,Gradient Boosting Classifier,1,1,0.9966792183643072
02_linear,Linear,Gradient Boosting Classifier,0,0,0.12526361340480827
02_linear,Linear,Gradient Boosting Classifier,0,0,0.003652736519243623
02_linear,Linear,Gradient Boosting Classifier,0,0,0.03661730202670621
02_linear,Linear,Gradient Boosting Classifier,0,0,0.0026076745836768715
02_linear,Linear,Gradient Boosting Classifier,1,1,0.9661198400281771
02_linear,Linear,Gradient Boosting Classifier,1,1,0.995571704609372
02_linear,Linear,Gradient Boosting Classifier,0,0,0.41574482449076694
02_linear,Linear,Gradient Boosting Classifier,0,0,0.0051227673648925375
02_linear,Linear,Gradient Boosting Classifier,0,0,0.02813945866854843
02_linear,Linear,Gradient Boosting Classifier,1,1,0.9953353806906997
02_linear,Linear,Gradient Boosting Classifier,0,0,0.017693070518729766
02_linear,Linear,Gradient Boosting Classifier,1,1,0.9859319770818106
02_linear,Linear,Gradient Boosting Classifier,0,0,0.003931924014409507
02_linear,Linear,Gradient Boosting Classifier,0,0,0.046929020234225675
02_linear,Linear,Gradient Boosting Classifier,0,0,0.003335705977615248
02_linear,Linear,Gradient Boosting Classifier,0,0,0.009364617472360563
02_linear,Linear,Gradient Boosting Classifier,0,0,0.0054375182449241805
02_linear,Linear,Gradient Boosting Classifier,0,0,0.005780177151701746
02_linear,Linear,Gradient Boosting Classifier,1,1,0.9960794820670991
02_linear,Linear,Gradient Boosting Classifier,1,1,0.9972883005472537
02_linear,Linear,Gradient Boosting Classifier,0,0,0.046552284258629444
02_linear,Linear,Gradient Boosting Classifier,1,1,0.9975321232289335
02_linear,Linear,Gradient Boosting Classifier,0,0,0.00188445749725948
02_linear,Linear,Gradient Boosting Classifier,0,0,0.001567872994816558
02_linear,Linear,Gradient Boosting Classifier,1,1,0.9553887030396075
02_linear,Linear,Gradient Boosting Classifier,1,1,0.9761315904345668
02_linear,Linear,Gradient Boosting Classifier,0,0,0.005807217708821445
02_linear,Linear,Gradient Boosting Classifier,0,0,0.008508173866825876
02_linear,Linear,Gradient Boosting Classifier,0,1,0.960882063546541
02_linear,Linear,Gradient Boosting Classifier,0,0,0.435900715999961
02_linear,Linear,Gradient Boosting Classifier,0,0,0.24675611398221894
02_linear,Linear,Gradient Boosting Classifier,0,0,0.003255509117749372
02_linear,Linear,Gradient Boosting Classifier,0,0,0.016138821850238225
02_linear,Linear,Gradient Boosting Classifier,0,0,0.004994058920073467
02_linear,Linear,Gradient Boosting Classifier,0,0,0.026700243252363087
02_linear,Linear,Gradient Boosting Classifier,0,0,0.004476276064997876
02_linear,Linear,Gradient Boosting Classifier,0,0,0.0064749940661758
02_linear,Linear,Gradient Boosting Classifier,0,0,0.013363357203572113
02_linear,Linear,Gradient Boosting Classifier,0,0,0.015019600130664779
02_linear,Linear,Gradient Boosting Classifier,1,1,0.9958093060136008
02_linear,Linear,Gradient Boosting Classifier,0,0,0.005819010954302292
02_linear,Linear,Gradient Boosting Classifier,0,0,0.004479515183984488
02_linear,Linear,Gradient Boosting Classifier,0,0,0.0722411968344088
02_linear,Linear,Gradient Boosting Classifier,0,0,0.03880756387970893
02_linear,Linear,Gradient Boosting Classifier,0,0,0.005874357865005701
02_linear,Linear,Gradient Boosting Classifier,0,0,0.004139815452757641
02_linear,Linear,Gradient Boosting Classifier,0,0,0.005391789373475775
02_linear,Linear,Gradient Boosting Classifier,0,0,0.12569876212847447
02_linear,Linear,Gradient Boosting Classifier,0,0,0.0045300323982930815
02_linear,Linear,Gradient Boosting Classifier,1,1,0.9958913035969179
02_linear,Linear,Gradient Boosting Classifier,0,0,0.02049880595687075
02_linear,Linear,Gradient Boosting Classifier,0,0,0.005830265856111635
02_linear,Linear,Gradient Boosting Classifier,0,0,0.005479873464126936
02_linear,Linear,Gradient Boosting Classifier,1,0,0.2622439743729917
02_linear,Linear,Gradient Boosting Classifier,1,1,0.769771147643004
02_linear,Linear,Gradient Boosting Classifier,1,1,0.9949482059743273
02_linear,Linear,Gradient Boosting Classifier,0,0,0.004168361811090338
02_linear,Linear,Gradient Boosting Classifier,1,1,0.994778327974185
02_linear,Linear,Gradient Boosting Classifier,0,0,0.003555946640552493
02_linear,Linear,Gradient Boosting Classifier,0,0,0.016382894254169448
02_linear,Linear,Gradient Boosting Classifier,0,0,0.03432470347070152
02_linear,Linear,Gradient Boosting Classifier,0,0,0.0033747470116719715
02_linear,Linear,Gradient Boosting Classifier,1,1,0.9952413076747009
02_linear,Linear,Gradient Boosting Classifier,1,1,0.9444920576305201
02_linear,Linear,Gradient Boosting Classifier,1,1,0.9966538324509243
02_linear,Linear,Gradient Boosting Classifier,0,0,0.04787515303652356
02_linear,Linear,Gradient Boosting Classifier,0,0,0.010970348586759736
02_linear,Linear,Gradient Boosting Classifier,0,0,0.004736907477069868
02_linear,Linear,Gradient Boosting Classifier,1,1,0.9980155635518153
02_linear,Linear,Gradient Boosting Classifier,0,0,0.0259020390973261
02_linear,Linear,Gradient Boosting Classifier,1,1,0.9961964820854178
02_linear,Linear,Gradient Boosting Classifier,0,0,0.004393123111227045
02_linear,Linear,Gradient Boosting Classifier,0,0,0.005669918322318375
02_linear,Linear,Gradient Boosting Classifier,0,0,0.00881303977337049
02_linear,Linear,Gradient Boosting Classifier,0,0,0.006033296614355223
02_linear,Linear,Gradient Boosting Classifier,0,0,0.010609943327511424
02_linear,Linear,Gradient Boosting Classifier,0,0,0.02511868073937376
02_linear,Linear,Gradient Boosting Classifier,0,0,0.0044873690814674775
02_linear,Linear,Gradient Boosting Classifier,0,0,0.01298826602933348
02_linear,Linear,Gradient Boosting Classifier,1,1,0.9946631828921205
02_linear,Linear,Gradient Boosting Classifier,0,0,0.045242249108930405
02_linear,Linear,Gradient Boosting Classifier,0,0,0.03710573416795958
02_linear,Linear,Gradient Boosting Classifier,0,1,0.6518412935742829
02_linear,Linear,Gradient Boosting Classifier,0,0,0.020430439864544757
02_linear,Linear,Gradient Boosting Classifier,0,0,0.0041892135208076615
02_linear,Linear,Gradient Boosting Classifier,0,0,0.0036230055340263534
02_linear,Linear,Gradient Boosting Classifier,0,0,0.003045097999239903
02_linear,Linear,Gradient Boosting Classifier,0,0,0.03862710091360037
02_linear,Linear,Gradient Boosting Classifier,0,0,0.00963455193992203
02_linear,Linear,Gradient Boosting Classifier,1,1,0.9822215922333313
02_linear,Linear,Gradient Boosting Classifier,0,0,0.0048752239247725326
02_linear,Linear,Gradient Boosting Classifier,0,0,0.004319984232676498
02_linear,Linear,Gradient Boosting Classifier,0,0,0.008649788621598988
02_linear,Linear,Gradient Boosting Classifier,0,0,0.0038517360286495655
02_linear,Linear,Gradient Boosting Classifier,1,1,0.9955663020487927
02_linear,Linear,Gradient Boosting Classifier,0,0,0.005449734795503388
02_linear,Linear,Gradient Boosting Classifier,1,1,0.9966792183643072
02_linear,Linear,Gradient Boosting Classifier,0,0,0.005327106749672181
02_linear,Linear,Gradient Boosting Classifier,0,0,0.010639868077921581
02_linear,Linear,Gradient Boosting Classifier,0,0,0.005087776245491853
02_linear,Linear,Gradient Boosting Classifier,0,0,0.0022027302219071983
02_linear,Linear,Gradient Boosting Classifier,0,0,0.025140097218795163
02_linear,Linear,Gradient Boosting Classifier,0,0,0.035755266134742614
02_linear,Linear,Gradient Boosting Classifier,0,0,0.012805274305140057
02_linear,Linear,Gradient Boosting Classifier,1,1,0.9966099483284298
02_linear,Linear,Gradient Boosting Classifier,0,0,0.004364532446444681
02_linear,Linear,Gradient Boosting Classifier,0,0,0.006963674567766369
02_linear,Linear,Gradient Boosting Classifier,0,0,0.004153762727058515
02_linear,Linear,Gradient Boosting Classifier,0,0,0.004490342032511805
02_linear,Linear,Gradient Boosting Classifier,1,1,0.9950965285813523
02_linear,Linear,Gradient Boosting Classifier,0,0,0.12966639436481078
02_linear,Linear,Gradient Boosting Classifier,0,0,0.02167685759245786
02_linear,Linear,Gradient Boosting Classifier,0,0,0.017053677891608096
02_linear,Linear,Gradient Boosting Classifier,0,0,0.003893454957140768
02_linear,Linear,Gradient Boosting Classifier,1,1,0.9892594559076245
02_linear,Linear,Gradient Boosting Classifier,1,1,0.9949324543616007
02_linear,Linear,Gradient Boosting Classifier,0,0,0.0033710277438594102
02_linear,Linear,Gradient Boosting Classifier,0,0,0.002879627153214357
02_linear,Linear,Gradient Boosting Classifier,1,1,0.9944355589998202
02_linear,Linear,Gradient Boosting Classifier,0,0,0.004577713871716567
02_linear,Linear,Gradient Boosting Classifier,0,0,0.004044724888642553
02_linear,Linear,Gradient Boosting Classifier,0,0,0.006253892525452984
02_linear,Linear,Gradient Boosting Classifier,0,0,0.02906880931292264
02_linear,Linear,Gradient Boosting Classifier,0,0,0.005807217708821445
02_linear,Linear,Gradient Boosting Classifier,1,1,0.9685923400527414
02_linear,Linear,Gradient Boosting Classifier,1,1,0.9969328792781258
02_linear,Linear,Gradient Boosting Classifier,0,0,0.044024036269398804
02_linear,Linear,Gradient Boosting Classifier,0,0,0.01488686379445364
02_linear,Linear,Gradient Boosting Classifier,0,0,0.019563166017224517
02_linear,Linear,Gradient Boosting Classifier,0,0,0.01627147000624958
02_linear,Linear,Gradient Boosting Classifier,1,1,0.8270584816014747
02_linear,Linear,Gradient Boosting Classifier,1,1,0.995571704609372
02_linear,Linear,Gradient Boosting Classifier,0,0,0.06752672107073517
02_linear,Linear,Gradient Boosting Classifier,0,0,0.004244241174767295
02_linear,Linear,Gradient Boosting Classifier,0,0,0.005628215909454918
02_linear,Linear,Gradient Boosting Classifier,1,1,0.9552207953277663
02_linear,Linear,Gradient Boosting Classifier,0,0,0.003983561847119365
02_linear,Linear,Gradient Boosting Classifier,0,0,0.008017455646681885
02_linear,Linear,Gradient Boosting Classifier,0,0,0.0037754301557958473
02_linear,Linear,Gradient Boosting Classifier,0,0,0.018277426167246286
02_linear,Linear,Gradient Boosting Classifier,0,0,0.002070973890512625
02_linear,Linear,Gradient Boosting Classifier,1,1,0.9958847572850519
02_linear,Linear,Gradient Boosting Classifier,1,1,0.9814891236946558
02_linear,Linear,Gradient Boosting Classifier,0,0,0.0054059551355409964
02_linear,Linear,Gradient Boosting Classifier,0,0,0.0057812481151042995
02_linear,Linear,Gradient Boosting Classifier,0,0,0.03565356674722131
02_linear,Linear,Gradient Boosting Classifier,0,0,0.34499058002774424
02_linear,Linear,Gradient Boosting Classifier,1,1,0.9973003624192323
02_linear,Linear,Gradient Boosting Classifier,1,1,0.9874191974450545
02_linear,Linear,Gradient Boosting Classifier,0,0,0.004940923560161922
02_linear,Linear,Gradient Boosting Classifier,1,1,0.9980525211341124
02_linear,Linear,Gradient Boosting Classifier,0,0,0.01583522778257571
02_linear,Linear,Gradient Boosting Classifier,0,0,0.016732292268966276
02_linear,Linear,Gradient Boosting Classifier,1,1,0.9980837071080334
02_linear,Linear,Gradient Boosting Classifier,1,1,0.9947674883578774
02_linear,Linear,Gradient Boosting Classifier,1,1,0.9944280549284533
02_linear,Linear,Gradient Boosting Classifier,0,0,0.00293603840531221
02_linear,Linear,Gradient Boosting Classifier,1,1,0.5803189419285262
02_linear,Linear,Gradient Boosting Classifier,0,0,0.0197107627484486
02_linear,Linear,Gradient Boosting Classifier,1,1,0.968972091450488
02_linear,Linear,Gradient Boosting Classifier,1,1,0.983645570616127
02_linear,Linear,Gradient Boosting Classifier,0,0,0.05045574098301182
02_linear,Linear,Gradient Boosting Classifier,0,0,0.004711049653595372
02_linear,Linear,Gradient Boosting Classifier,0,0,0.033224814930203884
02_linear,Linear,Gradient Boosting Classifier,1,1,0.963471225033468
02_linear,Linear,Gradient Boosting Classifier,0,0,0.009457490654205458
02_linear,Linear,Gradient Boosting Classifier,0,0,0.00955227122957491
02_linear,Linear,Gradient Boosting Classifier,0,0,0.03007858553894659
02_linear,Linear,Gradient Boosting Classifier,0,0,0.030594463069120302
02_linear,Linear,Gradient Boosting Classifier,0,0,0.013199755144334377
02_linear,Linear,Gradient Boosting Classifier,0,0,0.018271011386486055
02_linear,Linear,Gradient Boosting Classifier,0,0,0.013577514012795087
02_linear,Linear,Gradient Boosting Classifier,0,0,0.021863480032207963
02_linear,Linear,Gradient Boosting Classifier,0,0,0.026005929627046932
02_linear,Linear,Gradient Boosting Classifier,0,0,0.05553763460891449
02_linear,Linear,Gradient Boosting Classifier,0,0,0.0031375618083128226
02_linear,Linear,Gradient Boosting Classifier,1,1,0.9944753435126807
02_linear,Linear,Gradient Boosting Classifier,0,0,0.0062934776752754515
02_linear,Linear,Gradient Boosting Classifier,1,1,0.9914420165935431
02_linear,Linear,Gradient Boosting Classifier,0,0,0.0050669272489234606
02_linear,Linear,Gradient Boosting Classifier,1,1,0.9947674883578774
02_linear,Linear,Gradient Boosting Classifier,0,0,0.011178749552256865
02_linear,Linear,Gradient Boosting Classifier,1,1,0.9818757287055331
02_linear,Linear,Gradient Boosting Classifier,0,0,0.012387073547690353
02_linear,Linear,Gradient Boosting Classifier,0,0,0.005640365822677646
02_linear,Linear,Gradient Boosting Classifier,1,1,0.9974410910392166
02_linear,Linear,Gradient Boosting Classifier,0,0,0.013992766504620465
02_linear,Linear,Gradient Boosting Classifier,0,0,0.0034572520874130382
02_linear,Linear,Gradient Boosting Classifier,0,0,0.013225100321653431
02_linear,Linear,Gradient Boosting Classifier,0,0,0.005090588784211175
02_linear,Linear,Gradient Boosting Classifier,0,1,0.8533034430094059
02_linear,Linear,Gradient Boosting Classifier,0,0,0.005664660814617122
02_linear,Linear,Gradient Boosting Classifier,0,0,0.0046967114504470435
02_linear,Linear,Gradient Boosting Classifier,0,0,0.002428579055339811
02_linear,Linear,Gradient Boosting Classifier,0,0,0.020120364137332158
02_linear,Linear,Gradient Boosting Classifier,0,0,0.009819426992470862
02_linear,Linear,Gradient Boosting Classifier,0,0,0.009293810466343809
02_linear,Linear,Gradient Boosting Classifier,0,0,0.03827260064147907
02_linear,Linear,Gradient Boosting Classifier,1,1,0.9774059006021847
02_linear,Linear,Gradient Boosting Classifier,0,0,0.014942296297291763
02_linear,Linear,Gradient Boosting Classifier,1,0,0.48254804238537863
02_linear,Linear,Gradient Boosting Classifier,0,0,0.021127303804346312
02_linear,Linear,Gradient Boosting Classifier,0,0,0.19939282442486606
02_linear,Linear,Gradient Boosting Classifier,0,0,0.002110706716273469
02_linear,Linear,Gradient Boosting Classifier,0,0,0.005424425981159686
02_linear,Linear,Gradient Boosting Classifier,0,0,0.0037519592782904476
02_linear,Linear,Gradient Boosting Classifier,0,0,0.005941464265245225
02_linear,Linear,Gradient Boosting Classifier,0,0,0.004996068127351416
02_linear,Linear,Gradient Boosting Classifier,0,0,0.004552357170938101
02_linear,Linear,Gradient Boosting Classifier,0,0,0.017359067719921788
02_linear,Linear,Gradient Boosting Classifier,0,0,0.037656451850064984
02_linear,Linear,Gradient Boosting Classifier,0,0,0.023523400945370317
02_linear,Linear,Gradient Boosting Classifier,1,1,0.8910827541447556
02_linear,Linear,Gradient Boosting Classifier,0,0,0.003302784112725716
02_linear,Linear,Gradient Boosting Classifier,0,0,0.0018808409353477697
02_linear,Linear,Gradient Boosting Classifier,0,0,0.01854898496123238
02_linear,Linear,Gradient Boosting Classifier,1,1,0.99559866616371
02_linear,Linear,Gradient Boosting Classifier,0,0,0.028600518377516097
02_linear,Linear,Gradient Boosting Classifier,0,0,0.02333328139397532
02_linear,Linear,Gradient Boosting Classifier,0,0,0.005628215909454918
02_linear,Linear,Gradient Boosting Classifier,0,0,0.003233214087841414
02_linear,Linear,Gradient Boosting Classifier,1,1,0.9970541442737986
02_linear,Linear,Gradient Boosting Classifier,0,0,0.01614965533697686
02_linear,Linear,Gradient Boosting Classifier,0,0,0.0046967114504470435
02_linear,Linear,Gradient Boosting Classifier,1,1,0.9969934367647234
02_linear,Linear,Gradient Boosting Classifier,0,0,0.006069178042219621
02_linear,Linear,Gradient Boosting Classifier,0,0,0.005882149345943773
02_linear,Linear,Gradient Boosting Classifier,0,0,0.007094788438758007
02_linear,Linear,Gradient Boosting Classifier,1,1,0.9947172956059402
02_linear,Linear,Gradient Boosting Classifier,0,0,0.0018608469603193746
02_linear,Linear,Gradient Boosting Classifier,0,0,0.00766564092080416
02_linear,Linear,Gradient Boosting Classifier,0,0,0.016591881975725725
02_linear,Linear,Gradient Boosting Classifier,0,0,0.024197756970529675
02_linear,Linear,Gradient Boosting Classifier,1,1,0.9948394721133194
02_linear,Linear,Gradient Boosting Classifier,0,0,0.009167822316739476
02_linear,Linear,Gradient Boosting Classifier,1,1,0.9947645913654389
02_linear,Linear,Gradient Boosting Classifier,0,0,0.0033710277438594102
02_linear,Linear,Gradient Boosting Classifier,0,0,0.01885110126749434
02_linear,Linear,Gradient Boosting Classifier,0,0,0.004613868120032904
02_linear,Linear,Gradient Boosting Classifier,0,0,0.004948701687872639
02_linear,Linear,Gradient Boosting Classifier,0,0,0.06821841096229993
02_linear,Linear,Gradient Boosting Classifier,0,0,0.02332820477680946
02_linear,Linear,Gradient Boosting Classifier,0,0,0.004824406384514305
02_linear,Linear,Gradient Boosting Classifier,1,1,0.9890657839824986
02_linear,Linear,Gradient Boosting Classifier,0,0,0.003714372100971225
02_linear,Linear,Gradient Boosting Classifier,1,1,0.9973173809401281
02_linear,Linear,Gradient Boosting Classifier,0,0,0.004495504337971801
02_linear,Linear,Gradient Boosting Classifier,0,0,0.005429651177626405
02_linear,Linear,Gradient Boosting Classifier,0,0,0.005500700390543302
02_linear,Linear,Gradient Boosting Classifier,1,1,0.9970970532232254
02_linear,Linear,Gradient Boosting Classifier,0,0,0.004093958681526473
02_linear,Linear,Gradient Boosting Classifier,0,0,0.06788520191929572
02_linear,Linear,Gradient Boosting Classifier,0,0,0.00388455183691494
02_linear,Linear,Gradient Boosting Classifier,0,0,0.03091591273419454
02_linear,Linear,Gradient Boosting Classifier,0,0,0.0033758968126684726
02_linear,Linear,Gradient Boosting Classifier,1,1,0.9683119801367682
02_linear,Linear,Gradient Boosting Classifier,0,0,0.003131622068483888
02_linear,Linear,Gradient Boosting Classifier,0,0,0.00926072282792501
02_linear,Linear,Gradient Boosting Classifier,0,0,0.009255154751185756
02_linear,Linear,Gradient Boosting Classifier,0,0,0.017865842519449775
02_linear,Linear,Gradient Boosting Classifier,1,1,0.9967953385290911
02_linear,Linear,Gradient Boosting Classifier,0,0,0.005310894639226224
02_linear,Linear,Gradient Boosting Classifier,1,1,0.7687576974151836
02_linear,Linear,Gradient Boosting Classifier,0,0,0.0054375182449241805
02_linear,Linear,Gradient Boosting Classifier,0,0,0.0062934776752754515
02_linear,Linear,Gradient Boosting Classifier,1,1,0.9909693239408445
02_linear,Linear,Gradient Boosting Classifier,0,0,0.004847073313737126
02_linear,Linear,Gradient Boosting Classifier,0,0,0.015446049606845383
02_linear,Linear,Gradient Boosting Classifier,0,0,0.003122947022267559
02_linear,Linear,Gradient Boosting Classifier,0,0,0.008175533816702841
02_linear,Linear,Gradient Boosting Classifier,0,0,0.011425541010832239
02_linear,Linear,Gradient Boosting Classifier,0,0,0.010778546690105946
02_linear,Linear,Gradient Boosting Classifier,0,0,0.03525025272149824
02_linear,Linear,Gradient Boosting Classifier,0,0,0.006336894178960794
02_linear,Linear,Gradient Boosting Classifier,0,0,0.005435210580087636
02_linear,Linear,Gradient Boosting Classifier,0,0,0.010579119998868534
02_linear,Linear,Gradient Boosting Classifier,0,0,0.005140685377129336
02_linear,Linear,Gradient Boosting Classifier,0,0,0.006620163647855329
02_linear,Linear,Gradient Boosting Classifier,1,1,0.9914707661626713
02_linear,Linear,Gradient Boosting Classifier,0,0,0.00231705699555828
02_linear,Linear,Gradient Boosting Classifier,1,1,0.9950658659532101
02_linear,Linear,Gradient Boosting Classifier,0,0,0.02520495704739855
02_linear,Linear,Gradient Boosting Classifier,0,0,0.0028747980578210635
02_linear,Linear,Gradient Boosting Classifier,1,1,0.995561418582706
02_linear,Linear,Gradient Boosting Classifier,1,1,0.9931308572951509
02_linear,Linear,Gradient Boosting Classifier,0,0,0.005606734875955759
02_linear,Linear,Gradient Boosting Classifier,0,0,0.005253279873600018
02_linear,Linear,Gradient Boosting Classifier,0,0,0.02656663685710633
02_linear,Linear,Gradient Boosting Classifier,0,0,0.01351437114302055
02_linear,Linear,Gradient Boosting Classifier,1,1,0.9916955398496772
02_linear,Linear,Gradient Boosting Classifier,1,1,0.9755551778778687
02_linear,Linear,Gradient Boosting Classifier,0,0,0.02718738431748796
02_linear,Linear,Gradient Boosting Classifier,0,0,0.005147502474240741
02_linear,Linear,Gradient Boosting Classifier,0,0,0.00964859220603863
02_linear,Linear,Gradient Boosting Classifier,0,0,0.0029665069772477686
02_linear,Linear,Gradient Boosting Classifier,0,0,0.00638429572585429
02_linear,Linear,Gradient Boosting Classifier,1,1,0.9958893884579201
02_linear,Linear,Gradient Boosting Classifier,0,0,0.034118177094279875
02_linear,Linear,Gradient Boosting Classifier,1,1,0.9958893884579201
02_linear,Linear,Gradient Boosting Classifier,0,0,0.007259621161094598
02_linear,Linear,Gradient Boosting Classifier,0,0,0.013436110588199447
02_linear,Linear,Gradient Boosting Classifier,0,0,0.08625082898611554
02_linear,Linear,Gradient Boosting Classifier,0,0,0.004633214003111143
02_linear,Linear,Gradient Boosting Classifier,0,0,0.036747098657875114
02_linear,Linear,Gradient Boosting Classifier,1,1,0.9978742726550628
02_linear,Linear,Gradient Boosting Classifier,0,0,0.025564501009251075
02_linear,Linear,Gradient Boosting Classifier,1,1,0.9476613993774801
02_linear,Linear,Gradient Boosting Classifier,0,0,0.0016930589043568215
02_linear,Linear,Gradient Boosting Classifier,0,0,0.0036361910719522714
02_linear,Linear,Gradient Boosting Classifier,0,0,0.005029465904917048
02_linear,Linear,Gradient Boosting Classifier,1,1,0.7046426463946747
02_linear,Linear,Gradient Boosting Classifier,0,0,0.0021714049207878323
02_linear,Linear,Gradient Boosting Classifier,1,0,0.04783576596246586
02_linear,Linear,Gradient Boosting Classifier,0,0,0.0622620884559754
02_linear,Linear,Gradient Boosting Classifier,0,0,0.0078521005861889
02_linear,Linear,Gradient Boosting Classifier,1,1,0.9908475774735672
02_linear,Linear,Gradient Boosting Classifier,1,1,0.9949262758844684
02_linear,Linear,Gradient Boosting Classifier,0,0,0.013262677709080104
02_linear,Linear,Gradient Boosting Classifier,0,0,0.00638429572585429
02_linear,Linear,Gradient Boosting Classifier,0,0,0.007263376593348376
02_linear,Linear,Gradient Boosting Classifier,0,0,0.02996089609986973
02_linear,Linear,Gradient Boosting Classifier,0,0,0.0028748141093220374
02_linear,Linear,Gradient Boosting Classifier,0,0,0.03137797203721948
02_linear,Linear,Gradient Boosting Classifier,0,0,0.0033807276291465
02_linear,Linear,Gradient Boosting Classifier,0,0,0.007230601469311891
02_linear,Linear,Gradient Boosting Classifier,0,0,0.0029111432122736615
02_linear,Linear,Gradient Boosting Classifier,0,0,0.016039097746646778
02_linear,Linear,Gradient Boosting Classifier,0,0,0.0037917116205748473
02_linear,Linear,Gradient Boosting Classifier,0,0,0.00838836391002127
02_linear,Linear,Gradient Boosting Classifier,0,0,0.05041057340422611
02_linear,Linear,Gradient Boosting Classifier,0,0,0.005807217708821445
02_linear,Linear,Gradient Boosting Classifier,0,0,0.031229383199763212
02_linear,Linear,Gradient Boosting Classifier,0,0,0.03165203215032394
02_linear,Linear,Gradient Boosting Classifier,0,0,0.003340862162632355
02_linear,Linear,Gradient Boosting Classifier,0,0,0.012221522523552054
02_linear,Linear,Gradient Boosting Classifier,0,0,0.028054734147261957
02_linear,Linear,Gradient Boosting Classifier,1,1,0.9980809133565345
02_linear,Linear,Gradient Boosting Classifier,0,0,0.009988812790165459
02_linear,Linear,Gradient Boosting Classifier,1,1,0.9969809526144525
02_linear,Linear,Gradient Boosting Classifier,0,0,0.002718204391896367
02_linear,Linear,Gradient Boosting Classifier,1,1,0.9959704356574998
02_linear,Linear,Gradient Boosting Classifier,0,0,0.170509927632192
02_linear,Linear,Gradient Boosting Classifier,0,0,0.047830450176534416
02_linear,Linear,Gradient Boosting Classifier,1,1,0.9904442345215254
02_linear,Linear,Gradient Boosting Classifier,0,0,0.005278049675136762
02_linear,Linear,Gradient Boosting Classifier,0,0,0.01536120847674828
02_linear,Linear,Gradient Boosting Classifier,0,0,0.012737814200490648
02_linear,Linear,Gradient Boosting Classifier,0,0,0.09716904726820708
02_linear,Linear,Gradient Boosting Classifier,1,1,0.9944280549284533
02_linear,Linear,Gradient Boosting Classifier,1,1,0.9800603588218523
02_linear,Linear,Gradient Boosting Classifier,0,0,0.02210773659504117
02_linear,Linear,Gradient Boosting Classifier,0,0,0.022033461012687446
02_linear,Linear,Gradient Boosting Classifier,0,0,0.002501493321944223
02_linear,Linear,Gradient Boosting Classifier,1,1,0.9873178849775737
02_linear,Linear,Gradient Boosting Classifier,0,0,0.012638908639638466
02_linear,Linear,Gradient Boosting Classifier,0,0,0.004927358197522383
02_linear,Linear,Gradient Boosting Classifier,1,1,0.9729235665789344
02_linear,Linear,Gradient Boosting Classifier,1,1,0.9958206533511483
02_linear,Linear,Gradient Boosting Classifier,0,0,0.05875102855313956
02_linear,Linear,Gradient Boosting Classifier,0,0,0.004182415664695963
02_linear,Linear,Gradient Boosting Classifier,0,0,0.01191702973546306
02_linear,Linear,Gradient Boosting Classifier,1,1,0.9962186707893528
02_linear,Linear,Gradient Boosting Classifier,0,0,0.005974107344005957
02_linear,Linear,Gradient Boosting Classifier,0,0,0.005228965914287321
02_linear,Linear,Gradient Boosting Classifier,1,1,0.996769410309608
02_linear,Linear,Gradient Boosting Classifier,1,1,0.9944212649233053
02_linear,Linear,Gradient Boosting Classifier,0,0,0.006291864256962187
02_linear,Linear,Gradient Boosting Classifier,0,0,0.03484936332460326
02_linear,Linear,Gradient Boosting Classifier,1,1,0.9943746245814782
02_linear,Linear,Gradient Boosting Classifier,0,0,0.01643839257503351
02_linear,Linear,Gradient Boosting Classifier,1,1,0.9977291550977659
02_linear,Linear,Gradient Boosting Classifier,0,0,0.004940923560161922
02_linear,Linear,Gradient Boosting Classifier,1,1,0.9969573602220726
02_linear,Linear,Gradient Boosting Classifier,0,0,0.0032220110401305
02_linear,Linear,Gradient Boosting Classifier,0,0,0.005807217708821445
02_linear,Linear,Gradient Boosting Classifier,0,0,0.01700316964860202
02_linear,Linear,Gradient Boosting Classifier,0,0,0.005467784368346976
02_linear,Linear,Gradient Boosting Classifier,0,0,0.00467022051833661
02_linear,Linear,Gradient Boosting Classifier,0,0,0.0020947659078444348
02_linear,Linear,Gradient Boosting Classifier,0,0,0.04981140875334287
02_linear,Linear,Gradient Boosting Classifier,1,1,0.996934136463256
02_linear,Linear,Gradient Boosting Classifier,0,0,0.0027150133824166245
02_linear,Linear,Gradient Boosting Classifier,0,0,0.04782042508421434
02_linear,Linear,Gradient Boosting Classifier,0,0,0.07645512325707313
02_linear,Linear,Gradient Boosting Classifier,0,0,0.007348373431199708
02_linear,Linear,Gradient Boosting Classifier,1,1,0.9951665862344528
02_linear,Linear,Gradient Boosting Classifier,1,1,0.9376383143489506
02_linear,Linear,Gradient Boosting Classifier,1,1,0.9978013496071096
02_linear,Linear,Gradient Boosting Classifier,0,0,0.015136874020313697
02_linear,Linear,Gradient Boosting Classifier,0,1,0.6097861031449647
02_linear,Linear,Gradient Boosting Classifier,0,0,0.004722462777606633
02_linear,Linear,Gradient Boosting Classifier,0,0,0.00723637589856068
02_linear,Linear,Gradient Boosting Classifier,0,0,0.010389797725641192
02_linear,Linear,Gradient Boosting Classifier,0,0,0.040207208541546594
02_linear,Linear,Gradient Boosting Classifier,1,1,0.9956947070316144
02_linear,Linear,Gradient Boosting Classifier,0,1,0.8069217856538649
02_linear,Linear,Gradient Boosting Classifier,0,0,0.0016903328929254407
02_linear,Linear,Gradient Boosting Classifier,0,0,0.004140217495073414
02_linear,Linear,Gradient Boosting Classifier,0,0,0.0034272438793213444
02_linear,Linear,Gradient Boosting Classifier,0,0,0.0049423040155824405
02_linear,Linear,Gradient Boosting Classifier,1,1,0.9947674883578774
02_linear,Linear,Gradient Boosting Classifier,1,1,0.9971065705560684
02_linear,Linear,Gradient Boosting Classifier,0,0,0.015173716464532947
02_linear,Linear,Gradient Boosting Classifier,0,0,0.0041892135208076615
02_linear,Linear,Gradient Boosting Classifier,0,0,0.03358106288200366
02_linear,Linear,Gradient Boosting Classifier,0,0,0.005474384389154051
02_linear,Linear,Gradient Boosting Classifier,0,0,0.03432470347070152
02_linear,Linear,Gradient Boosting Classifier,0,0,0.001897125042065377
02_linear,Linear,Gradient Boosting Classifier,0,0,0.06434985532779193
02_linear,Linear,Gradient Boosting Classifier,0,0,0.01748832866763094
02_linear,Linear,Gradient Boosting Classifier,0,0,0.03941844226352472
02_linear,Linear,Gradient Boosting Classifier,0,0,0.0164434171620781
02_linear,Linear,Gradient Boosting Classifier,0,0,0.03459048627154638
02_linear,Linear,Gradient Boosting Classifier,1,1,0.9957309791433725
02_linear,Linear,Gradient Boosting Classifier,0,0,0.053567403892233634
02_linear,Linear,Gradient Boosting Classifier,0,0,0.007018951287429529
02_linear,Linear,Gradient Boosting Classifier,0,0,0.03367964522918081
02_linear,Linear,Gradient Boosting Classifier,1,1,0.9927613972787309
02_linear,Linear,Gradient Boosting Classifier,0,0,0.056006254549110825
02_linear,Linear,Gradient Boosting Classifier,0,0,0.005807217708821445
02_linear,Linear,Gradient Boosting Classifier,1,1,0.994257503330731
02_linear,Linear,Gradient Boosting Classifier,0,0,0.005228965914287321
02_linear,Linear,Gradient Boosting Classifier,1,0,0.3509719691223308
02_linear,Linear,Gradient Boosting Classifier,1,1,0.9227715536094523
02_linear,Linear,Gradient Boosting Classifier,0,0,0.004847710126080437
02_linear,Linear,Gradient Boosting Classifier,1,1,0.5055478970328501
02_linear,Linear,Gradient Boosting Classifier,0,0,0.03432470347070152
02_linear,Linear,Gradient Boosting Classifier,1,1,0.9927497123341514
02_linear,Linear,Gradient Boosting Classifier,0,0,0.003665290680383656
02_linear,Linear,Gradient Boosting Classifier,1,1,0.9943368502259483
02_linear,Linear,Gradient Boosting Classifier,0,0,0.003336268446359447
02_linear,Linear,Gradient Boosting Classifier,1,1,0.9951697754930868
02_linear,Linear,Gradient Boosting Classifier,0,0,0.006177489895221151
02_linear,Linear,Gradient Boosting Classifier,0,0,0.030033098075667404
02_linear,Linear,Gradient Boosting Classifier,0,0,0.01771622201756971
02_linear,Linear,Gradient Boosting Classifier,0,0,0.00815034695582849
02_linear,Linear,Gradient Boosting Classifier,1,1,0.7569107205994787
02_linear,Linear,Gradient Boosting Classifier,0,0,0.004075819726551835
02_linear,Linear,Gradient Boosting Classifier,0,0,0.002986569524893921
02_linear,Linear,Gradient Boosting Classifier,0,0,0.0031783989829149324
02_linear,Linear,Gradient Boosting Classifier,0,0,0.008374276350300112
02_linear,Linear,Gradient Boosting Classifier,1,1,0.9969536430011092
02_linear,Linear,Gradient Boosting Classifier,0,0,0.031481388220763275
02_linear,Linear,Gradient Boosting Classifier,0,0,0.01876444171317735
02_linear,Linear,Gradient Boosting Classifier,0,0,0.0048773527865754755
02_linear,Linear,Gradient Boosting Classifier,0,0,0.02487089166623032
02_linear,Linear,Gradient Boosting Classifier,0,0,0.04332188579176021
02_linear,Linear,Gradient Boosting Classifier,0,0,0.005228965914287321
02_linear,Linear,Gradient Boosting Classifier,0,0,0.005472495028627284
02_linear,Linear,Gradient Boosting Classifier,0,0,0.0028291534909622275
02_linear,Linear,Gradient Boosting Classifier,0,0,0.004141957437201168
02_linear,Linear,Gradient Boosting Classifier,0,0,0.020358332356787582
02_linear,Linear,Gradient Boosting Classifier,1,1,0.9985728535212871
02_linear,Linear,Gradient Boosting Classifier,0,0,0.005508750901960872
02_linear,Linear,Gradient Boosting Classifier,1,1,0.9952954542763822
02_linear,Linear,Gradient Boosting Classifier,0,0,0.026146478273012707
02_linear,Linear,Gradient Boosting Classifier,0,0,0.008123278838926497
02_linear,Linear,Gradient Boosting Classifier,0,0,0.006226501241882315
02_linear,Linear,Gradient Boosting Classifier,0,0,0.017921625494523908
02_linear,Linear,Gradient Boosting Classifier,0,0,0.0022642830190346295
02_linear,Linear,Gradient Boosting Classifier,0,0,0.016678235461929685
02_linear,Linear,Gradient Boosting Classifier,0,0,0.00571862924801312
02_linear,Linear,Gradient Boosting Classifier,0,0,0.013389927982944356
02_linear,Linear,Gradient Boosting Classifier,0,0,0.017856300813499412
02_linear,Linear,Gradient Boosting Classifier,0,0,0.09299210197468208
02_linear,Linear,Gradient Boosting Classifier,0,0,0.006885690429330495
02_linear,Linear,Gradient Boosting Classifier,0,0,0.03616647826469259
02_linear,Linear,Gradient Boosting Classifier,0,0,0.04519870269951296
02_linear,Linear,Gradient Boosting Classifier,0,0,0.0046379478557522
02_linear,Linear,Gradient Boosting Classifier,0,0,0.00592057478653317
02_linear,Linear,Gradient Boosting Classifier,0,0,0.011499294866607467
02_linear,Linear,Gradient Boosting Classifier,1,1,0.7356548702048995
02_linear,Linear,Gradient Boosting Classifier,0,0,0.029015256332899458
02_linear,Linear,Gradient Boosting Classifier,0,0,0.016964811009915565
02_linear,Linear,Gradient Boosting Classifier,0,0,0.007624646082601069
02_linear,Linear,Gradient Boosting Classifier,1,1,0.8283650980892436
02_linear,Linear,Gradient Boosting Classifier,0,0,0.0046967114504470435
02_linear,Linear,Gradient Boosting Classifier,0,0,0.04575223923233476
02_linear,Linear,Gradient Boosting Classifier,0,0,0.01294892998429111
02_linear,Linear,Gradient Boosting Classifier,0,0,0.014118444600419285
02_linear,Linear,Gradient Boosting Classifier,0,0,0.001663076413453318
02_linear,Linear,Gradient Boosting Classifier,1,1,0.9950234197733607
02_linear,Linear,Gradient Boosting Classifier,0,0,0.011717267252965215
02_linear,Linear,Gradient Boosting Classifier,0,0,0.0045300323982930815
02_linear,Linear,Gradient Boosting Classifier,0,0,0.050570176786514084
02_linear,Linear,Gradient Boosting Classifier,0,0,0.0076358482418458305
02_linear,Linear,Gradient Boosting Classifier,0,0,0.004638026618808747
02_linear,Linear,Gradient Boosting Classifier,0,0,0.016137246009927896
02_linear,Linear,Gradient Boosting Classifier,0,0,0.01216945018381767
02_linear,Linear,Gradient Boosting Classifier,0,0,0.003882377457732093
02_linear,Linear,Gradient Boosting Classifier,1,1,0.9813049929503423
02_linear,Linear,Gradient Boosting Classifier,0,0,0.03214144516463419
02_linear,Linear,Gradient Boosting Classifier,1,1,0.975789987887575
02_linear,Linear,Gradient Boosting Classifier,0,0,0.003091991331069721
02_linear,Linear,Gradient Boosting Classifier,0,0,0.002664827537428157
02_linear,Linear,Gradient Boosting Classifier,1,1,0.8492562506326327
02_linear,Linear,Gradient Boosting Classifier,0,0,0.008307486768411315
02_linear,Linear,Gradient Boosting Classifier,0,0,0.02179831692843072
02_linear,Linear,Gradient Boosting Classifier,1,1,0.9706989864255415
02_linear,Linear,Gradient Boosting Classifier,1,1,0.9926988927280835
02_linear,Linear,Gradient Boosting Classifier,1,1,0.9966216729614784
02_linear,Linear,Gradient Boosting Classifier,1,1,0.9756697841505032
02_linear,Linear,Gradient Boosting Classifier,0,0,0.005035836217219654
02_linear,Linear,Gradient Boosting Classifier,0,0,0.007396409860056205
02_linear,Linear,Gradient Boosting Classifier,0,0,0.007673786017123402
02_linear,Linear,Gradient Boosting Classifier,0,0,0.016714699497773208
02_linear,Linear,Gradient Boosting Classifier,0,0,0.005237690264677237
02_linear,Linear,Gradient Boosting Classifier,0,0,0.10181757486922947
02_linear,Linear,Gradient Boosting Classifier,0,1,0.807246826830778
02_linear,Linear,Gradient Boosting Classifier,0,0,0.017949914566718732
02_linear,Linear,Gradient Boosting Classifier,1,1,0.9955913682935311
02_linear,Linear,Gradient Boosting Classifier,1,1,0.9960418245089977
02_linear,Linear,Gradient Boosting Classifier,0,0,0.08420148035393572
02_linear,Linear,Gradient Boosting Classifier,0,0,0.004720660495183202
02_linear,Linear,Gradient Boosting Classifier,0,0,0.007273929608902279
02_linear,Linear,Gradient Boosting Classifier,0,0,0.01240523904976041
02_linear,Linear,Gradient Boosting Classifier,0,0,0.016699195087942167
02_linear,Linear,Gradient Boosting Classifier,0,0,0.0054375182449241805
02_linear,Linear,Gradient Boosting Classifier,0,0,0.04221020534518439
02_linear,Linear,Gradient Boosting Classifier,0,0,0.010963165944622296
02_linear,Linear,Gradient Boosting Classifier,0,0,0.045234409100341176
02_linear,Linear,Gradient Boosting Classifier,0,1,0.5021296958368842
02_linear,Linear,Gradient Boosting Classifier,0,0,0.05223872680474617
02_linear,Linear,Gradient Boosting Classifier,0,0,0.029288363634619216
02_linear,Linear,Gradient Boosting Classifier,0,0,0.0045300323982930815
02_linear,Linear,Gradient Boosting Classifier,1,1,0.9936511059679048
02_linear,Linear,Gradient Boosting Classifier,1,1,0.9486708720831802
02_linear,Linear,Gradient Boosting Classifier,1,1,0.5356767768763884
02_linear,Linear,Gradient Boosting Classifier,0,0,0.004023497244107902
02_linear,Linear,Gradient Boosting Classifier,0,0,0.004059881453380199
02_linear,Linear,Gradient Boosting Classifier,1,1,0.9964083611329674
02_linear,Linear,Gradient Boosting Classifier,0,0,0.14446985138859433
02_linear,Linear,Gradient Boosting Classifier,0,0,0.005269851665490218
02_linear,Linear,Gradient Boosting Classifier,0,0,0.013220611271437355
02_linear,Linear,Gradient Boosting Classifier,0,0,0.0301089051144151
02_linear,Linear,Gradient Boosting Classifier,0,0,0.061837682072015704
02_linear,Linear,Gradient Boosting Classifier,0,0,0.018059161146020606
02_linear,Linear,Gradient Boosting Classifier,1,1,0.9814891236946558
02_linear,Linear,Gradient Boosting Classifier,0,0,0.0041892135208076615
02_linear,Linear,Gradient Boosting Classifier,0,0,0.020573370020651485
02_linear,Linear,Gradient Boosting Classifier,0,0,0.002613589386355316
02_linear,Linear,Gradient Boosting Classifier,0,0,0.01952767488256495
02_linear,Linear,Gradient Boosting Classifier,0,0,0.006336417174847011
02_linear,Linear,Gradient Boosting Classifier,0,0,0.0045300323982930815
02_linear,Linear,Gradient Boosting Classifier,1,1,0.9814891236946558
02_linear,Linear,Gradient Boosting Classifier,1,1,0.9960083653161501
02_linear,Linear,Gradient Boosting Classifier,0,0,0.004158252524441053
02_linear,Linear,Gradient Boosting Classifier,0,0,0.004669461832904601
02_linear,Linear,Gradient Boosting Classifier,0,0,0.012180117978196065
02_linear,Linear,Gradient Boosting Classifier,0,0,0.015524524443939688
02_linear,Linear,Gradient Boosting Classifier,0,0,0.0033311830341353097
02_linear,Linear,Gradient Boosting Classifier,0,0,0.0034748637574626632
02_linear,Linear,Gradient Boosting Classifier,0,0,0.04026599320433375
02_linear,Linear,Gradient Boosting Classifier,1,1,0.9515798031005335
02_linear,Linear,Gradient Boosting Classifier,0,0,0.34499058002774424
02_linear,Linear,Gradient Boosting Classifier,0,0,0.003783855175205988
02_linear,Linear,Gradient Boosting Classifier,0,0,0.004027608248492852
02_linear,Linear,Gradient Boosting Classifier,0,0,0.004373249085013387
02_linear,Linear,Gradient Boosting Classifier,1,1,0.9904828151028525
02_linear,Linear,Gradient Boosting Classifier,1,1,0.9629981299558161
02_linear,Linear,Gradient Boosting Classifier,0,0,0.004359061911329374
02_linear,Linear,Gradient Boosting Classifier,0,0,0.0045300323982930815
02_linear,Linear,Gradient Boosting Classifier,1,1,0.9882623100777626
02_linear,Linear,Gradient Boosting Classifier,0,0,0.032335581756218326
02_linear,Linear,Gradient Boosting Classifier,0,0,0.012103482998463587
02_linear,Linear,Gradient Boosting Classifier,0,0,0.004227471807026487
02_linear,Linear,Gradient Boosting Classifier,0,0,0.026647634767920824
02_linear,Linear,Gradient Boosting Classifier,0,0,0.0050389347917078895
02_linear,Linear,Gradient Boosting Classifier,0,0,0.013138592904364789
02_linear,Linear,Gradient Boosting Classifier,0,1,0.6440412825216323
02_linear,Linear,Gradient Boosting Classifier,1,1,0.9894868372881623
02_linear,Linear,Gradient Boosting Classifier,0,0,0.004315233952870305
02_linear,Linear,Gradient Boosting Classifier,0,0,0.0062934776752754515
02_linear,Linear,Gradient Boosting Classifier,0,0,0.005228965914287321
02_linear,Linear,Gradient Boosting Classifier,0,0,0.035079671650462406
02_linear,Linear,Gradient Boosting Classifier,0,0,0.008104684345443787
02_linear,Linear,Gradient Boosting Classifier,1,1,0.9958197054751848
02_linear,Linear,Gradient Boosting Classifier,0,0,0.0036377147121220664
02_linear,Linear,Gradient Boosting Classifier,0,0,0.0057751734682398685
02_linear,Linear,Gradient Boosting Classifier,1,1,0.9960856138670998
02_linear,Linear,Gradient Boosting Classifier,0,0,0.053014453057634005
02_linear,Linear,Gradient Boosting Classifier,1,1,0.9975328677496427
02_linear,Linear,Gradient Boosting Classifier,1,0,0.12766748512262865
02_linear,Linear,Gradient Boosting Classifier,1,0,0.2321125847489842
02_linear,Linear,Gradient Boosting Classifier,0,0,0.007299449119520456
02_linear,Linear,Gradient Boosting Classifier,1,1,0.9982260631936347
02_linear,Linear,Gradient Boosting Classifier,0,0,0.005807217708821445
02_linear,Linear,Gradient Boosting Classifier,1,1,0.9941029465105495
02_linear,Linear,Gradient Boosting Classifier,0,0,0.005228965914287321
02_linear,Linear,Gradient Boosting Classifier,0,0,0.0022006940119764533
02_linear,Linear,Gradient Boosting Classifier,0,0,0.017140857407533565
02_linear,Linear,Gradient Boosting Classifier,0,0,0.003811863721317084
02_linear,Linear,Gradient Boosting Classifier,0,0,0.006240503602111477
02_linear,Linear,Gradient Boosting Classifier,0,0,0.012708475477042925
02_linear,Linear,Gradient Boosting Classifier,0,0,0.030166171526012763
02_linear,Linear,Gradient Boosting Classifier,0,0,0.013388454533967366
02_linear,Linear,Gradient Boosting Classifier,0,0,0.00946988416719095
02_linear,Linear,Gradient Boosting Classifier,0,0,0.003118283434717443
02_linear,Linear,Gradient Boosting Classifier,0,0,0.007094788438758007
02_linear,Linear,Gradient Boosting Classifier,0,0,0.004148492215462111
02_linear,Linear,Gradient Boosting Classifier,0,0,0.012521834269305756
02_linear,Linear,Gradient Boosting Classifier,1,1,0.9962343863755506
02_linear,Linear,Gradient Boosting Classifier,0,0,0.006283458421956046
02_linear,Linear,Gradient Boosting Classifier,0,0,0.03383075508313
02_linear,Linear,Gradient Boosting Classifier,1,1,0.995827418561303
02_linear,Linear,Gradient Boosting Classifier,0,0,0.025395745129642346
02_linear,Linear,Gradient Boosting Classifier,0,0,0.005201583757623513
02_linear,Linear,Gradient Boosting Classifier,0,0,0.01941214505328023
02_linear,Linear,Gradient Boosting Classifier,1,1,0.9888116715259792
02_linear,Linear,Gradient Boosting Classifier,1,1,0.8208644859313404
02_linear,Linear,Gradient Boosting Classifier,0,0,0.005538029699926401
02_linear,Linear,Gradient Boosting Classifier,0,0,0.01791881683769722
02_linear,Linear,Gradient Boosting Classifier,1,1,0.8155189558634564
02_linear,Linear,Gradient Boosting Classifier,0,0,0.35456392955742466
02_linear,Linear,Gradient Boosting Classifier,0,0,0.006620163647855329
02_linear,Linear,Gradient Boosting Classifier,0,0,0.004683376648360696
02_linear,Linear,Gradient Boosting Classifier,0,0,0.026704621860011202
02_linear,Linear,Gradient Boosting Classifier,1,1,0.9944280549284533
02_linear,Linear,Gradient Boosting Classifier,0,0,0.2545169921582133
02_linear,Linear,Gradient Boosting Classifier,0,0,0.02708421891963125
02_linear,Linear,Gradient Boosting Classifier,0,0,0.45085613078687065
02_linear,Linear,Gradient Boosting Classifier,1,1,0.9950277161524675
02_linear,Linear,Gradient Boosting Classifier,1,1,0.9944280549284533
02_linear,Linear,Gradient Boosting Classifier,0,0,0.012480919373521868
02_linear,Linear,Gradient Boosting Classifier,1,1,0.9875913305435216
02_linear,Linear,Gradient Boosting Classifier,1,1,0.9595453406992146
02_linear,Linear,Gradient Boosting Classifier,0,0,0.005510915759398685
02_linear,Linear,Gradient Boosting Classifier,0,0,0.35456392955742466
02_linear,Linear,Gradient Boosting Classifier,1,1,0.99551643303522
02_linear,Linear,Gradient Boosting Classifier,0,0,0.04017389542486736
02_linear,Linear,Gradient Boosting Classifier,0,0,0.35456392955742466
02_linear,Linear,Gradient Boosting Classifier,0,0,0.053255485535931166
02_linear,Linear,Gradient Boosting Classifier,0,0,0.008199077514809689
02_linear,Linear,Gradient Boosting Classifier,0,0,0.013223485275522315
02_linear,Linear,Gradient Boosting Classifier,0,0,0.019163383207564954
02_linear,Linear,Gradient Boosting Classifier,0,0,0.005997666336174363
02_linear,Linear,Gradient Boosting Classifier,0,0,0.007195777745152856
02_linear,Linear,Gradient Boosting Classifier,0,0,0.17458191952938015
02_linear,Linear,Gradient Boosting Classifier,0,0,0.0021504716482263833
02_linear,Linear,Gradient Boosting Classifier,0,0,0.022970174311522935
02_linear,Linear,Gradient Boosting Classifier,0,0,0.002203963833865095
02_linear,Linear,Gradient Boosting Classifier,0,0,0.0058733328716643425
02_linear,Linear,Gradient Boosting Classifier,1,1,0.9814891236946558
02_linear,Linear,Gradient Boosting Classifier,0,0,0.042492599072114244
02_linear,Linear,Gradient Boosting Classifier,1,1,0.9946818099773158
02_linear,Linear,Gradient Boosting Classifier,0,0,0.005064490621588508
02_linear,Linear,Gradient Boosting Classifier,0,0,0.012679163679874433
02_linear,Linear,Gradient Boosting Classifier,0,0,0.005126106228387021
02_linear,Linear,Gradient Boosting Classifier,0,0,0.0028714771923820316
02_linear,Linear,Gradient Boosting Classifier,0,0,0.025342334565307836
02_linear,Linear,Gradient Boosting Classifier,0,0,0.05263424914985243
02_linear,Linear,Gradient Boosting Classifier,1,1,0.9899834842358051
02_linear,Linear,Gradient Boosting Classifier,0,0,0.021672849901674396
02_linear,Linear,Gradient Boosting Classifier,0,0,0.06171517039743412
02_linear,Linear,Gradient Boosting Classifier,1,1,0.9953187203985756
02_linear,Linear,Gradient Boosting Classifier,0,0,0.025220080044562783
02_linear,Linear,Gradient Boosting Classifier,1,1,0.9952413076747009
02_linear,Linear,Gradient Boosting Classifier,0,0,0.004436375257124393
02_linear,Linear,Gradient Boosting Classifier,0,0,0.005543699017168797
02_linear,Linear,Gradient Boosting Classifier,0,0,0.004232916365430577
02_linear,Linear,Gradient Boosting Classifier,0,0,0.005500700390543302
02_linear,Linear,Gradient Boosting Classifier,0,1,0.7424782084819672
02_linear,Linear,Gradient Boosting Classifier,1,1,0.9867058527104765
02_linear,Linear,Gradient Boosting Classifier,0,0,0.004629307591203105
02_linear,Linear,Gradient Boosting Classifier,0,0,0.0040347847421532594
02_linear,Linear,Gradient Boosting Classifier,1,1,0.9933484680341724
02_linear,Linear,Gradient Boosting Classifier,0,0,0.005126989978124136
02_linear,Linear,Gradient Boosting Classifier,0,0,0.03881432964504277
02_linear,Linear,Gradient Boosting Classifier,0,0,0.004043384749454124
02_linear,Linear,Gradient Boosting Classifier,0,0,0.025249507108419056
02_linear,Linear,Gradient Boosting Classifier,0,0,0.025475602320839213
02_linear,Linear,Gradient Boosting Classifier,1,1,0.9956787070486485
02_linear,Linear,Gradient Boosting Classifier,0,0,0.002735528425430319
02_linear,Linear,Gradient Boosting Classifier,0,0,0.005839666717396645
02_linear,Linear,Gradient Boosting Classifier,1,1,0.9943746245814782
02_linear,Linear,Gradient Boosting Classifier,0,0,0.026827335474985937
02_linear,Linear,Gradient Boosting Classifier,0,0,0.004490342032511805
02_linear,Linear,Gradient Boosting Classifier,0,0,0.005500700390543302
02_linear,Linear,Gradient Boosting Classifier,0,0,0.006108817749546319
02_linear,Linear,Gradient Boosting Classifier,0,0,0.0027389778640354613
02_linear,Linear,Gradient Boosting Classifier,0,0,0.009559361734944167
02_linear,Linear,Gradient Boosting Classifier,1,1,0.9952413076747009
02_linear,Linear,Gradient Boosting Classifier,0,0,0.005501303071419311
02_linear,Linear,Gradient Boosting Classifier,0,0,0.03207632812435116
02_linear,Linear,Gradient Boosting Classifier,0,0,0.06863110627223887
02_linear,Linear,Gradient Boosting Classifier,0,0,0.007895338136182137
02_linear,Linear,Gradient Boosting Classifier,0,0,0.003123253319602079
02_linear,Linear,Gradient Boosting Classifier,1,1,0.9854406469450449
02_linear,Linear,Gradient Boosting Classifier,1,1,0.9947674883578774
02_linear,Linear,Gradient Boosting Classifier,1,1,0.9949192303105027
02_linear,Linear,Gradient Boosting Classifier,0,0,0.004618152319571332
02_linear,Linear,Gradient Boosting Classifier,0,0,0.006788867742979697
02_linear,Linear,Gradient Boosting Classifier,1,1,0.9956065293769243
02_linear,Linear,Gradient Boosting Classifier,0,0,0.011562530099165956
02_linear,Linear,Gradient Boosting Classifier,0,0,0.0604593333804001
02_linear,Linear,Gradient Boosting Classifier,0,0,0.0030988988146887016
02_linear,Linear,Gradient Boosting Classifier,0,0,0.005274568060501125
02_linear,Linear,Gradient Boosting Classifier,0,0,0.004795338298270536
02_linear,Linear,Gradient Boosting Classifier,0,0,0.026280922528995408
02_linear,Linear,Gradient Boosting Classifier,0,0,0.002528875403879453
02_linear,Linear,Gradient Boosting Classifier,1,1,0.9969573602220726
02_linear,Linear,Gradient Boosting Classifier,0,0,0.004344219243627136
02_linear,Linear,Gradient Boosting Classifier,0,0,0.0046084611306139115
02_linear,Linear,Gradient Boosting Classifier,0,0,0.004059881453380199
02_linear,Linear,Gradient Boosting Classifier,0,0,0.02317312030610124
02_linear,Linear,Gradient Boosting Classifier,1,1,0.9951630764127636
02_linear,Linear,Gradient Boosting Classifier,1,1,0.9848471721299435
02_linear,Linear,Gradient Boosting Classifier,0,0,0.0074349917513202406
02_linear,Linear,Gradient Boosting Classifier,1,1,0.9980289864924788
02_linear,Linear,Gradient Boosting Classifier,0,0,0.018991847567227924
02_linear,Linear,Gradient Boosting Classifier,0,0,0.0046967114504470435
02_linear,Linear,Gradient Boosting Classifier,0,0,0.06593356276646928
02_linear,Linear,Gradient Boosting Classifier,0,0,0.005252582019124731
02_linear,Linear,Gradient Boosting Classifier,0,0,0.004706812890560691
02_linear,Linear,Gradient Boosting Classifier,0,0,0.009340980624917533
02_linear,Linear,Gradient Boosting Classifier,1,1,0.997403045517225
02_linear,Linear,Gradient Boosting Classifier,0,0,0.2402586278873607
02_linear,Linear,Gradient Boosting Classifier,0,0,0.14225168018372503
02_linear,Linear,Gradient Boosting Classifier,0,0,0.06091421456961919
02_linear,Linear,Gradient Boosting Classifier,1,1,0.9956139567411669
02_linear,Linear,Gradient Boosting Classifier,0,0,0.005433878987781864
02_linear,Linear,Gradient Boosting Classifier,0,1,0.6089779993340051
02_linear,Linear,Gradient Boosting Classifier,0,0,0.0035966572967014716
02_linear,Linear,Gradient Boosting Classifier,0,0,0.008363922502995811
02_linear,Linear,Gradient Boosting Classifier,1,1,0.9956170715379958
02_linear,Linear,Gradient Boosting Classifier,0,0,0.04744127038588854
02_linear,Linear,Gradient Boosting Classifier,1,1,0.995117951383238
02_linear,Linear,Gradient Boosting Classifier,1,1,0.9960636701549161
02_linear,Linear,Gradient Boosting Classifier,0,0,0.00831532804905332
02_linear,Linear,Gradient Boosting Classifier,0,0,0.0059378631972696145
02_linear,Linear,Gradient Boosting Classifier,0,0,0.006108817749546319
02_linear,Linear,Gradient Boosting Classifier,0,0,0.006108817749546319
02_linear,Linear,Gradient Boosting Classifier,0,0,0.014080514741623204
02_linear,Linear,Gradient Boosting Classifier,0,0,0.007094788438758007
02_linear,Linear,Gradient Boosting Classifier,1,1,0.9610137979258045
02_linear,Linear,Gradient Boosting Classifier,0,0,0.008561590637622704
02_linear,Linear,Gradient Boosting Classifier,0,0,0.011721798901924497
02_linear,Linear,Gradient Boosting Classifier,0,0,0.005453141426141069
02_linear,Linear,Gradient Boosting Classifier,0,0,0.038729038432318126
02_linear,Linear,Gradient Boosting Classifier,0,0,0.004226253495796891
02_linear,Linear,Gradient Boosting Classifier,0,0,0.027009804567277213
02_linear,Linear,Gradient Boosting Classifier,0,0,0.0066182784121180845
02_linear,Linear,Gradient Boosting Classifier,0,0,0.004590845619583963
02_linear,Linear,Gradient Boosting Classifier,0,0,0.005593274805003053
02_linear,Linear,Gradient Boosting Classifier,0,0,0.007094788438758007
02_linear,Linear,Gradient Boosting Classifier,1,1,0.9973790602070612
02_linear,Linear,Gradient Boosting Classifier,0,0,0.0039319082467588464
02_linear,Linear,Gradient Boosting Classifier,0,0,0.024531102783119495
02_linear,Linear,Gradient Boosting Classifier,0,0,0.03871020586267822
02_linear,Linear,Gradient Boosting Classifier,0,0,0.008190824952260155
02_linear,Linear,Gradient Boosting Classifier,0,0,0.0033359845603601825
02_linear,Linear,Gradient Boosting Classifier,0,0,0.006402929576179736
02_linear,Linear,Gradient Boosting Classifier,0,0,0.009586123548560406
02_linear,Linear,Gradient Boosting Classifier,0,0,0.004344538052589393
02_linear,Linear,Gradient Boosting Classifier,0,0,0.04585195269200674
02_linear,Linear,Gradient Boosting Classifier,1,1,0.9962418151235403
02_linear,Linear,Gradient Boosting Classifier,0,0,0.0019635250690443326
02_linear,Linear,Gradient Boosting Classifier,1,1,0.9949324543616007
02_linear,Linear,Gradient Boosting Classifier,1,1,0.9963089633813395
02_linear,Linear,Gradient Boosting Classifier,0,0,0.02729165006566384
02_linear,Linear,Gradient Boosting Classifier,0,0,0.01320501691831236
02_linear,Linear,Gradient Boosting Classifier,0,0,0.005895130419792709
02_linear,Linear,Gradient Boosting Classifier,0,0,0.015185296067071334
02_linear,Linear,Gradient Boosting Classifier,0,0,0.00968737076175541
02_linear,Linear,Gradient Boosting Classifier,0,0,0.0033899417664667144
02_linear,Linear,Gradient Boosting Classifier,1,1,0.9981012554461349
02_linear,Linear,Gradient Boosting Classifier,0,0,0.0016903328929254407
02_linear,Linear,Gradient Boosting Classifier,0,0,0.02375865334960596
02_linear,Linear,Gradient Boosting Classifier,0,0,0.005807217708821445
02_linear,Linear,Gradient Boosting Classifier,1,1,0.9760574777461369
02_linear,Linear,Gradient Boosting Classifier,0,0,0.03954718773477135
02_linear,Linear,Gradient Boosting Classifier,0,0,0.03604582138107822
02_linear,Linear,Gradient Boosting Classifier,0,0,0.015284512223568612
02_linear,Linear,Gradient Boosting Classifier,0,0,0.00560213951196986
02_linear,Linear,Gradient Boosting Classifier,0,0,0.00362298213880091
02_linear,Linear,Gradient Boosting Classifier,0,0,0.005173162613316683
02_linear,Linear,Gradient Boosting Classifier,0,0,0.0042480745464346025
02_linear,Linear,Gradient Boosting Classifier,0,0,0.0030447780944586026
02_linear,Linear,Gradient Boosting Classifier,0,0,0.002917251571298183
02_linear,Linear,Gradient Boosting Classifier,0,0,0.011909715239319264
02_linear,Linear,Gradient Boosting Classifier,0,0,0.0430939978813067
02_linear,Linear,Gradient Boosting Classifier,0,0,0.005720028273444899
02_linear,Linear,Gradient Boosting Classifier,0,0,0.008147778051124674
02_linear,Linear,Gradient Boosting Classifier,0,0,0.010204117576520491
02_linear,Linear,Gradient Boosting Classifier,0,0,0.021672849901674396
02_linear,Linear,Gradient Boosting Classifier,0,0,0.02670334698636752
02_linear,Linear,Gradient Boosting Classifier,0,0,0.011960582522971594
02_linear,Linear,Gradient Boosting Classifier,0,0,0.30391091805815496
02_linear,Linear,Gradient Boosting Classifier,0,0,0.012315243663737718
02_linear,Linear,Gradient Boosting Classifier,0,0,0.0017033583424004687
02_linear,Linear,Gradient Boosting Classifier,0,0,0.006155427404043204
02_linear,Linear,Gradient Boosting Classifier,0,0,0.04598287786513597
02_linear,Linear,Gradient Boosting Classifier,0,0,0.08244533603955706
02_linear,Linear,Gradient Boosting Classifier,1,1,0.9943746245814782
02_linear,Linear,Gradient Boosting Classifier,1,1,0.996538849986984
02_linear,Linear,Gradient Boosting Classifier,0,0,0.0027324266884955406
02_linear,Linear,Gradient Boosting Classifier,0,0,0.018484912492235727
02_linear,Linear,Gradient Boosting Classifier,0,0,0.0035255198249805808
02_linear,Linear,Gradient Boosting Classifier,0,0,0.006932171482659672
02_linear,Linear,Gradient Boosting Classifier,1,1,0.9944280549284533
02_linear,Linear,Gradient Boosting Classifier,0,0,0.0054375182449241805
02_linear,Linear,Gradient Boosting Classifier,0,0,0.003266872361862975
02_linear,Linear,Gradient Boosting Classifier,0,0,0.042328354101921414
02_linear,Linear,Gradient Boosting Classifier,0,0,0.3334267932686095
02_linear,Linear,Gradient Boosting Classifier,0,0,0.01450706994942411
02_linear,Linear,Gradient Boosting Classifier,0,0,0.004259173879623168
02_linear,Linear,Gradient Boosting Classifier,1,1,0.9317897197013518
02_linear,Linear,Gradient Boosting Classifier,0,0,0.008851892836330987
02_linear,Linear,Gradient Boosting Classifier,0,0,0.0034817222562916837
02_linear,Linear,Gradient Boosting Classifier,0,0,0.010528065857068687
02_linear,Linear,Gradient Boosting Classifier,1,1,0.736492245814242
02_linear,Linear,Gradient Boosting Classifier,0,0,0.05093076286166705
02_linear,Linear,Gradient Boosting Classifier,0,0,0.03432470347070152
02_linear,Linear,Gradient Boosting Classifier,0,0,0.0034744118168336825
02_linear,Linear,Gradient Boosting Classifier,0,0,0.003997579008813992
02_linear,Linear,Gradient Boosting Classifier,0,0,0.053057609020464004
02_linear,Linear,Gradient Boosting Classifier,1,1,0.9922396286352213
02_linear,Linear,Gradient Boosting Classifier,1,1,0.9898734609471275
02_linear,Linear,Gradient Boosting Classifier,0,0,0.01711266964658031
02_linear,Linear,Gradient Boosting Classifier,1,1,0.9949027568032085
02_linear,Linear,Gradient Boosting Classifier,0,0,0.06493135669115403
02_linear,Linear,Gradient Boosting Classifier,0,0,0.0053930811354016275
02_linear,Linear,Gradient Boosting Classifier,0,0,0.012788680851833475
02_linear,Linear,Gradient Boosting Classifier,0,0,0.0034410283854954377
02_linear,Linear,Gradient Boosting Classifier,0,0,0.0037243326615860497
02_linear,Linear,Gradient Boosting Classifier,0,0,0.005331096024448067
02_linear,Linear,Gradient Boosting Classifier,0,0,0.012298007861039809
02_linear,Linear,Gradient Boosting Classifier,1,1,0.9897145193195614
02_linear,Linear,Gradient Boosting Classifier,0,0,0.00430093876589543
02_linear,Linear,Gradient Boosting Classifier,0,0,0.004264965414871255
02_linear,Linear,Gradient Boosting Classifier,0,0,0.0026618258333231185
02_linear,Linear,Gradient Boosting Classifier,0,0,0.005827852101629334
02_linear,Linear,Gradient Boosting Classifier,0,0,0.027587887850003524
02_linear,Linear,Gradient Boosting Classifier,0,0,0.034725892577198804
02_linear,Linear,Gradient Boosting Classifier,0,0,0.0024895374525631614
02_linear,Linear,Gradient Boosting Classifier,0,0,0.006080164645280715
02_linear,Linear,Gradient Boosting Classifier,0,0,0.016501708303359917
02_linear,Linear,Gradient Boosting Classifier,0,0,0.035630818121450254
02_linear,Linear,Gradient Boosting Classifier,0,0,0.007333110921950067
02_linear,Linear,Gradient Boosting Classifier,0,0,0.005331096024448067
02_linear,Linear,Gradient Boosting Classifier,0,0,0.005948110170803693
02_linear,Linear,Gradient Boosting Classifier,1,1,0.9973691392769021
02_linear,Linear,Gradient Boosting Classifier,1,0,0.24990486340997373
02_linear,Linear,Gradient Boosting Classifier,0,0,0.0034866141424484145
02_linear,Linear,Gradient Boosting Classifier,1,1,0.9942260891153945
02_linear,Linear,Gradient Boosting Classifier,0,0,0.0046967114504470435
02_linear,Linear,Gradient Boosting Classifier,0,0,0.004689127813319468
02_linear,Linear,Gradient Boosting Classifier,0,0,0.0060009129909421935
02_linear,Linear,Gradient Boosting Classifier,0,0,0.005807217708821445
02_linear,Linear,Gradient Boosting Classifier,0,0,0.003099114457215175
02_linear,Linear,Gradient Boosting Classifier,0,0,0.03314596936573075
02_linear,Linear,Gradient Boosting Classifier,1,1,0.9958913035969179
02_linear,Linear,Gradient Boosting Classifier,0,0,0.008348491257323228
02_linear,Linear,Gradient Boosting Classifier,0,0,0.0037883737317707185
02_linear,Linear,Gradient Boosting Classifier,1,1,0.9977291550977659
02_linear,Linear,Gradient Boosting Classifier,1,1,0.9808241847152163
02_linear,Linear,Gradient Boosting Classifier,0,0,0.004059881453380199
02_linear,Linear,Gradient Boosting Classifier,0,0,0.008942690363682932
02_linear,Linear,Gradient Boosting Classifier,1,1,0.9966538324509243
02_linear,Linear,Gradient Boosting Classifier,1,1,0.9940822089863276
02_linear,Linear,Gradient Boosting Classifier,1,1,0.9884330188661969
02_linear,Linear,Gradient Boosting Classifier,0,0,0.003964885318605903
02_linear,Linear,Gradient Boosting Classifier,0,0,0.005978776281844574
02_linear,Linear,Gradient Boosting Classifier,0,0,0.002366401073236395
02_linear,Linear,Gradient Boosting Classifier,0,0,0.016425354433303303
02_linear,Linear,Gradient Boosting Classifier,0,1,0.9453389216843914
02_linear,Linear,Gradient Boosting Classifier,0,0,0.006744840128479382
02_linear,Linear,Gradient Boosting Classifier,0,0,0.011748519670415706
02_linear,Linear,Gradient Boosting Classifier,1,1,0.7731940863050841
02_linear,Linear,Gradient Boosting Classifier,0,0,0.007428122351422542
02_linear,Linear,Gradient Boosting Classifier,0,0,0.007085547880467516
02_linear,Linear,Gradient Boosting Classifier,1,1,0.9952116161226318
02_linear,Linear,Gradient Boosting Classifier,0,0,0.004232916365430577
02_linear,Linear,Gradient Boosting Classifier,0,0,0.005383321576984513
02_linear,Linear,Gradient Boosting Classifier,0,0,0.008900829353872874
02_linear,Linear,Gradient Boosting Classifier,1,1,0.9959729945854124
02_linear,Linear,Gradient Boosting Classifier,0,0,0.005628215909454918
02_linear,Linear,Gradient Boosting Classifier,1,0,0.24651363369479515
02_linear,Linear,Gradient Boosting Classifier,0,0,0.020069031820289306
02_linear,Linear,Gradient Boosting Classifier,0,0,0.0020876278904702204
02_linear,Linear,Gradient Boosting Classifier,0,0,0.011091765581819008
02_linear,Linear,Gradient Boosting Classifier,0,0,0.005228965914287321
02_linear,Linear,Gradient Boosting Classifier,1,1,0.9861927174094477
02_linear,Linear,Gradient Boosting Classifier,0,0,0.006858382542431107
02_linear,Linear,Gradient Boosting Classifier,0,0,0.016816320834272917
02_linear,Linear,Gradient Boosting Classifier,0,0,0.02745856107491214
02_linear,Linear,Gradient Boosting Classifier,0,0,0.020065066695921528
02_linear,Linear,Gradient Boosting Classifier,1,1,0.9970624257466139
02_linear,Linear,Gradient Boosting Classifier,1,1,0.9952329431470778
02_linear,Linear,Gradient Boosting Classifier,0,0,0.018739136337498456
02_linear,Linear,Gradient Boosting Classifier,1,1,0.9978705262532207
02_linear,Linear,Gradient Boosting Classifier,0,0,0.004014078408823548
02_linear,Linear,Gradient Boosting Classifier,0,0,0.005258972477887634
02_linear,Linear,Gradient Boosting Classifier,1,1,0.9894868372881623
02_linear,Linear,Gradient Boosting Classifier,0,0,0.004343368852439041
02_linear,Linear,Gradient Boosting Classifier,0,0,0.005627083328443104
02_linear,Linear,Gradient Boosting Classifier,0,0,0.011948579642712983
02_linear,Linear,Gradient Boosting Classifier,1,1,0.9947683182838811
02_linear,Linear,Gradient Boosting Classifier,0,0,0.03732075244520691
02_linear,Linear,Gradient Boosting Classifier,0,0,0.02303027880134379
02_linear,Linear,Gradient Boosting Classifier,0,0,0.00802773235954305
02_linear,Linear,Gradient Boosting Classifier,0,0,0.0039262945058509725
02_linear,Linear,Gradient Boosting Classifier,0,0,0.00374858810158044
02_linear,Linear,Gradient Boosting Classifier,1,1,0.9966760038117873
02_linear,Linear,Gradient Boosting Classifier,0,0,0.005490313923298976
02_linear,Linear,Gradient Boosting Classifier,0,0,0.0021936618683200608
02_linear,Linear,Gradient Boosting Classifier,0,0,0.008218596868245146
02_linear,Linear,Gradient Boosting Classifier,0,0,0.003949583076994808
02_linear,Linear,Gradient Boosting Classifier,0,0,0.004524363884100365
02_linear,Linear,Gradient Boosting Classifier,0,0,0.0038450929895277796
02_linear,Linear,Gradient Boosting Classifier,0,0,0.00923509191182938
02_linear,Linear,Gradient Boosting Classifier,0,0,0.010053559198958355
02_linear,Linear,Gradient Boosting Classifier,0,0,0.05540988605343615
02_linear,Linear,Gradient Boosting Classifier,1,1,0.9884444869500273
02_linear,Linear,Gradient Boosting Classifier,0,0,0.0368028405036119
02_linear,Linear,Gradient Boosting Classifier,0,0,0.0032995173840084323
02_linear,Linear,Gradient Boosting Classifier,0,0,0.003225864849620365
02_linear,Linear,Gradient Boosting Classifier,0,0,0.007735420076651124
02_linear,Linear,Gradient Boosting Classifier,0,0,0.007610682757336977
02_linear,Linear,Gradient Boosting Classifier,1,1,0.9498422658851017
02_linear,Linear,Gradient Boosting Classifier,1,1,0.9951346600469544
02_linear,Linear,Gradient Boosting Classifier,0,0,0.004715814332055812
02_linear,Linear,Gradient Boosting Classifier,1,1,0.9963560912966967
02_linear,Linear,Gradient Boosting Classifier,0,0,0.004365690304939815
02_linear,Linear,Gradient Boosting Classifier,0,0,0.002612344961513321
02_linear,Linear,Gradient Boosting Classifier,1,1,0.9967882026906897
02_linear,Linear,Gradient Boosting Classifier,0,0,0.018062473180194417
02_linear,Linear,Gradient Boosting Classifier,1,1,0.9974909747957111
02_linear,Linear,Gradient Boosting Classifier,1,1,0.9935233536964846
02_linear,Linear,Gradient Boosting Classifier,0,0,0.030480593951138803
02_linear,Linear,Gradient Boosting Classifier,0,0,0.017902566956824458
02_linear,Linear,Gradient Boosting Classifier,0,0,0.030486634668044826
02_linear,Linear,Gradient Boosting Classifier,0,0,0.0039116553679253135
02_linear,Linear,Gradient Boosting Classifier,0,0,0.0045300323982930815
02_linear,Linear,Gradient Boosting Classifier,0,0,0.0034433294202189137
02_linear,Linear,Gradient Boosting Classifier,0,0,0.015350677916798667
02_linear,Linear,Gradient Boosting Classifier,0,0,0.11034690593906026
02_linear,Linear,Gradient Boosting Classifier,1,1,0.9959729945854124
02_linear,Linear,Gradient Boosting Classifier,0,0,0.0031138509657180733
02_linear,Linear,Gradient Boosting Classifier,0,0,0.0017543427263666278
02_linear,Linear,Gradient Boosting Classifier,0,0,0.018848502050645
02_linear,Linear,Gradient Boosting Classifier,0,0,0.022708185439421633
02_linear,Linear,Gradient Boosting Classifier,0,0,0.010961759826618542
02_linear,Linear,Gradient Boosting Classifier,1,1,0.9980411778080173
02_linear,Linear,Gradient Boosting Classifier,0,0,0.018383355768087205
02_linear,Linear,Gradient Boosting Classifier,0,0,0.012911837981751627
02_linear,Linear,Gradient Boosting Classifier,0,0,0.010573017203622663
02_linear,Linear,Gradient Boosting Classifier,0,0,0.043127476789741354
02_linear,Linear,Gradient Boosting Classifier,0,0,0.0033075336480162896
02_linear,Linear,Gradient Boosting Classifier,0,0,0.0026886468054982903
02_linear,Linear,Gradient Boosting Classifier,1,1,0.985249113550928
02_linear,Linear,Gradient Boosting Classifier,0,0,0.05228196210778299
02_linear,Linear,Gradient Boosting Classifier,1,1,0.997483147926248
02_linear,Linear,Gradient Boosting Classifier,1,1,0.9948428924449016
02_linear,Linear,Gradient Boosting Classifier,1,1,0.9949262758844684
02_linear,Linear,Gradient Boosting Classifier,1,1,0.9962186707893528
02_linear,Linear,Gradient Boosting Classifier,0,0,0.00852123722024001
02_linear,Linear,Gradient Boosting Classifier,1,1,0.9879553620419449
02_linear,Linear,Gradient Boosting Classifier,1,1,0.9964086573745777
02_linear,Linear,Gradient Boosting Classifier,0,0,0.007785857437910298
02_linear,Linear,Gradient Boosting Classifier,0,0,0.00506820089849304
02_linear,Linear,Gradient Boosting Classifier,0,0,0.006876373036783153
02_linear,Linear,Gradient Boosting Classifier,0,0,0.007066980816548267
02_linear,Linear,Gradient Boosting Classifier,1,1,0.9865732160536632
02_linear,Linear,Gradient Boosting Classifier,0,0,0.016063987573157853
02_linear,Linear,Gradient Boosting Classifier,0,0,0.0030894847806808836
02_linear,Linear,Gradient Boosting Classifier,0,0,0.011584065650864084
02_linear,Linear,Gradient Boosting Classifier,0,0,0.0040149473438969826
02_linear,Linear,Gradient Boosting Classifier,0,0,0.0060346538856318665
02_linear,Linear,Gradient Boosting Classifier,0,0,0.0054219438308910585
02_linear,Linear,Gradient Boosting Classifier,1,1,0.9980009959311139
02_linear,Linear,Gradient Boosting Classifier,0,0,0.04586531864413719
02_linear,Linear,Gradient Boosting Classifier,1,1,0.9952754784820254
02_linear,Linear,Gradient Boosting Classifier,0,0,0.006069178042219621
02_linear,Linear,Gradient Boosting Classifier,0,0,0.005154749176907079
02_linear,Linear,Gradient Boosting Classifier,0,0,0.011521465919106914
02_linear,Linear,Gradient Boosting Classifier,0,0,0.169795564433684
02_linear,Linear,Gradient Boosting Classifier,1,1,0.8882980784485899
02_linear,Linear,Gradient Boosting Classifier,0,0,0.004095782609994674
02_linear,Linear,Gradient Boosting Classifier,0,0,0.0035088474115797844
02_linear,Linear,Gradient Boosting Classifier,1,1,0.9950965285813523
02_linear,Linear,Gradient Boosting Classifier,1,1,0.9958417601672725
02_linear,Linear,Gradient Boosting Classifier,0,0,0.002008834309495315
02_linear,Linear,Gradient Boosting Classifier,0,0,0.005466263569077093
02_linear,Linear,Gradient Boosting Classifier,1,1,0.9537639700800028
02_linear,Linear,Gradient Boosting Classifier,0,0,0.01856134615336659
02_linear,Linear,Gradient Boosting Classifier,0,0,0.005488743924717589
02_linear,Linear,Gradient Boosting Classifier,0,0,0.037071948137472895
02_linear,Linear,Gradient Boosting Classifier,0,0,0.019903697299555878
02_linear,Linear,Gradient Boosting Classifier,1,1,0.918582236290991
02_linear,Linear,Gradient Boosting Classifier,0,0,0.02121644269027072
02_linear,Linear,Gradient Boosting Classifier,0,0,0.02744236889139685
02_linear,Linear,Gradient Boosting Classifier,0,0,0.017537335592964328
02_linear,Linear,Gradient Boosting Classifier,0,0,0.02021414239670079
02_linear,Linear,Gradient Boosting Classifier,0,0,0.0054375182449241805
02_linear,Linear,Gradient Boosting Classifier,0,0,0.004460763365455989
02_linear,Linear,Gradient Boosting Classifier,1,1,0.5245064516144764
02_linear,Linear,Gradient Boosting Classifier,0,0,0.003577927486483323
02_linear,Linear,Gradient Boosting Classifier,0,0,0.0038962698299380726
02_linear,Linear,Gradient Boosting Classifier,1,1,0.9879329411737966
02_linear,Linear,Gradient Boosting Classifier,1,1,0.9489239365362349
02_linear,Linear,Gradient Boosting Classifier,0,0,0.031415475223935674
02_linear,Linear,Gradient Boosting Classifier,0,0,0.002229733642340243
02_linear,Linear,Gradient Boosting Classifier,1,1,0.9961181130737856
02_linear,Linear,Gradient Boosting Classifier,0,0,0.00424606760643163
02_linear,Linear,Gradient Boosting Classifier,1,1,0.985249113550928
02_linear,Linear,Gradient Boosting Classifier,0,0,0.014388558602010345
02_linear,Linear,Gradient Boosting Classifier,1,1,0.9823981741580236
02_linear,Linear,Gradient Boosting Classifier,0,0,0.004382356705756545
02_linear,Linear,Gradient Boosting Classifier,0,0,0.06624509845040778
02_linear,Linear,Gradient Boosting Classifier,0,0,0.009456459380902277
02_linear,Linear,Gradient Boosting Classifier,1,1,0.9966538324509243
02_linear,Linear,Gradient Boosting Classifier,0,0,0.004552340094917515
02_linear,Linear,Gradient Boosting Classifier,0,0,0.004984321269817307
02_linear,Linear,Gradient Boosting Classifier,1,1,0.8718017988655671
02_linear,Linear,Gradient Boosting Classifier,0,0,0.011553193805130764
02_linear,Linear,Gradient Boosting Classifier,0,0,0.007544726120116985
02_linear,Linear,Gradient Boosting Classifier,0,0,0.010137600265600158
02_linear,Linear,Gradient Boosting Classifier,0,0,0.004842423628978781
02_linear,Linear,Gradient Boosting Classifier,1,1,0.9975159721649522
02_linear,Linear,Gradient Boosting Classifier,1,1,0.9219230087217172
02_linear,Linear,Gradient Boosting Classifier,0,0,0.027374859062808187
02_linear,Linear,Gradient Boosting Classifier,0,0,0.047390218293011356
02_linear,Linear,Gradient Boosting Classifier,0,0,0.005030514041274735
02_linear,Linear,Gradient Boosting Classifier,0,0,0.012739949906282183
02_linear,Linear,Gradient Boosting Classifier,0,0,0.006226501241882315
02_linear,Linear,Gradient Boosting Classifier,0,0,0.09628726774355159
02_linear,Linear,Gradient Boosting Classifier,1,1,0.9962932772369859
02_linear,Linear,Gradient Boosting Classifier,1,1,0.9960561158353841
02_linear,Linear,Gradient Boosting Classifier,1,1,0.9708490212374167
02_linear,Linear,Gradient Boosting Classifier,0,0,0.043777138340195
02_linear,Linear,Gradient Boosting Classifier,0,0,0.021151688720765466
02_linear,Linear,Gradient Boosting Classifier,1,1,0.993418505589753
02_linear,Linear,Gradient Boosting Classifier,0,0,0.00403941980223356
02_linear,Linear,Gradient Boosting Classifier,0,0,0.015738776861745456
02_linear,Linear,Gradient Boosting Classifier,0,0,0.0038865891639385556
02_linear,Linear,Gradient Boosting Classifier,0,0,0.0037293720687702485
02_linear,Linear,Gradient Boosting Classifier,1,1,0.9969573602220726
02_linear,Linear,Gradient Boosting Classifier,0,0,0.005147502474240741
02_linear,Linear,Gradient Boosting Classifier,0,0,0.0038419141308828337
02_linear,Linear,Gradient Boosting Classifier,1,1,0.9966538324509243
02_linear,Linear,Gradient Boosting Classifier,0,0,0.003634835154631251
02_linear,Linear,Gradient Boosting Classifier,0,0,0.005074042667459476
02_linear,Linear,Gradient Boosting Classifier,0,0,0.014960768495469576
02_linear,Linear,Gradient Boosting Classifier,0,0,0.03381979186665959
02_linear,Linear,Gradient Boosting Classifier,1,1,0.9973735768850442
02_linear,Linear,Gradient Boosting Classifier,0,0,0.0176504437205747
02_linear,Linear,Gradient Boosting Classifier,0,0,0.007233062041902175
02_linear,Linear,Gradient Boosting Classifier,0,0,0.02744236889139685
02_linear,Linear,Gradient Boosting Classifier,0,0,0.006126788764015086
02_linear,Linear,Gradient Boosting Classifier,0,0,0.020018962219513794
02_linear,Linear,Gradient Boosting Classifier,0,0,0.05537119792671322
02_linear,Linear,Gradient Boosting Classifier,0,0,0.0048773527865754755
02_linear,Linear,Gradient Boosting Classifier,0,0,0.013406508358383674
02_linear,Linear,Gradient Boosting Classifier,0,0,0.013647297856507232
02_linear,Linear,Gradient Boosting Classifier,1,1,0.9970541442737986
02_linear,Linear,Gradient Boosting Classifier,0,0,0.004494979490235677
02_linear,Linear,Gradient Boosting Classifier,1,1,0.9959602277127333
02_linear,Linear,Gradient Boosting Classifier,0,0,0.004869329544962753
02_linear,Linear,Gradient Boosting Classifier,0,0,0.004855402556047542
02_linear,Linear,Gradient Boosting Classifier,1,1,0.9921999675396735
02_linear,Linear,Gradient Boosting Classifier,1,1,0.8808294067824092
02_linear,Linear,Gradient Boosting Classifier,1,1,0.9961877861213967
02_linear,Linear,Gradient Boosting Classifier,0,0,0.003954854964059626
02_linear,Linear,Gradient Boosting Classifier,0,1,0.7374981428710107
02_linear,Linear,Gradient Boosting Classifier,0,0,0.02771904608615807
02_linear,Linear,Gradient Boosting Classifier,0,0,0.005248989367700314
02_linear,Linear,Gradient Boosting Classifier,0,0,0.022172251637549056
02_linear,Linear,Gradient Boosting Classifier,0,0,0.019109350329536045
02_linear,Linear,Gradient Boosting Classifier,0,0,0.022231541601335357
02_linear,Linear,Gradient Boosting Classifier,0,0,0.005807217708821445
02_linear,Linear,Gradient Boosting Classifier,0,0,0.00257880185446237
02_linear,Linear,Gradient Boosting Classifier,0,0,0.0036613444308703875
02_linear,Linear,Gradient Boosting Classifier,0,0,0.0012540062015234021
02_linear,Linear,Gradient Boosting Classifier,0,0,0.0064749940661758
02_linear,Linear,Gradient Boosting Classifier,0,0,0.0032840289599085073
02_linear,Linear,Gradient Boosting Classifier,1,1,0.8590758195874693
02_linear,Linear,Gradient Boosting Classifier,1,1,0.9940052015184554
02_linear,Linear,Gradient Boosting Classifier,0,0,0.008879137180615646
02_linear,Linear,Gradient Boosting Classifier,0,0,0.009381800933992693
02_linear,Linear,Gradient Boosting Classifier,0,0,0.35456392955742466
02_linear,Linear,Gradient Boosting Classifier,0,0,0.0035786432484199984
02_linear,Linear,Gradient Boosting Classifier,0,0,0.008764311249406851
02_linear,Linear,Gradient Boosting Classifier,1,1,0.994853066592709
02_linear,Linear,Gradient Boosting Classifier,1,1,0.9958417601672725
02_linear,Linear,Gradient Boosting Classifier,0,0,0.006705996245206092
02_linear,Linear,Gradient Boosting Classifier,0,0,0.024305150389056118
02_linear,Linear,Gradient Boosting Classifier,0,0,0.28849797018769574
02_linear,Linear,Gradient Boosting Classifier,1,1,0.9949324543616007
02_linear,Linear,Gradient Boosting Classifier,1,1,0.9975906605056798
02_linear,Linear,Gradient Boosting Classifier,0,0,0.006018691485513862
02_linear,Linear,Gradient Boosting Classifier,0,0,0.0663807868566005
02_linear,Linear,Gradient Boosting Classifier,1,1,0.7413647327083126
02_linear,Linear,Gradient Boosting Classifier,0,0,0.0034433294202189137
02_linear,Linear,Gradient Boosting Classifier,0,0,0.006642470345886161
02_linear,Linear,Gradient Boosting Classifier,0,0,0.005067697305776901
02_linear,Linear,Gradient Boosting Classifier,0,0,0.00682344228227084
02_linear,Linear,Gradient Boosting Classifier,0,0,0.005720028273444899
02_linear,Linear,Gradient Boosting Classifier,0,0,0.015848270825021195
02_linear,Linear,Gradient Boosting Classifier,0,0,0.49106857788980346
02_linear,Linear,Gradient Boosting Classifier,0,0,0.01684025434252638
02_linear,Linear,Gradient Boosting Classifier,0,0,0.005515491034642645
02_linear,Linear,Gradient Boosting Classifier,0,0,0.011101482159005811
02_linear,Linear,Gradient Boosting Classifier,1,1,0.9966538324509243
02_linear,Linear,Gradient Boosting Classifier,1,1,0.9583527173707012
02_linear,Linear,Gradient Boosting Classifier,0,0,0.010983232991364741
02_linear,Linear,Gradient Boosting Classifier,1,1,0.98996540362209
02_linear,Linear,Gradient Boosting Classifier,0,0,0.05461912502849528
02_linear,Linear,Gradient Boosting Classifier,1,1,0.9975199315150444
02_linear,Linear,Gradient Boosting Classifier,0,0,0.01110385430977186
02_linear,Linear,Gradient Boosting Classifier,0,0,0.004351753960764021
02_linear,Linear,Gradient Boosting Classifier,0,0,0.016131289338934852
02_linear,Linear,Gradient Boosting Classifier,0,0,0.010028656585544745
02_linear,Linear,Gradient Boosting Classifier,0,0,0.014371752312222286
02_linear,Linear,Gradient Boosting Classifier,0,0,0.008854651565145826
02_linear,Linear,Gradient Boosting Classifier,1,0,0.22458415741942078
02_linear,Linear,Gradient Boosting Classifier,0,0,0.0035967931391617243
02_linear,Linear,Gradient Boosting Classifier,0,0,0.011275295206486253
02_linear,Linear,Gradient Boosting Classifier,0,0,0.0015649768658963874
02_linear,Linear,Gradient Boosting Classifier,1,1,0.9954078757919524
02_linear,Linear,Gradient Boosting Classifier,0,0,0.08249773530807827
02_linear,Linear,Gradient Boosting Classifier,0,0,0.006226501241882315
02_linear,Linear,Gradient Boosting Classifier,1,1,0.9992321950416996
02_linear,Linear,Gradient Boosting Classifier,0,0,0.006673655941543467
02_linear,Linear,Gradient Boosting Classifier,0,0,0.004141957437201168
02_linear,Linear,Gradient Boosting Classifier,0,0,0.007878089487432006
02_linear,Linear,Gradient Boosting Classifier,0,0,0.02721727222320302
02_linear,Linear,Gradient Boosting Classifier,0,0,0.007473964974522269
02_linear,Linear,Gradient Boosting Classifier,0,0,0.002834608569631157
02_linear,Linear,Gradient Boosting Classifier,0,0,0.013137517166032588
02_linear,Linear,Gradient Boosting Classifier,0,0,0.03428656914135759
02_linear,Linear,Gradient Boosting Classifier,0,0,0.005336583970671519
02_linear,Linear,Gradient Boosting Classifier,0,0,0.005630547447773688
02_linear,Linear,Gradient Boosting Classifier,0,0,0.007231327993374598
02_linear,Linear,Gradient Boosting Classifier,1,1,0.9957360211581867
02_linear,Linear,Gradient Boosting Classifier,0,0,0.003030084006572635
02_linear,Linear,Gradient Boosting Classifier,1,1,0.9993341865997143
02_linear,Linear,Gradient Boosting Classifier,0,0,0.0022642830190346295
02_linear,Linear,Gradient Boosting Classifier,0,0,0.005074042667459476
02_linear,Linear,Gradient Boosting Classifier,0,0,0.0054528136004993715
02_linear,Linear,Gradient Boosting Classifier,0,0,0.022953474347625208
02_linear,Linear,Gradient Boosting Classifier,0,0,0.004302672275139655
02_linear,Linear,Gradient Boosting Classifier,1,1,0.9950580474136289
02_linear,Linear,Gradient Boosting Classifier,0,0,0.022794119002520923
02_linear,Linear,Gradient Boosting Classifier,0,0,0.005908919523759236
02_linear,Linear,Gradient Boosting Classifier,0,0,0.03670982763985966
02_linear,Linear,Gradient Boosting Classifier,0,0,0.10662709629774604
02_linear,Linear,Gradient Boosting Classifier,0,0,0.016664844591936977
02_linear,Linear,Gradient Boosting Classifier,0,0,0.03964265274310567
02_linear,Linear,Gradient Boosting Classifier,0,0,0.013768859675319923
02_linear,Linear,Gradient Boosting Classifier,0,0,0.0036698964434842257
02_linear,Linear,Gradient Boosting Classifier,0,0,0.0037805655114283815
02_linear,Linear,Gradient Boosting Classifier,0,0,0.004773598755091698
02_linear,Linear,Gradient Boosting Classifier,1,1,0.9704862531362873
02_linear,Linear,Gradient Boosting Classifier,0,0,0.02585679151219822
02_linear,Linear,Gradient Boosting Classifier,0,0,0.35456392955742466
02_linear,Linear,Gradient Boosting Classifier,1,1,0.9944280549284533
02_linear,Linear,Gradient Boosting Classifier,1,1,0.9978950058003396
02_linear,Linear,Gradient Boosting Classifier,0,0,0.00479493271079199
02_linear,Linear,Gradient Boosting Classifier,0,0,0.0034702973943514944
02_linear,Linear,Gradient Boosting Classifier,1,1,0.9502811789165373
02_linear,Linear,Gradient Boosting Classifier,1,1,0.994877079681121
02_linear,Linear,Gradient Boosting Classifier,0,0,0.011050199884084599
02_linear,Linear,Gradient Boosting Classifier,0,0,0.009503449575322183
02_linear,Linear,Gradient Boosting Classifier,0,0,0.005759775497306311
02_linear,Linear,Gradient Boosting Classifier,0,0,0.00592057478653317
02_linear,Linear,Gradient Boosting Classifier,0,0,0.006804107452284753
02_linear,Linear,Gradient Boosting Classifier,0,0,0.003635243842825184
02_linear,Linear,Gradient Boosting Classifier,0,0,0.023612319439451735
02_linear,Linear,Gradient Boosting Classifier,0,0,0.023036156167063806
02_linear,Linear,Gradient Boosting Classifier,1,1,0.983144964969049
02_linear,Linear,Gradient Boosting Classifier,0,0,0.005720028273444899
02_linear,Linear,Gradient Boosting Classifier,0,0,0.017419114129363623
02_linear,Linear,Gradient Boosting Classifier,0,0,0.0027301704048285575
02_linear,Linear,Gradient Boosting Classifier,1,1,0.9946430390779452
02_linear,Linear,Gradient Boosting Classifier,0,0,0.003069019791616644
02_linear,Linear,Gradient Boosting Classifier,0,0,0.018613694940440413
02_linear,Linear,Gradient Boosting Classifier,0,0,0.005563673832854131
02_linear,Linear,Gradient Boosting Classifier,0,0,0.044020305176500865
02_linear,Linear,Gradient Boosting Classifier,0,0,0.4603246558195433
02_linear,Linear,Gradient Boosting Classifier,0,0,0.0024388092708202426
02_linear,Linear,Gradient Boosting Classifier,0,0,0.003991529906189363
02_linear,Linear,Gradient Boosting Classifier,0,0,0.03493844685955
02_linear,Linear,Gradient Boosting Classifier,0,0,0.003669558308735382
02_linear,Linear,Gradient Boosting Classifier,0,0,0.013775760562271637
02_linear,Linear,Gradient Boosting Classifier,1,1,0.9854947113351376
02_linear,Linear,Gradient Boosting Classifier,0,0,0.003749093876054375
02_linear,Linear,Gradient Boosting Classifier,0,0,0.006471981187841656
02_linear,Linear,Gradient Boosting Classifier,1,1,0.9857790788125239
02_linear,Linear,Gradient Boosting Classifier,1,1,0.9922720303782164
02_linear,Linear,Gradient Boosting Classifier,0,0,0.010034518558769412
02_linear,Linear,Gradient Boosting Classifier,0,0,0.009382278157475773
02_linear,Linear,Gradient Boosting Classifier,0,0,0.00993896255117934
02_linear,Linear,Gradient Boosting Classifier,0,0,0.004123680303999596
02_linear,Linear,Gradient Boosting Classifier,1,1,0.9910874145484381
02_linear,Linear,Gradient Boosting Classifier,1,0,0.29768039640909644
02_linear,Linear,Gradient Boosting Classifier,1,1,0.9949027568032085
02_linear,Linear,Gradient Boosting Classifier,0,0,0.003534291109279036
02_linear,Linear,Gradient Boosting Classifier,1,0,0.3638578770652728
02_linear,Linear,Gradient Boosting Classifier,0,0,0.005807217708821445
02_linear,Linear,Gradient Boosting Classifier,0,0,0.004024476979637324
02_linear,Linear,Gradient Boosting Classifier,1,1,0.9797577538430078
02_linear,Linear,Gradient Boosting Classifier,1,1,0.9770811939995073
02_linear,Linear,Gradient Boosting Classifier,1,1,0.9966583490077231
02_linear,Linear,Gradient Boosting Classifier,0,0,0.00904166918242747
02_linear,Linear,Gradient Boosting Classifier,1,1,0.9941101216535339
02_linear,Linear,Gradient Boosting Classifier,1,1,0.9994251848902137
02_linear,Linear,Gradient Boosting Classifier,1,1,0.9880349992828953
02_linear,Linear,Gradient Boosting Classifier,1,0,0.02085282714868077
02_linear,Linear,Gradient Boosting Classifier,0,0,0.005462271291349908
02_linear,Linear,Gradient Boosting Classifier,0,0,0.0036426949926182776
02_linear,Linear,Gradient Boosting Classifier,0,0,0.005075426433776325
02_linear,Linear,Gradient Boosting Classifier,0,0,0.0438450575746671
02_linear,Linear,Gradient Boosting Classifier,0,0,0.009139164507632351
02_linear,Linear,Gradient Boosting Classifier,0,0,0.05578390769053192
02_linear,Linear,Gradient Boosting Classifier,0,0,0.026050709511279916
02_linear,Linear,Gradient Boosting Classifier,0,0,0.0052154743065888865
02_linear,Linear,Gradient Boosting Classifier,1,1,0.8295123836962248
02_linear,Linear,Gradient Boosting Classifier,0,0,0.011507329705423609
02_linear,Linear,Gradient Boosting Classifier,0,0,0.001349218621146181
02_linear,Linear,Gradient Boosting Classifier,0,0,0.03037523309455406
02_linear,Linear,Gradient Boosting Classifier,0,0,0.016135389224625183
02_linear,Linear,Gradient Boosting Classifier,0,0,0.020065066695921528
02_linear,Linear,Gradient Boosting Classifier,0,0,0.010947426553115315
02_linear,Linear,Gradient Boosting Classifier,0,0,0.006240194751133371
02_linear,Linear,Gradient Boosting Classifier,0,0,0.004285003343969215
02_linear,Linear,Gradient Boosting Classifier,0,0,0.006282937895067291
02_linear,Linear,Gradient Boosting Classifier,0,0,0.008207025017010644
02_linear,Linear,Gradient Boosting Classifier,0,0,0.016975057399258548
02_linear,Linear,Gradient Boosting Classifier,0,0,0.0038675825480363247
02_linear,Linear,Gradient Boosting Classifier,1,1,0.9747506516871709
02_linear,Linear,Gradient Boosting Classifier,0,0,0.0009852319748946108
02_linear,Linear,Gradient Boosting Classifier,0,0,0.006762999521734902
02_linear,Linear,Gradient Boosting Classifier,0,0,0.005625967778147783
02_linear,Linear,Gradient Boosting Classifier,0,0,0.005807217708821445
02_linear,Linear,Gradient Boosting Classifier,1,1,0.99734185927756
02_linear,Linear,Gradient Boosting Classifier,1,1,0.9831623704648278
02_linear,Linear,Gradient Boosting Classifier,0,0,0.008717857815180937
02_linear,Linear,Gradient Boosting Classifier,0,0,0.08654036828595253
02_linear,Linear,Gradient Boosting Classifier,1,1,0.9960209806675752
02_linear,Linear,Gradient Boosting Classifier,0,0,0.009160943031444723
02_linear,Linear,Gradient Boosting Classifier,0,0,0.02806352190895291
02_linear,Linear,Gradient Boosting Classifier,0,0,0.00424960103248353
02_linear,Linear,Gradient Boosting Classifier,1,1,0.9972865952235764
02_linear,Linear,Gradient Boosting Classifier,0,0,0.004566345683119691
02_linear,Linear,Gradient Boosting Classifier,1,1,0.9949324543616007
02_linear,Linear,Gradient Boosting Classifier,0,0,0.005213100609849486
02_linear,Linear,Gradient Boosting Classifier,0,0,0.1074572645800415
02_linear,Linear,Gradient Boosting Classifier,0,0,0.006057574628384041
02_linear,Linear,Gradient Boosting Classifier,0,0,0.00231705699555828
02_linear,Linear,Gradient Boosting Classifier,0,0,0.003901034509518654
02_linear,Linear,Gradient Boosting Classifier,0,0,0.0043224841260603025
02_linear,Linear,Gradient Boosting Classifier,0,0,0.003919173883811477
02_linear,Linear,Gradient Boosting Classifier,0,0,0.004638875866350032
02_linear,Linear,Gradient Boosting Classifier,0,0,0.023061322865782483
02_linear,Linear,Gradient Boosting Classifier,0,0,0.015855520893565088
02_linear,Linear,Gradient Boosting Classifier,0,0,0.0054738790378720285
02_linear,Linear,Gradient Boosting Classifier,0,0,0.30616091463678946
02_linear,Linear,Gradient Boosting Classifier,1,1,0.9735431171848252
02_linear,Linear,Gradient Boosting Classifier,0,0,0.005028528793570516
02_linear,Linear,Gradient Boosting Classifier,0,0,0.023683650450468788
02_linear,Linear,Gradient Boosting Classifier,0,0,0.26351596258459664
02_linear,Linear,Gradient Boosting Classifier,0,0,0.012907324850579655
02_linear,Linear,Gradient Boosting Classifier,0,0,0.0045300323982930815
02_linear,Linear,Gradient Boosting Classifier,1,1,0.99626374035855
02_linear,Linear,Gradient Boosting Classifier,0,0,0.008454717013905797
02_linear,Linear,Gradient Boosting Classifier,0,0,0.003693548509333426
02_linear,Linear,Gradient Boosting Classifier,0,0,0.02577442951485897
02_linear,Linear,Gradient Boosting Classifier,1,1,0.9976702261542246
02_linear,Linear,Gradient Boosting Classifier,0,0,0.019253712449555177
02_linear,Linear,Gradient Boosting Classifier,0,0,0.013513079132638285
02_linear,Linear,Gradient Boosting Classifier,0,0,0.01127597263449707
02_linear,Linear,Gradient Boosting Classifier,0,0,0.013505609637761245
02_linear,Linear,Gradient Boosting Classifier,0,0,0.015467070914775914
02_linear,Linear,Gradient Boosting Classifier,0,0,0.004232916365430577
02_linear,Linear,Gradient Boosting Classifier,0,0,0.005458814436549443
02_linear,Linear,Gradient Boosting Classifier,0,0,0.0333458734802892
02_linear,Linear,Gradient Boosting Classifier,1,1,0.9728565976155135
02_linear,Linear,Gradient Boosting Classifier,0,0,0.0033788995700712605
02_linear,Linear,Gradient Boosting Classifier,0,0,0.007266625244477182
02_linear,Linear,Gradient Boosting Classifier,1,1,0.9976702261542246
02_linear,Linear,Gradient Boosting Classifier,0,0,0.010448098756266722
02_linear,Linear,Gradient Boosting Classifier,0,0,0.009367733188409142
02_linear,Linear,Gradient Boosting Classifier,0,0,0.024238530718062163
02_linear,Linear,Gradient Boosting Classifier,0,0,0.007444320151470887
02_linear,Linear,Gradient Boosting Classifier,0,0,0.024594552866866456
02_linear,Linear,Gradient Boosting Classifier,1,1,0.9322217623755629
02_linear,Linear,Gradient Boosting Classifier,0,0,0.004579863005456864
02_linear,Linear,Gradient Boosting Classifier,0,0,0.02866348381388942
02_linear,Linear,Gradient Boosting Classifier,0,0,0.006018691485513862
02_linear,Linear,Gradient Boosting Classifier,0,0,0.01908769671019112
02_linear,Linear,Gradient Boosting Classifier,1,1,0.9787312708561139
02_linear,Linear,Gradient Boosting Classifier,0,0,0.004752463729883298
02_linear,Linear,Gradient Boosting Classifier,0,0,0.004255291715024673
02_linear,Linear,Gradient Boosting Classifier,0,0,0.005177888453194293
02_linear,Linear,Gradient Boosting Classifier,1,1,0.9957309791433725
02_linear,Linear,Gradient Boosting Classifier,0,0,0.06960036982679198
02_linear,Linear,Gradient Boosting Classifier,0,0,0.05649253073202372
02_linear,Linear,Gradient Boosting Classifier,0,0,0.04893364422381652
02_linear,Linear,Gradient Boosting Classifier,0,0,0.015439551352246233
02_linear,Linear,Gradient Boosting Classifier,0,0,0.00638429572585429
02_linear,Linear,Gradient Boosting Classifier,1,1,0.9614117168839093
02_linear,Linear,Gradient Boosting Classifier,0,0,0.006027800852185731
02_linear,Linear,Gradient Boosting Classifier,0,0,0.011092392859060055
02_linear,Linear,Gradient Boosting Classifier,0,0,0.003958335662180706
02_linear,Linear,Gradient Boosting Classifier,0,1,0.5067963005206662
02_linear,Linear,Gradient Boosting Classifier,1,1,0.9951464012914221
02_linear,Linear,Gradient Boosting Classifier,0,0,0.011441498100473837
02_linear,Linear,Gradient Boosting Classifier,0,0,0.0113442862828409
02_linear,Linear,Gradient Boosting Classifier,0,0,0.006238083591144284
02_linear,Linear,Gradient Boosting Classifier,0,0,0.03925324705761065
02_linear,Linear,Gradient Boosting Classifier,0,0,0.004490342032511805
02_linear,Linear,Gradient Boosting Classifier,0,0,0.04890310319033367
02_linear,Linear,Gradient Boosting Classifier,0,0,0.013195029633261085
02_linear,Linear,Gradient Boosting Classifier,0,0,0.030343802721179824
02_linear,Linear,Gradient Boosting Classifier,0,0,0.004575661744493635
02_linear,Linear,Gradient Boosting Classifier,0,0,0.003409119566324566
02_linear,Linear,Gradient Boosting Classifier,0,0,0.0062300267312385225
02_linear,Linear,Gradient Boosting Classifier,0,0,0.01716869468526727
02_linear,Linear,Gradient Boosting Classifier,0,0,0.004427706650787543
02_linear,Linear,Gradient Boosting Classifier,0,0,0.008405113704583914
02_linear,Linear,Gradient Boosting Classifier,1,1,0.9980399142557249
02_linear,Linear,Gradient Boosting Classifier,0,0,0.006170305847200477
02_linear,Linear,Gradient Boosting Classifier,0,0,0.03875163024084066
02_linear,Linear,Gradient Boosting Classifier,1,1,0.9976405816860366
02_linear,Linear,Gradient Boosting Classifier,0,0,0.005891874301689441
02_linear,Linear,Gradient Boosting Classifier,0,0,0.005067697305776901
02_linear,Linear,Gradient Boosting Classifier,0,0,0.011538114945358967
02_linear,Linear,Gradient Boosting Classifier,0,0,0.004615047545655462
02_linear,Linear,Gradient Boosting Classifier,0,0,0.01043214407464997
02_linear,Linear,Gradient Boosting Classifier,0,0,0.004626382232096628
02_linear,Linear,Gradient Boosting Classifier,0,0,0.004705723657860993
02_linear,Linear,Gradient Boosting Classifier,0,0,0.014098083297698611
02_linear,Linear,Gradient Boosting Classifier,1,1,0.9967320055285542
02_linear,Linear,Gradient Boosting Classifier,0,0,0.004381804436930694
02_linear,Linear,Gradient Boosting Classifier,1,1,0.9107499399833152
02_linear,Linear,Gradient Boosting Classifier,0,0,0.01662468302892441
02_linear,Linear,Gradient Boosting Classifier,0,0,0.0033712288207340285
02_linear,Linear,Gradient Boosting Classifier,0,0,0.004356248916214029
02_linear,Linear,Gradient Boosting Classifier,0,0,0.019438163517626617
02_linear,Linear,Gradient Boosting Classifier,1,1,0.9965175285122885
02_linear,Linear,Gradient Boosting Classifier,0,0,0.039793588634028085
02_linear,Linear,Gradient Boosting Classifier,1,1,0.9885770534986916
02_linear,Linear,Gradient Boosting Classifier,0,0,0.01388506836841656
02_linear,Linear,Gradient Boosting Classifier,0,0,0.005067697305776901
02_linear,Linear,Gradient Boosting Classifier,1,1,0.9938296610118158
02_linear,Linear,Gradient Boosting Classifier,0,0,0.002528875403879453
02_linear,Linear,Gradient Boosting Classifier,0,0,0.00706762744498064
02_linear,Linear,Gradient Boosting Classifier,0,0,0.02744236889139685
02_linear,Linear,Gradient Boosting Classifier,0,0,0.006153769649054873
02_linear,Linear,Gradient Boosting Classifier,0,0,0.009776774878708358
02_linear,Linear,Gradient Boosting Classifier,0,0,0.004110255858795996
02_linear,Linear,Gradient Boosting Classifier,0,1,0.6738249283913758
02_linear,Linear,Gradient Boosting Classifier,0,0,0.007766653440460414
02_linear,Linear,Gradient Boosting Classifier,0,0,0.026577886544921776
02_linear,Linear,Gradient Boosting Classifier,0,0,0.011875020323730895
02_linear,Linear,Gradient Boosting Classifier,0,0,0.003997579008813992
02_linear,Linear,Gradient Boosting Classifier,0,0,0.007291090018454448
02_linear,Linear,Gradient Boosting Classifier,0,0,0.009471316676955227
02_linear,Linear,Gradient Boosting Classifier,0,0,0.01543424704210179
02_linear,Linear,Gradient Boosting Classifier,1,1,0.9978447970125945
02_linear,Linear,Gradient Boosting Classifier,1,1,0.9782235024985062
02_linear,Linear,Gradient Boosting Classifier,1,1,0.9951674753700652
02_linear,Linear,Gradient Boosting Classifier,1,1,0.7316816742410307
02_linear,Linear,Gradient Boosting Classifier,0,0,0.005251672452782341
02_linear,Linear,Gradient Boosting Classifier,0,0,0.003933952245374345
02_linear,Linear,Gradient Boosting Classifier,0,0,0.02183265244572412
02_linear,Linear,Gradient Boosting Classifier,0,0,0.005142530810543521
02_linear,Linear,Gradient Boosting Classifier,1,1,0.9583872092467296
02_linear,Linear,Gradient Boosting Classifier,0,0,0.003923988578885354
02_linear,Linear,Gradient Boosting Classifier,1,1,0.9727381585786288
02_linear,Linear,Gradient Boosting Classifier,0,0,0.05914010768131043
02_linear,Linear,Gradient Boosting Classifier,1,1,0.9726046922930224
02_linear,Linear,Gradient Boosting Classifier,1,1,0.9967953385290911
02_linear,Linear,Gradient Boosting Classifier,0,0,0.005670756057462706
02_linear,Linear,Gradient Boosting Classifier,1,1,0.9945377969084589
02_linear,Linear,Gradient Boosting Classifier,0,0,0.002863953217189942
02_linear,Linear,Gradient Boosting Classifier,1,1,0.9975930273709674
02_linear,Linear,Gradient Boosting Classifier,1,1,0.9863141187475486
02_linear,Linear,Gradient Boosting Classifier,0,0,0.08971988998969581
02_linear,Linear,Gradient Boosting Classifier,0,0,0.0077950575791388595
02_linear,Linear,Gradient Boosting Classifier,0,0,0.028775726072619977
02_linear,Linear,Gradient Boosting Classifier,0,0,0.004302672275139655
02_linear,Linear,Gradient Boosting Classifier,0,0,0.06850530594875988
02_linear,Linear,Gradient Boosting Classifier,0,0,0.006108817749546319
02_linear,Linear,Gradient Boosting Classifier,0,0,0.00206440283450934
02_linear,Linear,Gradient Boosting Classifier,1,1,0.9956191129916735
02_linear,Linear,Gradient Boosting Classifier,0,0,0.03488212986667428
02_linear,Linear,Gradient Boosting Classifier,1,1,0.985249113550928
02_linear,Linear,Gradient Boosting Classifier,0,0,0.004156899366466074
02_linear,Linear,Gradient Boosting Classifier,0,0,0.017911733316456582
02_linear,Linear,Gradient Boosting Classifier,0,0,0.01319064247917602
02_linear,Linear,Gradient Boosting Classifier,1,1,0.9962066798209934
02_linear,Linear,Gradient Boosting Classifier,0,0,0.041050379619105785
02_linear,Linear,Gradient Boosting Classifier,1,1,0.8138977178079426
02_linear,Linear,Gradient Boosting Classifier,0,0,0.03275050933612831
02_linear,Linear,Gradient Boosting Classifier,0,0,0.026278482208532943
02_linear,Linear,Gradient Boosting Classifier,0,0,0.05718445607191591
02_linear,Linear,Gradient Boosting Classifier,0,0,0.0031206022774074556
02_linear,Linear,Gradient Boosting Classifier,0,0,0.05368300899858038
02_linear,Linear,Gradient Boosting Classifier,0,0,0.0037907683055882586
02_linear,Linear,Gradient Boosting Classifier,1,1,0.985382218999673
02_linear,Linear,Gradient Boosting Classifier,0,0,0.03805843659069842
02_linear,Linear,Gradient Boosting Classifier,1,1,0.996968829244653
02_linear,Linear,Gradient Boosting Classifier,0,0,0.004525460957893844
02_linear,Linear,Gradient Boosting Classifier,0,0,0.004895478833889185
02_linear,Linear,Gradient Boosting Classifier,0,0,0.004490342032511805
02_linear,Linear,Gradient Boosting Classifier,1,1,0.9921965482903845
02_linear,Linear,Gradient Boosting Classifier,0,0,0.004324111715271695
02_linear,Linear,Gradient Boosting Classifier,0,0,0.04881033193344285
02_linear,Linear,Gradient Boosting Classifier,0,0,0.02014638602306313
02_linear,Linear,Gradient Boosting Classifier,0,0,0.026756756557276763
02_linear,Linear,Gradient Boosting Classifier,0,0,0.03867960438936817
02_linear,Linear,Gradient Boosting Classifier,0,0,0.004465928256167917
02_linear,Linear,Gradient Boosting Classifier,1,1,0.6886327124875503
02_linear,Linear,Gradient Boosting Classifier,0,0,0.005827852101629334
02_linear,Linear,Gradient Boosting Classifier,0,0,0.009980382041464002
02_linear,Linear,Gradient Boosting Classifier,0,0,0.022877025113327825
02_linear,Linear,Gradient Boosting Classifier,0,0,0.002784254402590734
02_linear,Linear,Gradient Boosting Classifier,1,1,0.737082711041682
02_linear,Linear,Gradient Boosting Classifier,0,0,0.018700240582022878
02_linear,Linear,Gradient Boosting Classifier,0,0,0.0056259170540002325
02_linear,Linear,Gradient Boosting Classifier,0,0,0.0277870857794347
02_linear,Linear,Gradient Boosting Classifier,0,0,0.005782479583712038
02_linear,Linear,Gradient Boosting Classifier,1,1,0.985249113550928
02_linear,Linear,Gradient Boosting Classifier,0,0,0.26351596258459664
02_linear,Linear,Gradient Boosting Classifier,0,0,0.0031381654774408664
02_linear,Linear,Gradient Boosting Classifier,0,0,0.005138209363708028
02_linear,Linear,Gradient Boosting Classifier,0,0,0.003548251006045007
02_linear,Linear,Gradient Boosting Classifier,1,1,0.9956611147495446
02_linear,Linear,Gradient Boosting Classifier,0,0,0.004892846046282011
02_linear,Linear,Gradient Boosting Classifier,0,0,0.002766105350449283
02_linear,Linear,Gradient Boosting Classifier,0,0,0.01840193691666684
02_linear,Linear,Gradient Boosting Classifier,0,0,0.005807217708821445
02_linear,Linear,Gradient Boosting Classifier,0,0,0.003613439150300294
02_linear,Linear,Gradient Boosting Classifier,0,0,0.03207083024884564
02_linear,Linear,Gradient Boosting Classifier,0,0,0.006784257746975588
02_linear,Linear,Gradient Boosting Classifier,0,0,0.01221087103251513
02_linear,Linear,Gradient Boosting Classifier,0,0,0.00575467126136305
02_linear,Linear,Gradient Boosting Classifier,0,0,0.1317127891163384
02_linear,Linear,Gradient Boosting Classifier,0,0,0.004490342032511805
02_linear,Linear,Gradient Boosting Classifier,0,0,0.004943239774507788
02_linear,Linear,Gradient Boosting Classifier,0,0,0.005941609556192519
02_linear,Linear,Gradient Boosting Classifier,0,0,0.01771622201756971
02_linear,Linear,Gradient Boosting Classifier,0,0,0.004221250926078649
02_linear,Linear,Gradient Boosting Classifier,0,0,0.0035530906031695795
02_linear,Linear,Gradient Boosting Classifier,1,1,0.977617236218107
02_linear,Linear,Gradient Boosting Classifier,1,1,0.9790479574503478
02_linear,Linear,Gradient Boosting Classifier,0,0,0.015263320105040078
02_linear,Linear,Gradient Boosting Classifier,1,1,0.9800603588218523
02_linear,Linear,Gradient Boosting Classifier,0,0,0.04348422238961755
02_linear,Linear,Gradient Boosting Classifier,0,0,0.004356248916214029
02_linear,Linear,Gradient Boosting Classifier,0,0,0.011624085614987043
02_linear,Linear,Gradient Boosting Classifier,0,0,0.0022759513902658643
02_linear,Linear,Gradient Boosting Classifier,0,0,0.042426132801885896
02_linear,Linear,Gradient Boosting Classifier,0,0,0.0054375182449241805
02_linear,Linear,Gradient Boosting Classifier,0,0,0.02744236889139685
02_linear,Linear,Gradient Boosting Classifier,0,0,0.005807217708821445
02_linear,Linear,Gradient Boosting Classifier,0,0,0.006884850564310706
02_linear,Linear,Gradient Boosting Classifier,1,1,0.9867820976652228
02_linear,Linear,Gradient Boosting Classifier,0,0,0.005720028273444899
02_linear,Linear,Gradient Boosting Classifier,0,0,0.0031384743745638466
02_linear,Linear,Gradient Boosting Classifier,0,0,0.029250254355339685
02_linear,Linear,Gradient Boosting Classifier,0,0,0.005811618235611623
02_linear,Linear,Gradient Boosting Classifier,0,0,0.003281362839896092
02_linear,Linear,Gradient Boosting Classifier,0,0,0.0058220587473364225
02_linear,Linear,Gradient Boosting Classifier,0,0,0.007984093240595557
02_linear,Linear,Gradient Boosting Classifier,0,0,0.004599516238773557
02_linear,Linear,Gradient Boosting Classifier,0,0,0.0055423428785901716
02_linear,Linear,Gradient Boosting Classifier,0,0,0.01000870579932624
02_linear,Linear,Gradient Boosting Classifier,0,0,0.0028212880715954088
02_linear,Linear,Gradient Boosting Classifier,1,1,0.995571704609372
02_linear,Linear,Gradient Boosting Classifier,1,1,0.9739150035905602
02_linear,Linear,Gradient Boosting Classifier,0,0,0.03867108092403437
02_linear,Linear,Gradient Boosting Classifier,0,0,0.013956172034145212
02_linear,Linear,Gradient Boosting Classifier,0,0,0.04774848800678253
02_linear,Linear,Gradient Boosting Classifier,0,0,0.006249166090884592
02_linear,Linear,Gradient Boosting Classifier,0,0,0.006919655881964807
02_linear,Linear,Gradient Boosting Classifier,0,0,0.00279633693914092
02_linear,Linear,Gradient Boosting Classifier,0,0,0.1562637705008706
02_linear,Linear,Gradient Boosting Classifier,0,0,0.002727525714507466
02_linear,Linear,Gradient Boosting Classifier,1,1,0.9943677698345665
02_linear,Linear,Gradient Boosting Classifier,0,0,0.012037358889306342
02_linear,Linear,Gradient Boosting Classifier,0,0,0.013674586249209409
02_linear,Linear,Gradient Boosting Classifier,0,0,0.012819004104401609
02_linear,Linear,Gradient Boosting Classifier,0,0,0.008629724268752853
02_linear,Linear,Gradient Boosting Classifier,0,0,0.018229415294730038
02_linear,Linear,Gradient Boosting Classifier,0,0,0.008088725722717642
02_linear,Linear,Gradient Boosting Classifier,0,0,0.011517222246907691
02_linear,Linear,Gradient Boosting Classifier,0,0,0.010708086793623891
02_linear,Linear,Gradient Boosting Classifier,1,1,0.9894868372881623
02_linear,Linear,Gradient Boosting Classifier,0,0,0.004020410905917646
02_linear,Linear,Gradient Boosting Classifier,0,0,0.005910084334888295
02_linear,Linear,Gradient Boosting Classifier,1,1,0.9972363723466475
02_linear,Linear,Gradient Boosting Classifier,0,0,0.015324368075219556
02_linear,Linear,Gradient Boosting Classifier,1,1,0.9950256672365784
02_linear,Linear,Gradient Boosting Classifier,0,0,0.004918697618270061
02_linear,Linear,Gradient Boosting Classifier,0,0,0.0057665079578781255
02_linear,Linear,Gradient Boosting Classifier,0,0,0.006108817749546319
02_linear,Linear,Gradient Boosting Classifier,0,0,0.004439704237612423
02_linear,Linear,Gradient Boosting Classifier,0,0,0.00383206301786643
02_linear,Linear,Gradient Boosting Classifier,0,0,0.012383235380773202
02_linear,Linear,Gradient Boosting Classifier,0,0,0.005902250938612803
02_linear,Linear,Gradient Boosting Classifier,0,0,0.006108817749546319
02_linear,Linear,Gradient Boosting Classifier,0,0,0.01793409802768279
02_linear,Linear,Gradient Boosting Classifier,0,0,0.0036698964434842257
02_linear,Linear,Gradient Boosting Classifier,0,0,0.00839227786323342
02_linear,Linear,Gradient Boosting Classifier,0,0,0.07948184145665203
02_linear,Linear,Gradient Boosting Classifier,0,0,0.04665221875773463
02_linear,Linear,Gradient Boosting Classifier,0,0,0.005807217708821445
02_linear,Linear,Gradient Boosting Classifier,1,1,0.9967100948191544
02_linear,Linear,Gradient Boosting Classifier,0,0,0.0057176014015499045
02_linear,Linear,Gradient Boosting Classifier,0,0,0.009695840451710744
02_linear,Linear,Gradient Boosting Classifier,1,1,0.9307571473330505
02_linear,Linear,Gradient Boosting Classifier,0,0,0.01331185052680496
02_linear,Linear,Gradient Boosting Classifier,1,1,0.9601701106031149
02_linear,Linear,Gradient Boosting Classifier,1,1,0.8733453001179855
02_linear,Linear,Gradient Boosting Classifier,1,1,0.9969072526049993
02_linear,Linear,Gradient Boosting Classifier,0,0,0.3435199547176726
02_linear,Linear,Gradient Boosting Classifier,0,0,0.00253441525157363
02_linear,Linear,Gradient Boosting Classifier,1,1,0.9966448084826784
02_linear,Linear,Gradient Boosting Classifier,0,0,0.01108982897059462
02_linear,Linear,Gradient Boosting Classifier,0,0,0.013417637775819901
02_linear,Linear,Gradient Boosting Classifier,0,0,0.005882149345943773
02_linear,Linear,Gradient Boosting Classifier,0,0,0.004232916365430577
02_linear,Linear,Gradient Boosting Classifier,0,0,0.005625721004153952
02_linear,Linear,Gradient Boosting Classifier,0,0,0.02115479435554448
02_linear,Linear,Gradient Boosting Classifier,0,0,0.3562050825670871
02_linear,Linear,Gradient Boosting Classifier,0,0,0.010888114275911392
02_linear,Linear,Gradient Boosting Classifier,1,1,0.9904342368862978
02_linear,Linear,Gradient Boosting Classifier,0,0,0.002700701729085136
02_linear,Linear,Gradient Boosting Classifier,0,0,0.02221865174816365
02_linear,Linear,Gradient Boosting Classifier,0,0,0.003299628540180588
02_linear,Linear,Gradient Boosting Classifier,0,0,0.03817466892826248
02_linear,Linear,Gradient Boosting Classifier,0,0,0.03871020586267822
02_linear,Linear,Gradient Boosting Classifier,0,0,0.01876663798677794
02_linear,Linear,Gradient Boosting Classifier,0,0,0.015367856865292313
02_linear,Linear,Gradient Boosting Classifier,0,0,0.04823680452633777
02_linear,Linear,Gradient Boosting Classifier,0,0,0.009174232683387164
02_linear,Linear,Gradient Boosting Classifier,0,0,0.0026881203989961885
02_linear,Linear,Gradient Boosting Classifier,0,0,0.0023980094383221216
02_linear,Linear,Gradient Boosting Classifier,0,0,0.0035545338907906764
02_linear,Linear,Gradient Boosting Classifier,0,0,0.013197361917993842
02_linear,Linear,Gradient Boosting Classifier,0,0,0.006247987669410954
02_linear,Linear,Gradient Boosting Classifier,0,0,0.002472878184102196
02_linear,Linear,Gradient Boosting Classifier,1,1,0.972656116935702
02_linear,Linear,Gradient Boosting Classifier,0,0,0.005344589168623003
02_linear,Linear,Gradient Boosting Classifier,0,0,0.006480237151331616
02_linear,Linear,Gradient Boosting Classifier,0,0,0.02451136232133726
02_linear,Linear,Gradient Boosting Classifier,0,0,0.1322070726707977
02_linear,Linear,Gradient Boosting Classifier,0,0,0.006325892224709428
02_linear,Linear,Gradient Boosting Classifier,1,1,0.9961702925411585
02_linear,Linear,Gradient Boosting Classifier,0,0,0.0018978234053724664
02_linear,Linear,Gradient Boosting Classifier,0,0,0.009318438755130554
02_linear,Linear,Gradient Boosting Classifier,0,0,0.027764513626190725
02_linear,Linear,Gradient Boosting Classifier,1,1,0.9958913035969179
02_linear,Linear,Gradient Boosting Classifier,0,0,0.006853687113994418
02_linear,Linear,Gradient Boosting Classifier,0,0,0.005391789373475775
02_linear,Linear,Gradient Boosting Classifier,0,0,0.010692779930188903
02_linear,Linear,Gradient Boosting Classifier,1,1,0.9965064819278832
02_linear,Linear,Gradient Boosting Classifier,0,0,0.005628215909454918
02_linear,Linear,Gradient Boosting Classifier,1,1,0.9814891236946558
02_linear,Linear,Gradient Boosting Classifier,1,1,0.995377184869949
02_linear,Linear,Gradient Boosting Classifier,0,0,0.08551647373759699
02_linear,Linear,Gradient Boosting Classifier,0,0,0.02938356174896426
02_linear,Linear,Gradient Boosting Classifier,1,1,0.985423015886384
02_linear,Linear,Gradient Boosting Classifier,0,0,0.0036698964434842257
02_linear,Linear,Gradient Boosting Classifier,0,0,0.014022018570819974
02_linear,Linear,Gradient Boosting Classifier,0,0,0.0136154668426694
02_linear,Linear,Gradient Boosting Classifier,0,0,0.006685825781220064
02_linear,Linear,Gradient Boosting Classifier,0,0,0.04827892494505777
02_linear,Linear,Gradient Boosting Classifier,0,0,0.00504645975969723
02_linear,Linear,Gradient Boosting Classifier,0,0,0.005436187939041181
02_linear,Linear,Gradient Boosting Classifier,0,0,0.4215412326023437
02_linear,Linear,Gradient Boosting Classifier,1,1,0.998513992110933
02_linear,Linear,Gradient Boosting Classifier,0,0,0.008255472462584472
02_linear,Linear,Gradient Boosting Classifier,0,0,0.012499989277734476
02_linear,Linear,Gradient Boosting Classifier,1,1,0.9944280549284533
02_linear,Linear,Gradient Boosting Classifier,0,0,0.0030854514336736364
02_linear,Linear,Gradient Boosting Classifier,0,0,0.0034553426951054764
02_linear,Linear,Gradient Boosting Classifier,0,0,0.005639871459549899
02_linear,Linear,Gradient Boosting Classifier,1,1,0.9846720409682495
02_linear,Linear,Gradient Boosting Classifier,0,0,0.07068632372833661
02_linear,Linear,Gradient Boosting Classifier,0,0,0.12521229783716603
02_linear,Linear,Gradient Boosting Classifier,0,0,0.005827852101629334
02_linear,Linear,Gradient Boosting Classifier,0,1,0.6527919952465534
02_linear,Linear,Gradient Boosting Classifier,0,0,0.05449580520686329
02_linear,Linear,Gradient Boosting Classifier,0,0,0.01664874975002171
02_linear,Linear,Gradient Boosting Classifier,0,0,0.00740534924837626
02_linear,Linear,Gradient Boosting Classifier,0,0,0.18653887464100946
02_linear,Linear,Gradient Boosting Classifier,0,0,0.0057432801816435465
02_linear,Linear,Gradient Boosting Classifier,0,0,0.045101797768564135
02_linear,Linear,Gradient Boosting Classifier,0,1,0.9673730043365049
02_linear,Linear,Gradient Boosting Classifier,0,0,0.016691552363023623
02_linear,Linear,Gradient Boosting Classifier,0,0,0.010795358385134207
02_linear,Linear,Gradient Boosting Classifier,1,1,0.9904216072900222
02_linear,Linear,Gradient Boosting Classifier,0,0,0.004617442636213991
02_linear,Linear,Gradient Boosting Classifier,0,0,0.0036382371233704175
02_linear,Linear,Gradient Boosting Classifier,1,1,0.9968646260627771
02_linear,Linear,Gradient Boosting Classifier,1,1,0.9879480407494723
02_linear,Linear,Gradient Boosting Classifier,0,0,0.010708086793623891
02_linear,Linear,Gradient Boosting Classifier,1,1,0.9967652999278335
02_linear,Linear,Gradient Boosting Classifier,0,0,0.0037917869259157374
02_linear,Linear,Gradient Boosting Classifier,0,0,0.007094788438758007
02_linear,Linear,Gradient Boosting Classifier,0,0,0.0076358482418458305
02_linear,Linear,Gradient Boosting Classifier,1,1,0.9577080119121278
02_linear,Linear,Gradient Boosting Classifier,1,0,0.3160256274169567
02_linear,Linear,Gradient Boosting Classifier,0,0,0.004269971118392593
02_linear,Linear,Gradient Boosting Classifier,0,0,0.012983996874458923
02_linear,Linear,Gradient Boosting Classifier,1,1,0.9979891233053286
02_linear,Linear,Gradient Boosting Classifier,0,0,0.02856141393740636
02_linear,Linear,Gradient Boosting Classifier,0,0,0.008193418680357372
02_linear,Linear,Gradient Boosting Classifier,0,0,0.010552721096675606
02_linear,Linear,Gradient Boosting Classifier,0,0,0.30651424877253625
02_linear,Linear,Gradient Boosting Classifier,1,1,0.9780330677042726
02_linear,Linear,Gradient Boosting Classifier,1,1,0.8335371643666173
02_linear,Linear,Gradient Boosting Classifier,0,0,0.07776895697467917
02_linear,Linear,Gradient Boosting Classifier,0,0,0.03616340853117567
02_linear,Linear,Gradient Boosting Classifier,0,0,0.005025565179102022
02_linear,Linear,Gradient Boosting Classifier,0,0,0.003582738399305813
02_linear,Linear,Gradient Boosting Classifier,1,1,0.9958893884579201
02_linear,Linear,Gradient Boosting Classifier,0,0,0.004026279026308522
02_linear,Linear,Gradient Boosting Classifier,0,0,0.014088807171124105
02_linear,Linear,Gradient Boosting Classifier,1,1,0.9967866949450735
02_linear,Linear,Gradient Boosting Classifier,1,1,0.9955012843045886
02_linear,Linear,Gradient Boosting Classifier,0,0,0.005200307049996312
02_linear,Linear,Gradient Boosting Classifier,0,0,0.46814895875784734
02_linear,Linear,Gradient Boosting Classifier,0,0,0.1183766375421696
02_linear,Linear,Gradient Boosting Classifier,1,0,0.2445567112959501
02_linear,Linear,Gradient Boosting Classifier,0,0,0.03165203215032394
02_linear,Linear,Gradient Boosting Classifier,0,0,0.1228795225039173
02_linear,Linear,Gradient Boosting Classifier,1,1,0.9969570946331784
02_linear,Linear,Gradient Boosting Classifier,1,1,0.9968890510399773
02_linear,Linear,Gradient Boosting Classifier,0,0,0.06186983146153445
02_linear,Linear,Gradient Boosting Classifier,1,1,0.9759726326222676
02_linear,Linear,Gradient Boosting Classifier,1,1,0.9961970862259265
02_linear,Linear,Gradient Boosting Classifier,0,0,0.006108817749546319
02_linear,Linear,Gradient Boosting Classifier,1,1,0.9873510691295347
02_linear,Linear,Gradient Boosting Classifier,0,0,0.002758332425831509
02_linear,Linear,Gradient Boosting Classifier,1,1,0.5834523015338583
02_linear,Linear,Gradient Boosting Classifier,0,0,0.003410971798802667
02_linear,Linear,Gradient Boosting Classifier,0,0,0.005660594494969267
02_linear,Linear,Gradient Boosting Classifier,1,1,0.892038810425534
02_linear,Linear,Gradient Boosting Classifier,0,0,0.005080472171540861
02_linear,Linear,Gradient Boosting Classifier,1,1,0.9961964820854178
02_linear,Linear,Gradient Boosting Classifier,0,0,0.08500293743980801
02_linear,Linear,Gradient Boosting Classifier,0,0,0.006108817749546319
02_linear,Linear,Gradient Boosting Classifier,0,0,0.003569612240054564
02_linear,Linear,Gradient Boosting Classifier,1,1,0.9953361537158034
02_linear,Linear,Gradient Boosting Classifier,0,1,0.6712850683034831
02_linear,Linear,Gradient Boosting Classifier,0,0,0.014614979504617487
02_linear,Linear,Gradient Boosting Classifier,0,0,0.005807217708821445
02_linear,Linear,Gradient Boosting Classifier,0,0,0.01684025434252638
02_linear,Linear,Gradient Boosting Classifier,0,0,0.015815833433893534
02_linear,Linear,Gradient Boosting Classifier,1,1,0.7204212603544787
02_linear,Linear,Gradient Boosting Classifier,0,0,0.003152069919520336
02_linear,Linear,Gradient Boosting Classifier,0,0,0.0043210822049955895
02_linear,Linear,Gradient Boosting Classifier,1,1,0.9950508597723277
02_linear,Linear,Gradient Boosting Classifier,1,1,0.9964083611329674
02_linear,Linear,Gradient Boosting Classifier,1,1,0.9729235665789344
02_linear,Linear,Gradient Boosting Classifier,1,1,0.9595706364082353
02_linear,Linear,Gradient Boosting Classifier,0,0,0.005103785087026613
02_linear,Linear,Gradient Boosting Classifier,0,0,0.008918748116246003
02_linear,Linear,Gradient Boosting Classifier,0,0,0.01626269383081086
02_linear,Linear,Gradient Boosting Classifier,0,0,0.004690008823466723
02_linear,Linear,Gradient Boosting Classifier,1,1,0.9951033876917742
02_linear,Linear,Gradient Boosting Classifier,0,0,0.0025094326141596314
02_linear,Linear,Gradient Boosting Classifier,0,0,0.02744236889139685
02_linear,Linear,Gradient Boosting Classifier,1,1,0.9836005809660134
02_linear,Linear,Gradient Boosting Classifier,0,0,0.006857769347670278
02_linear,Linear,Gradient Boosting Classifier,0,0,0.009085038085171755
02_linear,Linear,Gradient Boosting Classifier,0,0,0.013528041134129754
02_linear,Linear,Gradient Boosting Classifier,0,0,0.004467023663343377
02_linear,Linear,Gradient Boosting Classifier,0,0,0.0036063454781843653
02_linear,Linear,Gradient Boosting Classifier,0,0,0.0026230913936318577
02_linear,Linear,Gradient Boosting Classifier,0,0,0.06689728588503469
02_linear,Linear,Gradient Boosting Classifier,0,0,0.018207990075463823
02_linear,Linear,Gradient Boosting Classifier,0,0,0.004490342032511805
02_linear,Linear,Gradient Boosting Classifier,0,0,0.0030525088556892337
02_linear,Linear,Gradient Boosting Classifier,1,1,0.9450380177415567
02_linear,Linear,Gradient Boosting Classifier,0,0,0.0026911674806338044
02_linear,Linear,Gradient Boosting Classifier,0,0,0.02548701717316019
02_linear,Linear,Gradient Boosting Classifier,0,0,0.0030067400604429197
02_linear,Linear,Gradient Boosting Classifier,0,0,0.0031310039697597424
02_linear,Linear,Gradient Boosting Classifier,0,0,0.13264782747788553
02_linear,Linear,Gradient Boosting Classifier,1,1,0.9944280549284533
02_linear,Linear,Gradient Boosting Classifier,0,0,0.005788305176363548
02_linear,Linear,Gradient Boosting Classifier,0,0,0.004944906531687412
02_linear,Linear,Gradient Boosting Classifier,0,0,0.033301176689967925
02_linear,Linear,Gradient Boosting Classifier,1,1,0.9538276533796629
02_linear,Linear,Gradient Boosting Classifier,0,0,0.002182959036534132
02_linear,Linear,Gradient Boosting Classifier,0,0,0.021646514921538268
02_linear,Linear,Gradient Boosting Classifier,0,0,0.0036240289796718823
02_linear,Linear,Gradient Boosting Classifier,0,0,0.004490342032511805
02_linear,Linear,Gradient Boosting Classifier,1,1,0.9950580474136289
02_linear,Linear,Gradient Boosting Classifier,0,0,0.0038978873997709785
02_linear,Linear,Gradient Boosting Classifier,0,0,0.004609718349959959
02_linear,Linear,Gradient Boosting Classifier,1,1,0.9948705795266966
02_linear,Linear,Gradient Boosting Classifier,0,0,0.08501067906423508
02_linear,Linear,Gradient Boosting Classifier,0,0,0.05972162046413483
02_linear,Linear,Gradient Boosting Classifier,1,1,0.996355471761733
02_linear,Linear,Gradient Boosting Classifier,0,0,0.055685117146088925
02_linear,Linear,Gradient Boosting Classifier,0,0,0.03959530812577069
02_linear,Linear,Gradient Boosting Classifier,0,0,0.01228458443419238
02_linear,Linear,Gradient Boosting Classifier,0,0,0.0069518017763524195
02_linear,Linear,Gradient Boosting Classifier,0,0,0.013097113077772464
02_linear,Linear,Gradient Boosting Classifier,1,1,0.985120457327674
02_linear,Linear,Gradient Boosting Classifier,0,0,0.015489731979692549
02_linear,Linear,Gradient Boosting Classifier,0,0,0.021187629917715577
02_linear,Linear,Gradient Boosting Classifier,0,0,0.005827852101629334
02_linear,Linear,Gradient Boosting Classifier,0,0,0.005252667108796991
02_linear,Linear,Gradient Boosting Classifier,0,0,0.01626269383081086
02_linear,Linear,Gradient Boosting Classifier,0,0,0.004544627381938414
02_linear,Linear,Gradient Boosting Classifier,0,0,0.005880562025583945
02_linear,Linear,Gradient Boosting Classifier,0,0,0.0018277764911773062
02_linear,Linear,Gradient Boosting Classifier,1,1,0.9970782062131573
02_linear,Linear,Gradient Boosting Classifier,1,1,0.981731264227416
02_linear,Linear,Gradient Boosting Classifier,0,0,0.3158146968874619
02_linear,Linear,Gradient Boosting Classifier,1,1,0.9950658659532101
02_linear,Linear,Gradient Boosting Classifier,0,0,0.03722155153816711
02_linear,Linear,Gradient Boosting Classifier,0,1,0.7213692563698291
02_linear,Linear,Gradient Boosting Classifier,0,0,0.00676210455869058
02_linear,Linear,Gradient Boosting Classifier,1,1,0.983144964969049
02_linear,Linear,Gradient Boosting Classifier,1,1,0.9954991350744482
02_linear,Linear,Gradient Boosting Classifier,0,0,0.005090645179198467
02_linear,Linear,Gradient Boosting Classifier,0,0,0.0034866141424484145
02_linear,Linear,Gradient Boosting Classifier,0,0,0.006108817749546319
02_linear,Linear,Gradient Boosting Classifier,0,0,0.013399499877829662
02_linear,Linear,Gradient Boosting Classifier,0,0,0.008516234119798021
02_linear,Linear,Gradient Boosting Classifier,0,0,0.024339863779719282
02_linear,Linear,Gradient Boosting Classifier,0,0,0.005261235102809402
02_linear,Linear,Gradient Boosting Classifier,0,0,0.004549038526595724
02_linear,Linear,Gradient Boosting Classifier,1,1,0.9970199052338958
02_linear,Linear,Gradient Boosting Classifier,0,0,0.004439704237612423
02_linear,Linear,Gradient Boosting Classifier,0,0,0.021663891942805925
02_linear,Linear,Gradient Boosting Classifier,0,0,0.024344208855900787
02_linear,Linear,Gradient Boosting Classifier,0,0,0.013174663005831422
02_linear,Linear,Gradient Boosting Classifier,0,0,0.045346765952839305
02_linear,Linear,Gradient Boosting Classifier,0,0,0.010282074988322547
02_linear,Linear,Gradient Boosting Classifier,1,1,0.9943189009844559
02_linear,Linear,Gradient Boosting Classifier,0,0,0.00884926035612332
02_linear,Linear,Gradient Boosting Classifier,1,1,0.9958417601672725
02_linear,Linear,Gradient Boosting Classifier,1,1,0.9968890510399773
02_linear,Linear,Gradient Boosting Classifier,0,0,0.005228965914287321
02_linear,Linear,Gradient Boosting Classifier,0,0,0.10538349150562322
02_linear,Linear,Gradient Boosting Classifier,0,0,0.031290151760574585
02_linear,Linear,Gradient Boosting Classifier,0,0,0.0039262945058509725
02_linear,Linear,Gradient Boosting Classifier,0,0,0.004390346674987784
02_linear,Linear,Gradient Boosting Classifier,0,0,0.04817122290828712
02_linear,Linear,Gradient Boosting Classifier,0,0,0.028792426881434352
02_linear,Linear,Gradient Boosting Classifier,1,1,0.9954558313683873
02_linear,Linear,Gradient Boosting Classifier,1,0,0.46575184448257084
02_linear,Linear,Gradient Boosting Classifier,0,0,0.007829409682168824
02_linear,Linear,Gradient Boosting Classifier,0,0,0.009932172806844749
02_linear,Linear,Gradient Boosting Classifier,0,1,0.978664863302505
02_linear,Linear,Gradient Boosting Classifier,1,1,0.9964732687564837
02_linear,Linear,Gradient Boosting Classifier,0,0,0.013058991177458365
02_linear,Linear,Gradient Boosting Classifier,0,0,0.01087837934833631
02_linear,Linear,Gradient Boosting Classifier,0,0,0.0055972782272489885
02_linear,Linear,Gradient Boosting Classifier,0,0,0.02909286464712967
02_linear,Linear,Gradient Boosting Classifier,1,1,0.9954486136558515
02_linear,Linear,Gradient Boosting Classifier,0,0,0.04104594260330982
02_linear,Linear,Gradient Boosting Classifier,0,0,0.016405347394422048
02_linear,Linear,Gradient Boosting Classifier,0,0,0.05280643808722518
02_linear,Linear,Gradient Boosting Classifier,1,1,0.9971065705560684
02_linear,Linear,Gradient Boosting Classifier,1,1,0.9848654376307361
02_linear,Linear,Gradient Boosting Classifier,1,1,0.9970588187425709
02_linear,Linear,Gradient Boosting Classifier,0,0,0.015004459821732197
02_linear,Linear,Gradient Boosting Classifier,0,0,0.003997579008813992
02_linear,Linear,Gradient Boosting Classifier,0,0,0.12966639436481078
02_linear,Linear,Gradient Boosting Classifier,0,0,0.0071141661472863185
02_linear,Linear,Gradient Boosting Classifier,0,0,0.006494815949909675
02_linear,Linear,Gradient Boosting Classifier,0,0,0.003556757836098364
02_linear,Linear,Gradient Boosting Classifier,1,1,0.9943287660306589
02_linear,Linear,Gradient Boosting Classifier,1,1,0.9182241893238664
02_linear,Linear,Gradient Boosting Classifier,0,0,0.012275228018910362
02_linear,Linear,Gradient Boosting Classifier,0,0,0.11554157079234463
02_linear,Linear,Gradient Boosting Classifier,0,0,0.007140773163166459
02_linear,Linear,Gradient Boosting Classifier,0,0,0.016152551806501533
02_linear,Linear,Gradient Boosting Classifier,1,1,0.9191490436795916
02_linear,Linear,Gradient Boosting Classifier,0,0,0.036123361689173204
02_linear,Linear,Gradient Boosting Classifier,0,0,0.0017902362870260145
02_linear,Linear,Gradient Boosting Classifier,1,0,0.1889834889699083
02_linear,Linear,Gradient Boosting Classifier,0,0,0.023732014207234326
02_linear,Linear,Gradient Boosting Classifier,0,0,0.005126119709245381
02_linear,Linear,Gradient Boosting Classifier,0,0,0.00593179439881874
02_linear,Linear,Gradient Boosting Classifier,1,1,0.9950323115938843
02_linear,Linear,Gradient Boosting Classifier,0,0,0.006397284753490253
02_linear,Linear,Gradient Boosting Classifier,0,0,0.005914963429874005
02_linear,Linear,Gradient Boosting Classifier,0,0,0.013250010545710957
02_linear,Linear,Gradient Boosting Classifier,1,1,0.9968107901270234
02_linear,Linear,Gradient Boosting Classifier,1,1,0.9927238004508756
02_linear,Linear,Gradient Boosting Classifier,0,0,0.049945267420927184
02_linear,Linear,Gradient Boosting Classifier,0,0,0.0298203892173679
02_linear,Linear,Gradient Boosting Classifier,0,0,0.015644688116977445
02_linear,Linear,Gradient Boosting Classifier,1,1,0.9958417601672725
02_linear,Linear,Gradient Boosting Classifier,0,0,0.003665051364097445
02_linear,Linear,Gradient Boosting Classifier,0,0,0.004257522731901136
02_linear,Linear,Gradient Boosting Classifier,0,0,0.019792608858726385
02_linear,Linear,Gradient Boosting Classifier,0,0,0.0037481427026971924
02_linear,Linear,Gradient Boosting Classifier,0,0,0.01571378199190896
02_linear,Linear,Gradient Boosting Classifier,0,0,0.009994173840458583
02_linear,Linear,Gradient Boosting Classifier,1,1,0.9862650982669543
02_linear,Linear,Gradient Boosting Classifier,0,0,0.009676436052126649
02_linear,Linear,Gradient Boosting Classifier,0,0,0.010622267908246595
02_linear,Linear,Gradient Boosting Classifier,0,0,0.005067697305776901
02_linear,Linear,Gradient Boosting Classifier,1,1,0.9888225254657111
02_linear,Linear,Gradient Boosting Classifier,0,0,0.003421420741407552
02_linear,Linear,Gradient Boosting Classifier,1,1,0.9946631828921205
02_linear,Linear,Gradient Boosting Classifier,1,1,0.9943368502259483
02_linear,Linear,Gradient Boosting Classifier,0,0,0.0022855489174624113
02_linear,Linear,Gradient Boosting Classifier,0,0,0.003997579008813992
02_linear,Linear,Gradient Boosting Classifier,0,0,0.015012247876501749
02_linear,Linear,Gradient Boosting Classifier,0,0,0.0011256680885596794
02_linear,Linear,Gradient Boosting Classifier,0,0,0.0026625785587800098
02_linear,Linear,Gradient Boosting Classifier,0,0,0.006069178042219621
02_linear,Linear,Gradient Boosting Classifier,0,0,0.006321546546641501
02_linear,Linear,Gradient Boosting Classifier,0,0,0.014625204331389568
02_linear,Linear,Gradient Boosting Classifier,0,0,0.03460878051459733
02_linear,Linear,Gradient Boosting Classifier,0,0,0.05094331991459355
02_linear,Linear,Gradient Boosting Classifier,0,0,0.0072584796217435394
02_linear,Linear,Gradient Boosting Classifier,0,0,0.027255749716066674
02_linear,Linear,Gradient Boosting Classifier,0,0,0.028444023323051005
02_linear,Linear,Gradient Boosting Classifier,0,0,0.006426897923610737
02_linear,Linear,Gradient Boosting Classifier,0,0,0.004477894843761767
02_linear,Linear,Gradient Boosting Classifier,0,0,0.07147092130303545
02_linear,Linear,Gradient Boosting Classifier,0,0,0.010018594264594175
02_linear,Linear,Gradient Boosting Classifier,1,1,0.9886777311105376
02_linear,Linear,Gradient Boosting Classifier,0,0,0.004245129889904575
02_linear,Linear,Gradient Boosting Classifier,0,0,0.23077050586342465
02_linear,Linear,Gradient Boosting Classifier,0,0,0.025922184375655317
02_linear,Linear,Gradient Boosting Classifier,0,0,0.048247511057837617
02_linear,Linear,Gradient Boosting Classifier,0,0,0.00383206301786643
02_linear,Linear,Gradient Boosting Classifier,0,0,0.02315642968921302
02_linear,Linear,Gradient Boosting Classifier,0,0,0.008896389985990096
02_linear,Linear,Gradient Boosting Classifier,0,0,0.004232916365430577
02_linear,Linear,Gradient Boosting Classifier,0,0,0.004490342032511805
02_linear,Linear,Gradient Boosting Classifier,0,0,0.007713356227120485
02_linear,Linear,Gradient Boosting Classifier,0,0,0.005831471555755343
02_linear,Linear,Gradient Boosting Classifier,0,0,0.004264965414871255
02_linear,Linear,Gradient Boosting Classifier,0,0,0.011695360667077468
02_linear,Linear,Gradient Boosting Classifier,0,0,0.006290809041808766
02_linear,Linear,Gradient Boosting Classifier,0,0,0.006358888690148055
02_linear,Linear,Gradient Boosting Classifier,0,0,0.004141957437201168
02_linear,Linear,Gradient Boosting Classifier,0,0,0.010060386878160878
02_linear,Linear,Gradient Boosting Classifier,0,0,0.03943884294070794
02_linear,Linear,Gradient Boosting Classifier,1,1,0.6065185433044369
02_linear,Linear,Gradient Boosting Classifier,0,0,0.003521929534511266
02_linear,Linear,Gradient Boosting Classifier,0,1,0.7539308156725281
02_linear,Linear,Gradient Boosting Classifier,1,1,0.9838652478229779
02_linear,Linear,Gradient Boosting Classifier,0,0,0.024372677890623976
02_linear,Linear,Gradient Boosting Classifier,0,0,0.0038745758840360435
02_linear,Linear,Gradient Boosting Classifier,0,0,0.007992878668222231
02_linear,Linear,Gradient Boosting Classifier,1,1,0.9959580346578605
02_linear,Linear,Gradient Boosting Classifier,0,0,0.01762502890978585
02_linear,Linear,Gradient Boosting Classifier,0,0,0.043873241185173835
02_linear,Linear,Gradient Boosting Classifier,0,0,0.014625204331389568
02_linear,Linear,Gradient Boosting Classifier,0,0,0.005418258356114669
02_linear,Linear,Gradient Boosting Classifier,1,1,0.9938296610118158
02_linear,Linear,Gradient Boosting Classifier,0,0,0.0033902933174517753
02_linear,Linear,Gradient Boosting Classifier,1,1,0.9549622106938033
02_linear,Linear,Gradient Boosting Classifier,0,0,0.004059881453380199
02_linear,Linear,Gradient Boosting Classifier,0,0,0.028371690818555232
02_linear,Linear,Gradient Boosting Classifier,0,0,0.006016181826270716
02_linear,Linear,Gradient Boosting Classifier,0,0,0.00884867971814988
02_linear,Linear,Gradient Boosting Classifier,0,0,0.026634396238114706
02_linear,Linear,Gradient Boosting Classifier,1,1,0.9974376297122233
02_linear,Linear,Gradient Boosting Classifier,1,1,0.9695557682885867
02_linear,Linear,Gradient Boosting Classifier,0,0,0.0035094031997000195
02_linear,Linear,Gradient Boosting Classifier,1,1,0.9972714967788195
02_linear,Linear,Gradient Boosting Classifier,0,0,0.06060636968272667
02_linear,Linear,Gradient Boosting Classifier,1,1,0.9947674883578774
02_linear,Linear,Gradient Boosting Classifier,0,0,0.009898408897493875
02_linear,Linear,Gradient Boosting Classifier,0,0,0.0116775904435049
02_linear,Linear,Gradient Boosting Classifier,0,0,0.002737984949942563
02_linear,Linear,Gradient Boosting Classifier,0,0,0.002192904716394772
02_linear,Linear,Gradient Boosting Classifier,1,1,0.995571704609372
02_linear,Linear,Gradient Boosting Classifier,0,0,0.010058353584355204
02_linear,Linear,Gradient Boosting Classifier,0,0,0.04470194326458263
02_linear,Linear,Gradient Boosting Classifier,0,0,0.004351753960764021
02_linear,Linear,Gradient Boosting Classifier,0,0,0.005067697305776901
02_linear,Linear,Gradient Boosting Classifier,1,1,0.9958417601672725
02_linear,Linear,Gradient Boosting Classifier,0,0,0.010430434043874347
02_linear,Linear,Gradient Boosting Classifier,1,1,0.9546334344315489
02_linear,Linear,Gradient Boosting Classifier,1,1,0.5392702469525512
02_linear,Linear,Gradient Boosting Classifier,1,1,0.9978838006891035
02_linear,Linear,Gradient Boosting Classifier,1,1,0.9636850155336781
02_linear,Linear,Gradient Boosting Classifier,0,0,0.020859210527068236
02_linear,Linear,Gradient Boosting Classifier,0,0,0.004962237569780183
02_linear,Linear,Gradient Boosting Classifier,0,0,0.010644000555769698
02_linear,Linear,Gradient Boosting Classifier,0,0,0.022186060379401157
02_linear,Linear,Gradient Boosting Classifier,0,0,0.009333560509790638
02_linear,Linear,Gradient Boosting Classifier,0,0,0.05505478208952007
02_linear,Linear,Gradient Boosting Classifier,1,1,0.9967674877316179
02_linear,Linear,Gradient Boosting Classifier,1,1,0.9974404128748997
02_linear,Linear,Gradient Boosting Classifier,1,0,0.0605332474337973
02_linear,Linear,Gradient Boosting Classifier,1,1,0.9951798421987645
02_linear,Linear,Gradient Boosting Classifier,0,0,0.0026641408448165272
02_linear,Linear,Gradient Boosting Classifier,1,1,0.9299826332868838
02_linear,Linear,Gradient Boosting Classifier,0,0,0.006798001207506003
02_linear,Linear,Gradient Boosting Classifier,0,0,0.0032282547551386
02_linear,Linear,Gradient Boosting Classifier,0,0,0.007094788438758007
02_linear,Linear,Gradient Boosting Classifier,0,0,0.026146478273012707
02_linear,Linear,Gradient Boosting Classifier,1,1,0.9952215958166608
02_linear,Linear,Gradient Boosting Classifier,0,0,0.014904626744795531
02_linear,Linear,Gradient Boosting Classifier,1,1,0.9971396093287013
02_linear,Linear,Gradient Boosting Classifier,1,1,0.9954798049658855
02_linear,Linear,Gradient Boosting Classifier,0,0,0.0019786881902375355
02_linear,Linear,Gradient Boosting Classifier,0,0,0.002611006291014169
02_linear,Linear,Gradient Boosting Classifier,0,0,0.004618312123278793
02_linear,Linear,Gradient Boosting Classifier,0,0,0.01910304600198903
02_linear,Linear,Gradient Boosting Classifier,0,0,0.029418771322015903
02_linear,Linear,Gradient Boosting Classifier,0,0,0.07286966959481897
02_linear,Linear,Gradient Boosting Classifier,1,1,0.9865732160536632
02_linear,Linear,Gradient Boosting Classifier,0,0,0.016368043640807847
02_linear,Linear,Gradient Boosting Classifier,0,0,0.0032995173840084323
02_linear,Linear,Gradient Boosting Classifier,0,0,0.0063084644858926045
02_linear,Linear,Gradient Boosting Classifier,0,0,0.0037728110604811935
02_linear,Linear,Gradient Boosting Classifier,0,0,0.0064624740946233996
02_linear,Linear,Gradient Boosting Classifier,0,0,0.00707557044360118
02_linear,Linear,Gradient Boosting Classifier,0,0,0.007831301035844786
02_linear,Linear,Gradient Boosting Classifier,0,0,0.00737071297795163
02_linear,Linear,Gradient Boosting Classifier,0,0,0.017798455311466697
02_linear,Linear,Gradient Boosting Classifier,0,0,0.04402858012432332
02_linear,Linear,Gradient Boosting Classifier,1,1,0.995571704609372
02_linear,Linear,Gradient Boosting Classifier,0,0,0.01177500070452131
02_linear,Linear,Gradient Boosting Classifier,0,0,0.013408440774800388
02_linear,Linear,Gradient Boosting Classifier,0,0,0.013505609637761245
02_linear,Linear,Gradient Boosting Classifier,0,0,0.0062934776752754515
02_linear,Linear,Gradient Boosting Classifier,0,0,0.010136587469909034
02_linear,Linear,Gradient Boosting Classifier,1,1,0.8852304004114633
02_linear,Linear,Gradient Boosting Classifier,0,0,0.04702007390922963
02_linear,Linear,Gradient Boosting Classifier,0,0,0.008629468689005966
02_linear,Linear,Gradient Boosting Classifier,0,0,0.004059881453380199
02_linear,Linear,Gradient Boosting Classifier,0,0,0.004857992555335168
02_linear,Linear,Gradient Boosting Classifier,0,0,0.01344695829666841
02_linear,Linear,Gradient Boosting Classifier,0,0,0.027155848793414098
02_linear,Linear,Gradient Boosting Classifier,1,1,0.9968999398094271
02_linear,Linear,Gradient Boosting Classifier,0,0,0.4222375112396562
02_linear,Linear,Gradient Boosting Classifier,0,0,0.03774710191296718
02_linear,Linear,Gradient Boosting Classifier,0,0,0.0051294660863295104
02_linear,Linear,Gradient Boosting Classifier,0,0,0.025330959259849416
02_linear,Linear,Gradient Boosting Classifier,0,0,0.005665994730524232
02_linear,Linear,Gradient Boosting Classifier,0,0,0.010203374123387073
02_linear,Linear,Gradient Boosting Classifier,0,0,0.005807217708821445
02_linear,Linear,Gradient Boosting Classifier,0,0,0.0059113334263716155
02_linear,Linear,Gradient Boosting Classifier,0,0,0.1933784119066911
02_linear,Linear,Gradient Boosting Classifier,1,1,0.9977089225559039
02_linear,Linear,Gradient Boosting Classifier,0,0,0.0033956564719287642
02_linear,Linear,Gradient Boosting Classifier,0,1,0.5895431997492158
02_linear,Linear,Gradient Boosting Classifier,0,0,0.004968850740265815
02_linear,Linear,Gradient Boosting Classifier,0,0,0.03678935087623107
02_linear,Linear,Gradient Boosting Classifier,1,1,0.9825002568952727
02_linear,Linear,Gradient Boosting Classifier,0,0,0.004652249877373517
02_linear,Linear,Gradient Boosting Classifier,0,0,0.0038000669962172705
02_linear,Linear,Gradient Boosting Classifier,0,0,0.015565103862590263
02_linear,Linear,Gradient Boosting Classifier,0,0,0.06387471493983579
02_linear,Linear,Gradient Boosting Classifier,0,0,0.0031879150451023996
02_linear,Linear,Gradient Boosting Classifier,0,0,0.0036215435246670685
02_linear,Linear,Gradient Boosting Classifier,0,0,0.005297229793108612
02_linear,Linear,Gradient Boosting Classifier,1,1,0.9932162431885205
02_linear,Linear,Gradient Boosting Classifier,0,0,0.01930852078364709
02_linear,Linear,Gradient Boosting Classifier,1,1,0.9890657839824986
02_linear,Linear,Gradient Boosting Classifier,0,0,0.0242488720479249
02_linear,Linear,Gradient Boosting Classifier,0,0,0.010708086793623891
02_linear,Linear,Gradient Boosting Classifier,0,0,0.002528875403879453
02_linear,Linear,Gradient Boosting Classifier,0,0,0.010240149768948143
02_linear,Linear,Gradient Boosting Classifier,1,1,0.893365832848361
02_linear,Linear,Gradient Boosting Classifier,0,0,0.021201814946678495
02_linear,Linear,Gradient Boosting Classifier,0,0,0.007054962534177064
02_linear,Linear,Gradient Boosting Classifier,0,0,0.007094788438758007
02_linear,Linear,Gradient Boosting Classifier,1,1,0.9790233545805113
02_linear,Linear,Gradient Boosting Classifier,0,0,0.004615397836335987
02_linear,Linear,Gradient Boosting Classifier,0,0,0.04511344980682506
02_linear,Linear,Gradient Boosting Classifier,0,0,0.04501693309803434
02_linear,Linear,Gradient Boosting Classifier,1,1,0.9946631828921205
02_linear,Linear,Gradient Boosting Classifier,0,0,0.006652373098744805
02_linear,Linear,Gradient Boosting Classifier,0,0,0.026463355963620136
02_linear,Linear,Gradient Boosting Classifier,1,1,0.9959493701239706
02_linear,Linear,Gradient Boosting Classifier,0,0,0.017118208275852462
02_linear,Linear,Gradient Boosting Classifier,0,0,0.005827852101629334
02_linear,Linear,Gradient Boosting Classifier,0,0,0.006781864511243938
02_linear,Linear,Gradient Boosting Classifier,1,1,0.9946159248004622
02_linear,Linear,Gradient Boosting Classifier,0,0,0.041093049532870345
02_linear,Linear,Gradient Boosting Classifier,1,1,0.7237307779719675
02_linear,Linear,Gradient Boosting Classifier,0,0,0.0035089220210330436
02_linear,Linear,Gradient Boosting Classifier,0,0,0.030577782145979948
02_linear,Linear,Gradient Boosting Classifier,1,1,0.9049087081145345
02_linear,Linear,Gradient Boosting Classifier,0,0,0.027504615562919915
02_linear,Linear,Gradient Boosting Classifier,0,0,0.005807217708821445
02_linear,Linear,Gradient Boosting Classifier,1,1,0.996322187709093
02_linear,Linear,Gradient Boosting Classifier,0,0,0.00924277833667772
02_linear,Linear,Gradient Boosting Classifier,0,0,0.004719904530632039
02_linear,Linear,Gradient Boosting Classifier,0,0,0.003952256584761308
02_linear,Linear,Gradient Boosting Classifier,0,0,0.03488212986667428
02_linear,Linear,Gradient Boosting Classifier,1,1,0.9949324543616007
02_linear,Linear,Gradient Boosting Classifier,0,0,0.004305919184558677
02_linear,Linear,Gradient Boosting Classifier,0,0,0.010398298763373708
02_linear,Linear,Gradient Boosting Classifier,1,1,0.7172873786087467
02_linear,Linear,Gradient Boosting Classifier,0,0,0.0031041477840753804
02_linear,Linear,Gradient Boosting Classifier,0,0,0.005228965914287321
02_linear,Linear,Gradient Boosting Classifier,0,0,0.1280744560770015
02_linear,Linear,Gradient Boosting Classifier,0,0,0.0036239521548698207
02_linear,Linear,Gradient Boosting Classifier,1,1,0.996348045347078
02_linear,Linear,Gradient Boosting Classifier,0,0,0.0037293720687702485
02_linear,Linear,Gradient Boosting Classifier,0,0,0.0074961467692736036
02_linear,Linear,Gradient Boosting Classifier,0,0,0.03977661987696146
02_linear,Linear,Gradient Boosting Classifier,0,0,0.004155611481580392
02_linear,Linear,Gradient Boosting Classifier,0,0,0.35456392955742466
02_linear,Linear,Gradient Boosting Classifier,0,0,0.004141957437201168
02_linear,Linear,Gradient Boosting Classifier,0,0,0.023334557454470075
02_linear,Linear,Gradient Boosting Classifier,0,0,0.004758074988739178
02_linear,Linear,Gradient Boosting Classifier,0,0,0.03665635789810907
02_linear,Linear,Gradient Boosting Classifier,0,1,0.5037542264808461
02_linear,Linear,Gradient Boosting Classifier,0,0,0.00592057478653317
02_linear,Linear,Gradient Boosting Classifier,0,0,0.005807217708821445
02_linear,Linear,Gradient Boosting Classifier,0,0,0.01648139169770014
02_linear,Linear,Gradient Boosting Classifier,0,0,0.20159464156816892
02_linear,Linear,Gradient Boosting Classifier,0,0,0.015150968015048052
02_linear,Linear,Gradient Boosting Classifier,0,0,0.0039759874540740555
02_linear,Linear,Gradient Boosting Classifier,0,0,0.002676058896732114
02_linear,Linear,Gradient Boosting Classifier,0,0,0.013025122590851682
02_linear,Linear,Gradient Boosting Classifier,0,0,0.002102353196606117
02_linear,Linear,Gradient Boosting Classifier,1,1,0.733027818931658
02_linear,Linear,Gradient Boosting Classifier,0,0,0.007309168837519009
02_linear,Linear,Gradient Boosting Classifier,0,0,0.002401007531422812
02_linear,Linear,Gradient Boosting Classifier,0,0,0.27187520752855815
02_linear,Linear,Gradient Boosting Classifier,0,0,0.005720028273444899
02_linear,Linear,Gradient Boosting Classifier,0,0,0.004226253495796891
02_linear,Linear,Gradient Boosting Classifier,0,0,0.007711315796318737
02_linear,Linear,Gradient Boosting Classifier,0,0,0.006360778399816211
02_linear,Linear,Gradient Boosting Classifier,0,0,0.3524503270017406
02_linear,Linear,Gradient Boosting Classifier,0,0,0.0049573424971605445
02_linear,Linear,Gradient Boosting Classifier,1,1,0.9593143200309703
02_linear,Linear,Gradient Boosting Classifier,0,0,0.00520007476477771
02_linear,Linear,Gradient Boosting Classifier,0,0,0.0030314103361547976
02_linear,Linear,Gradient Boosting Classifier,0,0,0.012593295103207473
02_linear,Linear,Gradient Boosting Classifier,0,0,0.012132312178924012
02_linear,Linear,Gradient Boosting Classifier,0,0,0.06551981060467205
02_linear,Linear,Gradient Boosting Classifier,0,0,0.050498980517031326
02_linear,Linear,Gradient Boosting Classifier,0,0,0.004610856686611771
02_linear,Linear,Gradient Boosting Classifier,0,0,0.021779104992133716
02_linear,Linear,Gradient Boosting Classifier,0,0,0.005500700390543302
02_linear,Linear,Gradient Boosting Classifier,1,1,0.9944212649233053
02_linear,Linear,Gradient Boosting Classifier,0,0,0.0037290523621661045
02_linear,Linear,Gradient Boosting Classifier,1,1,0.995984216509715
02_linear,Linear,Gradient Boosting Classifier,1,1,0.995571704609372
02_linear,Linear,Gradient Boosting Classifier,0,0,0.0014534004589092859
02_linear,Linear,Gradient Boosting Classifier,0,0,0.011935689208556952
02_linear,Linear,Gradient Boosting Classifier,1,1,0.9959793151849156
02_linear,Linear,Gradient Boosting Classifier,0,0,0.2645022557799529
02_linear,Linear,Gradient Boosting Classifier,1,1,0.9951804855566153
02_linear,Linear,Gradient Boosting Classifier,0,0,0.012679163679874433
02_linear,Linear,Gradient Boosting Classifier,0,0,0.002744705050050212
02_linear,Linear,Gradient Boosting Classifier,1,1,0.9791302489774572
02_linear,Linear,Gradient Boosting Classifier,0,0,0.003702215358691031
02_linear,Linear,Gradient Boosting Classifier,1,1,0.9465107249544775
02_linear,Linear,Gradient Boosting Classifier,0,0,0.005720028273444899
02_linear,Linear,Gradient Boosting Classifier,0,0,0.004405778332851303
02_linear,Linear,Gradient Boosting Classifier,0,0,0.004226253495796891
02_linear,Linear,Gradient Boosting Classifier,1,1,0.9951804855566153
02_linear,Linear,Gradient Boosting Classifier,0,0,0.054943489194733304
02_linear,Linear,Gradient Boosting Classifier,0,0,0.021543515056702132
02_linear,Linear,Gradient Boosting Classifier,0,0,0.011130914198767074
02_linear,Linear,Gradient Boosting Classifier,0,0,0.006069178042219621
02_linear,Linear,Gradient Boosting Classifier,0,0,0.0034288336343400857
02_linear,Linear,Gradient Boosting Classifier,0,0,0.024118160612141393
02_linear,Linear,Gradient Boosting Classifier,1,0,0.03881042262526945
02_linear,Linear,Gradient Boosting Classifier,0,0,0.002099332045944254
02_linear,Linear,Gradient Boosting Classifier,0,0,0.00432475748355981
02_linear,Linear,Gradient Boosting Classifier,0,0,0.004170990169513515
02_linear,Linear,Gradient Boosting Classifier,0,0,0.006896966721892858
02_linear,Linear,Gradient Boosting Classifier,0,0,0.005424876514014176
02_linear,Linear,Gradient Boosting Classifier,1,1,0.9748251757443912
02_linear,Linear,Gradient Boosting Classifier,0,0,0.014349501499954061
02_linear,Linear,Gradient Boosting Classifier,0,1,0.7367448404613898
02_linear,Linear,Gradient Boosting Classifier,0,0,0.004878547009037928
02_linear,Linear,Gradient Boosting Classifier,0,0,0.026533615701856944
02_linear,Linear,Gradient Boosting Classifier,1,1,0.9933144750773336
02_linear,Linear,Gradient Boosting Classifier,1,1,0.995571704609372
02_linear,Linear,Gradient Boosting Classifier,0,0,0.03654605609302082
02_linear,Linear,Gradient Boosting Classifier,0,0,0.005132727672449302
02_linear,Linear,Gradient Boosting Classifier,0,0,0.004208694679808264
02_linear,Linear,Gradient Boosting Classifier,0,0,0.004351753960764021
02_linear,Linear,Gradient Boosting Classifier,1,1,0.9803318397486576
02_linear,Linear,Gradient Boosting Classifier,1,1,0.9765957736212038
02_linear,Linear,Gradient Boosting Classifier,1,1,0.996420537313444
02_linear,Linear,Gradient Boosting Classifier,0,0,0.013676822222852103
02_linear,Linear,Gradient Boosting Classifier,0,0,0.041308356665529525
02_linear,Linear,Gradient Boosting Classifier,0,0,0.00220170079995423
02_linear,Linear,Gradient Boosting Classifier,0,0,0.011235003220183518
02_linear,Linear,Gradient Boosting Classifier,0,0,0.005596380469957648
02_linear,Linear,Gradient Boosting Classifier,1,1,0.994899669996452
02_linear,Linear,Gradient Boosting Classifier,0,0,0.0049052832788233774
02_linear,Linear,Gradient Boosting Classifier,0,0,0.06788520191929572
02_linear,Linear,Gradient Boosting Classifier,0,0,0.0045300323982930815
02_linear,Linear,Gradient Boosting Classifier,0,0,0.008709146648553823
02_linear,Linear,Gradient Boosting Classifier,0,0,0.2306245517201607
02_linear,Linear,Gradient Boosting Classifier,1,1,0.9944280549284533
02_linear,Linear,Gradient Boosting Classifier,0,0,0.005335571583301457
02_linear,Linear,Gradient Boosting Classifier,0,0,0.020065066695921528
02_linear,Linear,Gradient Boosting Classifier,1,1,0.996957690662149
02_linear,Linear,Gradient Boosting Classifier,0,0,0.0044117063332061056
02_linear,Linear,Gradient Boosting Classifier,0,0,0.011345612356209655
02_linear,Linear,Gradient Boosting Classifier,1,1,0.8811851039623774
02_linear,Linear,Gradient Boosting Classifier,0,0,0.04779869736905636
02_linear,Linear,Gradient Boosting Classifier,0,0,0.004003083736192778
02_linear,Linear,Gradient Boosting Classifier,1,1,0.9951360061459401
02_linear,Linear,Gradient Boosting Classifier,0,0,0.006129085909647232
02_linear,Linear,Gradient Boosting Classifier,0,0,0.05171361507050968
02_linear,Linear,Gradient Boosting Classifier,1,1,0.855860422655036
02_linear,Linear,Gradient Boosting Classifier,1,1,0.9171146156187956
02_linear,Linear,Gradient Boosting Classifier,1,1,0.9708434222156757
02_linear,Linear,Gradient Boosting Classifier,0,0,0.0085019344660141
02_linear,Linear,Gradient Boosting Classifier,0,0,0.010641687984969811
02_linear,Linear,Gradient Boosting Classifier,1,1,0.9970308033019298
02_linear,Linear,Gradient Boosting Classifier,1,1,0.9942658412701258
02_linear,Linear,Gradient Boosting Classifier,0,0,0.0044117063332061056
02_linear,Linear,Gradient Boosting Classifier,1,1,0.9761315904345668
02_linear,Linear,Gradient Boosting Classifier,0,0,0.005207978677916198
02_linear,Linear,Gradient Boosting Classifier,1,1,0.8870843417420714
02_linear,Linear,Gradient Boosting Classifier,0,0,0.004564593115823965
02_linear,Linear,Gradient Boosting Classifier,1,1,0.9929936362691885
02_linear,Linear,Gradient Boosting Classifier,0,0,0.00876025808018227
02_linear,Linear,Gradient Boosting Classifier,0,0,0.017951128341278075
02_linear,Linear,Gradient Boosting Classifier,0,0,0.0033616334185641267
02_linear,Linear,Gradient Boosting Classifier,0,0,0.006471452815722074
02_linear,Linear,Gradient Boosting Classifier,0,0,0.021598718256944708
02_linear,Linear,Gradient Boosting Classifier,1,1,0.9965278398382668
02_linear,Linear,Gradient Boosting Classifier,0,0,0.020462309894600607
02_linear,Linear,Gradient Boosting Classifier,1,1,0.9952413076747009
02_linear,Linear,Gradient Boosting Classifier,0,0,0.014708507299022865
02_linear,Linear,Gradient Boosting Classifier,0,0,0.013699615097018456
02_linear,Linear,Gradient Boosting Classifier,1,1,0.8387788663197419
02_linear,Linear,Gradient Boosting Classifier,0,0,0.013618085379701104
02_linear,Linear,Gradient Boosting Classifier,0,0,0.012008883997577302
02_linear,Linear,Gradient Boosting Classifier,0,0,0.05116533795827905
02_linear,Linear,Gradient Boosting Classifier,0,0,0.014407061931146232
02_linear,Linear,Gradient Boosting Classifier,0,0,0.005360865632454387
02_linear,Linear,Gradient Boosting Classifier,0,0,0.045870517543481815
02_linear,Linear,Gradient Boosting Classifier,0,0,0.06547322174977398
02_linear,Linear,Gradient Boosting Classifier,0,0,0.008396986321936374
02_linear,Linear,Gradient Boosting Classifier,1,1,0.9959218425096522
02_linear,Linear,Gradient Boosting Classifier,0,0,0.008122890642093077
02_linear,Linear,Gradient Boosting Classifier,0,0,0.009490366609042419
02_linear,Linear,Gradient Boosting Classifier,1,1,0.995571704609372
02_linear,Linear,Gradient Boosting Classifier,0,0,0.004235779416698119
02_linear,Linear,Gradient Boosting Classifier,1,1,0.9857790788125239
02_linear,Linear,Gradient Boosting Classifier,1,1,0.9959561504971368
02_linear,Linear,Gradient Boosting Classifier,0,0,0.00737071297795163
02_linear,Linear,Gradient Boosting Classifier,1,0,0.30291461486209514
02_linear,Linear,Gradient Boosting Classifier,0,0,0.0895506530806937
02_linear,Linear,Gradient Boosting Classifier,0,0,0.010264144786767742
02_linear,Linear,Gradient Boosting Classifier,0,0,0.023243197637553472
02_linear,Linear,Gradient Boosting Classifier,1,1,0.9956285408395685
02_linear,Linear,Gradient Boosting Classifier,0,0,0.006333092845298208
02_linear,Linear,Gradient Boosting Classifier,0,0,0.01376988116591931
02_linear,Linear,Gradient Boosting Classifier,0,0,0.015633314151336546
02_linear,Linear,Gradient Boosting Classifier,0,0,0.005807217708821445
02_linear,Linear,Gradient Boosting Classifier,0,0,0.012543727756945382
02_linear,Linear,Gradient Boosting Classifier,0,0,0.021848782801251118
02_linear,Linear,Gradient Boosting Classifier,0,0,0.12180975525188431
02_linear,Linear,Gradient Boosting Classifier,0,0,0.004590744603396987
02_linear,Linear,Gradient Boosting Classifier,1,1,0.6151975372745081
02_linear,Linear,Gradient Boosting Classifier,0,0,0.014788319660349157
02_linear,Linear,Gradient Boosting Classifier,0,0,0.011587300405147181
02_linear,Linear,Gradient Boosting Classifier,0,0,0.006119462585994021
02_linear,Linear,Gradient Boosting Classifier,1,1,0.9975960834217791
02_linear,Linear,Gradient Boosting Classifier,0,0,0.11814954366031348
02_linear,Linear,Gradient Boosting Classifier,0,0,0.023414849229581668
02_linear,Linear,Gradient Boosting Classifier,0,0,0.05587157440908328
02_linear,Linear,Gradient Boosting Classifier,1,1,0.997694161276062
02_linear,Linear,Gradient Boosting Classifier,0,0,0.05546122756025376
02_linear,Linear,Gradient Boosting Classifier,0,0,0.007070948957686853
02_linear,Linear,Gradient Boosting Classifier,1,1,0.9929060907397615
02_linear,Linear,Gradient Boosting Classifier,1,1,0.9729143697659999
02_linear,Linear,Gradient Boosting Classifier,0,0,0.003947568502302347
02_linear,Linear,Gradient Boosting Classifier,1,1,0.9950403512690862
02_linear,Linear,Gradient Boosting Classifier,0,0,0.052629941306681194
02_linear,Linear,Gradient Boosting Classifier,0,0,0.015726501456078405
02_linear,Linear,Gradient Boosting Classifier,1,1,0.9951360061459401
02_linear,Linear,Gradient Boosting Classifier,0,0,0.005331096024448067
02_linear,Linear,Gradient Boosting Classifier,1,1,0.9959218425096522
02_linear,Linear,Gradient Boosting Classifier,1,1,0.9962186707893528
02_linear,Linear,Gradient Boosting Classifier,0,0,0.03627582561260666
02_linear,Linear,Gradient Boosting Classifier,1,1,0.9848471721299435
02_linear,Linear,Gradient Boosting Classifier,0,0,0.0034822324246589864
02_linear,Linear,Gradient Boosting Classifier,0,0,0.0048555294465078835
02_linear,Linear,Gradient Boosting Classifier,0,0,0.0988390760161224
02_linear,Linear,Gradient Boosting Classifier,0,0,0.004619202090924784
02_linear,Linear,Gradient Boosting Classifier,0,0,0.004452150629635162
02_linear,Linear,Gradient Boosting Classifier,0,0,0.13286165289481128
02_linear,Linear,Gradient Boosting Classifier,0,0,0.14004164816194717
02_linear,Linear,Gradient Boosting Classifier,0,0,0.005933352063681462
02_linear,Linear,Gradient Boosting Classifier,0,0,0.005815730481348542
02_linear,Linear,Gradient Boosting Classifier,0,0,0.04417804256371501
02_linear,Linear,Gradient Boosting Classifier,0,0,0.004020410905917646
02_linear,Linear,Gradient Boosting Classifier,0,0,0.02955507231510227
02_linear,Linear,Gradient Boosting Classifier,0,0,0.004226253495796891
02_linear,Linear,Gradient Boosting Classifier,0,0,0.11338950697016581
02_linear,Linear,Gradient Boosting Classifier,1,1,0.9939356067585553
02_linear,Linear,Gradient Boosting Classifier,0,0,0.0050344173363966495
02_linear,Linear,Gradient Boosting Classifier,0,0,0.0054247122974933094
02_linear,Linear,Gradient Boosting Classifier,0,0,0.009721232753626526
02_linear,Linear,Gradient Boosting Classifier,0,0,0.01595337994941686
02_linear,Linear,Gradient Boosting Classifier,1,1,0.9968449647107565
02_linear,Linear,Gradient Boosting Classifier,0,0,0.004179187132198349
02_linear,Linear,Gradient Boosting Classifier,0,0,0.0176504437205747
02_linear,Linear,Gradient Boosting Classifier,0,0,0.01593229829708838
02_linear,Linear,Gradient Boosting Classifier,0,0,0.004490342032511805
02_linear,Linear,Gradient Boosting Classifier,1,1,0.996348045347078
02_linear,Linear,Gradient Boosting Classifier,0,0,0.035203231416991866
02_linear,Linear,Gradient Boosting Classifier,0,0,0.013532144266018845
02_linear,Linear,Gradient Boosting Classifier,0,0,0.00564821788075806
02_linear,Linear,Gradient Boosting Classifier,0,0,0.035948970715193006
02_linear,Linear,Gradient Boosting Classifier,0,0,0.009267395980141844
02_linear,Linear,Gradient Boosting Classifier,0,0,0.005448609714755192
02_linear,Linear,Gradient Boosting Classifier,0,0,0.0058316659611208485
02_linear,Linear,Gradient Boosting Classifier,1,1,0.9970835928673187
02_linear,Linear,Gradient Boosting Classifier,0,0,0.009366704427103327
02_linear,Linear,Gradient Boosting Classifier,0,0,0.004908409410891426
02_linear,Linear,Gradient Boosting Classifier,0,0,0.10549682039088255
02_linear,Linear,Gradient Boosting Classifier,0,0,0.0047653485062558775
02_linear,Linear,Gradient Boosting Classifier,0,0,0.03269926340487256
02_linear,Linear,Gradient Boosting Classifier,0,0,0.004346116529225615
02_linear,Linear,Gradient Boosting Classifier,1,1,0.985382218999673
02_linear,Linear,Gradient Boosting Classifier,1,1,0.9986161257460147
02_linear,Linear,Gradient Boosting Classifier,0,0,0.09489020914578963
02_linear,Linear,Gradient Boosting Classifier,1,1,0.9857790788125239
02_linear,Linear,Gradient Boosting Classifier,0,0,0.022655949359522067
02_linear,Linear,Gradient Boosting Classifier,1,1,0.9560971064118231
02_linear,Linear,Gradient Boosting Classifier,1,1,0.9905626561229224
02_linear,Linear,Gradient Boosting Classifier,0,0,0.006238083591144284
02_linear,Linear,Gradient Boosting Classifier,1,1,0.6293637657509109
02_linear,Linear,Gradient Boosting Classifier,0,0,0.007371994858498328
02_linear,Linear,Gradient Boosting Classifier,0,0,0.003634835154631251
02_linear,Linear,Gradient Boosting Classifier,1,1,0.9969186731323489
02_linear,Linear,Gradient Boosting Classifier,0,0,0.0041892135208076615
02_linear,Linear,Gradient Boosting Classifier,1,1,0.9965527438510873
02_linear,Linear,Gradient Boosting Classifier,0,0,0.007452705451095249
02_linear,Linear,Gradient Boosting Classifier,0,0,0.01628967841575256
02_linear,Linear,Gradient Boosting Classifier,0,0,0.00737624850825346
02_linear,Linear,Gradient Boosting Classifier,0,0,0.0064749940661758
02_linear,Linear,Gradient Boosting Classifier,0,0,0.010571119244677336
02_linear,Linear,Gradient Boosting Classifier,1,1,0.9951804855566153
02_linear,Linear,Gradient Boosting Classifier,0,0,0.01621212925038245
02_linear,Linear,Gradient Boosting Classifier,0,0,0.005807217708821445
02_linear,Linear,Gradient Boosting Classifier,0,0,0.03029506890653195
02_linear,Linear,Gradient Boosting Classifier,0,0,0.012525465123860083
02_linear,Linear,Gradient Boosting Classifier,0,0,0.016130218969086722
02_linear,Linear,Gradient Boosting Classifier,0,0,0.016163068219580953
02_linear,Linear,Gradient Boosting Classifier,0,0,0.0017785895816798127
02_linear,Linear,Gradient Boosting Classifier,0,0,0.08871753412789012
02_linear,Linear,Gradient Boosting Classifier,1,1,0.9842028120699776
02_linear,Linear,Gradient Boosting Classifier,1,1,0.9950323115938843
02_linear,Linear,Gradient Boosting Classifier,0,0,0.005399496271155256
02_linear,Linear,Gradient Boosting Classifier,0,0,0.02117297506412253
02_linear,Linear,Gradient Boosting Classifier,0,0,0.015743682285897714
02_linear,Linear,Gradient Boosting Classifier,0,0,0.007231327993374598
02_linear,Linear,Gradient Boosting Classifier,0,0,0.009435823036758642
02_linear,Linear,Gradient Boosting Classifier,0,0,0.0049903202779233765
02_linear,Linear,Gradient Boosting Classifier,1,1,0.9761315904345668
02_linear,Linear,Gradient Boosting Classifier,0,0,0.004616977505199944
02_linear,Linear,Gradient Boosting Classifier,0,0,0.010541106004280463
02_linear,Linear,Gradient Boosting Classifier,0,0,0.02025769193611963
02_linear,Linear,Gradient Boosting Classifier,0,0,0.004430420438747473
02_linear,Linear,Gradient Boosting Classifier,0,0,0.007157312895053566
02_linear,Linear,Gradient Boosting Classifier,1,1,0.8943625425533535
02_linear,Linear,Gradient Boosting Classifier,0,0,0.02607456314032508
02_linear,Linear,Gradient Boosting Classifier,0,0,0.29633350680483933
02_linear,Linear,Gradient Boosting Classifier,0,0,0.005071952863844051
02_linear,Linear,Gradient Boosting Classifier,0,0,0.013682404954917474
02_linear,Linear,Gradient Boosting Classifier,0,0,0.011781478635100939
02_linear,Linear,Gradient Boosting Classifier,0,0,0.03048747242646711
02_linear,Linear,Gradient Boosting Classifier,0,0,0.011902929982272735
02_linear,Linear,Gradient Boosting Classifier,0,0,0.0018714340676475583
02_linear,Linear,Gradient Boosting Classifier,0,0,0.019163557204790946
02_linear,Linear,Gradient Boosting Classifier,0,0,0.004717395273584164
02_linear,Linear,Gradient Boosting Classifier,0,0,0.013229849101061387
02_linear,Linear,Gradient Boosting Classifier,0,0,0.004726876888952243
02_linear,Linear,Gradient Boosting Classifier,0,0,0.0060023737421390465
02_linear,Linear,Gradient Boosting Classifier,0,0,0.004996407262377957
02_linear,Linear,Gradient Boosting Classifier,1,0,0.44750711393126336
02_linear,Linear,Gradient Boosting Classifier,0,0,0.0082083298892682
02_linear,Linear,Gradient Boosting Classifier,0,0,0.02670305762958648
02_linear,Linear,Gradient Boosting Classifier,1,1,0.9978013496071096
02_linear,Linear,Gradient Boosting Classifier,0,0,0.02923343130666362
02_linear,Linear,Gradient Boosting Classifier,0,0,0.013611292121352644
02_linear,Linear,Gradient Boosting Classifier,0,0,0.2552384618591053
02_linear,Linear,Gradient Boosting Classifier,0,0,0.012007703734342979
02_linear,Linear,Gradient Boosting Classifier,1,1,0.8944642429110631
02_linear,Linear,Gradient Boosting Classifier,0,0,0.006534365486209311
02_linear,Linear,Gradient Boosting Classifier,0,0,0.005798362758328883
02_linear,Linear,Gradient Boosting Classifier,0,0,0.0029809806961351025
02_linear,Linear,Gradient Boosting Classifier,0,0,0.0055792107088782775
02_linear,Linear,Gradient Boosting Classifier,0,0,0.0041892135208076615
02_linear,Linear,Gradient Boosting Classifier,0,1,0.8545501527232635
02_linear,Linear,Gradient Boosting Classifier,0,0,0.0037579494337103424
02_linear,Linear,Gradient Boosting Classifier,0,0,0.004232916365430577
02_linear,Linear,Gradient Boosting Classifier,0,0,0.0045225608430852285
02_linear,Linear,Gradient Boosting Classifier,0,0,0.017145562453535875
02_linear,Linear,Gradient Boosting Classifier,0,0,0.0024355320577679118
02_linear,Linear,Gradient Boosting Classifier,0,1,0.6817815887970209
02_linear,Linear,Gradient Boosting Classifier,1,0,0.03719617675240316
02_linear,Linear,Gradient Boosting Classifier,0,0,0.03092244915992502
02_linear,Linear,Gradient Boosting Classifier,1,1,0.9518281199078893
02_linear,Linear,Gradient Boosting Classifier,0,0,0.006256391660678876
02_linear,Linear,Gradient Boosting Classifier,1,1,0.9944212649233053
02_linear,Linear,Gradient Boosting Classifier,0,0,0.020327912695816023
02_linear,Linear,Gradient Boosting Classifier,0,0,0.004236044170208732
02_linear,Linear,Gradient Boosting Classifier,0,0,0.003011159646407713
02_linear,Linear,Gradient Boosting Classifier,1,1,0.995571704609372
02_linear,Linear,Gradient Boosting Classifier,0,0,0.005650559579168728
02_linear,Linear,Gradient Boosting Classifier,0,0,0.026387874426129686
02_linear,Linear,Gradient Boosting Classifier,0,0,0.004528138140422677
02_linear,Linear,Gradient Boosting Classifier,0,0,0.0043506007325492336
02_linear,Linear,Gradient Boosting Classifier,1,1,0.9791229478510135
02_linear,Linear,Gradient Boosting Classifier,1,0,0.2639180650501418
02_linear,Linear,Gradient Boosting Classifier,0,0,0.06441971614045328
02_linear,Linear,Gradient Boosting Classifier,0,0,0.005248691887525677
02_linear,Linear,Gradient Boosting Classifier,0,0,0.1257455171110803
02_linear,Linear,Gradient Boosting Classifier,0,0,0.06395490067298544
02_linear,Linear,Gradient Boosting Classifier,0,0,0.004314090686735851
02_linear,Linear,Gradient Boosting Classifier,1,1,0.9838963390847544
02_linear,Linear,Gradient Boosting Classifier,0,0,0.011606741093745142
02_linear,Linear,Gradient Boosting Classifier,0,0,0.0086851326239334
02_linear,Linear,Gradient Boosting Classifier,0,0,0.011948611061385865
02_linear,Linear,Gradient Boosting Classifier,1,1,0.9946513248457746
02_linear,Linear,Gradient Boosting Classifier,0,0,0.007292213639027584
02_linear,Linear,Gradient Boosting Classifier,1,1,0.9614837042939702
02_linear,Linear,Gradient Boosting Classifier,0,0,0.006312700712207967
02_linear,Linear,Gradient Boosting Classifier,0,0,0.010653067136639625
02_linear,Linear,Gradient Boosting Classifier,0,0,0.007384445593467836
02_linear,Linear,Gradient Boosting Classifier,0,0,0.0037701418841936305
02_linear,Linear,Gradient Boosting Classifier,1,1,0.9950965285813523
02_linear,Linear,Gradient Boosting Classifier,0,0,0.032630582566132244
02_linear,Linear,Gradient Boosting Classifier,0,0,0.00791881678126467
02_linear,Linear,Gradient Boosting Classifier,0,0,0.005827852101629334
02_linear,Linear,Gradient Boosting Classifier,0,0,0.004423406700873942
02_linear,Linear,Gradient Boosting Classifier,0,0,0.009642616615659747
02_linear,Linear,Gradient Boosting Classifier,0,0,0.010227724342871454
02_linear,Linear,Gradient Boosting Classifier,0,0,0.033341099627760155
02_linear,Linear,Gradient Boosting Classifier,0,0,0.007770857935844436
02_linear,Linear,Gradient Boosting Classifier,0,0,0.004939815024859149
02_linear,Linear,Gradient Boosting Classifier,0,0,0.004351753960764021
02_linear,Linear,Gradient Boosting Classifier,0,0,0.009981597282571487
02_linear,Linear,Gradient Boosting Classifier,0,0,0.003620948699385468
02_linear,Linear,Gradient Boosting Classifier,0,0,0.028880771297159796
02_linear,Linear,Gradient Boosting Classifier,0,0,0.02170703107475619
02_linear,Linear,Gradient Boosting Classifier,0,0,0.00430772204298099
02_linear,Linear,Gradient Boosting Classifier,0,0,0.004903497055728327
02_linear,Linear,Gradient Boosting Classifier,0,0,0.01538229987392041
02_linear,Linear,Gradient Boosting Classifier,1,1,0.5532429539972833
02_linear,Linear,Gradient Boosting Classifier,1,1,0.9989185845177884
02_linear,Linear,Gradient Boosting Classifier,0,0,0.006059741079651152
02_linear,Linear,Gradient Boosting Classifier,1,1,0.9948812066793515
02_linear,Linear,Gradient Boosting Classifier,1,1,0.9946631828921205
02_linear,Linear,Gradient Boosting Classifier,0,0,0.0037293720687702485
02_linear,Linear,Gradient Boosting Classifier,0,0,0.004345782808327788
02_linear,Linear,Gradient Boosting Classifier,0,0,0.021164361963569297
02_linear,Linear,Gradient Boosting Classifier,0,0,0.03803677038578504
02_linear,Linear,Gradient Boosting Classifier,0,0,0.0039257410073367536
02_linear,Linear,Gradient Boosting Classifier,1,1,0.9922755336892314
02_linear,Linear,Gradient Boosting Classifier,0,0,0.0101671949199515
02_linear,Linear,Gradient Boosting Classifier,0,0,0.0293011924436285
02_linear,Linear,Gradient Boosting Classifier,0,0,0.012381640173803927
02_linear,Linear,Gradient Boosting Classifier,1,1,0.9939999579977635
02_linear,Linear,Gradient Boosting Classifier,0,0,0.06570129089286925
02_linear,Linear,Gradient Boosting Classifier,0,0,0.027625926088507075
02_linear,Linear,Gradient Boosting Classifier,0,0,0.010227724342871454
02_linear,Linear,Gradient Boosting Classifier,0,0,0.03932106267696778
02_linear,Linear,Gradient Boosting Classifier,0,0,0.0055112034936602335
02_linear,Linear,Gradient Boosting Classifier,0,0,0.031812220878719044
02_linear,Linear,Gradient Boosting Classifier,0,0,0.00663418370169457
02_linear,Linear,Gradient Boosting Classifier,1,1,0.9963369648776735
02_linear,Linear,Gradient Boosting Classifier,1,1,0.993773538192164
02_linear,Linear,Gradient Boosting Classifier,1,1,0.9713808844685556
02_linear,Linear,Gradient Boosting Classifier,0,0,0.010202144021666157
02_linear,Linear,Gradient Boosting Classifier,0,0,0.003266872361862975
02_linear,Linear,Gradient Boosting Classifier,0,0,0.018831086329194578
02_linear,Linear,Gradient Boosting Classifier,0,0,0.002914112248285422
02_linear,Linear,Gradient Boosting Classifier,0,0,0.017271013395994413
02_linear,Linear,Gradient Boosting Classifier,0,0,0.09469809483043128
02_linear,Linear,Gradient Boosting Classifier,0,0,0.04868518828807477
02_linear,Linear,Gradient Boosting Classifier,1,0,0.017512049963559297
02_linear,Linear,Gradient Boosting Classifier,1,1,0.9973249449697728
02_linear,Linear,Gradient Boosting Classifier,0,0,0.005311928424501827
02_linear,Linear,Gradient Boosting Classifier,1,1,0.9966538324509243
02_linear,Linear,Gradient Boosting Classifier,0,0,0.0028780609423931292
02_linear,Linear,Gradient Boosting Classifier,0,0,0.004145687872376079
02_linear,Linear,Gradient Boosting Classifier,1,1,0.996934136463256
02_linear,Linear,Gradient Boosting Classifier,0,0,0.005156868312652814
02_linear,Linear,Gradient Boosting Classifier,0,0,0.19779488897461722
02_linear,Linear,Gradient Boosting Classifier,0,0,0.03854692062450028
02_linear,Linear,Gradient Boosting Classifier,0,0,0.013932748334671589
02_linear,Linear,Gradient Boosting Classifier,0,0,0.007721568467854644
02_linear,Linear,Gradient Boosting Classifier,0,0,0.03007935573228256
02_linear,Linear,Gradient Boosting Classifier,1,1,0.9978423061256486
02_linear,Linear,Gradient Boosting Classifier,0,0,0.024259190799592382
02_linear,Linear,Gradient Boosting Classifier,0,0,0.0073310734447326505
02_linear,Linear,Gradient Boosting Classifier,0,0,0.007908080305899892
02_linear,Linear,Gradient Boosting Classifier,0,0,0.00410565320849857
02_linear,Linear,Gradient Boosting Classifier,0,0,0.01833652717765225
02_linear,Linear,Gradient Boosting Classifier,1,1,0.8302572594748894
02_linear,Linear,Gradient Boosting Classifier,0,0,0.005132165161513056
02_linear,Linear,Gradient Boosting Classifier,0,0,0.004404728648786659
02_linear,Linear,Gradient Boosting Classifier,0,0,0.0617182786001771
02_linear,Linear,Gradient Boosting Classifier,0,0,0.011421267547583798
02_linear,Linear,Gradient Boosting Classifier,0,0,0.009298084434432672
02_linear,Linear,Gradient Boosting Classifier,0,0,0.003647001444260134
02_linear,Linear,Gradient Boosting Classifier,0,0,0.09669197596832087
02_linear,Linear,Gradient Boosting Classifier,0,0,0.005036748273306738
02_linear,Linear,Gradient Boosting Classifier,1,1,0.9952413076747009
02_linear,Linear,Gradient Boosting Classifier,0,0,0.00454502615433417
02_linear,Linear,Gradient Boosting Classifier,1,1,0.9927976999087317
02_linear,Linear,Gradient Boosting Classifier,0,0,0.002937412995145395
02_linear,Linear,Gradient Boosting Classifier,0,0,0.0038642090826969686
02_linear,Linear,Gradient Boosting Classifier,0,0,0.11279950843578915
02_linear,Linear,Gradient Boosting Classifier,0,0,0.017760930894037078
02_linear,Linear,Gradient Boosting Classifier,0,0,0.005057757082840584
02_linear,Linear,Gradient Boosting Classifier,0,0,0.003392897582781834
02_linear,Linear,Gradient Boosting Classifier,1,1,0.9921944766886186
02_linear,Linear,Gradient Boosting Classifier,0,0,0.059378396147463396
02_linear,Linear,Gradient Boosting Classifier,0,0,0.0045300323982930815
02_linear,Linear,Gradient Boosting Classifier,0,0,0.005240004650884617
02_linear,Linear,Gradient Boosting Classifier,0,0,0.02717399870780721
02_linear,Linear,Gradient Boosting Classifier,1,1,0.9879974759218363
02_linear,Linear,Gradient Boosting Classifier,0,0,0.005663142324705971
02_linear,Linear,Gradient Boosting Classifier,0,0,0.002552212088617052
02_linear,Linear,Gradient Boosting Classifier,0,0,0.07278367586534648
02_linear,Linear,Gradient Boosting Classifier,0,0,0.004490342032511805
02_linear,Linear,Gradient Boosting Classifier,0,0,0.006207414485337795
02_linear,Linear,Gradient Boosting Classifier,0,0,0.005067697305776901
02_linear,Linear,Gradient Boosting Classifier,0,0,0.01998461844777082
02_linear,Linear,Gradient Boosting Classifier,0,0,0.0027032273286218783
02_linear,Linear,Gradient Boosting Classifier,0,0,0.04079266148692184
02_linear,Linear,Gradient Boosting Classifier,0,0,0.005526402974751392
02_linear,Linear,Gradient Boosting Classifier,0,0,0.00383206301786643
02_linear,Linear,Gradient Boosting Classifier,0,0,0.13652705690583658
02_linear,Linear,Gradient Boosting Classifier,0,0,0.007173350360249007
02_linear,Linear,Gradient Boosting Classifier,0,0,0.003148395316102569
02_linear,Linear,Gradient Boosting Classifier,0,0,0.004095782609994674
02_linear,Linear,Gradient Boosting Classifier,0,0,0.34499058002774424
02_linear,Linear,Gradient Boosting Classifier,0,0,0.004761969512197046
02_linear,Linear,Gradient Boosting Classifier,0,0,0.0019436574106773924
02_linear,Linear,Gradient Boosting Classifier,0,0,0.005129120025663255
02_linear,Linear,Gradient Boosting Classifier,0,0,0.0028629329902717196
02_linear,Linear,Gradient Boosting Classifier,0,0,0.028172056576152838
02_linear,Linear,Gradient Boosting Classifier,0,0,0.005463504639266118
02_linear,Linear,Gradient Boosting Classifier,0,0,0.016542886630695416
02_linear,Linear,Gradient Boosting Classifier,0,0,0.009816920465405358
02_linear,Linear,Gradient Boosting Classifier,0,0,0.014388367417251425
02_linear,Linear,Gradient Boosting Classifier,0,0,0.004133056691290826
02_linear,Linear,Gradient Boosting Classifier,0,0,0.004865939784835618
02_linear,Linear,Gradient Boosting Classifier,0,0,0.11307224196468078
02_linear,Linear,Gradient Boosting Classifier,0,0,0.1293836894530396
02_linear,Linear,Gradient Boosting Classifier,0,0,0.00933098762081285
02_linear,Linear,Gradient Boosting Classifier,0,0,0.001621059129512517
02_linear,Linear,Gradient Boosting Classifier,0,0,0.013487583466247068
02_linear,Linear,Gradient Boosting Classifier,0,0,0.011321277160558562
02_linear,Linear,Gradient Boosting Classifier,1,1,0.9911455721988245
02_linear,Linear,Gradient Boosting Classifier,1,1,0.99626374035855
02_linear,Linear,Gradient Boosting Classifier,0,0,0.0055613728939251945
02_linear,Linear,Gradient Boosting Classifier,0,0,0.007683468419933224
02_linear,Linear,Gradient Boosting Classifier,0,0,0.0038675825480363247
02_linear,Linear,Gradient Boosting Classifier,0,0,0.006502949733982889
02_linear,Linear,Gradient Boosting Classifier,1,1,0.9608293586978303
02_linear,Linear,Gradient Boosting Classifier,1,1,0.9814891236946558
02_linear,Linear,Gradient Boosting Classifier,0,0,0.004406518933440431
02_linear,Linear,Gradient Boosting Classifier,0,0,0.004630255933408281
02_linear,Linear,Gradient Boosting Classifier,0,0,0.014935097527706187
02_linear,Linear,Gradient Boosting Classifier,0,0,0.004551783200212508
02_linear,Linear,Gradient Boosting Classifier,0,0,0.020915060899717865
02_linear,Linear,Gradient Boosting Classifier,0,0,0.015201086121111127
02_linear,Linear,Gradient Boosting Classifier,0,0,0.05627360172218104
02_linear,Linear,Gradient Boosting Classifier,1,1,0.9919582219166043
02_linear,Linear,Gradient Boosting Classifier,0,0,0.004059881453380199
02_linear,Linear,Gradient Boosting Classifier,0,0,0.016393687595340645
02_linear,Linear,Gradient Boosting Classifier,0,0,0.14708221797347046
02_linear,Linear,Gradient Boosting Classifier,1,1,0.7373280329803656
02_linear,Linear,Gradient Boosting Classifier,1,1,0.5383829533434401
02_linear,Linear,Gradient Boosting Classifier,0,0,0.0033438735176312654
02_linear,Linear,Gradient Boosting Classifier,0,0,0.009151283624120215
02_linear,Linear,Gradient Boosting Classifier,0,0,0.004390224741628321
02_linear,Linear,Gradient Boosting Classifier,0,0,0.008219814675504089
02_linear,Linear,Gradient Boosting Classifier,1,1,0.995571704609372
02_linear,Linear,Gradient Boosting Classifier,1,1,0.9962228532980856
02_linear,Linear,Gradient Boosting Classifier,0,0,0.043034748476218875
02_linear,Linear,Gradient Boosting Classifier,0,0,0.048377820149408585
02_linear,Linear,Gradient Boosting Classifier,0,0,0.004934663701009232
02_linear,Linear,Gradient Boosting Classifier,0,0,0.026533911833894662
02_linear,Linear,Gradient Boosting Classifier,0,0,0.006108817749546319
02_linear,Linear,Gradient Boosting Classifier,1,1,0.7171697961025323
02_linear,Linear,Gradient Boosting Classifier,0,0,0.005720028273444899
02_linear,Linear,Gradient Boosting Classifier,0,0,0.006130517189148459
02_linear,Linear,Gradient Boosting Classifier,0,0,0.0026528985468841563
02_linear,Linear,Gradient Boosting Classifier,0,0,0.03495742973637726
02_linear,Linear,Gradient Boosting Classifier,0,0,0.003836654353690125
02_linear,Linear,Gradient Boosting Classifier,0,0,0.006082653107546286
02_linear,Linear,Gradient Boosting Classifier,0,0,0.00715499181003693
02_linear,Linear,Gradient Boosting Classifier,0,0,0.005827852101629334
02_linear,Linear,Gradient Boosting Classifier,1,1,0.9942003345260298
02_linear,Linear,Gradient Boosting Classifier,0,0,0.014122877382175533
02_linear,Linear,Gradient Boosting Classifier,1,1,0.995571704609372
02_linear,Linear,Gradient Boosting Classifier,1,1,0.9903348438078334
02_linear,Linear,Gradient Boosting Classifier,0,0,0.005794882698295818
02_linear,Linear,Gradient Boosting Classifier,0,0,0.024572323012712116
02_linear,Linear,Gradient Boosting Classifier,0,0,0.019219478788327846
02_linear,Linear,Gradient Boosting Classifier,0,0,0.08511533296344635
02_linear,Linear,Gradient Boosting Classifier,1,1,0.9954262092163958
02_linear,Linear,Gradient Boosting Classifier,0,0,0.46375644277626976
02_linear,Linear,Gradient Boosting Classifier,1,1,0.9946818099773158
02_linear,Linear,Gradient Boosting Classifier,1,1,0.735250068354555
02_linear,Linear,Gradient Boosting Classifier,0,0,0.011554242499262776
02_linear,Linear,Gradient Boosting Classifier,0,0,0.013598290432652217
02_linear,Linear,Gradient Boosting Classifier,0,0,0.07549258478800948
02_linear,Linear,Gradient Boosting Classifier,1,1,0.9950323115938843
02_linear,Linear,Gradient Boosting Classifier,0,0,0.004617442636213991
02_linear,Linear,Gradient Boosting Classifier,0,0,0.00528565585166642
02_linear,Linear,Gradient Boosting Classifier,0,0,0.008783402886807545
02_linear,Linear,Gradient Boosting Classifier,0,0,0.005648959775650881
02_linear,Linear,Gradient Boosting Classifier,0,0,0.021822923647461894
02_linear,Linear,Gradient Boosting Classifier,0,0,0.00926475548094285
02_linear,Linear,Gradient Boosting Classifier,0,0,0.017748443457277614
02_linear,Linear,Gradient Boosting Classifier,0,0,0.005613558296763421
02_linear,Linear,Gradient Boosting Classifier,0,0,0.003220690284584643
02_linear,Linear,Gradient Boosting Classifier,0,0,0.003479817939455572
02_linear,Linear,Gradient Boosting Classifier,0,0,0.005147845287438662
02_linear,Linear,Gradient Boosting Classifier,1,1,0.9977291550977659
02_linear,Linear,Gradient Boosting Classifier,0,0,0.0028102016232930825
02_linear,Linear,Gradient Boosting Classifier,0,0,0.005807217708821445
02_linear,Linear,Gradient Boosting Classifier,1,1,0.996910070240296
02_linear,Linear,Gradient Boosting Classifier,0,0,0.028775726072619977
02_linear,Linear,Gradient Boosting Classifier,0,0,0.01521168874197504
02_linear,Linear,Gradient Boosting Classifier,0,0,0.003404710728425734
02_linear,Linear,Gradient Boosting Classifier,0,0,0.010478066892718628
02_linear,Linear,Gradient Boosting Classifier,0,0,0.006641260091786651
02_linear,Linear,Gradient Boosting Classifier,0,0,0.0037293720687702485
02_linear,Linear,Gradient Boosting Classifier,0,0,0.0034961956625210225
02_linear,Linear,Gradient Boosting Classifier,0,0,0.0031549116414145975
02_linear,Linear,Gradient Boosting Classifier,0,0,0.0031226204979948333
02_linear,Linear,Gradient Boosting Classifier,0,0,0.015861770747061604
02_linear,Linear,Gradient Boosting Classifier,0,0,0.044062857712962075
02_linear,Linear,Gradient Boosting Classifier,1,1,0.9981611520544599
02_linear,Linear,Gradient Boosting Classifier,0,0,0.00281986751081353
02_linear,Linear,Gradient Boosting Classifier,1,1,0.9975321232289335
02_linear,Linear,Gradient Boosting Classifier,1,1,0.9058806020071137
02_linear,Linear,Gradient Boosting Classifier,0,0,0.009143730242459734
02_linear,Linear,Gradient Boosting Classifier,1,1,0.9975328677496427
02_linear,Linear,Gradient Boosting Classifier,0,0,0.004253023663154369
02_linear,Linear,Gradient Boosting Classifier,0,0,0.00655640848523533
02_linear,Linear,Gradient Boosting Classifier,0,0,0.004785606389431
02_linear,Linear,Gradient Boosting Classifier,0,0,0.01800976568200861
02_linear,Linear,Gradient Boosting Classifier,0,0,0.01389792225249825
02_linear,Linear,Gradient Boosting Classifier,0,0,0.0044246610966716905
02_linear,Linear,Gradient Boosting Classifier,0,0,0.016221389287451177
02_linear,Linear,Gradient Boosting Classifier,0,0,0.004551783200212508
02_linear,Linear,Gradient Boosting Classifier,0,0,0.012950475179786907
02_linear,Linear,Gradient Boosting Classifier,1,1,0.9420720170092169
02_linear,Linear,Gradient Boosting Classifier,0,0,0.0058157980381193155
02_linear,Linear,Gradient Boosting Classifier,0,0,0.0041467591044562
02_linear,Linear,Gradient Boosting Classifier,0,0,0.014585337583650161
02_linear,Linear,Gradient Boosting Classifier,0,0,0.002818427193294744
02_linear,Linear,Gradient Boosting Classifier,0,0,0.00391770902767625
02_linear,Linear,Gradient Boosting Classifier,1,1,0.992093604112823
02_linear,Linear,Gradient Boosting Classifier,1,1,0.9522167774833898
02_linear,Linear,Gradient Boosting Classifier,0,0,0.005228965914287321
02_linear,Linear,Gradient Boosting Classifier,0,0,0.018041461855947374
02_linear,Linear,Gradient Boosting Classifier,0,0,0.028600518377516097
02_linear,Linear,Gradient Boosting Classifier,1,1,0.9967340824162619
02_linear,Linear,Gradient Boosting Classifier,0,0,0.006235938749226764
02_linear,Linear,Gradient Boosting Classifier,0,0,0.03135801103121517
02_linear,Linear,Gradient Boosting Classifier,1,1,0.9955012843045886
02_linear,Linear,Gradient Boosting Classifier,0,0,0.07853946635917138
02_linear,Linear,Gradient Boosting Classifier,0,0,0.05846777510359692
02_linear,Linear,Gradient Boosting Classifier,0,0,0.01358598053122096
02_linear,Linear,Gradient Boosting Classifier,0,0,0.007465840706352298
02_linear,Linear,Gradient Boosting Classifier,0,0,0.12592422270799794
02_linear,Linear,Gradient Boosting Classifier,0,0,0.003901957466083773
02_linear,Linear,Gradient Boosting Classifier,0,0,0.024444220820116887
02_linear,Linear,Gradient Boosting Classifier,0,0,0.006598284893585394
02_linear,Linear,Gradient Boosting Classifier,0,0,0.004781302897793904
02_linear,Linear,Gradient Boosting Classifier,0,0,0.003171332315586057
02_linear,Linear,Gradient Boosting Classifier,0,0,0.031130186068298045
02_linear,Linear,Gradient Boosting Classifier,0,0,0.00537863358502959
02_linear,Linear,Gradient Boosting Classifier,0,0,0.009167422978572443
02_linear,Linear,Gradient Boosting Classifier,0,0,0.016872045098817404
02_linear,Linear,Gradient Boosting Classifier,0,0,0.0017201569845715426
02_linear,Linear,Gradient Boosting Classifier,0,0,0.0135500617634869
02_linear,Linear,Gradient Boosting Classifier,0,0,0.009266808646659134
02_linear,Linear,Gradient Boosting Classifier,0,0,0.004390224741628321
02_linear,Linear,Gradient Boosting Classifier,0,0,0.024565587183748273
02_linear,Linear,Gradient Boosting Classifier,0,0,0.015888743059674953
02_linear,Linear,Gradient Boosting Classifier,0,0,0.00509126522652982
02_linear,Linear,Gradient Boosting Classifier,1,1,0.995571704609372
02_linear,Linear,Gradient Boosting Classifier,0,0,0.005720028273444899
02_linear,Linear,Gradient Boosting Classifier,0,1,0.5342552503299279
02_linear,Linear,Gradient Boosting Classifier,0,0,0.15201359434899347
02_linear,Linear,Gradient Boosting Classifier,0,0,0.005229112296584632
02_linear,Linear,Gradient Boosting Classifier,0,0,0.03165203215032394
02_linear,Linear,Gradient Boosting Classifier,0,0,0.008378862984802815
02_linear,Linear,Gradient Boosting Classifier,0,0,0.004488563454482938
02_linear,Linear,Gradient Boosting Classifier,0,0,0.005807217708821445
02_linear,Linear,Gradient Boosting Classifier,0,1,0.5611203422805844
02_linear,Linear,Gradient Boosting Classifier,0,0,0.00506820089849304
02_linear,Linear,Gradient Boosting Classifier,0,0,0.006018691485513862
02_linear,Linear,Gradient Boosting Classifier,1,1,0.9810878881495673
02_linear,Linear,Gradient Boosting Classifier,1,1,0.9951520835531198
02_linear,Linear,Gradient Boosting Classifier,0,0,0.03152162351739253
02_linear,Linear,Gradient Boosting Classifier,0,0,0.006177489895221151
02_linear,Linear,Gradient Boosting Classifier,0,0,0.04363621818591709
02_linear,Linear,Gradient Boosting Classifier,0,0,0.0073673038090199755
02_linear,Linear,Gradient Boosting Classifier,0,0,0.002992768578248615
02_linear,Linear,Gradient Boosting Classifier,0,0,0.0020470080145602305
02_linear,Linear,Gradient Boosting Classifier,0,0,0.004376683361553164
02_linear,Linear,Gradient Boosting Classifier,0,0,0.003786852339352279
02_linear,Linear,Gradient Boosting Classifier,1,1,0.957486107801427
02_linear,Linear,Gradient Boosting Classifier,0,0,0.05442155324069771
02_linear,Linear,Gradient Boosting Classifier,0,0,0.021589149845585274
02_linear,Linear,Gradient Boosting Classifier,0,0,0.009021280200207413
02_linear,Linear,Gradient Boosting Classifier,0,0,0.004191259257949418
02_linear,Linear,Gradient Boosting Classifier,0,0,0.0019735942234437014
02_linear,Linear,Gradient Boosting Classifier,1,1,0.9944280549284533
02_linear,Linear,Gradient Boosting Classifier,0,0,0.1703803044124423
02_linear,Linear,Gradient Boosting Classifier,0,0,0.022078357726022017
02_linear,Linear,Gradient Boosting Classifier,0,0,0.011338220683354824
02_linear,Linear,Gradient Boosting Classifier,0,0,0.010950713596690137
02_linear,Linear,Gradient Boosting Classifier,1,1,0.995571704609372
02_linear,Linear,Gradient Boosting Classifier,0,0,0.011818408599786275
02_linear,Linear,Gradient Boosting Classifier,0,0,0.007865484934427203
02_linear,Linear,Gradient Boosting Classifier,0,0,0.010941299728758876
02_linear,Linear,Gradient Boosting Classifier,0,0,0.03648465652246188
02_linear,Linear,Gradient Boosting Classifier,1,1,0.9967100948191544
02_linear,Linear,Gradient Boosting Classifier,0,0,0.05578390769053192
02_linear,Linear,Gradient Boosting Classifier,1,1,0.9771710304806389
02_linear,Linear,Gradient Boosting Classifier,0,0,0.05845935986547211
02_linear,Linear,Gradient Boosting Classifier,0,0,0.02056046449150334
02_linear,Linear,Gradient Boosting Classifier,1,1,0.9797597581982848
02_linear,Linear,Gradient Boosting Classifier,0,0,0.004453608075160472
02_linear,Linear,Gradient Boosting Classifier,1,1,0.9966400909628288
02_linear,Linear,Gradient Boosting Classifier,0,0,0.004381804436930694
02_linear,Linear,Gradient Boosting Classifier,1,1,0.9962767304834613
02_linear,Linear,Gradient Boosting Classifier,0,0,0.005882149345943773
02_linear,Linear,Gradient Boosting Classifier,0,0,0.009820160985534065
02_linear,Linear,Gradient Boosting Classifier,0,0,0.004368833039989718
02_linear,Linear,Gradient Boosting Classifier,0,0,0.030969960808435806
02_linear,Linear,Gradient Boosting Classifier,1,1,0.9695527820138518
02_linear,Linear,Gradient Boosting Classifier,0,0,0.004095407937339866
02_linear,Linear,Gradient Boosting Classifier,0,1,0.6116002813665331
02_linear,Linear,Gradient Boosting Classifier,0,0,0.004407989508199839
02_linear,Linear,Gradient Boosting Classifier,0,0,0.08521345664307967
02_linear,Linear,Gradient Boosting Classifier,0,0,0.005720028273444899
02_linear,Linear,Gradient Boosting Classifier,0,0,0.0044003412763059194
02_linear,Linear,Gradient Boosting Classifier,0,0,0.036093027129657757
02_linear,Linear,Gradient Boosting Classifier,0,0,0.0030803209597876566
02_linear,Linear,Gradient Boosting Classifier,0,0,0.003911561142628501
02_linear,Linear,Gradient Boosting Classifier,1,1,0.9959908358012766
02_linear,Linear,Gradient Boosting Classifier,0,0,0.35456392955742466
02_linear,Linear,Gradient Boosting Classifier,1,1,0.9977130539513107
02_linear,Linear,Gradient Boosting Classifier,0,0,0.005807217708821445
02_linear,Linear,Gradient Boosting Classifier,0,0,0.044167229192855505
02_linear,Linear,Gradient Boosting Classifier,0,0,0.0022006940119764533
02_linear,Linear,Gradient Boosting Classifier,0,0,0.009230082087497343
02_linear,Linear,Gradient Boosting Classifier,0,0,0.015935809327625183
02_linear,Linear,Gradient Boosting Classifier,0,0,0.003287277572876103
02_linear,Linear,Gradient Boosting Classifier,1,1,0.994152609215612
02_linear,Linear,Gradient Boosting Classifier,0,0,0.32352134938778626
02_linear,Linear,Gradient Boosting Classifier,0,0,0.09228208659964893
02_linear,Linear,Gradient Boosting Classifier,0,1,0.8492842007790399
02_linear,Linear,Gradient Boosting Classifier,0,0,0.005067697305776901
02_linear,Linear,Gradient Boosting Classifier,1,1,0.9958417601672725
02_linear,Linear,Gradient Boosting Classifier,0,0,0.010859366464604725
02_linear,Linear,Gradient Boosting Classifier,1,1,0.541238760733911
02_linear,Linear,Gradient Boosting Classifier,0,0,0.18632364398221615
02_linear,Linear,Gradient Boosting Classifier,0,0,0.0038741401872165525
02_linear,Linear,Gradient Boosting Classifier,1,1,0.9520093257813736
02_linear,Linear,Gradient Boosting Classifier,0,0,0.006147522512023878
02_linear,Linear,Gradient Boosting Classifier,0,0,0.001562514510868778
02_linear,Linear,Gradient Boosting Classifier,0,0,0.005807217708821445
02_linear,Linear,Gradient Boosting Classifier,0,0,0.004526096186946707
02_linear,Linear,Gradient Boosting Classifier,0,0,0.0030048199261786673
02_linear,Linear,Gradient Boosting Classifier,0,0,0.050450379599239516
02_linear,Linear,Gradient Boosting Classifier,1,1,0.6143148651157987
02_linear,Linear,Gradient Boosting Classifier,1,1,0.9972865952235764
02_linear,Linear,Gradient Boosting Classifier,0,0,0.007151483585246774
02_linear,Linear,Gradient Boosting Classifier,0,0,0.1406678608181982
02_linear,Linear,Gradient Boosting Classifier,0,0,0.00452398696467335
02_linear,Linear,Gradient Boosting Classifier,1,1,0.9950323115938843
02_linear,Linear,Gradient Boosting Classifier,0,0,0.006130517189148459
02_linear,Linear,Gradient Boosting Classifier,0,0,0.07544187009909034
02_linear,Linear,Gradient Boosting Classifier,1,1,0.9968584326720181
02_linear,Linear,Gradient Boosting Classifier,0,0,0.011063455322241718
02_linear,Linear,Gradient Boosting Classifier,0,0,0.005352157148245863
02_linear,Linear,Gradient Boosting Classifier,0,0,0.004290940104069403
02_linear,Linear,Gradient Boosting Classifier,0,0,0.011992481225409834
02_linear,Linear,Gradient Boosting Classifier,0,1,0.9021174632985575
02_linear,Linear,Gradient Boosting Classifier,0,0,0.004263185764251911
02_linear,Linear,Gradient Boosting Classifier,0,0,0.003424751675010062
02_linear,Linear,Gradient Boosting Classifier,1,1,0.991953053244077
02_linear,Linear,Gradient Boosting Classifier,0,0,0.003561714310519072
02_linear,Linear,Gradient Boosting Classifier,0,0,0.004719904530632039
02_linear,Linear,Gradient Boosting Classifier,0,0,0.08344083136397056
02_linear,Linear,Gradient Boosting Classifier,1,1,0.94702403229078
02_linear,Linear,Gradient Boosting Classifier,1,1,0.821896428393148
02_linear,Linear,Gradient Boosting Classifier,0,0,0.03165203215032394
02_linear,Linear,Gradient Boosting Classifier,0,0,0.004838183165563299
02_linear,Linear,Gradient Boosting Classifier,0,0,0.026583794484640665
02_linear,Linear,Gradient Boosting Classifier,0,0,0.021003558355212743
02_linear,Linear,Gradient Boosting Classifier,0,0,0.004432763308111872
02_linear,Linear,Gradient Boosting Classifier,0,0,0.0037656177978847988
02_linear,Linear,Gradient Boosting Classifier,1,1,0.994358589827116
02_linear,Linear,Gradient Boosting Classifier,0,0,0.034134075911161736
02_linear,Linear,Gradient Boosting Classifier,0,0,0.024197756970529675
02_linear,Linear,Gradient Boosting Classifier,1,1,0.7952062669568106
02_linear,Linear,Gradient Boosting Classifier,0,0,0.006157975991869058
02_linear,Linear,Gradient Boosting Classifier,1,1,0.9954798049658855
02_linear,Linear,Gradient Boosting Classifier,0,0,0.0032635847084803477
02_linear,Linear,Gradient Boosting Classifier,1,1,0.8656611702172989
02_linear,Linear,Gradient Boosting Classifier,0,0,0.015460443752006257
02_linear,Linear,Gradient Boosting Classifier,0,0,0.005807217708821445
02_linear,Linear,Gradient Boosting Classifier,0,0,0.012902044876041498
02_linear,Linear,Gradient Boosting Classifier,0,0,0.004490342032511805
02_linear,Linear,Gradient Boosting Classifier,0,0,0.004129377693365459
02_linear,Linear,Gradient Boosting Classifier,1,1,0.9970787495076603
02_linear,Linear,Gradient Boosting Classifier,0,0,0.008310899820003778
02_linear,Linear,Gradient Boosting Classifier,1,1,0.9885228370148113
02_linear,Linear,Gradient Boosting Classifier,0,0,0.005130909175815849
02_linear,Linear,Gradient Boosting Classifier,1,1,0.9950403512690862
02_linear,Linear,Gradient Boosting Classifier,0,0,0.004355883847644459
02_linear,Linear,Gradient Boosting Classifier,0,0,0.01998411589949582
02_linear,Linear,Gradient Boosting Classifier,0,0,0.024451868004468042
02_linear,Linear,Gradient Boosting Classifier,1,1,0.9499359778943673
02_linear,Linear,Gradient Boosting Classifier,0,0,0.025534535933172123
02_linear,Linear,Gradient Boosting Classifier,0,0,0.007094788438758007
02_linear,Linear,Gradient Boosting Classifier,0,0,0.008407760615590834
02_linear,Linear,Gradient Boosting Classifier,0,0,0.0029430741699750687
02_linear,Linear,Gradient Boosting Classifier,0,0,0.024025438177881553
02_linear,Linear,Gradient Boosting Classifier,1,1,0.9963819898536038
02_linear,Linear,Gradient Boosting Classifier,0,0,0.014991569551507043
02_linear,Linear,Gradient Boosting Classifier,0,0,0.0315682882566628
02_linear,Linear,Gradient Boosting Classifier,0,0,0.008708364803911262
02_linear,Linear,Gradient Boosting Classifier,0,0,0.005807217708821445
02_linear,Linear,Gradient Boosting Classifier,1,1,0.9180104839841063
02_linear,Linear,Gradient Boosting Classifier,0,0,0.011294191196939028
02_linear,Linear,Gradient Boosting Classifier,0,1,0.5299283006861775
02_linear,Linear,Gradient Boosting Classifier,0,0,0.006438852722907935
02_linear,Linear,Gradient Boosting Classifier,0,0,0.04111879695176596
02_linear,Linear,Gradient Boosting Classifier,0,0,0.00501226920971804
02_linear,Linear,Gradient Boosting Classifier,0,0,0.3678760886127861
02_linear,Linear,Gradient Boosting Classifier,0,0,0.005420855979218013
02_linear,Linear,Gradient Boosting Classifier,0,0,0.037477324515930346
02_linear,Linear,Gradient Boosting Classifier,1,1,0.9814891236946558
02_linear,Linear,Gradient Boosting Classifier,0,0,0.005352212973319548
02_linear,Linear,Gradient Boosting Classifier,0,0,0.04007752970470354
02_linear,Linear,Gradient Boosting Classifier,0,0,0.07725356909392696
02_linear,Linear,Gradient Boosting Classifier,0,0,0.0024895374525631614
02_linear,Linear,Gradient Boosting Classifier,0,0,0.14895643675667028
02_linear,Linear,Gradient Boosting Classifier,0,0,0.008272999574735018
02_linear,Linear,Gradient Boosting Classifier,1,1,0.995564838267505
02_linear,Linear,Gradient Boosting Classifier,0,0,0.0048752239247725326
02_linear,Linear,Gradient Boosting Classifier,0,0,0.038065856619039065
02_linear,Linear,Gradient Boosting Classifier,0,0,0.0041892135208076615
02_linear,Linear,Gradient Boosting Classifier,0,1,0.8967111686184273
02_linear,Linear,Gradient Boosting Classifier,0,0,0.010391420869334972
02_linear,Linear,Gradient Boosting Classifier,0,0,0.07157139557884282
02_linear,Linear,Gradient Boosting Classifier,0,0,0.008006093889756581
02_linear,Linear,Gradient Boosting Classifier,0,0,0.049638426021411206
02_linear,Linear,Gradient Boosting Classifier,1,1,0.995571704609372
02_linear,Linear,Gradient Boosting Classifier,0,0,0.005764517050447851
02_linear,Linear,Gradient Boosting Classifier,0,0,0.11913119211529093
02_linear,Linear,Gradient Boosting Classifier,0,0,0.04865731171630422
02_linear,Linear,Gradient Boosting Classifier,0,0,0.006018691485513862
02_linear,Linear,Gradient Boosting Classifier,1,1,0.9941572678117876
02_linear,Linear,Gradient Boosting Classifier,0,0,0.05442155324069771
02_linear,Linear,Gradient Boosting Classifier,0,0,0.05603165877668321
02_linear,Linear,Gradient Boosting Classifier,0,0,0.01160740985534366
02_linear,Linear,Gradient Boosting Classifier,0,0,0.004490342032511805
02_linear,Linear,Gradient Boosting Classifier,1,1,0.9949324543616007
02_linear,Linear,Gradient Boosting Classifier,0,0,0.02519892667405263
02_linear,Linear,Gradient Boosting Classifier,0,0,0.03165203215032394
02_linear,Linear,Gradient Boosting Classifier,0,0,0.047355065224488783
02_linear,Linear,Gradient Boosting Classifier,0,0,0.02406410251984922
02_linear,Linear,Gradient Boosting Classifier,1,1,0.9958652755566049
02_linear,Linear,Gradient Boosting Classifier,0,0,0.00406407616236764
02_linear,Linear,Gradient Boosting Classifier,0,0,0.0018869335587188131
02_linear,Linear,Gradient Boosting Classifier,0,0,0.0060980880580135685
02_linear,Linear,Gradient Boosting Classifier,1,1,0.6571129840107304
02_linear,Linear,Gradient Boosting Classifier,0,0,0.0030397318974221543
02_linear,Linear,Gradient Boosting Classifier,0,0,0.006130517189148459
02_linear,Linear,Gradient Boosting Classifier,0,0,0.005219734141971794
02_linear,Linear,Gradient Boosting Classifier,0,0,0.005067697305776901
02_linear,Linear,Gradient Boosting Classifier,0,0,0.004889766692310288
02_linear,Linear,Gradient Boosting Classifier,0,0,0.016887140863022333
02_linear,Linear,Gradient Boosting Classifier,1,1,0.9927690865326406
02_linear,Linear,Gradient Boosting Classifier,0,0,0.009538031738646808
02_linear,Linear,Gradient Boosting Classifier,0,0,0.008323535633599772
02_linear,Linear,Gradient Boosting Classifier,0,0,0.017921625494523908
02_linear,Linear,Gradient Boosting Classifier,0,0,0.006744840128479382
02_linear,Linear,Gradient Boosting Classifier,0,0,0.006744840128479382
02_linear,Linear,Gradient Boosting Classifier,0,0,0.004940923560161922
02_linear,Linear,Gradient Boosting Classifier,0,0,0.004967264119112651
02_linear,Linear,Gradient Boosting Classifier,1,1,0.9948505291873593
02_linear,Linear,Gradient Boosting Classifier,0,0,0.004613608393133928
02_linear,Linear,Gradient Boosting Classifier,1,1,0.9968185561064977
02_linear,Linear,Gradient Boosting Classifier,0,0,0.005780177151701746
02_linear,Linear,Gradient Boosting Classifier,1,1,0.983144964969049
02_linear,Linear,Gradient Boosting Classifier,0,0,0.004615887872603314
02_linear,Linear,Gradient Boosting Classifier,1,1,0.9945621449107652
02_linear,Linear,Gradient Boosting Classifier,0,0,0.06779742260866246
02_linear,Linear,Gradient Boosting Classifier,0,0,0.007248601562333335
02_linear,Linear,Gradient Boosting Classifier,0,0,0.01076038898983728
02_linear,Linear,Gradient Boosting Classifier,0,0,0.02233367472160782
02_linear,Linear,Gradient Boosting Classifier,0,0,0.004600860100520194
02_linear,Linear,Gradient Boosting Classifier,1,1,0.5809389705250242
02_linear,Linear,Gradient Boosting Classifier,0,0,0.006124788904943642
02_linear,Linear,Gradient Boosting Classifier,0,0,0.023957509216185245
02_linear,Linear,Gradient Boosting Classifier,0,0,0.00436762483685616
02_linear,Linear,Gradient Boosting Classifier,0,0,0.01554191927132136
02_linear,Linear,Gradient Boosting Classifier,0,0,0.0038741401872165525
02_linear,Linear,Gradient Boosting Classifier,0,0,0.020277094627241046
02_linear,Linear,Gradient Boosting Classifier,0,0,0.006665978456720475
02_linear,Linear,Gradient Boosting Classifier,0,0,0.131455559295427
02_linear,Linear,Gradient Boosting Classifier,1,1,0.9946513248457746
02_linear,Linear,Gradient Boosting Classifier,0,0,0.39304040391149103
02_linear,Linear,Gradient Boosting Classifier,0,0,0.0030624921968644848
02_linear,Linear,Gradient Boosting Classifier,0,0,0.03411499688796747
02_linear,Linear,Gradient Boosting Classifier,0,0,0.005807217708821445
02_linear,Linear,Gradient Boosting Classifier,1,1,0.996322187709093
02_linear,Linear,Gradient Boosting Classifier,0,0,0.15319805189718874
02_linear,Linear,Gradient Boosting Classifier,0,0,0.049880652810643085
02_linear,Linear,Gradient Boosting Classifier,0,0,0.09246708366012335
02_linear,Linear,Gradient Boosting Classifier,0,0,0.021779104992133716
02_linear,Linear,Gradient Boosting Classifier,1,1,0.9952134113950415
02_linear,Linear,Gradient Boosting Classifier,0,0,0.004014078408823548
02_linear,Linear,Gradient Boosting Classifier,0,0,0.005826491070481871
02_linear,Linear,Gradient Boosting Classifier,1,1,0.9939037077841498
02_linear,Linear,Gradient Boosting Classifier,0,0,0.0036439516736306117
02_linear,Linear,Gradient Boosting Classifier,0,0,0.0016903328929254407
02_linear,Linear,Gradient Boosting Classifier,0,0,0.0017813714063604183
02_linear,Linear,Gradient Boosting Classifier,0,0,0.004253023663154369
02_linear,Linear,Gradient Boosting Classifier,0,0,0.028226141819017236
02_linear,Linear,Gradient Boosting Classifier,1,1,0.9814891236946558
02_linear,Linear,Gradient Boosting Classifier,0,0,0.016039097746646778
02_linear,Linear,Gradient Boosting Classifier,1,1,0.986012926325257
02_linear,Linear,Gradient Boosting Classifier,0,0,0.06893087654243983
02_linear,Linear,Gradient Boosting Classifier,0,0,0.002992768578248615
02_linear,Linear,Gradient Boosting Classifier,0,0,0.01309243736772876
02_linear,Linear,Gradient Boosting Classifier,0,0,0.0017813714063604183
02_linear,Linear,Gradient Boosting Classifier,0,0,0.024125177656187373
02_linear,Linear,Gradient Boosting Classifier,0,0,0.008879137180615646
02_linear,Linear,Gradient Boosting Classifier,1,1,0.9373313324170927
02_linear,Linear,Gradient Boosting Classifier,0,0,0.00435675763623046
02_linear,Linear,Gradient Boosting Classifier,1,1,0.9950403512690862
02_linear,Linear,Gradient Boosting Classifier,0,0,0.025241104546529284
02_linear,Linear,Gradient Boosting Classifier,1,1,0.9538504582630295
02_linear,Linear,Gradient Boosting Classifier,1,1,0.9907815100622407
02_linear,Linear,Gradient Boosting Classifier,0,0,0.06313199957481982
02_linear,Linear,Gradient Boosting Classifier,1,1,0.9954798049658855
02_linear,Linear,Gradient Boosting Classifier,0,0,0.03050863935768601
02_linear,Linear,Gradient Boosting Classifier,1,1,0.9947674883578774
02_linear,Linear,Gradient Boosting Classifier,0,0,0.017576167734769773
02_linear,Linear,Gradient Boosting Classifier,0,0,0.004551783200212508
02_linear,Linear,Gradient Boosting Classifier,0,0,0.005331096024448067
02_linear,Linear,Gradient Boosting Classifier,1,1,0.9978705262532207
02_linear,Linear,Gradient Boosting Classifier,0,0,0.03333113212793235
02_linear,Linear,Gradient Boosting Classifier,0,0,0.014267775543549969
02_linear,Linear,Gradient Boosting Classifier,0,0,0.01776961819806548
02_linear,Linear,Gradient Boosting Classifier,0,0,0.016155238658139122
02_linear,Linear,Gradient Boosting Classifier,0,0,0.05662883095497401
02_linear,Linear,Gradient Boosting Classifier,0,0,0.055230581561150294
02_linear,Linear,Gradient Boosting Classifier,0,0,0.03287318275821474
02_linear,Linear,Gradient Boosting Classifier,0,0,0.0020545546650485927
02_linear,Linear,Gradient Boosting Classifier,0,0,0.023489176270885186
02_linear,Linear,Gradient Boosting Classifier,1,1,0.9753618407531377
02_linear,Linear,Gradient Boosting Classifier,0,0,0.0045323211430797
02_linear,Linear,Gradient Boosting Classifier,0,0,0.016567394531168504
02_linear,Linear,Gradient Boosting Classifier,0,0,0.003819996442222576
02_linear,Linear,Gradient Boosting Classifier,0,0,0.006894023317076254
02_linear,Linear,Gradient Boosting Classifier,1,1,0.9975183714961317
02_linear,Linear,Gradient Boosting Classifier,0,1,0.8813106526391025
02_linear,Linear,Gradient Boosting Classifier,0,0,0.003933326109743068
02_linear,Linear,Gradient Boosting Classifier,1,1,0.9809587077059662
02_linear,Linear,Gradient Boosting Classifier,0,0,0.015068473717843247
02_linear,Linear,Gradient Boosting Classifier,0,0,0.020117253411306095
02_linear,Linear,Gradient Boosting Classifier,1,1,0.9952413076747009
02_linear,Linear,Gradient Boosting Classifier,1,1,0.9123334761122834
02_linear,Linear,Gradient Boosting Classifier,0,0,0.003614184994777835
02_linear,Linear,Gradient Boosting Classifier,0,0,0.004345452123142588
02_linear,Linear,Gradient Boosting Classifier,0,0,0.008337676454121904
02_linear,Linear,Gradient Boosting Classifier,0,0,0.006468120785921908
02_linear,Linear,Gradient Boosting Classifier,0,0,0.006802854561249899
02_linear,Linear,Gradient Boosting Classifier,0,0,0.04255084046132321
02_linear,Linear,Gradient Boosting Classifier,0,0,0.011140754681134225
02_linear,Linear,Gradient Boosting Classifier,0,0,0.07456496229365685
02_linear,Linear,Gradient Boosting Classifier,0,0,0.0365964354348512
02_linear,Linear,Gradient Boosting Classifier,0,0,0.005807217708821445
02_linear,Linear,Gradient Boosting Classifier,1,1,0.9875574596120094
02_linear,Linear,Gradient Boosting Classifier,1,1,0.9969532827622126
02_linear,Linear,Gradient Boosting Classifier,0,0,0.004201985193644458
02_linear,Linear,Gradient Boosting Classifier,0,0,0.006888180988273145
02_linear,Linear,Gradient Boosting Classifier,0,0,0.0034746702048246664
02_linear,Linear,Gradient Boosting Classifier,1,1,0.9983013173689084
02_linear,Linear,Gradient Boosting Classifier,0,0,0.10948918580632454
02_linear,Linear,Gradient Boosting Classifier,0,0,0.005331096024448067
02_linear,Linear,Gradient Boosting Classifier,1,1,0.9875189610029873
02_linear,Linear,Gradient Boosting Classifier,1,1,0.9931859175888209
02_linear,Linear,Gradient Boosting Classifier,0,0,0.05891267493304239
02_linear,Linear,Gradient Boosting Classifier,0,0,0.08553790213004145
02_linear,Linear,Gradient Boosting Classifier,0,0,0.016691864987383776
02_linear,Linear,Gradient Boosting Classifier,1,1,0.9951665862344528
02_linear,Linear,Gradient Boosting Classifier,0,0,0.005500700390543302
02_linear,Linear,Gradient Boosting Classifier,0,0,0.0059279454737633025
02_linear,Linear,Gradient Boosting Classifier,0,0,0.005002663640448298
02_linear,Linear,Gradient Boosting Classifier,0,0,0.0028752783318122597
02_linear,Linear,Gradient Boosting Classifier,0,0,0.00663250460845872
02_linear,Linear,Gradient Boosting Classifier,0,0,0.015775241258924867
02_linear,Linear,Gradient Boosting Classifier,0,0,0.007040415697882951
02_linear,Linear,Gradient Boosting Classifier,0,0,0.1355931141005476
02_linear,Linear,Gradient Boosting Classifier,1,1,0.9958417601672725
02_linear,Linear,Gradient Boosting Classifier,0,0,0.010719107753665353
02_linear,Linear,Gradient Boosting Classifier,1,1,0.9959655175810933
02_linear,Linear,Gradient Boosting Classifier,0,0,0.01852796462513447
02_linear,Linear,Gradient Boosting Classifier,0,0,0.0022759513902658643
02_linear,Linear,Gradient Boosting Classifier,0,0,0.04146353559026646
02_linear,Linear,Gradient Boosting Classifier,0,0,0.003904888275141659
02_linear,Linear,Gradient Boosting Classifier,1,1,0.9969573602220726
02_linear,Linear,Gradient Boosting Classifier,1,1,0.9960083653161501
02_linear,Linear,Gradient Boosting Classifier,0,0,0.004770955043345625
02_linear,Linear,Gradient Boosting Classifier,1,1,0.9770711020847298
02_linear,Linear,Gradient Boosting Classifier,0,0,0.004215206419357158
02_linear,Linear,Gradient Boosting Classifier,0,0,0.01270255217698354
02_linear,Linear,Gradient Boosting Classifier,1,1,0.99734185927756
02_linear,Linear,Gradient Boosting Classifier,0,0,0.00508374536727971
02_linear,Linear,Gradient Boosting Classifier,0,0,0.006041579781765105
02_linear,Linear,Gradient Boosting Classifier,0,0,0.012742403488139252
02_linear,Linear,Gradient Boosting Classifier,0,0,0.006363022608777663
02_linear,Linear,Gradient Boosting Classifier,1,1,0.9976553967543064
02_linear,Linear,Gradient Boosting Classifier,0,0,0.004532503584972499
02_linear,Linear,Gradient Boosting Classifier,0,0,0.006057425143229743
02_linear,Linear,Gradient Boosting Classifier,0,0,0.00334145803587549
02_linear,Linear,Gradient Boosting Classifier,0,0,0.06313199957481982
02_linear,Linear,Gradient Boosting Classifier,0,0,0.0025949403832715764
02_linear,Linear,Gradient Boosting Classifier,0,0,0.011230980034668006
02_linear,Linear,Gradient Boosting Classifier,1,0,0.17660360288578508
02_linear,Linear,Gradient Boosting Classifier,0,0,0.021362334550624505
02_linear,Linear,Gradient Boosting Classifier,0,0,0.005375902848796619
02_linear,Linear,Gradient Boosting Classifier,0,0,0.007049725538104093
02_linear,Linear,Gradient Boosting Classifier,0,0,0.06313199957481982
02_linear,Linear,Gradient Boosting Classifier,0,0,0.005807217708821445
02_linear,Linear,Gradient Boosting Classifier,0,0,0.01660239418061139
02_linear,Linear,Gradient Boosting Classifier,0,0,0.008962373805683342
02_linear,Linear,Gradient Boosting Classifier,0,0,0.0026366436635827818
02_linear,Linear,Gradient Boosting Classifier,1,1,0.9811062312444105
02_linear,Linear,Gradient Boosting Classifier,0,0,0.004143271929711201
02_linear,Linear,Gradient Boosting Classifier,0,0,0.006130517189148459
02_linear,Linear,Gradient Boosting Classifier,0,0,0.06318054518197255
02_linear,Linear,Gradient Boosting Classifier,0,0,0.005628215909454918
02_linear,Linear,Gradient Boosting Classifier,0,0,0.010987889406926138
02_linear,Linear,Gradient Boosting Classifier,0,0,0.013949187594423535
02_linear,Linear,Gradient Boosting Classifier,0,0,0.011349012312002598
02_linear,Linear,Gradient Boosting Classifier,0,0,0.006534365486209311
02_linear,Linear,Gradient Boosting Classifier,1,1,0.9919612791281893
02_linear,Linear,Gradient Boosting Classifier,0,0,0.020289119570747784
02_linear,Linear,Gradient Boosting Classifier,1,1,0.9946631828921205
02_linear,Linear,Gradient Boosting Classifier,0,0,0.01689281742040324
02_linear,Linear,Gradient Boosting Classifier,1,0,0.2594286574734877
02_linear,Linear,Gradient Boosting Classifier,1,0,0.19024573046309
02_linear,Linear,Gradient Boosting Classifier,0,0,0.0052952282909864605
02_linear,Linear,Gradient Boosting Classifier,0,0,0.002735528425430319
02_linear,Linear,Gradient Boosting Classifier,1,0,0.3915331308016082
02_linear,Linear,Gradient Boosting Classifier,0,0,0.0052000661791573085
02_linear,Linear,Gradient Boosting Classifier,0,0,0.005016785328760825
02_linear,Linear,Gradient Boosting Classifier,0,0,0.030823681216305326
02_linear,Linear,Gradient Boosting Classifier,0,0,0.005835673014090396
02_linear,Linear,Gradient Boosting Classifier,0,0,0.02240677449966639
02_linear,Linear,Gradient Boosting Classifier,0,0,0.018870288832310855
02_linear,Linear,Gradient Boosting Classifier,1,1,0.9814891236946558
02_linear,Linear,Gradient Boosting Classifier,0,0,0.004617442636213991
02_linear,Linear,Gradient Boosting Classifier,0,0,0.019869066198152
02_linear,Linear,Gradient Boosting Classifier,0,0,0.026145884294466168
02_linear,Linear,Gradient Boosting Classifier,1,1,0.8158319073275369
02_linear,Linear,Gradient Boosting Classifier,0,0,0.004368746154428397
02_linear,Linear,Gradient Boosting Classifier,0,0,0.004060806625617029
02_linear,Linear,Gradient Boosting Classifier,0,0,0.0050930711057814255
02_linear,Linear,Gradient Boosting Classifier,1,1,0.9791302489774572
02_linear,Linear,Gradient Boosting Classifier,0,0,0.0076114935747942725
02_linear,Linear,Gradient Boosting Classifier,1,1,0.9944280549284533
02_linear,Linear,Gradient Boosting Classifier,1,1,0.9946072701309362
02_linear,Linear,Gradient Boosting Classifier,1,1,0.9757971593799525
02_linear,Linear,Gradient Boosting Classifier,1,0,0.10657500357527754
02_linear,Linear,Gradient Boosting Classifier,1,1,0.9961702925411585
02_linear,Linear,Gradient Boosting Classifier,1,1,0.9951638438997833
02_linear,Linear,Gradient Boosting Classifier,1,1,0.9969186731323489
02_linear,Linear,Gradient Boosting Classifier,0,0,0.08191242835153541
02_linear,Linear,Gradient Boosting Classifier,0,0,0.002700701729085136
02_linear,Linear,Gradient Boosting Classifier,0,0,0.007123010648592236
02_linear,Linear,Gradient Boosting Classifier,0,0,0.01051652474530473
02_linear,Linear,Gradient Boosting Classifier,0,0,0.07961457436438188
02_linear,Linear,Gradient Boosting Classifier,0,0,0.0077411175097904855
02_linear,Linear,Gradient Boosting Classifier,0,0,0.004806879345027564
02_linear,Linear,Gradient Boosting Classifier,0,0,0.005931757790728325
02_linear,Linear,Gradient Boosting Classifier,0,0,0.021577967353780796
02_linear,Linear,Gradient Boosting Classifier,1,1,0.9949324543616007
02_linear,Linear,Gradient Boosting Classifier,1,1,0.9600006269349884
02_linear,Linear,Gradient Boosting Classifier,0,0,0.05442155324069771
02_linear,Linear,Gradient Boosting Classifier,0,0,0.005550114399082196
02_linear,Linear,Gradient Boosting Classifier,0,0,0.0020704643738879694
02_linear,Linear,Gradient Boosting Classifier,1,1,0.7544946089942246
02_linear,Linear,Gradient Boosting Classifier,1,1,0.9939407927688967
02_linear,Linear,Gradient Boosting Classifier,0,0,0.054851455350489214
02_linear,Linear,Gradient Boosting Classifier,0,0,0.04056856121217668
02_linear,Linear,Gradient Boosting Classifier,0,0,0.0035654381592845896
02_linear,Linear,Gradient Boosting Classifier,0,0,0.007873643226207823
02_linear,Linear,Gradient Boosting Classifier,0,0,0.0026881203989961885
02_linear,Linear,Gradient Boosting Classifier,0,0,0.0036423646201181946
02_linear,Linear,Gradient Boosting Classifier,1,1,0.9965789709265361
02_linear,Linear,Gradient Boosting Classifier,0,0,0.0030715559943342635
02_linear,Linear,Gradient Boosting Classifier,0,0,0.00425965784215423
02_linear,Linear,Gradient Boosting Classifier,0,0,0.014188879562137255
02_linear,Linear,Gradient Boosting Classifier,0,0,0.008837558867466278
02_linear,Linear,Gradient Boosting Classifier,0,0,0.34499058002774424
02_linear,Linear,Gradient Boosting Classifier,0,0,0.00431844033465482
02_linear,Linear,Gradient Boosting Classifier,0,0,0.012755923018731082
02_linear,Linear,Gradient Boosting Classifier,1,1,0.9852436397246244
02_linear,Linear,Gradient Boosting Classifier,1,1,0.9952561937208866
02_linear,Linear,Gradient Boosting Classifier,1,0,0.4439551146019716
02_linear,Linear,Gradient Boosting Classifier,0,0,0.004219395789420258
02_linear,Linear,Gradient Boosting Classifier,0,0,0.005516167556938253
02_linear,Linear,Gradient Boosting Classifier,0,0,0.005807217708821445
02_linear,Linear,Gradient Boosting Classifier,1,1,0.9949154197246982
02_linear,Linear,Gradient Boosting Classifier,0,1,0.7284131056672993
02_linear,Linear,Gradient Boosting Classifier,1,1,0.7387105141278804
02_linear,Linear,Gradient Boosting Classifier,1,1,0.9973691392769021
02_linear,Linear,Gradient Boosting Classifier,1,1,0.9972118175145185
02_linear,Linear,Gradient Boosting Classifier,1,1,0.9948428924449016
02_linear,Linear,Gradient Boosting Classifier,0,0,0.011163644165233586
02_linear,Linear,Gradient Boosting Classifier,0,0,0.0097809537260491
02_linear,Linear,Gradient Boosting Classifier,0,0,0.00410739195954389
02_linear,Linear,Gradient Boosting Classifier,0,0,0.006857177035516325
02_linear,Linear,Gradient Boosting Classifier,0,0,0.016424935857035073
02_linear,Linear,Gradient Boosting Classifier,0,0,0.016115477570644996
02_linear,Linear,Gradient Boosting Classifier,0,0,0.0045300323982930815
02_linear,Linear,Gradient Boosting Classifier,0,0,0.0031662814464158673
02_linear,Linear,Gradient Boosting Classifier,0,0,0.002037385339946651
02_linear,Linear,Gradient Boosting Classifier,0,0,0.005798728604263297
02_linear,Linear,Gradient Boosting Classifier,0,0,0.004613176801427709
02_linear,Linear,Gradient Boosting Classifier,1,1,0.9959493701239706
02_linear,Linear,Gradient Boosting Classifier,0,0,0.0777096394550132
02_linear,Linear,Gradient Boosting Classifier,1,1,0.9967716963277692
02_linear,Linear,Gradient Boosting Classifier,0,0,0.004967190599010769
02_linear,Linear,Gradient Boosting Classifier,0,0,0.03188196873547749
02_linear,Linear,Gradient Boosting Classifier,0,0,0.008500330215474215
02_linear,Linear,Gradient Boosting Classifier,0,0,0.0074443919466002356
02_linear,Linear,Gradient Boosting Classifier,0,0,0.005071952863844051
02_linear,Linear,Gradient Boosting Classifier,1,1,0.9949324543616007
02_linear,Linear,Gradient Boosting Classifier,0,0,0.18539796021093072
02_linear,Linear,Gradient Boosting Classifier,1,1,0.997483147926248
02_linear,Linear,Gradient Boosting Classifier,0,0,0.03432470347070152
02_linear,Linear,Gradient Boosting Classifier,0,0,0.005807217708821445
02_linear,Linear,Gradient Boosting Classifier,0,0,0.004287355315664402
02_linear,Linear,Gradient Boosting Classifier,0,0,0.018100275335445663
02_linear,Linear,Gradient Boosting Classifier,0,0,0.0034653895920986476
02_linear,Linear,Gradient Boosting Classifier,1,1,0.9886543762518317
02_linear,Linear,Gradient Boosting Classifier,0,0,0.004389854099285638
02_linear,Linear,Gradient Boosting Classifier,0,0,0.007540382715720347
02_linear,Linear,Gradient Boosting Classifier,0,1,0.9391685754138932
02_linear,Linear,Gradient Boosting Classifier,0,0,0.0032092046844819275
02_linear,Linear,Gradient Boosting Classifier,0,0,0.012078550444686127
02_linear,Linear,Gradient Boosting Classifier,0,0,0.2359587320778234
02_linear,Linear,Gradient Boosting Classifier,0,0,0.013797246634106917
02_linear,Linear,Gradient Boosting Classifier,0,0,0.015185296067071334
02_linear,Linear,Gradient Boosting Classifier,0,0,0.006540752325641122
02_linear,Linear,Gradient Boosting Classifier,0,0,0.033211250895760124
02_linear,Linear,Gradient Boosting Classifier,0,0,0.05227451821617647
02_linear,Linear,Gradient Boosting Classifier,0,0,0.006596383399534749
02_linear,Linear,Gradient Boosting Classifier,0,0,0.003838087776155755
02_linear,Linear,Gradient Boosting Classifier,0,0,0.1197024813029803
02_linear,Linear,Gradient Boosting Classifier,0,0,0.004351753960764021
02_linear,Linear,Gradient Boosting Classifier,0,0,0.021468003065325855
02_linear,Linear,Gradient Boosting Classifier,0,0,0.0055071438758127
02_linear,Linear,Gradient Boosting Classifier,0,0,0.0035530906031695795
02_linear,Linear,Gradient Boosting Classifier,1,1,0.9832010183478239
02_linear,Linear,Gradient Boosting Classifier,1,1,0.9924204641724794
02_linear,Linear,Gradient Boosting Classifier,0,0,0.0035890140107430503
02_linear,Linear,Gradient Boosting Classifier,0,0,0.016325842920993955
02_linear,Linear,Gradient Boosting Classifier,0,0,0.02413144834024038
02_linear,Linear,Gradient Boosting Classifier,0,0,0.0048773527865754755
02_linear,Linear,Gradient Boosting Classifier,0,0,0.329010758739829
02_linear,Linear,Gradient Boosting Classifier,0,0,0.008419555624453151
02_linear,Linear,Gradient Boosting Classifier,0,0,0.05540631917009628
02_linear,Linear,Gradient Boosting Classifier,0,0,0.02334011339387443
02_linear,Linear,Gradient Boosting Classifier,1,1,0.9765989445630329
02_linear,Linear,Gradient Boosting Classifier,0,0,0.0022642830190346295
02_linear,Linear,Gradient Boosting Classifier,0,0,0.01371625795473354
02_linear,Linear,Gradient Boosting Classifier,0,0,0.00486102416617739
02_linear,Linear,Gradient Boosting Classifier,0,0,0.034775311012290665
02_linear,Linear,Gradient Boosting Classifier,0,0,0.005807217708821445
02_linear,Linear,Gradient Boosting Classifier,1,1,0.9814891236946558
02_linear,Linear,Gradient Boosting Classifier,0,0,0.00449055317224418
02_linear,Linear,Gradient Boosting Classifier,0,0,0.023332722477996372
02_linear,Linear,Gradient Boosting Classifier,0,0,0.027803039565828604
02_linear,Linear,Gradient Boosting Classifier,0,0,0.004089479798789732
02_linear,Linear,Gradient Boosting Classifier,0,0,0.004902565138417616
02_linear,Linear,Gradient Boosting Classifier,0,0,0.005344589168623003
02_linear,Linear,Gradient Boosting Classifier,0,0,0.020253969719208804
02_linear,Linear,Gradient Boosting Classifier,0,0,0.007182046749717901
02_linear,Linear,Gradient Boosting Classifier,0,0,0.003443707943115543
02_linear,Linear,Gradient Boosting Classifier,0,0,0.00908823887785175
02_linear,Linear,Gradient Boosting Classifier,1,1,0.9975328677496427
02_linear,Linear,Gradient Boosting Classifier,0,0,0.018648233329198308
02_linear,Linear,Gradient Boosting Classifier,0,0,0.005683336902266832
02_linear,Linear,Gradient Boosting Classifier,1,1,0.9884738389922351
02_linear,Linear,Gradient Boosting Classifier,0,0,0.011300987326137055
02_linear,Linear,Gradient Boosting Classifier,1,1,0.9181066859062998
02_linear,Linear,Gradient Boosting Classifier,1,1,0.9917097921078684
02_linear,Linear,Gradient Boosting Classifier,0,0,0.022805050765770572
02_linear,Linear,Gradient Boosting Classifier,0,0,0.002528786158798957
02_linear,Linear,Gradient Boosting Classifier,0,0,0.027196930289026294
02_linear,Linear,Gradient Boosting Classifier,1,1,0.6412820443115438
02_linear,Linear,Gradient Boosting Classifier,0,0,0.005110556762848922
02_linear,Linear,Gradient Boosting Classifier,1,1,0.7689261517572243
02_linear,Linear,Gradient Boosting Classifier,0,0,0.02711424860089917
02_linear,Linear,Gradient Boosting Classifier,0,0,0.010926681236413936
02_linear,Linear,Gradient Boosting Classifier,0,0,0.014104985393172
02_linear,Linear,Gradient Boosting Classifier,0,0,0.03267678025681905
02_linear,Linear,Gradient Boosting Classifier,0,0,0.007677215346641718
02_linear,Linear,Gradient Boosting Classifier,1,1,0.9954612349346951
02_linear,Linear,Gradient Boosting Classifier,0,0,0.029085183682951942
02_linear,Linear,Gradient Boosting Classifier,1,1,0.9814891236946558
02_linear,Linear,Gradient Boosting Classifier,0,0,0.00810166566484959
02_linear,Linear,Gradient Boosting Classifier,1,1,0.9965573454143648
02_linear,Linear,Gradient Boosting Classifier,0,0,0.0062934776752754515
02_linear,Linear,Gradient Boosting Classifier,0,0,0.007352015277654351
02_linear,Linear,Gradient Boosting Classifier,0,0,0.024021897058843583
02_linear,Linear,Gradient Boosting Classifier,0,0,0.004234657721884318
02_linear,Linear,Gradient Boosting Classifier,0,0,0.025140097218795163
02_linear,Linear,Gradient Boosting Classifier,0,0,0.005191829961262569
02_linear,Linear,Gradient Boosting Classifier,0,0,0.26351596258459664
02_linear,Linear,Gradient Boosting Classifier,1,1,0.9810878881495673
02_linear,Linear,Gradient Boosting Classifier,0,0,0.0041039284541040996
02_linear,Linear,Gradient Boosting Classifier,0,0,0.005710827061193694
02_linear,Linear,Gradient Boosting Classifier,0,0,0.26048103382205995
02_linear,Linear,Gradient Boosting Classifier,0,0,0.024594552866866456
02_linear,Linear,Gradient Boosting Classifier,0,0,0.00618761676908791
02_linear,Linear,Gradient Boosting Classifier,0,0,0.0034917100029562475
02_linear,Linear,Gradient Boosting Classifier,0,0,0.030783250445272425
02_linear,Linear,Gradient Boosting Classifier,1,1,0.9957642427441972
02_linear,Linear,Gradient Boosting Classifier,0,0,0.007460552285647289
02_linear,Linear,Gradient Boosting Classifier,0,0,0.003991283162845462
02_linear,Linear,Gradient Boosting Classifier,1,1,0.9974158206742757
02_linear,Linear,Gradient Boosting Classifier,0,0,0.00370202070379361
02_linear,Linear,Gradient Boosting Classifier,0,0,0.009484387532804246
02_linear,Linear,Gradient Boosting Classifier,0,0,0.011283665790588825
02_linear,Linear,Gradient Boosting Classifier,0,0,0.01407362819030264
02_linear,Linear,Gradient Boosting Classifier,1,1,0.9761315904345668
02_linear,Linear,Gradient Boosting Classifier,0,0,0.07657558690620413
02_linear,Linear,Gradient Boosting Classifier,0,0,0.0037278047955913436
02_linear,Linear,Gradient Boosting Classifier,1,1,0.9953906981185234
02_linear,Linear,Gradient Boosting Classifier,0,0,0.0033645837574723027
02_linear,Linear,Gradient Boosting Classifier,1,1,0.9716812241893824
02_linear,Linear,Gradient Boosting Classifier,1,1,0.9972319260714045
02_linear,Linear,Gradient Boosting Classifier,1,1,0.995732186935102
02_linear,Linear,Gradient Boosting Classifier,0,0,0.00493143200455852
02_linear,Linear,Gradient Boosting Classifier,0,0,0.002503689992043264
02_linear,Linear,Gradient Boosting Classifier,0,0,0.012694158833938504
02_linear,Linear,Gradient Boosting Classifier,1,1,0.9953744666501421
02_linear,Linear,Gradient Boosting Classifier,0,0,0.0018904598864358702
02_linear,Linear,Gradient Boosting Classifier,0,0,0.02171675973481822
02_linear,Linear,Gradient Boosting Classifier,1,1,0.9967674877316179
02_linear,Linear,Gradient Boosting Classifier,0,0,0.0057735811276126425
02_linear,Linear,Gradient Boosting Classifier,0,0,0.004977225059931652
02_linear,Linear,Gradient Boosting Classifier,1,1,0.9848471721299435
02_linear,Linear,Gradient Boosting Classifier,1,1,0.9952413076747009
02_linear,Linear,Gradient Boosting Classifier,0,0,0.023830612073618855
02_linear,Linear,Gradient Boosting Classifier,1,1,0.9194423456837798
02_linear,Linear,Gradient Boosting Classifier,0,0,0.2758615423410007
02_linear,Linear,Gradient Boosting Classifier,1,1,0.9971809886177961
02_linear,Linear,Gradient Boosting Classifier,0,0,0.006108817749546319
02_linear,Linear,Gradient Boosting Classifier,0,0,0.007094788438758007
02_linear,Linear,Gradient Boosting Classifier,0,0,0.011671069190506417
02_linear,Linear,Gradient Boosting Classifier,0,0,0.008948059584719547
02_linear,Linear,Gradient Boosting Classifier,0,0,0.005901283881228809
02_linear,Linear,Gradient Boosting Classifier,0,0,0.013294918716003306
02_linear,Linear,Gradient Boosting Classifier,0,0,0.01871244825214867
02_linear,Linear,Gradient Boosting Classifier,1,1,0.9872245114082326
02_linear,Linear,Gradient Boosting Classifier,0,0,0.005807217708821445
02_linear,Linear,Gradient Boosting Classifier,0,0,0.0067774308288775014
02_linear,Linear,Gradient Boosting Classifier,0,0,0.004806879345027564
02_linear,Linear,Gradient Boosting Classifier,0,0,0.012289600569871228
02_linear,Linear,Gradient Boosting Classifier,0,0,0.005281811217272824
02_linear,Linear,Gradient Boosting Classifier,1,1,0.997861496709573
02_linear,Linear,Gradient Boosting Classifier,0,0,0.015657879679691553
02_linear,Linear,Gradient Boosting Classifier,1,1,0.9958417601672725
02_linear,Linear,Gradient Boosting Classifier,0,0,0.004656201811778864
02_linear,Linear,Gradient Boosting Classifier,0,0,0.0029430741699750687
02_linear,Linear,Gradient Boosting Classifier,0,0,0.004872798843917739
02_linear,Linear,Gradient Boosting Classifier,0,0,0.007476213857651195
02_linear,Linear,Gradient Boosting Classifier,0,0,0.0041892135208076615
02_linear,Linear,Gradient Boosting Classifier,1,1,0.985382218999673
02_linear,Linear,Gradient Boosting Classifier,0,0,0.03481374143735339
02_linear,Linear,Gradient Boosting Classifier,0,0,0.017721163665701443
02_linear,Linear,Gradient Boosting Classifier,1,1,0.9769592501036235
02_linear,Linear,Gradient Boosting Classifier,0,0,0.008360401008518934
02_linear,Linear,Gradient Boosting Classifier,0,0,0.005107957140653649
02_linear,Linear,Gradient Boosting Classifier,0,0,0.010533355244807982
02_linear,Linear,Gradient Boosting Classifier,1,1,0.6396764538250331
02_linear,Linear,Gradient Boosting Classifier,0,0,0.4335856406431632
02_linear,Linear,Gradient Boosting Classifier,1,1,0.9946631828921205
02_linear,Linear,Gradient Boosting Classifier,0,0,0.00571862924801312
02_linear,Linear,Gradient Boosting Classifier,0,0,0.013936233104006535
02_linear,Linear,Gradient Boosting Classifier,1,1,0.9975183714961317
02_linear,Linear,Gradient Boosting Classifier,0,0,0.005782049473644107
02_linear,Linear,Gradient Boosting Classifier,0,0,0.04578917369658877
02_linear,Linear,Gradient Boosting Classifier,1,1,0.9953732951120122
02_linear,Linear,Gradient Boosting Classifier,0,0,0.007548304961277059
02_linear,Linear,Gradient Boosting Classifier,0,0,0.007351306337053819
02_linear,Linear,Gradient Boosting Classifier,0,0,0.006798001207506003
02_linear,Linear,Gradient Boosting Classifier,0,0,0.04912263011625238
02_linear,Linear,Gradient Boosting Classifier,1,1,0.9889594063789908
02_linear,Linear,Gradient Boosting Classifier,0,0,0.00412769090419141
02_linear,Linear,Gradient Boosting Classifier,0,0,0.187972914128964
02_linear,Linear,Gradient Boosting Classifier,0,0,0.038293932996339104
02_linear,Linear,Gradient Boosting Classifier,0,0,0.02280994388242156
02_linear,Linear,Gradient Boosting Classifier,0,0,0.0063766444498136645
02_linear,Linear,Gradient Boosting Classifier,1,1,0.9863141187475486
02_linear,Linear,Gradient Boosting Classifier,1,1,0.8540277996619845
02_linear,Linear,Gradient Boosting Classifier,1,1,0.9924217175764113
02_linear,Linear,Gradient Boosting Classifier,0,0,0.0054738790378720285
02_linear,Linear,Gradient Boosting Classifier,0,0,0.01503330925651085
02_linear,Linear,Gradient Boosting Classifier,0,1,0.6138940170724144
02_linear,Linear,Gradient Boosting Classifier,0,0,0.01900390811990632
02_linear,Linear,Gradient Boosting Classifier,0,0,0.003080176899629913
02_linear,Linear,Gradient Boosting Classifier,0,0,0.011159844436690573
02_linear,Linear,Gradient Boosting Classifier,0,0,0.10598587422908172
02_linear,Linear,Gradient Boosting Classifier,0,0,0.005606734875955759
02_linear,Linear,Gradient Boosting Classifier,0,0,0.002875600920008732
02_linear,Linear,Gradient Boosting Classifier,1,0,0.39584107410095054
02_linear,Linear,Gradient Boosting Classifier,0,0,0.011525717474058726
02_linear,Linear,Gradient Boosting Classifier,1,1,0.9947172956059402
02_linear,Linear,Gradient Boosting Classifier,1,1,0.9960244221969503
02_linear,Linear,Gradient Boosting Classifier,0,0,0.0066261473928540815
02_linear,Linear,Gradient Boosting Classifier,1,1,0.9947674883578774
02_linear,Linear,Gradient Boosting Classifier,0,0,0.025528217857605482
02_linear,Linear,Gradient Boosting Classifier,0,0,0.011268306106106036
02_linear,Linear,Gradient Boosting Classifier,0,0,0.028888864974336705
02_linear,Linear,Gradient Boosting Classifier,1,1,0.9954128901576773
02_linear,Linear,Gradient Boosting Classifier,0,0,0.006226501241882315
02_linear,Linear,Gradient Boosting Classifier,0,0,0.002428579055339811
02_linear,Linear,Gradient Boosting Classifier,0,0,0.012852584998380589
02_linear,Linear,Gradient Boosting Classifier,1,1,0.9925822759086362
02_linear,Linear,Gradient Boosting Classifier,0,0,0.005807217708821445
02_linear,Linear,Gradient Boosting Classifier,1,1,0.9951202030402744
02_linear,Linear,Gradient Boosting Classifier,1,1,0.9953467157588601
02_linear,Linear,Gradient Boosting Classifier,0,0,0.1687998037932234
02_linear,Linear,Gradient Boosting Classifier,1,1,0.9975253237068168
02_linear,Linear,Gradient Boosting Classifier,1,1,0.9958163515060847
02_linear,Linear,Gradient Boosting Classifier,0,0,0.005223054131044735
02_linear,Linear,Gradient Boosting Classifier,0,0,0.04839959491503014
02_linear,Linear,Gradient Boosting Classifier,0,0,0.025907527713791255
02_linear,Linear,Gradient Boosting Classifier,0,0,0.00610897723197865
02_linear,Linear,Gradient Boosting Classifier,1,1,0.9988287420861736
02_linear,Linear,Gradient Boosting Classifier,0,0,0.0062934776752754515
02_linear,Linear,Gradient Boosting Classifier,1,1,0.7676539310196147
02_linear,Linear,Gradient Boosting Classifier,0,0,0.029953098395340775
02_linear,Linear,Gradient Boosting Classifier,0,0,0.03094265389458519
02_linear,Linear,Gradient Boosting Classifier,0,0,0.002882709706540753
02_linear,Linear,Gradient Boosting Classifier,0,0,0.029779671542603203
02_linear,Linear,Gradient Boosting Classifier,1,1,0.9988906770803623
02_linear,Linear,Gradient Boosting Classifier,0,0,0.007689256836788435
02_linear,Linear,Gradient Boosting Classifier,1,1,0.9833655130697907
02_linear,Linear,Gradient Boosting Classifier,0,0,0.046713435073956276
02_linear,Linear,Gradient Boosting Classifier,0,0,0.01388081214621638
02_linear,Linear,Gradient Boosting Classifier,0,0,0.0047805288630686895
02_linear,Linear,Gradient Boosting Classifier,0,0,0.009851748613131421
02_linear,Linear,Gradient Boosting Classifier,0,0,0.0041892135208076615
02_linear,Linear,Gradient Boosting Classifier,0,0,0.006417078505164524
02_linear,Linear,Gradient Boosting Classifier,1,1,0.9971065705560684
02_linear,Linear,Gradient Boosting Classifier,0,0,0.004551653100883537
02_linear,Linear,Gradient Boosting Classifier,0,0,0.004020410905917646
02_linear,Linear,Gradient Boosting Classifier,1,1,0.9966045719487561
02_linear,Linear,Gradient Boosting Classifier,0,0,0.13222342442983592
02_linear,Linear,Gradient Boosting Classifier,0,0,0.006415236210940943
02_linear,Linear,Gradient Boosting Classifier,0,0,0.26351596258459664
02_linear,Linear,Gradient Boosting Classifier,0,0,0.0037546319354579477
02_linear,Linear,Gradient Boosting Classifier,0,0,0.004234882293506088
02_linear,Linear,Gradient Boosting Classifier,1,1,0.9543770020392891
02_linear,Linear,Gradient Boosting Classifier,0,0,0.014950815175656865
02_linear,Linear,Gradient Boosting Classifier,0,0,0.033546293936953055
02_linear,Linear,Gradient Boosting Classifier,1,1,0.9927453630090027
02_linear,Linear,Gradient Boosting Classifier,0,0,0.02747176793167273
02_linear,Linear,Gradient Boosting Classifier,0,0,0.0032758948555811603
02_linear,Linear,Gradient Boosting Classifier,1,1,0.9889116587380117
02_linear,Linear,Gradient Boosting Classifier,0,0,0.005720028273444899
02_linear,Linear,Gradient Boosting Classifier,1,1,0.9959294487036654
02_linear,Linear,Gradient Boosting Classifier,0,1,0.5994585373631726
02_linear,Linear,Gradient Boosting Classifier,0,0,0.0057074907693290145
02_linear,Linear,Gradient Boosting Classifier,0,0,0.004661740376021568
02_linear,Linear,Gradient Boosting Classifier,0,0,0.031158391374841124
02_linear,Linear,Gradient Boosting Classifier,1,1,0.9959729945854124
02_linear,Linear,Gradient Boosting Classifier,0,0,0.0037086717469482647
02_linear,Linear,Gradient Boosting Classifier,1,1,0.9980217832323668
02_linear,Linear,Gradient Boosting Classifier,0,0,0.013245323056015213
02_linear,Linear,Gradient Boosting Classifier,0,0,0.0022768478139702964
02_linear,Linear,Gradient Boosting Classifier,0,0,0.02371576590535252
02_linear,Linear,Gradient Boosting Classifier,0,0,0.3750750001403501
02_linear,Linear,Gradient Boosting Classifier,0,0,0.0019568206519131343
02_linear,Linear,Gradient Boosting Classifier,1,1,0.9880905092900504
02_linear,Linear,Gradient Boosting Classifier,0,1,0.7462431267546804
02_linear,Linear,Gradient Boosting Classifier,0,0,0.006482001678578654
02_linear,Linear,Gradient Boosting Classifier,1,1,0.99734185927756
02_linear,Linear,Gradient Boosting Classifier,0,0,0.018615731914885116
02_linear,Linear,Gradient Boosting Classifier,0,0,0.009318814470570091
02_linear,Linear,Gradient Boosting Classifier,1,1,0.9923806100661959
02_linear,Linear,Gradient Boosting Classifier,0,0,0.014772714251566623
02_linear,Linear,Gradient Boosting Classifier,0,0,0.004788495817141765
02_linear,Linear,Gradient Boosting Classifier,0,0,0.016039097746646778
02_linear,Linear,Gradient Boosting Classifier,0,0,0.003664261042789674
02_linear,Linear,Gradient Boosting Classifier,0,0,0.023073308699491965
02_linear,Linear,Gradient Boosting Classifier,0,0,0.013139687341108023
02_linear,Linear,Gradient Boosting Classifier,0,0,0.009887336535133018
02_linear,Linear,Gradient Boosting Classifier,0,0,0.017961397011555788
02_linear,Linear,Gradient Boosting Classifier,0,0,0.026685453388023972
02_linear,Linear,Gradient Boosting Classifier,0,0,0.005628215909454918
02_linear,Linear,Gradient Boosting Classifier,0,0,0.004129377693365459
02_linear,Linear,Gradient Boosting Classifier,0,0,0.051675485214311395
02_linear,Linear,Gradient Boosting Classifier,0,0,0.08790949813288952
02_linear,Linear,Gradient Boosting Classifier,0,0,0.03875549472347323
02_linear,Linear,Gradient Boosting Classifier,1,1,0.9949324543616007
02_linear,Linear,Gradient Boosting Classifier,0,0,0.00499972618265821
02_linear,Linear,Gradient Boosting Classifier,0,0,0.02017581551958252
02_linear,Linear,Gradient Boosting Classifier,1,1,0.9954470594498535
02_linear,Linear,Gradient Boosting Classifier,1,1,0.9941101216535339
02_linear,Linear,Gradient Boosting Classifier,0,0,0.004608004060809119
02_linear,Linear,Gradient Boosting Classifier,0,0,0.005504408968288158
02_linear,Linear,Gradient Boosting Classifier,0,0,0.020121892689148158
02_linear,Linear,Gradient Boosting Classifier,0,1,0.6526343882071928
02_linear,Linear,Gradient Boosting Classifier,0,0,0.013861193176229119
02_linear,Linear,Gradient Boosting Classifier,1,1,0.995571704609372
02_linear,Linear,Gradient Boosting Classifier,0,0,0.020256336214177176
02_linear,Linear,Gradient Boosting Classifier,1,1,0.995960739029245
02_linear,Linear,Gradient Boosting Classifier,0,0,0.02702292371482129
02_linear,Linear,Gradient Boosting Classifier,0,0,0.0035545338907906764
02_linear,Linear,Gradient Boosting Classifier,1,1,0.9464321348014408
02_linear,Linear,Gradient Boosting Classifier,0,0,0.005500700390543302
02_linear,Linear,Gradient Boosting Classifier,1,1,0.9968646260627771
02_linear,Linear,Gradient Boosting Classifier,0,0,0.005467385365123726
02_linear,Linear,Gradient Boosting Classifier,0,0,0.003852519280582866
02_linear,Linear,Gradient Boosting Classifier,1,1,0.994257503330731
02_linear,Linear,Gradient Boosting Classifier,0,0,0.017551140761507485
02_linear,Linear,Gradient Boosting Classifier,0,0,0.0026841521092107177
02_linear,Linear,Gradient Boosting Classifier,0,0,0.3333043735218333
02_linear,Linear,Gradient Boosting Classifier,0,1,0.6450216841559683
02_linear,Linear,Gradient Boosting Classifier,0,0,0.005827852101629334
02_linear,Linear,Gradient Boosting Classifier,0,0,0.006876770635821862
02_linear,Linear,Gradient Boosting Classifier,0,0,0.0090319091669644
02_linear,Linear,Gradient Boosting Classifier,1,1,0.9954078757919524
02_linear,Linear,Gradient Boosting Classifier,0,0,0.002717237670981664
02_linear,Linear,Gradient Boosting Classifier,0,0,0.0022574033047950523
02_linear,Linear,Gradient Boosting Classifier,0,0,0.005811618235611623
02_linear,Linear,Gradient Boosting Classifier,0,0,0.006069178042219621
02_linear,Linear,Gradient Boosting Classifier,0,0,0.01717647885158945
02_linear,Linear,Gradient Boosting Classifier,0,0,0.011902929982272735
02_linear,Linear,Gradient Boosting Classifier,0,0,0.002752223619569673
02_linear,Linear,Gradient Boosting Classifier,0,0,0.05983053242760425
02_linear,Linear,Gradient Boosting Classifier,0,0,0.016732292268966276
02_linear,Linear,Gradient Boosting Classifier,0,0,0.029438935874734975
02_linear,Linear,Gradient Boosting Classifier,1,1,0.997048285037178
02_linear,Linear,Gradient Boosting Classifier,1,1,0.9959858558813297
02_linear,Linear,Gradient Boosting Classifier,1,1,0.9958417601672725
02_linear,Linear,Gradient Boosting Classifier,1,1,0.983144964969049
02_linear,Linear,Gradient Boosting Classifier,1,1,0.9944280549284533
02_linear,Linear,Gradient Boosting Classifier,0,0,0.006130517189148459
02_linear,Linear,Gradient Boosting Classifier,1,1,0.985423015886384
02_linear,Linear,Gradient Boosting Classifier,0,0,0.003595380693099561
02_linear,Linear,Gradient Boosting Classifier,0,0,0.00397925714674486
02_linear,Linear,Gradient Boosting Classifier,0,0,0.019024453838489875
02_linear,Linear,Gradient Boosting Classifier,0,0,0.005663717809541569
02_linear,Linear,Gradient Boosting Classifier,0,0,0.014348585177799756
02_linear,Linear,Gradient Boosting Classifier,0,0,0.006939886283516971
02_linear,Linear,Gradient Boosting Classifier,0,0,0.054943489194733304
02_linear,Linear,Gradient Boosting Classifier,0,0,0.003036887930304367
02_linear,Linear,Gradient Boosting Classifier,1,1,0.9864311149282811
02_linear,Linear,Gradient Boosting Classifier,0,0,0.006226501241882315
02_linear,Linear,Gradient Boosting Classifier,1,1,0.989636467366994
02_linear,Linear,Gradient Boosting Classifier,1,1,0.9898849315666004
02_linear,Linear,Gradient Boosting Classifier,1,1,0.9749432663588622
02_linear,Linear,Gradient Boosting Classifier,0,0,0.026202847977088245
02_linear,Linear,Gradient Boosting Classifier,0,0,0.06538803520630036
02_linear,Linear,Gradient Boosting Classifier,0,0,0.0023534215606301457
02_linear,Linear,Gradient Boosting Classifier,0,0,0.0027032273286218783
02_linear,Linear,Gradient Boosting Classifier,0,0,0.005080768592818267
02_linear,Linear,Gradient Boosting Classifier,0,0,0.004035091150634178
02_linear,Linear,Gradient Boosting Classifier,0,0,0.005052578048940265
02_linear,Linear,Gradient Boosting Classifier,0,0,0.0043473064272883735
02_linear,Linear,Gradient Boosting Classifier,0,0,0.005500700390543302
02_linear,Linear,Gradient Boosting Classifier,0,0,0.005067697305776901
02_linear,Linear,Gradient Boosting Classifier,0,0,0.011431404446021792
02_linear,Linear,Gradient Boosting Classifier,0,0,0.011759015893891306
02_linear,Linear,Gradient Boosting Classifier,0,0,0.3158708747181319
02_linear,Linear,Gradient Boosting Classifier,0,0,0.02518604672888574
02_linear,Linear,Gradient Boosting Classifier,0,0,0.02632174654927321
02_linear,Linear,Gradient Boosting Classifier,1,1,0.9924204641724794
02_linear,Linear,Gradient Boosting Classifier,0,0,0.0020953033033677647
02_linear,Linear,Gradient Boosting Classifier,0,0,0.02139334187487757
02_linear,Linear,Gradient Boosting Classifier,0,0,0.003946106409834944
02_linear,Linear,Gradient Boosting Classifier,0,0,0.011512496832296291
02_linear,Linear,Gradient Boosting Classifier,0,0,0.0024385502075278264
02_linear,Linear,Gradient Boosting Classifier,1,1,0.9473642589498245
02_linear,Linear,Gradient Boosting Classifier,0,0,0.02829637440358389
02_linear,Linear,Gradient Boosting Classifier,0,0,0.02744236889139685
02_linear,Linear,Gradient Boosting Classifier,0,0,0.01553538207740487
02_linear,Linear,Gradient Boosting Classifier,0,0,0.003391179382323809
02_linear,Linear,Gradient Boosting Classifier,0,0,0.0049478689582731225
02_linear,Linear,Gradient Boosting Classifier,0,1,0.9953878187358586
02_linear,Linear,Gradient Boosting Classifier,1,1,0.9947674883578774
02_linear,Linear,Gradient Boosting Classifier,0,0,0.005807217708821445
02_linear,Linear,Gradient Boosting Classifier,0,0,0.019438923989780515
02_linear,Linear,Gradient Boosting Classifier,0,0,0.0035094593969114893
02_linear,Linear,Gradient Boosting Classifier,0,0,0.0060589936834145154
02_linear,Linear,Gradient Boosting Classifier,0,0,0.0029230338740462544
02_linear,Linear,Gradient Boosting Classifier,1,1,0.994085829278676
02_linear,Linear,Gradient Boosting Classifier,1,1,0.9902536428450694
02_linear,Linear,Gradient Boosting Classifier,1,1,0.9960083653161501
02_linear,Linear,Gradient Boosting Classifier,0,0,0.0024442555138796925
02_linear,Linear,Gradient Boosting Classifier,1,1,0.9953668485136561
02_linear,Linear,Gradient Boosting Classifier,0,0,0.025305818188459443
02_linear,Linear,Gradient Boosting Classifier,0,0,0.004060806625617029
02_linear,Linear,Gradient Boosting Classifier,0,0,0.02402947048216155
02_linear,Linear,Gradient Boosting Classifier,0,0,0.003682704478035797
02_linear,Linear,Gradient Boosting Classifier,0,0,0.006416265305567366
02_linear,Linear,Gradient Boosting Classifier,0,0,0.20059509832402797
02_linear,Linear,Gradient Boosting Classifier,0,0,0.059107678984172046
02_linear,Linear,Gradient Boosting Classifier,0,0,0.0036279854166483016
02_linear,Linear,Gradient Boosting Classifier,0,0,0.011867303819025071
02_linear,Linear,Gradient Boosting Classifier,1,1,0.9969687784454427
02_linear,Linear,Gradient Boosting Classifier,1,1,0.9930812301023642
02_linear,Linear,Gradient Boosting Classifier,0,0,0.04071374900924916
02_linear,Linear,Gradient Boosting Classifier,1,1,0.997274399634595
02_linear,Linear,Gradient Boosting Classifier,0,0,0.0027192119754780044
02_linear,Linear,Gradient Boosting Classifier,0,0,0.021646893958404387
02_linear,Linear,Gradient Boosting Classifier,0,0,0.011413591600025915
02_linear,Linear,Gradient Boosting Classifier,0,0,0.005807217708821445
02_linear,Linear,Gradient Boosting Classifier,0,0,0.002142536170915467
02_linear,Linear,Gradient Boosting Classifier,0,0,0.011696689347264816
02_linear,Linear,Gradient Boosting Classifier,0,0,0.005827852101629334
02_linear,Linear,Gradient Boosting Classifier,0,0,0.015826592001318137
02_linear,Linear,Gradient Boosting Classifier,0,0,0.004836252763857779
02_linear,Linear,Gradient Boosting Classifier,0,1,0.7032447489690296
02_linear,Linear,Gradient Boosting Classifier,0,0,0.06615004456983818
02_linear,Linear,Gradient Boosting Classifier,0,0,0.006744840128479382
02_linear,Linear,Gradient Boosting Classifier,0,0,0.004676721284303435
02_linear,Linear,Gradient Boosting Classifier,0,0,0.3523160514545218
02_linear,Linear,Gradient Boosting Classifier,0,0,0.008035631565068592
02_linear,Linear,Gradient Boosting Classifier,0,0,0.0033751869728483757
02_linear,Linear,Gradient Boosting Classifier,0,0,0.0030293280584932935
02_linear,Linear,Gradient Boosting Classifier,0,0,0.0032435658942747848
02_linear,Linear,Gradient Boosting Classifier,0,0,0.007890486090098693
02_linear,Linear,Gradient Boosting Classifier,0,0,0.0027019409638553015
02_linear,Linear,Gradient Boosting Classifier,0,0,0.0025636597572687393
02_linear,Linear,Gradient Boosting Classifier,0,0,0.008043471844500275
02_linear,Linear,Gradient Boosting Classifier,1,1,0.9976162780504662
02_linear,Linear,Gradient Boosting Classifier,0,0,0.0035336509529886517
02_linear,Linear,Gradient Boosting Classifier,0,0,0.018194827650400005
02_linear,Linear,Gradient Boosting Classifier,0,0,0.005827852101629334
02_linear,Linear,Gradient Boosting Classifier,0,0,0.00228648719415122
02_linear,Linear,Gradient Boosting Classifier,0,0,0.05392304624660912
02_linear,Linear,Gradient Boosting Classifier,0,0,0.006798001207506003
02_linear,Linear,Gradient Boosting Classifier,0,0,0.01093617635208876
02_linear,Linear,Gradient Boosting Classifier,0,0,0.00628880336949861
02_linear,Linear,Gradient Boosting Classifier,0,0,0.010592575174160833
02_linear,Linear,Gradient Boosting Classifier,0,0,0.028843478581274458
02_linear,Linear,Gradient Boosting Classifier,0,0,0.022206232922183433
02_linear,Linear,Gradient Boosting Classifier,1,1,0.9955365093749478
02_linear,Linear,Gradient Boosting Classifier,0,0,0.007094788438758007
02_linear,Linear,Gradient Boosting Classifier,1,1,0.9952413076747009
02_linear,Linear,Gradient Boosting Classifier,0,0,0.05401819259145023
02_linear,Linear,Gradient Boosting Classifier,0,0,0.028814680334166967
02_linear,Linear,Gradient Boosting Classifier,1,1,0.9483311225574689
02_linear,Linear,Gradient Boosting Classifier,1,1,0.9913876170527897
02_linear,Linear,Gradient Boosting Classifier,1,1,0.9967969195776482
02_linear,Linear,Gradient Boosting Classifier,0,0,0.005067697305776901
02_linear,Linear,Gradient Boosting Classifier,0,0,0.005827852101629334
02_linear,Linear,Gradient Boosting Classifier,1,1,0.9964083611329674
02_linear,Linear,Gradient Boosting Classifier,0,0,0.012427053050474953
02_linear,Linear,Gradient Boosting Classifier,0,0,0.02744236889139685
02_linear,Linear,Gradient Boosting Classifier,0,0,0.030289003244184265
02_linear,Linear,Gradient Boosting Classifier,0,0,0.00564821788075806
02_linear,Linear,Gradient Boosting Classifier,0,0,0.006226501241882315
02_linear,Linear,Gradient Boosting Classifier,0,0,0.006130517189148459
02_linear,Linear,Gradient Boosting Classifier,0,0,0.005827852101629334
02_linear,Linear,Gradient Boosting Classifier,0,0,0.06275286899876979
02_linear,Linear,Gradient Boosting Classifier,0,0,0.005827852101629334
02_linear,Linear,Gradient Boosting Classifier,0,0,0.005139029381919213
02_linear,Linear,Gradient Boosting Classifier,0,0,0.006569404250107255
02_linear,Linear,Gradient Boosting Classifier,1,1,0.9975523781134664
02_linear,Linear,Gradient Boosting Classifier,1,1,0.9943368502259483
02_linear,Linear,Gradient Boosting Classifier,0,0,0.026758483499780814
02_linear,Linear,Gradient Boosting Classifier,0,0,0.007311507411868406
02_linear,Linear,Gradient Boosting Classifier,0,0,0.08832265425889385
02_linear,Linear,Gradient Boosting Classifier,1,1,0.916456213688678
02_linear,Linear,Gradient Boosting Classifier,1,1,0.9949324543616007
02_linear,Linear,Gradient Boosting Classifier,0,0,0.003634835154631251
02_linear,Linear,Gradient Boosting Classifier,0,0,0.013155544562552303
02_linear,Linear,Gradient Boosting Classifier,0,0,0.06983491242984961
02_linear,Linear,Gradient Boosting Classifier,0,0,0.03364044454389696
02_linear,Linear,Gradient Boosting Classifier,0,0,0.00564821788075806
02_linear,Linear,Gradient Boosting Classifier,1,1,0.997044150853889
02_linear,Linear,Gradient Boosting Classifier,1,1,0.985423015886384
02_linear,Linear,Gradient Boosting Classifier,0,0,0.002981217895827282
02_linear,Linear,Gradient Boosting Classifier,1,1,0.9834045825563524
02_linear,Linear,Gradient Boosting Classifier,0,0,0.0022837258832238356
02_linear,Linear,Gradient Boosting Classifier,0,0,0.021034995312009027
02_linear,Linear,Gradient Boosting Classifier,0,0,0.026220554994692398
02_linear,Linear,Gradient Boosting Classifier,0,0,0.0052473939408818815
02_linear,Linear,Gradient Boosting Classifier,0,0,0.004696299414879879
02_linear,Linear,Gradient Boosting Classifier,0,0,0.007437647034030734
02_linear,Linear,Gradient Boosting Classifier,0,0,0.010109785433929317
02_linear,Linear,Gradient Boosting Classifier,1,1,0.9961431811976393
02_linear,Linear,Gradient Boosting Classifier,0,0,0.05301743415815769
02_linear,Linear,Gradient Boosting Classifier,0,0,0.01783596884029946
02_linear,Linear,Gradient Boosting Classifier,0,0,0.003169225771439695
02_linear,Linear,Gradient Boosting Classifier,0,0,0.024407315948171977
02_linear,Linear,Gradient Boosting Classifier,0,0,0.01224293429107215
02_linear,Linear,Gradient Boosting Classifier,1,1,0.9966792183643072
02_linear,Linear,Gradient Boosting Classifier,0,0,0.04578917369658877
02_linear,Linear,Gradient Boosting Classifier,0,0,0.030755763011632707
02_linear,Linear,Gradient Boosting Classifier,0,0,0.0021315854165460967
02_linear,Linear,Gradient Boosting Classifier,1,1,0.989698396806847
02_linear,Linear,Gradient Boosting Classifier,0,0,0.0042181971906936205
02_linear,Linear,Gradient Boosting Classifier,0,0,0.0047761004430799435
02_linear,Linear,Gradient Boosting Classifier,0,0,0.0034046321513622655
02_linear,Linear,Gradient Boosting Classifier,0,0,0.04977027942048337
02_linear,Linear,Gradient Boosting Classifier,0,0,0.0058252598950590765
02_linear,Linear,Gradient Boosting Classifier,0,0,0.0033247409112232376
02_linear,Linear,Gradient Boosting Classifier,0,0,0.0053930811354016275
02_linear,Linear,Gradient Boosting Classifier,1,1,0.9818029302853248
02_linear,Linear,Gradient Boosting Classifier,0,0,0.0060119999009893765
02_linear,Linear,Gradient Boosting Classifier,0,0,0.015765757074196553
02_linear,Linear,Gradient Boosting Classifier,1,1,0.958907377303306
02_linear,Linear,Gradient Boosting Classifier,0,0,0.020758363182973052
02_linear,Linear,Gradient Boosting Classifier,0,0,0.007735700048987255
02_linear,Linear,Gradient Boosting Classifier,0,0,0.03845518002930419
02_linear,Linear,Gradient Boosting Classifier,0,0,0.005538980385100801
02_linear,Linear,Gradient Boosting Classifier,0,0,0.010556207073901433
02_linear,Linear,Gradient Boosting Classifier,0,0,0.01955503599482329
02_linear,Linear,Gradient Boosting Classifier,0,0,0.009689464009556458
02_linear,Linear,Gradient Boosting Classifier,0,0,0.0049766529971235944
02_linear,Linear,Gradient Boosting Classifier,0,0,0.07595160319551315
02_linear,Linear,Gradient Boosting Classifier,0,0,0.029124131371915288
02_linear,Linear,Gradient Boosting Classifier,0,0,0.05771334833342391
02_linear,Linear,Gradient Boosting Classifier,0,0,0.041878223482604914
02_linear,Linear,Gradient Boosting Classifier,0,0,0.2006984080462614
02_linear,Linear,Gradient Boosting Classifier,0,0,0.08433452333615861
02_linear,Linear,Gradient Boosting Classifier,0,0,0.0060346538856318665
02_linear,Linear,Gradient Boosting Classifier,0,0,0.00880989123842072
02_linear,Linear,Gradient Boosting Classifier,1,1,0.9955960104088389
02_linear,Linear,Gradient Boosting Classifier,0,0,0.0293011924436285
02_linear,Linear,Gradient Boosting Classifier,0,0,0.003916275167007431
02_linear,Linear,Gradient Boosting Classifier,0,0,0.08083688410612416
02_linear,Linear,Gradient Boosting Classifier,0,0,0.005807217708821445
02_linear,Linear,Gradient Boosting Classifier,0,0,0.07437661875472584
02_linear,Linear,Gradient Boosting Classifier,0,0,0.016032673961570522
02_linear,Linear,Gradient Boosting Classifier,0,0,0.007094788438758007
02_linear,Linear,Gradient Boosting Classifier,0,0,0.0049521273238514
02_linear,Linear,Gradient Boosting Classifier,1,1,0.9907971898726472
02_linear,Linear,Gradient Boosting Classifier,0,0,0.026890608488911432
02_linear,Linear,Gradient Boosting Classifier,1,1,0.9949481016960352
02_linear,Linear,Gradient Boosting Classifier,0,0,0.007457110320861315
02_linear,Linear,Gradient Boosting Classifier,0,0,0.00916100957747309
02_linear,Linear,Gradient Boosting Classifier,1,1,0.994152609215612
02_linear,Linear,Gradient Boosting Classifier,1,1,0.9814891236946558
02_linear,Linear,Gradient Boosting Classifier,0,0,0.029127711087795393
02_linear,Linear,Gradient Boosting Classifier,0,0,0.005921839182933733
02_linear,Linear,Gradient Boosting Classifier,0,0,0.002744939329724602
02_linear,Linear,Gradient Boosting Classifier,1,1,0.9857790788125239
02_linear,Linear,Gradient Boosting Classifier,0,0,0.012711645277303773
02_linear,Linear,Gradient Boosting Classifier,0,0,0.026025185287385778
02_linear,Linear,Gradient Boosting Classifier,1,1,0.9944970793019912
02_linear,Linear,Gradient Boosting Classifier,1,1,0.9944823772489669
02_linear,Linear,Gradient Boosting Classifier,0,0,0.002418233368829336
02_linear,Linear,Gradient Boosting Classifier,0,0,0.004319984232676498
02_linear,Linear,Gradient Boosting Classifier,1,1,0.9978447970125945
02_linear,Linear,Gradient Boosting Classifier,1,1,0.9872745835614001
02_linear,Linear,Gradient Boosting Classifier,1,1,0.9969449790843179
02_linear,Linear,Gradient Boosting Classifier,0,0,0.005908059784472511
02_linear,Linear,Gradient Boosting Classifier,0,0,0.006536805747392498
02_linear,Linear,Gradient Boosting Classifier,1,1,0.8391786472350966
02_linear,Linear,Gradient Boosting Classifier,0,0,0.010659727588701895
02_linear,Linear,Gradient Boosting Classifier,0,0,0.023711870000613706
02_linear,Linear,Gradient Boosting Classifier,0,0,0.00294092459167778
02_linear,Linear,Gradient Boosting Classifier,0,0,0.005115512496160193
02_linear,Linear,Gradient Boosting Classifier,0,0,0.024451868004468042
02_linear,Linear,Gradient Boosting Classifier,0,0,0.0050392377391345515
02_linear,Linear,Gradient Boosting Classifier,0,0,0.0068346975986308695
02_linear,Linear,Gradient Boosting Classifier,0,0,0.005146601423403627
02_linear,Linear,Gradient Boosting Classifier,0,0,0.003770476252002781
02_linear,Linear,Gradient Boosting Classifier,0,0,0.03947105022203104
02_linear,Linear,Gradient Boosting Classifier,0,0,0.005514054348099402
02_linear,Linear,Gradient Boosting Classifier,0,0,0.002718204391896367
02_linear,Linear,Gradient Boosting Classifier,0,0,0.002408350017063804
02_linear,Linear,Gradient Boosting Classifier,1,1,0.99734185927756
02_linear,Linear,Gradient Boosting Classifier,1,1,0.9927681235788656
02_linear,Linear,Gradient Boosting Classifier,0,0,0.004748280118352502
02_linear,Linear,Gradient Boosting Classifier,0,0,0.022414899186516502
02_linear,Linear,Gradient Boosting Classifier,0,0,0.0633737887602331
02_linear,Linear,Gradient Boosting Classifier,1,1,0.9976119737339821
02_linear,Linear,Gradient Boosting Classifier,0,0,0.05969686572333356
02_linear,Linear,Gradient Boosting Classifier,1,1,0.9879480407494723
02_linear,Linear,Gradient Boosting Classifier,0,0,0.024110422169228072
02_linear,Linear,Gradient Boosting Classifier,0,0,0.027009804567277213
02_linear,Linear,Gradient Boosting Classifier,0,0,0.016787662644477754
02_linear,Linear,Gradient Boosting Classifier,0,0,0.13804636641172352
02_linear,Linear,Gradient Boosting Classifier,0,0,0.010089155194012392
02_linear,Linear,Gradient Boosting Classifier,0,0,0.0038112552892876515
02_linear,Linear,Gradient Boosting Classifier,0,0,0.01451409250667936
02_linear,Linear,Gradient Boosting Classifier,0,0,0.005807217708821445
02_linear,Linear,Gradient Boosting Classifier,0,0,0.0036377147121220664
02_linear,Linear,Gradient Boosting Classifier,1,1,0.9951202030402744
02_linear,Linear,Gradient Boosting Classifier,1,1,0.9866261350165769
02_linear,Linear,Gradient Boosting Classifier,0,0,0.009237738262604073
02_linear,Linear,Gradient Boosting Classifier,0,0,0.3004925916463942
02_linear,Linear,Gradient Boosting Classifier,1,1,0.9978705262532207
02_linear,Linear,Gradient Boosting Classifier,0,0,0.005628215909454918
02_linear,Linear,Gradient Boosting Classifier,1,1,0.9960499204183981
02_linear,Linear,Gradient Boosting Classifier,1,1,0.9226677464389806
02_linear,Linear,Gradient Boosting Classifier,0,0,0.0057735811276126425
02_linear,Linear,Gradient Boosting Classifier,0,0,0.0035682795728216306
02_linear,Linear,Gradient Boosting Classifier,0,0,0.003574576553829862
02_linear,Linear,Gradient Boosting Classifier,0,0,0.004632854687194322
02_linear,Linear,Gradient Boosting Classifier,0,0,0.003614184994777835
02_linear,Linear,Gradient Boosting Classifier,0,0,0.043843892284296276
02_linear,Linear,Gradient Boosting Classifier,0,0,0.005827852101629334
02_linear,Linear,Gradient Boosting Classifier,0,0,0.0037413462085066243
02_linear,Linear,Gradient Boosting Classifier,0,0,0.013769720331865222
02_linear,Linear,Gradient Boosting Classifier,0,0,0.005029465904917048
02_linear,Linear,Gradient Boosting Classifier,0,0,0.007325486728175198
02_linear,Linear,Gradient Boosting Classifier,0,0,0.0057735811276126425
02_linear,Linear,Gradient Boosting Classifier,1,1,0.9946631828921205
02_linear,Linear,Gradient Boosting Classifier,1,1,0.9969328792781258
02_linear,Linear,Gradient Boosting Classifier,0,1,0.7935745172646436
02_linear,Linear,Gradient Boosting Classifier,0,0,0.0020163618746598397
02_linear,Linear,Gradient Boosting Classifier,0,0,0.004059881453380199
02_linear,Linear,Gradient Boosting Classifier,0,0,0.0041785581386440136
02_linear,Linear,Gradient Boosting Classifier,0,0,0.010029332736825656
02_linear,Linear,Gradient Boosting Classifier,0,0,0.002024005021803772
02_linear,Linear,Gradient Boosting Classifier,0,0,0.049638426021411206
02_linear,Linear,Gradient Boosting Classifier,0,0,0.0069441291003203625
02_linear,Linear,Gradient Boosting Classifier,0,0,0.019488531374637352
02_linear,Linear,Gradient Boosting Classifier,0,0,0.009900459372280106
02_linear,Linear,Gradient Boosting Classifier,0,0,0.010926681236413936
02_linear,Linear,Gradient Boosting Classifier,0,0,0.011493052843868338
02_linear,Linear,Gradient Boosting Classifier,0,0,0.003876625715906776
02_linear,Linear,Gradient Boosting Classifier,0,0,0.03386283751793064
02_linear,Linear,Gradient Boosting Classifier,0,0,0.007364795867622445
02_linear,Linear,Gradient Boosting Classifier,0,0,0.020337419597372824
02_linear,Linear,Gradient Boosting Classifier,1,0,0.37400964168705003
02_linear,Linear,Gradient Boosting Classifier,0,0,0.05681666162272481
02_linear,Linear,Gradient Boosting Classifier,0,0,0.019675131751074087
02_linear,Linear,Gradient Boosting Classifier,0,0,0.042030848820362274
02_linear,Linear,Gradient Boosting Classifier,0,0,0.007380730028216401
02_linear,Linear,Gradient Boosting Classifier,0,0,0.05972682754902239
02_linear,Linear,Gradient Boosting Classifier,0,0,0.002324900465977159
02_linear,Linear,Gradient Boosting Classifier,0,0,0.051451494752656986
02_linear,Linear,Gradient Boosting Classifier,1,1,0.9717296224427617
02_linear,Linear,Gradient Boosting Classifier,1,1,0.9773279053836434
02_linear,Linear,Gradient Boosting Classifier,0,0,0.006108817749546319
02_linear,Linear,Gradient Boosting Classifier,0,0,0.0013701989545416681
02_linear,Linear,Gradient Boosting Classifier,0,0,0.00786238492601686
02_linear,Linear,Gradient Boosting Classifier,0,0,0.015381696527471867
02_linear,Linear,Gradient Boosting Classifier,1,1,0.9662941197130208
02_linear,Linear,Gradient Boosting Classifier,0,0,0.004431640800930701
02_linear,Linear,Gradient Boosting Classifier,0,0,0.004711809250191543
02_linear,Linear,Gradient Boosting Classifier,1,1,0.985249113550928
02_linear,Linear,Gradient Boosting Classifier,0,0,0.00638429572585429
02_linear,Linear,Gradient Boosting Classifier,0,0,0.003762361602374742
02_linear,Linear,Gradient Boosting Classifier,0,0,0.0044820168920146055
02_linear,Linear,Gradient Boosting Classifier,0,0,0.003887726713275464
02_linear,Linear,Gradient Boosting Classifier,0,0,0.04652920502300133
02_linear,Linear,Gradient Boosting Classifier,0,0,0.006108817749546319
02_linear,Linear,Gradient Boosting Classifier,1,1,0.9972516982979053
02_linear,Linear,Gradient Boosting Classifier,0,0,0.004799683534980324
02_linear,Linear,Gradient Boosting Classifier,1,1,0.9966631313627182
02_linear,Linear,Gradient Boosting Classifier,0,0,0.02757210510597876
02_linear,Linear,Gradient Boosting Classifier,0,0,0.0045300323982930815
02_linear,Linear,Gradient Boosting Classifier,0,0,0.0048085687786537995
02_linear,Linear,Gradient Boosting Classifier,1,1,0.958588297330404
02_linear,Linear,Gradient Boosting Classifier,0,0,0.0026341661239156766
02_linear,Linear,Gradient Boosting Classifier,0,0,0.005071952863844051
02_linear,Linear,Gradient Boosting Classifier,0,0,0.005210436496935174
02_linear,Linear,Gradient Boosting Classifier,1,1,0.994152609215612
02_linear,Linear,Gradient Boosting Classifier,0,0,0.008707130347127466
02_linear,Linear,Gradient Boosting Classifier,1,1,0.9956947070316144
02_linear,Linear,Gradient Boosting Classifier,0,0,0.004562110085996789
02_linear,Linear,Gradient Boosting Classifier,0,0,0.004327767422377862
02_linear,Linear,Gradient Boosting Classifier,0,0,0.005330019028446328
02_linear,Linear,Gradient Boosting Classifier,0,0,0.0049352779573716195
02_linear,Linear,Gradient Boosting Classifier,1,1,0.8812973592644632
02_linear,Linear,Gradient Boosting Classifier,1,1,0.9943368502259483
02_linear,Linear,Gradient Boosting Classifier,0,0,0.0051271780609176976
02_linear,Linear,Gradient Boosting Classifier,0,0,0.003819996442222576
02_linear,Linear,Gradient Boosting Classifier,0,0,0.005228965914287321
02_linear,Linear,Gradient Boosting Classifier,0,0,0.009047111050953864
02_linear,Linear,Gradient Boosting Classifier,0,0,0.004145687872376079
02_linear,Linear,Gradient Boosting Classifier,0,0,0.004351753960764021
02_linear,Linear,Gradient Boosting Classifier,0,0,0.012064982860382035
02_linear,Linear,Gradient Boosting Classifier,0,0,0.03619334506017155
02_linear,Linear,Gradient Boosting Classifier,0,0,0.022369380941973254
02_linear,Linear,Gradient Boosting Classifier,0,0,0.004629618416229355
02_linear,Linear,Gradient Boosting Classifier,1,1,0.9968200337577917
02_linear,Linear,Gradient Boosting Classifier,0,0,0.013652172920344185
02_linear,Linear,Gradient Boosting Classifier,0,0,0.013619920149384528
02_linear,Linear,Gradient Boosting Classifier,0,0,0.005490418930678536
02_linear,Linear,Gradient Boosting Classifier,0,0,0.005720028273444899
02_linear,Linear,Gradient Boosting Classifier,1,1,0.9950580474136289
02_linear,Linear,Gradient Boosting Classifier,0,0,0.005827852101629334
02_linear,Linear,Gradient Boosting Classifier,0,0,0.046882273959786294
02_linear,Linear,Gradient Boosting Classifier,0,0,0.004059881453380199
02_linear,Linear,Gradient Boosting Classifier,0,0,0.015499887519098473
02_linear,Linear,Gradient Boosting Classifier,0,0,0.01455366355518248
02_linear,Linear,Gradient Boosting Classifier,1,0,0.06074047262674701
02_linear,Linear,Gradient Boosting Classifier,0,0,0.06703793281882173
02_linear,Linear,Gradient Boosting Classifier,0,0,0.03165203215032394
02_linear,Linear,Gradient Boosting Classifier,0,0,0.004381804436930694
02_linear,Linear,Gradient Boosting Classifier,0,0,0.0038139270356213487
02_linear,Linear,Gradient Boosting Classifier,0,0,0.003281362839896092
02_linear,Linear,Gradient Boosting Classifier,1,1,0.8897196789468426
02_linear,Linear,Gradient Boosting Classifier,1,1,0.9958749701021916
02_linear,Linear,Gradient Boosting Classifier,1,1,0.9947674883578774
02_linear,Linear,Gradient Boosting Classifier,0,0,0.0035654381592845896
02_linear,Linear,Gradient Boosting Classifier,0,0,0.005807217708821445
02_linear,Linear,Gradient Boosting Classifier,0,0,0.028437110301506505
02_linear,Linear,Gradient Boosting Classifier,1,1,0.9958569670493519
02_linear,Linear,Gradient Boosting Classifier,0,1,0.6575775592808099
02_linear,Linear,Gradient Boosting Classifier,0,0,0.0037552332885926404
02_linear,Linear,Gradient Boosting Classifier,1,1,0.9973691392769021
02_linear,Linear,Gradient Boosting Classifier,0,0,0.004629618416229355
02_linear,Linear,Gradient Boosting Classifier,0,0,0.059936029285527756
02_linear,Linear,Gradient Boosting Classifier,0,0,0.26351596258459664
02_linear,Linear,Gradient Boosting Classifier,0,0,0.013931649373862738
02_linear,Linear,Gradient Boosting Classifier,0,0,0.010003122104320188
02_linear,Linear,Gradient Boosting Classifier,0,0,0.004609718349959959
02_linear,Linear,Gradient Boosting Classifier,0,0,0.01200685673751055
02_linear,Linear,Gradient Boosting Classifier,0,0,0.0060980880580135685
02_linear,Linear,Gradient Boosting Classifier,1,1,0.9972314732899329
02_linear,Linear,Gradient Boosting Classifier,0,0,0.018093091588069085
02_linear,Linear,Gradient Boosting Classifier,0,0,0.007351306337053819
02_linear,Linear,Gradient Boosting Classifier,0,0,0.005617742633174997
02_linear,Linear,Gradient Boosting Classifier,0,0,0.0042363233271558816
02_linear,Linear,Gradient Boosting Classifier,1,1,0.913593547496794
02_linear,Linear,Gradient Boosting Classifier,0,0,0.003635243842825184
02_linear,Linear,Gradient Boosting Classifier,0,0,0.01826083649756015
02_linear,Linear,Gradient Boosting Classifier,0,0,0.00706776370054904
02_linear,Linear,Gradient Boosting Classifier,0,0,0.01994421137475487
02_linear,Linear,Gradient Boosting Classifier,1,1,0.9808312660291537
02_linear,Linear,Gradient Boosting Classifier,0,1,0.87361624197714
02_linear,Linear,Gradient Boosting Classifier,1,1,0.9946631828921205
02_linear,Linear,Gradient Boosting Classifier,0,0,0.0044427065802643325
02_linear,Linear,Gradient Boosting Classifier,0,1,0.696375718319943
02_linear,Linear,Gradient Boosting Classifier,0,0,0.0045300323982930815
02_linear,Linear,Gradient Boosting Classifier,1,1,0.9967540823556578
02_linear,Linear,Gradient Boosting Classifier,1,1,0.9975567488927765
02_linear,Linear,Gradient Boosting Classifier,0,0,0.004679889486729397
02_linear,Linear,Gradient Boosting Classifier,0,0,0.005500700390543302
02_linear,Linear,Gradient Boosting Classifier,0,1,0.5591752953984614
02_linear,Linear,Gradient Boosting Classifier,0,0,0.020467846432139582
02_linear,Linear,Gradient Boosting Classifier,0,0,0.005228965914287321
02_linear,Linear,Gradient Boosting Classifier,0,0,0.24129588258991827
02_linear,Linear,Gradient Boosting Classifier,0,0,0.054483738319655764
02_linear,Linear,Gradient Boosting Classifier,0,0,0.03390459618256049
02_linear,Linear,Gradient Boosting Classifier,0,0,0.01619576575740171
02_linear,Linear,Gradient Boosting Classifier,0,0,0.0051933626781089735
02_linear,Linear,Gradient Boosting Classifier,0,0,0.038558695705856696
02_linear,Linear,Gradient Boosting Classifier,0,0,0.1085278226076128
02_linear,Linear,Gradient Boosting Classifier,0,0,0.04590412674302364
02_linear,Linear,Gradient Boosting Classifier,0,0,0.013525329383082516
02_linear,Linear,Gradient Boosting Classifier,0,0,0.002209594397379587
02_linear,Linear,Gradient Boosting Classifier,1,1,0.9966538324509243
02_linear,Linear,Gradient Boosting Classifier,0,0,0.005220749696915896
02_linear,Linear,Gradient Boosting Classifier,1,1,0.994144292274152
02_linear,Linear,Gradient Boosting Classifier,0,0,0.0035317287626501475
02_linear,Linear,Gradient Boosting Classifier,0,0,0.04190324857915802
02_linear,Linear,Gradient Boosting Classifier,0,0,0.009631452926279732
02_linear,Linear,Gradient Boosting Classifier,0,0,0.002992768578248615
02_linear,Linear,Gradient Boosting Classifier,0,0,0.005827852101629334
02_linear,Linear,Gradient Boosting Classifier,1,1,0.9969186731323489
02_linear,Linear,Gradient Boosting Classifier,0,0,0.006393070428808048
02_linear,Linear,Gradient Boosting Classifier,0,0,0.004232916365430577
02_linear,Linear,Gradient Boosting Classifier,0,0,0.005146969877323933
02_linear,Linear,Gradient Boosting Classifier,0,0,0.016062279702442867
02_linear,Linear,Gradient Boosting Classifier,1,1,0.9911337026129534
02_linear,Linear,Gradient Boosting Classifier,0,0,0.004755185379056592
02_linear,Linear,Gradient Boosting Classifier,0,0,0.06522044947704603
02_linear,Linear,Gradient Boosting Classifier,0,0,0.019337926485401117
02_linear,Linear,Gradient Boosting Classifier,1,1,0.983144964969049
02_linear,Linear,Gradient Boosting Classifier,0,0,0.004790834621402402
02_linear,Linear,Gradient Boosting Classifier,0,0,0.00782062032550235
02_linear,Linear,Gradient Boosting Classifier,1,1,0.9958417601672725
02_linear,Linear,Gradient Boosting Classifier,1,1,0.9946689625200071
02_linear,Linear,Gradient Boosting Classifier,1,1,0.8432617847842568
02_linear,Linear,Gradient Boosting Classifier,1,1,0.9956894538853717
02_linear,Linear,Gradient Boosting Classifier,0,0,0.0026954558067914577
02_linear,Linear,Gradient Boosting Classifier,0,0,0.010147211892142634
02_linear,Linear,Gradient Boosting Classifier,0,0,0.0531402229815195
02_linear,Linear,Gradient Boosting Classifier,0,0,0.004315634281966281
02_linear,Linear,Gradient Boosting Classifier,0,0,0.004189350836587479
02_linear,Linear,Gradient Boosting Classifier,0,0,0.005228965914287321
02_linear,Linear,Gradient Boosting Classifier,0,0,0.02731177526601975
02_linear,Linear,Gradient Boosting Classifier,0,0,0.004266129327885393
02_linear,Linear,Gradient Boosting Classifier,0,0,0.004381804436930694
02_linear,Linear,Gradient Boosting Classifier,0,0,0.005827852101629334
02_linear,Linear,Gradient Boosting Classifier,0,0,0.00638429572585429
02_linear,Linear,Gradient Boosting Classifier,0,0,0.05554024748566969
02_linear,Linear,Gradient Boosting Classifier,0,0,0.006226501241882315
02_linear,Linear,Gradient Boosting Classifier,1,1,0.9949481387482979
02_linear,Linear,Gradient Boosting Classifier,0,0,0.023150679790726863
02_linear,Linear,Gradient Boosting Classifier,0,0,0.0019826960063807695
02_linear,Linear,Gradient Boosting Classifier,0,0,0.028499234342377628
02_linear,Linear,Gradient Boosting Classifier,1,1,0.9944212649233053
02_linear,Linear,Gradient Boosting Classifier,0,0,0.41954390600566155
02_linear,Linear,Gradient Boosting Classifier,0,0,0.001396971628742179
02_linear,Linear,Gradient Boosting Classifier,1,1,0.9874166328275858
02_linear,Linear,Gradient Boosting Classifier,0,0,0.005143699219002743
02_linear,Linear,Gradient Boosting Classifier,0,0,0.014647512039288104
02_linear,Linear,Gradient Boosting Classifier,0,0,0.01844495595008478
02_linear,Linear,Gradient Boosting Classifier,0,0,0.009037562342609717
02_linear,Linear,Gradient Boosting Classifier,1,1,0.9970982098032767
02_linear,Linear,Gradient Boosting Classifier,0,0,0.03675899417570776
02_linear,Linear,Gradient Boosting Classifier,0,0,0.00592057478653317
02_linear,Linear,Gradient Boosting Classifier,0,0,0.02004926854023762
02_linear,Linear,Gradient Boosting Classifier,1,1,0.9865752175893218
02_linear,Linear,Gradient Boosting Classifier,0,0,0.010918238268067069
02_linear,Linear,Gradient Boosting Classifier,0,0,0.03534270098374529
02_linear,Linear,Gradient Boosting Classifier,1,1,0.9962192714188435
02_linear,Linear,Gradient Boosting Classifier,0,0,0.01748832866763094
02_linear,Linear,Gradient Boosting Classifier,0,0,0.004247908321473394
02_linear,Linear,Gradient Boosting Classifier,0,0,0.005989017625817711
02_linear,Linear,Gradient Boosting Classifier,0,0,0.011488851655125453
02_linear,Linear,Gradient Boosting Classifier,0,0,0.010927601913636488
02_linear,Linear,Gradient Boosting Classifier,0,0,0.006780341910378964
02_linear,Linear,Gradient Boosting Classifier,1,1,0.9931037855575633
02_linear,Linear,Gradient Boosting Classifier,0,0,0.05254014968099234
02_linear,Linear,Gradient Boosting Classifier,0,0,0.002590651299045684
02_linear,Linear,Gradient Boosting Classifier,0,0,0.002900266341962891
02_linear,Linear,Gradient Boosting Classifier,0,0,0.03225727849026506
02_linear,Linear,Gradient Boosting Classifier,1,1,0.9938190567919816
02_linear,Linear,Gradient Boosting Classifier,0,0,0.006972274528867141
02_linear,Linear,Gradient Boosting Classifier,1,1,0.9940052015184554
02_linear,Linear,Gradient Boosting Classifier,0,0,0.004174848826404122
02_linear,Linear,Gradient Boosting Classifier,0,0,0.04416934514007187
02_linear,Linear,Gradient Boosting Classifier,0,0,0.0062934776752754515
02_linear,Linear,Gradient Boosting Classifier,0,0,0.00818338729957861
02_linear,Linear,Gradient Boosting Classifier,0,0,0.009496818969762316
02_linear,Linear,Gradient Boosting Classifier,1,1,0.9673730043365049
02_linear,Linear,Gradient Boosting Classifier,0,0,0.004629307591203105
02_linear,Linear,Gradient Boosting Classifier,0,0,0.00772249095105698
02_linear,Linear,Gradient Boosting Classifier,1,1,0.9921141596638567
02_linear,Linear,Gradient Boosting Classifier,0,0,0.01523559441118191
02_linear,Linear,Gradient Boosting Classifier,0,0,0.003662159073257786
02_linear,Linear,Gradient Boosting Classifier,0,0,0.1381880882310724
02_linear,Linear,Gradient Boosting Classifier,0,0,0.0047195136663816615
02_linear,Linear,Gradient Boosting Classifier,1,1,0.9911235110985562
02_linear,Linear,Gradient Boosting Classifier,1,1,0.9971312987496241
02_linear,Linear,Gradient Boosting Classifier,0,0,0.16458004550500516
02_linear,Linear,Gradient Boosting Classifier,0,0,0.012767892704951662
02_linear,Linear,Gradient Boosting Classifier,0,0,0.030166171526012763
02_linear,Linear,Gradient Boosting Classifier,0,0,0.0037667481002605623
02_linear,Linear,Gradient Boosting Classifier,1,1,0.9982914051187528
02_linear,Linear,Gradient Boosting Classifier,1,1,0.9898734609471275
02_linear,Linear,Gradient Boosting Classifier,0,0,0.014487873443728122
02_linear,Linear,Gradient Boosting Classifier,0,0,0.007838179636130484
02_linear,Linear,Gradient Boosting Classifier,0,0,0.0065678308889843984
02_linear,Linear,Gradient Boosting Classifier,0,0,0.0059792127859551085
02_linear,Linear,Gradient Boosting Classifier,1,1,0.9574841645007454
02_linear,Linear,Gradient Boosting Classifier,1,0,0.09400731684712771
02_linear,Linear,Gradient Boosting Classifier,0,0,0.01426988797838634
02_linear,Linear,Gradient Boosting Classifier,0,0,0.003993982065088738
02_linear,Linear,Gradient Boosting Classifier,0,0,0.007909932554480534
02_linear,Linear,Gradient Boosting Classifier,0,0,0.005981368234658829
02_linear,Linear,Gradient Boosting Classifier,0,0,0.4175536665495808
02_linear,Linear,Gradient Boosting Classifier,0,0,0.004315634281966281
02_linear,Linear,Gradient Boosting Classifier,0,0,0.010929990286265723
02_linear,Linear,Gradient Boosting Classifier,0,0,0.0030311576297022843
02_linear,Linear,Gradient Boosting Classifier,0,0,0.016542886630695416
02_linear,Linear,Gradient Boosting Classifier,0,0,0.005500700390543302
02_linear,Linear,Gradient Boosting Classifier,0,0,0.012110104867727664
02_linear,Linear,Gradient Boosting Classifier,0,0,0.003683971658374102
02_linear,Linear,Gradient Boosting Classifier,0,0,0.021071516281099194
02_linear,Linear,Gradient Boosting Classifier,0,0,0.009915753620519939
02_linear,Linear,Gradient Boosting Classifier,1,1,0.9975689264582551
02_linear,Linear,Gradient Boosting Classifier,0,0,0.004378812529953163
02_linear,Linear,Gradient Boosting Classifier,0,0,0.042668482959300105
02_linear,Linear,Gradient Boosting Classifier,1,1,0.9911842307465445
02_linear,Linear,Gradient Boosting Classifier,0,0,0.02744236889139685
02_linear,Linear,Gradient Boosting Classifier,0,0,0.0028196285343475925
02_linear,Linear,Gradient Boosting Classifier,0,1,0.5139582040643558
02_linear,Linear,Gradient Boosting Classifier,0,0,0.02744236889139685
02_linear,Linear,Gradient Boosting Classifier,0,0,0.1215905051586412
02_linear,Linear,Gradient Boosting Classifier,1,1,0.9974683602728863
02_linear,Linear,Gradient Boosting Classifier,0,0,0.01964936099005316
02_linear,Linear,Gradient Boosting Classifier,1,1,0.8692953364020154
02_linear,Linear,Gradient Boosting Classifier,0,0,0.005410707131948992
02_linear,Linear,Gradient Boosting Classifier,1,1,0.9956244514837588
02_linear,Linear,Gradient Boosting Classifier,0,0,0.005628215909454918
02_linear,Linear,Gradient Boosting Classifier,0,0,0.0037573453441931046
02_linear,Linear,Gradient Boosting Classifier,0,0,0.002983237276206238
02_linear,Linear,Gradient Boosting Classifier,1,1,0.9959976365856276
02_linear,Linear,Gradient Boosting Classifier,0,0,0.005078696030230392
02_linear,Linear,Gradient Boosting Classifier,0,0,0.0027863974035151357
02_linear,Linear,Gradient Boosting Classifier,1,1,0.9952413076747009
02_linear,Linear,Gradient Boosting Classifier,1,1,0.7905678913986067
02_linear,Linear,Gradient Boosting Classifier,1,1,0.9178781815791046
02_linear,Linear,Gradient Boosting Classifier,0,0,0.005627244813786069
02_linear,Linear,Gradient Boosting Classifier,0,0,0.0041892135208076615
02_linear,Linear,Gradient Boosting Classifier,0,0,0.004813907262750536
02_linear,Linear,Gradient Boosting Classifier,0,0,0.015090982721981186
02_linear,Linear,Gradient Boosting Classifier,0,0,0.4281470800789156
02_linear,Linear,Gradient Boosting Classifier,1,1,0.9381277883691413
02_linear,Linear,Gradient Boosting Classifier,0,0,0.0033699302372101714
02_linear,Linear,Gradient Boosting Classifier,0,0,0.009825088289959896
02_linear,Linear,Gradient Boosting Classifier,0,0,0.01617930122140922
02_linear,Linear,Gradient Boosting Classifier,0,0,0.023367598711574986
02_linear,Linear,Gradient Boosting Classifier,0,0,0.012123945733643475
02_linear,Linear,Gradient Boosting Classifier,0,0,0.0059497322622417215
02_linear,Linear,Gradient Boosting Classifier,0,0,0.005816582606672895
02_linear,Linear,Gradient Boosting Classifier,0,0,0.02771371679743779
02_linear,Linear,Gradient Boosting Classifier,0,0,0.009864095048134087
02_linear,Linear,Gradient Boosting Classifier,0,0,0.004620032926121569
02_linear,Linear,Gradient Boosting Classifier,0,0,0.004232916365430577
02_linear,Linear,Gradient Boosting Classifier,0,0,0.015277055811895403
02_linear,Linear,Gradient Boosting Classifier,0,0,0.003515661951866056
02_linear,Linear,Gradient Boosting Classifier,0,0,0.005014319238447803
02_linear,Linear,Gradient Boosting Classifier,0,0,0.030215169533293864
02_linear,Linear,Gradient Boosting Classifier,0,0,0.06522195914359995
02_linear,Linear,Gradient Boosting Classifier,0,0,0.014477789743981376
02_linear,Linear,Gradient Boosting Classifier,0,0,0.03165203215032394
02_linear,Linear,Gradient Boosting Classifier,0,0,0.00564821788075806
02_linear,Linear,Gradient Boosting Classifier,1,1,0.9950650245574689
02_linear,Linear,Gradient Boosting Classifier,1,1,0.9977974236300977
02_linear,Linear,Gradient Boosting Classifier,0,0,0.006041579781765105
02_linear,Linear,Gradient Boosting Classifier,0,0,0.053148471426033385
02_linear,Linear,Gradient Boosting Classifier,0,0,0.004735206779585704
02_linear,Linear,Gradient Boosting Classifier,0,0,0.008568426156577973
02_linear,Linear,Gradient Boosting Classifier,0,0,0.0054375182449241805
02_linear,Linear,Gradient Boosting Classifier,1,1,0.9430004642751
02_linear,Linear,Gradient Boosting Classifier,0,0,0.016793658440204754
02_linear,Linear,Gradient Boosting Classifier,0,0,0.00410501566352648
02_linear,Linear,Gradient Boosting Classifier,1,1,0.6140552083302407
02_linear,Linear,Gradient Boosting Classifier,0,0,0.0037293720687702485
02_linear,Linear,Gradient Boosting Classifier,1,1,0.8171783608090781
02_linear,Linear,Gradient Boosting Classifier,1,1,0.9822215922333313
02_linear,Linear,Gradient Boosting Classifier,0,0,0.0262008150581634
02_linear,Linear,Gradient Boosting Classifier,1,0,0.39449797881728804
02_linear,Linear,Gradient Boosting Classifier,0,0,0.006012811588270648
02_linear,Linear,Gradient Boosting Classifier,0,0,0.012922904807603875
02_linear,Linear,Gradient Boosting Classifier,0,0,0.0058335748214372275
02_linear,Linear,Gradient Boosting Classifier,0,0,0.046801069444118736
02_linear,Linear,Gradient Boosting Classifier,0,0,0.0908267868747821
02_linear,Linear,Gradient Boosting Classifier,0,0,0.004667590056762021
02_linear,Linear,Gradient Boosting Classifier,0,0,0.010763866226151237
02_linear,Linear,Gradient Boosting Classifier,0,1,0.7349772622860372
02_linear,Linear,Gradient Boosting Classifier,0,0,0.028649946921606093
02_linear,Linear,Gradient Boosting Classifier,0,0,0.019907054799997465
02_linear,Linear,Gradient Boosting Classifier,0,0,0.013674586249209409
02_linear,Linear,Gradient Boosting Classifier,0,0,0.008673361283703817
02_linear,Linear,Gradient Boosting Classifier,0,0,0.013511436965609752
02_linear,Linear,Gradient Boosting Classifier,0,0,0.0030809672610212133
02_linear,Linear,Gradient Boosting Classifier,0,0,0.0036699497900430297
02_linear,Linear,Gradient Boosting Classifier,0,0,0.018313038155112905
02_linear,Linear,Gradient Boosting Classifier,0,0,0.003634835154631251
02_linear,Linear,Gradient Boosting Classifier,0,0,0.043419909829467904
02_linear,Linear,Gradient Boosting Classifier,0,0,0.00468209858718088
02_linear,Linear,Gradient Boosting Classifier,1,1,0.9958893884579201
02_linear,Linear,Gradient Boosting Classifier,0,0,0.009394288939659406
02_linear,Linear,Gradient Boosting Classifier,0,0,0.006108817749546319
02_linear,Linear,Gradient Boosting Classifier,1,1,0.99734185927756
02_linear,Linear,Gradient Boosting Classifier,0,0,0.010086380584530675
02_linear,Linear,Gradient Boosting Classifier,1,1,0.9951342350932191
02_linear,Linear,Gradient Boosting Classifier,0,0,0.024414777464290067
02_linear,Linear,Gradient Boosting Classifier,0,0,0.03727931668834408
02_linear,Linear,Gradient Boosting Classifier,0,0,0.006798001207506003
02_linear,Linear,Gradient Boosting Classifier,0,0,0.015319085756275459
02_linear,Linear,Gradient Boosting Classifier,0,0,0.004235779416698119
02_linear,Linear,Gradient Boosting Classifier,1,1,0.9879480407494723
02_linear,Linear,Gradient Boosting Classifier,0,0,0.010487571250756205
02_linear,Linear,Gradient Boosting Classifier,1,1,0.7879637421602622
02_linear,Linear,Gradient Boosting Classifier,1,1,0.9994610269680625
02_linear,Linear,Gradient Boosting Classifier,0,0,0.01838768571210122
02_linear,Linear,Gradient Boosting Classifier,0,0,0.006108817749546319
02_linear,Linear,Gradient Boosting Classifier,0,0,0.005228965914287321
02_linear,Linear,Gradient Boosting Classifier,0,0,0.01710458890087523
02_linear,Linear,Gradient Boosting Classifier,0,0,0.061921527357050116
02_linear,Linear,Gradient Boosting Classifier,0,0,0.008617883590553906
02_linear,Linear,Gradient Boosting Classifier,0,0,0.007327766901953249
02_linear,Linear,Gradient Boosting Classifier,1,1,0.9959493701239706
02_linear,Linear,Gradient Boosting Classifier,0,0,0.004114063301957434
02_linear,Linear,Gradient Boosting Classifier,0,0,0.004890341013658807
02_linear,Linear,Gradient Boosting Classifier,1,1,0.9951816711621809
02_linear,Linear,Gradient Boosting Classifier,0,0,0.003111381158685481
02_linear,Linear,Gradient Boosting Classifier,0,0,0.0074085754636101534
02_linear,Linear,Gradient Boosting Classifier,0,0,0.05289443677028976
02_linear,Linear,Gradient Boosting Classifier,0,0,0.0041892135208076615
02_linear,Linear,Gradient Boosting Classifier,0,0,0.006621104905373258
02_linear,Linear,Gradient Boosting Classifier,0,0,0.01754416507169304
02_linear,Linear,Gradient Boosting Classifier,0,0,0.2757444133522833
02_linear,Linear,Gradient Boosting Classifier,1,1,0.973611193577967
02_linear,Linear,Gradient Boosting Classifier,0,0,0.004476318331707777
02_linear,Linear,Gradient Boosting Classifier,0,0,0.019590391907332586
02_linear,Linear,Gradient Boosting Classifier,1,1,0.9970831053337078
02_linear,Linear,Gradient Boosting Classifier,0,0,0.015496037734650574
02_linear,Linear,Gradient Boosting Classifier,1,1,0.9782731182587375
02_linear,Linear,Gradient Boosting Classifier,0,0,0.013048885621122537
02_linear,Linear,Gradient Boosting Classifier,0,0,0.0058096229669821345
02_linear,Linear,Gradient Boosting Classifier,0,0,0.004414072276129145
02_linear,Linear,Gradient Boosting Classifier,0,0,0.00607680164456722
02_linear,Linear,Gradient Boosting Classifier,0,0,0.005009134113076295
02_linear,Linear,Gradient Boosting Classifier,0,0,0.014133110554151595
02_linear,Linear,Gradient Boosting Classifier,1,1,0.968157756844777
02_linear,Linear,Gradient Boosting Classifier,0,0,0.0037243326615860497
02_linear,Linear,Gradient Boosting Classifier,0,0,0.06417127080589993
02_linear,Linear,Gradient Boosting Classifier,0,0,0.030594089386315786
02_linear,Linear,Gradient Boosting Classifier,0,0,0.010486350599428746
02_linear,Linear,Gradient Boosting Classifier,1,1,0.9968213259300965
02_linear,Linear,Gradient Boosting Classifier,0,0,0.0019635250690443326
02_linear,Linear,Gradient Boosting Classifier,0,0,0.013949011655920232
02_linear,Linear,Gradient Boosting Classifier,0,0,0.001756695148394752
02_linear,Linear,Gradient Boosting Classifier,0,0,0.008924173776543084
02_linear,Linear,Gradient Boosting Classifier,1,1,0.9965531411812639
02_linear,Linear,Gradient Boosting Classifier,0,0,0.01296374374507943
02_linear,Linear,Gradient Boosting Classifier,0,0,0.0052579697928636735
02_linear,Linear,Gradient Boosting Classifier,0,0,0.00589103973075905
02_linear,Linear,Gradient Boosting Classifier,0,0,0.003702625424057175
02_linear,Linear,Gradient Boosting Classifier,0,0,0.012930103743679977
02_linear,Linear,Gradient Boosting Classifier,1,1,0.9797597581982848
02_linear,Linear,Gradient Boosting Classifier,0,0,0.006097001467147323
02_linear,Linear,Gradient Boosting Classifier,0,0,0.03470720281873661
02_linear,Linear,Gradient Boosting Classifier,0,0,0.020718116800384816
02_linear,Linear,Gradient Boosting Classifier,0,1,0.5562565485100694
02_linear,Linear,Gradient Boosting Classifier,0,0,0.01450406022259673
02_linear,Linear,Gradient Boosting Classifier,1,1,0.9944280549284533
02_linear,Linear,Gradient Boosting Classifier,1,1,0.9611467539234947
02_linear,Linear,Gradient Boosting Classifier,1,1,0.9717040986066929
02_linear,Linear,Gradient Boosting Classifier,0,0,0.0033438658918951763
02_linear,Linear,Gradient Boosting Classifier,0,0,0.04587037926785183
02_linear,Linear,Gradient Boosting Classifier,0,0,0.04071965294205725
02_linear,Linear,Gradient Boosting Classifier,1,1,0.9971997381422638
02_linear,Linear,Gradient Boosting Classifier,1,1,0.9950884274997612
02_linear,Linear,Gradient Boosting Classifier,0,0,0.11620730910951409
02_linear,Linear,Gradient Boosting Classifier,0,1,0.7220030547565316
02_linear,Linear,Gradient Boosting Classifier,0,0,0.05677997320557026
02_linear,Linear,Gradient Boosting Classifier,1,1,0.9968901515860389
02_linear,Linear,Gradient Boosting Classifier,0,0,0.16397431438770632
02_linear,Linear,Gradient Boosting Classifier,0,0,0.011425541010832239
02_linear,Linear,Gradient Boosting Classifier,1,1,0.9981810412894084
02_linear,Linear,Gradient Boosting Classifier,0,0,0.005126119709245381
02_linear,Linear,Gradient Boosting Classifier,0,0,0.04695477375118181
02_linear,Linear,Gradient Boosting Classifier,1,1,0.9973703668185632
02_linear,Linear,Gradient Boosting Classifier,0,0,0.011009910688538948
02_linear,Linear,Gradient Boosting Classifier,0,0,0.0040220798058811305
02_linear,Linear,Gradient Boosting Classifier,0,0,0.0076358482418458305
02_linear,Linear,Gradient Boosting Classifier,0,0,0.11702051564148178
02_linear,Linear,Gradient Boosting Classifier,0,0,0.0017374974406153517
02_linear,Linear,Gradient Boosting Classifier,0,0,0.011415983234296951
02_linear,Linear,Gradient Boosting Classifier,0,0,0.0051602408690159095
02_linear,Linear,Gradient Boosting Classifier,0,0,0.007087951139242816
02_linear,Linear,Gradient Boosting Classifier,1,1,0.9958424204157073
02_linear,Linear,Gradient Boosting Classifier,1,1,0.9865732160536632
02_linear,Linear,Gradient Boosting Classifier,1,1,0.9954077691094048
02_linear,Linear,Gradient Boosting Classifier,0,0,0.004686496103597329
02_linear,Linear,Gradient Boosting Classifier,0,0,0.035284579424793176
02_linear,Linear,Gradient Boosting Classifier,1,1,0.9968646260627771
02_linear,Linear,Gradient Boosting Classifier,0,0,0.0054375182449241805
02_linear,Linear,Gradient Boosting Classifier,1,1,0.9375750798732653
02_linear,Linear,Gradient Boosting Classifier,0,0,0.002895165808555478
02_linear,Linear,Gradient Boosting Classifier,0,0,0.01966915423276063
02_linear,Linear,Gradient Boosting Classifier,0,0,0.004610712409448402
02_linear,Linear,Gradient Boosting Classifier,0,0,0.01108427092891132
02_linear,Linear,Gradient Boosting Classifier,0,0,0.014995494692963551
02_linear,Linear,Gradient Boosting Classifier,0,0,0.00790658733602072
02_linear,Linear,Gradient Boosting Classifier,1,1,0.9888225254657111
02_linear,Linear,Gradient Boosting Classifier,0,0,0.05466462646042069
02_linear,Linear,Gradient Boosting Classifier,0,0,0.00821595433765089
02_linear,Linear,Gradient Boosting Classifier,1,1,0.9971743669726777
02_linear,Linear,Gradient Boosting Classifier,0,0,0.005628215909454918
02_linear,Linear,Gradient Boosting Classifier,0,0,0.014388558602010345
02_linear,Linear,Gradient Boosting Classifier,1,1,0.7506349685126547
02_linear,Linear,Gradient Boosting Classifier,0,0,0.018739136337498456
02_linear,Linear,Gradient Boosting Classifier,1,1,0.9960209806675752
02_linear,Linear,Gradient Boosting Classifier,0,0,0.39614742257024854
02_linear,Linear,Gradient Boosting Classifier,1,1,0.983848400159391
02_linear,Linear,Gradient Boosting Classifier,0,0,0.013543814935841128
02_linear,Linear,Gradient Boosting Classifier,1,1,0.9939918700345284
02_linear,Linear,Gradient Boosting Classifier,0,0,0.017061162971684658
02_linear,Linear,Gradient Boosting Classifier,0,0,0.007224795027735797
02_linear,Linear,Gradient Boosting Classifier,0,0,0.054148325145235626
02_linear,Linear,Gradient Boosting Classifier,0,0,0.015604281947492913
02_linear,Linear,Gradient Boosting Classifier,0,0,0.015201007801552927
02_linear,Linear,Gradient Boosting Classifier,0,0,0.003997579008813992
02_linear,Linear,Gradient Boosting Classifier,1,1,0.9978013496071096
02_linear,Linear,Gradient Boosting Classifier,0,0,0.02487089166623032
02_linear,Linear,Gradient Boosting Classifier,0,0,0.06395634265334882
02_linear,Linear,Gradient Boosting Classifier,0,0,0.0044159263781088035
02_linear,Linear,Gradient Boosting Classifier,1,1,0.9903245569117534
02_linear,Linear,Gradient Boosting Classifier,0,0,0.02405785207711892
02_linear,Linear,Gradient Boosting Classifier,1,1,0.9976119737339821
02_linear,Linear,Gradient Boosting Classifier,0,0,0.010868919253355395
02_linear,Linear,Gradient Boosting Classifier,0,0,0.009335765930127308
02_linear,Linear,Gradient Boosting Classifier,0,0,0.028184963728004147
02_linear,Linear,Gradient Boosting Classifier,0,0,0.005228965914287321
02_linear,Linear,Gradient Boosting Classifier,0,0,0.005827852101629334
02_linear,Linear,Gradient Boosting Classifier,0,0,0.008088879475384912
02_linear,Linear,Gradient Boosting Classifier,0,0,0.0038171193791469576
02_linear,Linear,Gradient Boosting Classifier,0,0,0.004781389063193887
02_linear,Linear,Gradient Boosting Classifier,1,1,0.7201777600036232
02_linear,Linear,Gradient Boosting Classifier,0,0,0.0032444652821319517
02_linear,Linear,Gradient Boosting Classifier,0,0,0.04427285316354915
02_linear,Linear,Gradient Boosting Classifier,1,1,0.9962186707893528
02_linear,Linear,Gradient Boosting Classifier,0,1,0.9367648475496612
02_linear,Linear,Gradient Boosting Classifier,1,1,0.9966538324509243
02_linear,Linear,Gradient Boosting Classifier,1,1,0.8503819943182231
02_linear,Linear,Gradient Boosting Classifier,0,0,0.006129085909647232
02_linear,Linear,Gradient Boosting Classifier,0,0,0.06829092026026246
02_linear,Linear,Gradient Boosting Classifier,0,0,0.10228498741250074
02_linear,Linear,Gradient Boosting Classifier,0,0,0.026153798686212447
02_linear,Linear,Gradient Boosting Classifier,1,1,0.9879480407494723
02_linear,Linear,Gradient Boosting Classifier,1,1,0.9972865952235764
02_linear,Linear,Gradient Boosting Classifier,1,1,0.9943677698345665
02_linear,Linear,Gradient Boosting Classifier,1,1,0.9927769110449488
02_linear,Linear,Gradient Boosting Classifier,0,0,0.028771644739753584
02_linear,Linear,Gradient Boosting Classifier,0,0,0.043511875570269753
02_linear,Linear,Gradient Boosting Classifier,0,0,0.4247528610841124
02_linear,Linear,Gradient Boosting Classifier,0,0,0.005483551642085555
02_linear,Linear,Gradient Boosting Classifier,0,0,0.005500993571925532
02_linear,Linear,Gradient Boosting Classifier,1,1,0.9961178920197257
02_linear,Linear,Gradient Boosting Classifier,0,0,0.009251046431116561
02_linear,Linear,Gradient Boosting Classifier,0,0,0.006178557585454553
02_linear,Linear,Gradient Boosting Classifier,0,0,0.0023999520064554355
02_linear,Linear,Gradient Boosting Classifier,1,1,0.9951142523468982
02_linear,Linear,Gradient Boosting Classifier,0,0,0.005756463289303618
02_linear,Linear,Gradient Boosting Classifier,0,0,0.012269121857895504
02_linear,Linear,Gradient Boosting Classifier,1,1,0.9842140624110048
02_linear,Linear,Gradient Boosting Classifier,1,0,0.4986599073509604
02_linear,Linear,Gradient Boosting Classifier,0,0,0.010929467988026638
02_linear,Linear,Gradient Boosting Classifier,0,0,0.09158089875794961
02_linear,Linear,Gradient Boosting Classifier,0,0,0.01217672648269017
02_linear,Linear,Gradient Boosting Classifier,0,0,0.003783855175205988
02_linear,Linear,Gradient Boosting Classifier,0,0,0.007166847664107187
02_linear,Linear,Gradient Boosting Classifier,0,0,0.0069893131313126956
02_linear,Linear,Gradient Boosting Classifier,0,0,0.06052621110420726
02_linear,Linear,Gradient Boosting Classifier,0,0,0.04171264722633974
02_linear,Linear,Gradient Boosting Classifier,0,0,0.006291939281053336
02_linear,Linear,Gradient Boosting Classifier,0,0,0.017016024342886692
02_linear,Linear,Gradient Boosting Classifier,1,1,0.983144964969049
02_linear,Linear,Gradient Boosting Classifier,0,0,0.0024493673434203976
02_linear,Linear,Gradient Boosting Classifier,0,0,0.005994795264119415
02_linear,Linear,Gradient Boosting Classifier,0,0,0.004609718349959959
02_linear,Linear,Gradient Boosting Classifier,0,0,0.0012528265190001765
02_linear,Linear,Gradient Boosting Classifier,0,0,0.01654104079790482
02_linear,Linear,Gradient Boosting Classifier,0,0,0.005030514041274735
02_linear,Linear,Gradient Boosting Classifier,1,1,0.9959684120290219
02_linear,Linear,Gradient Boosting Classifier,1,1,0.9693729276821752
02_linear,Linear,Gradient Boosting Classifier,1,1,0.9950262542565323
02_linear,Linear,Gradient Boosting Classifier,0,0,0.015180039487217583
02_linear,Linear,Gradient Boosting Classifier,0,0,0.0019338906084148087
02_linear,Linear,Gradient Boosting Classifier,1,1,0.9924673516330903
02_linear,Linear,Gradient Boosting Classifier,0,0,0.018743388828786307
02_linear,Linear,Gradient Boosting Classifier,0,0,0.0039506862311790925
02_linear,Linear,Gradient Boosting Classifier,0,0,0.004957275312181281
02_linear,Linear,Gradient Boosting Classifier,0,0,0.006155427404043204
02_linear,Linear,Gradient Boosting Classifier,0,0,0.005673720416808686
02_linear,Linear,Gradient Boosting Classifier,0,0,0.0047973331638148
02_linear,Linear,Gradient Boosting Classifier,0,0,0.019093205988926425
02_linear,Linear,Gradient Boosting Classifier,0,0,0.20014267822872706
02_linear,Linear,Gradient Boosting Classifier,0,0,0.014067985767336677
02_linear,Linear,Gradient Boosting Classifier,0,0,0.003762361602374742
02_linear,Linear,Gradient Boosting Classifier,0,0,0.016070243553070386
02_linear,Linear,Gradient Boosting Classifier,0,0,0.02398723432461444
02_linear,Linear,Gradient Boosting Classifier,0,0,0.02069449423039986
02_linear,Linear,Gradient Boosting Classifier,0,0,0.015945111834032733
02_linear,Linear,Gradient Boosting Classifier,0,0,0.025903281098131448
02_linear,Linear,Gradient Boosting Classifier,1,1,0.9899933992595603
02_linear,Linear,Gradient Boosting Classifier,0,0,0.35456392955742466
02_linear,Linear,Gradient Boosting Classifier,0,0,0.005082854655631671
02_linear,Linear,Gradient Boosting Classifier,0,0,0.005751988827272555
02_linear,Linear,Gradient Boosting Classifier,0,0,0.0060692602757368135
02_linear,Linear,Gradient Boosting Classifier,0,0,0.0016904147566770276
02_linear,Linear,Gradient Boosting Classifier,0,0,0.036439441988795895
02_linear,Linear,Gradient Boosting Classifier,1,1,0.9964593713508713
02_linear,Linear,Gradient Boosting Classifier,0,0,0.03134072954909876
02_linear,Linear,Gradient Boosting Classifier,1,0,0.4305644681425439
02_linear,Linear,Gradient Boosting Classifier,0,0,0.003911561142628501
02_linear,Linear,Gradient Boosting Classifier,1,1,0.9972865952235764
02_linear,Linear,Gradient Boosting Classifier,0,0,0.013775544850932684
02_linear,Linear,Gradient Boosting Classifier,1,1,0.9952413076747009
02_linear,Linear,Gradient Boosting Classifier,1,1,0.9960012083200679
02_linear,Linear,Gradient Boosting Classifier,1,1,0.9636820065268986
02_linear,Linear,Gradient Boosting Classifier,0,0,0.0064838711783307065
02_linear,Linear,Gradient Boosting Classifier,1,1,0.9981568207074797
02_linear,Linear,Gradient Boosting Classifier,0,0,0.004390549349914738
02_linear,Linear,Gradient Boosting Classifier,0,0,0.0034685932226484677
02_linear,Linear,Gradient Boosting Classifier,0,0,0.008625261385425341
02_linear,Linear,Gradient Boosting Classifier,0,0,0.0045300323982930815
02_linear,Linear,Gradient Boosting Classifier,1,1,0.9936508483415388
02_linear,Linear,Gradient Boosting Classifier,0,0,0.004055964449569474
02_linear,Linear,Gradient Boosting Classifier,0,0,0.0072125828215799685
02_linear,Linear,Gradient Boosting Classifier,0,0,0.04896392142838876
02_linear,Linear,Gradient Boosting Classifier,0,0,0.009550232834779416
02_linear,Linear,Gradient Boosting Classifier,0,1,0.8773861603469226
02_linear,Linear,Gradient Boosting Classifier,0,0,0.002992768578248615
02_linear,Linear,Gradient Boosting Classifier,1,1,0.9946829104906393
02_linear,Linear,Gradient Boosting Classifier,0,0,0.004599011893933411
02_linear,Linear,Gradient Boosting Classifier,0,0,0.0037119374655496342
02_linear,Linear,Gradient Boosting Classifier,0,0,0.011845374512659526
02_linear,Linear,Gradient Boosting Classifier,1,1,0.9965685260688176
02_linear,Linear,Gradient Boosting Classifier,1,1,0.9952441604855581
02_linear,Linear,Gradient Boosting Classifier,0,0,0.004254791524823219
02_linear,Linear,Gradient Boosting Classifier,1,1,0.594449634494462
02_linear,Linear,Gradient Boosting Classifier,1,1,0.9979287848617308
02_linear,Linear,Gradient Boosting Classifier,0,0,0.004807717141746819
02_linear,Linear,Gradient Boosting Classifier,0,0,0.05301743415815769
02_linear,Linear,Gradient Boosting Classifier,0,0,0.004702938583553657
02_linear,Linear,Gradient Boosting Classifier,0,0,0.0039262945058509725
02_linear,Linear,Gradient Boosting Classifier,0,0,0.00746104587532767
02_linear,Linear,Gradient Boosting Classifier,0,0,0.059083602926396465
02_linear,Linear,Gradient Boosting Classifier,0,0,0.004384444798670813
02_linear,Linear,Gradient Boosting Classifier,1,1,0.9976553967543064
02_linear,Linear,Gradient Boosting Classifier,0,0,0.1141322281479439
02_linear,Linear,Gradient Boosting Classifier,1,1,0.9719222085780728
02_linear,Linear,Gradient Boosting Classifier,1,1,0.9827407378662951
02_linear,Linear,Gradient Boosting Classifier,0,0,0.01687945089476099
02_linear,Linear,Gradient Boosting Classifier,0,0,0.013647297856507232
02_linear,Linear,Gradient Boosting Classifier,0,0,0.017805371329560175
02_linear,Linear,Gradient Boosting Classifier,0,0,0.0035749210750581927
02_linear,Linear,Gradient Boosting Classifier,0,0,0.052194205840706255
02_linear,Linear,Gradient Boosting Classifier,0,0,0.022999740782404268
02_linear,Linear,Gradient Boosting Classifier,0,0,0.001562514510868778
02_linear,Linear,Gradient Boosting Classifier,0,0,0.005228393095368885
02_linear,Linear,Gradient Boosting Classifier,0,0,0.003960380222402259
02_linear,Linear,Gradient Boosting Classifier,0,0,0.004533853067270177
02_linear,Linear,Gradient Boosting Classifier,0,0,0.008890282524401223
02_linear,Linear,Gradient Boosting Classifier,0,0,0.004130613952985069
02_linear,Linear,Gradient Boosting Classifier,1,1,0.9814891236946558
02_linear,Linear,Gradient Boosting Classifier,0,0,0.008655874176013255
02_linear,Linear,Gradient Boosting Classifier,0,0,0.0027208011635832447
02_linear,Linear,Gradient Boosting Classifier,0,0,0.002854356790072454
02_linear,Linear,Gradient Boosting Classifier,1,1,0.9866539609998616
02_linear,Linear,Gradient Boosting Classifier,1,1,0.9981171006355793
02_linear,Linear,Gradient Boosting Classifier,0,0,0.008171714320436518
02_linear,Linear,Gradient Boosting Classifier,1,1,0.9345559667738579
02_linear,Linear,Gradient Boosting Classifier,0,0,0.013682404954917474
02_linear,Linear,Gradient Boosting Classifier,0,0,0.005807217708821445
02_linear,Linear,Gradient Boosting Classifier,0,0,0.002320104837733904
02_linear,Linear,Gradient Boosting Classifier,0,0,0.005807217708821445
02_linear,Linear,Gradient Boosting Classifier,0,0,0.0925293557007096
02_linear,Linear,Gradient Boosting Classifier,0,0,0.005196832855767593
02_linear,Linear,Gradient Boosting Classifier,0,0,0.03818428625579856
02_linear,Linear,Gradient Boosting Classifier,0,0,0.08256534888501041
02_linear,Linear,Gradient Boosting Classifier,0,0,0.004071383563193779
02_linear,Linear,Gradient Boosting Classifier,0,0,0.03210409561643683
02_linear,Linear,Gradient Boosting Classifier,0,0,0.013016746196993619
02_linear,Linear,Gradient Boosting Classifier,0,0,0.01288309677212443
02_linear,Linear,Gradient Boosting Classifier,0,0,0.004566825665602328
02_linear,Linear,Gradient Boosting Classifier,0,0,0.0038741401872165525
02_linear,Linear,Gradient Boosting Classifier,0,0,0.004338934920166871
02_linear,Linear,Gradient Boosting Classifier,1,1,0.9978013496071096
02_linear,Linear,Gradient Boosting Classifier,0,0,0.026713096377792712
02_linear,Linear,Gradient Boosting Classifier,0,0,0.004304491597540647
02_linear,Linear,Gradient Boosting Classifier,0,0,0.014141845302173944
02_linear,Linear,Gradient Boosting Classifier,0,0,0.009556636996832232
02_linear,Linear,Gradient Boosting Classifier,0,0,0.009008311644858847
02_linear,Linear,Gradient Boosting Classifier,0,0,0.017310998178902623
02_linear,Linear,Gradient Boosting Classifier,0,0,0.017373010574161893
02_linear,Linear,Gradient Boosting Classifier,0,0,0.004919128535178355
02_linear,Linear,Gradient Boosting Classifier,0,0,0.00493143200455852
02_linear,Linear,Gradient Boosting Classifier,0,0,0.2612664133113363
02_linear,Linear,Gradient Boosting Classifier,0,0,0.004400801792988701
02_linear,Linear,Gradient Boosting Classifier,0,0,0.05421029626968014
02_linear,Linear,Gradient Boosting Classifier,0,0,0.015260671706055013
02_linear,Linear,Gradient Boosting Classifier,0,0,0.006988322576416095
02_linear,Linear,Gradient Boosting Classifier,0,0,0.4064914495627925
02_linear,Linear,Gradient Boosting Classifier,0,0,0.042145898246579376
02_linear,Linear,Gradient Boosting Classifier,1,1,0.997910395678497
02_linear,Linear,Gradient Boosting Classifier,0,0,0.007245442539655612
02_linear,Linear,Gradient Boosting Classifier,0,0,0.005500700390543302
02_linear,Linear,Gradient Boosting Classifier,0,0,0.005446260077767411
02_linear,Linear,Gradient Boosting Classifier,0,1,0.7814227738194838
02_linear,Linear,Gradient Boosting Classifier,0,0,0.012781564686438016
02_linear,Linear,Gradient Boosting Classifier,0,0,0.003184312601103858
02_linear,Linear,Gradient Boosting Classifier,0,0,0.010658362821748124
02_linear,Linear,Gradient Boosting Classifier,0,0,0.4255305504438566
02_linear,Linear,Gradient Boosting Classifier,0,0,0.10396764533610015
02_linear,Linear,Gradient Boosting Classifier,0,0,0.011208160937350893
02_linear,Linear,Gradient Boosting Classifier,0,0,0.004847718261172169
02_linear,Linear,Gradient Boosting Classifier,0,1,0.8841927141129272
02_linear,Linear,Gradient Boosting Classifier,0,0,0.02349092566227436
02_linear,Linear,Gradient Boosting Classifier,0,0,0.0067565791233024225
02_linear,Linear,Gradient Boosting Classifier,0,0,0.004701822794955413
02_linear,Linear,Gradient Boosting Classifier,0,0,0.042874912857197946
02_linear,Linear,Gradient Boosting Classifier,0,0,0.004233559733919932
02_linear,Linear,Gradient Boosting Classifier,0,0,0.0049713077856161315
02_linear,Linear,Gradient Boosting Classifier,0,0,0.017573652439372797
02_linear,Linear,Gradient Boosting Classifier,0,0,0.01899770892742032
02_linear,Linear,Gradient Boosting Classifier,0,0,0.004483057733603235
02_linear,Linear,Gradient Boosting Classifier,0,0,0.011562530099165956
02_linear,Linear,Gradient Boosting Classifier,1,0,0.23128109140632927
02_linear,Linear,Gradient Boosting Classifier,0,0,0.0016903328929254407
02_linear,Linear,Gradient Boosting Classifier,0,0,0.009749161349310915
02_linear,Linear,Gradient Boosting Classifier,0,0,0.021339911082476404
02_linear,Linear,Gradient Boosting Classifier,0,0,0.00812396675217922
02_linear,Linear,Gradient Boosting Classifier,0,0,0.005807217708821445
02_linear,Linear,Gradient Boosting Classifier,0,0,0.0476639802523075
02_linear,Linear,Gradient Boosting Classifier,0,0,0.0039262945058509725
02_linear,Linear,Gradient Boosting Classifier,1,1,0.9926870126121433
02_linear,Linear,Gradient Boosting Classifier,0,0,0.012733290140484963
02_linear,Linear,Gradient Boosting Classifier,0,0,0.012473175920859971
02_linear,Linear,Gradient Boosting Classifier,1,1,0.9879480407494723
02_linear,Linear,Gradient Boosting Classifier,0,0,0.005015773598556255
02_linear,Linear,Gradient Boosting Classifier,0,0,0.01167768566501642
02_linear,Linear,Gradient Boosting Classifier,0,0,0.014685809794489376
02_linear,Linear,Gradient Boosting Classifier,1,1,0.9973691392769021
02_linear,Linear,Gradient Boosting Classifier,1,1,0.9944280549284533
02_linear,Linear,Gradient Boosting Classifier,0,0,0.002878143741655593
02_linear,Linear,Gradient Boosting Classifier,1,1,0.9959680796195298
02_linear,Linear,Gradient Boosting Classifier,0,0,0.005807217708821445
02_linear,Linear,Gradient Boosting Classifier,0,0,0.02813515551747752
02_linear,Linear,Gradient Boosting Classifier,0,0,0.11777356157876961
02_linear,Linear,Gradient Boosting Classifier,0,0,0.007411817115497676
02_linear,Linear,Gradient Boosting Classifier,0,0,0.003569612240054564
02_linear,Linear,Gradient Boosting Classifier,1,1,0.9982354225954905
02_linear,Linear,Gradient Boosting Classifier,1,1,0.9052727265639396
02_linear,Linear,Gradient Boosting Classifier,0,0,0.007875838497818699
02_linear,Linear,Gradient Boosting Classifier,0,0,0.015899597974291624
02_linear,Linear,Gradient Boosting Classifier,0,0,0.004490342032511805
02_linear,Linear,Gradient Boosting Classifier,0,0,0.012625882461139593
02_linear,Linear,Gradient Boosting Classifier,0,0,0.010299716732527981
02_linear,Linear,Gradient Boosting Classifier,1,1,0.9967866949450735
02_linear,Linear,Gradient Boosting Classifier,0,0,0.016452404585661266
02_linear,Linear,Gradient Boosting Classifier,0,0,0.0038741401872165525
02_linear,Linear,Gradient Boosting Classifier,0,0,0.013841858028937679
02_linear,Linear,Gradient Boosting Classifier,0,0,0.10452627945841347
02_linear,Linear,Gradient Boosting Classifier,0,0,0.012456198628823228
02_linear,Linear,Gradient Boosting Classifier,1,1,0.9971322752817395
02_linear,Linear,Gradient Boosting Classifier,0,0,0.005399619361241761
02_linear,Linear,Gradient Boosting Classifier,1,1,0.9974264442797105
02_linear,Linear,Gradient Boosting Classifier,0,0,0.006108817749546319
02_linear,Linear,Gradient Boosting Classifier,0,0,0.012739949906282183
02_linear,Linear,Gradient Boosting Classifier,0,0,0.0200822229768795
02_linear,Linear,Gradient Boosting Classifier,0,0,0.004115841771418102
02_linear,Linear,Gradient Boosting Classifier,0,0,0.006108817749546319
02_linear,Linear,Gradient Boosting Classifier,0,0,0.13855230160355791
02_linear,Linear,Gradient Boosting Classifier,1,1,0.9984499583398581
02_linear,Linear,Gradient Boosting Classifier,0,0,0.010379597651187032
02_linear,Linear,Gradient Boosting Classifier,0,0,0.007433713496735226
02_linear,Linear,Gradient Boosting Classifier,0,0,0.005636467771740898
02_linear,Linear,Gradient Boosting Classifier,0,0,0.005500700390543302
02_linear,Linear,Gradient Boosting Classifier,0,0,0.02345510781950776
02_linear,Linear,Gradient Boosting Classifier,0,0,0.005228965914287321
02_linear,Linear,Gradient Boosting Classifier,1,0,0.17309272064955844
02_linear,Linear,Gradient Boosting Classifier,0,0,0.026545958704630293
02_linear,Linear,Gradient Boosting Classifier,0,0,0.05419348818822778
02_linear,Linear,Gradient Boosting Classifier,1,0,0.37433371426798157
02_linear,Linear,Gradient Boosting Classifier,0,0,0.002193476961843253
02_linear,Linear,Gradient Boosting Classifier,1,1,0.9956244514837588
02_linear,Linear,Gradient Boosting Classifier,1,1,0.9950509181539845
02_linear,Linear,Gradient Boosting Classifier,0,0,0.0060980880580135685
02_linear,Linear,Gradient Boosting Classifier,0,0,0.035737235064853476
02_linear,Linear,Gradient Boosting Classifier,0,0,0.004478562978994937
02_linear,Linear,Gradient Boosting Classifier,0,0,0.007919068582517966
02_linear,Linear,Gradient Boosting Classifier,1,1,0.9955749921421145
02_linear,Linear,Gradient Boosting Classifier,0,0,0.03165203215032394
02_linear,Linear,Gradient Boosting Classifier,0,0,0.013344842269373002
02_linear,Linear,Gradient Boosting Classifier,1,1,0.9950369463325115
02_linear,Linear,Gradient Boosting Classifier,0,0,0.0029052473990301753
02_linear,Linear,Gradient Boosting Classifier,1,1,0.9979237913069602
02_linear,Linear,Gradient Boosting Classifier,0,0,0.004281137306732396
02_linear,Linear,Gradient Boosting Classifier,0,0,0.17913979542804595
02_linear,Linear,Gradient Boosting Classifier,0,0,0.01280783554297224
02_linear,Linear,Gradient Boosting Classifier,0,0,0.004012346661591802
02_linear,Linear,Gradient Boosting Classifier,1,1,0.9958371788340035
02_linear,Linear,Gradient Boosting Classifier,0,0,0.04578917369658877
02_linear,Linear,Gradient Boosting Classifier,1,1,0.995286981354514
02_linear,Linear,Gradient Boosting Classifier,0,0,0.03749043168142986
02_linear,Linear,Gradient Boosting Classifier,0,0,0.00332871718436817
02_linear,Linear,Gradient Boosting Classifier,0,0,0.014011291303300314
02_linear,Linear,Gradient Boosting Classifier,0,0,0.014388558602010345
02_linear,Linear,Gradient Boosting Classifier,0,0,0.017188105734009987
02_linear,Linear,Gradient Boosting Classifier,0,0,0.042311328716242956
02_linear,Linear,Gradient Boosting Classifier,1,1,0.9965989359109992
02_linear,Linear,Gradient Boosting Classifier,0,0,0.010591558123407995
02_linear,Linear,Gradient Boosting Classifier,0,0,0.004135391567575712
02_linear,Linear,Gradient Boosting Classifier,0,0,0.005228965914287321
02_linear,Linear,Gradient Boosting Classifier,1,1,0.9971065705560684
02_linear,Linear,Gradient Boosting Classifier,1,1,0.9948705795266966
02_linear,Linear,Gradient Boosting Classifier,0,0,0.004174848826404122
02_linear,Linear,Gradient Boosting Classifier,0,0,0.0037865034695439546
02_linear,Linear,Gradient Boosting Classifier,1,1,0.9813139511306119
02_linear,Linear,Gradient Boosting Classifier,1,1,0.9956020776395407
02_linear,Linear,Gradient Boosting Classifier,0,0,0.003997579008813992
02_linear,Linear,Gradient Boosting Classifier,0,0,0.005807217708821445
02_linear,Linear,Gradient Boosting Classifier,1,1,0.9956170715379958
02_linear,Linear,Gradient Boosting Classifier,0,0,0.007199393937952491
02_linear,Linear,Gradient Boosting Classifier,0,0,0.007464950683194081
02_linear,Linear,Gradient Boosting Classifier,1,1,0.9966538324509243
02_linear,Linear,Gradient Boosting Classifier,0,0,0.2696348056077008
02_linear,Linear,Gradient Boosting Classifier,0,0,0.0041892135208076615
02_linear,Linear,Gradient Boosting Classifier,0,0,0.019947016094288363
02_linear,Linear,Gradient Boosting Classifier,1,1,0.9946631828921205
02_linear,Linear,Gradient Boosting Classifier,1,1,0.9808520270522537
02_linear,Linear,Gradient Boosting Classifier,1,1,0.9604065423761796
02_linear,Linear,Gradient Boosting Classifier,0,0,0.008808901052020248
02_linear,Linear,Gradient Boosting Classifier,1,1,0.9973643613481222
02_linear,Linear,Gradient Boosting Classifier,0,0,0.0025527276758437463
02_linear,Linear,Gradient Boosting Classifier,1,0,0.03674437864184957
02_linear,Linear,Gradient Boosting Classifier,0,0,0.005807217708821445
02_linear,Linear,Gradient Boosting Classifier,0,0,0.18178620813311092
02_linear,Linear,Gradient Boosting Classifier,0,0,0.0039465053441168265
02_linear,Linear,Gradient Boosting Classifier,1,1,0.957412903449103
02_linear,Linear,Gradient Boosting Classifier,1,1,0.9980525211341124
02_linear,Linear,Gradient Boosting Classifier,0,0,0.004272095893072134
02_linear,Linear,Gradient Boosting Classifier,0,0,0.0022642830190346295
02_linear,Linear,Gradient Boosting Classifier,1,1,0.9966538324509243
02_linear,Linear,Gradient Boosting Classifier,0,0,0.00871458904323966
02_linear,Linear,Gradient Boosting Classifier,0,0,0.005685408898676954
02_linear,Linear,Gradient Boosting Classifier,0,0,0.012959848752682936
02_linear,Linear,Gradient Boosting Classifier,1,1,0.9956244514837588
02_linear,Linear,Gradient Boosting Classifier,0,0,0.00427142627905332
02_linear,Linear,Gradient Boosting Classifier,1,1,0.9744246438860471
02_linear,Linear,Gradient Boosting Classifier,0,0,0.020065066695921528
02_linear,Linear,Gradient Boosting Classifier,1,1,0.9956653086118674
02_linear,Linear,Gradient Boosting Classifier,0,0,0.009531266702809453
02_linear,Linear,Gradient Boosting Classifier,0,0,0.0033665314777227996
02_linear,Linear,Gradient Boosting Classifier,0,0,0.041451237848078214
02_linear,Linear,Gradient Boosting Classifier,0,0,0.02587716682569748
02_linear,Linear,Gradient Boosting Classifier,0,0,0.004400801792988701
02_linear,Linear,Gradient Boosting Classifier,0,0,0.002694345585846309
02_linear,Linear,Gradient Boosting Classifier,0,0,0.009558366815122891
02_linear,Linear,Gradient Boosting Classifier,0,0,0.023202745135129505
02_linear,Linear,Gradient Boosting Classifier,0,0,0.008853519986069659
02_linear,Linear,Gradient Boosting Classifier,0,0,0.014322721670247007
02_linear,Linear,Gradient Boosting Classifier,0,0,0.053102155626613814
02_linear,Linear,Gradient Boosting Classifier,0,0,0.001562514510868778
02_linear,Linear,Gradient Boosting Classifier,0,0,0.005118310267791487
02_linear,Linear,Gradient Boosting Classifier,0,0,0.012697806750261678
02_linear,Linear,Gradient Boosting Classifier,0,0,0.0038357473407936516
02_linear,Linear,Gradient Boosting Classifier,1,1,0.9953900358411579
02_linear,Linear,Gradient Boosting Classifier,0,0,0.006005906552653077
02_linear,Linear,Gradient Boosting Classifier,0,0,0.005400403844848285
02_linear,Linear,Gradient Boosting Classifier,1,1,0.9967730287061501
02_linear,Linear,Gradient Boosting Classifier,0,0,0.0041892135208076615
02_linear,Linear,Gradient Boosting Classifier,0,0,0.27074619668366295
02_linear,Linear,Gradient Boosting Classifier,0,0,0.0034822324246589864
02_linear,Linear,Gradient Boosting Classifier,0,0,0.036204745829082716
02_linear,Linear,Gradient Boosting Classifier,0,0,0.013346091704710353
02_linear,Linear,Gradient Boosting Classifier,0,0,0.15961219444762503
02_linear,Linear,Gradient Boosting Classifier,0,0,0.005842778716652554
02_linear,Linear,Gradient Boosting Classifier,0,0,0.09868518447496558
02_linear,Linear,Gradient Boosting Classifier,0,0,0.00883527524203673
02_linear,Linear,Gradient Boosting Classifier,0,0,0.0028362815757006
02_linear,Linear,Gradient Boosting Classifier,0,0,0.005243756271755844
02_linear,Linear,Gradient Boosting Classifier,0,0,0.0022557655886855056
02_linear,Linear,Gradient Boosting Classifier,0,0,0.015284512223568612
02_linear,Linear,Gradient Boosting Classifier,0,0,0.0028420169453593214
02_linear,Linear,Gradient Boosting Classifier,0,0,0.0060226508925989965
02_linear,Linear,Gradient Boosting Classifier,0,0,0.0045300323982930815
02_linear,Linear,Gradient Boosting Classifier,0,0,0.004615397836335987
02_linear,Linear,Gradient Boosting Classifier,0,0,0.0045300323982930815
02_linear,Linear,Gradient Boosting Classifier,0,0,0.006238083591144284
02_linear,Linear,Gradient Boosting Classifier,0,0,0.01455366355518248
02_linear,Linear,Gradient Boosting Classifier,0,0,0.0033354771407734175
02_linear,Linear,Gradient Boosting Classifier,1,1,0.9960540143658553
02_linear,Linear,Gradient Boosting Classifier,0,0,0.006053642227868705
02_linear,Linear,Gradient Boosting Classifier,0,0,0.4236537613692308
02_linear,Linear,Gradient Boosting Classifier,0,0,0.003904474932336837
02_linear,Linear,Gradient Boosting Classifier,0,0,0.022382797283370847
02_linear,Linear,Gradient Boosting Classifier,1,1,0.9790731434393539
02_linear,Linear,Gradient Boosting Classifier,0,0,0.0054375182449241805
02_linear,Linear,Gradient Boosting Classifier,0,0,0.01043882761492528
02_linear,Linear,Gradient Boosting Classifier,0,0,0.005983441759583295
02_linear,Linear,Gradient Boosting Classifier,0,0,0.020253969719208804
02_linear,Linear,Gradient Boosting Classifier,0,0,0.011587300405147181
02_linear,Linear,Gradient Boosting Classifier,1,1,0.9961706273585507
02_linear,Linear,Gradient Boosting Classifier,0,0,0.003368356950659604
02_linear,Linear,Gradient Boosting Classifier,0,0,0.004351753960764021
02_linear,Linear,Gradient Boosting Classifier,0,0,0.03696594516846628
02_linear,Linear,Gradient Boosting Classifier,1,1,0.9625601301173702
02_linear,Linear,Gradient Boosting Classifier,0,0,0.006036175330664773
02_linear,Linear,Gradient Boosting Classifier,0,0,0.004611955401826674
02_linear,Linear,Gradient Boosting Classifier,0,0,0.17432923404708742
02_linear,Linear,Gradient Boosting Classifier,1,1,0.9968279011737565
02_linear,Linear,Gradient Boosting Classifier,0,0,0.056926480644959025
02_linear,Linear,Gradient Boosting Classifier,0,0,0.010435055217130043
02_linear,Linear,Gradient Boosting Classifier,0,0,0.004855264282311129
02_linear,Linear,Gradient Boosting Classifier,0,0,0.0056519420464609905
02_linear,Linear,Gradient Boosting Classifier,0,0,0.015920953095131765
02_linear,Linear,Gradient Boosting Classifier,1,1,0.9971065705560684
02_linear,Linear,Gradient Boosting Classifier,0,0,0.011598308101955453
02_linear,Linear,Gradient Boosting Classifier,0,0,0.0030051550023501923
02_linear,Linear,Gradient Boosting Classifier,1,1,0.9622793218551012
02_linear,Linear,Gradient Boosting Classifier,1,1,0.995164351352116
02_linear,Linear,Gradient Boosting Classifier,1,1,0.9613851017670466
02_linear,Linear,Gradient Boosting Classifier,1,1,0.9546041742146485
02_linear,Linear,Gradient Boosting Classifier,0,0,0.005408739955516824
02_linear,Linear,Gradient Boosting Classifier,1,1,0.9950710349118272
02_linear,Linear,Gradient Boosting Classifier,1,1,0.9966925657731143
02_linear,Linear,Gradient Boosting Classifier,0,0,0.013549303515375855
02_linear,Linear,Gradient Boosting Classifier,1,1,0.850440356810379
02_linear,Linear,Gradient Boosting Classifier,0,0,0.0037293720687702485
02_linear,Linear,Gradient Boosting Classifier,0,0,0.2209574649135234
02_linear,Linear,Gradient Boosting Classifier,1,1,0.9233907228103676
02_linear,Linear,Gradient Boosting Classifier,0,1,0.9673730043365049
02_linear,Linear,Gradient Boosting Classifier,1,1,0.9968581036928915
02_linear,Linear,Gradient Boosting Classifier,0,0,0.0046063394264816045
02_linear,Linear,Gradient Boosting Classifier,0,0,0.006083331413973725
02_linear,Linear,Gradient Boosting Classifier,0,0,0.005228965914287321
02_linear,Linear,Gradient Boosting Classifier,0,0,0.012632390468072
02_linear,Linear,Gradient Boosting Classifier,0,0,0.003712565895656745
02_linear,Linear,Gradient Boosting Classifier,0,0,0.011425541010832239
02_linear,Linear,Gradient Boosting Classifier,0,0,0.0044674624306733435
02_linear,Linear,Gradient Boosting Classifier,1,1,0.9856439092503453
02_linear,Linear,Gradient Boosting Classifier,1,1,0.9936025097628697
02_linear,Linear,Gradient Boosting Classifier,0,0,0.01266635503281701
02_linear,Linear,Gradient Boosting Classifier,1,1,0.9924204641724794
02_linear,Linear,Gradient Boosting Classifier,0,0,0.004473756870020359
02_linear,Linear,Gradient Boosting Classifier,0,0,0.03183211323337558
02_linear,Linear,Gradient Boosting Classifier,0,0,0.014291696563604937
02_linear,Linear,Gradient Boosting Classifier,0,0,0.006372093713755413
02_linear,Linear,Gradient Boosting Classifier,0,0,0.007040415697882951
02_linear,Linear,Gradient Boosting Classifier,0,0,0.0041892135208076615
02_linear,Linear,Gradient Boosting Classifier,0,0,0.0051797731456096965
02_linear,Linear,Gradient Boosting Classifier,0,0,0.013656679486366542
02_linear,Linear,Gradient Boosting Classifier,0,0,0.05064886406787935
02_linear,Linear,Gradient Boosting Classifier,0,0,0.0037106516114396
02_linear,Linear,Gradient Boosting Classifier,0,0,0.006854068285002212
02_linear,Linear,Gradient Boosting Classifier,0,0,0.03267678025681905
02_linear,Linear,Gradient Boosting Classifier,0,0,0.0029138457090020858
02_linear,Linear,Gradient Boosting Classifier,0,0,0.010648679897509531
02_linear,Linear,Gradient Boosting Classifier,0,0,0.0054375182449241805
02_linear,Linear,Gradient Boosting Classifier,0,0,0.021465872374958048
02_linear,Linear,Gradient Boosting Classifier,0,0,0.0066964804474407445
02_linear,Linear,Gradient Boosting Classifier,0,0,0.016369775881362864
02_linear,Linear,Gradient Boosting Classifier,0,0,0.006155427404043204
02_linear,Linear,Gradient Boosting Classifier,0,0,0.005750301357567212
02_linear,Linear,Gradient Boosting Classifier,1,1,0.9617043912188481
02_linear,Linear,Gradient Boosting Classifier,0,0,0.005518021589245374
02_linear,Linear,Gradient Boosting Classifier,1,1,0.9977442086232005
02_linear,Linear,Gradient Boosting Classifier,0,0,0.021665887282785335
02_linear,Linear,Gradient Boosting Classifier,0,0,0.005253540236389998
02_linear,Linear,Gradient Boosting Classifier,1,1,0.9947674883578774
02_linear,Linear,Gradient Boosting Classifier,0,0,0.006174515193626693
02_linear,Linear,Gradient Boosting Classifier,0,0,0.020408930674222128
02_linear,Linear,Gradient Boosting Classifier,1,1,0.9949324543616007
02_linear,Linear,Gradient Boosting Classifier,0,0,0.026968134895807426
02_linear,Linear,Gradient Boosting Classifier,0,0,0.014205790713909752
02_linear,Linear,Gradient Boosting Classifier,0,0,0.05251018704229954
02_linear,Linear,Gradient Boosting Classifier,0,0,0.024222396897542554
02_linear,Linear,Gradient Boosting Classifier,0,0,0.0036377147121220664
02_linear,Linear,Gradient Boosting Classifier,0,0,0.004661126138502096
02_linear,Linear,Gradient Boosting Classifier,1,1,0.9970624257466139
02_linear,Linear,Gradient Boosting Classifier,0,0,0.008744241517261947
02_linear,Linear,Gradient Boosting Classifier,0,0,0.005865055801914735
02_linear,Linear,Gradient Boosting Classifier,0,0,0.00564821788075806
02_linear,Linear,Gradient Boosting Classifier,0,0,0.005126119709245381
02_linear,Linear,Gradient Boosting Classifier,0,0,0.004032851674403005
02_linear,Linear,Gradient Boosting Classifier,0,0,0.06766402445850783
02_linear,Linear,Gradient Boosting Classifier,0,0,0.01646203729940969
02_linear,Linear,Gradient Boosting Classifier,0,0,0.03942197476228716
02_linear,Linear,Gradient Boosting Classifier,1,1,0.690111681405741
02_linear,Linear,Gradient Boosting Classifier,0,0,0.0036377147121220664
02_linear,Linear,Gradient Boosting Classifier,1,1,0.8917324409915521
02_linear,Linear,Gradient Boosting Classifier,0,0,0.007601697444614234
02_linear,Linear,Gradient Boosting Classifier,0,0,0.02194650934142155
02_linear,Linear,Gradient Boosting Classifier,0,0,0.03414093184060917
02_linear,Linear,Gradient Boosting Classifier,1,1,0.9936014318839524
02_linear,Linear,Gradient Boosting Classifier,0,0,0.005827852101629334
02_linear,Linear,Gradient Boosting Classifier,0,0,0.00493478664906478
02_linear,Linear,Gradient Boosting Classifier,0,0,0.08080175316474075
02_linear,Linear,Gradient Boosting Classifier,0,0,0.029386977140958174
02_linear,Linear,Gradient Boosting Classifier,1,1,0.9961706083434153
02_linear,Linear,Gradient Boosting Classifier,0,0,0.00453138959212668
02_linear,Linear,Gradient Boosting Classifier,0,0,0.01510901519581484
02_linear,Linear,Gradient Boosting Classifier,0,0,0.02694595113001829
02_linear,Linear,Gradient Boosting Classifier,0,0,0.020794108261873136
02_linear,Linear,Gradient Boosting Classifier,1,1,0.9949324543616007
02_linear,Linear,Gradient Boosting Classifier,0,0,0.004454803130202423
02_linear,Linear,Gradient Boosting Classifier,0,0,0.027388030672282855
02_linear,Linear,Gradient Boosting Classifier,0,0,0.004163228443698739
02_linear,Linear,Gradient Boosting Classifier,0,0,0.005228965914287321
02_linear,Linear,Gradient Boosting Classifier,0,0,0.10171032614122982
02_linear,Linear,Gradient Boosting Classifier,0,0,0.0502530412735841
02_linear,Linear,Gradient Boosting Classifier,1,1,0.9563897981657727
02_linear,Linear,Gradient Boosting Classifier,0,0,0.010938415371477446
02_linear,Linear,Gradient Boosting Classifier,0,0,0.00338095802339946
02_linear,Linear,Gradient Boosting Classifier,0,0,0.009736447283980376
02_linear,Linear,Gradient Boosting Classifier,0,0,0.005132165161513056
02_linear,Linear,Gradient Boosting Classifier,1,1,0.993418505589753
02_linear,Linear,Gradient Boosting Classifier,0,0,0.031028897839260126
02_linear,Linear,Gradient Boosting Classifier,1,1,0.9981123404643678
02_linear,Linear,Gradient Boosting Classifier,0,0,0.01769024791613158
02_linear,Linear,Gradient Boosting Classifier,0,0,0.019949863381865284
02_linear,Linear,Gradient Boosting Classifier,0,0,0.007066897309898433
02_linear,Linear,Gradient Boosting Classifier,0,0,0.0071064412043118225
02_linear,Linear,Gradient Boosting Classifier,0,0,0.008032993589984131
02_linear,Linear,Gradient Boosting Classifier,1,1,0.9966538324509243
02_linear,Linear,Gradient Boosting Classifier,1,1,0.9628639016331704
02_linear,Linear,Gradient Boosting Classifier,0,0,0.0036207664678039038
02_linear,Linear,Gradient Boosting Classifier,1,1,0.9980739679304976
02_linear,Linear,Gradient Boosting Classifier,0,0,0.00578819486692958
02_linear,Linear,Gradient Boosting Classifier,0,0,0.053378263757453526
02_linear,Linear,Gradient Boosting Classifier,1,1,0.9290303663693767
02_linear,Linear,Gradient Boosting Classifier,0,0,0.008150549326211091
02_linear,Linear,Gradient Boosting Classifier,0,0,0.003564518605124189
02_linear,Linear,Gradient Boosting Classifier,0,0,0.005435210580087636
02_linear,Linear,Gradient Boosting Classifier,0,0,0.011581640145704427
02_linear,Linear,Gradient Boosting Classifier,0,0,0.05094331991459355
02_linear,Linear,Gradient Boosting Classifier,0,0,0.036536442064997454
02_linear,Linear,Gradient Boosting Classifier,0,0,0.004915502828550142
02_linear,Linear,Gradient Boosting Classifier,0,0,0.005927721269885
02_linear,Linear,Gradient Boosting Classifier,1,1,0.7971539025379436
02_linear,Linear,Gradient Boosting Classifier,1,1,0.9943707063802709
02_linear,Linear,Gradient Boosting Classifier,0,0,0.006226501241882315
02_linear,Linear,Gradient Boosting Classifier,0,0,0.025613165707087843
02_linear,Linear,Gradient Boosting Classifier,0,0,0.004189350836587479
02_linear,Linear,Gradient Boosting Classifier,0,0,0.012739949906282183
02_linear,Linear,Gradient Boosting Classifier,0,0,0.004319984232676498
02_linear,Linear,Gradient Boosting Classifier,0,0,0.0047761004430799435
02_linear,Linear,Gradient Boosting Classifier,0,0,0.020541126362881718
02_linear,Linear,Gradient Boosting Classifier,0,0,0.005275285632563186
02_linear,Linear,Gradient Boosting Classifier,0,0,0.005500700390543302
02_linear,Linear,Gradient Boosting Classifier,0,0,0.02557692140418481
02_linear,Linear,Gradient Boosting Classifier,0,0,0.011619632126138492
02_linear,Linear,Gradient Boosting Classifier,1,1,0.99734185927756
02_linear,Linear,Gradient Boosting Classifier,0,0,0.03199695343358119
02_linear,Linear,Gradient Boosting Classifier,0,0,0.005807217708821445
02_linear,Linear,Gradient Boosting Classifier,0,0,0.0038962698299380726
02_linear,Linear,Gradient Boosting Classifier,1,1,0.9914707661626713
02_linear,Linear,Gradient Boosting Classifier,0,0,0.03401813029098892
02_linear,Linear,Gradient Boosting Classifier,0,0,0.006367059256184572
02_linear,Linear,Gradient Boosting Classifier,0,0,0.004308813298154312
02_linear,Linear,Gradient Boosting Classifier,0,0,0.05922540262062964
02_linear,Linear,Gradient Boosting Classifier,0,0,0.0033311830341353097
02_linear,Linear,Gradient Boosting Classifier,1,1,0.9958893884579201
02_linear,Linear,Gradient Boosting Classifier,0,0,0.0207587370960223
02_linear,Linear,Gradient Boosting Classifier,1,1,0.9917057431408105
02_linear,Linear,Gradient Boosting Classifier,0,0,0.02255334990044898
02_linear,Linear,Gradient Boosting Classifier,0,0,0.032252329791281814
02_linear,Linear,Gradient Boosting Classifier,0,0,0.05799181819208554
02_linear,Linear,Gradient Boosting Classifier,1,1,0.9975493860444431
02_linear,Linear,Gradient Boosting Classifier,0,0,0.09542683173710355
02_linear,Linear,Gradient Boosting Classifier,0,0,0.0020935724275431117
02_linear,Linear,Gradient Boosting Classifier,0,0,0.0031118143921950274
02_linear,Linear,Gradient Boosting Classifier,0,0,0.008374276350300112
02_linear,Linear,Gradient Boosting Classifier,1,1,0.9625963454231635
02_linear,Linear,Gradient Boosting Classifier,0,0,0.003917288131223428
02_linear,Linear,Gradient Boosting Classifier,1,1,0.985249113550928
02_linear,Linear,Gradient Boosting Classifier,0,0,0.002435849906441529
02_linear,Linear,Gradient Boosting Classifier,0,0,0.006596612293073415
02_linear,Linear,Gradient Boosting Classifier,0,0,0.004091606687529131
02_linear,Linear,Gradient Boosting Classifier,1,1,0.9522146119528437
02_linear,Linear,Gradient Boosting Classifier,1,1,0.9908423382300597
02_linear,Linear,Gradient Boosting Classifier,0,0,0.004094308099253962
02_linear,Linear,Gradient Boosting Classifier,0,0,0.07126010846905574
02_linear,Linear,Gradient Boosting Classifier,0,0,0.029391558784243165
02_linear,Linear,Gradient Boosting Classifier,0,0,0.003783855175205988
02_linear,Linear,Gradient Boosting Classifier,0,0,0.001649037732540824
02_linear,Linear,Gradient Boosting Classifier,0,0,0.004520111938330998
02_linear,Linear,Gradient Boosting Classifier,0,0,0.00906031276263842
02_linear,Linear,Gradient Boosting Classifier,0,0,0.0483168162360995
02_linear,Linear,Gradient Boosting Classifier,0,0,0.011968317687365128
02_linear,Linear,Gradient Boosting Classifier,0,0,0.0044725990695039675
02_linear,Linear,Gradient Boosting Classifier,0,0,0.004693793769145662
02_linear,Linear,Gradient Boosting Classifier,0,0,0.023597438298107575
02_linear,Linear,Gradient Boosting Classifier,1,1,0.9942714041915036
02_linear,Linear,Gradient Boosting Classifier,0,0,0.008866084921470346
02_linear,Linear,Gradient Boosting Classifier,0,0,0.015093042451271878
02_linear,Linear,Gradient Boosting Classifier,0,0,0.005592518653173508
02_linear,Linear,Gradient Boosting Classifier,1,1,0.9953351074118231
02_linear,Linear,Gradient Boosting Classifier,0,0,0.0022192072680159735
02_linear,Linear,Gradient Boosting Classifier,0,0,0.0036787444722792546
02_linear,Linear,Gradient Boosting Classifier,0,0,0.004998165938771499
02_linear,Linear,Gradient Boosting Classifier,0,0,0.07391329330077658
02_linear,Linear,Gradient Boosting Classifier,0,0,0.010496941287249957
02_linear,Linear,Gradient Boosting Classifier,0,0,0.003929916374207942
02_linear,Linear,Gradient Boosting Classifier,0,0,0.05419901083623493
02_linear,Linear,Gradient Boosting Classifier,0,0,0.025065680002519054
02_linear,Linear,Gradient Boosting Classifier,0,0,0.0051381067612336784
02_linear,Linear,Gradient Boosting Classifier,0,0,0.25685765895682977
02_linear,Linear,Gradient Boosting Classifier,1,1,0.983144964969049
02_linear,Linear,Gradient Boosting Classifier,0,0,0.010451179107381414
02_linear,Linear,Gradient Boosting Classifier,0,0,0.01178017104510961
02_linear,Linear,Gradient Boosting Classifier,1,1,0.9943288881394275
02_linear,Linear,Gradient Boosting Classifier,0,0,0.0036240289796718823
02_linear,Linear,Gradient Boosting Classifier,1,1,0.99134075725156
02_linear,Linear,Gradient Boosting Classifier,0,0,0.004101536015240834
02_linear,Linear,Gradient Boosting Classifier,0,0,0.021337901794426094
02_linear,Linear,Gradient Boosting Classifier,0,0,0.09646255168590132
02_linear,Linear,Gradient Boosting Classifier,1,1,0.9972065545038109
02_linear,Linear,Gradient Boosting Classifier,1,1,0.9610601444534709
02_linear,Linear,Gradient Boosting Classifier,1,1,0.7520605705979985
02_linear,Linear,Gradient Boosting Classifier,0,0,0.002899540545205288
02_linear,Linear,Gradient Boosting Classifier,0,0,0.004490342032511805
02_linear,Linear,Gradient Boosting Classifier,1,1,0.9833155329353417
02_linear,Linear,Gradient Boosting Classifier,0,0,0.006934775976412181
02_linear,Linear,Gradient Boosting Classifier,0,0,0.004268764109233334
02_linear,Linear,Gradient Boosting Classifier,0,0,0.017951128341278075
02_linear,Linear,Gradient Boosting Classifier,0,0,0.005330611304165209
02_linear,Linear,Gradient Boosting Classifier,0,0,0.0036240289796718823
02_linear,Linear,Gradient Boosting Classifier,0,0,0.07858024169654729
02_linear,Linear,Gradient Boosting Classifier,0,0,0.003563064701065304
02_linear,Linear,Gradient Boosting Classifier,0,0,0.02334011339387443
02_linear,Linear,Gradient Boosting Classifier,0,0,0.022142198056861163
02_linear,Linear,Gradient Boosting Classifier,0,0,0.006137607468426711
02_linear,Linear,Gradient Boosting Classifier,0,0,0.0058707056641513974
02_linear,Linear,Gradient Boosting Classifier,1,1,0.9713512791845679
02_linear,Linear,Gradient Boosting Classifier,0,0,0.004022778989831797
02_linear,Linear,Gradient Boosting Classifier,0,0,0.34499058002774424
02_linear,Linear,Gradient Boosting Classifier,0,0,0.009797036896173832
02_linear,Linear,Gradient Boosting Classifier,0,0,0.02744236889139685
02_linear,Linear,Gradient Boosting Classifier,1,1,0.9967024239136633
02_linear,Linear,Gradient Boosting Classifier,0,0,0.01889027562587178
02_linear,Linear,Gradient Boosting Classifier,0,0,0.05011545445480461
02_linear,Linear,Gradient Boosting Classifier,0,0,0.010368322451282724
02_linear,Linear,Gradient Boosting Classifier,0,0,0.02622248693092206
02_linear,Linear,Gradient Boosting Classifier,0,0,0.006809879284856909
02_linear,Linear,Gradient Boosting Classifier,0,0,0.01625832787454311
02_linear,Linear,Gradient Boosting Classifier,1,1,0.9823984865579266
02_linear,Linear,Gradient Boosting Classifier,0,0,0.05954902615351032
02_linear,Linear,Gradient Boosting Classifier,0,0,0.003954166488054907
02_linear,Linear,Gradient Boosting Classifier,0,0,0.005807217708821445
02_linear,Linear,Gradient Boosting Classifier,0,0,0.032334510619156716
02_linear,Linear,Gradient Boosting Classifier,0,0,0.024339863779719282
02_linear,Linear,Gradient Boosting Classifier,0,0,0.020065066695921528
02_linear,Linear,Gradient Boosting Classifier,0,0,0.03134072954909876
02_linear,Linear,Gradient Boosting Classifier,0,0,0.005602328858477776
02_linear,Linear,Gradient Boosting Classifier,0,0,0.008281807737760863
02_linear,Linear,Gradient Boosting Classifier,1,1,0.9736241997126759
02_linear,Linear,Gradient Boosting Classifier,0,0,0.059596778591532146
02_linear,Linear,Gradient Boosting Classifier,0,0,0.0044454251178738975
02_linear,Linear,Gradient Boosting Classifier,0,0,0.002970601074865905
02_linear,Linear,Gradient Boosting Classifier,0,0,0.023001118178935145
02_linear,Linear,Gradient Boosting Classifier,1,1,0.9967627411637592
02_linear,Linear,Gradient Boosting Classifier,1,1,0.9723307883299447
02_linear,Linear,Gradient Boosting Classifier,0,0,0.0038640799296695604
02_linear,Linear,Gradient Boosting Classifier,0,0,0.0057812481151042995
02_linear,Linear,Gradient Boosting Classifier,0,0,0.004282332489563987
02_linear,Linear,Gradient Boosting Classifier,1,1,0.975789987887575
02_linear,Linear,Gradient Boosting Classifier,0,0,0.0058757462206190355
02_linear,Linear,Gradient Boosting Classifier,0,0,0.004174848826404122
02_linear,Linear,Gradient Boosting Classifier,0,0,0.013421179077341505
02_linear,Linear,Gradient Boosting Classifier,1,1,0.8682503912267465
02_linear,Linear,Gradient Boosting Classifier,1,1,0.985249113550928
02_linear,Linear,Gradient Boosting Classifier,0,0,0.06478311739197255
02_linear,Linear,Gradient Boosting Classifier,0,1,0.8121985284864
02_linear,Linear,Gradient Boosting Classifier,0,0,0.004142139821787909
02_linear,Linear,Gradient Boosting Classifier,0,0,0.004715305999743751
02_linear,Linear,Gradient Boosting Classifier,0,0,0.025023298860988388
02_linear,Linear,Gradient Boosting Classifier,0,0,0.009050293723852399
02_linear,Linear,Gradient Boosting Classifier,1,1,0.9976996139854517
02_linear,Linear,Gradient Boosting Classifier,0,0,0.013910658550825546
02_linear,Linear,Gradient Boosting Classifier,0,0,0.10299261816887785
02_linear,Linear,Gradient Boosting Classifier,0,0,0.015765757074196553
02_linear,Linear,Gradient Boosting Classifier,0,0,0.0018808409353477697
02_linear,Linear,Gradient Boosting Classifier,0,0,0.004403118819083846
02_linear,Linear,Gradient Boosting Classifier,0,0,0.0066063269891240475
02_linear,Linear,Gradient Boosting Classifier,1,1,0.9971868188096346
02_linear,Linear,Gradient Boosting Classifier,0,0,0.06152984069365075
02_linear,Linear,Gradient Boosting Classifier,0,0,0.006108817749546319
02_linear,Linear,Gradient Boosting Classifier,1,1,0.9885668226293776
02_linear,Linear,Gradient Boosting Classifier,1,1,0.996462449484399
02_linear,Linear,Gradient Boosting Classifier,0,0,0.06678767673090603
02_linear,Linear,Gradient Boosting Classifier,1,0,0.13365166655158164
02_linear,Linear,Gradient Boosting Classifier,0,0,0.0046581353892046675
02_linear,Linear,Gradient Boosting Classifier,0,0,0.007473735310599516
02_linear,Linear,Gradient Boosting Classifier,0,0,0.009897317408641849
02_linear,Linear,Gradient Boosting Classifier,0,0,0.0028619224235368573
02_linear,Linear,Gradient Boosting Classifier,0,0,0.037885074668681164
02_linear,Linear,Gradient Boosting Classifier,0,0,0.0037481427026971924
02_linear,Linear,Gradient Boosting Classifier,0,0,0.010386633004507902
02_linear,Linear,Gradient Boosting Classifier,0,0,0.0033710277438594102
02_linear,Linear,Gradient Boosting Classifier,0,0,0.07873774744852702
02_linear,Linear,Gradient Boosting Classifier,1,1,0.9955358005005023
02_linear,Linear,Gradient Boosting Classifier,0,0,0.3251696084440303
02_linear,Linear,Gradient Boosting Classifier,0,0,0.01818410222809726
02_linear,Linear,Gradient Boosting Classifier,0,0,0.005827852101629334
02_linear,Linear,Gradient Boosting Classifier,1,1,0.9947674883578774
02_linear,Linear,Gradient Boosting Classifier,0,0,0.04667392928867753
02_linear,Linear,Gradient Boosting Classifier,0,0,0.10901980994321041
02_linear,Linear,Gradient Boosting Classifier,0,0,0.01734843028201931
02_linear,Linear,Gradient Boosting Classifier,0,0,0.028869733413107456
02_linear,Linear,Gradient Boosting Classifier,0,0,0.005872271637852422
02_linear,Linear,Gradient Boosting Classifier,0,0,0.004433058906105257
02_linear,Linear,Gradient Boosting Classifier,0,0,0.0026225267077907527
02_linear,Linear,Gradient Boosting Classifier,0,0,0.0038000582280335593
02_linear,Linear,Gradient Boosting Classifier,0,0,0.04132654723995372
02_linear,Linear,Gradient Boosting Classifier,0,0,0.0039262945058509725
02_linear,Linear,Gradient Boosting Classifier,0,0,0.07990975388887889
02_linear,Linear,Gradient Boosting Classifier,0,0,0.00410565320849857
02_linear,Linear,Gradient Boosting Classifier,0,0,0.032653040612880754
02_linear,Linear,Gradient Boosting Classifier,1,1,0.7377258509232703
02_linear,Linear,Gradient Boosting Classifier,0,0,0.021054990853938676
02_linear,Linear,Gradient Boosting Classifier,0,0,0.004618152319571332
02_linear,Linear,Gradient Boosting Classifier,0,0,0.006155427404043204
02_linear,Linear,Gradient Boosting Classifier,1,1,0.8962340529331695
02_linear,Linear,Gradient Boosting Classifier,0,0,0.00592057478653317
02_linear,Linear,Gradient Boosting Classifier,0,0,0.005640365822677646
02_linear,Linear,Gradient Boosting Classifier,1,1,0.9955080054566825
02_linear,Linear,Gradient Boosting Classifier,1,1,0.9973703668185632
02_linear,Linear,Gradient Boosting Classifier,0,0,0.05229002143163301
02_linear,Linear,Gradient Boosting Classifier,0,0,0.005500700390543302
02_linear,Linear,Gradient Boosting Classifier,1,1,0.9666768295727913
02_linear,Linear,Gradient Boosting Classifier,0,0,0.01286501006171042
02_linear,Linear,Gradient Boosting Classifier,0,0,0.0037020543064717544
02_linear,Linear,Gradient Boosting Classifier,1,1,0.9933370827624963
02_linear,Linear,Gradient Boosting Classifier,0,0,0.0020547683567725228
02_linear,Linear,Gradient Boosting Classifier,0,0,0.016612206245171336
02_linear,Linear,Gradient Boosting Classifier,0,0,0.016887437013347297
02_linear,Linear,Gradient Boosting Classifier,0,0,0.009556067012029849
02_linear,Linear,Gradient Boosting Classifier,1,1,0.9938999870815525
02_linear,Linear,Gradient Boosting Classifier,0,0,0.009226088439665988
02_linear,Linear,Gradient Boosting Classifier,1,1,0.9951070988310626
02_linear,Linear,Gradient Boosting Classifier,1,1,0.9614604035772983
02_linear,Linear,Gradient Boosting Classifier,1,1,0.9959493701239706
02_linear,Linear,Gradient Boosting Classifier,0,0,0.003762361602374742
02_linear,Linear,Gradient Boosting Classifier,0,0,0.030772733751295602
02_linear,Linear,Gradient Boosting Classifier,1,1,0.9949324543616007
02_linear,Linear,Gradient Boosting Classifier,1,1,0.9954053571872157
02_linear,Linear,Gradient Boosting Classifier,0,0,0.00801924313557053
02_linear,Linear,Gradient Boosting Classifier,0,0,0.0030531506377777314
02_linear,Linear,Gradient Boosting Classifier,0,0,0.03410025356031501
02_linear,Linear,Gradient Boosting Classifier,0,0,0.059426280772539426
02_linear,Linear,Gradient Boosting Classifier,0,0,0.0036787444722792546
02_linear,Linear,Gradient Boosting Classifier,0,0,0.013331910694208927
02_linear,Linear,Gradient Boosting Classifier,0,0,0.007613132626647527
02_linear,Linear,Gradient Boosting Classifier,1,1,0.994164483046502
02_linear,Linear,Gradient Boosting Classifier,0,0,0.01971098684041964
02_linear,Linear,Gradient Boosting Classifier,0,0,0.013647297856507232
02_linear,Linear,Gradient Boosting Classifier,0,0,0.004667590056762021
02_linear,Linear,Gradient Boosting Classifier,0,0,0.0031220328797535116
02_linear,Linear,Gradient Boosting Classifier,0,0,0.008669683862949666
02_linear,Linear,Gradient Boosting Classifier,0,0,0.006258402240063845
02_linear,Linear,Gradient Boosting Classifier,0,0,0.012322769127636178
02_linear,Linear,Gradient Boosting Classifier,0,0,0.01505170984241688
02_linear,Linear,Gradient Boosting Classifier,0,0,0.004083848783883045
02_linear,Linear,Gradient Boosting Classifier,0,0,0.009872133599219499
02_linear,Linear,Gradient Boosting Classifier,0,0,0.0530241037582512
02_linear,Linear,Gradient Boosting Classifier,0,0,0.02751090478520014
02_linear,Linear,Gradient Boosting Classifier,0,0,0.35456392955742466
02_linear,Linear,Gradient Boosting Classifier,0,0,0.00454502615433417
02_linear,Linear,Gradient Boosting Classifier,1,0,0.07683378010873489
02_linear,Linear,Gradient Boosting Classifier,0,0,0.019248830421562602
02_linear,Linear,Gradient Boosting Classifier,1,1,0.9574841645007454
02_linear,Linear,Gradient Boosting Classifier,1,1,0.9969895710518314
02_linear,Linear,Gradient Boosting Classifier,1,1,0.8565658771779475
02_linear,Linear,Gradient Boosting Classifier,0,0,0.02345273593990227
02_linear,Linear,Gradient Boosting Classifier,0,0,0.006012343763921036
02_linear,Linear,Gradient Boosting Classifier,0,0,0.019620082113598232
02_linear,Linear,Gradient Boosting Classifier,0,0,0.0024938609672852524
02_linear,Linear,Gradient Boosting Classifier,1,0,0.1325131713537958
02_linear,Linear,Gradient Boosting Classifier,0,0,0.007850609017545824
02_linear,Linear,Gradient Boosting Classifier,0,0,0.008738913489333188
02_linear,Linear,Gradient Boosting Classifier,1,1,0.9891980513126862
02_linear,Linear,Gradient Boosting Classifier,0,0,0.005689728492790245
02_linear,Linear,Gradient Boosting Classifier,0,0,0.010139012433197179
02_linear,Linear,Gradient Boosting Classifier,1,0,0.35953950810776225
02_linear,Linear,Gradient Boosting Classifier,0,0,0.0034761578115746175
02_linear,Linear,Gradient Boosting Classifier,0,0,0.013229279351293626
02_linear,Linear,Gradient Boosting Classifier,1,1,0.9867317183952221
02_linear,Linear,Gradient Boosting Classifier,1,1,0.8510781603393617
02_linear,Linear,Gradient Boosting Classifier,0,0,0.007957218838593662
02_linear,Linear,Gradient Boosting Classifier,0,0,0.007438940701969354
02_linear,Linear,Gradient Boosting Classifier,0,0,0.008351456465385019
02_linear,Linear,Gradient Boosting Classifier,0,0,0.005411799379580309
02_linear,Linear,Gradient Boosting Classifier,0,0,0.08842300670725763
02_linear,Linear,Gradient Boosting Classifier,0,0,0.005228965914287321
02_linear,Linear,Gradient Boosting Classifier,0,0,0.008673361283703817
02_linear,Linear,Gradient Boosting Classifier,0,0,0.003421420741407552
02_linear,Linear,Gradient Boosting Classifier,1,1,0.9802655972818006
02_linear,Linear,Gradient Boosting Classifier,0,0,0.004263185764251911
02_linear,Linear,Gradient Boosting Classifier,0,0,0.0032995173840084323
02_linear,Linear,Gradient Boosting Classifier,0,0,0.004944992946455205
02_linear,Linear,Gradient Boosting Classifier,0,0,0.005554948373543146
02_linear,Linear,Gradient Boosting Classifier,0,0,0.005424125969355382
02_linear,Linear,Gradient Boosting Classifier,0,0,0.04584973769516882
02_linear,Linear,Gradient Boosting Classifier,0,0,0.0076358482418458305
02_linear,Linear,Gradient Boosting Classifier,0,0,0.19817387604672465
02_linear,Linear,Gradient Boosting Classifier,0,0,0.005670756057462706
02_linear,Linear,Gradient Boosting Classifier,0,0,0.010796453613640154
02_linear,Linear,Gradient Boosting Classifier,0,0,0.0035396597805712185
02_linear,Linear,Gradient Boosting Classifier,0,0,0.024918476252103534
02_linear,Linear,Gradient Boosting Classifier,0,0,0.003985207302733961
02_linear,Linear,Gradient Boosting Classifier,0,0,0.008622415286479834
02_linear,Linear,Gradient Boosting Classifier,1,1,0.995571704609372
02_linear,Linear,Gradient Boosting Classifier,0,0,0.014487791761216135
02_linear,Linear,Gradient Boosting Classifier,1,1,0.9947172956059402
02_linear,Linear,Gradient Boosting Classifier,0,0,0.002037385339946651
02_linear,Linear,Gradient Boosting Classifier,0,1,0.9952686860716667
02_linear,Linear,Gradient Boosting Classifier,0,0,0.010738987554984288
02_linear,Linear,Gradient Boosting Classifier,1,1,0.9960729008836705
02_linear,Linear,Gradient Boosting Classifier,0,0,0.005958821150046839
02_linear,Linear,Gradient Boosting Classifier,0,0,0.005757168183945424
02_linear,Linear,Gradient Boosting Classifier,0,0,0.018739136337498456
02_linear,Linear,Gradient Boosting Classifier,0,0,0.004872798843917739
02_linear,Linear,Gradient Boosting Classifier,0,0,0.10669632438693023
02_linear,Linear,Gradient Boosting Classifier,0,0,0.04893364422381652
02_linear,Linear,Gradient Boosting Classifier,0,0,0.003451284243795058
02_linear,Linear,Gradient Boosting Classifier,0,0,0.005331096024448067
02_linear,Linear,Gradient Boosting Classifier,0,0,0.009579543043989008
02_linear,Linear,Gradient Boosting Classifier,0,0,0.012470697811482568
02_linear,Linear,Gradient Boosting Classifier,0,0,0.005720028273444899
02_linear,Linear,Gradient Boosting Classifier,0,0,0.0036652649306564192
02_linear,Linear,Gradient Boosting Classifier,1,1,0.9729235665789344
02_linear,Linear,Gradient Boosting Classifier,1,1,0.9761315904345668
02_linear,Linear,Gradient Boosting Classifier,0,0,0.03417293059165246
02_linear,Linear,Gradient Boosting Classifier,0,0,0.004011770968580218
02_linear,Linear,Gradient Boosting Classifier,0,0,0.0038050484261540965
02_linear,Linear,Gradient Boosting Classifier,0,0,0.0048615532460068635
02_linear,Linear,Gradient Boosting Classifier,0,0,0.0036474826731356454
02_linear,Linear,Gradient Boosting Classifier,0,0,0.00479493271079199
02_linear,Linear,Gradient Boosting Classifier,0,0,0.0046317443661047794
02_linear,Linear,Gradient Boosting Classifier,0,0,0.003096124777457518
02_linear,Linear,Gradient Boosting Classifier,1,1,0.986429203996808
02_linear,Linear,Gradient Boosting Classifier,0,0,0.003911787391711125
02_linear,Linear,Gradient Boosting Classifier,0,0,0.004459003566271174
02_linear,Linear,Gradient Boosting Classifier,0,0,0.03880756387970893
02_linear,Linear,Gradient Boosting Classifier,1,1,0.990790477501513
02_linear,Linear,Gradient Boosting Classifier,0,0,0.00469670958536703
02_linear,Linear,Gradient Boosting Classifier,0,0,0.0108569765008776
02_linear,Linear,Gradient Boosting Classifier,0,0,0.004187388809968269
02_linear,Linear,Gradient Boosting Classifier,1,1,0.9980289864924788
02_linear,Linear,Gradient Boosting Classifier,1,0,0.1964634566608072
02_linear,Linear,Gradient Boosting Classifier,0,0,0.021165507051648876
02_linear,Linear,Gradient Boosting Classifier,0,0,0.0033251565362623103
02_linear,Linear,Gradient Boosting Classifier,0,0,0.004026279026308522
02_linear,Linear,Gradient Boosting Classifier,0,0,0.06147302331069991
02_linear,Linear,Gradient Boosting Classifier,0,0,0.07144297537877538
02_linear,Linear,Gradient Boosting Classifier,0,0,0.0014083601599338945
02_linear,Linear,Gradient Boosting Classifier,0,0,0.005453881706498014
02_linear,Linear,Gradient Boosting Classifier,1,1,0.995571704609372
02_linear,Linear,Gradient Boosting Classifier,0,0,0.021332954028353633
02_linear,Linear,Gradient Boosting Classifier,0,0,0.013504171344508225
02_linear,Linear,Gradient Boosting Classifier,1,1,0.9971312987496241
02_linear,Linear,Gradient Boosting Classifier,1,1,0.996968829244653
02_linear,Linear,Gradient Boosting Classifier,1,1,0.9958163515060847
02_linear,Linear,Gradient Boosting Classifier,0,0,0.028923321914784035
02_linear,Linear,Gradient Boosting Classifier,0,0,0.016488257039762776
02_linear,Linear,Gradient Boosting Classifier,0,0,0.0041892135208076615
02_linear,Linear,Gradient Boosting Classifier,1,1,0.9968658134179188
02_linear,Linear,Gradient Boosting Classifier,0,0,0.008659942975686076
02_linear,Linear,Gradient Boosting Classifier,0,0,0.00549311950442981
02_linear,Linear,Gradient Boosting Classifier,0,0,0.005311649989726075
02_linear,Linear,Gradient Boosting Classifier,0,0,0.02928529713430131
02_linear,Linear,Gradient Boosting Classifier,1,1,0.9962418151235403
02_linear,Linear,Gradient Boosting Classifier,0,0,0.005414466445771474
02_linear,Linear,Gradient Boosting Classifier,0,0,0.010907971541422538
02_linear,Linear,Gradient Boosting Classifier,0,0,0.005628215909454918
02_linear,Linear,Gradient Boosting Classifier,0,0,0.0039839071048539815
02_linear,Linear,Gradient Boosting Classifier,0,0,0.006745206003822528
02_linear,Linear,Gradient Boosting Classifier,0,0,0.00638429572585429
02_linear,Linear,Gradient Boosting Classifier,0,0,0.007878248157665232
02_linear,Linear,Gradient Boosting Classifier,1,1,0.998390951041817
02_linear,Linear,Gradient Boosting Classifier,1,1,0.9969573602220726
02_linear,Linear,Gradient Boosting Classifier,0,0,0.006226501241882315
02_linear,Linear,Gradient Boosting Classifier,0,0,0.03432470347070152
02_linear,Linear,Gradient Boosting Classifier,0,0,0.006541401980455581
02_linear,Linear,Gradient Boosting Classifier,1,1,0.692355245623191
02_linear,Linear,Gradient Boosting Classifier,1,1,0.9809587077059662
02_linear,Linear,Gradient Boosting Classifier,0,0,0.012904138896309354
02_linear,Linear,Gradient Boosting Classifier,1,1,0.9926719848325581
02_linear,Linear,Gradient Boosting Classifier,0,0,0.03614560172959853
02_linear,Linear,Gradient Boosting Classifier,1,1,0.996462449484399
02_linear,Linear,Gradient Boosting Classifier,1,1,0.9862650982669543
02_linear,Linear,Gradient Boosting Classifier,1,1,0.9929542492293348
02_linear,Linear,Gradient Boosting Classifier,0,0,0.029840147217148363
02_linear,Linear,Gradient Boosting Classifier,0,0,0.0032995173840084323
02_linear,Linear,Gradient Boosting Classifier,0,0,0.004872798843917739
02_linear,Linear,Gradient Boosting Classifier,0,0,0.0037536488726103595
02_linear,Linear,Gradient Boosting Classifier,0,0,0.005500700390543302
02_linear,Linear,Gradient Boosting Classifier,1,1,0.9813049929503423
02_linear,Linear,Gradient Boosting Classifier,0,0,0.003841543423462095
02_linear,Linear,Gradient Boosting Classifier,0,0,0.01198692984226437
02_linear,Linear,Gradient Boosting Classifier,0,0,0.016303539049137353
02_linear,Linear,Gradient Boosting Classifier,0,1,0.8280137790093223
02_linear,Linear,Gradient Boosting Classifier,0,0,0.009734922535532396
02_linear,Linear,Gradient Boosting Classifier,1,1,0.9950508597723277
02_linear,Linear,Gradient Boosting Classifier,0,0,0.0038825349138262933
02_linear,Linear,Gradient Boosting Classifier,0,0,0.07821842779716241
02_linear,Linear,Gradient Boosting Classifier,0,0,0.003686582511227473
02_linear,Linear,Gradient Boosting Classifier,1,1,0.8389751964873782
02_linear,Linear,Gradient Boosting Classifier,0,0,0.012385557435168164
02_linear,Linear,Gradient Boosting Classifier,0,0,0.028755219464610546
02_linear,Linear,Gradient Boosting Classifier,0,0,0.0037744807086203414
02_linear,Linear,Gradient Boosting Classifier,0,0,0.008143452875743645
02_linear,Linear,Gradient Boosting Classifier,0,0,0.00890044027697945
02_linear,Linear,Gradient Boosting Classifier,1,1,0.9956244514837588
02_linear,Linear,Gradient Boosting Classifier,1,1,0.991680077602797
02_linear,Linear,Gradient Boosting Classifier,1,1,0.997391693361083
02_linear,Linear,Gradient Boosting Classifier,0,0,0.0067919639666373845
02_linear,Linear,Gradient Boosting Classifier,0,0,0.0021535575077708444
02_linear,Linear,Gradient Boosting Classifier,0,0,0.018395777569084316
02_linear,Linear,Gradient Boosting Classifier,0,0,0.010123430031381296
02_linear,Linear,Gradient Boosting Classifier,1,1,0.9949324543616007
02_linear,Linear,Gradient Boosting Classifier,1,1,0.9946631678452864
02_linear,Linear,Gradient Boosting Classifier,0,0,0.01651266197925645
02_linear,Linear,Gradient Boosting Classifier,0,0,0.007831301035844786
02_linear,Linear,Gradient Boosting Classifier,0,0,0.231344779531986
02_linear,Linear,Gradient Boosting Classifier,0,0,0.011640358205228773
02_linear,Linear,Gradient Boosting Classifier,0,0,0.008127297505393755
02_linear,Linear,Gradient Boosting Classifier,0,0,0.005060248585570464
02_linear,Linear,Gradient Boosting Classifier,0,0,0.0026175623151993063
02_linear,Linear,Gradient Boosting Classifier,0,0,0.005067697305776901
02_linear,Linear,Gradient Boosting Classifier,0,0,0.002460904663604927
02_linear,Linear,Gradient Boosting Classifier,0,0,0.006972274528867141
02_linear,Linear,Gradient Boosting Classifier,1,1,0.9459161755509635
02_linear,Linear,Gradient Boosting Classifier,0,0,0.024972225838117305
02_linear,Linear,Gradient Boosting Classifier,0,0,0.01277707329957857
02_linear,Linear,Gradient Boosting Classifier,0,0,0.14604232874870143
02_linear,Linear,Gradient Boosting Classifier,1,1,0.9959005577542389
02_linear,Linear,Gradient Boosting Classifier,0,0,0.0034685932226484677
02_linear,Linear,Gradient Boosting Classifier,0,0,0.005465762653864542
02_linear,Linear,Gradient Boosting Classifier,0,0,0.39607372163322824
02_linear,Linear,Gradient Boosting Classifier,0,0,0.025015397901168673
02_linear,Linear,Gradient Boosting Classifier,0,0,0.03629865580207702
02_linear,Linear,Gradient Boosting Classifier,0,0,0.009379224493673245
02_linear,Linear,Gradient Boosting Classifier,0,0,0.016136174054192078
02_linear,Linear,Gradient Boosting Classifier,0,0,0.00490670100029539
02_linear,Linear,Gradient Boosting Classifier,0,0,0.005827852101629334
02_linear,Linear,Gradient Boosting Classifier,1,1,0.994257503330731
02_linear,Linear,Gradient Boosting Classifier,0,0,0.01771424762375755
02_linear,Linear,Gradient Boosting Classifier,0,0,0.0019986510851699446
02_linear,Linear,Gradient Boosting Classifier,0,0,0.010935573365804103
02_linear,Linear,Gradient Boosting Classifier,0,0,0.007050174101896639
02_linear,Linear,Gradient Boosting Classifier,0,0,0.019727695443588565
02_linear,Linear,Gradient Boosting Classifier,0,0,0.02744236889139685
02_linear,Linear,Gradient Boosting Classifier,0,0,0.0037833226261513343
02_linear,Linear,Gradient Boosting Classifier,0,0,0.007771140153992263
02_linear,Linear,Gradient Boosting Classifier,0,0,0.007144602762482692
02_linear,Linear,Gradient Boosting Classifier,1,1,0.9810562501836846
02_linear,Linear,Gradient Boosting Classifier,0,0,0.0524258763493239
02_linear,Linear,Gradient Boosting Classifier,0,0,0.002810672008797034
02_linear,Linear,Gradient Boosting Classifier,0,0,0.015212867749602163
02_linear,Linear,Gradient Boosting Classifier,0,0,0.004596673378403732
02_linear,Linear,Gradient Boosting Classifier,0,0,0.02711424860089917
02_linear,Linear,Gradient Boosting Classifier,0,0,0.07693790329011242
02_linear,Linear,Gradient Boosting Classifier,0,0,0.12220106908587382
02_linear,Linear,Gradient Boosting Classifier,0,0,0.004718123447981564
02_linear,Linear,Gradient Boosting Classifier,0,0,0.006314762656486056
02_linear,Linear,Gradient Boosting Classifier,0,0,0.015150274107233372
02_linear,Linear,Gradient Boosting Classifier,0,0,0.01771163375657323
02_linear,Linear,Gradient Boosting Classifier,0,0,0.007528990852909367
02_linear,Linear,Gradient Boosting Classifier,0,0,0.00592057478653317
02_linear,Linear,Gradient Boosting Classifier,0,0,0.0059056654476915766
02_linear,Linear,Gradient Boosting Classifier,0,0,0.012858100233040837
02_linear,Linear,Gradient Boosting Classifier,0,0,0.01724754285246379
02_linear,Linear,Gradient Boosting Classifier,0,0,0.0138041557106728
02_linear,Linear,Gradient Boosting Classifier,1,1,0.9952413076747009
02_linear,Linear,Gradient Boosting Classifier,0,0,0.003933326109743068
02_linear,Linear,Gradient Boosting Classifier,0,0,0.005826491070481871
02_linear,Linear,Gradient Boosting Classifier,0,0,0.005205507715721938
02_linear,Linear,Gradient Boosting Classifier,0,0,0.010011748110604873
02_linear,Linear,Gradient Boosting Classifier,1,1,0.997772874194982
02_linear,Linear,Gradient Boosting Classifier,0,0,0.02018909614726742
02_linear,Linear,Gradient Boosting Classifier,0,0,0.023491974003877134
02_linear,Linear,Gradient Boosting Classifier,0,0,0.016678235461929685
02_linear,Linear,Gradient Boosting Classifier,1,1,0.9962389125067104
02_linear,Linear,Gradient Boosting Classifier,0,0,0.0023886973049948488
02_linear,Linear,Gradient Boosting Classifier,1,1,0.9949262758844684
02_linear,Linear,Gradient Boosting Classifier,1,1,0.9813139511306119
02_linear,Linear,Gradient Boosting Classifier,0,0,0.01901418906057563
02_linear,Linear,Gradient Boosting Classifier,0,0,0.01299024635668725
02_linear,Linear,Gradient Boosting Classifier,1,1,0.9947674883578774
02_linear,Linear,Gradient Boosting Classifier,0,0,0.005433878987781864
02_linear,Linear,Gradient Boosting Classifier,0,0,0.015539482334249679
02_linear,Linear,Gradient Boosting Classifier,0,0,0.009895389334208271
02_linear,Linear,Gradient Boosting Classifier,0,0,0.007391240840349758
02_linear,Linear,Gradient Boosting Classifier,1,1,0.9951804855566153
02_linear,Linear,Gradient Boosting Classifier,0,0,0.05250723241912878
02_linear,Linear,Gradient Boosting Classifier,0,0,0.004490171264939491
02_linear,Linear,Gradient Boosting Classifier,0,0,0.005356010383020633
02_linear,Linear,Gradient Boosting Classifier,0,0,0.01812129574565526
02_linear,Linear,Gradient Boosting Classifier,0,0,0.006050733061001475
02_linear,Linear,Gradient Boosting Classifier,1,1,0.9634637362663075
02_linear,Linear,Gradient Boosting Classifier,0,0,0.004726768953441659
02_linear,Linear,Gradient Boosting Classifier,1,1,0.995180906490607
02_linear,Linear,Gradient Boosting Classifier,0,0,0.017007967887906615
02_linear,Linear,Gradient Boosting Classifier,0,0,0.04182221374112877
02_linear,Linear,Gradient Boosting Classifier,1,0,0.024775176061621454
02_linear,Linear,Gradient Boosting Classifier,0,0,0.0023725670569878714
02_linear,Linear,Gradient Boosting Classifier,0,0,0.01754207174375265
02_linear,Linear,Gradient Boosting Classifier,0,0,0.28308879386190045
02_linear,Linear,Gradient Boosting Classifier,0,0,0.039626551467415706
02_linear,Linear,Gradient Boosting Classifier,0,0,0.01298644253139595
02_linear,Linear,Gradient Boosting Classifier,0,0,0.010670218604904842
02_linear,Linear,Gradient Boosting Classifier,1,1,0.9847217185207715
02_linear,Linear,Gradient Boosting Classifier,0,0,0.0047504535729982235
02_linear,Linear,Gradient Boosting Classifier,0,0,0.014082641449875762
02_linear,Linear,Gradient Boosting Classifier,0,0,0.010285414452344287
02_linear,Linear,Gradient Boosting Classifier,0,0,0.016573175944423153
02_linear,Linear,Gradient Boosting Classifier,0,0,0.02017581551958252
02_linear,Linear,Gradient Boosting Classifier,1,1,0.9948618967049405
02_linear,Linear,Gradient Boosting Classifier,1,1,0.6179420609885724
02_linear,Linear,Gradient Boosting Classifier,1,0,0.44803056764835775
02_linear,Linear,Gradient Boosting Classifier,0,0,0.013682404954917474
02_linear,Linear,Gradient Boosting Classifier,0,0,0.009830261700439807
02_linear,Linear,Gradient Boosting Classifier,1,1,0.9842673454587323
02_linear,Linear,Gradient Boosting Classifier,0,0,0.04447262163617279
02_linear,Linear,Gradient Boosting Classifier,0,0,0.15941338120017032
02_linear,Linear,Gradient Boosting Classifier,0,0,0.011438091520535933
02_linear,Linear,Gradient Boosting Classifier,1,1,0.9944280549284533
02_linear,Linear,Gradient Boosting Classifier,0,0,0.0060980880580135685
02_linear,Linear,Gradient Boosting Classifier,1,1,0.9761103337038007
02_linear,Linear,Gradient Boosting Classifier,0,0,0.04559966267331655
02_linear,Linear,Gradient Boosting Classifier,0,0,0.00855642912704644
02_linear,Linear,Gradient Boosting Classifier,0,0,0.0037839273606943597
02_linear,Linear,Gradient Boosting Classifier,0,0,0.035477509185739525
02_linear,Linear,Gradient Boosting Classifier,0,0,0.005944260348755184
02_linear,Linear,Gradient Boosting Classifier,1,1,0.7653060379774705
02_linear,Linear,Gradient Boosting Classifier,0,0,0.02168098288681606
02_linear,Linear,Gradient Boosting Classifier,0,0,0.006784681523771446
02_linear,Linear,Gradient Boosting Classifier,0,0,0.0070578181401185
02_linear,Linear,Gradient Boosting Classifier,0,0,0.13593253212270176
02_linear,Linear,Gradient Boosting Classifier,0,0,0.04898144972272368
02_linear,Linear,Gradient Boosting Classifier,0,0,0.00468405548239022
02_linear,Linear,Gradient Boosting Classifier,0,0,0.006356751788117559
02_linear,Linear,Gradient Boosting Classifier,0,0,0.009434933353187317
02_linear,Linear,Gradient Boosting Classifier,0,0,0.007057120673571758
02_linear,Linear,Gradient Boosting Classifier,1,1,0.9839518890731228
02_linear,Linear,Gradient Boosting Classifier,1,1,0.7918795700274375
02_linear,Linear,Gradient Boosting Classifier,1,1,0.9960399130287935
02_linear,Linear,Gradient Boosting Classifier,0,0,0.007317394810233038
02_linear,Linear,Gradient Boosting Classifier,0,0,0.003756395201842736
02_linear,Linear,Gradient Boosting Classifier,0,0,0.0046267541142740055
02_linear,Linear,Gradient Boosting Classifier,0,0,0.1465628604169803
02_linear,Linear,Gradient Boosting Classifier,1,1,0.994257503330731
02_linear,Linear,Gradient Boosting Classifier,1,1,0.9959729945854124
02_linear,Linear,Gradient Boosting Classifier,0,0,0.0033084246006862715
02_linear,Linear,Gradient Boosting Classifier,1,1,0.9951464012914221
02_linear,Linear,Gradient Boosting Classifier,0,0,0.024952881317186763
02_linear,Linear,Gradient Boosting Classifier,0,0,0.0032995173840084323
02_linear,Linear,Gradient Boosting Classifier,0,0,0.003554277340936198
02_linear,Linear,Gradient Boosting Classifier,0,0,0.03219795106648477
02_linear,Linear,Gradient Boosting Classifier,0,0,0.04404967693790267
02_linear,Linear,Gradient Boosting Classifier,0,0,0.07776771848473338
02_linear,Linear,Gradient Boosting Classifier,1,1,0.6698345791039653
02_linear,Linear,Gradient Boosting Classifier,0,0,0.05301743415815769
02_linear,Linear,Gradient Boosting Classifier,1,1,0.9944287780879463
02_linear,Linear,Gradient Boosting Classifier,1,0,0.06842355028676693
02_linear,Linear,Gradient Boosting Classifier,0,0,0.006108817749546319
02_linear,Linear,Gradient Boosting Classifier,0,0,0.005024419656605085
02_linear,Linear,Gradient Boosting Classifier,0,0,0.005608016283555304
02_linear,Linear,Gradient Boosting Classifier,1,1,0.9966538324509243
02_linear,Linear,Gradient Boosting Classifier,1,1,0.9947674883578774
02_linear,Linear,Gradient Boosting Classifier,1,1,0.8811905145009431
02_linear,Linear,Gradient Boosting Classifier,1,1,0.9904974259447176
02_linear,Linear,Gradient Boosting Classifier,0,0,0.00618761676908791
02_linear,Linear,Gradient Boosting Classifier,1,1,0.998423758174353
02_linear,Linear,Gradient Boosting Classifier,1,1,0.9951455822636605
02_linear,Linear,Gradient Boosting Classifier,0,0,0.024408909144423466
02_linear,Linear,Gradient Boosting Classifier,0,0,0.005715299111537943
02_linear,Linear,Gradient Boosting Classifier,0,0,0.0043439783460637186
02_linear,Linear,Gradient Boosting Classifier,0,0,0.01819184556895109
02_linear,Linear,Gradient Boosting Classifier,0,0,0.12811256997198886
02_linear,Linear,Gradient Boosting Classifier,1,1,0.9958652755566049
02_linear,Linear,Gradient Boosting Classifier,0,0,0.022196915952228197
02_linear,Linear,Gradient Boosting Classifier,0,0,0.004507722055165542
02_linear,Linear,Gradient Boosting Classifier,0,0,0.1564504271296376
02_linear,Linear,Gradient Boosting Classifier,0,0,0.004561901494826874
02_linear,Linear,Gradient Boosting Classifier,0,0,0.04630920314458402
02_linear,Linear,Gradient Boosting Classifier,0,0,0.005228965914287321
02_linear,Linear,Gradient Boosting Classifier,0,0,0.0065256477397173515
02_linear,Linear,Gradient Boosting Classifier,0,0,0.014045055649447658
02_linear,Linear,Gradient Boosting Classifier,0,0,0.01057819095047696
02_linear,Linear,Gradient Boosting Classifier,1,1,0.763187946750459
02_linear,Linear,Gradient Boosting Classifier,0,0,0.0045376191960114455
02_linear,Linear,Gradient Boosting Classifier,0,0,0.0135122475713067
02_linear,Linear,Gradient Boosting Classifier,1,1,0.997016684108412
02_linear,Linear,Gradient Boosting Classifier,0,0,0.004187946294351163
02_linear,Linear,Gradient Boosting Classifier,0,0,0.14369128885207208
02_linear,Linear,Gradient Boosting Classifier,1,1,0.9949944681614629
02_linear,Linear,Gradient Boosting Classifier,0,0,0.029632809881888017
02_linear,Linear,Gradient Boosting Classifier,0,0,0.005270712491391562
02_linear,Linear,Gradient Boosting Classifier,0,0,0.010786209166754317
02_linear,Linear,Gradient Boosting Classifier,0,0,0.005297229793108612
02_linear,Linear,Gradient Boosting Classifier,1,1,0.9980929969226021
02_linear,Linear,Gradient Boosting Classifier,1,1,0.9969573602220726
02_linear,Linear,Gradient Boosting Classifier,0,0,0.0031266058999650866
02_linear,Linear,Gradient Boosting Classifier,0,0,0.002735528425430319
02_linear,Linear,Gradient Boosting Classifier,0,0,0.006377671087908531
02_linear,Linear,Gradient Boosting Classifier,0,0,0.00564821788075806
02_linear,Linear,Gradient Boosting Classifier,0,0,0.06053487275652177
02_linear,Linear,Gradient Boosting Classifier,1,1,0.9958417601672725
02_linear,Linear,Gradient Boosting Classifier,0,0,0.02744236889139685
02_linear,Linear,Gradient Boosting Classifier,0,0,0.005783840394323294
02_linear,Linear,Gradient Boosting Classifier,0,0,0.007748649500094385
02_linear,Linear,Gradient Boosting Classifier,1,1,0.9919300142364792
02_linear,Linear,Gradient Boosting Classifier,1,1,0.9962552203243964
02_linear,Linear,Gradient Boosting Classifier,1,1,0.9946119950116286
02_linear,Linear,Gradient Boosting Classifier,0,0,0.006507171224200263
02_linear,Linear,Gradient Boosting Classifier,0,0,0.004452242191146283
02_linear,Linear,Gradient Boosting Classifier,0,0,0.018976093465606688
02_linear,Linear,Gradient Boosting Classifier,1,1,0.9911842307465445
02_linear,Linear,Gradient Boosting Classifier,0,0,0.004617442636213991
02_linear,Linear,Gradient Boosting Classifier,0,0,0.46542393562882434
02_linear,Linear,Gradient Boosting Classifier,0,0,0.0067565791233024225
02_linear,Linear,Gradient Boosting Classifier,1,1,0.9955913682935311
02_linear,Linear,Gradient Boosting Classifier,0,0,0.023037064052350998
02_linear,Linear,Gradient Boosting Classifier,1,1,0.7443473931603066
02_linear,Linear,Gradient Boosting Classifier,0,0,0.11841152636667855
02_linear,Linear,Gradient Boosting Classifier,0,0,0.0048752239247725326
02_linear,Linear,Gradient Boosting Classifier,1,1,0.9962066798209934
02_linear,Linear,Gradient Boosting Classifier,1,1,0.9946818099773158
02_linear,Linear,Gradient Boosting Classifier,1,1,0.9981632228501124
02_linear,Linear,Gradient Boosting Classifier,0,0,0.11381864464665313
02_linear,Linear,Gradient Boosting Classifier,0,0,0.00693449639407938
02_linear,Linear,Gradient Boosting Classifier,0,0,0.0041892135208076615
02_linear,Linear,Gradient Boosting Classifier,0,0,0.006041618844403011
02_linear,Linear,Gradient Boosting Classifier,0,0,0.014457102158783543
02_linear,Linear,Gradient Boosting Classifier,0,0,0.16813772584117206
02_linear,Linear,Gradient Boosting Classifier,0,0,0.016044395403586764
02_linear,Linear,Gradient Boosting Classifier,0,0,0.02180138414667858
02_linear,Linear,Gradient Boosting Classifier,0,0,0.004322332880254371
02_linear,Linear,Gradient Boosting Classifier,0,0,0.016542886630695416
02_linear,Linear,Gradient Boosting Classifier,1,1,0.9970982098032767
02_linear,Linear,Gradient Boosting Classifier,1,1,0.9900165312668826
02_linear,Linear,Gradient Boosting Classifier,0,0,0.005738852425702535
02_linear,Linear,Gradient Boosting Classifier,0,0,0.0021055279057007417
02_linear,Linear,Gradient Boosting Classifier,0,0,0.008518189051553555
02_linear,Linear,Gradient Boosting Classifier,0,0,0.0042956653173711005
02_linear,Linear,Gradient Boosting Classifier,1,1,0.995571704609372
02_linear,Linear,Gradient Boosting Classifier,0,0,0.03349232327917344
02_linear,Linear,Gradient Boosting Classifier,1,1,0.99626374035855
02_linear,Linear,Gradient Boosting Classifier,0,0,0.0054375182449241805
02_linear,Linear,Gradient Boosting Classifier,1,1,0.9603726830912452
02_linear,Linear,Gradient Boosting Classifier,0,0,0.003602246385675066
02_linear,Linear,Gradient Boosting Classifier,1,1,0.9955663020487927
02_linear,Linear,Gradient Boosting Classifier,0,0,0.022999851262025126
02_linear,Linear,Gradient Boosting Classifier,0,0,0.01787758139284946
02_linear,Linear,Gradient Boosting Classifier,0,0,0.02132653707680343
02_linear,Linear,Gradient Boosting Classifier,0,0,0.004803707530465982
02_linear,Linear,Gradient Boosting Classifier,0,1,0.671908530180168
02_linear,Linear,Gradient Boosting Classifier,1,1,0.9823984865579266
02_linear,Linear,Gradient Boosting Classifier,0,0,0.005269851665490218
02_linear,Linear,Gradient Boosting Classifier,0,0,0.0031889240272388072
02_linear,Linear,Gradient Boosting Classifier,0,0,0.004802294505633743
02_linear,Linear,Gradient Boosting Classifier,1,1,0.9972140057703196
02_linear,Linear,Gradient Boosting Classifier,0,0,0.0036122105014372813
02_linear,Linear,Gradient Boosting Classifier,0,0,0.0064838711783307065
02_linear,Linear,Gradient Boosting Classifier,0,0,0.005436187939041181
02_linear,Linear,Gradient Boosting Classifier,0,0,0.009305417000849883
02_linear,Linear,Gradient Boosting Classifier,0,0,0.008673361283703817
02_linear,Linear,Gradient Boosting Classifier,0,0,0.005807217708821445
02_linear,Linear,Gradient Boosting Classifier,1,0,0.11776481219419037
02_linear,Linear,Gradient Boosting Classifier,0,0,0.00520541868665456
02_linear,Linear,Gradient Boosting Classifier,0,0,0.047401163418815236
02_linear,Linear,Gradient Boosting Classifier,0,0,0.004309227980656185
02_linear,Linear,Gradient Boosting Classifier,1,1,0.9708490212374167
02_linear,Linear,Gradient Boosting Classifier,0,0,0.00397925714674486
02_linear,Linear,Gradient Boosting Classifier,1,1,0.9958217666920374
02_linear,Linear,Gradient Boosting Classifier,0,0,0.006069178042219621
02_linear,Linear,Gradient Boosting Classifier,0,0,0.003997579008813992
02_linear,Linear,Gradient Boosting Classifier,0,0,0.0031783989829149324
02_linear,Linear,Gradient Boosting Classifier,0,0,0.00434724307834383
02_linear,Linear,Gradient Boosting Classifier,0,0,0.004114706360570555
02_linear,Linear,Gradient Boosting Classifier,0,0,0.00410501566352648
02_linear,Linear,Gradient Boosting Classifier,0,0,0.00496236590070613
02_linear,Linear,Gradient Boosting Classifier,0,0,0.01777182531943198
02_linear,Linear,Gradient Boosting Classifier,0,0,0.019152363672259812
02_linear,Linear,Gradient Boosting Classifier,0,0,0.01339000496624131
02_linear,Linear,Gradient Boosting Classifier,1,1,0.9944280549284533
02_linear,Linear,Gradient Boosting Classifier,1,1,0.9973895264908527
02_linear,Linear,Gradient Boosting Classifier,0,0,0.02259833253728329
02_linear,Linear,Gradient Boosting Classifier,0,0,0.004809501099239992
02_linear,Linear,Gradient Boosting Classifier,0,0,0.005532166754071941
02_linear,Linear,Gradient Boosting Classifier,0,0,0.005762285705640588
02_linear,Linear,Gradient Boosting Classifier,1,1,0.9787270572189367
02_linear,Linear,Gradient Boosting Classifier,0,0,0.009991462846446105
02_linear,Linear,Gradient Boosting Classifier,0,0,0.010822590123458235
02_linear,Linear,Gradient Boosting Classifier,1,1,0.996892286496319
02_linear,Linear,Gradient Boosting Classifier,0,0,0.054804634716936175
02_linear,Linear,Gradient Boosting Classifier,0,0,0.008268369295695802
02_linear,Linear,Gradient Boosting Classifier,1,1,0.996094182399169
02_linear,Linear,Gradient Boosting Classifier,0,0,0.03342178816058988
02_linear,Linear,Gradient Boosting Classifier,0,1,0.8802449043570324
02_linear,Linear,Gradient Boosting Classifier,0,0,0.0036054893491367225
02_linear,Linear,Gradient Boosting Classifier,0,1,0.6086882880751723
02_linear,Linear,Gradient Boosting Classifier,1,1,0.9941101216535339
02_linear,Linear,Gradient Boosting Classifier,1,1,0.9068087742575552
02_linear,Linear,Gradient Boosting Classifier,0,0,0.006297158666948601
02_linear,Linear,Gradient Boosting Classifier,0,0,0.13113871544377828
02_linear,Linear,Gradient Boosting Classifier,0,0,0.009399245802409273
02_linear,Linear,Gradient Boosting Classifier,0,0,0.032034066724051485
02_linear,Linear,Gradient Boosting Classifier,1,1,0.9305919824590099
02_linear,Linear,Gradient Boosting Classifier,0,0,0.005590136606020187
02_linear,Linear,Gradient Boosting Classifier,1,1,0.9917553653837685
02_linear,Linear,Gradient Boosting Classifier,0,0,0.02744236889139685
02_linear,Linear,Gradient Boosting Classifier,1,0,0.044506247589508025
02_linear,Linear,Gradient Boosting Classifier,0,0,0.004476439145011206
02_linear,Linear,Gradient Boosting Classifier,0,0,0.004076785696146353
02_linear,Linear,Gradient Boosting Classifier,0,0,0.005606734875955759
02_linear,Linear,Gradient Boosting Classifier,0,0,0.005418258356114669
02_linear,Linear,Gradient Boosting Classifier,0,0,0.011456771318442957
02_linear,Linear,Gradient Boosting Classifier,0,0,0.004390224741628321
02_linear,Linear,Gradient Boosting Classifier,0,0,0.004343723523351609
02_linear,Linear,Gradient Boosting Classifier,0,0,0.04430446317039336
02_linear,Linear,Gradient Boosting Classifier,0,0,0.005807217708821445
02_linear,Linear,Gradient Boosting Classifier,0,0,0.015754489341334034
02_linear,Linear,Gradient Boosting Classifier,0,0,0.00598275700933124
02_linear,Linear,Gradient Boosting Classifier,0,0,0.007085049870342818
02_linear,Linear,Gradient Boosting Classifier,0,0,0.4708421274386424
02_linear,Linear,Gradient Boosting Classifier,1,1,0.7065297592845305
02_linear,Linear,Gradient Boosting Classifier,0,0,0.004507314520301284
02_linear,Linear,Gradient Boosting Classifier,1,1,0.5406303686206728
02_linear,Linear,Gradient Boosting Classifier,1,1,0.9972420509338596
02_linear,Linear,Gradient Boosting Classifier,0,0,0.003997579008813992
02_linear,Linear,Gradient Boosting Classifier,0,0,0.0038675448800217825
02_linear,Linear,Gradient Boosting Classifier,0,0,0.004792453469336163
02_linear,Linear,Gradient Boosting Classifier,0,0,0.05387815544656839
02_linear,Linear,Gradient Boosting Classifier,1,1,0.6372584466879143
02_linear,Linear,Gradient Boosting Classifier,0,0,0.012440409438983353
02_linear,Linear,Gradient Boosting Classifier,0,0,0.004822171786146481
02_linear,Linear,Gradient Boosting Classifier,0,0,0.03696716504946576
02_linear,Linear,Gradient Boosting Classifier,0,0,0.0044674624306733435
02_linear,Linear,Gradient Boosting Classifier,1,1,0.9886777311105376
02_linear,Linear,Gradient Boosting Classifier,0,0,0.44537236935955143
02_linear,Linear,Gradient Boosting Classifier,0,0,0.005457842887709922
02_linear,Linear,Gradient Boosting Classifier,0,0,0.0034378473142939775
02_linear,Linear,Gradient Boosting Classifier,0,0,0.044591563586591276
02_linear,Linear,Gradient Boosting Classifier,0,0,0.005500700390543302
02_linear,Linear,Gradient Boosting Classifier,0,0,0.008848312166890086
02_linear,Linear,Gradient Boosting Classifier,0,0,0.005667174763377826
02_linear,Linear,Gradient Boosting Classifier,0,0,0.009734295834935642
02_linear,Linear,Gradient Boosting Classifier,1,1,0.9968119524352672
02_linear,Linear,Gradient Boosting Classifier,0,0,0.17296589376179083
02_linear,Linear,Gradient Boosting Classifier,0,0,0.008557036206758612
02_linear,Linear,Gradient Boosting Classifier,0,0,0.02323546238598906
02_linear,Linear,Gradient Boosting Classifier,1,1,0.9962186707893528
02_linear,Linear,Gradient Boosting Classifier,0,0,0.014125441779146484
02_linear,Linear,Gradient Boosting Classifier,1,1,0.9964086573745777
02_linear,Linear,Gradient Boosting Classifier,0,0,0.003797789968288615
02_linear,Linear,Gradient Boosting Classifier,1,1,0.9957587780525363
02_linear,Linear,Gradient Boosting Classifier,0,0,0.008673361283703817
02_linear,Linear,Gradient Boosting Classifier,0,0,0.007371315314123863
02_linear,Linear,Gradient Boosting Classifier,0,0,0.07687767675666153
02_linear,Linear,Gradient Boosting Classifier,0,0,0.004633860048047352
02_linear,Linear,Gradient Boosting Classifier,1,1,0.9943368502259483
02_linear,Linear,Gradient Boosting Classifier,0,0,0.014519856480986184
02_linear,Linear,Gradient Boosting Classifier,0,0,0.0048773527865754755
02_linear,Linear,Gradient Boosting Classifier,0,0,0.1214282550016049
02_linear,Linear,Gradient Boosting Classifier,0,0,0.030564575890239996
02_linear,Linear,Gradient Boosting Classifier,0,0,0.005807217708821445
02_linear,Linear,Gradient Boosting Classifier,0,0,0.005284995663818885
02_linear,Linear,Gradient Boosting Classifier,0,0,0.06185398430223434
02_linear,Linear,Gradient Boosting Classifier,1,1,0.9677534349498975
02_linear,Linear,Gradient Boosting Classifier,0,0,0.08071949715516101
02_linear,Linear,Gradient Boosting Classifier,0,0,0.34499058002774424
02_linear,Linear,Gradient Boosting Classifier,0,0,0.0170903840736598
02_linear,Linear,Gradient Boosting Classifier,0,0,0.003890625008004277
02_linear,Linear,Gradient Boosting Classifier,0,0,0.0026841521092107177
02_linear,Linear,Gradient Boosting Classifier,0,0,0.10354717087430719
02_linear,Linear,Gradient Boosting Classifier,0,0,0.004764766574183561
02_linear,Linear,Gradient Boosting Classifier,1,1,0.9948189210185979
02_linear,Linear,Gradient Boosting Classifier,0,0,0.1001400437526357
02_linear,Linear,Gradient Boosting Classifier,0,0,0.0038967727911378867
02_linear,Linear,Gradient Boosting Classifier,0,0,0.003992346861424781
02_linear,Linear,Gradient Boosting Classifier,0,0,0.008747922419950876
02_linear,Linear,Gradient Boosting Classifier,0,0,0.007417981122747373
02_linear,Linear,Gradient Boosting Classifier,0,0,0.009690216486173492
02_linear,Linear,Gradient Boosting Classifier,0,0,0.005228965914287321
02_linear,Linear,Gradient Boosting Classifier,0,0,0.003978890560609394
02_linear,Linear,Gradient Boosting Classifier,0,0,0.0038624777169331513
02_linear,Linear,Gradient Boosting Classifier,0,0,0.013940622402714471
02_linear,Linear,Gradient Boosting Classifier,0,0,0.02335338981153564
02_linear,Linear,Gradient Boosting Classifier,1,1,0.99734185927756
02_linear,Linear,Gradient Boosting Classifier,0,0,0.05036201205424338
02_linear,Linear,Gradient Boosting Classifier,1,1,0.9961964820854178
02_linear,Linear,Gradient Boosting Classifier,0,0,0.014810503941881176
02_linear,Linear,Gradient Boosting Classifier,0,0,0.04701359766124478
02_linear,Linear,Gradient Boosting Classifier,0,0,0.07818263621813881
02_linear,Linear,Gradient Boosting Classifier,0,0,0.0048773527865754755
02_linear,Linear,Gradient Boosting Classifier,0,0,0.03460633692171327
02_linear,Linear,Gradient Boosting Classifier,0,0,0.005112690582420257
02_linear,Linear,Gradient Boosting Classifier,0,0,0.0037234424319264143
02_linear,Linear,Gradient Boosting Classifier,0,0,0.037370413443928586
02_linear,Linear,Gradient Boosting Classifier,1,1,0.9971065705560684
02_linear,Linear,Gradient Boosting Classifier,1,1,0.9954601222630235
02_linear,Linear,Gradient Boosting Classifier,0,0,0.016801383706799195
02_linear,Linear,Gradient Boosting Classifier,0,0,0.032607148583988145
02_linear,Linear,Gradient Boosting Classifier,0,0,0.017750419565097576
02_linear,Linear,Gradient Boosting Classifier,0,0,0.001953568479242907
02_linear,Linear,Gradient Boosting Classifier,0,0,0.029876856753827143
02_linear,Linear,Gradient Boosting Classifier,1,1,0.6622733675449749
02_linear,Linear,Gradient Boosting Classifier,0,0,0.004434897584588639
02_linear,Linear,Gradient Boosting Classifier,0,0,0.004141957437201168
02_linear,Linear,Gradient Boosting Classifier,0,0,0.030905976921225327
02_linear,Linear,Gradient Boosting Classifier,0,0,0.005166597452822309
02_linear,Linear,Gradient Boosting Classifier,0,0,0.003706967585469733
02_linear,Linear,Gradient Boosting Classifier,1,1,0.9892338609996703
02_linear,Linear,Gradient Boosting Classifier,0,0,0.05717065614286524
02_linear,Linear,Gradient Boosting Classifier,0,0,0.003521929534511266
02_linear,Linear,Gradient Boosting Classifier,1,1,0.9919300142364792
02_linear,Linear,Gradient Boosting Classifier,0,0,0.028211577924469395
02_linear,Linear,Gradient Boosting Classifier,1,0,0.2776694247878365
02_linear,Linear,Gradient Boosting Classifier,0,0,0.004358117783299547
02_linear,Linear,Gradient Boosting Classifier,0,0,0.003762361602374742
02_linear,Linear,Gradient Boosting Classifier,0,0,0.02744236889139685
02_linear,Linear,Gradient Boosting Classifier,0,0,0.0048773527865754755
02_linear,Linear,Gradient Boosting Classifier,0,0,0.020065066695921528
02_linear,Linear,Gradient Boosting Classifier,0,0,0.05098461289959703
02_linear,Linear,Gradient Boosting Classifier,0,0,0.06747660777286421
02_linear,Linear,Gradient Boosting Classifier,0,0,0.1565980130943521
02_linear,Linear,Gradient Boosting Classifier,0,0,0.00442331574319959
02_linear,Linear,Gradient Boosting Classifier,0,0,0.004306965435765387
02_linear,Linear,Gradient Boosting Classifier,0,0,0.0032995173840084323
02_linear,Linear,Gradient Boosting Classifier,0,0,0.00254756664610972
02_linear,Linear,Gradient Boosting Classifier,0,0,0.004986460617034098
02_linear,Linear,Gradient Boosting Classifier,0,0,0.004403593645045948
02_linear,Linear,Gradient Boosting Classifier,1,1,0.9940361201652239
02_linear,Linear,Gradient Boosting Classifier,0,0,0.022620850199833262
02_linear,Linear,Gradient Boosting Classifier,0,0,0.001356338431433136
02_linear,Linear,Gradient Boosting Classifier,0,0,0.049170497004128226
02_linear,Linear,Gradient Boosting Classifier,0,0,0.013760635088242493
02_linear,Linear,Gradient Boosting Classifier,1,1,0.9857790788125239
02_linear,Linear,Gradient Boosting Classifier,0,0,0.017371458374612896
02_linear,Linear,Gradient Boosting Classifier,0,0,0.03292840047622622
02_linear,Linear,Gradient Boosting Classifier,0,0,0.008797846608834795
02_linear,Linear,Gradient Boosting Classifier,0,0,0.07477590776914408
02_linear,Linear,Gradient Boosting Classifier,0,0,0.032290576928703775
02_linear,Linear,Gradient Boosting Classifier,0,0,0.006025404365010256
02_linear,Linear,Gradient Boosting Classifier,0,0,0.06193775143850634
02_linear,Linear,Gradient Boosting Classifier,0,0,0.004925406546896613
02_linear,Linear,Gradient Boosting Classifier,0,0,0.005146601423403627
02_linear,Linear,Gradient Boosting Classifier,0,0,0.036452315652882365
02_linear,Linear,Gradient Boosting Classifier,1,1,0.9983175991464891
02_linear,Linear,Gradient Boosting Classifier,0,0,0.004806879345027564
02_linear,Linear,Gradient Boosting Classifier,0,0,0.006744840128479382
02_linear,Linear,Gradient Boosting Classifier,0,0,0.09254261810641158
02_linear,Linear,Gradient Boosting Classifier,1,1,0.8454723741722263
02_linear,Linear,Gradient Boosting Classifier,0,0,0.006858843377719669
02_linear,Linear,Gradient Boosting Classifier,0,0,0.007730787668703588
02_linear,Linear,Gradient Boosting Classifier,0,0,0.012231947630441845
02_linear,Linear,Gradient Boosting Classifier,0,0,0.03285896757841549
02_linear,Linear,Gradient Boosting Classifier,0,0,0.005699773458488449
02_linear,Linear,Gradient Boosting Classifier,1,1,0.9962167206083931
02_linear,Linear,Gradient Boosting Classifier,0,0,0.004928455404663355
02_linear,Linear,Gradient Boosting Classifier,0,0,0.05656271341170868
02_linear,Linear,Gradient Boosting Classifier,0,0,0.008255472462584472
02_linear,Linear,Gradient Boosting Classifier,0,0,0.014772803962507918
02_linear,Linear,Gradient Boosting Classifier,1,1,0.9032518922950196
02_linear,Linear,Gradient Boosting Classifier,0,0,0.016270258281523366
02_linear,Linear,Gradient Boosting Classifier,1,1,0.9953744666501421
02_linear,Linear,Gradient Boosting Classifier,0,0,0.04631188097411625
02_linear,Linear,Gradient Boosting Classifier,0,0,0.1348461540784509
02_linear,Linear,Gradient Boosting Classifier,1,1,0.9946261503669039
02_linear,Linear,Gradient Boosting Classifier,1,1,0.9966538324509243
02_linear,Linear,Gradient Boosting Classifier,0,0,0.008175134606097199
02_linear,Linear,Gradient Boosting Classifier,1,1,0.995571704609372
02_linear,Linear,Gradient Boosting Classifier,1,1,0.9944280549284533
02_linear,Linear,Gradient Boosting Classifier,0,0,0.024065521476487026
02_linear,Linear,Gradient Boosting Classifier,1,1,0.9947305877615065
02_linear,Linear,Gradient Boosting Classifier,1,1,0.9928549750668637
02_linear,Linear,Gradient Boosting Classifier,0,0,0.0030311828743893694
02_linear,Linear,Gradient Boosting Classifier,0,0,0.03779367350377925
02_linear,Linear,Gradient Boosting Classifier,0,0,0.009372328797448851
02_linear,Linear,Gradient Boosting Classifier,0,0,0.0034396874961387814
02_linear,Linear,Gradient Boosting Classifier,1,1,0.9949324543616007
02_linear,Linear,Gradient Boosting Classifier,0,0,0.021439396751323173
02_linear,Linear,Gradient Boosting Classifier,0,0,0.02286429003236588
02_linear,Linear,Gradient Boosting Classifier,0,0,0.01128491149407544
02_linear,Linear,Gradient Boosting Classifier,0,0,0.0038341254215989795
02_linear,Linear,Gradient Boosting Classifier,0,0,0.014742149821144145
02_linear,Linear,Gradient Boosting Classifier,0,0,0.04206893866389445
02_linear,Linear,Gradient Boosting Classifier,0,0,0.00618761676908791
02_linear,Linear,Gradient Boosting Classifier,1,1,0.9966538324509243
02_linear,Linear,Gradient Boosting Classifier,0,0,0.003935423150955623
02_linear,Linear,Gradient Boosting Classifier,0,0,0.005436187939041181
02_linear,Linear,Gradient Boosting Classifier,1,1,0.9889319514852258
02_linear,Linear,Gradient Boosting Classifier,0,0,0.003438646747921526
02_linear,Linear,Gradient Boosting Classifier,0,0,0.009592589259447514
02_linear,Linear,Gradient Boosting Classifier,0,0,0.006108817749546319
02_linear,Linear,Gradient Boosting Classifier,0,0,0.045089478555521555
02_linear,Linear,Gradient Boosting Classifier,0,0,0.15062420985410965
02_linear,Linear,Gradient Boosting Classifier,0,0,0.07881535142772614
02_linear,Linear,Gradient Boosting Classifier,0,0,0.03278334972326467
02_linear,Linear,Gradient Boosting Classifier,1,0,0.035145375100063436
02_linear,Linear,Gradient Boosting Classifier,0,0,0.0037799919525751085
02_linear,Linear,Gradient Boosting Classifier,0,0,0.06571268875519658
02_linear,Linear,Gradient Boosting Classifier,1,1,0.9751973254245492
02_linear,Linear,Gradient Boosting Classifier,0,0,0.005506625334091506
02_linear,Linear,Gradient Boosting Classifier,0,0,0.06416144040543964
02_linear,Linear,Gradient Boosting Classifier,0,0,0.0053729395914774904
02_linear,Linear,Gradient Boosting Classifier,1,1,0.9940126053383586
02_linear,Linear,Gradient Boosting Classifier,0,0,0.005063458796282565
02_linear,Linear,Gradient Boosting Classifier,0,0,0.019745487289707826
02_linear,Linear,Gradient Boosting Classifier,0,0,0.03322680314664839
02_linear,Linear,Gradient Boosting Classifier,1,1,0.9969186731323489
02_linear,Linear,Gradient Boosting Classifier,0,0,0.005210388163373586
02_linear,Linear,Gradient Boosting Classifier,0,0,0.008401604328445552
02_linear,Linear,Gradient Boosting Classifier,0,0,0.012064982860382035
02_linear,Linear,Gradient Boosting Classifier,0,0,0.022669106783811125
02_linear,Linear,Gradient Boosting Classifier,1,1,0.9972710463665361
02_linear,Linear,Gradient Boosting Classifier,1,1,0.9975831281141193
02_linear,Linear,Gradient Boosting Classifier,0,0,0.024949196548456315
02_linear,Linear,Gradient Boosting Classifier,0,0,0.009091504735511974
02_linear,Linear,Gradient Boosting Classifier,0,0,0.023165213187805306
02_linear,Linear,Gradient Boosting Classifier,0,0,0.010593761783375233
02_linear,Linear,Gradient Boosting Classifier,0,0,0.0037992768439070986
02_linear,Linear,Gradient Boosting Classifier,0,0,0.04078504987110048
02_linear,Linear,Gradient Boosting Classifier,0,0,0.004592180736018258
02_linear,Linear,Gradient Boosting Classifier,0,0,0.018832005183633743
02_linear,Linear,Gradient Boosting Classifier,0,0,0.024108504118644725
02_linear,Linear,Gradient Boosting Classifier,0,0,0.01564979972448973
02_linear,Linear,Gradient Boosting Classifier,0,0,0.004544208283129825
02_linear,Linear,Gradient Boosting Classifier,1,1,0.9947674883578774
02_linear,Linear,Gradient Boosting Classifier,0,0,0.010938415371477446
02_linear,Linear,Gradient Boosting Classifier,1,1,0.6927085972173376
02_linear,Linear,Gradient Boosting Classifier,0,0,0.00980447076972508
02_linear,Linear,Gradient Boosting Classifier,0,0,0.007642149203027665
02_linear,Linear,Gradient Boosting Classifier,0,0,0.045870517543481815
02_linear,Linear,Gradient Boosting Classifier,1,1,0.993773538192164
02_linear,Linear,Gradient Boosting Classifier,0,0,0.007415410751432347
02_linear,Linear,Gradient Boosting Classifier,0,0,0.004023497244107902
02_linear,Linear,Gradient Boosting Classifier,0,0,0.02223210328477022
02_linear,Linear,Gradient Boosting Classifier,0,0,0.00346852955938938
02_linear,Linear,Gradient Boosting Classifier,0,0,0.07724540520253048
02_linear,Linear,Gradient Boosting Classifier,1,1,0.9742302082065127
02_linear,Linear,Gradient Boosting Classifier,0,0,0.00520215119994699
02_linear,Linear,Gradient Boosting Classifier,0,0,0.04770832532678726
02_linear,Linear,Gradient Boosting Classifier,0,0,0.013305532628770878
02_linear,Linear,Gradient Boosting Classifier,0,0,0.0025636597572687393
02_linear,Linear,Gradient Boosting Classifier,0,0,0.006665021930206957
02_linear,Linear,Gradient Boosting Classifier,0,0,0.022768707884630188
02_linear,Linear,Gradient Boosting Classifier,1,1,0.9975689264582551
02_linear,Linear,Gradient Boosting Classifier,0,0,0.006238083591144284
02_linear,Linear,Gradient Boosting Classifier,0,0,0.012246704594729157
02_linear,Linear,Gradient Boosting Classifier,0,0,0.34499058002774424
02_linear,Linear,Gradient Boosting Classifier,0,0,0.007145408907390711
02_linear,Linear,Gradient Boosting Classifier,0,0,0.007640284447078331
02_linear,Linear,Gradient Boosting Classifier,0,0,0.031435989671045224
02_linear,Linear,Gradient Boosting Classifier,1,1,0.996944191948082
02_linear,Linear,Gradient Boosting Classifier,0,0,0.004666690084376968
02_linear,Linear,Gradient Boosting Classifier,0,0,0.007994534885697301
02_linear,Linear,Gradient Boosting Classifier,0,0,0.08494316462286414
02_linear,Linear,Gradient Boosting Classifier,0,0,0.014129516355850157
02_linear,Linear,Gradient Boosting Classifier,0,0,0.014077070160892142
02_linear,Linear,Gradient Boosting Classifier,0,0,0.012819004104401609
02_linear,Linear,Gradient Boosting Classifier,1,1,0.996714908156034
02_linear,Linear,Gradient Boosting Classifier,0,0,0.004020410905917646
02_linear,Linear,Gradient Boosting Classifier,0,0,0.012103508588994975
02_linear,Linear,Gradient Boosting Classifier,0,0,0.00397925714674486
02_linear,Linear,Gradient Boosting Classifier,0,0,0.003819996442222576
02_linear,Linear,Gradient Boosting Classifier,1,1,0.9944280549284533
02_linear,Linear,Gradient Boosting Classifier,0,0,0.008543011123705485
02_linear,Linear,Gradient Boosting Classifier,0,0,0.02054993566978516
02_linear,Linear,Gradient Boosting Classifier,0,0,0.03391892689749036
02_linear,Linear,Gradient Boosting Classifier,0,0,0.0026800090355082445
02_linear,Linear,Gradient Boosting Classifier,0,0,0.02864996199419772
02_linear,Linear,Gradient Boosting Classifier,1,1,0.995225269499397
02_linear,Linear,Gradient Boosting Classifier,0,0,0.1533445045603472
02_linear,Linear,Gradient Boosting Classifier,0,0,0.00468209858718088
02_linear,Linear,Gradient Boosting Classifier,1,1,0.9943815589387738
02_linear,Linear,Gradient Boosting Classifier,0,0,0.033437621102956276
02_linear,Linear,Gradient Boosting Classifier,0,0,0.006876021368497757
02_linear,Linear,Gradient Boosting Classifier,0,0,0.00592057478653317
02_linear,Linear,Gradient Boosting Classifier,0,0,0.02870150832778881
02_linear,Linear,Gradient Boosting Classifier,0,0,0.00371162365854071
02_linear,Linear,Gradient Boosting Classifier,0,0,0.020541126362881718
02_linear,Linear,Gradient Boosting Classifier,0,0,0.005414280478903002
02_linear,Linear,Gradient Boosting Classifier,1,1,0.9954605794247217
02_linear,Linear,Gradient Boosting Classifier,0,0,0.005270712491391562
02_linear,Linear,Gradient Boosting Classifier,0,0,0.005322556920004498
02_linear,Linear,Gradient Boosting Classifier,1,1,0.9666768295727913
02_linear,Linear,Gradient Boosting Classifier,0,0,0.002874554439553108
02_linear,Linear,Gradient Boosting Classifier,0,0,0.019926325474775627
02_linear,Linear,Gradient Boosting Classifier,1,1,0.9884444869500273
02_linear,Linear,Gradient Boosting Classifier,0,0,0.03432470347070152
02_linear,Linear,Gradient Boosting Classifier,1,0,0.03428656914135759
02_linear,Linear,Gradient Boosting Classifier,0,0,0.004275534817934244
02_linear,Linear,Gradient Boosting Classifier,0,0,0.05717065614286524
02_linear,Linear,Gradient Boosting Classifier,0,0,0.08474938688687413
02_linear,Linear,Gradient Boosting Classifier,0,0,0.019192069221919256
02_linear,Linear,Gradient Boosting Classifier,1,1,0.9938190567919816
02_linear,Linear,Gradient Boosting Classifier,1,1,0.995167733874872
02_linear,Linear,Gradient Boosting Classifier,0,0,0.00676138681075391
02_linear,Linear,Gradient Boosting Classifier,0,0,0.015252294061403545
02_linear,Linear,Gradient Boosting Classifier,0,0,0.010198344730909872
02_linear,Linear,Gradient Boosting Classifier,0,0,0.005812090400072022
02_linear,Linear,Gradient Boosting Classifier,0,0,0.034795161597469024
02_linear,Linear,Gradient Boosting Classifier,0,0,0.013638828877242217
02_linear,Linear,Gradient Boosting Classifier,0,0,0.03342454665678866
02_linear,Linear,Gradient Boosting Classifier,1,0,0.02117297506412253
02_linear,Linear,Gradient Boosting Classifier,0,0,0.005964759907346598
02_linear,Linear,Gradient Boosting Classifier,0,0,0.023874290793537634
02_linear,Linear,Gradient Boosting Classifier,0,0,0.007481571667002484
02_linear,Linear,Gradient Boosting Classifier,0,0,0.10966620656137921
02_linear,Linear,Gradient Boosting Classifier,0,0,0.010243623297193678
02_linear,Linear,Gradient Boosting Classifier,0,0,0.35456392955742466
02_linear,Linear,Gradient Boosting Classifier,0,0,0.006744840128479382
02_linear,Linear,Gradient Boosting Classifier,0,0,0.036051569924649834
02_linear,Linear,Gradient Boosting Classifier,1,1,0.994723349148215
02_linear,Linear,Gradient Boosting Classifier,0,0,0.0034087994777960845
02_linear,Linear,Gradient Boosting Classifier,0,0,0.00564821788075806
02_linear,Linear,Gradient Boosting Classifier,0,0,0.011249631714085764
02_linear,Linear,Gradient Boosting Classifier,0,0,0.006124728843588478
02_linear,Linear,Gradient Boosting Classifier,0,0,0.02865755411835522
02_linear,Linear,Gradient Boosting Classifier,0,0,0.005807217708821445
02_linear,Linear,Gradient Boosting Classifier,0,0,0.017955527658045325
02_linear,Linear,Gradient Boosting Classifier,0,0,0.018453984667518655
02_linear,Linear,Gradient Boosting Classifier,0,0,0.02655571975192728
02_linear,Linear,Gradient Boosting Classifier,0,0,0.130623870918709
02_linear,Linear,Gradient Boosting Classifier,1,0,0.13783268772793622
02_linear,Linear,Gradient Boosting Classifier,1,1,0.9974082458392622
02_linear,Linear,Gradient Boosting Classifier,1,1,0.9893991851491848
02_linear,Linear,Gradient Boosting Classifier,1,1,0.9977612623189424
02_linear,Linear,Gradient Boosting Classifier,0,1,0.8410199464627225
02_linear,Linear,Gradient Boosting Classifier,0,0,0.09917315098239297
02_linear,Linear,Gradient Boosting Classifier,0,0,0.00585684739426158
02_linear,Linear,Gradient Boosting Classifier,0,0,0.013071114782413022
02_linear,Linear,Gradient Boosting Classifier,0,0,0.008950380014537615
02_linear,Linear,Gradient Boosting Classifier,0,0,0.005393722052411705
02_linear,Linear,Gradient Boosting Classifier,0,0,0.09694184447939143
02_linear,Linear,Gradient Boosting Classifier,0,0,0.0353275166253715
02_linear,Linear,Gradient Boosting Classifier,0,0,0.009902497549955513
02_linear,Linear,Gradient Boosting Classifier,0,0,0.03907130255708947
02_linear,Linear,Gradient Boosting Classifier,0,0,0.04606297340642834
02_linear,Linear,Gradient Boosting Classifier,1,1,0.9862650982669543
02_linear,Linear,Gradient Boosting Classifier,1,1,0.9956244514837588
02_linear,Linear,Gradient Boosting Classifier,0,0,0.004630058038352583
02_linear,Linear,Gradient Boosting Classifier,1,1,0.9783972877391552
02_linear,Linear,Gradient Boosting Classifier,0,0,0.0027035041847743935
02_linear,Linear,Gradient Boosting Classifier,1,1,0.9691072267763653
02_linear,Linear,Gradient Boosting Classifier,0,0,0.006108817749546319
02_linear,Linear,Gradient Boosting Classifier,0,0,0.004059881453380199
02_linear,Linear,Gradient Boosting Classifier,0,0,0.006665978456720475
02_linear,Linear,Gradient Boosting Classifier,1,1,0.9890047008323339
02_linear,Linear,Gradient Boosting Classifier,0,0,0.009293810466343809
02_linear,Linear,Gradient Boosting Classifier,0,0,0.053583833458697744
02_linear,Linear,Gradient Boosting Classifier,0,0,0.007885452238249565
02_linear,Linear,Gradient Boosting Classifier,0,0,0.0702026137761336
02_linear,Linear,Gradient Boosting Classifier,0,0,0.34499058002774424
02_linear,Linear,Gradient Boosting Classifier,0,0,0.00486102416617739
02_linear,Linear,Gradient Boosting Classifier,0,0,0.03521874779498165
02_linear,Linear,Gradient Boosting Classifier,0,0,0.007089343499341586
02_linear,Linear,Gradient Boosting Classifier,0,0,0.007298653953743775
02_linear,Linear,Gradient Boosting Classifier,0,0,0.03979047767266633
02_linear,Linear,Gradient Boosting Classifier,1,1,0.9978756251522404
02_linear,Linear,Gradient Boosting Classifier,0,0,0.010934773550112223
02_linear,Linear,Gradient Boosting Classifier,0,0,0.012245933746104797
02_linear,Linear,Gradient Boosting Classifier,1,1,0.9965573454143648
02_linear,Linear,Gradient Boosting Classifier,0,0,0.026936006718091175
02_linear,Linear,Gradient Boosting Classifier,1,1,0.9957107315289266
02_linear,Linear,Gradient Boosting Classifier,0,0,0.0064989556799032264
02_linear,Linear,Gradient Boosting Classifier,0,0,0.02295895124310014
02_linear,Linear,Gradient Boosting Classifier,0,0,0.03688367487062801
02_linear,Linear,Gradient Boosting Classifier,0,0,0.19869143953506468
02_linear,Linear,Gradient Boosting Classifier,0,0,0.026182561516109773
02_linear,Linear,Gradient Boosting Classifier,0,0,0.004941109937751551
02_linear,Linear,Gradient Boosting Classifier,0,0,0.012867060277670707
02_linear,Linear,Gradient Boosting Classifier,1,1,0.9963359301371526
02_linear,Linear,Gradient Boosting Classifier,0,0,0.005010086074581636
02_linear,Linear,Gradient Boosting Classifier,0,0,0.006492875799137243
02_linear,Linear,Gradient Boosting Classifier,0,0,0.004478562978994937
02_linear,Linear,Gradient Boosting Classifier,1,1,0.9929688569580873
02_linear,Linear,Gradient Boosting Classifier,0,0,0.012739949906282183
02_linear,Linear,Gradient Boosting Classifier,0,0,0.005436060045679318
02_linear,Linear,Gradient Boosting Classifier,0,0,0.014421607527085475
02_linear,Linear,Gradient Boosting Classifier,0,0,0.03432470347070152
02_linear,Linear,Gradient Boosting Classifier,0,0,0.0038675825480363247
02_linear,Linear,Gradient Boosting Classifier,1,1,0.99626374035855
02_linear,Linear,Gradient Boosting Classifier,0,0,0.02239534799814476
02_linear,Linear,Gradient Boosting Classifier,1,1,0.9342530209876597
02_linear,Linear,Gradient Boosting Classifier,1,1,0.9966099483284298
02_linear,Linear,Gradient Boosting Classifier,0,0,0.03840634721187308
02_linear,Linear,Gradient Boosting Classifier,0,0,0.05289406895419333
02_linear,Linear,Gradient Boosting Classifier,0,0,0.004490342032511805
02_linear,Linear,Gradient Boosting Classifier,0,0,0.004588575940151592
02_linear,Linear,Gradient Boosting Classifier,1,1,0.9962186707893528
02_linear,Linear,Gradient Boosting Classifier,0,0,0.006130517189148459
02_linear,Linear,Gradient Boosting Classifier,1,1,0.6843752075341224
02_linear,Linear,Gradient Boosting Classifier,0,0,0.006108817749546319
02_linear,Linear,Gradient Boosting Classifier,0,0,0.003169225771439695
02_linear,Linear,Gradient Boosting Classifier,0,0,0.0047761004430799435
02_linear,Linear,Gradient Boosting Classifier,0,0,0.11667491988748316
02_linear,Linear,Gradient Boosting Classifier,1,1,0.994495073464797
02_linear,Linear,Gradient Boosting Classifier,0,1,0.6525674178016663
02_linear,Linear,Gradient Boosting Classifier,0,0,0.008307486768411315
02_linear,Linear,Gradient Boosting Classifier,0,0,0.002086513341619477
02_linear,Linear,Gradient Boosting Classifier,0,0,0.005184989276641215
02_linear,Linear,Gradient Boosting Classifier,0,0,0.010111046660172573
02_linear,Linear,Gradient Boosting Classifier,0,0,0.37153385428615726
02_linear,Linear,Gradient Boosting Classifier,1,1,0.7412947660369957
02_linear,Linear,Gradient Boosting Classifier,0,0,0.005980179531642518
02_linear,Linear,Gradient Boosting Classifier,0,0,0.012151085386075426
02_linear,Linear,Gradient Boosting Classifier,0,0,0.00613843599832357
02_linear,Linear,Gradient Boosting Classifier,0,0,0.08120600082607772
02_linear,Linear,Gradient Boosting Classifier,0,0,0.004615397836335987
02_linear,Linear,Gradient Boosting Classifier,0,0,0.006744840128479382
02_linear,Linear,Gradient Boosting Classifier,0,0,0.028482235761622
02_linear,Linear,Gradient Boosting Classifier,0,0,0.09821323654390701
02_linear,Linear,Gradient Boosting Classifier,1,1,0.9977017216826
02_linear,Linear,Gradient Boosting Classifier,0,0,0.0048401125212384445
02_linear,Linear,Gradient Boosting Classifier,0,0,0.005069797828165786
02_linear,Linear,Gradient Boosting Classifier,0,0,0.07833872184282369
02_linear,Linear,Gradient Boosting Classifier,0,0,0.3562050825670871
02_linear,Linear,Gradient Boosting Classifier,1,1,0.9937988878754286
02_linear,Linear,Gradient Boosting Classifier,0,0,0.017559350206853883
02_linear,Linear,Gradient Boosting Classifier,1,1,0.9777466396645583
02_linear,Linear,Gradient Boosting Classifier,0,0,0.006226501241882315
02_linear,Linear,Gradient Boosting Classifier,0,0,0.02200078601072417
02_linear,Linear,Gradient Boosting Classifier,0,0,0.009259937947285954
02_linear,Linear,Gradient Boosting Classifier,1,0,0.1281174568098009
02_linear,Linear,Gradient Boosting Classifier,0,0,0.0037020543064717544
02_linear,Linear,Gradient Boosting Classifier,1,1,0.9978447970125945
02_linear,Linear,Gradient Boosting Classifier,0,0,0.0021871911306252352
02_linear,Linear,Gradient Boosting Classifier,0,0,0.011099152351578328
02_linear,Linear,Gradient Boosting Classifier,0,0,0.019455180851421963
02_linear,Linear,Gradient Boosting Classifier,1,1,0.9065646427658672
02_linear,Linear,Gradient Boosting Classifier,0,0,0.0020389091745256155
02_linear,Linear,Gradient Boosting Classifier,0,0,0.006226501241882315
02_linear,Linear,Gradient Boosting Classifier,0,0,0.024645896709115073
02_linear,Linear,Gradient Boosting Classifier,0,0,0.019488531374637352
02_linear,Linear,Gradient Boosting Classifier,0,0,0.00638429572585429
02_linear,Linear,Gradient Boosting Classifier,0,0,0.003762361602374742
02_linear,Linear,Gradient Boosting Classifier,0,0,0.005427684200119563
02_linear,Linear,Gradient Boosting Classifier,0,0,0.002671008867122225
02_linear,Linear,Gradient Boosting Classifier,0,0,0.020409060791651366
02_linear,Linear,Gradient Boosting Classifier,1,1,0.9980525211341124
02_linear,Linear,Gradient Boosting Classifier,0,0,0.10492496065993401
02_linear,Linear,Gradient Boosting Classifier,0,0,0.15415062442291824
02_linear,Linear,Gradient Boosting Classifier,1,1,0.8450049414399566
02_linear,Linear,Gradient Boosting Classifier,0,0,0.05717065614286524
02_linear,Linear,Gradient Boosting Classifier,0,0,0.008725725873199983
02_linear,Linear,Gradient Boosting Classifier,0,0,0.04585195269200674
02_linear,Linear,Gradient Boosting Classifier,1,1,0.9183236851094393
02_linear,Linear,Gradient Boosting Classifier,1,1,0.9814891236946558
02_linear,Linear,Gradient Boosting Classifier,1,1,0.9827198289928379
02_linear,Linear,Gradient Boosting Classifier,0,0,0.005089171775489543
02_linear,Linear,Gradient Boosting Classifier,0,0,0.003711748633727898
02_linear,Linear,Gradient Boosting Classifier,0,0,0.006331204554948081
02_linear,Linear,Gradient Boosting Classifier,0,0,0.008685379232230388
02_linear,Linear,Gradient Boosting Classifier,1,1,0.9928054565292417
02_linear,Linear,Gradient Boosting Classifier,0,0,0.005673299917597807
02_linear,Linear,Gradient Boosting Classifier,1,1,0.9969573602220726
02_linear,Linear,Gradient Boosting Classifier,0,0,0.016895225650378494
02_linear,Linear,Gradient Boosting Classifier,0,0,0.0044952507025337995
02_linear,Linear,Gradient Boosting Classifier,1,1,0.9955292616425576
02_linear,Linear,Gradient Boosting Classifier,0,0,0.004572761303339149
02_linear,Linear,Gradient Boosting Classifier,0,0,0.004849353971350611
02_linear,Linear,Gradient Boosting Classifier,0,0,0.023989663528591033
02_linear,Linear,Gradient Boosting Classifier,0,0,0.021334691839371207
02_linear,Linear,Gradient Boosting Classifier,0,0,0.005067697305776901
02_linear,Linear,Gradient Boosting Classifier,0,1,0.5072894721837001
02_linear,Linear,Gradient Boosting Classifier,0,0,0.0029430741699750687
02_linear,Linear,Gradient Boosting Classifier,0,0,0.010198181137510384
02_linear,Linear,Gradient Boosting Classifier,0,0,0.012759793990308792
02_linear,Linear,Gradient Boosting Classifier,0,0,0.005067697305776901
02_linear,Linear,Gradient Boosting Classifier,1,1,0.985423015886384
02_linear,Linear,Gradient Boosting Classifier,0,0,0.006075709832143126
02_linear,Linear,Gradient Boosting Classifier,0,0,0.006744840128479382
02_linear,Linear,Gradient Boosting Classifier,0,0,0.0037851114084133503
02_linear,Linear,Gradient Boosting Classifier,0,0,0.006108817749546319
02_linear,Linear,Gradient Boosting Classifier,0,0,0.007094788438758007
02_linear,Linear,Gradient Boosting Classifier,1,0,0.33773204933309603
02_linear,Linear,Gradient Boosting Classifier,0,0,0.018718982469137876
02_linear,Linear,Gradient Boosting Classifier,0,0,0.005331096024448067
02_linear,Linear,Gradient Boosting Classifier,1,1,0.9976718245254859
02_linear,Linear,Gradient Boosting Classifier,0,0,0.00279177223756537
02_linear,Linear,Gradient Boosting Classifier,0,0,0.004609718349959959
02_linear,Linear,Gradient Boosting Classifier,0,0,0.0022837258832238356
02_linear,Linear,Gradient Boosting Classifier,0,0,0.001234397371813961
02_linear,Linear,Gradient Boosting Classifier,0,0,0.01408164778755408
02_linear,Linear,Gradient Boosting Classifier,1,1,0.991167303343305
02_linear,Linear,Gradient Boosting Classifier,1,1,0.995596912891767
02_linear,Linear,Gradient Boosting Classifier,1,1,0.8382294983576155
02_linear,Linear,Gradient Boosting Classifier,0,0,0.09742127852621132
02_linear,Linear,Gradient Boosting Classifier,1,1,0.9610137979258045
02_linear,Linear,Gradient Boosting Classifier,0,0,0.009632770135406324
02_linear,Linear,Gradient Boosting Classifier,1,1,0.9863141187475486
02_linear,Linear,Gradient Boosting Classifier,0,0,0.03210409561643683
02_linear,Linear,Gradient Boosting Classifier,1,1,0.9408028631643716
02_linear,Linear,Gradient Boosting Classifier,0,0,0.003984236306664951
02_linear,Linear,Gradient Boosting Classifier,1,0,0.041751179245074065
02_linear,Linear,Gradient Boosting Classifier,0,0,0.01660737290309642
02_linear,Linear,Gradient Boosting Classifier,0,0,0.09406132267782062
02_linear,Linear,Gradient Boosting Classifier,1,0,0.48955514935030703
02_linear,Linear,Gradient Boosting Classifier,0,0,0.0038890298782628023
02_linear,Linear,Gradient Boosting Classifier,1,1,0.9851792708606449
02_linear,Linear,Gradient Boosting Classifier,1,1,0.9965531411812639
02_linear,Linear,Gradient Boosting Classifier,0,0,0.06779742260866246
02_linear,Linear,Gradient Boosting Classifier,0,0,0.009238632734809587
02_linear,Linear,Gradient Boosting Classifier,0,0,0.013846643843212544
02_linear,Linear,Gradient Boosting Classifier,0,0,0.005560700843181372
02_linear,Linear,Gradient Boosting Classifier,0,0,0.01672058475546005
02_linear,Linear,Gradient Boosting Classifier,1,1,0.957548177599819
02_linear,Linear,Gradient Boosting Classifier,1,1,0.8104273672893022
02_linear,Linear,Gradient Boosting Classifier,0,0,0.004478583334913828
02_linear,Linear,Gradient Boosting Classifier,0,0,0.06387471493983579
02_linear,Linear,Gradient Boosting Classifier,0,1,0.7489214735111408
02_linear,Linear,Gradient Boosting Classifier,0,0,0.11643146217661879
02_linear,Linear,Gradient Boosting Classifier,0,0,0.004025884361149328
02_linear,Linear,Gradient Boosting Classifier,1,1,0.9791302489774572
02_linear,Linear,Gradient Boosting Classifier,1,1,0.9954486136558515
02_linear,Linear,Gradient Boosting Classifier,1,1,0.9962066798209934
02_linear,Linear,Gradient Boosting Classifier,0,0,0.010550606738890996
02_linear,Linear,Gradient Boosting Classifier,0,0,0.00431323053285422
02_linear,Linear,Gradient Boosting Classifier,0,0,0.004198122875179885
02_linear,Linear,Gradient Boosting Classifier,1,1,0.9956598460164579
02_linear,Linear,Gradient Boosting Classifier,0,0,0.004318900288365543
02_linear,Linear,Gradient Boosting Classifier,1,1,0.9759726326222676
02_linear,Linear,Gradient Boosting Classifier,0,0,0.03828799751470207
02_linear,Linear,Gradient Boosting Classifier,0,0,0.02422938046732093
02_linear,Linear,Gradient Boosting Classifier,1,1,0.5743559806871256
02_linear,Linear,Gradient Boosting Classifier,1,1,0.9958913035969179
02_linear,Linear,Gradient Boosting Classifier,1,1,0.9742197657812045
02_linear,Linear,Gradient Boosting Classifier,0,0,0.0054375182449241805
02_linear,Linear,Gradient Boosting Classifier,1,1,0.998434468746849
02_linear,Linear,Gradient Boosting Classifier,0,0,0.004047640453213859
02_linear,Linear,Gradient Boosting Classifier,0,0,0.014251373113843457
02_linear,Linear,Gradient Boosting Classifier,1,1,0.9975183714961317
02_linear,Linear,Gradient Boosting Classifier,0,0,0.006425032713928892
02_linear,Linear,Gradient Boosting Classifier,0,0,0.0063487574578530975
02_linear,Linear,Gradient Boosting Classifier,0,0,0.06421137981373279
02_linear,Linear,Gradient Boosting Classifier,0,0,0.003619009294830235
02_linear,Linear,Gradient Boosting Classifier,0,0,0.005002663640448298
02_linear,Linear,Gradient Boosting Classifier,0,0,0.06990326296399126
02_linear,Linear,Gradient Boosting Classifier,0,0,0.008170245071981419
02_linear,Linear,Gradient Boosting Classifier,0,0,0.012816389654339778
02_linear,Linear,Gradient Boosting Classifier,1,1,0.9759530711175906
02_linear,Linear,Gradient Boosting Classifier,0,0,0.003904888275141659
02_linear,Linear,Gradient Boosting Classifier,0,0,0.017599248184886524
02_linear,Linear,Gradient Boosting Classifier,0,0,0.10542793765774777
02_linear,Linear,Gradient Boosting Classifier,0,0,0.047029457404630055
02_linear,Linear,Gradient Boosting Classifier,1,1,0.9943299497119266
02_linear,Linear,Gradient Boosting Classifier,0,0,0.004454803130202423
02_linear,Linear,Gradient Boosting Classifier,0,0,0.006786101057202478
02_linear,Linear,Gradient Boosting Classifier,1,1,0.985249113550928
02_linear,Linear,Gradient Boosting Classifier,0,0,0.004232916365430577
02_linear,Linear,Gradient Boosting Classifier,0,0,0.016895225650378494
02_linear,Linear,Gradient Boosting Classifier,0,0,0.005827852101629334
02_linear,Linear,Gradient Boosting Classifier,1,1,0.9722488940997652
02_linear,Linear,Gradient Boosting Classifier,1,1,0.9939766226423564
02_linear,Linear,Gradient Boosting Classifier,1,1,0.9935069651420368
02_linear,Linear,Gradient Boosting Classifier,0,0,0.0027602704100397188
02_linear,Linear,Gradient Boosting Classifier,0,0,0.0038499154055601204
02_linear,Linear,Gradient Boosting Classifier,0,0,0.044235767482043775
02_linear,Linear,Gradient Boosting Classifier,0,0,0.08300139337659343
02_linear,Linear,Gradient Boosting Classifier,1,0,0.04912841408640123
02_linear,Linear,Gradient Boosting Classifier,1,1,0.9977017216826
02_linear,Linear,Gradient Boosting Classifier,0,0,0.03164453590086052
02_linear,Linear,Gradient Boosting Classifier,0,0,0.037596703588435004
02_linear,Linear,Gradient Boosting Classifier,0,0,0.003592248015032397
02_linear,Linear,Gradient Boosting Classifier,1,1,0.9971312987496241
02_linear,Linear,Gradient Boosting Classifier,0,0,0.003725589573229381
02_linear,Linear,Gradient Boosting Classifier,0,0,0.03857296370141945
02_linear,Linear,Gradient Boosting Classifier,1,1,0.9873406408795846
02_linear,Linear,Gradient Boosting Classifier,0,0,0.006239371676598417
02_linear,Linear,Gradient Boosting Classifier,0,0,0.012806121419911276
02_linear,Linear,Gradient Boosting Classifier,0,0,0.03218114409012403
02_linear,Linear,Gradient Boosting Classifier,0,0,0.005453446650252291
02_linear,Linear,Gradient Boosting Classifier,0,0,0.015724005122067987
02_linear,Linear,Gradient Boosting Classifier,0,0,0.006187397443881727
02_linear,Linear,Gradient Boosting Classifier,1,1,0.9966497456534371
02_linear,Linear,Gradient Boosting Classifier,0,0,0.035940911455702426
02_linear,Linear,Gradient Boosting Classifier,0,1,0.6998756293172201
02_linear,Linear,Gradient Boosting Classifier,0,0,0.013555754851827626
02_linear,Linear,Gradient Boosting Classifier,0,0,0.012349907950605386
02_linear,Linear,Gradient Boosting Classifier,0,0,0.0032474179026961026
02_linear,Linear,Gradient Boosting Classifier,0,0,0.014940705926310605
02_linear,Linear,Gradient Boosting Classifier,1,1,0.9471918954560753
02_linear,Linear,Gradient Boosting Classifier,0,0,0.007093246582224912
02_linear,Linear,Gradient Boosting Classifier,0,0,0.003703886646917763
02_linear,Linear,Gradient Boosting Classifier,0,0,0.00412009897824006
02_linear,Linear,Gradient Boosting Classifier,0,0,0.0032609724968045753
02_linear,Linear,Gradient Boosting Classifier,0,0,0.04459951529602231
02_linear,Linear,Gradient Boosting Classifier,1,1,0.9943828523469673
02_linear,Linear,Gradient Boosting Classifier,0,0,0.0038962698299380726
02_linear,Linear,Gradient Boosting Classifier,0,0,0.006744840128479382
02_linear,Linear,Gradient Boosting Classifier,0,0,0.08081228737792003
02_linear,Linear,Gradient Boosting Classifier,0,0,0.022078495292592686
02_linear,Linear,Gradient Boosting Classifier,0,0,0.04527642435468
02_linear,Linear,Gradient Boosting Classifier,0,0,0.005770526571009391
02_linear,Linear,Gradient Boosting Classifier,0,0,0.01455366355518248
02_linear,Linear,Gradient Boosting Classifier,0,0,0.016429170068257563
02_linear,Linear,Gradient Boosting Classifier,0,0,0.004773598755091698
02_linear,Linear,Gradient Boosting Classifier,0,0,0.006025237748524318
02_linear,Linear,Gradient Boosting Classifier,0,0,0.010584895001619226
02_linear,Linear,Gradient Boosting Classifier,0,0,0.0034770452370407896
02_linear,Linear,Gradient Boosting Classifier,0,0,0.006565837844158091
02_linear,Linear,Gradient Boosting Classifier,0,0,0.01754207174375265
02_linear,Linear,Gradient Boosting Classifier,0,0,0.010911230486125356
02_linear,Linear,Gradient Boosting Classifier,0,0,0.0353405042006889
02_linear,Linear,Gradient Boosting Classifier,1,1,0.9972865952235764
02_linear,Linear,Gradient Boosting Classifier,0,0,0.004626382232096628
02_linear,Linear,Gradient Boosting Classifier,0,0,0.004351753960764021
02_linear,Linear,Gradient Boosting Classifier,1,1,0.9952413076747009
02_linear,Linear,Gradient Boosting Classifier,0,0,0.0031986440897105333
02_linear,Linear,Gradient Boosting Classifier,0,0,0.00566103122089011
02_linear,Linear,Gradient Boosting Classifier,0,0,0.013469260986816946
02_linear,Linear,Gradient Boosting Classifier,0,0,0.024709037145943986
02_linear,Linear,Gradient Boosting Classifier,0,1,0.5119467249448094
02_linear,Linear,Gradient Boosting Classifier,0,0,0.00707317542749676
02_linear,Linear,Gradient Boosting Classifier,0,0,0.010727373335214088
02_linear,Linear,Gradient Boosting Classifier,0,0,0.021194857200349953
02_linear,Linear,Gradient Boosting Classifier,0,0,0.04117838496794033
02_linear,Linear,Gradient Boosting Classifier,1,1,0.9919714021343216
02_linear,Linear,Gradient Boosting Classifier,0,0,0.035628107549575135
02_linear,Linear,Gradient Boosting Classifier,1,1,0.9930669083411793
02_linear,Linear,Gradient Boosting Classifier,1,1,0.993773538192164
02_linear,Linear,Gradient Boosting Classifier,0,0,0.020847137015873526
02_linear,Linear,Gradient Boosting Classifier,1,1,0.9820753851698948
02_linear,Linear,Gradient Boosting Classifier,0,0,0.013351832020416924
02_linear,Linear,Gradient Boosting Classifier,1,1,0.9736388115440038
02_linear,Linear,Gradient Boosting Classifier,1,1,0.9946775785826969
02_linear,Linear,Gradient Boosting Classifier,1,1,0.9949779385568776
02_linear,Linear,Gradient Boosting Classifier,0,0,0.007251335976214257
02_linear,Linear,Gradient Boosting Classifier,1,1,0.5330464262612942
02_linear,Linear,Gradient Boosting Classifier,0,0,0.1497636573238465
02_linear,Linear,Gradient Boosting Classifier,0,0,0.008143452875743645
02_linear,Linear,Gradient Boosting Classifier,0,0,0.0035120841100642133
02_linear,Linear,Gradient Boosting Classifier,0,0,0.005228965914287321
02_linear,Linear,Gradient Boosting Classifier,0,0,0.004332605511693325
02_linear,Linear,Gradient Boosting Classifier,0,0,0.00406455090192135
02_linear,Linear,Gradient Boosting Classifier,0,0,0.02227347703541931
02_linear,Linear,Gradient Boosting Classifier,0,0,0.004966111655819018
02_linear,Linear,Gradient Boosting Classifier,1,1,0.9856997152913077
02_linear,Linear,Gradient Boosting Classifier,0,0,0.021768106149868807
02_linear,Linear,Gradient Boosting Classifier,0,0,0.00354289253325921
02_linear,Linear,Gradient Boosting Classifier,0,0,0.061744169460722094
02_linear,Linear,Gradient Boosting Classifier,1,1,0.9823616721872734
02_linear,Linear,Gradient Boosting Classifier,0,0,0.05646306345102259
02_linear,Linear,Gradient Boosting Classifier,1,1,0.5240295177507941
02_linear,Linear,Gradient Boosting Classifier,0,0,0.00375067788893243
02_linear,Linear,Gradient Boosting Classifier,1,1,0.9862650982669543
02_linear,Linear,Gradient Boosting Classifier,0,0,0.049274516493413356
02_linear,Linear,Gradient Boosting Classifier,0,0,0.004750383535638275
02_linear,Linear,Gradient Boosting Classifier,1,1,0.9931215991776238
02_linear,Linear,Gradient Boosting Classifier,0,0,0.0275193278749234
02_linear,Linear,Gradient Boosting Classifier,0,0,0.0027031577122298826
02_linear,Linear,Gradient Boosting Classifier,1,1,0.9954505937958957
02_linear,Linear,Gradient Boosting Classifier,0,0,0.004667590056762021
02_linear,Linear,Gradient Boosting Classifier,0,0,0.004596955968532789
02_linear,Linear,Gradient Boosting Classifier,0,0,0.04093944229664691
02_linear,Linear,Gradient Boosting Classifier,0,0,0.007231327993374598
02_linear,Linear,Gradient Boosting Classifier,1,1,0.9874191974450545
02_linear,Linear,Gradient Boosting Classifier,0,0,0.01593229829708838
02_linear,Linear,Gradient Boosting Classifier,0,0,0.0681023422217223
02_linear,Linear,Gradient Boosting Classifier,0,0,0.1260830497710941
02_linear,Linear,Gradient Boosting Classifier,0,0,0.0026874371409456354
02_linear,Linear,Gradient Boosting Classifier,1,1,0.9793527924828046
02_linear,Linear,Gradient Boosting Classifier,0,0,0.02645520968756622
02_linear,Linear,Gradient Boosting Classifier,0,0,0.004259710293807847
02_linear,Linear,Gradient Boosting Classifier,0,0,0.008101255373486247
02_linear,Linear,Gradient Boosting Classifier,1,1,0.9970498291413298
02_linear,Linear,Gradient Boosting Classifier,0,0,0.002366401073236395
02_linear,Linear,Gradient Boosting Classifier,1,1,0.9965536533801506
02_linear,Linear,Gradient Boosting Classifier,0,0,0.012291559212332574
02_linear,Linear,Gradient Boosting Classifier,0,0,0.0017543427263666278
02_linear,Linear,Gradient Boosting Classifier,0,0,0.002884430912862045
02_linear,Linear,Gradient Boosting Classifier,0,0,0.011524368363817136
02_linear,Linear,Gradient Boosting Classifier,0,0,0.0071138452874143785
02_linear,Linear,Gradient Boosting Classifier,1,1,0.9894280811776682
02_linear,Linear,Gradient Boosting Classifier,0,0,0.007635604941396372
02_linear,Linear,Gradient Boosting Classifier,1,1,0.99734185927756
02_linear,Linear,Gradient Boosting Classifier,0,0,0.025266366748758075
02_linear,Linear,Gradient Boosting Classifier,1,1,0.9201978541045646
02_linear,Linear,Gradient Boosting Classifier,0,0,0.05442155324069771
02_linear,Linear,Gradient Boosting Classifier,1,1,0.9968960783525247
02_linear,Linear,Gradient Boosting Classifier,1,1,0.9964732687564837
02_linear,Linear,Gradient Boosting Classifier,0,0,0.14035714739321942
02_linear,Linear,Gradient Boosting Classifier,0,0,0.003436420065076533
02_linear,Linear,Gradient Boosting Classifier,1,1,0.9983513078420055
02_linear,Linear,Gradient Boosting Classifier,0,0,0.004652249877373517
02_linear,Linear,Gradient Boosting Classifier,0,0,0.0027542401973182137
02_linear,Linear,Gradient Boosting Classifier,0,0,0.004832634876189447
02_linear,Linear,Gradient Boosting Classifier,0,0,0.014786751484747073
02_linear,Linear,Gradient Boosting Classifier,1,1,0.9946818099773158
02_linear,Linear,Gradient Boosting Classifier,1,1,0.995571704609372
02_linear,Linear,Gradient Boosting Classifier,0,0,0.0034283175005327487
02_linear,Linear,Gradient Boosting Classifier,0,0,0.006130517189148459
02_linear,Linear,Gradient Boosting Classifier,1,1,0.983144964969049
02_linear,Linear,Gradient Boosting Classifier,0,0,0.004615047545655462
02_linear,Linear,Gradient Boosting Classifier,0,0,0.005167054811805959
02_linear,Linear,Gradient Boosting Classifier,1,1,0.9863441572368696
02_linear,Linear,Gradient Boosting Classifier,1,1,0.9949324543616007
02_linear,Linear,Gradient Boosting Classifier,0,0,0.004629676541879081
02_linear,Linear,Gradient Boosting Classifier,1,1,0.9959444264418088
02_linear,Linear,Gradient Boosting Classifier,0,0,0.011126919608190199
02_linear,Linear,Gradient Boosting Classifier,1,1,0.9973735768850442
02_linear,Linear,Gradient Boosting Classifier,0,0,0.018115863592451025
02_linear,Linear,Gradient Boosting Classifier,0,0,0.015102306673379268
02_linear,Linear,Gradient Boosting Classifier,0,0,0.0037020543064717544
02_linear,Linear,Gradient Boosting Classifier,0,0,0.03475012175748951
02_linear,Linear,Gradient Boosting Classifier,0,0,0.01233737080313792
02_linear,Linear,Gradient Boosting Classifier,0,0,0.0038003241804410977
02_linear,Linear,Gradient Boosting Classifier,1,1,0.983144964969049
02_linear,Linear,Gradient Boosting Classifier,0,0,0.038121387370415025
02_linear,Linear,Gradient Boosting Classifier,0,0,0.00882050980743384
02_linear,Linear,Gradient Boosting Classifier,0,0,0.004561901494826874
02_linear,Linear,Gradient Boosting Classifier,1,1,0.9959168653685335
02_linear,Linear,Gradient Boosting Classifier,1,1,0.9962895651622564
02_linear,Linear,Gradient Boosting Classifier,0,0,0.0035756198351197003
02_linear,Linear,Gradient Boosting Classifier,0,0,0.005170910510510731
02_linear,Linear,Gradient Boosting Classifier,0,0,0.005651694041054635
02_linear,Linear,Gradient Boosting Classifier,0,0,0.005807217708821445
02_linear,Linear,Gradient Boosting Classifier,1,1,0.9973735768850442
02_linear,Linear,Gradient Boosting Classifier,0,0,0.02815565653969649
02_linear,Linear,Gradient Boosting Classifier,0,0,0.00493478664906478
02_linear,Linear,Gradient Boosting Classifier,0,0,0.01860970990076563
02_linear,Linear,Gradient Boosting Classifier,0,0,0.0051624503590259226
02_linear,Linear,Gradient Boosting Classifier,0,0,0.005807217708821445
02_linear,Linear,Gradient Boosting Classifier,0,0,0.020454487575356544
02_linear,Linear,Gradient Boosting Classifier,0,0,0.017118208275852462
02_linear,Linear,Gradient Boosting Classifier,0,0,0.08386937592508553
02_linear,Linear,Gradient Boosting Classifier,0,0,0.015692901059199644
02_linear,Linear,Gradient Boosting Classifier,0,0,0.0038000582280335593
02_linear,Linear,Gradient Boosting Classifier,0,0,0.3562050825670871
02_linear,Linear,Gradient Boosting Classifier,0,0,0.015745387653431732
02_linear,Linear,Gradient Boosting Classifier,0,0,0.1814674360326305
02_linear,Linear,Gradient Boosting Classifier,0,0,0.05668934453603236
02_linear,Linear,Gradient Boosting Classifier,0,0,0.014086627040714334
02_linear,Linear,Gradient Boosting Classifier,0,0,0.02172554217503311
02_linear,Linear,Gradient Boosting Classifier,0,0,0.0027730482767058147
02_linear,Linear,Gradient Boosting Classifier,0,0,0.0022006940119764533
02_linear,Linear,Gradient Boosting Classifier,0,0,0.0068571770138169
02_linear,Linear,Gradient Boosting Classifier,0,0,0.14128353633608973
02_linear,Linear,Gradient Boosting Classifier,0,0,0.012349907950605386
02_linear,Linear,Gradient Boosting Classifier,0,0,0.004268418801587636
02_linear,Linear,Gradient Boosting Classifier,0,0,0.002742335304217319
02_linear,Linear,Gradient Boosting Classifier,0,0,0.006688266541475409
02_linear,Linear,Gradient Boosting Classifier,0,0,0.02655571975192728
02_linear,Linear,Gradient Boosting Classifier,0,0,0.014959361345868458
02_linear,Linear,Gradient Boosting Classifier,0,0,0.04559962568115202
02_linear,Linear,Gradient Boosting Classifier,0,0,0.008032993589984131
02_linear,Linear,Gradient Boosting Classifier,1,1,0.995571704609372
02_linear,Linear,Gradient Boosting Classifier,0,0,0.007006587501640913
02_linear,Linear,Gradient Boosting Classifier,0,0,0.012931853381540447
02_linear,Linear,Gradient Boosting Classifier,0,0,0.027672145252932316
02_linear,Linear,Gradient Boosting Classifier,0,0,0.006331204554948081
02_linear,Linear,Gradient Boosting Classifier,0,0,0.004579863005456864
02_linear,Linear,Gradient Boosting Classifier,1,0,0.1291404171172611
02_linear,Linear,Gradient Boosting Classifier,0,0,0.010952690274663689
02_linear,Linear,Gradient Boosting Classifier,0,0,0.00181508619630829
02_linear,Linear,Gradient Boosting Classifier,1,1,0.9971065705560684
02_linear,Linear,Gradient Boosting Classifier,1,1,0.9972288590316276
02_linear,Linear,Gradient Boosting Classifier,0,0,0.006251421341363947
02_linear,Linear,Gradient Boosting Classifier,0,0,0.012030058343611132
02_linear,Linear,Gradient Boosting Classifier,0,0,0.004178187649449547
02_linear,Linear,Gradient Boosting Classifier,1,1,0.995571704609372
02_linear,Linear,Gradient Boosting Classifier,0,0,0.015327508824678813
02_linear,Linear,Gradient Boosting Classifier,0,1,0.5955131188003959
02_linear,Linear,Gradient Boosting Classifier,0,0,0.02404820523803357
02_linear,Linear,Gradient Boosting Classifier,0,0,0.005941609556192519
02_linear,Linear,Gradient Boosting Classifier,0,0,0.010357807608085898
02_linear,Linear,Gradient Boosting Classifier,0,0,0.0034758041983983697
02_linear,Linear,Gradient Boosting Classifier,0,0,0.01981596620459537
02_linear,Linear,Gradient Boosting Classifier,0,0,0.007567140427023341
02_linear,Linear,Gradient Boosting Classifier,0,0,0.15692946381662873
02_linear,Linear,Gradient Boosting Classifier,0,0,0.009780740746942079
02_linear,Linear,Gradient Boosting Classifier,0,0,0.0097809537260491
02_linear,Linear,Gradient Boosting Classifier,0,0,0.04845366916390211
02_linear,Linear,Gradient Boosting Classifier,0,0,0.007580030535367921
02_linear,Linear,Gradient Boosting Classifier,1,1,0.9939306267491775
02_linear,Linear,Gradient Boosting Classifier,1,1,0.9973219033869388
02_linear,Linear,Gradient Boosting Classifier,0,0,0.04799271577664983
02_linear,Linear,Gradient Boosting Classifier,1,1,0.9819977356315363
02_linear,Linear,Gradient Boosting Classifier,0,0,0.02903089245172443
02_linear,Linear,Gradient Boosting Classifier,0,0,0.005827852101629334
02_linear,Linear,Gradient Boosting Classifier,1,1,0.992903854761918
02_linear,Linear,Gradient Boosting Classifier,0,0,0.040250515050951376
02_linear,Linear,Gradient Boosting Classifier,0,0,0.0317196133531862
02_linear,Linear,Gradient Boosting Classifier,0,0,0.007261748417852379
02_linear,Linear,Gradient Boosting Classifier,0,0,0.021646893958404387
02_linear,Linear,Gradient Boosting Classifier,0,0,0.0035654381592845896
02_linear,Linear,Gradient Boosting Classifier,0,0,0.024282911824322226
02_linear,Linear,Gradient Boosting Classifier,0,0,0.213168867536391
02_linear,Linear,Gradient Boosting Classifier,0,0,0.004732647570034047
02_linear,Linear,Gradient Boosting Classifier,0,0,0.005677550490986468
02_linear,Linear,Gradient Boosting Classifier,0,0,0.006366142317486795
02_linear,Linear,Gradient Boosting Classifier,0,0,0.0262008150581634
02_linear,Linear,Gradient Boosting Classifier,0,0,0.0027031577122298826
02_linear,Linear,Gradient Boosting Classifier,0,0,0.05717065614286524
02_linear,Linear,Gradient Boosting Classifier,0,0,0.0036381035154941952
02_linear,Linear,Gradient Boosting Classifier,0,0,0.01911143608684178
02_linear,Linear,Gradient Boosting Classifier,0,0,0.004344964306973355
02_linear,Linear,Gradient Boosting Classifier,0,0,0.005827852101629334
02_linear,Linear,Gradient Boosting Classifier,0,0,0.0221730794981854
02_linear,Linear,Gradient Boosting Classifier,0,0,0.002264734404052412
02_linear,Linear,Gradient Boosting Classifier,1,1,0.9959704654390634
02_linear,Linear,Gradient Boosting Classifier,0,0,0.05781608607898728
02_linear,Linear,Gradient Boosting Classifier,1,1,0.9898838101575765
02_linear,Linear,Gradient Boosting Classifier,0,0,0.004354627043536861
02_linear,Linear,Gradient Boosting Classifier,0,0,0.08007551703682485
02_linear,Linear,Gradient Boosting Classifier,0,0,0.028969606525271797
02_linear,Linear,Gradient Boosting Classifier,0,0,0.010942207351427664
02_linear,Linear,Gradient Boosting Classifier,0,0,0.06427655009816192
02_linear,Linear,Gradient Boosting Classifier,0,0,0.015356949711693072
02_linear,Linear,Gradient Boosting Classifier,0,0,0.021767263563072202
02_linear,Linear,Gradient Boosting Classifier,1,1,0.9984801081357673
02_linear,Linear,Gradient Boosting Classifier,0,0,0.005834920836723726
02_linear,Linear,Gradient Boosting Classifier,0,0,0.07835044641469598
02_linear,Linear,Gradient Boosting Classifier,0,0,0.0054738790378720285
02_linear,Linear,Gradient Boosting Classifier,1,1,0.9961258465766564
02_linear,Linear,Gradient Boosting Classifier,0,0,0.007230417638657456
02_linear,Linear,Gradient Boosting Classifier,1,1,0.9872644201303441
02_linear,Linear,Gradient Boosting Classifier,0,0,0.0026468879139922175
02_linear,Linear,Gradient Boosting Classifier,0,0,0.059572597785247795
02_linear,Linear,Gradient Boosting Classifier,0,0,0.005905099022839508
02_linear,Linear,Gradient Boosting Classifier,1,1,0.9954991350744482
02_linear,Linear,Gradient Boosting Classifier,0,0,0.006890626214753772
02_linear,Linear,Gradient Boosting Classifier,0,0,0.0038003241804410977
02_linear,Linear,Gradient Boosting Classifier,0,0,0.010159068741130938
02_linear,Linear,Gradient Boosting Classifier,0,0,0.004823998350387836
02_linear,Linear,Gradient Boosting Classifier,1,1,0.8388325317877268
02_linear,Linear,Gradient Boosting Classifier,0,0,0.0038777005679819544
02_linear,Linear,Gradient Boosting Classifier,0,0,0.016301660504959244
02_linear,Linear,Gradient Boosting Classifier,0,0,0.005807217708821445
02_linear,Linear,Gradient Boosting Classifier,1,1,0.9955490432304519
02_linear,Linear,Gradient Boosting Classifier,0,0,0.03498240971566108
02_linear,Linear,Gradient Boosting Classifier,0,0,0.005132165161513056
02_linear,Linear,Gradient Boosting Classifier,1,1,0.9938960920491344
02_linear,Linear,Gradient Boosting Classifier,0,0,0.0026341661239156766
02_linear,Linear,Gradient Boosting Classifier,0,0,0.032878660825036814
02_linear,Linear,Gradient Boosting Classifier,1,1,0.9949324543616007
02_linear,Linear,Gradient Boosting Classifier,1,1,0.9948705795266966
02_linear,Linear,Gradient Boosting Classifier,0,0,0.05006634576997241
02_linear,Linear,Gradient Boosting Classifier,0,0,0.048687707176335
02_linear,Linear,Gradient Boosting Classifier,0,0,0.004363430857283867
02_linear,Linear,Gradient Boosting Classifier,0,0,0.005807217708821445
02_linear,Linear,Gradient Boosting Classifier,0,0,0.013137517166032588
02_linear,Linear,Gradient Boosting Classifier,0,0,0.0045300323982930815
02_linear,Linear,Gradient Boosting Classifier,0,0,0.008996107720908877
02_linear,Linear,Gradient Boosting Classifier,0,0,0.004423406700873942
02_linear,Linear,Gradient Boosting Classifier,1,1,0.992093604112823
02_linear,Linear,Gradient Boosting Classifier,0,0,0.022999740782404268
02_linear,Linear,Gradient Boosting Classifier,0,0,0.014446098150749757
02_linear,Linear,Gradient Boosting Classifier,0,0,0.004248654602209548
02_linear,Linear,Gradient Boosting Classifier,1,1,0.9949324543616007
02_linear,Linear,Gradient Boosting Classifier,0,0,0.004781489430055907
02_linear,Linear,Gradient Boosting Classifier,1,1,0.9955663020487927
02_linear,Linear,Gradient Boosting Classifier,0,0,0.012344441054918455
02_linear,Linear,Gradient Boosting Classifier,1,1,0.9964908326513094
02_linear,Linear,Gradient Boosting Classifier,0,0,0.008357388542272068
02_linear,Linear,Gradient Boosting Classifier,0,0,0.012821555603251366
02_linear,Linear,Gradient Boosting Classifier,0,0,0.32148243074358746
02_linear,Linear,Gradient Boosting Classifier,0,0,0.0045300323982930815
02_linear,Linear,Gradient Boosting Classifier,0,0,0.017257716461180184
02_linear,Linear,Gradient Boosting Classifier,0,0,0.0041892135208076615
02_linear,Linear,Gradient Boosting Classifier,0,0,0.017564183247845373
02_linear,Linear,Gradient Boosting Classifier,1,1,0.9969573602220726
02_linear,Linear,Gradient Boosting Classifier,1,1,0.9917787961345668
02_linear,Linear,Gradient Boosting Classifier,0,0,0.019713369018976752
02_linear,Linear,Gradient Boosting Classifier,0,0,0.011981651849907205
02_linear,Linear,Gradient Boosting Classifier,1,1,0.99734185927756
02_linear,Linear,Gradient Boosting Classifier,0,0,0.003646132909220721
02_linear,Linear,Gradient Boosting Classifier,0,0,0.008659144402060113
02_linear,Linear,Gradient Boosting Classifier,0,0,0.004765725031851058
02_linear,Linear,Gradient Boosting Classifier,1,1,0.9955663020487927
02_linear,Linear,Gradient Boosting Classifier,0,0,0.00564821788075806
02_linear,Linear,Gradient Boosting Classifier,0,0,0.05749445032349015
02_linear,Linear,Gradient Boosting Classifier,1,1,0.994152609215612
02_linear,Linear,Gradient Boosting Classifier,0,0,0.00270750393261041
02_linear,Linear,Gradient Boosting Classifier,0,0,0.0035996233910387506
02_linear,Linear,Gradient Boosting Classifier,0,0,0.038677917021037775
02_linear,Linear,Gradient Boosting Classifier,0,0,0.00463098796091909
02_linear,Linear,Gradient Boosting Classifier,0,0,0.02122217083924827
02_linear,Linear,Gradient Boosting Classifier,0,0,0.003279652265459375
02_linear,Linear,Gradient Boosting Classifier,0,0,0.006108817749546319
02_linear,Linear,Gradient Boosting Classifier,0,0,0.05224592811400272
02_linear,Linear,Gradient Boosting Classifier,0,0,0.034699785977068125
02_linear,Linear,Gradient Boosting Classifier,1,1,0.9978447970125945
02_linear,Linear,Gradient Boosting Classifier,0,0,0.005126119709245381
02_linear,Linear,Gradient Boosting Classifier,1,1,0.9978981130108331
02_linear,Linear,Gradient Boosting Classifier,0,0,0.002744270036175082
02_linear,Linear,Gradient Boosting Classifier,0,0,0.02508688864854212
02_linear,Linear,Gradient Boosting Classifier,0,0,0.005173162613316683
02_linear,Linear,Gradient Boosting Classifier,0,0,0.011698636324453785
02_linear,Linear,Gradient Boosting Classifier,1,1,0.9062167248859241
02_linear,Linear,Gradient Boosting Classifier,0,0,0.0075608318115213706
02_linear,Linear,Gradient Boosting Classifier,1,1,0.9863441572368696
02_linear,Linear,Gradient Boosting Classifier,0,0,0.014384714173690558
02_linear,Linear,Gradient Boosting Classifier,0,0,0.01927611801176468
02_linear,Linear,Gradient Boosting Classifier,1,1,0.9933076610569846
02_linear,Linear,Gradient Boosting Classifier,0,0,0.0045300323982930815
02_linear,Linear,Gradient Boosting Classifier,0,0,0.006369137979108588
02_linear,Linear,Gradient Boosting Classifier,0,0,0.006193298529108541
02_linear,Linear,Gradient Boosting Classifier,0,0,0.03693166159008837
02_linear,Linear,Gradient Boosting Classifier,0,0,0.004026279026308522
02_linear,Linear,Gradient Boosting Classifier,0,0,0.01793519901680824
02_linear,Linear,Gradient Boosting Classifier,0,0,0.003871370658393043
02_linear,Linear,Gradient Boosting Classifier,0,0,0.0049338575934365836
02_linear,Linear,Gradient Boosting Classifier,1,1,0.9889889740916631
02_linear,Linear,Gradient Boosting Classifier,0,0,0.005436187939041181
02_linear,Linear,Gradient Boosting Classifier,0,0,0.11440712133406487
02_linear,Linear,Gradient Boosting Classifier,0,0,0.006614823794111894
02_linear,Linear,Gradient Boosting Classifier,0,0,0.005029465904917048
02_linear,Linear,Gradient Boosting Classifier,0,0,0.007439087515203165
02_linear,Linear,Gradient Boosting Classifier,0,0,0.002528875403879453
02_linear,Linear,Gradient Boosting Classifier,0,0,0.02744236889139685
02_linear,Linear,Gradient Boosting Classifier,1,1,0.9966538324509243
02_linear,Linear,Gradient Boosting Classifier,0,0,0.026395763053026308
02_linear,Linear,Gradient Boosting Classifier,0,0,0.00355291171278781
02_linear,Linear,Gradient Boosting Classifier,0,0,0.015284512223568612
02_linear,Linear,Gradient Boosting Classifier,0,0,0.003467998464711114
02_linear,Linear,Gradient Boosting Classifier,1,1,0.996261626857548
02_linear,Linear,Gradient Boosting Classifier,0,0,0.007326537829105595
02_linear,Linear,Gradient Boosting Classifier,1,1,0.9944280549284533
02_linear,Linear,Gradient Boosting Classifier,0,0,0.007231327993374598
02_linear,Linear,Gradient Boosting Classifier,0,0,0.005807217708821445
02_linear,Linear,Gradient Boosting Classifier,1,1,0.5796580449788722
02_linear,Linear,Gradient Boosting Classifier,0,0,0.004174848826404122
02_linear,Linear,Gradient Boosting Classifier,1,1,0.996215936539252
02_linear,Linear,Gradient Boosting Classifier,0,0,0.26351596258459664
02_linear,Linear,Gradient Boosting Classifier,1,1,0.9902834801755819
02_linear,Linear,Gradient Boosting Classifier,0,0,0.007930835150517897
02_linear,Linear,Gradient Boosting Classifier,0,0,0.06588141372709969
02_linear,Linear,Gradient Boosting Classifier,0,0,0.02888633062409555
02_linear,Linear,Gradient Boosting Classifier,0,0,0.013176154075955866
02_linear,Linear,Gradient Boosting Classifier,0,0,0.013626330274867248
02_linear,Linear,Gradient Boosting Classifier,0,0,0.0056519420464609905
02_linear,Linear,Gradient Boosting Classifier,1,1,0.9945537670967961
02_linear,Linear,Gradient Boosting Classifier,0,0,0.0027906134038530634
02_linear,Linear,Gradient Boosting Classifier,0,0,0.018561296112904958
02_linear,Linear,Gradient Boosting Classifier,0,0,0.013751761516303026
02_linear,Linear,Gradient Boosting Classifier,1,0,0.4165716662022161
02_linear,Linear,Gradient Boosting Classifier,1,1,0.9835118493114646
02_linear,Linear,Gradient Boosting Classifier,0,0,0.004986460617034098
02_linear,Linear,Gradient Boosting Classifier,0,0,0.004918869782073558
02_linear,Linear,Gradient Boosting Classifier,0,0,0.03607575495251851
02_linear,Linear,Gradient Boosting Classifier,0,0,0.005826491070481871
02_linear,Linear,Gradient Boosting Classifier,0,0,0.0040335540319737205
02_linear,Linear,Gradient Boosting Classifier,0,0,0.0076358482418458305
02_linear,Linear,Gradient Boosting Classifier,0,0,0.011916350911163625
02_linear,Linear,Gradient Boosting Classifier,0,0,0.004667590056762021
02_linear,Linear,Gradient Boosting Classifier,0,0,0.013437290841849322
02_linear,Linear,Gradient Boosting Classifier,1,1,0.7926642649494728
02_linear,Linear,Gradient Boosting Classifier,0,0,0.01993804821193273
02_linear,Linear,Gradient Boosting Classifier,0,0,0.004599011893933411
02_linear,Linear,Gradient Boosting Classifier,0,0,0.01987418208692497
02_linear,Linear,Gradient Boosting Classifier,1,1,0.991633718413514
02_linear,Linear,Gradient Boosting Classifier,0,0,0.024451868004468042
02_linear,Linear,Gradient Boosting Classifier,0,0,0.005327273186748661
02_linear,Linear,Gradient Boosting Classifier,1,1,0.9961205512484956
02_linear,Linear,Gradient Boosting Classifier,0,0,0.004357347220755324
02_linear,Linear,Gradient Boosting Classifier,0,0,0.005056264188601677
02_linear,Linear,Gradient Boosting Classifier,1,1,0.9744220971813226
02_linear,Linear,Gradient Boosting Classifier,0,1,0.8687428970321804
02_linear,Linear,Gradient Boosting Classifier,0,0,0.020065066695921528
02_linear,Linear,Gradient Boosting Classifier,1,1,0.9966083937555472
02_linear,Linear,Gradient Boosting Classifier,0,0,0.004490342032511805
02_linear,Linear,Gradient Boosting Classifier,0,0,0.004457527807736659
02_linear,Linear,Gradient Boosting Classifier,0,0,0.005146969877323933
02_linear,Linear,Gradient Boosting Classifier,0,0,0.004354689705531689
02_linear,Linear,Gradient Boosting Classifier,0,0,0.00992868933395859
02_linear,Linear,Gradient Boosting Classifier,0,0,0.0021394289311362394
02_linear,Linear,Gradient Boosting Classifier,0,0,0.006248616082791872
02_linear,Linear,Gradient Boosting Classifier,0,0,0.02484047427747213
02_linear,Linear,Gradient Boosting Classifier,0,0,0.004986460617034098
02_linear,Linear,Gradient Boosting Classifier,0,0,0.009813181057360803
02_linear,Linear,Gradient Boosting Classifier,0,0,0.00654748592092318
02_linear,Linear,Gradient Boosting Classifier,1,1,0.9978447970125945
02_linear,Linear,Gradient Boosting Classifier,0,0,0.005142502199219427
02_linear,Linear,Gradient Boosting Classifier,0,0,0.006744840128479382
02_linear,Linear,Gradient Boosting Classifier,0,0,0.006763915659379052
02_linear,Linear,Gradient Boosting Classifier,0,0,0.007193917576898471
02_linear,Linear,Gradient Boosting Classifier,0,0,0.012739949906282183
02_linear,Linear,Gradient Boosting Classifier,0,0,0.00253441525157363
02_linear,Linear,Gradient Boosting Classifier,0,0,0.0029112786985764152
02_linear,Linear,Gradient Boosting Classifier,0,0,0.01064520975641528
02_linear,Linear,Gradient Boosting Classifier,1,1,0.994620096970813
02_linear,Linear,Gradient Boosting Classifier,1,1,0.9971065705560684
02_linear,Linear,Gradient Boosting Classifier,0,0,0.007174319777551447
02_linear,Linear,Gradient Boosting Classifier,1,1,0.9409271784109966
02_linear,Linear,Gradient Boosting Classifier,1,1,0.9960209806675752
02_linear,Linear,Gradient Boosting Classifier,0,0,0.013537472425788576
02_linear,Linear,Gradient Boosting Classifier,1,1,0.9691072267763653
02_linear,Linear,Gradient Boosting Classifier,1,1,0.9637096751567973
02_linear,Linear,Gradient Boosting Classifier,0,0,0.005766363070171799
02_linear,Linear,Gradient Boosting Classifier,0,0,0.0030563842426382408
02_linear,Linear,Gradient Boosting Classifier,0,0,0.01929928187235394
02_linear,Linear,Gradient Boosting Classifier,0,0,0.05678824289149655
02_linear,Linear,Gradient Boosting Classifier,0,0,0.007032512839334823
02_linear,Linear,Gradient Boosting Classifier,0,0,0.0016874230497088217
02_linear,Linear,Gradient Boosting Classifier,0,0,0.02253980816392819
02_linear,Linear,Gradient Boosting Classifier,0,0,0.0037293720687702485
02_linear,Linear,Gradient Boosting Classifier,0,0,0.005807217708821445
02_linear,Linear,Gradient Boosting Classifier,1,1,0.7448523855647445
02_linear,Linear,Gradient Boosting Classifier,1,1,0.9953351074118231
02_linear,Linear,Gradient Boosting Classifier,0,0,0.04774848800678253
02_linear,Linear,Gradient Boosting Classifier,0,0,0.006015912354307927
02_linear,Linear,Gradient Boosting Classifier,1,1,0.985249113550928
02_linear,Linear,Gradient Boosting Classifier,0,0,0.021887380637707708
02_linear,Linear,Gradient Boosting Classifier,0,0,0.004490342032511805
02_linear,Linear,Gradient Boosting Classifier,0,0,0.004155611481580392
02_linear,Linear,Gradient Boosting Classifier,0,0,0.0034711567247362944
02_linear,Linear,Gradient Boosting Classifier,0,0,0.008709146648553823
02_linear,Linear,Gradient Boosting Classifier,1,1,0.9956298701963368
02_linear,Linear,Gradient Boosting Classifier,0,0,0.01673458627523602
02_linear,Linear,Gradient Boosting Classifier,1,1,0.9171310282093241
02_linear,Linear,Gradient Boosting Classifier,0,0,0.014481227731589058
02_linear,Linear,Gradient Boosting Classifier,1,1,0.9951205385791119
02_linear,Linear,Gradient Boosting Classifier,0,0,0.01798445502931732
02_linear,Linear,Gradient Boosting Classifier,0,0,0.025252594811404596
02_linear,Linear,Gradient Boosting Classifier,0,0,0.013647297856507232
02_linear,Linear,Gradient Boosting Classifier,0,0,0.014105867440085778
02_linear,Linear,Gradient Boosting Classifier,0,0,0.0037536488726103595
02_linear,Linear,Gradient Boosting Classifier,0,0,0.009369410583659294
02_linear,Linear,Gradient Boosting Classifier,0,0,0.011216696758573232
02_linear,Linear,Gradient Boosting Classifier,1,1,0.9954798049658855
02_linear,Linear,Gradient Boosting Classifier,0,0,0.02744236889139685
02_linear,Linear,Gradient Boosting Classifier,1,1,0.818141754949562
02_linear,Linear,Gradient Boosting Classifier,0,0,0.01852762742782627
02_linear,Linear,Gradient Boosting Classifier,0,0,0.03863413619356749
02_linear,Linear,Gradient Boosting Classifier,0,0,0.004400801792988701
02_linear,Linear,Gradient Boosting Classifier,0,0,0.0639193451314806
02_linear,Linear,Gradient Boosting Classifier,1,1,0.9696759301259891
02_linear,Linear,Gradient Boosting Classifier,0,0,0.004602054565581102
02_linear,Linear,Gradient Boosting Classifier,0,0,0.028463212553440975
02_linear,Linear,Gradient Boosting Classifier,0,0,0.011574478023682682
02_linear,Linear,Gradient Boosting Classifier,0,0,0.0032901794404954035
02_linear,Linear,Gradient Boosting Classifier,1,1,0.977616036110767
02_linear,Linear,Gradient Boosting Classifier,0,0,0.010034518558769412
02_linear,Linear,Gradient Boosting Classifier,0,0,0.0035120841100642133
02_linear,Linear,Gradient Boosting Classifier,0,0,0.009684251119610318
02_linear,Linear,Gradient Boosting Classifier,0,0,0.011756728104914111
02_linear,Linear,Gradient Boosting Classifier,1,0,0.08753731098473094
02_linear,Linear,Gradient Boosting Classifier,0,0,0.04917424671513967
02_linear,Linear,Gradient Boosting Classifier,0,0,0.011862794940228048
02_linear,Linear,Gradient Boosting Classifier,0,0,0.01095086084975106
02_linear,Linear,Gradient Boosting Classifier,0,0,0.07770114482239082
02_linear,Linear,Gradient Boosting Classifier,1,1,0.9879480407494723
02_linear,Linear,Gradient Boosting Classifier,0,0,0.06798122467097417
02_linear,Linear,Gradient Boosting Classifier,0,0,0.003725589573229381
02_linear,Linear,Gradient Boosting Classifier,0,0,0.08813170637330593
02_linear,Linear,Gradient Boosting Classifier,0,0,0.0037018704419097483
02_linear,Linear,Gradient Boosting Classifier,1,1,0.9107499399833152
02_linear,Linear,Gradient Boosting Classifier,0,0,0.0065394292413526785
02_linear,Linear,Gradient Boosting Classifier,0,0,0.029216777539727328
02_linear,Linear,Gradient Boosting Classifier,0,0,0.017428351745873604
02_linear,Linear,Gradient Boosting Classifier,0,0,0.00330652179334584
02_linear,Linear,Gradient Boosting Classifier,0,0,0.0045300323982930815
02_linear,Linear,Gradient Boosting Classifier,1,1,0.9760152860832153
02_linear,Linear,Gradient Boosting Classifier,0,0,0.03163221023201443
02_linear,Linear,Gradient Boosting Classifier,1,1,0.9938202167898891
02_linear,Linear,Gradient Boosting Classifier,0,0,0.02565605326542859
02_linear,Linear,Gradient Boosting Classifier,1,1,0.9969240439232836
02_linear,Linear,Gradient Boosting Classifier,0,0,0.014471525366366058
02_linear,Linear,Gradient Boosting Classifier,0,0,0.016265130204211293
02_linear,Linear,Gradient Boosting Classifier,0,0,0.3562050825670871
02_linear,Linear,Gradient Boosting Classifier,0,0,0.006713201105750141
02_linear,Linear,Gradient Boosting Classifier,0,0,0.050063894271129165
02_linear,Linear,Gradient Boosting Classifier,0,0,0.004036638430916731
02_linear,Linear,Gradient Boosting Classifier,0,0,0.01684025434252638
02_linear,Linear,Gradient Boosting Classifier,0,0,0.003548251006045007
02_linear,Linear,Gradient Boosting Classifier,0,0,0.48569142714351093
02_linear,Linear,Gradient Boosting Classifier,0,0,0.015085442970450018
02_linear,Linear,Gradient Boosting Classifier,0,0,0.0022648304829360143
02_linear,Linear,Gradient Boosting Classifier,1,1,0.9968393256328398
02_linear,Linear,Gradient Boosting Classifier,0,0,0.0038988433739216535
02_linear,Linear,Gradient Boosting Classifier,1,1,0.9975044956800126
02_linear,Linear,Gradient Boosting Classifier,0,0,0.06736802366955946
02_linear,Linear,Gradient Boosting Classifier,1,1,0.9977291550977659
02_linear,Linear,Gradient Boosting Classifier,0,0,0.31959605113389167
02_linear,Linear,Gradient Boosting Classifier,0,0,0.05051841945606378
02_linear,Linear,Gradient Boosting Classifier,1,1,0.9956170715379958
02_linear,Linear,Gradient Boosting Classifier,0,0,0.009944467378132517
02_linear,Linear,Gradient Boosting Classifier,0,0,0.0065688384653320485
02_linear,Linear,Gradient Boosting Classifier,0,0,0.02077728193728997
02_linear,Linear,Gradient Boosting Classifier,0,0,0.03464577715305638
02_linear,Linear,Gradient Boosting Classifier,0,0,0.014739418085963074
02_linear,Linear,Gradient Boosting Classifier,0,0,0.004353787150558128
02_linear,Linear,Gradient Boosting Classifier,0,0,0.004351753960764021
02_linear,Linear,Gradient Boosting Classifier,1,1,0.9932162431885205
02_linear,Linear,Gradient Boosting Classifier,0,0,0.004637955520533555
02_linear,Linear,Gradient Boosting Classifier,0,0,0.011001193592066113
02_linear,Linear,Gradient Boosting Classifier,0,0,0.019390496530486523
02_linear,Linear,Gradient Boosting Classifier,0,0,0.005543699017168797
02_linear,Linear,Gradient Boosting Classifier,0,0,0.01052648780075923
02_linear,Linear,Gradient Boosting Classifier,1,1,0.9814891236946558
02_linear,Linear,Gradient Boosting Classifier,0,0,0.003627919941771401
02_linear,Linear,Gradient Boosting Classifier,0,0,0.017054341449521063
02_linear,Linear,Gradient Boosting Classifier,0,0,0.23743077424309497
02_linear,Linear,Gradient Boosting Classifier,0,0,0.02175447765321864
02_linear,Linear,Gradient Boosting Classifier,0,0,0.010723249732558103
02_linear,Linear,Gradient Boosting Classifier,0,0,0.00593179439881874
02_linear,Linear,Gradient Boosting Classifier,0,0,0.011711325248683088
02_linear,Linear,Gradient Boosting Classifier,1,1,0.9923384198484823
02_linear,Linear,Gradient Boosting Classifier,1,1,0.9955543750037783
02_linear,Linear,Gradient Boosting Classifier,1,1,0.9958417601672725
02_linear,Linear,Gradient Boosting Classifier,0,0,0.004390224741628321
02_linear,Linear,Gradient Boosting Classifier,1,1,0.9763840506639228
02_linear,Linear,Gradient Boosting Classifier,0,0,0.005340251970531963
02_linear,Linear,Gradient Boosting Classifier,0,0,0.004724813394865819
02_linear,Linear,Gradient Boosting Classifier,0,0,0.017054300571295467
02_linear,Linear,Gradient Boosting Classifier,0,0,0.007231327993374598
02_linear,Linear,Gradient Boosting Classifier,0,0,0.00471198506103908
02_linear,Linear,Gradient Boosting Classifier,0,0,0.009161969262228935
02_linear,Linear,Gradient Boosting Classifier,0,0,0.005308995990928192
02_linear,Linear,Gradient Boosting Classifier,0,0,0.021400788641255088
02_linear,Linear,Gradient Boosting Classifier,0,0,0.002660669158033397
02_linear,Linear,Gradient Boosting Classifier,0,0,0.016816320834272917
02_linear,Linear,Gradient Boosting Classifier,1,1,0.9950403512690862
02_linear,Linear,Gradient Boosting Classifier,0,0,0.006449710571192392
02_linear,Linear,Gradient Boosting Classifier,0,0,0.003829432322736359
02_linear,Linear,Gradient Boosting Classifier,0,0,0.006108817749546319
02_linear,Linear,Gradient Boosting Classifier,1,1,0.9989517508939634
02_linear,Linear,Gradient Boosting Classifier,0,0,0.014871306827742119
02_linear,Linear,Gradient Boosting Classifier,0,0,0.012295404574041104
02_linear,Linear,Gradient Boosting Classifier,0,0,0.022231541601335357
02_linear,Linear,Gradient Boosting Classifier,0,1,0.9012226957420638
02_linear,Linear,Gradient Boosting Classifier,0,0,0.011152337603464148
02_linear,Linear,Gradient Boosting Classifier,1,1,0.937916194599148
02_linear,Linear,Gradient Boosting Classifier,0,0,0.022805050765770572
02_linear,Linear,Gradient Boosting Classifier,0,0,0.009002350111404937
02_linear,Linear,Gradient Boosting Classifier,0,1,0.7986402316102142
02_linear,Linear,Gradient Boosting Classifier,1,1,0.9771451333640067
02_linear,Linear,Gradient Boosting Classifier,0,0,0.05822692233464177
02_linear,Linear,Gradient Boosting Classifier,0,0,0.00564821788075806
02_linear,Linear,Gradient Boosting Classifier,0,0,0.017118208275852462
02_linear,Linear,Gradient Boosting Classifier,0,0,0.04578917369658877
02_linear,Linear,Gradient Boosting Classifier,0,0,0.02366998184579066
02_linear,Linear,Gradient Boosting Classifier,0,0,0.03614944285265603
02_linear,Linear,Gradient Boosting Classifier,0,0,0.016941901591065876
02_linear,Linear,Gradient Boosting Classifier,0,0,0.06273830095810565
02_linear,Linear,Gradient Boosting Classifier,0,0,0.006492655774989733
02_linear,Linear,Gradient Boosting Classifier,0,0,0.004000528510534524
02_linear,Linear,Gradient Boosting Classifier,0,0,0.0141450126968358
02_linear,Linear,Gradient Boosting Classifier,0,0,0.044410529774781694
02_linear,Linear,Gradient Boosting Classifier,0,0,0.002349565207627642
02_linear,Linear,Gradient Boosting Classifier,0,0,0.0022642830190346295
02_linear,Linear,Gradient Boosting Classifier,1,1,0.9944280549284533
02_linear,Linear,Gradient Boosting Classifier,0,0,0.005135551589509725
02_linear,Linear,Gradient Boosting Classifier,0,0,0.012919001453200558
02_linear,Linear,Gradient Boosting Classifier,0,0,0.005271669970837598
02_linear,Linear,Gradient Boosting Classifier,0,0,0.06010026956782308
02_linear,Linear,Gradient Boosting Classifier,1,1,0.9952134113950415
02_linear,Linear,Gradient Boosting Classifier,1,1,0.9956073273860013
02_linear,Linear,Gradient Boosting Classifier,0,0,0.023318165693376906
02_linear,Linear,Gradient Boosting Classifier,0,0,0.01567313156934723
02_linear,Linear,Gradient Boosting Classifier,0,0,0.006620163647855329
02_linear,Linear,Gradient Boosting Classifier,0,0,0.004449631906318344
02_linear,Linear,Gradient Boosting Classifier,0,0,0.003974576352275946
02_linear,Linear,Gradient Boosting Classifier,0,0,0.07791242523071983
02_linear,Linear,Gradient Boosting Classifier,0,0,0.018739136337498456
02_linear,Linear,Gradient Boosting Classifier,0,0,0.003635243842825184
02_linear,Linear,Gradient Boosting Classifier,0,0,0.018203584545230696
02_linear,Linear,Gradient Boosting Classifier,0,0,0.07073349115572403
02_linear,Linear,Gradient Boosting Classifier,0,0,0.003443566954597277
02_linear,Linear,Gradient Boosting Classifier,0,0,0.005830265856111635
02_linear,Linear,Gradient Boosting Classifier,0,0,0.0036400713750010627
02_linear,Linear,Gradient Boosting Classifier,0,0,0.002866861381277692
02_linear,Linear,Gradient Boosting Classifier,0,0,0.0631879440727053
02_linear,Linear,Gradient Boosting Classifier,1,1,0.9959331727889926
02_linear,Linear,Gradient Boosting Classifier,1,1,0.7445569383107098
02_linear,Linear,Gradient Boosting Classifier,0,0,0.03513787219726469
02_linear,Linear,Gradient Boosting Classifier,1,1,0.9950323115938843
02_linear,Linear,Gradient Boosting Classifier,1,1,0.9890637052975224
02_linear,Linear,Gradient Boosting Classifier,1,1,0.9948491719357102
02_linear,Linear,Gradient Boosting Classifier,0,0,0.004020410905917646
02_linear,Linear,Gradient Boosting Classifier,0,0,0.00294200527957576
02_linear,Linear,Gradient Boosting Classifier,1,1,0.996002281942345
02_linear,Linear,Gradient Boosting Classifier,1,1,0.9965272382927004
02_linear,Linear,Gradient Boosting Classifier,0,0,0.007762519388121029
02_linear,Linear,Gradient Boosting Classifier,0,0,0.004400801792988701
02_linear,Linear,Gradient Boosting Classifier,0,0,0.06808594565101649
02_linear,Linear,Gradient Boosting Classifier,1,1,0.9967420742882328
02_linear,Linear,Gradient Boosting Classifier,0,0,0.0041892135208076615
02_linear,Linear,Gradient Boosting Classifier,0,0,0.004351753960764021
02_linear,Linear,Gradient Boosting Classifier,0,0,0.013590540328735422
02_linear,Linear,Gradient Boosting Classifier,0,0,0.005500700390543302
02_linear,Linear,Gradient Boosting Classifier,1,1,0.9814891236946558
02_linear,Linear,Gradient Boosting Classifier,0,0,0.041704402944304705
02_linear,Linear,Gradient Boosting Classifier,0,0,0.004490342032511805
02_linear,Linear,Gradient Boosting Classifier,0,0,0.006366142317486795
02_linear,Linear,Gradient Boosting Classifier,0,1,0.8338194649837193
02_linear,Linear,Gradient Boosting Classifier,0,0,0.041524714904484235
02_linear,Linear,Gradient Boosting Classifier,0,0,0.13304872299321938
02_linear,Linear,Gradient Boosting Classifier,1,1,0.9967751032862109
02_linear,Linear,Gradient Boosting Classifier,0,0,0.03262621038777077
02_linear,Linear,Gradient Boosting Classifier,0,0,0.025140771550202883
02_linear,Linear,Gradient Boosting Classifier,0,0,0.06370277846208809
02_linear,Linear,Gradient Boosting Classifier,0,0,0.01125317261015379
02_linear,Linear,Gradient Boosting Classifier,1,1,0.9932851884718573
02_linear,Linear,Gradient Boosting Classifier,1,1,0.9975328677496427
02_linear,Linear,Gradient Boosting Classifier,1,1,0.9890657839824986
02_linear,Linear,Gradient Boosting Classifier,0,0,0.015760766754444034
02_linear,Linear,Gradient Boosting Classifier,0,0,0.0045300323982930815
02_linear,Linear,Gradient Boosting Classifier,0,0,0.08697240404514567
02_linear,Linear,Gradient Boosting Classifier,0,0,0.017049564353374347
02_linear,Linear,Gradient Boosting Classifier,0,0,0.0174147981250605
02_linear,Linear,Gradient Boosting Classifier,0,0,0.004576840894027769
02_linear,Linear,Gradient Boosting Classifier,0,0,0.0036488727264539344
02_linear,Linear,Gradient Boosting Classifier,1,1,0.9941101216535339
02_linear,Linear,Gradient Boosting Classifier,1,1,0.9956244514837588
02_linear,Linear,Gradient Boosting Classifier,0,0,0.06387471493983579
02_linear,Linear,Gradient Boosting Classifier,0,0,0.06667092417261061
02_linear,Linear,Gradient Boosting Classifier,0,0,0.009547534836267156
02_linear,Linear,Gradient Boosting Classifier,0,0,0.013332566029924223
02_linear,Linear,Gradient Boosting Classifier,0,0,0.06919598280220347
02_linear,Linear,Gradient Boosting Classifier,0,0,0.004725241901817746
02_linear,Linear,Gradient Boosting Classifier,0,0,0.008860510717445124
02_linear,Linear,Gradient Boosting Classifier,0,0,0.003307304745044787
02_linear,Linear,Gradient Boosting Classifier,1,1,0.9975754534442693
02_linear,Linear,Gradient Boosting Classifier,0,0,0.013706520228416385
02_linear,Linear,Gradient Boosting Classifier,0,0,0.06235473432717963
02_linear,Linear,Gradient Boosting Classifier,0,0,0.008430924582105993
02_linear,Linear,Gradient Boosting Classifier,0,0,0.0022747032753778346
02_linear,Linear,Gradient Boosting Classifier,0,0,0.019583090338213514
02_linear,Linear,Gradient Boosting Classifier,0,0,0.07728436607797257
02_linear,Linear,Gradient Boosting Classifier,0,0,0.004196099862642375
02_linear,Linear,Gradient Boosting Classifier,0,0,0.005720028273444899
02_linear,Linear,Gradient Boosting Classifier,0,0,0.008292289203082994
02_linear,Linear,Gradient Boosting Classifier,0,0,0.0041892135208076615
02_linear,Linear,Gradient Boosting Classifier,0,0,0.0029641791535150344
02_linear,Linear,Gradient Boosting Classifier,0,0,0.0049713077856161315
02_linear,Linear,Gradient Boosting Classifier,0,0,0.012686988055559418
02_linear,Linear,Gradient Boosting Classifier,0,0,0.004104949664175989
02_linear,Linear,Gradient Boosting Classifier,0,1,0.9701077543861982
02_linear,Linear,Gradient Boosting Classifier,0,0,0.00618761676908791
02_linear,Linear,Gradient Boosting Classifier,0,0,0.0047761004430799435
02_linear,Linear,Gradient Boosting Classifier,0,0,0.008613237079996597
02_linear,Linear,Gradient Boosting Classifier,0,0,0.02947491053239106
02_linear,Linear,Gradient Boosting Classifier,1,1,0.9952413076747009
02_linear,Linear,Gradient Boosting Classifier,1,1,0.9942247146912604
02_linear,Linear,Gradient Boosting Classifier,0,0,0.025578905471375476
02_linear,Linear,Gradient Boosting Classifier,1,1,0.9926594805111151
02_linear,Linear,Gradient Boosting Classifier,0,0,0.005590687972221778
02_linear,Linear,Gradient Boosting Classifier,0,0,0.011155981786341015
02_linear,Linear,Gradient Boosting Classifier,0,0,0.010255254284504868
02_linear,Linear,Gradient Boosting Classifier,0,0,0.004617442636213991
02_linear,Linear,Gradient Boosting Classifier,0,0,0.006788867742979697
02_linear,Linear,Gradient Boosting Classifier,0,0,0.004230934728527655
02_linear,Linear,Gradient Boosting Classifier,0,0,0.012188374873638858
02_linear,Linear,Gradient Boosting Classifier,0,0,0.004788495817141765
02_linear,Linear,Gradient Boosting Classifier,0,0,0.015746349259036625
02_linear,Linear,Gradient Boosting Classifier,0,0,0.005067697305776901
02_linear,Linear,Gradient Boosting Classifier,0,0,0.017870959849424464
02_linear,Linear,Gradient Boosting Classifier,0,0,0.01850862733022913
02_linear,Linear,Gradient Boosting Classifier,0,0,0.048002563791582506
02_linear,Linear,Gradient Boosting Classifier,0,0,0.007248601562333335
02_linear,Linear,Gradient Boosting Classifier,0,0,0.005126119709245381
02_linear,Linear,Gradient Boosting Classifier,0,0,0.014639981754224232
02_linear,Linear,Gradient Boosting Classifier,0,0,0.019446576515811734
02_linear,Linear,Gradient Boosting Classifier,0,0,0.017144367621535463
02_linear,Linear,Gradient Boosting Classifier,0,0,0.006050355749737801
02_linear,Linear,Gradient Boosting Classifier,0,0,0.018774296306993773
02_linear,Linear,Gradient Boosting Classifier,0,0,0.0035966572967014716
02_linear,Linear,Gradient Boosting Classifier,0,0,0.1237959632967132
02_linear,Linear,Gradient Boosting Classifier,1,1,0.9559763393195696
02_linear,Linear,Gradient Boosting Classifier,0,0,0.007749358173211269
02_linear,Linear,Gradient Boosting Classifier,0,0,0.019900605840559374
02_linear,Linear,Gradient Boosting Classifier,0,0,0.005228965914287321
02_linear,Linear,Gradient Boosting Classifier,0,0,0.0066537388706012605
02_linear,Linear,Gradient Boosting Classifier,0,0,0.005500700390543302
02_linear,Linear,Gradient Boosting Classifier,0,0,0.010976605313333478
02_linear,Linear,Gradient Boosting Classifier,0,0,0.02174168541898409
02_linear,Linear,Gradient Boosting Classifier,1,1,0.9975328677496427
02_linear,Linear,Gradient Boosting Classifier,0,0,0.012906657920978217
02_linear,Linear,Gradient Boosting Classifier,0,0,0.004551783200212508
02_linear,Linear,Gradient Boosting Classifier,0,0,0.0058220587473364225
02_linear,Linear,Gradient Boosting Classifier,0,0,0.0037865034695439546
02_linear,Linear,Gradient Boosting Classifier,0,0,0.004854623526896562
02_linear,Linear,Gradient Boosting Classifier,0,0,0.004060806625617029
02_linear,Linear,Gradient Boosting Classifier,0,0,0.05966046004766069
02_linear,Linear,Gradient Boosting Classifier,0,0,0.003067457532530087
02_linear,Linear,Gradient Boosting Classifier,0,0,0.007735420076651124
02_linear,Linear,Gradient Boosting Classifier,0,0,0.00334145803587549
02_linear,Linear,Gradient Boosting Classifier,1,1,0.757224791535156
02_linear,Linear,Gradient Boosting Classifier,0,0,0.013842136472143655
02_linear,Linear,Gradient Boosting Classifier,0,0,0.014998808874790038
02_linear,Linear,Gradient Boosting Classifier,0,0,0.005447342323217068
02_linear,Linear,Gradient Boosting Classifier,0,0,0.010888114275911392
02_linear,Linear,Gradient Boosting Classifier,1,1,0.9969536430011092
02_linear,Linear,Gradient Boosting Classifier,0,0,0.004827378470740383
02_linear,Linear,Gradient Boosting Classifier,1,1,0.9915236914454044
02_linear,Linear,Gradient Boosting Classifier,0,0,0.0041892135208076615
02_linear,Linear,Gradient Boosting Classifier,0,0,0.004490342032511805
02_linear,Linear,Gradient Boosting Classifier,0,0,0.013179671676713287
02_linear,Linear,Gradient Boosting Classifier,1,1,0.9977053918652334
02_linear,Linear,Gradient Boosting Classifier,0,0,0.026063253232756774
02_linear,Linear,Gradient Boosting Classifier,0,0,0.011291530195385854
02_linear,Linear,Gradient Boosting Classifier,0,0,0.004179187132198349
02_linear,Linear,Gradient Boosting Classifier,0,0,0.01386835871394236
02_linear,Linear,Gradient Boosting Classifier,0,0,0.003911561142628501
02_linear,Linear,Gradient Boosting Classifier,0,0,0.01844495595008478
02_linear,Linear,Gradient Boosting Classifier,0,0,0.005827852101629334
02_linear,Linear,Gradient Boosting Classifier,0,0,0.013812310593863784
02_linear,Linear,Gradient Boosting Classifier,0,0,0.004175444620003946
02_linear,Linear,Gradient Boosting Classifier,0,0,0.03432470347070152
02_linear,Linear,Gradient Boosting Classifier,1,1,0.9954078757919524
02_linear,Linear,Gradient Boosting Classifier,1,1,0.8312840260704792
02_linear,Linear,Gradient Boosting Classifier,0,0,0.011172660180401014
02_linear,Linear,Gradient Boosting Classifier,0,0,0.05690468237477629
02_linear,Linear,Gradient Boosting Classifier,0,0,0.19371025901802347
02_linear,Linear,Gradient Boosting Classifier,0,0,0.0128690256034868
02_linear,Linear,Gradient Boosting Classifier,0,0,0.004963713757866825
02_linear,Linear,Gradient Boosting Classifier,0,0,0.012758986704202474
02_linear,Linear,Gradient Boosting Classifier,0,0,0.003982474717662258
02_linear,Linear,Gradient Boosting Classifier,0,0,0.06166594078961941
02_linear,Linear,Gradient Boosting Classifier,0,0,0.028482235761622
02_linear,Linear,Gradient Boosting Classifier,0,0,0.17168915290333678
02_linear,Linear,Gradient Boosting Classifier,1,1,0.9178160311189243
02_linear,Linear,Gradient Boosting Classifier,0,0,0.01727428333149821
02_linear,Linear,Gradient Boosting Classifier,0,0,0.004032931461606548
02_linear,Linear,Gradient Boosting Classifier,1,1,0.9814891236946558
02_linear,Linear,Gradient Boosting Classifier,0,0,0.022600191501407896
02_linear,Linear,Gradient Boosting Classifier,0,0,0.02739396034510899
02_linear,Linear,Gradient Boosting Classifier,0,0,0.004429411580120625
02_linear,Linear,Gradient Boosting Classifier,0,0,0.004490342032511805
02_linear,Linear,Gradient Boosting Classifier,1,1,0.9979232070792273
02_linear,Linear,Gradient Boosting Classifier,0,0,0.004878547009037928
02_linear,Linear,Gradient Boosting Classifier,0,0,0.005342231306927931
02_linear,Linear,Gradient Boosting Classifier,0,0,0.003218755169518596
02_linear,Linear,Gradient Boosting Classifier,0,0,0.00592057478653317
02_linear,Linear,Gradient Boosting Classifier,0,0,0.024675967979606975
02_linear,Linear,Gradient Boosting Classifier,0,0,0.0030809672610212133
02_linear,Linear,Gradient Boosting Classifier,0,1,0.9608486189981994
02_linear,Linear,Gradient Boosting Classifier,1,1,0.9961891470835478
02_linear,Linear,Gradient Boosting Classifier,0,0,0.002008834309495315
02_linear,Linear,Gradient Boosting Classifier,0,0,0.0054375182449241805
02_linear,Linear,Gradient Boosting Classifier,0,0,0.01979952193973584
02_linear,Linear,Gradient Boosting Classifier,1,1,0.9712291688103462
02_linear,Linear,Gradient Boosting Classifier,0,0,0.021557080268265954
02_linear,Linear,Gradient Boosting Classifier,0,0,0.004936902861771263
02_linear,Linear,Gradient Boosting Classifier,0,0,0.002821078232659706
02_linear,Linear,Gradient Boosting Classifier,0,0,0.0074349917513202406
02_linear,Linear,Gradient Boosting Classifier,0,0,0.018196913460249063
02_linear,Linear,Gradient Boosting Classifier,0,0,0.012002434742109158
02_linear,Linear,Gradient Boosting Classifier,0,1,0.7136948490776616
02_linear,Linear,Gradient Boosting Classifier,0,0,0.010588990272540809
02_linear,Linear,Gradient Boosting Classifier,0,0,0.003971301742729762
02_linear,Linear,Gradient Boosting Classifier,1,1,0.9947086822612403
02_linear,Linear,Gradient Boosting Classifier,0,0,0.006542902291829859
02_linear,Linear,Gradient Boosting Classifier,0,0,0.011937040777017866
02_linear,Linear,Gradient Boosting Classifier,0,0,0.005135551589509725
02_linear,Linear,Gradient Boosting Classifier,0,0,0.002937075824307954
02_linear,Linear,Gradient Boosting Classifier,0,0,0.00592057478653317
02_linear,Linear,Gradient Boosting Classifier,1,0,0.04128307607258992
02_linear,Linear,Gradient Boosting Classifier,0,0,0.010309767852946319
02_linear,Linear,Gradient Boosting Classifier,0,0,0.11223733452202751
02_linear,Linear,Gradient Boosting Classifier,0,0,0.05640951679017852
02_linear,Linear,Gradient Boosting Classifier,0,0,0.020434079862034563
02_linear,Linear,Gradient Boosting Classifier,0,0,0.014177765575800246
02_linear,Linear,Gradient Boosting Classifier,1,1,0.6877078693941431
02_linear,Linear,Gradient Boosting Classifier,1,1,0.9923860097771557
02_linear,Linear,Gradient Boosting Classifier,1,1,0.9948215158825492
02_linear,Linear,Gradient Boosting Classifier,1,1,0.9770811939995073
02_linear,Linear,Gradient Boosting Classifier,0,0,0.012259004907532373
02_linear,Linear,Gradient Boosting Classifier,1,1,0.9971065705560684
02_linear,Linear,Gradient Boosting Classifier,1,1,0.9971065705560684
02_linear,Linear,Gradient Boosting Classifier,0,0,0.06724550334837141
02_linear,Linear,Gradient Boosting Classifier,0,0,0.015136891921828613
02_linear,Linear,Gradient Boosting Classifier,0,0,0.0044708154953570535
02_linear,Linear,Gradient Boosting Classifier,0,0,0.05261823252031395
02_linear,Linear,Gradient Boosting Classifier,0,0,0.0033582828066215627
02_linear,Linear,Gradient Boosting Classifier,1,0,0.03065900689976754
02_linear,Linear,Gradient Boosting Classifier,0,0,0.0045300323982930815
02_linear,Linear,Gradient Boosting Classifier,0,0,0.0032937672210662885
02_linear,Linear,Gradient Boosting Classifier,0,0,0.006327560951933708
02_linear,Linear,Gradient Boosting Classifier,0,0,0.010506884256652891
02_linear,Linear,Gradient Boosting Classifier,1,1,0.9975253237068168
02_linear,Linear,Gradient Boosting Classifier,0,0,0.018919170885700734
02_linear,Linear,Gradient Boosting Classifier,0,0,0.032832454785160455
02_linear,Linear,Gradient Boosting Classifier,0,0,0.007635639228836568
02_linear,Linear,Gradient Boosting Classifier,1,1,0.983144964969049
02_linear,Linear,Gradient Boosting Classifier,0,0,0.0026116532364171214
02_linear,Linear,Gradient Boosting Classifier,0,0,0.00882773409116134
02_linear,Linear,Gradient Boosting Classifier,0,0,0.0013825845379249828
02_linear,Linear,Gradient Boosting Classifier,0,0,0.004541198085991543
02_linear,Linear,Gradient Boosting Classifier,0,0,0.004869329544962753
02_linear,Linear,Gradient Boosting Classifier,0,0,0.004661126138502096
02_linear,Linear,Gradient Boosting Classifier,0,0,0.017599248184886524
02_linear,Linear,Gradient Boosting Classifier,1,1,0.995571704609372
02_linear,Linear,Gradient Boosting Classifier,0,0,0.04217724820259655
02_linear,Linear,Gradient Boosting Classifier,0,0,0.004390224741628321
02_linear,Linear,Gradient Boosting Classifier,0,0,0.09524085514438994
02_linear,Linear,Gradient Boosting Classifier,0,0,0.004701573236086425
02_linear,Linear,Gradient Boosting Classifier,0,0,0.00390107915672711
02_linear,Linear,Gradient Boosting Classifier,1,1,0.9664925719648856
02_linear,Linear,Gradient Boosting Classifier,0,0,0.0020935724275431117
02_linear,Linear,Gradient Boosting Classifier,1,1,0.9969668369439376
02_linear,Linear,Gradient Boosting Classifier,0,0,0.008636131619491378
02_linear,Linear,Gradient Boosting Classifier,1,1,0.9961877861213967
02_linear,Linear,Gradient Boosting Classifier,0,0,0.003985544672514923
02_linear,Linear,Gradient Boosting Classifier,1,1,0.9942902647136886
02_linear,Linear,Gradient Boosting Classifier,1,1,0.9961205512484956
02_linear,Linear,Gradient Boosting Classifier,0,0,0.004213330555428007
02_linear,Linear,Gradient Boosting Classifier,0,0,0.008658555388760113
02_linear,Linear,Gradient Boosting Classifier,0,0,0.01895161638985059
02_linear,Linear,Gradient Boosting Classifier,0,0,0.015726501456078405
02_linear,Linear,Gradient Boosting Classifier,0,0,0.03505365505388129
02_linear,Linear,Gradient Boosting Classifier,0,0,0.03337526365796676
02_linear,Linear,Gradient Boosting Classifier,0,0,0.005941609556192519
02_linear,Linear,Gradient Boosting Classifier,0,0,0.006798001207506003
02_linear,Linear,Gradient Boosting Classifier,0,0,0.0035438750497073478
02_linear,Linear,Gradient Boosting Classifier,0,0,0.010998728881431014
02_linear,Linear,Gradient Boosting Classifier,0,0,0.021178637751997246
02_linear,Linear,Gradient Boosting Classifier,0,1,0.6585184430294572
02_linear,Linear,Gradient Boosting Classifier,0,0,0.03285708180819704
02_linear,Linear,Gradient Boosting Classifier,0,0,0.010353175178384074
02_linear,Linear,Gradient Boosting Classifier,0,0,0.008729485023398237
02_linear,Linear,Gradient Boosting Classifier,0,0,0.01633993222048124
02_linear,Linear,Gradient Boosting Classifier,0,0,0.11830893226862157
02_linear,Linear,Gradient Boosting Classifier,0,0,0.003906544736558273
02_linear,Linear,Gradient Boosting Classifier,1,1,0.996786888424798
02_linear,Linear,Gradient Boosting Classifier,1,1,0.9291159438360744
02_linear,Linear,Gradient Boosting Classifier,0,0,0.004440657572613198
02_linear,Linear,Gradient Boosting Classifier,1,1,0.9965989359109992
02_linear,Linear,Gradient Boosting Classifier,0,0,0.003284320740685228
02_linear,Linear,Gradient Boosting Classifier,0,0,0.0033710277438594102
02_linear,Linear,Gradient Boosting Classifier,1,1,0.9832629289959465
02_linear,Linear,Gradient Boosting Classifier,0,0,0.04104594260330982
02_linear,Linear,Gradient Boosting Classifier,0,0,0.02718738431748796
02_linear,Linear,Gradient Boosting Classifier,0,0,0.03065948663081302
02_linear,Linear,Gradient Boosting Classifier,0,0,0.026605558203647118
02_linear,Linear,Gradient Boosting Classifier,1,1,0.9886777311105376
02_linear,Linear,Gradient Boosting Classifier,0,0,0.021386041920245732
02_linear,Linear,Gradient Boosting Classifier,0,0,0.227905519851587
02_linear,Linear,Gradient Boosting Classifier,0,0,0.06784943576143276
02_linear,Linear,Gradient Boosting Classifier,0,0,0.004318986523678212
02_linear,Linear,Gradient Boosting Classifier,1,1,0.983144964969049
02_linear,Linear,Gradient Boosting Classifier,0,0,0.014658673184521933
02_linear,Linear,Gradient Boosting Classifier,0,0,0.0022109560458625044
02_linear,Linear,Gradient Boosting Classifier,0,0,0.005941609556192519
02_linear,Linear,Gradient Boosting Classifier,0,0,0.005548729692517354
02_linear,Linear,Gradient Boosting Classifier,0,0,0.004726876888952243
02_linear,Linear,Gradient Boosting Classifier,1,1,0.9535112554641215
02_linear,Linear,Gradient Boosting Classifier,0,0,0.005491883180831126
02_linear,Linear,Gradient Boosting Classifier,0,0,0.006491870657054144
02_linear,Linear,Gradient Boosting Classifier,0,0,0.0486485862863885
02_linear,Linear,Gradient Boosting Classifier,0,0,0.004351753960764021
02_linear,Linear,Gradient Boosting Classifier,1,1,0.983144964969049
02_linear,Linear,Gradient Boosting Classifier,0,0,0.00592057478653317
02_linear,Linear,Gradient Boosting Classifier,0,0,0.008850863149493883
02_linear,Linear,Gradient Boosting Classifier,0,0,0.009378292108863486
02_linear,Linear,Gradient Boosting Classifier,1,1,0.9900830531083961
02_linear,Linear,Gradient Boosting Classifier,1,1,0.9927222705158399
02_linear,Linear,Gradient Boosting Classifier,0,0,0.39492293304001597
02_linear,Linear,Gradient Boosting Classifier,0,0,0.036785187169833464
02_linear,Linear,Gradient Boosting Classifier,0,0,0.004127361815196727
02_linear,Linear,Gradient Boosting Classifier,0,0,0.014211430657908464
02_linear,Linear,Gradient Boosting Classifier,0,0,0.1851318437621184
02_linear,Linear,Gradient Boosting Classifier,0,0,0.004110297364673613
02_linear,Linear,Gradient Boosting Classifier,0,0,0.06992601706671475
02_linear,Linear,Gradient Boosting Classifier,0,0,0.005830265856111635
02_linear,Linear,Gradient Boosting Classifier,0,0,0.006175582494258997
02_linear,Linear,Gradient Boosting Classifier,0,0,0.0059497322622417215
02_linear,Linear,Gradient Boosting Classifier,1,1,0.9770061063778469
02_linear,Linear,Gradient Boosting Classifier,0,0,0.003735094494591879
02_linear,Linear,Gradient Boosting Classifier,0,0,0.009660828809134115
02_linear,Linear,Gradient Boosting Classifier,0,0,0.0016647136306858765
02_linear,Linear,Gradient Boosting Classifier,0,0,0.006620163647855329
02_linear,Linear,Gradient Boosting Classifier,0,0,0.00617598065421993
02_linear,Linear,Gradient Boosting Classifier,0,0,0.0042392090585978565
02_linear,Linear,Gradient Boosting Classifier,0,0,0.004782636951017966
02_linear,Linear,Gradient Boosting Classifier,1,1,0.9976565350883755
02_linear,Linear,Gradient Boosting Classifier,0,0,0.004744602539258524
02_linear,Linear,Gradient Boosting Classifier,0,0,0.004226253495796891
02_linear,Linear,Gradient Boosting Classifier,0,0,0.013351352234921524
02_linear,Linear,Gradient Boosting Classifier,0,0,0.002193476961843253
02_linear,Linear,Gradient Boosting Classifier,0,0,0.005807217708821445
02_linear,Linear,Gradient Boosting Classifier,1,1,0.7060169626002784
02_linear,Linear,Gradient Boosting Classifier,1,1,0.9957701403299145
02_linear,Linear,Gradient Boosting Classifier,1,1,0.9948778185020886
02_linear,Linear,Gradient Boosting Classifier,0,0,0.04696034826530677
02_linear,Linear,Gradient Boosting Classifier,1,1,0.9916967202341141
02_linear,Linear,Gradient Boosting Classifier,1,1,0.9966413674019646
02_linear,Linear,Gradient Boosting Classifier,0,0,0.004075480868905819
02_linear,Linear,Gradient Boosting Classifier,1,1,0.9948491719357102
02_linear,Linear,Gradient Boosting Classifier,1,1,0.9708651515568356
02_linear,Linear,Gradient Boosting Classifier,0,0,0.022848100214358867
02_linear,Linear,Gradient Boosting Classifier,0,0,0.006169582138823441
02_linear,Linear,Gradient Boosting Classifier,1,1,0.9942714041915036
02_linear,Linear,Gradient Boosting Classifier,0,0,0.02860872508916285
02_linear,Linear,Gradient Boosting Classifier,0,0,0.05328953425079082
02_linear,Linear,Gradient Boosting Classifier,0,0,0.001904769745314943
02_linear,Linear,Gradient Boosting Classifier,0,0,0.006226501241882315
02_linear,Linear,Gradient Boosting Classifier,1,1,0.9948841268663235
02_linear,Linear,Gradient Boosting Classifier,0,0,0.19161595491768055
02_linear,Linear,Gradient Boosting Classifier,0,0,0.0061723427446056306
02_linear,Linear,Gradient Boosting Classifier,0,0,0.052198819997558585
02_linear,Linear,Gradient Boosting Classifier,0,0,0.20093304477265153
02_linear,Linear,Gradient Boosting Classifier,0,0,0.0028262583233367995
02_linear,Linear,Gradient Boosting Classifier,1,1,0.996648638365942
02_linear,Linear,Gradient Boosting Classifier,0,1,0.8350806394135373
02_linear,Linear,Gradient Boosting Classifier,0,0,0.014259067127311082
02_linear,Linear,Gradient Boosting Classifier,0,0,0.00725605266020867
02_linear,Linear,Gradient Boosting Classifier,0,0,0.00444594844562779
02_linear,Linear,Gradient Boosting Classifier,0,0,0.016594437958924426
02_linear,Linear,Gradient Boosting Classifier,0,0,0.004872798843917739
02_linear,Linear,Gradient Boosting Classifier,0,0,0.009823433571126234
02_linear,Linear,Gradient Boosting Classifier,0,0,0.020807812610479173
02_linear,Linear,Gradient Boosting Classifier,1,1,0.9952215958166608
02_linear,Linear,Gradient Boosting Classifier,0,0,0.01648139169770014
02_linear,Linear,Gradient Boosting Classifier,0,0,0.20576177746219768
02_linear,Linear,Gradient Boosting Classifier,0,0,0.12825646661515652
02_linear,Linear,Gradient Boosting Classifier,0,0,0.003156816875161343
02_linear,Linear,Gradient Boosting Classifier,1,1,0.983144964969049
02_linear,Linear,Gradient Boosting Classifier,1,1,0.9814891236946558
02_linear,Linear,Gradient Boosting Classifier,0,0,0.34499058002774424
02_linear,Linear,Gradient Boosting Classifier,1,1,0.9904876984519692
02_linear,Linear,Gradient Boosting Classifier,0,0,0.011009910688538948
02_linear,Linear,Gradient Boosting Classifier,0,0,0.01272702190569939
02_linear,Linear,Gradient Boosting Classifier,1,1,0.9910320651730712
02_linear,Linear,Gradient Boosting Classifier,0,0,0.0054424470149043915
02_linear,Linear,Gradient Boosting Classifier,0,0,0.004340591928712515
02_linear,Linear,Gradient Boosting Classifier,0,0,0.0025636597572687393
02_linear,Linear,Gradient Boosting Classifier,1,1,0.9891049191114848
02_linear,Linear,Gradient Boosting Classifier,0,0,0.003215542973083803
02_linear,Linear,Gradient Boosting Classifier,0,0,0.009297956793016288
02_linear,Linear,Gradient Boosting Classifier,0,0,0.021203889637245916
02_linear,Linear,Gradient Boosting Classifier,0,1,0.6755651413204412
02_linear,Linear,Gradient Boosting Classifier,0,0,0.018542647671859966
02_linear,Linear,Gradient Boosting Classifier,0,0,0.014600437733141085
02_linear,Linear,Gradient Boosting Classifier,0,0,0.06587461585631786
02_linear,Linear,Gradient Boosting Classifier,0,0,0.03305661069636411
02_linear,Linear,Gradient Boosting Classifier,0,0,0.004318058063491481
02_linear,Linear,Gradient Boosting Classifier,0,0,0.04404629666406533
02_linear,Linear,Gradient Boosting Classifier,0,0,0.011949484944526965
02_linear,Linear,Gradient Boosting Classifier,0,0,0.011823362727579882
02_linear,Linear,Gradient Boosting Classifier,1,1,0.9961702925411585
02_linear,Linear,Gradient Boosting Classifier,1,1,0.9730032989980357
02_linear,Linear,Gradient Boosting Classifier,0,0,0.0054375182449241805
02_linear,Linear,Gradient Boosting Classifier,0,0,0.0039483066824703384
02_linear,Linear,Gradient Boosting Classifier,1,1,0.8866530157743091
02_linear,Linear,Gradient Boosting Classifier,0,0,0.004240191359864565
02_linear,Linear,Gradient Boosting Classifier,0,0,0.007161322395057399
02_linear,Linear,Gradient Boosting Classifier,0,0,0.01911816342963789
02_linear,Linear,Gradient Boosting Classifier,0,0,0.034343802536787975
02_linear,Linear,Gradient Boosting Classifier,1,1,0.9879051096126487
02_linear,Linear,Gradient Boosting Classifier,0,0,0.00435675763623046
02_linear,Linear,Gradient Boosting Classifier,0,0,0.03915147100099107
02_linear,Linear,Gradient Boosting Classifier,1,1,0.9967903124681085
02_linear,Linear,Gradient Boosting Classifier,0,0,0.004259710293807847
02_linear,Linear,Gradient Boosting Classifier,0,0,0.004716406710337862
02_linear,Linear,Gradient Boosting Classifier,0,0,0.0037152773797862154
02_linear,Linear,Gradient Boosting Classifier,0,0,0.014144975609216036
02_linear,Linear,Gradient Boosting Classifier,1,1,0.9972032463741333
02_linear,Linear,Gradient Boosting Classifier,1,1,0.9953077584100286
02_linear,Linear,Gradient Boosting Classifier,0,0,0.004028203275251513
02_linear,Linear,Gradient Boosting Classifier,1,1,0.9974909747957111
02_linear,Linear,Gradient Boosting Classifier,0,0,0.038357988943512666
02_linear,Linear,Gradient Boosting Classifier,0,0,0.0030313022326317832
02_linear,Linear,Gradient Boosting Classifier,0,0,0.024594552866866456
02_linear,Linear,Gradient Boosting Classifier,0,0,0.008293981052853904
02_linear,Linear,Gradient Boosting Classifier,0,0,0.04739757728334769
02_linear,Linear,Gradient Boosting Classifier,0,0,0.006025979847038667
02_linear,Linear,Gradient Boosting Classifier,1,1,0.9954798049658855
02_linear,Linear,Gradient Boosting Classifier,1,1,0.9685760715158882
02_linear,Linear,Gradient Boosting Classifier,0,0,0.00465856751276371
02_linear,Linear,Gradient Boosting Classifier,0,0,0.03185873511987523
02_linear,Linear,Gradient Boosting Classifier,0,0,0.011422267384108476
02_linear,Linear,Gradient Boosting Classifier,0,0,0.003757528372855907
02_linear,Linear,Gradient Boosting Classifier,0,0,0.005570784550336354
02_linear,Linear,Gradient Boosting Classifier,0,0,0.0052000661791573085
02_linear,Linear,Gradient Boosting Classifier,0,0,0.00379011860805617
02_linear,Linear,Gradient Boosting Classifier,0,0,0.006659868443596402
02_linear,Linear,Gradient Boosting Classifier,1,1,0.5786274383206541
02_linear,Linear,Gradient Boosting Classifier,0,0,0.005228965914287321
02_linear,Linear,Gradient Boosting Classifier,1,1,0.9004139492938172
02_linear,Linear,Gradient Boosting Classifier,0,0,0.004696299414879879
02_linear,Linear,Gradient Boosting Classifier,1,1,0.9949324543616007
02_linear,Linear,Gradient Boosting Classifier,0,0,0.002902918190994722
02_linear,Linear,Gradient Boosting Classifier,0,0,0.028775726072619977
02_linear,Linear,Gradient Boosting Classifier,1,1,0.7196022989895272
02_linear,Linear,Gradient Boosting Classifier,0,0,0.006416265305567366
02_linear,Linear,Gradient Boosting Classifier,0,0,0.029072428236396646
02_linear,Linear,Gradient Boosting Classifier,1,1,0.9847673075177604
02_linear,Linear,Gradient Boosting Classifier,0,0,0.009143730242459734
02_linear,Linear,Gradient Boosting Classifier,0,0,0.0579170828585598
02_linear,Linear,Gradient Boosting Classifier,0,0,0.003197564384428144
02_linear,Linear,Gradient Boosting Classifier,0,0,0.012162772183430743
02_linear,Linear,Gradient Boosting Classifier,0,0,0.048354667343207515
02_linear,Linear,Gradient Boosting Classifier,0,0,0.00334145803587549
02_linear,Linear,Gradient Boosting Classifier,0,0,0.02129379977994016
02_linear,Linear,Gradient Boosting Classifier,0,0,0.0045300323982930815
02_linear,Linear,Gradient Boosting Classifier,0,0,0.053077255613414503
02_linear,Linear,Gradient Boosting Classifier,0,0,0.004940923560161922
02_linear,Linear,Gradient Boosting Classifier,0,0,0.03843923563523117
02_linear,Linear,Gradient Boosting Classifier,1,1,0.995571704609372
02_linear,Linear,Gradient Boosting Classifier,0,0,0.043665010871976516
02_linear,Linear,Gradient Boosting Classifier,1,1,0.9066141427533755
02_linear,Linear,Gradient Boosting Classifier,0,0,0.006248616082791872
02_linear,Linear,Gradient Boosting Classifier,0,0,0.1257419399896956
