notebook,family,model,y_true,y_pred,residual
02_linear,Linear,Linear Regression,1.0,5.0457734709437005,-4.0457734709437005
02_linear,Linear,Linear Regression,3.5,-1.1717529506135378,4.671752950613538
02_linear,Linear,Linear Regression,1.5,-1.6003453070229625,3.1003453070229625
02_linear,Linear,Linear Regression,11.5,12.8132463365978,-1.3132463365977998
02_linear,Linear,Linear Regression,3.0,10.459792599911097,-7.459792599911097
02_linear,Linear,Linear Regression,3.0,3.5277831523761307,-0.5277831523761307
02_linear,Linear,Linear Regression,0.5,5.6337767703540536,-5.1337767703540536
02_linear,Linear,Linear Regression,25.0,27.942764076098157,-2.9427640760981575
02_linear,Linear,Linear Regression,107.0,88.21881238721058,18.781187612789424
02_linear,Linear,Linear Regression,404.0,551.490263930499,-147.49026393049905
02_linear,Linear,Linear Regression,33.0,18.263409432844618,14.736590567155382
02_linear,Linear,Linear Regression,2.0,4.063903725730626,-2.0639037257306256
02_linear,Linear,Linear Regression,1.0,-1.827475807982907,2.827475807982907
02_linear,Linear,Linear Regression,18.0,22.986707809822732,-4.986707809822732
02_linear,Linear,Linear Regression,3.5,7.517278615414568,-4.017278615414568
02_linear,Linear,Linear Regression,0.5,29.10882610621737,-28.60882610621737
02_linear,Linear,Linear Regression,0.5,3.2029486273792003,-2.7029486273792003
02_linear,Linear,Linear Regression,3.5,7.315861230019536,-3.815861230019536
02_linear,Linear,Linear Regression,4.5,2.159265050066594,2.340734949933406
02_linear,Linear,Linear Regression,0.5,4.242834414609888,-3.742834414609888
02_linear,Linear,Linear Regression,27.0,23.63888469933373,3.3611153006662704
02_linear,Linear,Linear Regression,0.5,1.26749067251788,-0.7674906725178801
02_linear,Linear,Linear Regression,30.0,15.736452269167025,14.263547730832975
02_linear,Linear,Linear Regression,11.5,16.048783889303223,-4.548783889303223
02_linear,Linear,Linear Regression,11.5,5.452023759187519,6.047976240812481
02_linear,Linear,Linear Regression,3.5,8.2421978859891,-4.7421978859891
02_linear,Linear,Linear Regression,11.5,11.542332935299882,-0.042332935299882024
02_linear,Linear,Linear Regression,8.0,-5.862353611090754,13.862353611090754
02_linear,Linear,Linear Regression,3.0,5.530810742637584,-2.530810742637584
02_linear,Linear,Linear Regression,9.5,8.907524294031504,0.5924757059684964
02_linear,Linear,Linear Regression,10.0,21.42601389470584,-11.42601389470584
02_linear,Linear,Linear Regression,36.5,25.620864743966777,10.879135256033223
02_linear,Linear,Linear Regression,4.0,7.846889808150152,-3.846889808150152
02_linear,Linear,Linear Regression,103.5,87.55115793548165,15.948842064518345
02_linear,Linear,Linear Regression,2.0,9.948535233263428,-7.948535233263428
02_linear,Linear,Linear Regression,10.0,11.917368745380742,-1.9173687453807418
02_linear,Linear,Linear Regression,141.5,94.44665740868454,47.053342591315456
02_linear,Linear,Linear Regression,0.5,-0.4994849827649688,0.9994849827649688
02_linear,Linear,Linear Regression,3.0,7.612544649038682,-4.612544649038682
02_linear,Linear,Linear Regression,3.0,21.58508216584842,-18.58508216584842
02_linear,Linear,Linear Regression,0.5,1.8434485091055564,-1.3434485091055564
02_linear,Linear,Linear Regression,1.0,2.6908698518866885,-1.6908698518866885
02_linear,Linear,Linear Regression,36.0,15.850370759751868,20.14962924024813
02_linear,Linear,Linear Regression,39.5,18.22972308655507,21.27027691344493
02_linear,Linear,Linear Regression,0.5,-0.673085066037217,1.173085066037217
02_linear,Linear,Linear Regression,1.0,-2.8529501652556775,3.8529501652556775
02_linear,Linear,Linear Regression,11.5,14.191685933840247,-2.6916859338402475
02_linear,Linear,Linear Regression,6.0,11.592538945968656,-5.592538945968656
02_linear,Linear,Linear Regression,0.5,5.064277308958324,-4.564277308958324
02_linear,Linear,Linear Regression,1.5,19.21082846204054,-17.71082846204054
02_linear,Linear,Linear Regression,4.0,8.059449792424964,-4.059449792424964
02_linear,Linear,Linear Regression,2.5,-1.2816520479521643,3.7816520479521643
02_linear,Linear,Linear Regression,10.0,2.7798385427990695,7.2201614572009305
02_linear,Linear,Linear Regression,4.5,22.148999074664744,-17.648999074664744
02_linear,Linear,Linear Regression,3135.0,2421.712210208832,713.287789791168
02_linear,Linear,Linear Regression,24.0,32.6776270790443,-8.6776270790443
02_linear,Linear,Linear Regression,2.0,3.9598455121980294,-1.9598455121980294
02_linear,Linear,Linear Regression,8.0,8.289642942236725,-0.2896429422367248
02_linear,Linear,Linear Regression,1.5,3.236840355876282,-1.7368403558762822
02_linear,Linear,Linear Regression,1.5,3.6349101177347762,-2.1349101177347762
02_linear,Linear,Linear Regression,197.0,103.42502438250186,93.57497561749814
02_linear,Linear,Linear Regression,30.5,21.547619325957527,8.952380674042473
02_linear,Linear,Linear Regression,5.5,-1.7949735270903915,7.2949735270903915
02_linear,Linear,Linear Regression,0.5,-2.717607206524768,3.217607206524768
02_linear,Linear,Linear Regression,7.0,7.836001558936395,-0.8360015589363954
02_linear,Linear,Linear Regression,5.0,-4.908201270844685,9.908201270844685
02_linear,Linear,Linear Regression,7.0,23.549554722754053,-16.549554722754053
02_linear,Linear,Linear Regression,16.5,15.731471763018092,0.7685282369819078
02_linear,Linear,Linear Regression,0.5,6.6814848492378545,-6.1814848492378545
02_linear,Linear,Linear Regression,6.5,8.494362449604822,-1.9943624496048216
02_linear,Linear,Linear Regression,5.0,22.49471585978096,-17.49471585978096
02_linear,Linear,Linear Regression,0.5,5.059379927547418,-4.559379927547418
02_linear,Linear,Linear Regression,0.5,-0.8097594948550153,1.3097594948550153
02_linear,Linear,Linear Regression,20.0,15.446942177203141,4.553057822796859
02_linear,Linear,Linear Regression,28.0,27.728499405473016,0.2715005945269837
02_linear,Linear,Linear Regression,27.5,22.96086366265959,4.539136337340409
02_linear,Linear,Linear Regression,9.5,4.776709686666422,4.723290313333578
02_linear,Linear,Linear Regression,4.0,2.441475882384502,1.558524117615498
02_linear,Linear,Linear Regression,2.5,1.2551388255315743,1.2448611744684257
02_linear,Linear,Linear Regression,2.0,8.755300915963055,-6.755300915963055
02_linear,Linear,Linear Regression,0.5,3.194367964278385,-2.694367964278385
02_linear,Linear,Linear Regression,0.5,-0.04411827705571625,0.5441182770557162
02_linear,Linear,Linear Regression,9.0,10.417223842274623,-1.4172238422746233
02_linear,Linear,Linear Regression,6.5,-0.2525772009182532,6.752577200918253
02_linear,Linear,Linear Regression,0.5,2.796755696888809,-2.296755696888809
02_linear,Linear,Linear Regression,3.0,4.786370621526679,-1.7863706215266788
02_linear,Linear,Linear Regression,9.5,27.278559070586844,-17.778559070586844
02_linear,Linear,Linear Regression,19.0,-3.514307268413191,22.51430726841319
02_linear,Linear,Linear Regression,0.5,0.9553733320190787,-0.4553733320190787
02_linear,Linear,Linear Regression,0.5,6.015242771641809,-5.515242771641809
02_linear,Linear,Linear Regression,1.0,7.287913540793234,-6.287913540793234
02_linear,Linear,Linear Regression,12.0,63.542342399332156,-51.542342399332156
02_linear,Linear,Linear Regression,153.5,82.90354637560945,70.59645362439055
02_linear,Linear,Linear Regression,8.0,12.760465358326499,-4.760465358326499
02_linear,Linear,Linear Regression,4.0,4.7698261701917914,-0.7698261701917914
02_linear,Linear,Linear Regression,1.0,4.406357587994037,-3.4063575879940373
02_linear,Linear,Linear Regression,1.0,4.704445012675009,-3.7044450126750093
02_linear,Linear,Linear Regression,0.5,1.466838148879411,-0.9668381488794111
02_linear,Linear,Linear Regression,39.5,35.446206986319325,4.053793013680675
02_linear,Linear,Linear Regression,139.0,71.8905731912294,67.1094268087706
02_linear,Linear,Linear Regression,12.0,15.665080354481915,-3.6650803544819155
02_linear,Linear,Linear Regression,268.0,269.108070438905,-1.1080704389049743
02_linear,Linear,Linear Regression,0.5,6.113691833698979,-5.613691833698979
02_linear,Linear,Linear Regression,0.5,4.185980870432601,-3.6859808704326014
02_linear,Linear,Linear Regression,9.0,21.32642449475156,-12.32642449475156
02_linear,Linear,Linear Regression,6.5,24.71496264589653,-18.21496264589653
02_linear,Linear,Linear Regression,2.0,6.032899090464966,-4.032899090464966
02_linear,Linear,Linear Regression,0.5,1.961076108942919,-1.461076108942919
02_linear,Linear,Linear Regression,0.5,2.6216828013005795,-2.1216828013005795
02_linear,Linear,Linear Regression,1.5,-0.4478475620617388,1.9478475620617388
02_linear,Linear,Linear Regression,1.5,8.783091831745047,-7.283091831745047
02_linear,Linear,Linear Regression,3.0,1.1716436988561796,1.8283563011438204
02_linear,Linear,Linear Regression,25.5,21.20813365023109,4.29186634976891
02_linear,Linear,Linear Regression,1.5,3.832006426544723,-2.332006426544723
02_linear,Linear,Linear Regression,7.0,1.8261609709267645,5.1738390290732355
02_linear,Linear,Linear Regression,0.5,-3.158550934841955,3.658550934841955
02_linear,Linear,Linear Regression,0.5,-3.404348584597365,3.904348584597365
02_linear,Linear,Linear Regression,4.0,9.171057143299905,-5.171057143299905
02_linear,Linear,Linear Regression,10.0,10.528319011616688,-0.5283190116166878
02_linear,Linear,Linear Regression,138.5,83.4086520840119,55.091347915988095
02_linear,Linear,Linear Regression,4.5,1.7677392118321649,2.732260788167835
02_linear,Linear,Linear Regression,24.0,26.38733173761654,-2.3873317376165417
02_linear,Linear,Linear Regression,1.5,1.2579653517359333,0.24203464826406673
02_linear,Linear,Linear Regression,0.5,-2.9279114843712506,3.4279114843712506
02_linear,Linear,Linear Regression,0.5,2.21628195398371,-1.7162819539837102
02_linear,Linear,Linear Regression,1.5,-1.092337706222409,2.592337706222409
02_linear,Linear,Linear Regression,1.0,3.656306310060444,-2.656306310060444
02_linear,Linear,Linear Regression,6.0,3.6158039426835344,2.3841960573164656
02_linear,Linear,Linear Regression,31.0,13.660304639994308,17.339695360005692
02_linear,Linear,Linear Regression,1.0,8.287824346412492,-7.287824346412492
02_linear,Linear,Linear Regression,2.5,8.736411705281327,-6.236411705281327
02_linear,Linear,Linear Regression,550.0,539.251492505862,10.748507494138039
02_linear,Linear,Linear Regression,36.0,20.43683930370485,15.56316069629515
02_linear,Linear,Linear Regression,31.5,33.173062903219304,-1.6730629032193036
02_linear,Linear,Linear Regression,2.5,7.528549553660405,-5.028549553660405
02_linear,Linear,Linear Regression,0.5,-0.7144910794990125,1.2144910794990125
02_linear,Linear,Linear Regression,20.5,25.978821405211733,-5.4788214052117326
02_linear,Linear,Linear Regression,5.5,5.757137892622396,-0.2571378926223957
02_linear,Linear,Linear Regression,2.5,3.1617786792721887,-0.6617786792721887
02_linear,Linear,Linear Regression,20.5,8.941738706980132,11.558261293019868
02_linear,Linear,Linear Regression,1.0,11.27250410955861,-10.27250410955861
02_linear,Linear,Linear Regression,0.5,16.25292127998558,-15.752921279985578
02_linear,Linear,Linear Regression,1.0,-0.004338831381190289,1.0043388313811903
02_linear,Linear,Linear Regression,0.5,22.013893182729184,-21.513893182729184
02_linear,Linear,Linear Regression,3.0,5.665788114294898,-2.665788114294898
02_linear,Linear,Linear Regression,0.5,3.31945820861705,-2.81945820861705
02_linear,Linear,Linear Regression,0.5,-1.868812807503808,2.368812807503808
02_linear,Linear,Linear Regression,2.0,-0.7404091360353249,2.740409136035325
02_linear,Linear,Linear Regression,1.0,8.421406980530534,-7.421406980530534
02_linear,Linear,Linear Regression,5.5,1.1632341863563695,4.3367658136436305
02_linear,Linear,Linear Regression,29.5,28.022967576066875,1.4770324239331245
02_linear,Linear,Linear Regression,1.0,6.0193713354697564,-5.0193713354697564
02_linear,Linear,Linear Regression,44.0,25.315425842277747,18.684574157722253
02_linear,Linear,Linear Regression,0.5,3.038633102651616,-2.538633102651616
02_linear,Linear,Linear Regression,1.0,-4.202433526148738,5.202433526148738
02_linear,Linear,Linear Regression,1.0,6.561746489892343,-5.561746489892343
02_linear,Linear,Linear Regression,0.5,1.6428739098725345,-1.1428739098725345
02_linear,Linear,Linear Regression,1.5,0.8692243508696862,0.6307756491303138
02_linear,Linear,Linear Regression,0.5,19.15646257209685,-18.65646257209685
02_linear,Linear,Linear Regression,0.5,3.7699325123199543,-3.2699325123199543
02_linear,Linear,Linear Regression,1.0,5.344696849214515,-4.344696849214515
02_linear,Linear,Linear Regression,1691.0,2341.7404878483194,-650.7404878483194
02_linear,Linear,Linear Regression,0.5,0.4896753847297788,0.010324615270221216
02_linear,Linear,Linear Regression,1.5,7.438528587355464,-5.938528587355464
02_linear,Linear,Linear Regression,1.5,2.619422888591302,-1.119422888591302
02_linear,Linear,Linear Regression,1.0,27.003081483121242,-26.003081483121242
02_linear,Linear,Linear Regression,0.5,-2.403193588377448,2.903193588377448
02_linear,Linear,Linear Regression,0.5,8.00336790104744,-7.50336790104744
02_linear,Linear,Linear Regression,6.0,8.22492279237953,-2.2249227923795303
02_linear,Linear,Linear Regression,1.5,2.707725081154834,-1.207725081154834
02_linear,Linear,Linear Regression,0.5,3.008467896959118,-2.508467896959118
02_linear,Linear,Linear Regression,3.0,7.672078084812213,-4.672078084812213
02_linear,Linear,Linear Regression,0.5,1.1063672982389647,-0.6063672982389647
02_linear,Linear,Linear Regression,23.5,22.71072445555984,0.7892755444401587
02_linear,Linear,Linear Regression,1.0,-0.690013046486726,1.690013046486726
02_linear,Linear,Linear Regression,2.5,3.633035004773845,-1.133035004773845
02_linear,Linear,Linear Regression,0.5,1.1431427158448315,-0.6431427158448315
02_linear,Linear,Linear Regression,0.5,9.075785904943437,-8.575785904943437
02_linear,Linear,Linear Regression,4.0,10.27104323415115,-6.271043234151151
02_linear,Linear,Linear Regression,41.0,26.9362578296551,14.063742170344899
02_linear,Linear,Linear Regression,0.5,4.578124251051612,-4.078124251051612
02_linear,Linear,Linear Regression,0.5,0.8943047245470694,-0.39430472454706944
02_linear,Linear,Linear Regression,23.0,13.788588076680355,9.211411923319645
02_linear,Linear,Linear Regression,3.0,11.374806046695525,-8.374806046695525
02_linear,Linear,Linear Regression,0.5,5.409084653414055,-4.909084653414055
02_linear,Linear,Linear Regression,1.0,9.843128337882845,-8.843128337882845
02_linear,Linear,Linear Regression,0.5,4.749436908162707,-4.249436908162707
02_linear,Linear,Linear Regression,8.5,1.561670933171058,6.938329066828942
02_linear,Linear,Linear Regression,1.5,5.921742559386374,-4.421742559386374
02_linear,Linear,Linear Regression,2.0,1.6328248827225949,0.36717511727740515
02_linear,Linear,Linear Regression,0.5,2.8509600370663506,-2.3509600370663506
02_linear,Linear,Linear Regression,4.0,4.941858737491742,-0.9418587374917422
02_linear,Linear,Linear Regression,0.5,-1.2851950471630076,1.7851950471630076
02_linear,Linear,Linear Regression,13.5,21.207774747644358,-7.707774747644358
02_linear,Linear,Linear Regression,7.0,24.360370250748026,-17.360370250748026
02_linear,Linear,Linear Regression,1.0,-0.07313558622776384,1.0731355862277638
02_linear,Linear,Linear Regression,1.5,1.8456265111026937,-0.3456265111026937
02_linear,Linear,Linear Regression,0.5,-2.0676192830424185,2.5676192830424185
02_linear,Linear,Linear Regression,10.0,8.972149148803261,1.0278508511967388
02_linear,Linear,Linear Regression,5.0,1.1713075966700686,3.8286924033299314
02_linear,Linear,Linear Regression,0.5,-1.7398668609670125,2.2398668609670125
02_linear,Linear,Linear Regression,0.5,9.234156696979184,-8.734156696979184
02_linear,Linear,Linear Regression,1.5,7.4317925147726385,-5.9317925147726385
02_linear,Linear,Linear Regression,5.5,9.882142526692562,-4.3821425266925615
02_linear,Linear,Linear Regression,4.5,5.481372828219683,-0.9813728282196834
02_linear,Linear,Linear Regression,3.0,6.103663273452852,-3.1036632734528524
02_linear,Linear,Linear Regression,3.5,2.96243083728438,0.53756916271562
02_linear,Linear,Linear Regression,129.0,100.37296510263555,28.627034897364453
02_linear,Linear,Linear Regression,1.0,8.795192488132116,-7.795192488132116
02_linear,Linear,Linear Regression,3598.0,1848.0932987493015,1749.9067012506985
02_linear,Linear,Linear Regression,3.0,0.8464569701405296,2.1535430298594704
02_linear,Linear,Linear Regression,0.5,26.07280094969221,-25.57280094969221
02_linear,Linear,Linear Regression,24.0,24.38568656979953,-0.38568656979953175
02_linear,Linear,Linear Regression,24.5,29.911841376427176,-5.411841376427176
02_linear,Linear,Linear Regression,1.0,3.162114212502715,-2.162114212502715
02_linear,Linear,Linear Regression,5.0,6.478743243548081,-1.478743243548081
02_linear,Linear,Linear Regression,2.0,3.7647150758330525,-1.7647150758330525
02_linear,Linear,Linear Regression,2.0,3.944241618368963,-1.944241618368963
02_linear,Linear,Linear Regression,10.0,24.047434651897817,-14.047434651897817
02_linear,Linear,Linear Regression,199.0,95.93991304976315,103.06008695023685
02_linear,Linear,Linear Regression,7.0,2.9962429968511444,4.003757003148856
02_linear,Linear,Linear Regression,2.0,-0.6532610467295825,2.6532610467295825
02_linear,Linear,Linear Regression,10.5,41.55347444871484,-31.053474448714837
02_linear,Linear,Linear Regression,19.5,23.600261986653713,-4.100261986653713
02_linear,Linear,Linear Regression,0.5,1.9720659733387578,-1.4720659733387578
02_linear,Linear,Linear Regression,5.0,5.485515072384899,-0.4855150723848993
02_linear,Linear,Linear Regression,2.0,9.476363565173827,-7.476363565173827
02_linear,Linear,Linear Regression,5.0,5.38432169853094,-0.38432169853093967
02_linear,Linear,Linear Regression,0.5,0.9964177063497388,-0.4964177063497388
02_linear,Linear,Linear Regression,0.5,6.482988374316598,-5.982988374316598
02_linear,Linear,Linear Regression,0.5,2.8398585067793505,-2.3398585067793505
02_linear,Linear,Linear Regression,0.5,-2.786667383972855,3.286667383972855
02_linear,Linear,Linear Regression,1.5,-2.7492268280266643,4.249226828026664
02_linear,Linear,Linear Regression,4.5,32.70924517841826,-28.209245178418257
02_linear,Linear,Linear Regression,456.0,438.1730104159943,17.826989584005673
02_linear,Linear,Linear Regression,13.5,17.357295903009685,-3.8572959030096854
02_linear,Linear,Linear Regression,5.0,-0.6855223004578335,5.6855223004578335
02_linear,Linear,Linear Regression,3.0,5.772419682876347,-2.7724196828763468
02_linear,Linear,Linear Regression,23.0,16.83916808865976,6.160831911340239
02_linear,Linear,Linear Regression,15.0,18.504359982578492,-3.5043599825784923
02_linear,Linear,Linear Regression,463.0,395.95850033262445,67.04149966737555
02_linear,Linear,Linear Regression,0.5,3.6278071580078404,-3.1278071580078404
02_linear,Linear,Linear Regression,0.5,-1.2922436870371286,1.7922436870371286
02_linear,Linear,Linear Regression,0.5,8.174222463325506,-7.674222463325506
02_linear,Linear,Linear Regression,0.5,5.551779951553655,-5.051779951553655
02_linear,Linear,Linear Regression,4.0,11.166888226829556,-7.166888226829556
02_linear,Linear,Linear Regression,7.0,1.7889572878301294,5.211042712169871
02_linear,Linear,Linear Regression,0.5,0.24414964462521027,0.25585035537478973
02_linear,Linear,Linear Regression,338.0,246.90272357047456,91.09727642952544
02_linear,Linear,Linear Regression,1.5,10.29757029199034,-8.79757029199034
02_linear,Linear,Linear Regression,28.5,25.188089274118624,3.3119107258813756
02_linear,Linear,Linear Regression,0.5,-1.2086523153714666,1.7086523153714666
02_linear,Linear,Linear Regression,14.5,30.771316292406347,-16.271316292406347
02_linear,Linear,Linear Regression,61.5,59.100318219374245,2.3996817806257553
02_linear,Linear,Linear Regression,11.0,16.941007200757262,-5.941007200757262
02_linear,Linear,Linear Regression,1.0,0.2923355590672969,0.7076644409327031
02_linear,Linear,Linear Regression,2.0,9.78617648316586,-7.78617648316586
02_linear,Linear,Linear Regression,11.0,11.981516478666535,-0.9815164786665349
02_linear,Linear,Linear Regression,1939.0,1470.0614007716988,468.9385992283012
02_linear,Linear,Linear Regression,93.0,373.41895694133314,-280.41895694133314
02_linear,Linear,Linear Regression,22.0,24.956004634837456,-2.9560046348374556
02_linear,Linear,Linear Regression,2.5,8.885670929681126,-6.385670929681126
02_linear,Linear,Linear Regression,11.5,17.706553209568916,-6.206553209568916
02_linear,Linear,Linear Regression,1.5,1.4108355611933376,0.08916443880666236
02_linear,Linear,Linear Regression,13.5,23.612340293527097,-10.112340293527097
02_linear,Linear,Linear Regression,4.5,8.072177738819342,-3.5721777388193416
02_linear,Linear,Linear Regression,5.5,8.824244026716698,-3.3242440267166984
02_linear,Linear,Linear Regression,2.5,1.6975469750121803,0.8024530249878197
02_linear,Linear,Linear Regression,0.5,-0.5063478118477889,1.0063478118477889
02_linear,Linear,Linear Regression,28.0,15.875988965723351,12.124011034276649
02_linear,Linear,Linear Regression,2.0,1.3999007287620344,0.6000992712379656
02_linear,Linear,Linear Regression,24.5,26.02780032142472,-1.5278003214247207
02_linear,Linear,Linear Regression,9.0,4.387428299323858,4.612571700676142
02_linear,Linear,Linear Regression,3.0,10.617075575047025,-7.617075575047025
02_linear,Linear,Linear Regression,2.0,4.958373474146889,-2.958373474146889
02_linear,Linear,Linear Regression,11.5,18.315562754151316,-6.8155627541513155
02_linear,Linear,Linear Regression,12.5,4.738145654861924,7.761854345138076
02_linear,Linear,Linear Regression,4.0,25.369289931373274,-21.369289931373274
02_linear,Linear,Linear Regression,2.5,0.7212141037137698,1.7787858962862302
02_linear,Linear,Linear Regression,0.5,-1.6395801995555317,2.1395801995555317
02_linear,Linear,Linear Regression,0.5,-2.214308937588285,2.714308937588285
02_linear,Linear,Linear Regression,0.5,5.905657059375706,-5.405657059375706
02_linear,Linear,Linear Regression,2.0,1.854662347345382,0.14533765265461795
02_linear,Linear,Linear Regression,4.5,6.88275454557386,-2.38275454557386
02_linear,Linear,Linear Regression,22.0,27.854825683809516,-5.854825683809516
02_linear,Linear,Linear Regression,28.5,15.292445243772278,13.207554756227722
02_linear,Linear,Linear Regression,24.0,25.405302385196478,-1.405302385196478
02_linear,Linear,Linear Regression,1.0,2.0242779334787,-1.0242779334787002
02_linear,Linear,Linear Regression,7.0,6.454931952472485,0.5450680475275149
02_linear,Linear,Linear Regression,1.5,15.509942131333574,-14.009942131333574
02_linear,Linear,Linear Regression,1.5,-0.7527299912486711,2.252729991248671
02_linear,Linear,Linear Regression,2.0,-0.38252271590270936,2.3825227159027094
02_linear,Linear,Linear Regression,14.0,21.29639276727317,-7.2963927672731685
02_linear,Linear,Linear Regression,27.0,28.324946471420063,-1.3249464714200627
02_linear,Linear,Linear Regression,23.5,30.522398664939978,-7.022398664939978
02_linear,Linear,Linear Regression,149.5,66.41420700186453,83.08579299813547
02_linear,Linear,Linear Regression,2.5,8.676522495152646,-6.176522495152646
02_linear,Linear,Linear Regression,0.5,4.9417160815347,-4.4417160815347
02_linear,Linear,Linear Regression,1.0,9.824863399975243,-8.824863399975243
02_linear,Linear,Linear Regression,1.0,8.660113327269748,-7.660113327269748
02_linear,Linear,Linear Regression,3.5,6.9334984897097485,-3.4334984897097485
02_linear,Linear,Linear Regression,1.0,7.660239471414549,-6.660239471414549
02_linear,Linear,Linear Regression,3.0,5.0848078440967726,-2.0848078440967726
02_linear,Linear,Linear Regression,9.0,4.5410762276729315,4.4589237723270685
02_linear,Linear,Linear Regression,4.0,4.0907659970534525,-0.09076599705345245
02_linear,Linear,Linear Regression,11.5,23.088265152454554,-11.588265152454554
02_linear,Linear,Linear Regression,0.5,7.243330295248349,-6.743330295248349
02_linear,Linear,Linear Regression,28.5,19.01619658818194,9.483803411818059
02_linear,Linear,Linear Regression,0.5,2.949900753904913,-2.449900753904913
02_linear,Linear,Linear Regression,0.5,-0.47814633098879256,0.9781463309887926
02_linear,Linear,Linear Regression,35.5,30.303565897146072,5.196434102853928
02_linear,Linear,Linear Regression,6.5,-21.801425392321292,28.301425392321292
02_linear,Linear,Linear Regression,3.5,2.7305355067735064,0.7694644932264936
02_linear,Linear,Linear Regression,539.0,332.88230010201914,206.11769989798086
02_linear,Linear,Linear Regression,2.0,13.673650039014937,-11.673650039014937
02_linear,Linear,Linear Regression,33.5,27.911833437653,5.5881665623469985
02_linear,Linear,Linear Regression,4.0,4.172208264201814,-0.17220826420181368
02_linear,Linear,Linear Regression,4.0,-0.476826218876667,4.476826218876667
02_linear,Linear,Linear Regression,3.0,6.353846673086522,-3.3538466730865224
02_linear,Linear,Linear Regression,26.5,24.779887202316274,1.7201127976837256
02_linear,Linear,Linear Regression,0.5,2.4359791308537098,-1.9359791308537098
02_linear,Linear,Linear Regression,4.5,10.714451756620988,-6.2144517566209885
02_linear,Linear,Linear Regression,1.5,-3.1845148757225985,4.6845148757225985
02_linear,Linear,Linear Regression,3.0,0.817854886264513,2.182145113735487
02_linear,Linear,Linear Regression,0.5,-0.2458840193566374,0.7458840193566374
02_linear,Linear,Linear Regression,0.5,-2.9202126881911994,3.4202126881911994
02_linear,Linear,Linear Regression,0.5,0.09054425324332271,0.4094557467566773
02_linear,Linear,Linear Regression,1.0,18.2591979688503,-17.2591979688503
02_linear,Linear,Linear Regression,0.5,4.877168000834885,-4.377168000834885
02_linear,Linear,Linear Regression,3.0,9.323969275516177,-6.323969275516177
02_linear,Linear,Linear Regression,0.5,2.0112663115013447,-1.5112663115013447
02_linear,Linear,Linear Regression,2.0,6.835609376522854,-4.835609376522854
02_linear,Linear,Linear Regression,1.0,-4.978211597640993,5.978211597640993
02_linear,Linear,Linear Regression,26.0,21.879862356899654,4.120137643100346
02_linear,Linear,Linear Regression,3.0,19.66417861970222,-16.66417861970222
02_linear,Linear,Linear Regression,22.0,44.266109951422166,-22.266109951422166
02_linear,Linear,Linear Regression,0.5,1.0850533746496538,-0.5850533746496538
02_linear,Linear,Linear Regression,17.5,5.983044579712342,11.516955420287658
02_linear,Linear,Linear Regression,1.5,5.175182816101817,-3.6751828161018167
02_linear,Linear,Linear Regression,0.5,2.636195577821738,-2.136195577821738
02_linear,Linear,Linear Regression,509.0,303.62251901982756,205.37748098017244
02_linear,Linear,Linear Regression,1.0,17.041586568152034,-16.041586568152034
02_linear,Linear,Linear Regression,2.0,4.135748265619455,-2.135748265619455
02_linear,Linear,Linear Regression,25.0,19.988157134712182,5.011842865287818
02_linear,Linear,Linear Regression,2.0,5.845282012820917,-3.845282012820917
02_linear,Linear,Linear Regression,1.5,-0.3080075356472065,1.8080075356472065
02_linear,Linear,Linear Regression,2.0,6.4289843739143535,-4.4289843739143535
02_linear,Linear,Linear Regression,11.0,11.883601403446285,-0.8836014034462849
02_linear,Linear,Linear Regression,0.5,-3.6162424095319494,4.116242409531949
02_linear,Linear,Linear Regression,11.5,13.213937645195905,-1.7139376451959052
02_linear,Linear,Linear Regression,0.5,5.466703581182529,-4.966703581182529
02_linear,Linear,Linear Regression,1.0,5.786118192541991,-4.786118192541991
02_linear,Linear,Linear Regression,1.0,9.44326846583408,-8.44326846583408
02_linear,Linear,Linear Regression,0.5,7.920774015679648,-7.420774015679648
02_linear,Linear,Linear Regression,12.5,40.18768186522901,-27.68768186522901
02_linear,Linear,Linear Regression,35.5,21.82955260636657,13.670447393633431
02_linear,Linear,Linear Regression,21.0,9.348412232183627,11.651587767816373
02_linear,Linear,Linear Regression,1.5,10.279895994224333,-8.779895994224333
02_linear,Linear,Linear Regression,5.5,22.942449709407754,-17.442449709407754
02_linear,Linear,Linear Regression,2.5,6.730932859812917,-4.230932859812917
02_linear,Linear,Linear Regression,0.5,2.899654829489762,-2.399654829489762
02_linear,Linear,Linear Regression,3.0,-0.9138380486119502,3.91383804861195
02_linear,Linear,Linear Regression,24.0,26.58093321547176,-2.5809332154717595
02_linear,Linear,Linear Regression,1.5,16.59174386374015,-15.091743863740149
02_linear,Linear,Linear Regression,4.5,1.9264700352523079,2.573529964747692
02_linear,Linear,Linear Regression,0.5,21.758974859782946,-21.258974859782946
02_linear,Linear,Linear Regression,0.5,6.14231012136667,-5.64231012136667
02_linear,Linear,Linear Regression,26.5,10.07500871241136,16.42499128758864
02_linear,Linear,Linear Regression,1.5,2.8457134386453475,-1.3457134386453475
02_linear,Linear,Linear Regression,31.0,16.662782774664194,14.337217225335806
02_linear,Linear,Linear Regression,6.0,-10.418472470867798,16.418472470867798
02_linear,Linear,Linear Regression,22.5,-1.7912359037989773,24.291235903798977
02_linear,Linear,Linear Regression,0.5,-4.577392686890391,5.077392686890391
02_linear,Linear,Linear Regression,7.5,11.912326584050064,-4.412326584050064
02_linear,Linear,Linear Regression,2.0,3.9124186871139415,-1.9124186871139415
02_linear,Linear,Linear Regression,3.0,4.770141521567055,-1.770141521567055
02_linear,Linear,Linear Regression,36.0,15.923978893043866,20.076021106956134
02_linear,Linear,Linear Regression,0.5,-7.20103636872976,7.70103636872976
02_linear,Linear,Linear Regression,129.0,99.14952028210543,29.850479717894572
02_linear,Linear,Linear Regression,21.5,16.425029004977105,5.074970995022895
02_linear,Linear,Linear Regression,5.0,12.868574852541741,-7.868574852541741
02_linear,Linear,Linear Regression,0.5,23.987029644577582,-23.487029644577582
02_linear,Linear,Linear Regression,1.0,0.3747077026445851,0.6252922973554149
02_linear,Linear,Linear Regression,1.5,6.7021754864511465,-5.2021754864511465
02_linear,Linear,Linear Regression,4.0,7.101208746355304,-3.1012087463553044
02_linear,Linear,Linear Regression,1.5,9.028156927556083,-7.528156927556083
02_linear,Linear,Linear Regression,0.5,-3.9905998616390974,4.490599861639097
02_linear,Linear,Linear Regression,0.5,-2.553434785594881,3.053434785594881
02_linear,Linear,Linear Regression,5.0,-1.935105401028423,6.935105401028423
02_linear,Linear,Linear Regression,0.5,0.7249246809758034,-0.22492468097580343
02_linear,Linear,Linear Regression,3.0,6.6351627693605195,-3.6351627693605195
02_linear,Linear,Linear Regression,0.5,2.6819443222207866,-2.1819443222207866
02_linear,Linear,Linear Regression,25.5,7.746235874957549,17.75376412504245
02_linear,Linear,Linear Regression,1.5,12.603656121691571,-11.103656121691571
02_linear,Linear,Linear Regression,59.0,26.703999783309257,32.29600021669074
02_linear,Linear,Linear Regression,0.5,0.24128130637767242,0.2587186936223276
02_linear,Linear,Linear Regression,9.5,27.240925721776236,-17.740925721776236
02_linear,Linear,Linear Regression,0.5,19.368734246120262,-18.868734246120262
02_linear,Linear,Linear Regression,12.0,15.521013024087225,-3.5210130240872246
02_linear,Linear,Linear Regression,154.0,81.80337752349125,72.19662247650875
02_linear,Linear,Linear Regression,0.5,-2.0349410047798955,2.5349410047798955
02_linear,Linear,Linear Regression,6.5,24.469292432266727,-17.969292432266727
02_linear,Linear,Linear Regression,2.5,11.313584364764026,-8.813584364764026
02_linear,Linear,Linear Regression,3.0,7.040196110899906,-4.040196110899906
02_linear,Linear,Linear Regression,7.0,19.18434640867003,-12.18434640867003
02_linear,Linear,Linear Regression,2.0,-5.051203282912795,7.051203282912795
02_linear,Linear,Linear Regression,7.0,12.067769368878935,-5.067769368878935
02_linear,Linear,Linear Regression,2.0,10.610195276452046,-8.610195276452046
02_linear,Linear,Linear Regression,25.5,20.87989507464681,4.620104925353189
02_linear,Linear,Linear Regression,1.5,4.068705488731993,-2.568705488731993
02_linear,Linear,Linear Regression,13.5,12.893599617127464,0.6064003828725362
02_linear,Linear,Linear Regression,0.5,9.165716096383328,-8.665716096383328
02_linear,Linear,Linear Regression,46.0,33.45374535008244,12.546254649917557
02_linear,Linear,Linear Regression,0.5,-1.1340696396570848,1.6340696396570848
02_linear,Linear,Linear Regression,1.0,14.245815695837337,-13.245815695837337
02_linear,Linear,Linear Regression,6.5,24.26561718474356,-17.76561718474356
02_linear,Linear,Linear Regression,0.5,15.97466829828467,-15.47466829828467
02_linear,Linear,Linear Regression,24.5,11.396312672269566,13.103687327730434
02_linear,Linear,Linear Regression,0.5,2.013448126256506,-1.513448126256506
02_linear,Linear,Linear Regression,2.0,6.907943119326333,-4.907943119326333
02_linear,Linear,Linear Regression,2.5,-2.824573163899686,5.324573163899686
02_linear,Linear,Linear Regression,130.5,47.947428368249504,82.5525716317505
02_linear,Linear,Linear Regression,3.0,15.698530760190287,-12.698530760190287
02_linear,Linear,Linear Regression,0.5,-3.275173447644022,3.775173447644022
02_linear,Linear,Linear Regression,32.5,47.65774833974663,-15.157748339746632
02_linear,Linear,Linear Regression,17.0,20.26106591989197,-3.261065919891969
02_linear,Linear,Linear Regression,0.5,4.4156326176952945,-3.9156326176952945
02_linear,Linear,Linear Regression,6.5,8.388193895579235,-1.888193895579235
02_linear,Linear,Linear Regression,0.5,-2.005545064174761,2.505545064174761
02_linear,Linear,Linear Regression,0.5,21.35506122379192,-20.85506122379192
02_linear,Linear,Linear Regression,7.0,15.50815324854679,-8.50815324854679
02_linear,Linear,Linear Regression,2.5,7.308043813630825,-4.808043813630825
02_linear,Linear,Linear Regression,1.0,10.151741462617203,-9.151741462617203
02_linear,Linear,Linear Regression,1.0,-17.535552114278246,18.535552114278246
02_linear,Linear,Linear Regression,5.0,7.877923391093461,-2.8779233910934607
02_linear,Linear,Linear Regression,3.5,5.373162050633944,-1.873162050633944
02_linear,Linear,Linear Regression,1.0,1.8892702090254687,-0.8892702090254687
02_linear,Linear,Linear Regression,0.5,0.27575437202200703,0.22424562797799297
02_linear,Linear,Linear Regression,4.5,22.578640524187108,-18.078640524187108
02_linear,Linear,Linear Regression,1.0,-2.2306000765963034,3.2306000765963034
02_linear,Linear,Linear Regression,0.5,-6.916918254312279,7.416918254312279
02_linear,Linear,Linear Regression,3.0,4.228386564228558,-1.2283865642285576
02_linear,Linear,Linear Regression,3.5,24.032115380969344,-20.532115380969344
02_linear,Linear,Linear Regression,6.0,10.857990286188937,-4.857990286188937
02_linear,Linear,Linear Regression,3.0,12.448683207779752,-9.448683207779752
02_linear,Linear,Linear Regression,1.5,8.985821813701335,-7.485821813701335
02_linear,Linear,Linear Regression,0.5,-4.213970941383266,4.713970941383266
02_linear,Linear,Linear Regression,113.0,53.14024462588823,59.85975537411177
02_linear,Linear,Linear Regression,0.5,12.189557993359543,-11.689557993359543
02_linear,Linear,Linear Regression,4.0,22.401912992901252,-18.401912992901252
02_linear,Linear,Linear Regression,1.5,-1.0211071272377836,2.5211071272377836
02_linear,Linear,Linear Regression,3.0,11.115369115991953,-8.115369115991953
02_linear,Linear,Linear Regression,83.0,158.7171873128511,-75.71718731285111
02_linear,Linear,Linear Regression,15.5,16.077722577880877,-0.577722577880877
02_linear,Linear,Linear Regression,2.5,5.146895520415363,-2.646895520415363
02_linear,Linear,Linear Regression,15.5,25.22343176113118,-9.723431761131181
02_linear,Linear,Linear Regression,7.5,4.249495533351833,3.2505044666481666
02_linear,Linear,Linear Regression,3.5,10.359214310948303,-6.859214310948303
02_linear,Linear,Linear Regression,1.5,10.176071421701522,-8.676071421701522
02_linear,Linear,Linear Regression,4.0,1.9467097104950284,2.0532902895049716
02_linear,Linear,Linear Regression,181.5,90.17318612987444,91.32681387012556
02_linear,Linear,Linear Regression,0.5,-5.210112354236962,5.710112354236962
02_linear,Linear,Linear Regression,152.5,80.20295862365965,72.29704137634035
02_linear,Linear,Linear Regression,1.5,-1.5482400194711943,3.0482400194711943
02_linear,Linear,Linear Regression,0.5,-2.4464019570900604,2.9464019570900604
02_linear,Linear,Linear Regression,0.5,1.7650587787012029,-1.2650587787012029
02_linear,Linear,Linear Regression,0.5,-3.0365378866503505,3.5365378866503505
02_linear,Linear,Linear Regression,7.5,6.281604046918204,1.2183959530817958
02_linear,Linear,Linear Regression,17.0,21.710843029883975,-4.710843029883975
02_linear,Linear,Linear Regression,0.5,-0.2480723875627433,0.7480723875627433
02_linear,Linear,Linear Regression,3.5,3.5208921311157013,-0.020892131115701318
02_linear,Linear,Linear Regression,0.5,1.0910042086853338,-0.5910042086853338
02_linear,Linear,Linear Regression,0.5,-3.372185927448797,3.872185927448797
02_linear,Linear,Linear Regression,7.5,4.273699410582161,3.226300589417839
02_linear,Linear,Linear Regression,4.5,1.8522189422209792,2.647781057779021
02_linear,Linear,Linear Regression,0.5,0.3978524480119887,0.10214755198801129
02_linear,Linear,Linear Regression,0.5,17.0823438630539,-16.5823438630539
02_linear,Linear,Linear Regression,2.0,0.8390771245384911,1.1609228754615089
02_linear,Linear,Linear Regression,1.0,2.037112694012478,-1.0371126940124782
02_linear,Linear,Linear Regression,3.5,19.136061526175546,-15.636061526175546
02_linear,Linear,Linear Regression,1.5,4.281769333285872,-2.7817693332858724
02_linear,Linear,Linear Regression,20.5,13.298619603063159,7.201380396936841
02_linear,Linear,Linear Regression,0.5,-3.004000163952483,3.504000163952483
02_linear,Linear,Linear Regression,12.0,17.905396395347097,-5.905396395347097
02_linear,Linear,Linear Regression,1.5,4.503247537787473,-3.003247537787473
02_linear,Linear,Linear Regression,5.0,2.1839272256707005,2.8160727743292995
02_linear,Linear,Linear Regression,2.5,4.240348787267273,-1.7403487872672727
02_linear,Linear,Linear Regression,0.5,-0.19246175971231594,0.6924617597123159
02_linear,Linear,Linear Regression,0.5,6.537799516773461,-6.037799516773461
02_linear,Linear,Linear Regression,398.0,383.3862650327969,14.613734967203072
02_linear,Linear,Linear Regression,0.5,-2.5946301305760784,3.0946301305760784
02_linear,Linear,Linear Regression,1.5,-0.09069626921423435,1.5906962692142343
02_linear,Linear,Linear Regression,4.0,8.063129415608657,-4.063129415608657
02_linear,Linear,Linear Regression,3.5,-2.001587229826285,5.501587229826285
02_linear,Linear,Linear Regression,1.5,2.1766674268078106,-0.6766674268078106
02_linear,Linear,Linear Regression,0.5,-1.232480142424933,1.732480142424933
02_linear,Linear,Linear Regression,8.0,14.313362842247905,-6.313362842247905
02_linear,Linear,Linear Regression,25.0,9.124321162183875,15.875678837816125
02_linear,Linear,Linear Regression,1.5,8.956161566771648,-7.456161566771648
02_linear,Linear,Linear Regression,1.5,3.7124476486458065,-2.2124476486458065
02_linear,Linear,Linear Regression,4.0,9.761294530907357,-5.761294530907357
02_linear,Linear,Linear Regression,6.5,25.08883091304729,-18.58883091304729
02_linear,Linear,Linear Regression,142.0,58.94818591317075,83.05181408682925
02_linear,Linear,Linear Regression,30.0,20.847191142475808,9.152808857524192
02_linear,Linear,Linear Regression,2.5,1.0044096021270832,1.4955903978729168
02_linear,Linear,Linear Regression,5.5,1.6041144661994622,3.895885533800538
02_linear,Linear,Linear Regression,0.5,-1.502583677005319,2.002583677005319
02_linear,Linear,Linear Regression,0.5,20.139620310313795,-19.639620310313795
02_linear,Linear,Linear Regression,4.0,20.199065814332528,-16.199065814332528
02_linear,Linear,Linear Regression,6.0,23.145179076024686,-17.145179076024686
02_linear,Linear,Linear Regression,5.5,10.226462818872562,-4.726462818872562
02_linear,Linear,Linear Regression,1.0,12.649928472923023,-11.649928472923023
02_linear,Linear,Linear Regression,1.0,3.3451742852421233,-2.3451742852421233
02_linear,Linear,Linear Regression,0.5,-1.9241880073656574,2.4241880073656574
02_linear,Linear,Linear Regression,50.5,59.6680217013875,-9.168021701387502
02_linear,Linear,Linear Regression,2.0,0.6582042377862791,1.3417957622137209
02_linear,Linear,Linear Regression,0.5,18.121660116048112,-17.621660116048112
02_linear,Linear,Linear Regression,76.0,124.88338500975387,-48.883385009753866
02_linear,Linear,Linear Regression,0.5,3.481872218475843,-2.981872218475843
02_linear,Linear,Linear Regression,0.5,0.7230634018890356,-0.22306340188903562
02_linear,Linear,Linear Regression,8.5,6.598300882758352,1.9016991172416482
02_linear,Linear,Linear Regression,31.0,11.994158098458499,19.0058419015415
02_linear,Linear,Linear Regression,3.0,3.3035175390427725,-0.30351753904277246
02_linear,Linear,Linear Regression,37.5,40.933909286732714,-3.433909286732714
02_linear,Linear,Linear Regression,2.0,7.293825419553329,-5.293825419553329
02_linear,Linear,Linear Regression,15.5,34.38430400370284,-18.884304003702837
02_linear,Linear,Linear Regression,0.5,1.5717994003407725,-1.0717994003407725
02_linear,Linear,Linear Regression,6.0,11.843715713163391,-5.843715713163391
02_linear,Linear,Linear Regression,0.5,2.86551656370294,-2.36551656370294
02_linear,Linear,Linear Regression,6.0,25.537524071144205,-19.537524071144205
02_linear,Linear,Linear Regression,5.5,-2.9404393678917558,8.440439367891756
02_linear,Linear,Linear Regression,3.0,8.880511674980383,-5.880511674980383
02_linear,Linear,Linear Regression,0.5,1.456303662157083,-0.9563036621570831
02_linear,Linear,Linear Regression,0.5,2.2423547320333768,-1.7423547320333768
02_linear,Linear,Linear Regression,2.5,1.4430228697681429,1.0569771302318571
02_linear,Linear,Linear Regression,0.5,0.43920551416086084,0.060794485839139156
02_linear,Linear,Linear Regression,1.5,2.3634476776030766,-0.8634476776030766
02_linear,Linear,Linear Regression,30.0,21.16583052205803,8.83416947794197
02_linear,Linear,Linear Regression,17.5,26.84149806332711,-9.341498063327109
02_linear,Linear,Linear Regression,1.0,-0.7413728192635034,1.7413728192635034
02_linear,Linear,Linear Regression,0.5,5.520659276219021,-5.020659276219021
02_linear,Linear,Linear Regression,0.5,-5.043042055798267,5.543042055798267
02_linear,Linear,Linear Regression,1.0,3.4756885078763986,-2.4756885078763986
02_linear,Linear,Linear Regression,17.5,42.07966350413925,-24.579663504139248
02_linear,Linear,Linear Regression,1.0,-2.3372011674009485,3.3372011674009485
02_linear,Linear,Linear Regression,1.0,-3.0362248554434217,4.036224855443422
02_linear,Linear,Linear Regression,0.5,-0.7863244212230001,1.286324421223
02_linear,Linear,Linear Regression,1.5,0.67808849409532,0.82191150590468
02_linear,Linear,Linear Regression,7.0,9.293264279782925,-2.2932642797829246
02_linear,Linear,Linear Regression,4.5,1.5602642734845844,2.9397357265154156
02_linear,Linear,Linear Regression,1.0,3.8133348219017122,-2.8133348219017122
02_linear,Linear,Linear Regression,4.5,7.3084784832734755,-2.8084784832734755
02_linear,Linear,Linear Regression,3.5,8.328710503748638,-4.828710503748638
02_linear,Linear,Linear Regression,0.5,-1.1735582799449986,1.6735582799449986
02_linear,Linear,Linear Regression,2.5,-2.6072761908384976,5.107276190838498
02_linear,Linear,Linear Regression,0.5,1.6290193561610664,-1.1290193561610664
02_linear,Linear,Linear Regression,78.5,53.11036063229416,25.38963936770584
02_linear,Linear,Linear Regression,0.5,2.743937061738677,-2.243937061738677
02_linear,Linear,Linear Regression,15.0,24.454171075857253,-9.454171075857253
02_linear,Linear,Linear Regression,20.0,7.462892055784167,12.537107944215833
02_linear,Linear,Linear Regression,0.5,3.9061598463185874,-3.4061598463185874
02_linear,Linear,Linear Regression,1.0,-1.7279726295978293,2.7279726295978293
02_linear,Linear,Linear Regression,5.0,2.7563100169953145,2.2436899830046855
02_linear,Linear,Linear Regression,1.5,-2.7995845980658913,4.299584598065891
02_linear,Linear,Linear Regression,2.0,-1.2955406154215012,3.2955406154215012
02_linear,Linear,Linear Regression,6.5,3.129600068721885,3.370399931278115
02_linear,Linear,Linear Regression,0.5,20.129094460166286,-19.629094460166286
02_linear,Linear,Linear Regression,1.0,0.07545879686178125,0.9245412031382187
02_linear,Linear,Linear Regression,18.0,35.585646172854695,-17.585646172854695
02_linear,Linear,Linear Regression,160.0,120.17183646852466,39.82816353147534
02_linear,Linear,Linear Regression,134.5,192.94001545622115,-58.44001545622115
02_linear,Linear,Linear Regression,0.5,-3.4419697456459915,3.9419697456459915
02_linear,Linear,Linear Regression,2592.0,1781.6240086238286,810.3759913761714
02_linear,Linear,Linear Regression,0.5,-1.8019272668752393,2.3019272668752393
02_linear,Linear,Linear Regression,0.5,0.23506090800172785,0.26493909199827215
02_linear,Linear,Linear Regression,0.5,7.070953087136942,-6.570953087136942
02_linear,Linear,Linear Regression,2.5,6.420482609929607,-3.920482609929607
02_linear,Linear,Linear Regression,31.5,20.74339974238938,10.756600257610621
02_linear,Linear,Linear Regression,22.0,12.144617599476646,9.855382400523354
02_linear,Linear,Linear Regression,4.5,13.193257368151436,-8.693257368151436
02_linear,Linear,Linear Regression,28.5,23.315031696765587,5.184968303234413
02_linear,Linear,Linear Regression,6.5,-2.035482741817063,8.535482741817063
02_linear,Linear,Linear Regression,1.5,-2.3777331559527255,3.8777331559527255
02_linear,Linear,Linear Regression,1.0,10.892598991975625,-9.892598991975625
02_linear,Linear,Linear Regression,0.5,19.462984048879875,-18.962984048879875
02_linear,Linear,Linear Regression,40.5,43.62732278630969,-3.1273227863096906
02_linear,Linear,Linear Regression,1.5,7.20890907264716,-5.70890907264716
02_linear,Linear,Linear Regression,1.0,3.063626646748091,-2.063626646748091
02_linear,Linear,Linear Regression,0.5,-2.023492841623167,2.523492841623167
02_linear,Linear,Linear Regression,2.0,0.9979704654212611,1.002029534578739
02_linear,Linear,Linear Regression,2.0,6.345728403103749,-4.345728403103749
02_linear,Linear,Linear Regression,6.0,1.0768581065331517,4.923141893466848
02_linear,Linear,Linear Regression,0.5,20.055836921356978,-19.555836921356978
02_linear,Linear,Linear Regression,18.5,5.9352520746005695,12.56474792539943
02_linear,Linear,Linear Regression,2.0,-2.0142318044414225,4.0142318044414225
02_linear,Linear,Linear Regression,1.5,4.791733393598022,-3.2917333935980224
02_linear,Linear,Linear Regression,9.5,-1.0743824609217967,10.574382460921797
02_linear,Linear,Linear Regression,0.5,-0.23504030938492093,0.7350403093849209
02_linear,Linear,Linear Regression,2.5,5.693846314022096,-3.193846314022096
02_linear,Linear,Linear Regression,5.0,2.5884350504891174,2.4115649495108826
02_linear,Linear,Linear Regression,7.5,8.540454425639666,-1.0404544256396662
02_linear,Linear,Linear Regression,1.5,1.5809842141004964,-0.08098421410049639
02_linear,Linear,Linear Regression,0.5,-3.055139300193261,3.555139300193261
02_linear,Linear,Linear Regression,12.0,10.283297802605766,1.716702197394234
02_linear,Linear,Linear Regression,2.5,12.15778772503863,-9.65778772503863
02_linear,Linear,Linear Regression,4.0,1.0041439081186496,2.9958560918813504
02_linear,Linear,Linear Regression,4.5,11.752399285324728,-7.252399285324728
02_linear,Linear,Linear Regression,23.5,7.365474717994061,16.13452528200594
02_linear,Linear,Linear Regression,2826.0,2107.682606441562,718.3173935584382
02_linear,Linear,Linear Regression,23.5,37.755542601760084,-14.255542601760084
02_linear,Linear,Linear Regression,22.5,24.24428575534008,-1.74428575534008
02_linear,Linear,Linear Regression,0.5,6.567235832705208,-6.067235832705208
02_linear,Linear,Linear Regression,1.0,-1.3222010829918105,2.3222010829918105
02_linear,Linear,Linear Regression,0.5,5.894550493222752,-5.394550493222752
02_linear,Linear,Linear Regression,94.0,92.1808869529774,1.8191130470225971
02_linear,Linear,Linear Regression,0.5,1.6786599804260405,-1.1786599804260405
02_linear,Linear,Linear Regression,0.5,-3.8117709207536734,4.311770920753673
02_linear,Linear,Linear Regression,1.5,-0.3085304699948921,1.808530469994892
02_linear,Linear,Linear Regression,0.5,-0.5654338076360688,1.0654338076360688
02_linear,Linear,Linear Regression,1.5,-0.0456598585316641,1.545659858531664
02_linear,Linear,Linear Regression,0.5,19.539131694053488,-19.039131694053488
02_linear,Linear,Linear Regression,2.0,-1.8900161258217025,3.8900161258217025
02_linear,Linear,Linear Regression,0.5,3.9681404944731895,-3.4681404944731895
02_linear,Linear,Linear Regression,3.5,8.40037149779073,-4.900371497790729
02_linear,Linear,Linear Regression,23.0,40.03285995368855,-17.03285995368855
02_linear,Linear,Linear Regression,0.5,8.66493986569418,-8.16493986569418
02_linear,Linear,Linear Regression,1.0,0.8756146390934845,0.12438536090651553
02_linear,Linear,Linear Regression,2.5,-1.3017837149788392,3.801783714978839
02_linear,Linear,Linear Regression,26.5,27.303742631302583,-0.8037426313025833
02_linear,Linear,Linear Regression,6.5,29.696921524140343,-23.196921524140343
02_linear,Linear,Linear Regression,2.5,9.445680533609625,-6.945680533609625
02_linear,Linear,Linear Regression,4.5,13.674582142519071,-9.174582142519071
02_linear,Linear,Linear Regression,7.0,6.4693527956997485,0.5306472043002515
02_linear,Linear,Linear Regression,560.0,574.6104951243228,-14.610495124322824
02_linear,Linear,Linear Regression,16.0,25.166386929340206,-9.166386929340206
02_linear,Linear,Linear Regression,1.0,6.237165128790068,-5.237165128790068
02_linear,Linear,Linear Regression,32.0,17.014629809106857,14.985370190893143
02_linear,Linear,Linear Regression,4.5,5.365504507851291,-0.8655045078512913
02_linear,Linear,Linear Regression,13.0,19.964534103646187,-6.964534103646187
02_linear,Linear,Linear Regression,0.5,20.911645489865393,-20.411645489865393
02_linear,Linear,Linear Regression,1.5,1.405347050735159,0.09465294926484091
02_linear,Linear,Linear Regression,0.5,-0.9941772000712916,1.4941772000712916
02_linear,Linear,Linear Regression,1.5,11.094481926286697,-9.594481926286697
02_linear,Linear,Linear Regression,3.5,6.362984135450688,-2.862984135450688
02_linear,Linear,Linear Regression,1.0,6.396282383498217,-5.396282383498217
02_linear,Linear,Linear Regression,0.5,-4.339531442310729,4.839531442310729
02_linear,Linear,Linear Regression,1.5,3.4363715019570833,-1.9363715019570833
02_linear,Linear,Linear Regression,1.0,-3.2126112372393294,4.212611237239329
02_linear,Linear,Linear Regression,3.0,2.7071806435913714,0.29281935640862855
02_linear,Linear,Linear Regression,2.5,1.9208902710879698,0.5791097289120302
02_linear,Linear,Linear Regression,119.0,81.48644277067706,37.51355722932294
02_linear,Linear,Linear Regression,1.5,-1.3069744906591865,2.8069744906591865
02_linear,Linear,Linear Regression,1.0,-3.428175299336843,4.428175299336843
02_linear,Linear,Linear Regression,29.0,21.438761994965496,7.561238005034504
02_linear,Linear,Linear Regression,4.5,14.832799023032564,-10.332799023032564
02_linear,Linear,Linear Regression,16.5,9.118135295254348,7.381864704745652
02_linear,Linear,Linear Regression,1.5,2.5333148586247347,-1.0333148586247347
02_linear,Linear,Linear Regression,32.5,26.76279149470323,5.7372085052967705
02_linear,Linear,Linear Regression,2.0,-4.288084881757278,6.288084881757278
02_linear,Linear,Linear Regression,2.5,4.189749062025619,-1.6897490620256193
02_linear,Linear,Linear Regression,2.0,7.580201103215977,-5.580201103215977
02_linear,Linear,Linear Regression,0.5,16.93695962918629,-16.43695962918629
02_linear,Linear,Linear Regression,1.0,-9.835158606331476,10.835158606331476
02_linear,Linear,Linear Regression,42.5,27.65823615904617,14.841763840953831
02_linear,Linear,Linear Regression,6.5,5.496506711581532,1.0034932884184684
02_linear,Linear,Linear Regression,8.0,37.81940321760502,-29.81940321760502
02_linear,Linear,Linear Regression,1.0,2.921362787491688,-1.921362787491688
02_linear,Linear,Linear Regression,1.0,4.664428197388062,-3.6644281973880624
02_linear,Linear,Linear Regression,8.5,29.52342796287204,-21.02342796287204
02_linear,Linear,Linear Regression,5.5,6.924582455167133,-1.4245824551671333
02_linear,Linear,Linear Regression,32.0,-6.803060696448014,38.803060696448014
02_linear,Linear,Linear Regression,2.0,4.128805429269683,-2.1288054292696827
02_linear,Linear,Linear Regression,2.0,8.310968770075291,-6.3109687700752914
02_linear,Linear,Linear Regression,15.0,48.99440294820678,-33.99440294820678
02_linear,Linear,Linear Regression,0.5,-3.052249785463914,3.552249785463914
02_linear,Linear,Linear Regression,2.5,4.301572933467767,-1.8015729334677673
02_linear,Linear,Linear Regression,0.5,-4.423108789033407,4.923108789033407
02_linear,Linear,Linear Regression,57.5,92.99342161390364,-35.493421613903635
02_linear,Linear,Linear Regression,0.5,-3.407173368018803,3.907173368018803
02_linear,Linear,Linear Regression,0.5,-1.0951344738717665,1.5951344738717665
02_linear,Linear,Linear Regression,3.0,16.877721156174005,-13.877721156174005
02_linear,Linear,Linear Regression,2.5,2.3292671721256255,0.1707328278743745
02_linear,Linear,Linear Regression,5.5,23.274419509477426,-17.774419509477426
02_linear,Linear,Linear Regression,1.5,9.50199300427981,-8.00199300427981
02_linear,Linear,Linear Regression,2.5,-0.448580826342706,2.948580826342706
02_linear,Linear,Linear Regression,0.5,5.75715378177722,-5.25715378177722
02_linear,Linear,Linear Regression,0.5,20.689111042161848,-20.189111042161848
02_linear,Linear,Linear Regression,1.0,-4.546676358972135,5.546676358972135
02_linear,Linear,Linear Regression,8.0,6.2451015943085935,1.7548984056914065
02_linear,Linear,Linear Regression,1.5,-1.610442144359169,3.110442144359169
02_linear,Linear,Linear Regression,3.0,6.614950932766547,-3.614950932766547
02_linear,Linear,Linear Regression,0.5,2.329727172850866,-1.8297271728508662
02_linear,Linear,Linear Regression,2.0,8.953116877458186,-6.953116877458186
02_linear,Linear,Linear Regression,104.0,40.81249739957617,63.18750260042383
02_linear,Linear,Linear Regression,9.5,-0.9403396173327536,10.440339617332754
02_linear,Linear,Linear Regression,0.5,6.1537263055174805,-5.6537263055174805
02_linear,Linear,Linear Regression,1.5,-0.196363918817255,1.696363918817255
02_linear,Linear,Linear Regression,0.5,-1.4475736713250882,1.9475736713250882
02_linear,Linear,Linear Regression,0.5,6.1024923629379515,-5.6024923629379515
02_linear,Linear,Linear Regression,3.0,6.321774628921233,-3.321774628921233
02_linear,Linear,Linear Regression,9.5,29.424613051523266,-19.924613051523266
02_linear,Linear,Linear Regression,0.5,2.111672952825259,-1.6116729528252591
02_linear,Linear,Linear Regression,1.0,5.0522066120216,-4.0522066120216
02_linear,Linear,Linear Regression,5.5,2.522710271141399,2.977289728858601
02_linear,Linear,Linear Regression,65.5,33.833179575754784,31.666820424245216
02_linear,Linear,Linear Regression,0.5,4.280170250038637,-3.780170250038637
02_linear,Linear,Linear Regression,22.0,24.524227766914777,-2.524227766914777
02_linear,Linear,Linear Regression,1.5,1.7891534914374603,-0.2891534914374603
02_linear,Linear,Linear Regression,5.5,1.714276807922971,3.785723192077029
02_linear,Linear,Linear Regression,7.0,-5.960851736727641,12.96085173672764
02_linear,Linear,Linear Regression,1.0,-2.2735974994596546,3.2735974994596546
02_linear,Linear,Linear Regression,167.0,231.30018861246612,-64.30018861246612
02_linear,Linear,Linear Regression,9.5,5.669680995457355,3.8303190045426447
02_linear,Linear,Linear Regression,20.0,28.879429735654988,-8.879429735654988
02_linear,Linear,Linear Regression,1.0,2.3144930302561733,-1.3144930302561733
02_linear,Linear,Linear Regression,1.0,0.9115071563966382,0.08849284360336185
02_linear,Linear,Linear Regression,3.0,4.882657712012907,-1.8826577120129073
02_linear,Linear,Linear Regression,4.5,5.837722008983931,-1.3377220089839312
02_linear,Linear,Linear Regression,25.5,17.14853730566807,8.351462694331929
02_linear,Linear,Linear Regression,3.0,8.156765371013378,-5.156765371013378
02_linear,Linear,Linear Regression,1.5,1.103697446829969,0.39630255317003105
02_linear,Linear,Linear Regression,32.5,31.39120858424627,1.1087914157537284
02_linear,Linear,Linear Regression,31.0,50.04600299295297,-19.04600299295297
02_linear,Linear,Linear Regression,4.0,14.954294562905133,-10.954294562905133
02_linear,Linear,Linear Regression,0.5,5.053349999045892,-4.553349999045892
02_linear,Linear,Linear Regression,16.5,9.972622629335525,6.527377370664475
02_linear,Linear,Linear Regression,4.0,12.693204309384221,-8.693204309384221
02_linear,Linear,Linear Regression,6.0,0.3786524297485272,5.621347570251473
02_linear,Linear,Linear Regression,0.5,4.732337727945023,-4.232337727945023
02_linear,Linear,Linear Regression,0.5,2.037223658768262,-1.5372236587682622
02_linear,Linear,Linear Regression,1.5,0.34739419215129885,1.1526058078487011
02_linear,Linear,Linear Regression,0.5,6.852366817620279,-6.352366817620279
02_linear,Linear,Linear Regression,33.5,26.546710228148513,6.9532897718514874
02_linear,Linear,Linear Regression,9.0,1.8968671983497885,7.1031328016502115
02_linear,Linear,Linear Regression,2.0,4.358655388565396,-2.3586553885653956
02_linear,Linear,Linear Regression,9.5,5.932766851631683,3.5672331483683166
02_linear,Linear,Linear Regression,2.0,-2.9163058430948325,4.9163058430948325
02_linear,Linear,Linear Regression,2.5,6.354132715947571,-3.8541327159475713
02_linear,Linear,Linear Regression,2.5,24.002533314965564,-21.502533314965564
02_linear,Linear,Linear Regression,1784.0,2101.921744894213,-317.92174489421313
02_linear,Linear,Linear Regression,4.0,2.0914620018895533,1.9085379981104467
02_linear,Linear,Linear Regression,1.0,5.525177758554335,-4.525177758554335
02_linear,Linear,Linear Regression,0.5,0.3709276005634905,0.1290723994365095
02_linear,Linear,Linear Regression,43.0,30.455422150461132,12.544577849538868
02_linear,Linear,Linear Regression,16.0,10.828101732150344,5.171898267849656
02_linear,Linear,Linear Regression,15.5,20.885702015968278,-5.385702015968278
02_linear,Linear,Linear Regression,3.5,4.814669742685041,-1.3146697426850409
02_linear,Linear,Linear Regression,12.0,-0.495216460674321,12.495216460674321
02_linear,Linear,Linear Regression,3.0,4.357792680427899,-1.3577926804278988
02_linear,Linear,Linear Regression,2.5,2.301922326702652,0.19807767329734816
02_linear,Linear,Linear Regression,413.0,420.2511561037702,-7.2511561037701995
02_linear,Linear,Linear Regression,0.5,8.171089697469881,-7.671089697469881
02_linear,Linear,Linear Regression,0.5,7.654096427885996,-7.154096427885996
02_linear,Linear,Linear Regression,8.0,13.504510805203253,-5.504510805203253
02_linear,Linear,Linear Regression,9.5,14.040392858623889,-4.540392858623889
02_linear,Linear,Linear Regression,3.5,6.570542024632076,-3.0705420246320756
02_linear,Linear,Linear Regression,51.0,41.74501957824569,9.254980421754311
02_linear,Linear,Linear Regression,2.0,7.909297052718038,-5.909297052718038
02_linear,Linear,Linear Regression,1.5,5.801784299421513,-4.301784299421513
02_linear,Linear,Linear Regression,7.0,17.822269048691062,-10.822269048691062
02_linear,Linear,Linear Regression,1.0,7.207340471848653,-6.207340471848653
02_linear,Linear,Linear Regression,2.0,-3.7228271504198887,5.722827150419889
02_linear,Linear,Linear Regression,31.0,23.505217735366855,7.494782264633145
02_linear,Linear,Linear Regression,0.5,-1.062115822800294,1.562115822800294
02_linear,Linear,Linear Regression,0.5,1.505562946642769,-1.005562946642769
02_linear,Linear,Linear Regression,6.0,28.62296915251038,-22.62296915251038
02_linear,Linear,Linear Regression,0.5,3.3585911391791825,-2.8585911391791825
02_linear,Linear,Linear Regression,5.5,10.155770062615844,-4.655770062615844
02_linear,Linear,Linear Regression,0.5,3.5704235259910604,-3.0704235259910604
02_linear,Linear,Linear Regression,1.0,-3.799902679895112,4.799902679895112
02_linear,Linear,Linear Regression,8.0,7.063427390678044,0.9365726093219564
02_linear,Linear,Linear Regression,0.5,-7.933331850093751,8.43333185009375
02_linear,Linear,Linear Regression,2.5,-1.8524244056575156,4.352424405657516
02_linear,Linear,Linear Regression,22.0,54.8149254740644,-32.8149254740644
02_linear,Linear,Linear Regression,2.0,-3.268293030655954,5.268293030655954
02_linear,Linear,Linear Regression,0.5,7.543640120309973,-7.043640120309973
02_linear,Linear,Linear Regression,0.5,9.039285867983168,-8.539285867983168
02_linear,Linear,Linear Regression,36.0,39.08007946399549,-3.0800794639954887
02_linear,Linear,Linear Regression,43.5,32.35837394318186,11.14162605681814
02_linear,Linear,Linear Regression,2.5,5.205129580873191,-2.7051295808731908
02_linear,Linear,Linear Regression,6.0,4.757045974337103,1.2429540256628968
02_linear,Linear,Linear Regression,0.5,21.876690150721927,-21.376690150721927
02_linear,Linear,Linear Regression,1.0,1.0490909282232082,-0.04909092822320815
02_linear,Linear,Linear Regression,0.5,2.012825891543649,-1.512825891543649
02_linear,Linear,Linear Regression,28.0,22.024501742792665,5.9754982572073345
02_linear,Linear,Linear Regression,0.5,0.43522979819628915,0.06477020180371085
02_linear,Linear,Linear Regression,33.5,9.852274581824105,23.647725418175895
02_linear,Linear,Linear Regression,1.5,0.8677377836485647,0.6322622163514353
02_linear,Linear,Linear Regression,0.5,-0.23468587778872063,0.7346858777887206
02_linear,Linear,Linear Regression,6.0,24.26999735612649,-18.26999735612649
02_linear,Linear,Linear Regression,5.5,-20.567773848673866,26.067773848673866
02_linear,Linear,Linear Regression,8.0,5.075581538066501,2.9244184619334987
02_linear,Linear,Linear Regression,25.5,25.750013448529202,-0.25001344852920226
02_linear,Linear,Linear Regression,5.0,7.895121579320602,-2.8951215793206018
02_linear,Linear,Linear Regression,0.5,5.754877338237868,-5.254877338237868
02_linear,Linear,Linear Regression,0.5,-4.999778781165098,5.499778781165098
02_linear,Linear,Linear Regression,14.0,11.668015106817705,2.3319848931822946
02_linear,Linear,Linear Regression,0.5,-1.0785289743545405,1.5785289743545405
02_linear,Linear,Linear Regression,12.0,2.644696445236953,9.355303554763047
02_linear,Linear,Linear Regression,8.0,-0.7573770131779582,8.757377013177958
02_linear,Linear,Linear Regression,9.0,14.452555768449159,-5.452555768449159
02_linear,Linear,Linear Regression,3.0,3.172157621279446,-0.172157621279446
02_linear,Linear,Linear Regression,56.0,53.47931562479984,2.5206843752001618
02_linear,Linear,Linear Regression,1.0,4.218606658240859,-3.2186066582408586
02_linear,Linear,Linear Regression,3.0,6.160905569662603,-3.160905569662603
02_linear,Linear,Linear Regression,1.5,3.402770230706267,-1.9027702307062668
02_linear,Linear,Linear Regression,19.5,28.368310370133543,-8.868310370133543
02_linear,Linear,Linear Regression,37.0,34.89810271782793,2.101897282172068
02_linear,Linear,Linear Regression,1.0,5.392672820619239,-4.392672820619239
02_linear,Linear,Linear Regression,0.5,0.5353220012539879,-0.03532200125398788
02_linear,Linear,Linear Regression,11.5,14.607983675984379,-3.1079836759843786
02_linear,Linear,Linear Regression,2.0,6.898806163480472,-4.898806163480472
02_linear,Linear,Linear Regression,52.0,35.57303564550921,16.426964354490792
02_linear,Linear,Linear Regression,15.5,16.25473469928886,-0.7547346992888606
02_linear,Linear,Linear Regression,0.5,-2.093107787549897,2.593107787549897
02_linear,Linear,Linear Regression,1.0,-1.5315618433305218,2.531561843330522
02_linear,Linear,Linear Regression,0.5,6.47183230692729,-5.97183230692729
02_linear,Linear,Linear Regression,97.0,61.85525081462676,35.14474918537324
02_linear,Linear,Linear Regression,6.0,3.248845119740608,2.751154880259392
02_linear,Linear,Linear Regression,36.0,27.189140785557484,8.810859214442516
02_linear,Linear,Linear Regression,0.5,0.3617291653382395,0.1382708346617605
02_linear,Linear,Linear Regression,24.0,23.952732799078,0.04726720092200054
02_linear,Linear,Linear Regression,0.5,15.431770534485537,-14.931770534485537
02_linear,Linear,Linear Regression,3.0,8.557919886752842,-5.557919886752842
02_linear,Linear,Linear Regression,2.0,6.323239831659528,-4.323239831659528
02_linear,Linear,Linear Regression,5.0,-1.350112059155819,6.350112059155819
02_linear,Linear,Linear Regression,3.0,8.667679745767778,-5.667679745767778
02_linear,Linear,Linear Regression,91.0,57.86647840162057,33.13352159837943
02_linear,Linear,Linear Regression,0.5,-1.249928893077069,1.749928893077069
02_linear,Linear,Linear Regression,23.0,13.343949359050015,9.656050640949985
02_linear,Linear,Linear Regression,1.0,6.132148651059296,-5.132148651059296
02_linear,Linear,Linear Regression,1.5,2.224820432332038,-0.724820432332038
02_linear,Linear,Linear Regression,16.5,13.641995241787228,2.858004758212772
02_linear,Linear,Linear Regression,21.0,20.015844419064166,0.984155580935834
02_linear,Linear,Linear Regression,2.0,-1.7967446135456413,3.7967446135456413
02_linear,Linear,Linear Regression,1.0,-3.026493887551382,4.026493887551382
02_linear,Linear,Linear Regression,2.0,0.32598538179435366,1.6740146182056463
02_linear,Linear,Linear Regression,1.5,3.203222423489322,-1.703222423489322
02_linear,Linear,Linear Regression,23.5,31.7312227534768,-8.2312227534768
02_linear,Linear,Linear Regression,0.5,-5.803283333934701,6.303283333934701
02_linear,Linear,Linear Regression,26.0,30.583582650549168,-4.583582650549168
02_linear,Linear,Linear Regression,2.0,0.25024749337374885,1.7497525066262511
02_linear,Linear,Linear Regression,2.0,7.901537545724324,-5.901537545724324
02_linear,Linear,Linear Regression,0.5,-2.863791888239504,3.363791888239504
02_linear,Linear,Linear Regression,4.0,2.4173844949364707,1.5826155050635293
02_linear,Linear,Linear Regression,1.5,0.7474750815742937,0.7525249184257063
02_linear,Linear,Linear Regression,2.5,-0.40595355287825186,2.905953552878252
02_linear,Linear,Linear Regression,6.5,4.579937123403809,1.920062876596191
02_linear,Linear,Linear Regression,5.0,30.477490559437513,-25.477490559437513
02_linear,Linear,Linear Regression,22.5,23.72640643701621,-1.2264064370162089
02_linear,Linear,Linear Regression,2.0,8.979812690784314,-6.979812690784314
02_linear,Linear,Linear Regression,14.5,38.178208642439316,-23.678208642439316
02_linear,Linear,Linear Regression,11.5,16.136247180530248,-4.636247180530248
02_linear,Linear,Linear Regression,34.0,36.40856992392169,-2.4085699239216893
02_linear,Linear,Linear Regression,2.0,8.977186172285542,-6.977186172285542
02_linear,Linear,Linear Regression,0.5,4.2083956047585644,-3.7083956047585644
02_linear,Linear,Linear Regression,0.5,3.3446121620104705,-2.8446121620104705
02_linear,Linear,Linear Regression,24.0,25.562966884235603,-1.5629668842356033
02_linear,Linear,Linear Regression,2.5,2.323826939025267,0.17617306097473318
02_linear,Linear,Linear Regression,20.0,20.12332854761469,-0.12332854761469036
02_linear,Linear,Linear Regression,2.0,7.377569100523132,-5.377569100523132
02_linear,Linear,Linear Regression,0.5,-2.2923331156441265,2.7923331156441265
02_linear,Linear,Linear Regression,5.0,8.540560224978847,-3.5405602249788473
02_linear,Linear,Linear Regression,11.0,40.58783681093363,-29.58783681093363
02_linear,Linear,Linear Regression,1.5,3.1522363238197073,-1.6522363238197073
02_linear,Linear,Linear Regression,0.5,5.462037417497044,-4.962037417497044
02_linear,Linear,Linear Regression,10.5,8.715075420996712,1.7849245790032882
02_linear,Linear,Linear Regression,199.5,88.27546862189374,111.22453137810626
02_linear,Linear,Linear Regression,0.5,4.492290047147918,-3.992290047147918
02_linear,Linear,Linear Regression,47.5,41.21347028626761,6.286529713732392
02_linear,Linear,Linear Regression,0.5,-4.086403975083655,4.586403975083655
02_linear,Linear,Linear Regression,39.5,30.929302642691695,8.570697357308305
02_linear,Linear,Linear Regression,18.5,19.26583219589061,-0.76583219589061
02_linear,Linear,Linear Regression,54.5,56.73898929958891,-2.2389892995889085
02_linear,Linear,Linear Regression,1.5,0.9789009367993913,0.5210990632006087
02_linear,Linear,Linear Regression,2.0,-3.6723332465582956,5.672333246558296
02_linear,Linear,Linear Regression,0.5,-3.127858797961565,3.627858797961565
02_linear,Linear,Linear Regression,8.5,7.6236792740516535,0.8763207259483465
02_linear,Linear,Linear Regression,1.0,10.306238874551099,-9.306238874551099
02_linear,Linear,Linear Regression,22.0,25.568501978260414,-3.5685019782604144
02_linear,Linear,Linear Regression,0.5,-3.3691076022692954,3.8691076022692954
02_linear,Linear,Linear Regression,14.0,37.06863329478335,-23.068633294783353
02_linear,Linear,Linear Regression,1.5,11.848851697288197,-10.348851697288197
02_linear,Linear,Linear Regression,29.5,30.236538233293622,-0.7365382332936221
02_linear,Linear,Linear Regression,4.5,7.785706706498232,-3.2857067064982317
02_linear,Linear,Linear Regression,23.0,24.87981655610854,-1.8798165561085405
02_linear,Linear,Linear Regression,0.5,-0.23713197489752957,0.7371319748975296
02_linear,Linear,Linear Regression,3.5,6.573372827643382,-3.0733728276433823
02_linear,Linear,Linear Regression,225.0,1599.2262397032798,-1374.2262397032798
02_linear,Linear,Linear Regression,27.5,19.56099321212089,7.939006787879109
02_linear,Linear,Linear Regression,5.0,6.1098710137244865,-1.1098710137244865
02_linear,Linear,Linear Regression,0.5,-2.0116240520414834,2.5116240520414834
02_linear,Linear,Linear Regression,10.0,4.747727941137612,5.252272058862388
02_linear,Linear,Linear Regression,8.0,15.878632708865055,-7.878632708865055
02_linear,Linear,Linear Regression,0.5,14.299458599585932,-13.799458599585932
02_linear,Linear,Linear Regression,22.5,25.5848786665358,-3.0848786665358006
02_linear,Linear,Linear Regression,19.5,12.87349610261937,6.62650389738063
02_linear,Linear,Linear Regression,1.0,6.5837053174770475,-5.5837053174770475
02_linear,Linear,Linear Regression,2.0,1.13231049362237,0.86768950637763
02_linear,Linear,Linear Regression,15.5,24.773507023098347,-9.273507023098347
02_linear,Linear,Linear Regression,1.0,9.536034653538543,-8.536034653538543
02_linear,Linear,Linear Regression,0.5,-0.0821077894990907,0.5821077894990907
02_linear,Linear,Linear Regression,6.0,6.4798868769957,-0.47988687699569965
02_linear,Linear,Linear Regression,3.0,2.7539149675140635,0.2460850324859365
02_linear,Linear,Linear Regression,0.5,3.5448157327335608,-3.0448157327335608
02_linear,Linear,Linear Regression,5.0,6.609414565032779,-1.609414565032779
02_linear,Linear,Linear Regression,1.5,-2.4492490826650766,3.9492490826650766
02_linear,Linear,Linear Regression,4.0,4.1725506551018725,-0.1725506551018725
02_linear,Linear,Linear Regression,1.5,5.601707846260567,-4.101707846260567
02_linear,Linear,Linear Regression,0.5,-5.630591967110874,6.130591967110874
02_linear,Linear,Linear Regression,9.0,14.39201259749759,-5.39201259749759
02_linear,Linear,Linear Regression,1.5,4.681812702447395,-3.1818127024473952
02_linear,Linear,Linear Regression,1.5,2.3689916338339714,-0.8689916338339714
02_linear,Linear,Linear Regression,34.0,10.876777881923516,23.123222118076484
02_linear,Linear,Linear Regression,16.0,14.882346434491481,1.117653565508519
02_linear,Linear,Linear Regression,0.5,-0.794996705753718,1.294996705753718
02_linear,Linear,Linear Regression,1.5,1.5942819372376533,-0.09428193723765332
02_linear,Linear,Linear Regression,1.0,12.624722208035799,-11.624722208035799
02_linear,Linear,Linear Regression,2.5,3.6843220153933274,-1.1843220153933274
02_linear,Linear,Linear Regression,75.5,62.897507844997634,12.602492155002366
02_linear,Linear,Linear Regression,16.5,22.827486438139747,-6.327486438139747
02_linear,Linear,Linear Regression,5.5,7.939609327195626,-2.439609327195626
02_linear,Linear,Linear Regression,17.0,15.1643175096291,1.8356824903708997
02_linear,Linear,Linear Regression,0.5,5.178270896147708,-4.678270896147708
02_linear,Linear,Linear Regression,1.5,-0.11588129761462085,1.6158812976146208
02_linear,Linear,Linear Regression,6.5,15.944063289472261,-9.444063289472261
02_linear,Linear,Linear Regression,10.5,13.341788593891906,-2.8417885938919056
02_linear,Linear,Linear Regression,1.5,-6.131396708146852,7.631396708146852
02_linear,Linear,Linear Regression,1.5,5.045151120016996,-3.545151120016996
02_linear,Linear,Linear Regression,0.5,-4.825176720424963,5.325176720424963
02_linear,Linear,Linear Regression,1.0,3.121609905562231,-2.121609905562231
02_linear,Linear,Linear Regression,0.5,-1.617205707124029,2.117205707124029
02_linear,Linear,Linear Regression,5.0,19.56738780115014,-14.56738780115014
02_linear,Linear,Linear Regression,0.5,0.143164377750864,0.356835622249136
02_linear,Linear,Linear Regression,10.0,13.527987665421506,-3.527987665421506
02_linear,Linear,Linear Regression,0.5,1.423636891140319,-0.923636891140319
02_linear,Linear,Linear Regression,7.0,1.6182285124010392,5.381771487598961
02_linear,Linear,Linear Regression,1.5,3.21988451262456,-1.71988451262456
02_linear,Linear,Linear Regression,0.5,0.08983396845276559,0.4101660315472344
02_linear,Linear,Linear Regression,0.5,0.8425756258771528,-0.34257562587715285
02_linear,Linear,Linear Regression,0.5,-1.472985930047301,1.972985930047301
02_linear,Linear,Linear Regression,26.0,19.526300939613733,6.4736990603862665
02_linear,Linear,Linear Regression,12.5,18.839159125961274,-6.339159125961274
02_linear,Linear,Linear Regression,0.5,2.526757095012826,-2.026757095012826
02_linear,Linear,Linear Regression,38.0,24.682777980751183,13.317222019248817
02_linear,Linear,Linear Regression,1.0,-7.247795878902778,8.247795878902778
02_linear,Linear,Linear Regression,17.0,26.99970991639166,-9.999709916391659
02_linear,Linear,Linear Regression,0.5,10.542348599989133,-10.042348599989133
02_linear,Linear,Linear Regression,43.5,33.5936249956066,9.906375004393396
02_linear,Linear,Linear Regression,0.5,19.331164907802908,-18.831164907802908
02_linear,Linear,Linear Regression,7.5,8.378425706757085,-0.8784257067570849
02_linear,Linear,Linear Regression,2.0,6.120873412964315,-4.120873412964315
02_linear,Linear,Linear Regression,1.0,-0.45198213888714633,1.4519821388871463
02_linear,Linear,Linear Regression,0.5,5.838456494463536,-5.338456494463536
02_linear,Linear,Linear Regression,4.5,23.336745120622354,-18.836745120622354
02_linear,Linear,Linear Regression,0.5,-3.048934086937365,3.548934086937365
02_linear,Linear,Linear Regression,4.5,11.987922095357746,-7.487922095357746
02_linear,Linear,Linear Regression,10.5,18.593323943236285,-8.093323943236285
02_linear,Linear,Linear Regression,0.5,-2.157152245857631,2.657152245857631
02_linear,Linear,Linear Regression,7.0,-6.621701943930773,13.621701943930773
02_linear,Linear,Linear Regression,16.0,2.734502525613621,13.265497474386379
02_linear,Linear,Linear Regression,1.5,0.49475169261718577,1.0052483073828142
02_linear,Linear,Linear Regression,0.5,21.31733483838204,-20.81733483838204
02_linear,Linear,Linear Regression,1.5,6.800834972346166,-5.300834972346166
02_linear,Linear,Linear Regression,2981.0,2019.8242333999337,961.1757666000663
02_linear,Linear,Linear Regression,2.0,8.657349205214047,-6.657349205214047
02_linear,Linear,Linear Regression,0.5,-1.3001544949192336,1.8001544949192336
02_linear,Linear,Linear Regression,0.5,0.7376253415743506,-0.23762534157435056
02_linear,Linear,Linear Regression,16.0,21.984237517800395,-5.984237517800395
02_linear,Linear,Linear Regression,7.0,9.227906010021869,-2.2279060100218686
02_linear,Linear,Linear Regression,7.0,1.0925313866928548,5.907468613307145
02_linear,Linear,Linear Regression,7.5,19.714939494912883,-12.214939494912883
02_linear,Linear,Linear Regression,27.0,22.041865797377234,4.958134202622766
02_linear,Linear,Linear Regression,1.0,7.628227928485892,-6.628227928485892
02_linear,Linear,Linear Regression,0.5,3.3681271045388286,-2.8681271045388286
02_linear,Linear,Linear Regression,36.0,24.905053586451505,11.094946413548495
02_linear,Linear,Linear Regression,7.5,15.495836983824816,-7.995836983824816
02_linear,Linear,Linear Regression,1.0,-0.7732122955900849,1.7732122955900849
02_linear,Linear,Linear Regression,2.5,-1.471929396783409,3.971929396783409
02_linear,Linear,Linear Regression,2.5,15.662352394373798,-13.162352394373798
02_linear,Linear,Linear Regression,1.0,-0.33918768754271866,1.3391876875427187
02_linear,Linear,Linear Regression,289.0,186.31117112277855,102.68882887722145
02_linear,Linear,Linear Regression,0.5,4.741069858960209,-4.241069858960209
02_linear,Linear,Linear Regression,84.0,162.20007559550828,-78.20007559550828
02_linear,Linear,Linear Regression,11.5,6.1278499870583545,5.3721500129416455
02_linear,Linear,Linear Regression,41.5,32.584282934189574,8.915717065810426
02_linear,Linear,Linear Regression,9.5,11.435876648993244,-1.9358766489932435
02_linear,Linear,Linear Regression,2.0,3.0489243806002975,-1.0489243806002975
02_linear,Linear,Linear Regression,7.0,13.61661792763173,-6.616617927631729
02_linear,Linear,Linear Regression,42.5,37.278482852455156,5.221517147544844
02_linear,Linear,Linear Regression,0.5,1.980708050555151,-1.480708050555151
02_linear,Linear,Linear Regression,0.5,-3.462074762146969,3.962074762146969
02_linear,Linear,Linear Regression,14.0,16.04589817422103,-2.04589817422103
02_linear,Linear,Linear Regression,2.5,8.351265204003695,-5.851265204003695
02_linear,Linear,Linear Regression,2.5,9.341469156154687,-6.841469156154687
02_linear,Linear,Linear Regression,0.5,4.393769529996,-3.893769529996
02_linear,Linear,Linear Regression,0.5,0.7020840248721214,-0.2020840248721214
02_linear,Linear,Linear Regression,26.5,27.89422007418311,-1.3942200741831101
02_linear,Linear,Linear Regression,0.5,-1.6961952672105909,2.196195267210591
02_linear,Linear,Linear Regression,25.0,21.64435333054294,3.355646669457059
02_linear,Linear,Linear Regression,0.5,2.6705223461890313,-2.1705223461890313
02_linear,Linear,Linear Regression,1.5,2.614741595438815,-1.1147415954388151
02_linear,Linear,Linear Regression,40.0,36.01998536357158,3.9800146364284217
02_linear,Linear,Linear Regression,2.0,5.989093279992758,-3.9890932799927583
02_linear,Linear,Linear Regression,0.5,0.9657429807839577,-0.4657429807839577
02_linear,Linear,Linear Regression,25.5,16.274510933849754,9.225489066150246
02_linear,Linear,Linear Regression,1.0,5.383270414341567,-4.383270414341567
02_linear,Linear,Linear Regression,2.5,4.0758683355606,-1.5758683355605996
02_linear,Linear,Linear Regression,1.0,6.606285755405935,-5.606285755405935
02_linear,Linear,Linear Regression,5.5,12.24192503127044,-6.741925031270441
02_linear,Linear,Linear Regression,23.0,11.425126128455005,11.574873871544995
02_linear,Linear,Linear Regression,0.5,4.1280371590211615,-3.6280371590211615
02_linear,Linear,Linear Regression,2.5,-0.6696749095593617,3.1696749095593617
02_linear,Linear,Linear Regression,32.5,37.536507701437486,-5.036507701437486
02_linear,Linear,Linear Regression,17.0,22.95065733178741,-5.950657331787411
02_linear,Linear,Linear Regression,9.0,10.693578766332209,-1.6935787663322088
02_linear,Linear,Linear Regression,0.5,-2.9996445954925903,3.4996445954925903
02_linear,Linear,Linear Regression,0.5,-1.1759102405811674,1.6759102405811674
02_linear,Linear,Linear Regression,20.5,10.37980830026126,10.12019169973874
02_linear,Linear,Linear Regression,0.5,3.53567048374984,-3.03567048374984
02_linear,Linear,Linear Regression,44.5,27.965640620925658,16.534359379074342
02_linear,Linear,Linear Regression,1.0,-0.49246992810550694,1.492469928105507
02_linear,Linear,Linear Regression,160.0,73.11597823534973,86.88402176465027
02_linear,Linear,Linear Regression,1.5,2.6708421301534173,-1.1708421301534173
02_linear,Linear,Linear Regression,21.5,46.68879881071391,-25.188798810713912
02_linear,Linear,Linear Regression,1.0,-2.6101155546713954,3.6101155546713954
02_linear,Linear,Linear Regression,1.0,0.77887390262417,0.22112609737583
02_linear,Linear,Linear Regression,43.0,20.276978478827857,22.723021521172143
02_linear,Linear,Linear Regression,13.0,14.585927285793332,-1.585927285793332
02_linear,Linear,Linear Regression,0.5,20.16296333933436,-19.66296333933436
02_linear,Linear,Linear Regression,627.0,616.5570928958549,10.442907104145092
02_linear,Linear,Linear Regression,32.0,51.22094988795388,-19.22094988795388
02_linear,Linear,Linear Regression,7.5,39.00667898601225,-31.506678986012247
02_linear,Linear,Linear Regression,6.0,8.253040231695493,-2.2530402316954934
02_linear,Linear,Linear Regression,1.0,2.191085989504657,-1.191085989504657
02_linear,Linear,Linear Regression,46.0,22.37113943812865,23.62886056187135
02_linear,Linear,Linear Regression,25.0,23.864395551656074,1.1356044483439263
02_linear,Linear,Linear Regression,7.5,25.7953361532863,-18.2953361532863
02_linear,Linear,Linear Regression,11.5,22.799560148048215,-11.299560148048215
02_linear,Linear,Linear Regression,139.0,87.28709534192252,51.71290465807748
02_linear,Linear,Linear Regression,0.5,1.3601322312470359,-0.8601322312470359
02_linear,Linear,Linear Regression,2.5,11.127987318130181,-8.627987318130181
02_linear,Linear,Linear Regression,0.5,-1.1028479841705732,1.6028479841705732
02_linear,Linear,Linear Regression,299.0,676.7149975152369,-377.71499751523686
02_linear,Linear,Linear Regression,2.5,0.6912227249354288,1.8087772750645712
02_linear,Linear,Linear Regression,7.5,9.310164855823956,-1.810164855823956
02_linear,Linear,Linear Regression,2.5,11.284430564466007,-8.784430564466007
02_linear,Linear,Linear Regression,5.5,2.517561954683586,2.982438045316414
02_linear,Linear,Linear Regression,68.0,35.25723302442539,32.74276697557461
02_linear,Linear,Linear Regression,17.5,3.2611973103314114,14.238802689668589
02_linear,Linear,Linear Regression,123.0,109.86467796190482,13.135322038095183
02_linear,Linear,Linear Regression,10.5,9.075684121944043,1.4243158780559568
02_linear,Linear,Linear Regression,0.5,-3.451352059630736,3.951352059630736
02_linear,Linear,Linear Regression,0.5,-4.281664758654372,4.781664758654372
02_linear,Linear,Linear Regression,3.5,11.764812586874157,-8.264812586874157
02_linear,Linear,Linear Regression,1.0,2.7405141181763923,-1.7405141181763923
02_linear,Linear,Linear Regression,5.5,14.325743621486794,-8.825743621486794
02_linear,Linear,Linear Regression,3.5,9.254170133946687,-5.754170133946687
02_linear,Linear,Linear Regression,17.5,12.093204523103097,5.406795476896903
02_linear,Linear,Linear Regression,11.0,13.133220702505191,-2.1332207025051915
02_linear,Linear,Linear Regression,1.0,2.7209316007157582,-1.7209316007157582
02_linear,Linear,Linear Regression,10.0,20.907244282628575,-10.907244282628575
02_linear,Linear,Linear Regression,526.0,383.5721839385674,142.42781606143262
02_linear,Linear,Linear Regression,9.0,1.9761349798010102,7.02386502019899
02_linear,Linear,Linear Regression,1.0,2.4772074528447234,-1.4772074528447234
02_linear,Linear,Linear Regression,1.0,3.4750689721071666,-2.4750689721071666
02_linear,Linear,Linear Regression,2.0,4.258855804496591,-2.2588558044965907
02_linear,Linear,Linear Regression,729.0,1080.395165772151,-351.3951657721509
02_linear,Linear,Linear Regression,8.0,8.78349867058553,-0.78349867058553
02_linear,Linear,Linear Regression,1.5,2.76123370972968,-1.2612337097296802
02_linear,Linear,Linear Regression,6.0,24.807715344373726,-18.807715344373726
02_linear,Linear,Linear Regression,25.5,11.296392132562431,14.203607867437569
02_linear,Linear,Linear Regression,8.0,-7.57058937155908,15.57058937155908
02_linear,Linear,Linear Regression,6.0,21.144663128019758,-15.144663128019758
02_linear,Linear,Linear Regression,27.0,23.875321351405333,3.124678648594667
02_linear,Linear,Linear Regression,44.0,47.6750581199891,-3.675058119989103
02_linear,Linear,Linear Regression,3.5,7.232506522762037,-3.732506522762037
02_linear,Linear,Linear Regression,1.0,-2.141491573784478,3.141491573784478
02_linear,Linear,Linear Regression,1.5,7.240666627148805,-5.740666627148805
02_linear,Linear,Linear Regression,4.0,10.587073337077136,-6.587073337077136
02_linear,Linear,Linear Regression,3.5,5.185559713349853,-1.6855597133498534
02_linear,Linear,Linear Regression,0.5,8.999096185730572,-8.499096185730572
02_linear,Linear,Linear Regression,1.0,2.4930699378351306,-1.4930699378351306
02_linear,Linear,Linear Regression,5.5,2.7336487473994993,2.7663512526005007
02_linear,Linear,Linear Regression,0.5,-4.458668787353062,4.958668787353062
02_linear,Linear,Linear Regression,29.5,33.139212952331135,-3.6392129523311354
02_linear,Linear,Linear Regression,33.0,11.608967485575263,21.391032514424737
02_linear,Linear,Linear Regression,21.5,1.0338035750517207,20.46619642494828
02_linear,Linear,Linear Regression,6.0,-1.0561042064182828,7.056104206418283
02_linear,Linear,Linear Regression,0.5,1.4461051802977494,-0.9461051802977494
02_linear,Linear,Linear Regression,1.0,3.7694256811676183,-2.7694256811676183
02_linear,Linear,Linear Regression,1.5,1.1726581211764966,0.3273418788235034
02_linear,Linear,Linear Regression,2.0,3.500225742141126,-1.5002257421411258
02_linear,Linear,Linear Regression,0.5,4.555580185880899,-4.055580185880899
02_linear,Linear,Linear Regression,1.0,10.30349325936966,-9.30349325936966
02_linear,Linear,Linear Regression,25.0,-2.15565358507169,27.15565358507169
02_linear,Linear,Linear Regression,0.5,11.121100787643392,-10.621100787643392
02_linear,Linear,Linear Regression,1.5,11.124210099001829,-9.624210099001829
02_linear,Linear,Linear Regression,2.0,12.135943015891414,-10.135943015891414
02_linear,Linear,Linear Regression,1.0,10.895495023588083,-9.895495023588083
02_linear,Linear,Linear Regression,0.5,7.42198956381246,-6.92198956381246
02_linear,Linear,Linear Regression,10.0,0.0937787212173049,9.906221278782695
02_linear,Linear,Linear Regression,1.0,1.27946953500593,-0.27946953500592997
02_linear,Linear,Linear Regression,13.5,23.597302846074157,-10.097302846074157
02_linear,Linear,Linear Regression,0.5,5.570492392056352,-5.070492392056352
02_linear,Linear,Linear Regression,0.5,-2.426797229438293,2.926797229438293
02_linear,Linear,Linear Regression,1.0,2.706728025434515,-1.706728025434515
02_linear,Linear,Linear Regression,28.0,43.308258775020406,-15.308258775020406
02_linear,Linear,Linear Regression,3.5,8.271596094503593,-4.771596094503593
02_linear,Linear,Linear Regression,0.5,-2.272372021844049,2.772372021844049
02_linear,Linear,Linear Regression,1.0,4.448996446958958,-3.448996446958958
02_linear,Linear,Linear Regression,21.5,15.73918396864915,5.760816031350849
02_linear,Linear,Linear Regression,13.0,22.99420757454504,-9.99420757454504
02_linear,Linear,Linear Regression,14.0,21.19576942143366,-7.19576942143366
02_linear,Linear,Linear Regression,28.5,13.447010480380797,15.052989519619203
02_linear,Linear,Linear Regression,0.5,3.3472132155379555,-2.8472132155379555
02_linear,Linear,Linear Regression,1.5,-1.3210094777432317,2.8210094777432317
02_linear,Linear,Linear Regression,8.5,13.822387503948839,-5.322387503948839
02_linear,Linear,Linear Regression,28.0,17.790814912979116,10.209185087020884
02_linear,Linear,Linear Regression,8.5,21.07857908484705,-12.57857908484705
02_linear,Linear,Linear Regression,2.0,1.8806490762982975,0.11935092370170253
02_linear,Linear,Linear Regression,0.5,1.180513328870049,-0.6805133288700489
02_linear,Linear,Linear Regression,19.5,33.49083022316657,-13.990830223166569
02_linear,Linear,Linear Regression,1.5,-7.1131779815841725,8.613177981584172
02_linear,Linear,Linear Regression,1.0,1.924088375830891,-0.9240883758308911
02_linear,Linear,Linear Regression,0.5,-4.579895722730967,5.079895722730967
02_linear,Linear,Linear Regression,0.5,-2.3847737658485784,2.8847737658485784
02_linear,Linear,Linear Regression,3.0,-2.531817987837975,5.531817987837975
02_linear,Linear,Linear Regression,8.0,1.2103853906817577,6.789614609318242
02_linear,Linear,Linear Regression,1.5,1.156049270988106,0.34395072901189394
02_linear,Linear,Linear Regression,27.0,24.16685353080362,2.833146469196379
02_linear,Linear,Linear Regression,0.5,2.2824159868792293,-1.7824159868792293
02_linear,Linear,Linear Regression,15.0,44.547142210896595,-29.547142210896595
02_linear,Linear,Linear Regression,0.5,-1.8668344540882487,2.3668344540882487
02_linear,Linear,Linear Regression,3.5,13.818265978108435,-10.318265978108435
02_linear,Linear,Linear Regression,2.0,-1.2909569458578432,3.290956945857843
02_linear,Linear,Linear Regression,43.5,23.700929115616944,19.799070884383056
02_linear,Linear,Linear Regression,1.0,12.863049286995391,-11.863049286995391
02_linear,Linear,Linear Regression,0.5,0.2152381072103111,0.2847618927896889
02_linear,Linear,Linear Regression,0.5,-0.9018563945212321,1.4018563945212321
02_linear,Linear,Linear Regression,23.0,23.866880876340005,-0.8668808763400051
02_linear,Linear,Linear Regression,30.5,23.4105135431205,7.089486456879499
02_linear,Linear,Linear Regression,1.5,0.8806809422533917,0.6193190577466083
02_linear,Linear,Linear Regression,1.0,6.476098917100202,-5.476098917100202
02_linear,Linear,Linear Regression,2.5,2.119309226427376,0.38069077357262415
02_linear,Linear,Linear Regression,33.5,34.63211413719321,-1.1321141371932129
02_linear,Linear,Linear Regression,81.5,47.23859210863286,34.26140789136714
02_linear,Linear,Linear Regression,0.5,-6.321762717946072,6.821762717946072
02_linear,Linear,Linear Regression,26.5,22.65790466607025,3.8420953339297483
02_linear,Linear,Linear Regression,0.5,9.208049704906387,-8.708049704906387
02_linear,Linear,Linear Regression,3.0,5.325301253989949,-2.3253012539899487
02_linear,Linear,Linear Regression,7.0,-0.8624973468359798,7.86249734683598
02_linear,Linear,Linear Regression,0.5,7.937114992360584,-7.437114992360584
02_linear,Linear,Linear Regression,1.0,4.046151034710952,-3.0461510347109524
02_linear,Linear,Linear Regression,9.5,2.4220545219873557,7.077945478012644
02_linear,Linear,Linear Regression,28.0,34.56552377362323,-6.565523773623227
02_linear,Linear,Linear Regression,0.5,-1.9204487187245576,2.4204487187245576
02_linear,Linear,Linear Regression,1.0,10.41432513617466,-9.41432513617466
02_linear,Linear,Linear Regression,1.5,6.817351701278156,-5.317351701278156
02_linear,Linear,Linear Regression,1.5,7.944174348218432,-6.444174348218432
02_linear,Linear,Linear Regression,10.5,29.067907644198456,-18.567907644198456
02_linear,Linear,Linear Regression,4.5,2.48556108534693,2.01443891465307
02_linear,Linear,Linear Regression,2.5,9.468085766300675,-6.968085766300675
02_linear,Linear,Linear Regression,2.0,4.577759899534861,-2.577759899534861
02_linear,Linear,Linear Regression,0.5,1.9356732329726611,-1.4356732329726611
02_linear,Linear,Linear Regression,0.5,-5.666777555492715,6.166777555492715
02_linear,Linear,Linear Regression,37.5,16.728331635423338,20.771668364576662
02_linear,Linear,Linear Regression,26.0,10.655874217247458,15.344125782752542
02_linear,Linear,Linear Regression,0.5,6.859023062118737,-6.359023062118737
02_linear,Linear,Linear Regression,1.0,1.4741603918342463,-0.4741603918342463
02_linear,Linear,Linear Regression,20.0,23.35459300166211,-3.35459300166211
02_linear,Linear,Linear Regression,0.5,8.289345139302455,-7.789345139302455
02_linear,Linear,Linear Regression,1.5,0.6065152757578147,0.8934847242421853
02_linear,Linear,Linear Regression,30.0,24.9578241993121,5.0421758006879
02_linear,Linear,Linear Regression,0.5,3.8522630103524236,-3.3522630103524236
02_linear,Linear,Linear Regression,2.5,7.02422224596166,-4.52422224596166
02_linear,Linear,Linear Regression,4.5,1.460393885465038,3.039606114534962
02_linear,Linear,Linear Regression,9.0,12.366250230685097,-3.3662502306850968
02_linear,Linear,Linear Regression,1.5,1.6170634678004063,-0.11706346780040633
02_linear,Linear,Linear Regression,1.5,0.3842300345226164,1.1157699654773836
02_linear,Linear,Linear Regression,1.5,5.574895965090434,-4.074895965090434
02_linear,Linear,Linear Regression,22.0,12.243650443954522,9.756349556045478
02_linear,Linear,Linear Regression,46.0,33.016214767638026,12.983785232361974
02_linear,Linear,Linear Regression,0.5,4.763373174267244,-4.263373174267244
02_linear,Linear,Linear Regression,2.5,8.489112040874389,-5.989112040874389
02_linear,Linear,Linear Regression,29.5,29.445103607763315,0.05489639223668519
02_linear,Linear,Linear Regression,164.5,111.14080175225175,53.35919824774825
02_linear,Linear,Linear Regression,39.0,23.51056826945789,15.489431730542108
02_linear,Linear,Linear Regression,1.5,11.95676048252011,-10.45676048252011
02_linear,Linear,Linear Regression,7.0,3.7721465270441144,3.2278534729558856
02_linear,Linear,Linear Regression,14.5,16.226371797286873,-1.7263717972868733
02_linear,Linear,Linear Regression,26.5,42.02738218176525,-15.527382181765248
02_linear,Linear,Linear Regression,0.5,5.23972261125688,-4.73972261125688
02_linear,Linear,Linear Regression,0.5,-0.09612152889370407,0.5961215288937041
02_linear,Linear,Linear Regression,1.0,4.994060000117329,-3.9940600001173294
02_linear,Linear,Linear Regression,11.0,19.716353707016232,-8.716353707016232
02_linear,Linear,Linear Regression,0.5,1.876624908438032,-1.376624908438032
02_linear,Linear,Linear Regression,2.0,-2.373556239644458,4.373556239644458
02_linear,Linear,Linear Regression,0.5,4.181275854473412,-3.6812758544734123
02_linear,Linear,Linear Regression,4.0,8.55214915349113,-4.552149153491129
02_linear,Linear,Linear Regression,12.0,8.095057472086339,3.9049425279136614
02_linear,Linear,Linear Regression,1.0,4.554946556249561,-3.5549465562495612
02_linear,Linear,Linear Regression,0.5,-0.8612896215677353,1.3612896215677353
02_linear,Linear,Linear Regression,26.5,23.517569606342704,2.982430393657296
02_linear,Linear,Linear Regression,1.0,0.10952178869233364,0.8904782113076664
02_linear,Linear,Linear Regression,1.0,2.6442095245439674,-1.6442095245439674
02_linear,Linear,Linear Regression,1.5,-0.43137627593954164,1.9313762759395416
02_linear,Linear,Linear Regression,1.5,15.93758516058304,-14.43758516058304
02_linear,Linear,Linear Regression,1.5,6.1308765129262355,-4.6308765129262355
02_linear,Linear,Linear Regression,1.5,2.735941105499606,-1.235941105499606
02_linear,Linear,Linear Regression,3.0,3.035434407493071,-0.03543440749307081
02_linear,Linear,Linear Regression,13.5,10.222478184078412,3.277521815921588
02_linear,Linear,Linear Regression,2.0,4.11205260975391,-2.11205260975391
02_linear,Linear,Linear Regression,2.5,4.555239192431472,-2.055239192431472
02_linear,Linear,Linear Regression,1.0,2.0932718655468676,-1.0932718655468676
02_linear,Linear,Linear Regression,9.0,8.492746856775867,0.5072531432241334
02_linear,Linear,Linear Regression,5.5,8.283623641587752,-2.783623641587752
02_linear,Linear,Linear Regression,0.5,0.9054291741961862,-0.4054291741961862
02_linear,Linear,Linear Regression,3.5,1.4424388064045246,2.0575611935954754
02_linear,Linear,Linear Regression,2.5,10.589065045803878,-8.089065045803878
02_linear,Linear,Linear Regression,0.5,1.3626394015712577,-0.8626394015712577
02_linear,Linear,Linear Regression,3.0,11.064389746084501,-8.064389746084501
02_linear,Linear,Linear Regression,0.5,21.086376811754512,-20.586376811754512
02_linear,Linear,Linear Regression,0.5,3.182644044470827,-2.682644044470827
02_linear,Linear,Linear Regression,4.0,6.745008825883545,-2.745008825883545
02_linear,Linear,Linear Regression,1.5,4.94364362619001,-3.44364362619001
02_linear,Linear,Linear Regression,0.5,3.0355768210358036,-2.5355768210358036
02_linear,Linear,Linear Regression,3.0,10.52039978650641,-7.52039978650641
02_linear,Linear,Linear Regression,19.0,31.23557918516712,-12.235579185167119
02_linear,Linear,Linear Regression,0.5,12.552695808359793,-12.052695808359793
02_linear,Linear,Linear Regression,7.5,2.221809442306956,5.278190557693044
02_linear,Linear,Linear Regression,1.0,5.431160956875132,-4.431160956875132
02_linear,Linear,Linear Regression,6.0,11.022231329592742,-5.022231329592742
02_linear,Linear,Linear Regression,9.0,5.378423271429924,3.6215767285700764
02_linear,Linear,Linear Regression,2.5,9.479256062415445,-6.979256062415445
02_linear,Linear,Linear Regression,1.5,-6.061542721223503,7.561542721223503
02_linear,Linear,Linear Regression,0.5,-5.7198975298406225,6.2198975298406225
02_linear,Linear,Linear Regression,879.0,915.8211421280588,-36.821142128058796
02_linear,Linear,Linear Regression,4.5,2.7296658594693852,1.7703341405306148
02_linear,Linear,Linear Regression,9.0,16.67692554939697,-7.6769255493969695
02_linear,Linear,Linear Regression,0.5,6.409080155113941,-5.909080155113941
02_linear,Linear,Linear Regression,30.0,18.814810111017493,11.185189888982507
02_linear,Linear,Linear Regression,3.5,14.666541758899143,-11.166541758899143
02_linear,Linear,Linear Regression,3.5,10.980141098510671,-7.480141098510671
02_linear,Linear,Linear Regression,0.5,4.006756253018253,-3.506756253018253
02_linear,Linear,Linear Regression,142.0,83.49571012931375,58.50428987068625
02_linear,Linear,Linear Regression,12.5,13.567755633213395,-1.0677556332133946
02_linear,Linear,Linear Regression,19.0,22.907728602294625,-3.9077286022946254
02_linear,Linear,Linear Regression,37.0,43.10052166286883,-6.100521662868829
02_linear,Linear,Linear Regression,2.0,6.110912307763208,-4.110912307763208
02_linear,Linear,Linear Regression,2.5,-0.6053774326936434,3.1053774326936434
02_linear,Linear,Linear Regression,18.5,26.45914427444967,-7.95914427444967
02_linear,Linear,Linear Regression,5.0,10.07672815678972,-5.07672815678972
02_linear,Linear,Linear Regression,0.5,1.8383695634727104,-1.3383695634727104
02_linear,Linear,Linear Regression,5.0,6.0567291949218,-1.0567291949218003
02_linear,Linear,Linear Regression,1.0,1.7928545626338988,-0.7928545626338988
02_linear,Linear,Linear Regression,4.0,3.753607080447594,0.24639291955240594
02_linear,Linear,Linear Regression,1.5,1.386147037513112,0.11385296248688803
02_linear,Linear,Linear Regression,3.0,7.912893076192944,-4.912893076192944
02_linear,Linear,Linear Regression,6.0,10.994408764486465,-4.994408764486465
02_linear,Linear,Linear Regression,23.0,26.958560120705535,-3.9585601207055348
02_linear,Linear,Linear Regression,4.0,4.534432360070014,-0.5344323600700136
02_linear,Linear,Linear Regression,2.5,6.135258544284504,-3.635258544284504
02_linear,Linear,Linear Regression,13.0,14.677944102473433,-1.6779441024734325
02_linear,Linear,Linear Regression,4.0,4.133516373634578,-0.1335163736345777
02_linear,Linear,Linear Regression,1.0,2.959631567772263,-1.9596315677722629
02_linear,Linear,Linear Regression,11.0,8.775520786653892,2.2244792133461075
02_linear,Linear,Linear Regression,9.0,5.040860593663886,3.9591394063361136
02_linear,Linear,Linear Regression,0.5,-2.7656477738307075,3.2656477738307075
02_linear,Linear,Linear Regression,0.5,-0.05818601408567048,0.5581860140856705
02_linear,Linear,Linear Regression,2.0,2.5907518823214133,-0.5907518823214133
02_linear,Linear,Linear Regression,18.5,-0.6470030240931877,19.147003024093188
02_linear,Linear,Linear Regression,1.5,-0.7278698201703122,2.227869820170312
02_linear,Linear,Linear Regression,31.0,10.33538561778294,20.66461438221706
02_linear,Linear,Linear Regression,7.5,17.487078085847088,-9.987078085847088
02_linear,Linear,Linear Regression,2.0,7.755858059685536,-5.755858059685536
02_linear,Linear,Linear Regression,1.0,3.2132932531727363,-2.2132932531727363
02_linear,Linear,Linear Regression,30.5,20.658864728805796,9.841135271194204
02_linear,Linear,Linear Regression,2.5,2.6047411708917636,-0.1047411708917636
02_linear,Linear,Linear Regression,3.5,9.35794319541101,-5.857943195411011
02_linear,Linear,Linear Regression,0.5,0.16390329651095215,0.33609670348904785
02_linear,Linear,Linear Regression,13.5,23.306641264644256,-9.806641264644256
02_linear,Linear,Linear Regression,30.0,22.169492413328854,7.830507586671146
02_linear,Linear,Linear Regression,25.0,-1.3695765293301605,26.36957652933016
02_linear,Linear,Linear Regression,0.5,-1.892482077976723,2.392482077976723
02_linear,Linear,Linear Regression,23.5,20.655655095754128,2.8443449042458724
02_linear,Linear,Linear Regression,6.5,5.705122792910721,0.7948772070892787
02_linear,Linear,Linear Regression,24.5,23.566887794293606,0.9331122057063936
02_linear,Linear,Linear Regression,8.0,12.087476263174679,-4.087476263174679
02_linear,Linear,Linear Regression,3.5,-1.025501232394035,4.525501232394035
02_linear,Linear,Linear Regression,1.0,0.3539955223169642,0.6460044776830358
02_linear,Linear,Linear Regression,3.0,2.7197730285667063,0.28022697143329367
02_linear,Linear,Linear Regression,27.5,21.123181079064082,6.376818920935918
02_linear,Linear,Linear Regression,2.5,4.08892582237862,-1.58892582237862
02_linear,Linear,Linear Regression,37.5,53.176797405711625,-15.676797405711625
02_linear,Linear,Linear Regression,11.5,12.562997251175283,-1.0629972511752825
02_linear,Linear,Linear Regression,0.5,6.954173738508288,-6.454173738508288
02_linear,Linear,Linear Regression,0.5,-0.6082935998775127,1.1082935998775127
02_linear,Linear,Linear Regression,5.0,5.61587362801783,-0.6158736280178303
02_linear,Linear,Linear Regression,9.0,8.987338322468311,0.012661677531689008
02_linear,Linear,Linear Regression,5.5,7.660416202681105,-2.1604162026811053
02_linear,Linear,Linear Regression,0.5,1.2352430489463444,-0.7352430489463444
02_linear,Linear,Linear Regression,21.5,12.264955765567336,9.235044234432664
02_linear,Linear,Linear Regression,2.5,23.27708779287086,-20.77708779287086
02_linear,Linear,Linear Regression,5.5,9.711240663434168,-4.211240663434168
02_linear,Linear,Linear Regression,0.5,-4.547254321910984,5.047254321910984
02_linear,Linear,Linear Regression,2.0,16.335055930300356,-14.335055930300356
02_linear,Linear,Linear Regression,1.0,2.8321052134280578,-1.8321052134280578
02_linear,Linear,Linear Regression,1091.0,2514.200606253615,-1423.2006062536152
02_linear,Linear,Linear Regression,2.0,7.050018439234734,-5.050018439234734
02_linear,Linear,Linear Regression,5.5,7.022607223851097,-1.5226072238510966
02_linear,Linear,Linear Regression,5.5,9.438145952209581,-3.938145952209581
02_linear,Linear,Linear Regression,0.5,11.121249789758949,-10.621249789758949
02_linear,Linear,Linear Regression,11.0,3.967355035003166,7.032644964996834
02_linear,Linear,Linear Regression,80.5,40.940638873338955,39.559361126661045
02_linear,Linear,Linear Regression,0.5,6.330405826873871,-5.830405826873871
02_linear,Linear,Linear Regression,25.0,463.60483363969286,-438.60483363969286
02_linear,Linear,Linear Regression,9.5,24.674421017927678,-15.174421017927678
02_linear,Linear,Linear Regression,1.0,10.433413452121037,-9.433413452121037
02_linear,Linear,Linear Regression,12.5,23.03404933805166,-10.534049338051659
02_linear,Linear,Linear Regression,12.0,12.894570174269148,-0.8945701742691483
02_linear,Linear,Linear Regression,42.0,25.321507612912534,16.678492387087466
02_linear,Linear,Linear Regression,3.5,1.9172630884189275,1.5827369115810725
02_linear,Linear,Linear Regression,51.0,-10.553523165767544,61.553523165767544
02_linear,Linear,Linear Regression,5.0,3.4991249701770215,1.5008750298229785
02_linear,Linear,Linear Regression,0.5,-1.1327643796458204,1.6327643796458204
02_linear,Linear,Linear Regression,429.0,437.129634773366,-8.129634773365979
02_linear,Linear,Linear Regression,8.5,28.365205239817147,-19.865205239817147
02_linear,Linear,Linear Regression,3.0,17.985506585127865,-14.985506585127865
02_linear,Linear,Linear Regression,4.0,6.138567125571456,-2.1385671255714556
02_linear,Linear,Linear Regression,1.5,3.991653148196164,-2.491653148196164
02_linear,Linear,Linear Regression,3.0,-5.1244288231656725,8.124428823165672
02_linear,Linear,Linear Regression,2.5,2.322304066393386,0.17769593360661418
02_linear,Linear,Linear Regression,0.5,-2.5437757606285203,3.0437757606285203
02_linear,Linear,Linear Regression,8.5,18.24244336861063,-9.74244336861063
02_linear,Linear,Linear Regression,0.5,5.605663928212422,-5.105663928212422
02_linear,Linear,Linear Regression,1.5,-0.41250982453955487,1.9125098245395549
02_linear,Linear,Linear Regression,1.5,3.3165131924232725,-1.8165131924232725
02_linear,Linear,Linear Regression,1.0,-5.598908252967433,6.598908252967433
02_linear,Linear,Linear Regression,3.0,8.281673168717404,-5.281673168717404
02_linear,Linear,Linear Regression,0.5,15.09486731286389,-14.59486731286389
02_linear,Linear,Linear Regression,17.5,8.444123068545444,9.055876931454556
02_linear,Linear,Linear Regression,0.5,-5.000079842095076,5.500079842095076
02_linear,Linear,Linear Regression,22.0,9.759949981983226,12.240050018016774
02_linear,Linear,Linear Regression,0.5,-0.07107415443101672,0.5710741544310167
02_linear,Linear,Linear Regression,3.5,8.431671282423352,-4.931671282423352
02_linear,Linear,Linear Regression,12.5,29.487765934075995,-16.987765934075995
02_linear,Linear,Linear Regression,1.0,-2.9448942975122208,3.9448942975122208
02_linear,Linear,Linear Regression,0.5,3.196143148688364,-2.696143148688364
02_linear,Linear,Linear Regression,130.0,182.70564393591422,-52.705643935914225
02_linear,Linear,Linear Regression,5.5,7.528552952319004,-2.0285529523190036
02_linear,Linear,Linear Regression,4.5,9.832822148094877,-5.332822148094877
02_linear,Linear,Linear Regression,2892.0,1721.7444528369201,1170.2555471630799
02_linear,Linear,Linear Regression,0.5,0.5405838070014539,-0.04058380700145392
02_linear,Linear,Linear Regression,11.5,10.699250897714577,0.8007491022854225
02_linear,Linear,Linear Regression,0.5,1.6730422326296122,-1.1730422326296122
02_linear,Linear,Linear Regression,30.5,21.679285107447114,8.820714892552886
02_linear,Linear,Linear Regression,1.5,1.5681037488887881,-0.06810374888878812
02_linear,Linear,Linear Regression,5.0,24.377082372952486,-19.377082372952486
02_linear,Linear,Linear Regression,1.5,6.62894053033294,-5.12894053033294
02_linear,Linear,Linear Regression,3.5,-23.582361737950137,27.082361737950137
02_linear,Linear,Linear Regression,186.0,256.8224143009494,-70.82241430094939
02_linear,Linear,Linear Regression,1.0,0.6871739267798347,0.3128260732201653
02_linear,Linear,Linear Regression,11.0,12.210123534085767,-1.210123534085767
02_linear,Linear,Linear Regression,0.5,8.036981612695605,-7.536981612695605
02_linear,Linear,Linear Regression,13.0,23.715335521270433,-10.715335521270433
02_linear,Linear,Linear Regression,4.0,-2.8581777976381915,6.8581777976381915
02_linear,Linear,Linear Regression,27.5,22.73013558198855,4.769864418011451
02_linear,Linear,Linear Regression,2.0,8.695047800958449,-6.695047800958449
02_linear,Linear,Linear Regression,4.0,5.922162069649083,-1.922162069649083
02_linear,Linear,Linear Regression,1.0,-3.652544397299309,4.652544397299309
02_linear,Linear,Linear Regression,2.5,5.150330255649486,-2.650330255649486
02_linear,Linear,Linear Regression,1.0,3.5282356774778023,-2.5282356774778023
02_linear,Linear,Linear Regression,27.0,18.442674777441937,8.557325222558063
02_linear,Linear,Linear Regression,1.5,5.332151520689862,-3.8321515206898624
02_linear,Linear,Linear Regression,3.0,3.5062236980671884,-0.5062236980671884
02_linear,Linear,Linear Regression,0.5,-0.2396826680928683,0.7396826680928683
02_linear,Linear,Linear Regression,42.5,47.63398511361591,-5.133985113615907
02_linear,Linear,Linear Regression,2.0,-1.878713844271573,3.878713844271573
02_linear,Linear,Linear Regression,0.5,17.83929095954639,-17.33929095954639
02_linear,Linear,Linear Regression,4.5,14.290467769743728,-9.790467769743728
02_linear,Linear,Linear Regression,9.0,22.093028782840257,-13.093028782840257
02_linear,Linear,Linear Regression,0.5,-1.9939924555950839,2.493992455595084
02_linear,Linear,Linear Regression,0.5,-0.5379416967380806,1.0379416967380806
02_linear,Linear,Linear Regression,5.0,-11.283104741118322,16.283104741118322
02_linear,Linear,Linear Regression,0.5,20.035741984446958,-19.535741984446958
02_linear,Linear,Linear Regression,13.0,16.43497120999195,-3.43497120999195
02_linear,Linear,Linear Regression,1.0,1.2929362158488544,-0.29293621584885443
02_linear,Linear,Linear Regression,0.5,1.085590324611033,-0.585590324611033
02_linear,Linear,Linear Regression,9.5,3.051494073446392,6.448505926553608
02_linear,Linear,Linear Regression,22.5,16.563818270611037,5.936181729388963
02_linear,Linear,Linear Regression,3.0,3.5533271884014397,-0.5533271884014397
02_linear,Linear,Linear Regression,3.5,0.8476970802489845,2.6523029197510155
02_linear,Linear,Linear Regression,1.0,3.7501524351509588,-2.7501524351509588
02_linear,Linear,Linear Regression,2.0,-0.68154080877882,2.68154080877882
02_linear,Linear,Linear Regression,0.5,18.936957442126072,-18.436957442126072
02_linear,Linear,Linear Regression,3.0,4.699307457350429,-1.6993074573504288
02_linear,Linear,Linear Regression,3.5,22.271671084859335,-18.771671084859335
02_linear,Linear,Linear Regression,13.5,15.89777654273935,-2.3977765427393507
02_linear,Linear,Linear Regression,22.5,21.305909565214577,1.1940904347854229
02_linear,Linear,Linear Regression,1.5,13.493633870761421,-11.993633870761421
02_linear,Linear,Linear Regression,1.0,1.3551488880156768,-0.3551488880156768
02_linear,Linear,Linear Regression,2.0,2.0221003144201717,-0.022100314420171685
02_linear,Linear,Linear Regression,1.0,-3.978243752719763,4.978243752719763
02_linear,Linear,Linear Regression,23.5,26.81586887409695,-3.3158688740969495
02_linear,Linear,Linear Regression,1.0,-3.0069317042091512,4.006931704209151
02_linear,Linear,Linear Regression,0.5,0.9321741083957917,-0.43217410839579173
02_linear,Linear,Linear Regression,25.5,45.07706558171131,-19.57706558171131
02_linear,Linear,Linear Regression,26.0,22.66974629056412,3.3302537094358797
02_linear,Linear,Linear Regression,0.5,1.9853847229852732,-1.4853847229852732
02_linear,Linear,Linear Regression,25.0,20.525898535579287,4.474101464420713
02_linear,Linear,Linear Regression,8.0,27.199117888716906,-19.199117888716906
02_linear,Linear,Linear Regression,1.0,3.4951021895795975,-2.4951021895795975
02_linear,Linear,Linear Regression,22.0,22.415813150144785,-0.4158131501447855
02_linear,Linear,Linear Regression,1.0,-1.1129855102681034,2.1129855102681034
02_linear,Linear,Linear Regression,18.5,13.342921545590613,5.157078454409387
02_linear,Linear,Linear Regression,0.5,2.564208469899995,-2.064208469899995
02_linear,Linear,Linear Regression,2.0,5.33101667222801,-3.33101667222801
02_linear,Linear,Linear Regression,6.0,6.625649056052978,-0.6256490560529784
02_linear,Linear,Linear Regression,7.0,23.251440956129194,-16.251440956129194
02_linear,Linear,Linear Regression,0.5,2.1976345557768866,-1.6976345557768866
02_linear,Linear,Linear Regression,1.0,3.53270431970612,-2.53270431970612
02_linear,Linear,Linear Regression,12.0,4.182068138383684,7.817931861616316
02_linear,Linear,Linear Regression,0.5,-7.630324584552582,8.130324584552582
02_linear,Linear,Linear Regression,1.5,-0.6300603567513292,2.130060356751329
02_linear,Linear,Linear Regression,0.5,6.161322333672089,-5.661322333672089
02_linear,Linear,Linear Regression,0.5,-4.132954776588548,4.632954776588548
02_linear,Linear,Linear Regression,2.0,0.19273904873969627,1.8072609512603037
02_linear,Linear,Linear Regression,6.5,25.288234259716962,-18.788234259716962
02_linear,Linear,Linear Regression,28.0,24.703058448536822,3.2969415514631777
02_linear,Linear,Linear Regression,1.0,0.22626305360144272,0.7737369463985573
02_linear,Linear,Linear Regression,13.0,17.933733708884873,-4.933733708884873
02_linear,Linear,Linear Regression,14.5,23.107413199079126,-8.607413199079126
02_linear,Linear,Linear Regression,0.5,0.39819076707017587,0.10180923292982413
02_linear,Linear,Linear Regression,43.0,48.512707476420175,-5.512707476420175
02_linear,Linear,Linear Regression,9.5,3.273290135102812,6.226709864897188
02_linear,Linear,Linear Regression,14.0,22.757628993580667,-8.757628993580667
02_linear,Linear,Linear Regression,1.5,7.110243628010551,-5.610243628010551
02_linear,Linear,Linear Regression,1.0,0.06838211147895379,0.9316178885210462
02_linear,Linear,Linear Regression,5.0,-1.9034075538687603,6.90340755386876
02_linear,Linear,Linear Regression,1.5,8.32776413282086,-6.82776413282086
02_linear,Linear,Linear Regression,1.0,-1.5542504826519092,2.5542504826519092
02_linear,Linear,Linear Regression,0.5,0.16125499208414595,0.33874500791585405
02_linear,Linear,Linear Regression,3.0,5.497883613803978,-2.497883613803978
02_linear,Linear,Linear Regression,12.5,15.507343515779624,-3.007343515779624
02_linear,Linear,Linear Regression,43.0,50.59993184992358,-7.599931849923578
02_linear,Linear,Linear Regression,1.5,-3.048164302871257,4.548164302871257
02_linear,Linear,Linear Regression,9.5,15.891637313626106,-6.391637313626106
02_linear,Linear,Linear Regression,2.0,-3.092032906108116,5.092032906108116
02_linear,Linear,Linear Regression,45.0,27.89480567959752,17.10519432040248
02_linear,Linear,Linear Regression,3.5,8.89470215208052,-5.394702152080519
02_linear,Linear,Linear Regression,2.0,4.666922951055824,-2.666922951055824
02_linear,Linear,Linear Regression,734.0,619.564648202127,114.43535179787295
02_linear,Linear,Linear Regression,3.5,7.6130663306174995,-4.1130663306174995
02_linear,Linear,Linear Regression,7.0,5.338391192841485,1.6616088071585153
02_linear,Linear,Linear Regression,1.0,8.401293031124439,-7.401293031124439
02_linear,Linear,Linear Regression,86.5,95.72271984036091,-9.22271984036091
02_linear,Linear,Linear Regression,0.5,-1.5839158878609254,2.0839158878609254
02_linear,Linear,Linear Regression,0.5,0.6647941268353037,-0.1647941268353037
02_linear,Linear,Linear Regression,8.0,19.428831576214385,-11.428831576214385
02_linear,Linear,Linear Regression,0.5,-1.2775690619125797,1.7775690619125797
02_linear,Linear,Linear Regression,8.5,10.679026526549606,-2.179026526549606
02_linear,Linear,Linear Regression,1.5,14.7603503391814,-13.2603503391814
02_linear,Linear,Linear Regression,0.5,-2.3041326841908187,2.8041326841908187
02_linear,Linear,Linear Regression,4.0,7.091640401594603,-3.091640401594603
02_linear,Linear,Linear Regression,19.0,28.491031567825765,-9.491031567825765
02_linear,Linear,Linear Regression,2.0,4.529358832699664,-2.529358832699664
02_linear,Linear,Linear Regression,7.5,10.93982387549191,-3.4398238754919106
02_linear,Linear,Linear Regression,2.5,8.02774536803257,-5.527745368032569
02_linear,Linear,Linear Regression,17.5,0.6672830288443663,16.832716971155634
02_linear,Linear,Linear Regression,2.0,-0.47818495910259173,2.4781849591025917
02_linear,Linear,Linear Regression,4.0,7.343933419778821,-3.3439334197788213
02_linear,Linear,Linear Regression,8.0,11.921304734247158,-3.9213047342471583
02_linear,Linear,Linear Regression,62.0,45.97929558760619,16.020704412393812
02_linear,Linear,Linear Regression,23.0,24.575026343262685,-1.5750263432626852
02_linear,Linear,Linear Regression,0.5,11.217123482285075,-10.717123482285075
02_linear,Linear,Linear Regression,487.0,394.6486554899401,92.3513445100599
02_linear,Linear,Linear Regression,7.0,6.72682410299943,0.27317589700057
02_linear,Linear,Linear Regression,10.5,4.4539804446255715,6.0460195553744285
02_linear,Linear,Linear Regression,50.0,32.55327433435827,17.44672566564173
02_linear,Linear,Linear Regression,81.0,193.05670828474706,-112.05670828474706
02_linear,Linear,Linear Regression,5.5,24.433341050276056,-18.933341050276056
02_linear,Linear,Linear Regression,0.5,11.3950996212332,-10.8950996212332
02_linear,Linear,Linear Regression,5.5,9.647437599132175,-4.147437599132175
02_linear,Linear,Linear Regression,0.5,14.643951542539746,-14.143951542539746
02_linear,Linear,Linear Regression,13.0,20.171519694854744,-7.171519694854744
02_linear,Linear,Linear Regression,1.5,4.304301755313617,-2.8043017553136167
02_linear,Linear,Linear Regression,5.5,5.448134552490252,0.05186544750974775
02_linear,Linear,Linear Regression,2.0,1.8393741827799133,0.16062581722008673
02_linear,Linear,Linear Regression,3.0,8.616227713418908,-5.616227713418908
02_linear,Linear,Linear Regression,0.5,13.611444785753505,-13.111444785753505
02_linear,Linear,Linear Regression,1.0,-1.2581811661522266,2.2581811661522266
02_linear,Linear,Linear Regression,1.5,-0.0022981348356694298,1.5022981348356694
02_linear,Linear,Linear Regression,2.0,3.078542305966053,-1.078542305966053
02_linear,Linear,Linear Regression,0.5,22.529408239152197,-22.029408239152197
02_linear,Linear,Linear Regression,0.5,13.259667627759214,-12.759667627759214
02_linear,Linear,Linear Regression,11.5,10.51821564209098,0.9817843579090209
02_linear,Linear,Linear Regression,12.5,15.357809795526236,-2.8578097955262365
02_linear,Linear,Linear Regression,20.0,12.970614763368097,7.029385236631903
02_linear,Linear,Linear Regression,22.0,26.919744137137343,-4.919744137137343
02_linear,Linear,Linear Regression,1.0,1.346752255129175,-0.34675225512917507
02_linear,Linear,Linear Regression,357.0,639.645419830776,-282.64541983077595
02_linear,Linear,Linear Regression,0.5,1.4280746139361256,-0.9280746139361256
02_linear,Linear,Linear Regression,2.0,11.79980753477254,-9.79980753477254
02_linear,Linear,Linear Regression,2.0,-1.139625426681036,3.139625426681036
02_linear,Linear,Linear Regression,0.5,0.8102929243358545,-0.31029292433585454
02_linear,Linear,Linear Regression,0.5,22.064947698575565,-21.564947698575565
02_linear,Linear,Linear Regression,13.0,0.07662704306223134,12.923372956937769
02_linear,Linear,Linear Regression,1.5,-1.4757677420448232,2.975767742044823
02_linear,Linear,Linear Regression,1.0,4.313046487961742,-3.313046487961742
02_linear,Linear,Linear Regression,0.5,2.417094569448544,-1.917094569448544
02_linear,Linear,Linear Regression,11.5,18.64840946370566,-7.148409463705661
02_linear,Linear,Linear Regression,1.0,8.300622478819427,-7.300622478819427
02_linear,Linear,Linear Regression,6.5,12.041877866485102,-5.541877866485102
02_linear,Linear,Linear Regression,0.5,0.3421433300255359,0.15785666997446413
02_linear,Linear,Linear Regression,1.5,3.441999749459214,-1.9419997494592138
02_linear,Linear,Linear Regression,2.5,-8.747517016226297,11.247517016226297
02_linear,Linear,Linear Regression,0.5,2.778656178924038,-2.278656178924038
02_linear,Linear,Linear Regression,5.0,23.134832520118096,-18.134832520118096
02_linear,Linear,Linear Regression,19.0,15.624362369064457,3.375637630935543
02_linear,Linear,Linear Regression,0.5,1.709611849605139,-1.209611849605139
02_linear,Linear,Linear Regression,252.0,196.88926510613015,55.11073489386985
02_linear,Linear,Linear Regression,0.5,8.551724926134753,-8.051724926134753
02_linear,Linear,Linear Regression,8.5,41.894311681559465,-33.394311681559465
02_linear,Linear,Linear Regression,806.0,568.5119275423248,237.48807245767523
02_linear,Linear,Linear Regression,1.5,6.575176037427042,-5.075176037427042
02_linear,Linear,Linear Regression,2.0,10.818471674129967,-8.818471674129967
02_linear,Linear,Linear Regression,1.0,1.5363987398609567,-0.5363987398609567
02_linear,Linear,Linear Regression,23.0,31.072036318221194,-8.072036318221194
02_linear,Linear,Linear Regression,1.0,1.7297239923587568,-0.7297239923587568
02_linear,Linear,Linear Regression,1.0,1.3541979091589695,-0.35419790915896954
02_linear,Linear,Linear Regression,1.5,2.1316606578931356,-0.6316606578931356
02_linear,Linear,Linear Regression,2.0,4.411752419658455,-2.4117524196584554
02_linear,Linear,Linear Regression,8.0,7.0028099617209065,0.9971900382790935
02_linear,Linear,Linear Regression,1.0,-1.917208646751149,2.917208646751149
02_linear,Linear,Linear Regression,22.0,13.767261771637791,8.232738228362209
02_linear,Linear,Linear Regression,4.5,2.2308188328494367,2.2691811671505633
02_linear,Linear,Linear Regression,5.0,1.6229714155121613,3.3770285844878387
02_linear,Linear,Linear Regression,0.5,3.688355644930553,-3.188355644930553
02_linear,Linear,Linear Regression,1.0,7.679536394937898,-6.679536394937898
02_linear,Linear,Linear Regression,0.5,9.59043039747668,-9.09043039747668
02_linear,Linear,Linear Regression,6.5,4.863061581051085,1.6369384189489153
02_linear,Linear,Linear Regression,0.5,4.035998236968872,-3.5359982369688723
02_linear,Linear,Linear Regression,1.0,-0.10851747637495635,1.1085174763749563
02_linear,Linear,Linear Regression,8.5,4.415781553910293,4.084218446089707
02_linear,Linear,Linear Regression,39.5,32.06568331885346,7.434316681146541
02_linear,Linear,Linear Regression,33.5,21.14236417104336,12.357635828956639
02_linear,Linear,Linear Regression,2.0,-2.7500303612679176,4.7500303612679176
02_linear,Linear,Linear Regression,53.0,35.25626682694792,17.743733173052078
02_linear,Linear,Linear Regression,1.5,4.828814038572077,-3.3288140385720766
02_linear,Linear,Linear Regression,24.0,23.890972139717448,0.10902786028255207
02_linear,Linear,Linear Regression,0.5,11.169997044050405,-10.669997044050405
02_linear,Linear,Linear Regression,1.5,-0.8058820927524977,2.3058820927524977
02_linear,Linear,Linear Regression,11.5,15.661967875457606,-4.161967875457606
02_linear,Linear,Linear Regression,2832.0,2614.1142254209094,217.8857745790906
02_linear,Linear,Linear Regression,4.0,-1.2467380720441525,5.2467380720441525
02_linear,Linear,Linear Regression,1.5,14.082364664050559,-12.582364664050559
02_linear,Linear,Linear Regression,0.5,10.114349841912244,-9.614349841912244
02_linear,Linear,Linear Regression,1.0,3.6004966827385516,-2.6004966827385516
02_linear,Linear,Linear Regression,44.5,43.28714951976814,1.2128504802318574
02_linear,Linear,Linear Regression,18.5,-11.597091486413731,30.09709148641373
02_linear,Linear,Linear Regression,28.0,15.088026020620518,12.911973979379482
02_linear,Linear,Linear Regression,0.5,-0.624259319544052,1.124259319544052
02_linear,Linear,Linear Regression,15.0,11.907004522054635,3.0929954779453652
02_linear,Linear,Linear Regression,4.0,6.233150891102369,-2.233150891102369
02_linear,Linear,Linear Regression,1.5,8.58074704646863,-7.08074704646863
02_linear,Linear,Linear Regression,1.0,0.986226360928768,0.013773639071231969
02_linear,Linear,Linear Regression,1.0,-0.03848577389918262,1.0384857738991826
02_linear,Linear,Linear Regression,80.0,189.32284724423613,-109.32284724423613
02_linear,Linear,Linear Regression,1.5,15.989613461392977,-14.489613461392977
02_linear,Linear,Linear Regression,0.5,11.995559475947282,-11.495559475947282
02_linear,Linear,Linear Regression,3.0,11.104000323486275,-8.104000323486275
02_linear,Linear,Linear Regression,0.5,2.2377882314020354,-1.7377882314020354
02_linear,Linear,Linear Regression,11.0,-0.09828632103632629,11.098286321036326
02_linear,Linear,Linear Regression,5.5,27.35096948627661,-21.85096948627661
02_linear,Linear,Linear Regression,2.5,-1.376378216976434,3.876378216976434
02_linear,Linear,Linear Regression,3.5,3.789243660559336,-0.28924366055933604
02_linear,Linear,Linear Regression,543.0,465.30078377892835,77.69921622107165
02_linear,Linear,Linear Regression,545.0,396.5742484259747,148.4257515740253
02_linear,Linear,Linear Regression,10.0,9.973788019956956,0.026211980043044036
02_linear,Linear,Linear Regression,21.5,25.58500326650922,-4.085003266509219
02_linear,Linear,Linear Regression,0.5,-1.1816314968533703,1.6816314968533703
02_linear,Linear,Linear Regression,5.5,7.734159923552042,-2.234159923552042
02_linear,Linear,Linear Regression,0.5,-2.9313017725837227,3.4313017725837227
02_linear,Linear,Linear Regression,46.0,37.41859960523187,8.581400394768131
02_linear,Linear,Linear Regression,1.5,11.023724162297015,-9.523724162297015
02_linear,Linear,Linear Regression,1.0,8.729562263861645,-7.729562263861645
02_linear,Linear,Linear Regression,5.5,11.037502510095848,-5.537502510095848
02_linear,Linear,Linear Regression,11.5,3.537579336849433,7.962420663150567
02_linear,Linear,Linear Regression,6.0,1.2069566839088068,4.793043316091193
02_linear,Linear,Linear Regression,1346.0,2272.5160102645823,-926.5160102645823
02_linear,Linear,Linear Regression,0.5,-0.21750226676992668,0.7175022667699267
02_linear,Linear,Linear Regression,0.5,-0.31752797882305117,0.8175279788230512
02_linear,Linear,Linear Regression,2.0,2.2581497638849015,-0.2581497638849015
02_linear,Linear,Linear Regression,0.5,2.153300946309585,-1.6533009463095851
02_linear,Linear,Linear Regression,1.5,1.9137768813456404,-0.4137768813456404
02_linear,Linear,Linear Regression,19.5,16.718050335925135,2.7819496640748653
02_linear,Linear,Linear Regression,0.5,5.22724244550632,-4.72724244550632
02_linear,Linear,Linear Regression,1.0,-1.0738187625557742,2.0738187625557742
02_linear,Linear,Linear Regression,19.0,10.31957924875794,8.68042075124206
02_linear,Linear,Linear Regression,7.5,0.8513470932312117,6.648652906768788
02_linear,Linear,Linear Regression,1.0,4.011332503629504,-3.0113325036295038
02_linear,Linear,Linear Regression,0.5,2.9671460831587098,-2.4671460831587098
02_linear,Linear,Linear Regression,0.5,6.562381834754028,-6.062381834754028
02_linear,Linear,Linear Regression,1.5,9.933012128778202,-8.433012128778202
02_linear,Linear,Linear Regression,1.0,-1.0293654845054192,2.029365484505419
02_linear,Linear,Linear Regression,0.5,0.22938197707689767,0.27061802292310233
02_linear,Linear,Linear Regression,3.5,0.3692949133721939,3.130705086627806
02_linear,Linear,Linear Regression,1.5,2.76879423928564,-1.26879423928564
02_linear,Linear,Linear Regression,43.5,28.096671003376784,15.403328996623216
02_linear,Linear,Linear Regression,2.0,0.4874604152747892,1.5125395847252108
02_linear,Linear,Linear Regression,1.5,-0.9059832196294195,2.4059832196294195
02_linear,Linear,Linear Regression,1.0,-1.7141951308166057,2.7141951308166057
02_linear,Linear,Linear Regression,0.5,0.2268118350560684,0.2731881649439316
02_linear,Linear,Linear Regression,0.5,4.53501133678207,-4.03501133678207
02_linear,Linear,Linear Regression,0.5,2.946741192941431,-2.446741192941431
02_linear,Linear,Linear Regression,2.5,10.197368337419192,-7.697368337419192
02_linear,Linear,Linear Regression,0.5,4.848851696570691,-4.348851696570691
02_linear,Linear,Linear Regression,1.5,6.894835065809573,-5.394835065809573
02_linear,Linear,Linear Regression,0.5,0.319134367894506,0.180865632105494
02_linear,Linear,Linear Regression,1.5,9.513397612140963,-8.013397612140963
02_linear,Linear,Linear Regression,86.5,59.88292405134429,26.61707594865571
02_linear,Linear,Linear Regression,3.5,1.5670402179984535,1.9329597820015465
02_linear,Linear,Linear Regression,20.5,66.98295486161732,-46.482954861617316
02_linear,Linear,Linear Regression,13.5,13.41915313144343,0.08084686855656997
02_linear,Linear,Linear Regression,0.5,3.6118371266295313,-3.1118371266295313
02_linear,Linear,Linear Regression,0.5,17.765342017809296,-17.265342017809296
02_linear,Linear,Linear Regression,11.5,18.07720459984769,-6.57720459984769
02_linear,Linear,Linear Regression,3.5,6.881719961895428,-3.3817199618954277
02_linear,Linear,Linear Regression,6.5,12.582323063267225,-6.082323063267225
02_linear,Linear,Linear Regression,0.5,9.02240186013369,-8.52240186013369
02_linear,Linear,Linear Regression,3.5,3.4825435472496764,0.017456452750323592
02_linear,Linear,Linear Regression,0.5,5.750793261062995,-5.250793261062995
