notebook,family,model,y_true,y_pred,y_proba
02_linear,Linear,XGBoost Classifier,1,1,0.9988661
02_linear,Linear,XGBoost Classifier,1,1,0.99999535
02_linear,Linear,XGBoost Classifier,0,0,4.0754385e-05
02_linear,Linear,XGBoost Classifier,0,0,0.007111573
02_linear,Linear,XGBoost Classifier,0,0,0.0043213814
02_linear,Linear,XGBoost Classifier,0,0,0.00015674798
02_linear,Linear,XGBoost Classifier,0,0,1.2450641e-05
02_linear,Linear,XGBoost Classifier,0,0,0.0006071346
02_linear,Linear,XGBoost Classifier,1,1,0.9999864
02_linear,Linear,XGBoost Classifier,0,0,4.7845348e-05
02_linear,Linear,XGBoost Classifier,0,0,9.135546e-05
02_linear,Linear,XGBoost Classifier,0,0,0.000360367
02_linear,Linear,XGBoost Classifier,0,1,0.9524712
02_linear,Linear,XGBoost Classifier,0,0,0.00011945063
02_linear,Linear,XGBoost Classifier,1,1,0.5425426
02_linear,Linear,XGBoost Classifier,1,1,0.99998796
02_linear,Linear,XGBoost Classifier,0,0,0.022969477
02_linear,Linear,XGBoost Classifier,0,0,2.4366283e-05
02_linear,Linear,XGBoost Classifier,0,0,0.007819902
02_linear,Linear,XGBoost Classifier,0,0,0.0062098466
02_linear,Linear,XGBoost Classifier,0,0,1.9805357e-05
02_linear,Linear,XGBoost Classifier,0,0,0.022524728
02_linear,Linear,XGBoost Classifier,0,0,0.00020281826
02_linear,Linear,XGBoost Classifier,0,0,0.0020892404
02_linear,Linear,XGBoost Classifier,1,1,0.99999356
02_linear,Linear,XGBoost Classifier,0,0,3.6763897e-05
02_linear,Linear,XGBoost Classifier,1,1,0.9511226
02_linear,Linear,XGBoost Classifier,1,1,0.9999982
02_linear,Linear,XGBoost Classifier,1,1,0.9999945
02_linear,Linear,XGBoost Classifier,0,0,8.226149e-05
02_linear,Linear,XGBoost Classifier,1,1,0.99999416
02_linear,Linear,XGBoost Classifier,1,1,0.99998486
02_linear,Linear,XGBoost Classifier,1,1,0.9999763
02_linear,Linear,XGBoost Classifier,0,0,0.0015690186
02_linear,Linear,XGBoost Classifier,1,1,0.98771286
02_linear,Linear,XGBoost Classifier,0,0,0.005499452
02_linear,Linear,XGBoost Classifier,0,0,3.796459e-05
02_linear,Linear,XGBoost Classifier,0,0,3.8962653e-06
02_linear,Linear,XGBoost Classifier,0,0,6.4562584e-05
02_linear,Linear,XGBoost Classifier,0,0,5.218186e-05
02_linear,Linear,XGBoost Classifier,0,0,0.0001440166
02_linear,Linear,XGBoost Classifier,1,1,0.98688185
02_linear,Linear,XGBoost Classifier,0,0,6.0932918e-05
02_linear,Linear,XGBoost Classifier,1,1,0.99998343
02_linear,Linear,XGBoost Classifier,0,0,0.0029778895
02_linear,Linear,XGBoost Classifier,0,0,0.0022227343
02_linear,Linear,XGBoost Classifier,0,0,2.0356252e-05
02_linear,Linear,XGBoost Classifier,1,1,0.82081395
02_linear,Linear,XGBoost Classifier,0,0,2.4788607e-05
02_linear,Linear,XGBoost Classifier,1,1,0.9998116
02_linear,Linear,XGBoost Classifier,0,0,0.001514816
02_linear,Linear,XGBoost Classifier,0,0,0.00012509513
02_linear,Linear,XGBoost Classifier,0,0,0.00019000562
02_linear,Linear,XGBoost Classifier,1,1,0.99995804
02_linear,Linear,XGBoost Classifier,0,0,0.00030342117
02_linear,Linear,XGBoost Classifier,0,0,0.00022829391
02_linear,Linear,XGBoost Classifier,1,1,0.99996364
02_linear,Linear,XGBoost Classifier,0,0,7.976446e-05
02_linear,Linear,XGBoost Classifier,1,1,0.99801826
02_linear,Linear,XGBoost Classifier,1,1,0.99999726
02_linear,Linear,XGBoost Classifier,1,1,0.6106742
02_linear,Linear,XGBoost Classifier,0,0,5.3779354e-06
02_linear,Linear,XGBoost Classifier,0,0,0.0005150975
02_linear,Linear,XGBoost Classifier,0,0,0.0012314451
02_linear,Linear,XGBoost Classifier,1,1,0.99999535
02_linear,Linear,XGBoost Classifier,0,0,0.0034780551
02_linear,Linear,XGBoost Classifier,1,1,0.9999927
02_linear,Linear,XGBoost Classifier,1,1,0.9999957
02_linear,Linear,XGBoost Classifier,0,1,0.91452605
02_linear,Linear,XGBoost Classifier,0,0,0.0005214623
02_linear,Linear,XGBoost Classifier,1,1,0.9999893
02_linear,Linear,XGBoost Classifier,0,0,0.00010537941
02_linear,Linear,XGBoost Classifier,0,0,0.40124372
02_linear,Linear,XGBoost Classifier,1,1,0.999997
02_linear,Linear,XGBoost Classifier,0,0,6.7347046e-06
02_linear,Linear,XGBoost Classifier,1,1,0.98374313
02_linear,Linear,XGBoost Classifier,0,0,0.0086991135
02_linear,Linear,XGBoost Classifier,0,0,0.049450938
02_linear,Linear,XGBoost Classifier,0,0,1.1114196e-05
02_linear,Linear,XGBoost Classifier,0,0,0.0010201879
02_linear,Linear,XGBoost Classifier,0,0,3.8051592e-06
02_linear,Linear,XGBoost Classifier,1,1,0.9999635
02_linear,Linear,XGBoost Classifier,0,0,0.054119103
02_linear,Linear,XGBoost Classifier,0,0,0.00075001694
02_linear,Linear,XGBoost Classifier,0,0,0.00027908105
02_linear,Linear,XGBoost Classifier,1,1,0.99997914
02_linear,Linear,XGBoost Classifier,1,1,0.8889924
02_linear,Linear,XGBoost Classifier,0,0,0.0006571183
02_linear,Linear,XGBoost Classifier,0,0,0.00026470257
02_linear,Linear,XGBoost Classifier,0,0,0.004493819
02_linear,Linear,XGBoost Classifier,0,0,0.000112786736
02_linear,Linear,XGBoost Classifier,0,0,1.07229625e-05
02_linear,Linear,XGBoost Classifier,0,0,0.00071084645
02_linear,Linear,XGBoost Classifier,0,0,0.0018386741
02_linear,Linear,XGBoost Classifier,1,1,0.9999969
02_linear,Linear,XGBoost Classifier,0,0,8.60543e-05
02_linear,Linear,XGBoost Classifier,0,0,0.00019050794
02_linear,Linear,XGBoost Classifier,0,0,0.029659294
02_linear,Linear,XGBoost Classifier,0,0,2.2344361e-06
02_linear,Linear,XGBoost Classifier,0,0,7.163428e-06
02_linear,Linear,XGBoost Classifier,0,0,0.05207812
02_linear,Linear,XGBoost Classifier,1,1,0.9999896
02_linear,Linear,XGBoost Classifier,0,0,4.7075537e-06
02_linear,Linear,XGBoost Classifier,0,0,3.993126e-05
02_linear,Linear,XGBoost Classifier,1,1,0.99996924
02_linear,Linear,XGBoost Classifier,0,0,0.00043216383
02_linear,Linear,XGBoost Classifier,0,0,0.004563156
02_linear,Linear,XGBoost Classifier,0,0,0.0027530077
02_linear,Linear,XGBoost Classifier,0,0,0.0008421422
02_linear,Linear,XGBoost Classifier,0,0,8.395031e-05
02_linear,Linear,XGBoost Classifier,1,1,0.9999931
02_linear,Linear,XGBoost Classifier,1,1,0.9999987
02_linear,Linear,XGBoost Classifier,0,0,1.6915816e-05
02_linear,Linear,XGBoost Classifier,0,0,0.0005193227
02_linear,Linear,XGBoost Classifier,0,0,0.00011824811
02_linear,Linear,XGBoost Classifier,1,1,0.99999475
02_linear,Linear,XGBoost Classifier,0,0,0.006542103
02_linear,Linear,XGBoost Classifier,0,0,4.8625145e-05
02_linear,Linear,XGBoost Classifier,0,0,0.00082313584
02_linear,Linear,XGBoost Classifier,0,0,2.6235264e-05
02_linear,Linear,XGBoost Classifier,1,1,0.99754155
02_linear,Linear,XGBoost Classifier,1,1,0.999992
02_linear,Linear,XGBoost Classifier,0,1,0.6578716
02_linear,Linear,XGBoost Classifier,0,0,0.0049789376
02_linear,Linear,XGBoost Classifier,0,0,0.0014674175
02_linear,Linear,XGBoost Classifier,1,1,0.9999902
02_linear,Linear,XGBoost Classifier,0,0,0.0052249613
02_linear,Linear,XGBoost Classifier,1,1,0.9997762
02_linear,Linear,XGBoost Classifier,0,0,0.00014710163
02_linear,Linear,XGBoost Classifier,0,0,0.0016522973
02_linear,Linear,XGBoost Classifier,0,0,2.2077788e-06
02_linear,Linear,XGBoost Classifier,0,0,0.0024050898
02_linear,Linear,XGBoost Classifier,0,0,3.0553583e-05
02_linear,Linear,XGBoost Classifier,0,0,0.0003003903
02_linear,Linear,XGBoost Classifier,1,1,0.99999774
02_linear,Linear,XGBoost Classifier,1,1,0.999982
02_linear,Linear,XGBoost Classifier,0,0,0.0041914107
02_linear,Linear,XGBoost Classifier,1,1,0.9999982
02_linear,Linear,XGBoost Classifier,0,0,2.3282612e-06
02_linear,Linear,XGBoost Classifier,0,0,1.3288926e-05
02_linear,Linear,XGBoost Classifier,1,1,0.9306785
02_linear,Linear,XGBoost Classifier,1,1,0.9999372
02_linear,Linear,XGBoost Classifier,0,0,0.00013426246
02_linear,Linear,XGBoost Classifier,0,0,0.0068388013
02_linear,Linear,XGBoost Classifier,0,1,0.99626356
02_linear,Linear,XGBoost Classifier,0,0,0.1335065
02_linear,Linear,XGBoost Classifier,0,0,0.027548699
02_linear,Linear,XGBoost Classifier,0,0,0.00013368553
02_linear,Linear,XGBoost Classifier,0,0,0.0037429696
02_linear,Linear,XGBoost Classifier,0,0,0.00028051384
02_linear,Linear,XGBoost Classifier,0,0,0.0005974837
02_linear,Linear,XGBoost Classifier,0,0,6.0978957e-05
02_linear,Linear,XGBoost Classifier,0,0,9.854052e-05
02_linear,Linear,XGBoost Classifier,0,0,0.00237614
02_linear,Linear,XGBoost Classifier,0,0,0.0021762103
02_linear,Linear,XGBoost Classifier,1,1,0.9999968
02_linear,Linear,XGBoost Classifier,0,0,1.44291325e-05
02_linear,Linear,XGBoost Classifier,0,0,2.369595e-05
02_linear,Linear,XGBoost Classifier,0,0,0.03005834
02_linear,Linear,XGBoost Classifier,0,0,0.016714333
02_linear,Linear,XGBoost Classifier,0,0,0.00025299183
02_linear,Linear,XGBoost Classifier,0,0,0.000103848666
02_linear,Linear,XGBoost Classifier,0,0,9.8572e-05
02_linear,Linear,XGBoost Classifier,0,0,0.03685761
02_linear,Linear,XGBoost Classifier,0,0,2.0522559e-05
02_linear,Linear,XGBoost Classifier,1,1,0.9999957
02_linear,Linear,XGBoost Classifier,0,0,0.0005999809
02_linear,Linear,XGBoost Classifier,0,0,2.020682e-05
02_linear,Linear,XGBoost Classifier,0,0,0.00041774384
02_linear,Linear,XGBoost Classifier,1,0,0.103073046
02_linear,Linear,XGBoost Classifier,1,1,0.85728854
02_linear,Linear,XGBoost Classifier,1,1,0.9999943
02_linear,Linear,XGBoost Classifier,0,0,0.0001602236
02_linear,Linear,XGBoost Classifier,1,1,0.9999068
02_linear,Linear,XGBoost Classifier,0,0,0.00018633447
02_linear,Linear,XGBoost Classifier,0,0,3.11607e-05
02_linear,Linear,XGBoost Classifier,0,0,0.00038416573
02_linear,Linear,XGBoost Classifier,0,0,4.128698e-05
02_linear,Linear,XGBoost Classifier,1,1,0.9999815
02_linear,Linear,XGBoost Classifier,1,1,0.8118772
02_linear,Linear,XGBoost Classifier,1,1,0.9999999
02_linear,Linear,XGBoost Classifier,0,0,0.012318823
02_linear,Linear,XGBoost Classifier,0,0,0.000687138
02_linear,Linear,XGBoost Classifier,0,0,0.000101515834
02_linear,Linear,XGBoost Classifier,1,1,0.9999776
02_linear,Linear,XGBoost Classifier,0,0,0.006265486
02_linear,Linear,XGBoost Classifier,1,1,0.9999672
02_linear,Linear,XGBoost Classifier,0,0,0.00015204187
02_linear,Linear,XGBoost Classifier,0,0,0.0010092547
02_linear,Linear,XGBoost Classifier,0,0,0.00032828836
02_linear,Linear,XGBoost Classifier,0,0,0.0026680366
02_linear,Linear,XGBoost Classifier,0,0,0.00084068585
02_linear,Linear,XGBoost Classifier,0,0,0.008780084
02_linear,Linear,XGBoost Classifier,0,0,1.35083155e-05
02_linear,Linear,XGBoost Classifier,0,0,0.004638012
02_linear,Linear,XGBoost Classifier,1,1,0.9999974
02_linear,Linear,XGBoost Classifier,0,0,0.0077314074
02_linear,Linear,XGBoost Classifier,0,0,0.0036754936
02_linear,Linear,XGBoost Classifier,0,0,0.35473424
02_linear,Linear,XGBoost Classifier,0,0,0.006390158
02_linear,Linear,XGBoost Classifier,0,0,3.391707e-05
02_linear,Linear,XGBoost Classifier,0,0,7.993082e-06
02_linear,Linear,XGBoost Classifier,0,0,1.2816604e-05
02_linear,Linear,XGBoost Classifier,0,0,0.022301475
02_linear,Linear,XGBoost Classifier,0,0,0.0051217023
02_linear,Linear,XGBoost Classifier,1,1,0.9995097
02_linear,Linear,XGBoost Classifier,0,0,0.00023350626
02_linear,Linear,XGBoost Classifier,0,0,0.0007785417
02_linear,Linear,XGBoost Classifier,0,0,0.0011246675
02_linear,Linear,XGBoost Classifier,0,0,0.00010693068
02_linear,Linear,XGBoost Classifier,1,1,0.99996233
02_linear,Linear,XGBoost Classifier,0,0,5.2136245e-05
02_linear,Linear,XGBoost Classifier,1,1,0.99999774
02_linear,Linear,XGBoost Classifier,0,0,3.793676e-05
02_linear,Linear,XGBoost Classifier,0,0,0.007126046
02_linear,Linear,XGBoost Classifier,0,0,2.3186725e-05
02_linear,Linear,XGBoost Classifier,0,0,4.8217917e-06
02_linear,Linear,XGBoost Classifier,0,0,0.013335508
02_linear,Linear,XGBoost Classifier,0,0,0.0014430225
02_linear,Linear,XGBoost Classifier,0,0,0.0023458302
02_linear,Linear,XGBoost Classifier,1,1,0.99997306
02_linear,Linear,XGBoost Classifier,0,0,0.00056818826
02_linear,Linear,XGBoost Classifier,0,0,2.2480028e-05
02_linear,Linear,XGBoost Classifier,0,0,4.113438e-05
02_linear,Linear,XGBoost Classifier,0,0,6.784998e-05
02_linear,Linear,XGBoost Classifier,1,1,0.9999945
02_linear,Linear,XGBoost Classifier,0,0,0.012084806
02_linear,Linear,XGBoost Classifier,0,0,0.0018719987
02_linear,Linear,XGBoost Classifier,0,0,0.002205452
02_linear,Linear,XGBoost Classifier,0,0,0.0013430985
02_linear,Linear,XGBoost Classifier,1,1,0.999595
02_linear,Linear,XGBoost Classifier,1,1,0.99997854
02_linear,Linear,XGBoost Classifier,0,0,0.00018569542
02_linear,Linear,XGBoost Classifier,0,0,0.00022066188
02_linear,Linear,XGBoost Classifier,1,1,0.99997675
02_linear,Linear,XGBoost Classifier,0,0,0.00026589315
02_linear,Linear,XGBoost Classifier,0,0,0.0009362137
02_linear,Linear,XGBoost Classifier,0,0,0.000905699
02_linear,Linear,XGBoost Classifier,0,0,0.011352495
02_linear,Linear,XGBoost Classifier,0,0,3.282265e-05
02_linear,Linear,XGBoost Classifier,1,1,0.9618844
02_linear,Linear,XGBoost Classifier,1,1,0.9999949
02_linear,Linear,XGBoost Classifier,0,0,0.0029865168
02_linear,Linear,XGBoost Classifier,0,0,0.0043920986
02_linear,Linear,XGBoost Classifier,0,0,0.0013581365
02_linear,Linear,XGBoost Classifier,0,0,0.0024565766
02_linear,Linear,XGBoost Classifier,1,1,0.99523395
02_linear,Linear,XGBoost Classifier,1,1,0.9999964
02_linear,Linear,XGBoost Classifier,0,0,0.031001452
02_linear,Linear,XGBoost Classifier,0,0,0.00017286734
02_linear,Linear,XGBoost Classifier,0,0,2.4129427e-05
02_linear,Linear,XGBoost Classifier,1,1,0.95730114
02_linear,Linear,XGBoost Classifier,0,0,8.517469e-06
02_linear,Linear,XGBoost Classifier,0,0,0.0004944804
02_linear,Linear,XGBoost Classifier,0,0,0.00026700608
02_linear,Linear,XGBoost Classifier,0,0,0.0051365057
02_linear,Linear,XGBoost Classifier,0,0,4.400626e-06
02_linear,Linear,XGBoost Classifier,1,1,0.9999229
02_linear,Linear,XGBoost Classifier,1,1,0.9996332
02_linear,Linear,XGBoost Classifier,0,0,1.4677138e-05
02_linear,Linear,XGBoost Classifier,0,0,3.471206e-05
02_linear,Linear,XGBoost Classifier,0,0,0.0061979196
02_linear,Linear,XGBoost Classifier,0,1,0.93789226
02_linear,Linear,XGBoost Classifier,1,1,0.99999785
02_linear,Linear,XGBoost Classifier,1,1,0.9955094
02_linear,Linear,XGBoost Classifier,0,0,0.00046119903
02_linear,Linear,XGBoost Classifier,1,1,0.9999883
02_linear,Linear,XGBoost Classifier,0,0,0.002845095
02_linear,Linear,XGBoost Classifier,0,0,0.0021087874
02_linear,Linear,XGBoost Classifier,1,1,0.99999595
02_linear,Linear,XGBoost Classifier,1,1,0.9999851
02_linear,Linear,XGBoost Classifier,1,1,0.9999825
02_linear,Linear,XGBoost Classifier,0,0,9.305203e-06
02_linear,Linear,XGBoost Classifier,1,1,0.94065267
02_linear,Linear,XGBoost Classifier,0,0,0.0007435718
02_linear,Linear,XGBoost Classifier,1,1,0.9936918
02_linear,Linear,XGBoost Classifier,1,1,0.9995066
02_linear,Linear,XGBoost Classifier,0,0,0.09287301
02_linear,Linear,XGBoost Classifier,0,0,6.942836e-05
02_linear,Linear,XGBoost Classifier,0,0,0.012322542
02_linear,Linear,XGBoost Classifier,1,1,0.9940555
02_linear,Linear,XGBoost Classifier,0,0,0.00020302026
02_linear,Linear,XGBoost Classifier,0,0,0.0020950972
02_linear,Linear,XGBoost Classifier,0,0,0.013243264
02_linear,Linear,XGBoost Classifier,0,0,0.029897008
02_linear,Linear,XGBoost Classifier,0,0,0.0004502851
02_linear,Linear,XGBoost Classifier,0,0,0.00012491562
02_linear,Linear,XGBoost Classifier,0,0,0.00021804302
02_linear,Linear,XGBoost Classifier,0,0,0.005020983
02_linear,Linear,XGBoost Classifier,0,0,0.08760688
02_linear,Linear,XGBoost Classifier,0,0,0.0009881274
02_linear,Linear,XGBoost Classifier,0,0,8.9757805e-06
02_linear,Linear,XGBoost Classifier,1,1,0.99999166
02_linear,Linear,XGBoost Classifier,0,0,9.309362e-05
02_linear,Linear,XGBoost Classifier,1,1,0.99950767
02_linear,Linear,XGBoost Classifier,0,0,1.5829834e-05
02_linear,Linear,XGBoost Classifier,1,1,0.999995
02_linear,Linear,XGBoost Classifier,0,0,0.0075665778
02_linear,Linear,XGBoost Classifier,1,1,0.9818724
02_linear,Linear,XGBoost Classifier,0,0,0.0031398854
02_linear,Linear,XGBoost Classifier,0,0,5.6866036e-05
02_linear,Linear,XGBoost Classifier,1,1,0.9999496
02_linear,Linear,XGBoost Classifier,0,0,0.0006702688
02_linear,Linear,XGBoost Classifier,0,0,0.00014508232
02_linear,Linear,XGBoost Classifier,0,0,0.0014131374
02_linear,Linear,XGBoost Classifier,0,0,0.00012979188
02_linear,Linear,XGBoost Classifier,0,1,0.97438735
02_linear,Linear,XGBoost Classifier,0,0,1.9728426e-05
02_linear,Linear,XGBoost Classifier,0,0,0.00021893087
02_linear,Linear,XGBoost Classifier,0,0,7.1389804e-05
02_linear,Linear,XGBoost Classifier,0,0,0.0016543792
02_linear,Linear,XGBoost Classifier,0,0,0.00040797333
02_linear,Linear,XGBoost Classifier,0,0,0.0010170174
02_linear,Linear,XGBoost Classifier,0,0,0.0017054002
02_linear,Linear,XGBoost Classifier,1,1,0.99922156
02_linear,Linear,XGBoost Classifier,0,0,0.00022026335
02_linear,Linear,XGBoost Classifier,1,1,0.76998925
02_linear,Linear,XGBoost Classifier,0,0,0.004278832
02_linear,Linear,XGBoost Classifier,0,0,0.0131490175
02_linear,Linear,XGBoost Classifier,0,0,8.540879e-06
02_linear,Linear,XGBoost Classifier,0,0,0.00016168311
02_linear,Linear,XGBoost Classifier,0,0,9.319746e-05
02_linear,Linear,XGBoost Classifier,0,0,2.392992e-05
02_linear,Linear,XGBoost Classifier,0,0,0.00012628394
02_linear,Linear,XGBoost Classifier,0,0,0.000103102706
02_linear,Linear,XGBoost Classifier,0,0,0.00055572856
02_linear,Linear,XGBoost Classifier,0,0,0.0017149411
02_linear,Linear,XGBoost Classifier,0,0,0.0012025974
02_linear,Linear,XGBoost Classifier,1,1,0.99414575
02_linear,Linear,XGBoost Classifier,0,0,8.336111e-05
02_linear,Linear,XGBoost Classifier,0,0,2.29484e-06
02_linear,Linear,XGBoost Classifier,0,0,0.00080955453
02_linear,Linear,XGBoost Classifier,1,1,0.9999918
02_linear,Linear,XGBoost Classifier,0,0,0.014898432
02_linear,Linear,XGBoost Classifier,0,0,0.0004260724
02_linear,Linear,XGBoost Classifier,0,0,1.8754912e-05
02_linear,Linear,XGBoost Classifier,0,0,3.305973e-05
02_linear,Linear,XGBoost Classifier,1,1,0.9999944
02_linear,Linear,XGBoost Classifier,0,0,0.0048026685
02_linear,Linear,XGBoost Classifier,0,0,4.5625162e-05
02_linear,Linear,XGBoost Classifier,1,1,0.99993193
02_linear,Linear,XGBoost Classifier,0,0,2.6800597e-05
02_linear,Linear,XGBoost Classifier,0,0,5.850751e-05
02_linear,Linear,XGBoost Classifier,0,0,9.624502e-05
02_linear,Linear,XGBoost Classifier,1,1,0.99999
02_linear,Linear,XGBoost Classifier,0,0,1.6395943e-05
02_linear,Linear,XGBoost Classifier,0,0,0.00021021195
02_linear,Linear,XGBoost Classifier,0,0,0.0014569785
02_linear,Linear,XGBoost Classifier,0,0,0.006445
02_linear,Linear,XGBoost Classifier,1,1,0.9998982
02_linear,Linear,XGBoost Classifier,0,0,0.0012223334
02_linear,Linear,XGBoost Classifier,1,1,0.9999243
02_linear,Linear,XGBoost Classifier,0,0,1.3719663e-05
02_linear,Linear,XGBoost Classifier,0,0,0.01411289
02_linear,Linear,XGBoost Classifier,0,0,7.556943e-05
02_linear,Linear,XGBoost Classifier,0,0,0.00019688574
02_linear,Linear,XGBoost Classifier,0,0,0.007204466
02_linear,Linear,XGBoost Classifier,0,0,0.016240258
02_linear,Linear,XGBoost Classifier,0,0,0.000684501
02_linear,Linear,XGBoost Classifier,1,1,0.9988489
02_linear,Linear,XGBoost Classifier,0,0,0.00012326299
02_linear,Linear,XGBoost Classifier,1,1,0.9999906
02_linear,Linear,XGBoost Classifier,0,0,0.00014299361
02_linear,Linear,XGBoost Classifier,0,0,0.0017480621
02_linear,Linear,XGBoost Classifier,0,0,2.512861e-05
02_linear,Linear,XGBoost Classifier,1,1,0.99999666
02_linear,Linear,XGBoost Classifier,0,0,5.9720085e-05
02_linear,Linear,XGBoost Classifier,0,0,0.035210278
02_linear,Linear,XGBoost Classifier,0,0,0.0009545984
02_linear,Linear,XGBoost Classifier,0,0,0.010595638
02_linear,Linear,XGBoost Classifier,0,0,3.391558e-05
02_linear,Linear,XGBoost Classifier,1,1,0.884965
02_linear,Linear,XGBoost Classifier,0,0,0.0010452569
02_linear,Linear,XGBoost Classifier,0,0,0.0003983982
02_linear,Linear,XGBoost Classifier,0,0,0.00020179823
02_linear,Linear,XGBoost Classifier,0,0,0.0053568035
02_linear,Linear,XGBoost Classifier,1,1,0.99999726
02_linear,Linear,XGBoost Classifier,0,0,0.0006963647
02_linear,Linear,XGBoost Classifier,1,1,0.7931884
02_linear,Linear,XGBoost Classifier,0,0,2.7172136e-05
02_linear,Linear,XGBoost Classifier,0,0,3.502696e-05
02_linear,Linear,XGBoost Classifier,1,1,0.9999075
02_linear,Linear,XGBoost Classifier,0,0,0.00013444552
02_linear,Linear,XGBoost Classifier,0,0,0.013677951
02_linear,Linear,XGBoost Classifier,0,0,0.00011644769
02_linear,Linear,XGBoost Classifier,0,0,0.0006377535
02_linear,Linear,XGBoost Classifier,0,0,0.00089049304
02_linear,Linear,XGBoost Classifier,0,0,0.0024339813
02_linear,Linear,XGBoost Classifier,0,0,0.082127236
02_linear,Linear,XGBoost Classifier,0,0,0.000366076
02_linear,Linear,XGBoost Classifier,0,0,0.00015625419
02_linear,Linear,XGBoost Classifier,0,0,0.0010704064
02_linear,Linear,XGBoost Classifier,0,0,9.984542e-06
02_linear,Linear,XGBoost Classifier,0,0,7.587444e-05
02_linear,Linear,XGBoost Classifier,1,1,0.99997604
02_linear,Linear,XGBoost Classifier,0,0,4.4527857e-05
02_linear,Linear,XGBoost Classifier,1,1,0.999997
02_linear,Linear,XGBoost Classifier,0,0,0.00026040708
02_linear,Linear,XGBoost Classifier,0,0,0.00022524319
02_linear,Linear,XGBoost Classifier,1,1,0.999998
02_linear,Linear,XGBoost Classifier,1,1,0.9998838
02_linear,Linear,XGBoost Classifier,0,0,0.00022762579
02_linear,Linear,XGBoost Classifier,0,0,4.2869044e-05
02_linear,Linear,XGBoost Classifier,0,0,0.0009888532
02_linear,Linear,XGBoost Classifier,0,0,0.005583665
02_linear,Linear,XGBoost Classifier,1,1,0.99961555
02_linear,Linear,XGBoost Classifier,1,1,0.99882084
02_linear,Linear,XGBoost Classifier,0,0,0.00048772042
02_linear,Linear,XGBoost Classifier,0,0,0.0004189388
02_linear,Linear,XGBoost Classifier,0,0,2.881499e-05
02_linear,Linear,XGBoost Classifier,0,0,2.6866286e-05
02_linear,Linear,XGBoost Classifier,0,0,1.1536097e-05
02_linear,Linear,XGBoost Classifier,1,1,0.9999857
02_linear,Linear,XGBoost Classifier,0,0,0.003975533
02_linear,Linear,XGBoost Classifier,1,1,0.9999939
02_linear,Linear,XGBoost Classifier,0,0,6.6659224e-05
02_linear,Linear,XGBoost Classifier,0,0,0.00023644941
02_linear,Linear,XGBoost Classifier,0,0,0.00404107
02_linear,Linear,XGBoost Classifier,0,0,3.6700632e-05
02_linear,Linear,XGBoost Classifier,0,0,0.0024624788
02_linear,Linear,XGBoost Classifier,1,1,0.99995124
02_linear,Linear,XGBoost Classifier,0,0,0.052295774
02_linear,Linear,XGBoost Classifier,1,1,0.99726856
02_linear,Linear,XGBoost Classifier,0,0,1.0968811e-06
02_linear,Linear,XGBoost Classifier,0,0,0.0010757124
02_linear,Linear,XGBoost Classifier,0,0,0.00039422596
02_linear,Linear,XGBoost Classifier,1,1,0.98957807
02_linear,Linear,XGBoost Classifier,0,0,1.836316e-05
02_linear,Linear,XGBoost Classifier,1,0,0.031821255
02_linear,Linear,XGBoost Classifier,0,0,0.0050573605
02_linear,Linear,XGBoost Classifier,0,0,0.00051603734
02_linear,Linear,XGBoost Classifier,1,1,0.9989827
02_linear,Linear,XGBoost Classifier,1,1,0.99999726
02_linear,Linear,XGBoost Classifier,0,0,0.00015832945
02_linear,Linear,XGBoost Classifier,0,0,1.25226015e-05
02_linear,Linear,XGBoost Classifier,0,0,5.7796755e-05
02_linear,Linear,XGBoost Classifier,0,0,0.0046076407
02_linear,Linear,XGBoost Classifier,0,0,0.00041201457
02_linear,Linear,XGBoost Classifier,0,0,0.0061419504
02_linear,Linear,XGBoost Classifier,0,0,1.1524431e-05
02_linear,Linear,XGBoost Classifier,0,0,0.0002218754
02_linear,Linear,XGBoost Classifier,0,0,2.2832504e-05
02_linear,Linear,XGBoost Classifier,0,0,0.00034268445
02_linear,Linear,XGBoost Classifier,0,0,5.8180754e-05
02_linear,Linear,XGBoost Classifier,0,0,8.937456e-05
02_linear,Linear,XGBoost Classifier,0,0,0.013064285
02_linear,Linear,XGBoost Classifier,0,0,0.00021469255
02_linear,Linear,XGBoost Classifier,0,0,0.00037118475
02_linear,Linear,XGBoost Classifier,0,0,0.0009383284
02_linear,Linear,XGBoost Classifier,0,0,1.2228799e-05
02_linear,Linear,XGBoost Classifier,0,0,0.0052662576
02_linear,Linear,XGBoost Classifier,0,0,0.0012396406
02_linear,Linear,XGBoost Classifier,1,1,0.9999914
02_linear,Linear,XGBoost Classifier,0,0,0.00026906608
02_linear,Linear,XGBoost Classifier,1,1,0.9999995
02_linear,Linear,XGBoost Classifier,0,0,5.4875978e-05
02_linear,Linear,XGBoost Classifier,1,1,0.9999974
02_linear,Linear,XGBoost Classifier,0,0,0.04539028
02_linear,Linear,XGBoost Classifier,0,0,8.7927074e-05
02_linear,Linear,XGBoost Classifier,1,1,0.99992895
02_linear,Linear,XGBoost Classifier,0,0,0.00047339898
02_linear,Linear,XGBoost Classifier,0,0,0.0039700633
02_linear,Linear,XGBoost Classifier,0,0,0.00016315312
02_linear,Linear,XGBoost Classifier,0,0,0.00641406
02_linear,Linear,XGBoost Classifier,1,1,0.99992394
02_linear,Linear,XGBoost Classifier,1,1,0.8872322
02_linear,Linear,XGBoost Classifier,0,0,0.005691776
02_linear,Linear,XGBoost Classifier,0,0,0.0028861635
02_linear,Linear,XGBoost Classifier,0,0,2.2050453e-06
02_linear,Linear,XGBoost Classifier,1,1,0.99963844
02_linear,Linear,XGBoost Classifier,0,0,0.0030790137
02_linear,Linear,XGBoost Classifier,0,0,0.00042812314
02_linear,Linear,XGBoost Classifier,1,1,0.9977202
02_linear,Linear,XGBoost Classifier,1,1,0.99992335
02_linear,Linear,XGBoost Classifier,0,0,0.13730146
02_linear,Linear,XGBoost Classifier,0,0,4.5297973e-05
02_linear,Linear,XGBoost Classifier,0,0,0.00016006174
02_linear,Linear,XGBoost Classifier,1,1,0.9999944
02_linear,Linear,XGBoost Classifier,0,0,0.00036638934
02_linear,Linear,XGBoost Classifier,0,0,0.00019068058
02_linear,Linear,XGBoost Classifier,1,1,0.9999902
02_linear,Linear,XGBoost Classifier,1,1,0.9999864
02_linear,Linear,XGBoost Classifier,0,0,0.0010506846
02_linear,Linear,XGBoost Classifier,0,0,0.09113464
02_linear,Linear,XGBoost Classifier,1,1,0.99999547
02_linear,Linear,XGBoost Classifier,0,0,0.005420909
02_linear,Linear,XGBoost Classifier,1,1,0.999998
02_linear,Linear,XGBoost Classifier,0,0,0.00016685296
02_linear,Linear,XGBoost Classifier,1,1,0.9999937
02_linear,Linear,XGBoost Classifier,0,0,2.7468419e-05
02_linear,Linear,XGBoost Classifier,0,0,0.00029413405
02_linear,Linear,XGBoost Classifier,0,0,0.00065971457
02_linear,Linear,XGBoost Classifier,0,0,0.0002199085
02_linear,Linear,XGBoost Classifier,0,0,0.00010320993
02_linear,Linear,XGBoost Classifier,0,0,8.416256e-06
02_linear,Linear,XGBoost Classifier,0,0,0.017847685
02_linear,Linear,XGBoost Classifier,1,1,0.9999958
02_linear,Linear,XGBoost Classifier,0,0,7.8095465e-05
02_linear,Linear,XGBoost Classifier,0,0,0.023139352
02_linear,Linear,XGBoost Classifier,0,0,0.002003629
02_linear,Linear,XGBoost Classifier,0,0,0.00024379473
02_linear,Linear,XGBoost Classifier,1,1,0.9999927
02_linear,Linear,XGBoost Classifier,1,1,0.929998
02_linear,Linear,XGBoost Classifier,1,1,0.99999774
02_linear,Linear,XGBoost Classifier,0,0,0.001183848
02_linear,Linear,XGBoost Classifier,0,1,0.85697854
02_linear,Linear,XGBoost Classifier,0,0,3.7632533e-05
02_linear,Linear,XGBoost Classifier,0,0,0.009944373
02_linear,Linear,XGBoost Classifier,0,0,0.00036743487
02_linear,Linear,XGBoost Classifier,0,0,0.0012521013
02_linear,Linear,XGBoost Classifier,1,1,0.9999943
02_linear,Linear,XGBoost Classifier,0,0,0.2945614
02_linear,Linear,XGBoost Classifier,0,0,1.2647322e-05
02_linear,Linear,XGBoost Classifier,0,0,0.00033645058
02_linear,Linear,XGBoost Classifier,0,0,0.00046588093
02_linear,Linear,XGBoost Classifier,0,0,1.9488754e-05
02_linear,Linear,XGBoost Classifier,1,1,0.9999963
02_linear,Linear,XGBoost Classifier,1,1,0.99999464
02_linear,Linear,XGBoost Classifier,0,0,0.00023037182
02_linear,Linear,XGBoost Classifier,0,0,1.487373e-05
02_linear,Linear,XGBoost Classifier,0,0,0.0024093587
02_linear,Linear,XGBoost Classifier,0,0,8.356207e-05
02_linear,Linear,XGBoost Classifier,0,0,0.00047736036
02_linear,Linear,XGBoost Classifier,0,0,9.8523895e-05
02_linear,Linear,XGBoost Classifier,0,0,0.006165248
02_linear,Linear,XGBoost Classifier,0,0,0.002654791
02_linear,Linear,XGBoost Classifier,0,0,0.0051599685
02_linear,Linear,XGBoost Classifier,0,0,9.243171e-05
02_linear,Linear,XGBoost Classifier,0,0,0.01761622
02_linear,Linear,XGBoost Classifier,1,1,0.99997735
02_linear,Linear,XGBoost Classifier,0,0,0.0025182746
02_linear,Linear,XGBoost Classifier,0,0,0.001405211
02_linear,Linear,XGBoost Classifier,0,0,0.008543652
02_linear,Linear,XGBoost Classifier,1,1,0.99870825
02_linear,Linear,XGBoost Classifier,0,0,0.45847756
02_linear,Linear,XGBoost Classifier,0,0,0.00012625058
02_linear,Linear,XGBoost Classifier,1,1,0.9999759
02_linear,Linear,XGBoost Classifier,0,0,0.00018182366
02_linear,Linear,XGBoost Classifier,1,1,0.89616
02_linear,Linear,XGBoost Classifier,1,1,0.9549876
02_linear,Linear,XGBoost Classifier,0,0,0.0003417735
02_linear,Linear,XGBoost Classifier,1,1,0.8149868
02_linear,Linear,XGBoost Classifier,0,0,0.0002785518
02_linear,Linear,XGBoost Classifier,1,1,0.9996269
02_linear,Linear,XGBoost Classifier,0,0,0.00025569275
02_linear,Linear,XGBoost Classifier,1,1,0.9999833
02_linear,Linear,XGBoost Classifier,0,0,0.0002603383
02_linear,Linear,XGBoost Classifier,1,1,0.99992275
02_linear,Linear,XGBoost Classifier,0,0,0.00045794016
02_linear,Linear,XGBoost Classifier,0,0,0.007988202
02_linear,Linear,XGBoost Classifier,0,0,0.00033830662
02_linear,Linear,XGBoost Classifier,0,0,0.0008667144
02_linear,Linear,XGBoost Classifier,1,1,0.8902242
02_linear,Linear,XGBoost Classifier,0,0,0.0006464257
02_linear,Linear,XGBoost Classifier,0,0,6.823163e-05
02_linear,Linear,XGBoost Classifier,0,0,0.00014966006
02_linear,Linear,XGBoost Classifier,0,0,0.0051789754
02_linear,Linear,XGBoost Classifier,1,1,0.99998116
02_linear,Linear,XGBoost Classifier,0,0,0.018345647
02_linear,Linear,XGBoost Classifier,0,0,0.0010483549
02_linear,Linear,XGBoost Classifier,0,0,1.4900208e-05
02_linear,Linear,XGBoost Classifier,0,0,0.01192444
02_linear,Linear,XGBoost Classifier,0,0,0.0006092396
02_linear,Linear,XGBoost Classifier,0,0,7.978059e-05
02_linear,Linear,XGBoost Classifier,0,0,0.00024335092
02_linear,Linear,XGBoost Classifier,0,0,0.0004208375
02_linear,Linear,XGBoost Classifier,0,0,6.0249724e-05
02_linear,Linear,XGBoost Classifier,0,0,0.0065077064
02_linear,Linear,XGBoost Classifier,1,1,0.999984
02_linear,Linear,XGBoost Classifier,0,0,0.008817416
02_linear,Linear,XGBoost Classifier,1,1,0.9999919
02_linear,Linear,XGBoost Classifier,0,0,0.003441749
02_linear,Linear,XGBoost Classifier,0,0,0.00026160353
02_linear,Linear,XGBoost Classifier,0,0,9.043753e-06
02_linear,Linear,XGBoost Classifier,0,0,0.004547918
02_linear,Linear,XGBoost Classifier,0,0,1.0983258e-05
02_linear,Linear,XGBoost Classifier,0,0,0.0003210225
02_linear,Linear,XGBoost Classifier,0,0,4.2651493e-05
02_linear,Linear,XGBoost Classifier,0,0,0.004347566
02_linear,Linear,XGBoost Classifier,0,0,0.029844204
02_linear,Linear,XGBoost Classifier,0,0,0.07292358
02_linear,Linear,XGBoost Classifier,0,0,0.00029612475
02_linear,Linear,XGBoost Classifier,0,0,0.0015555033
02_linear,Linear,XGBoost Classifier,0,0,0.0035291554
02_linear,Linear,XGBoost Classifier,0,0,0.0012474622
02_linear,Linear,XGBoost Classifier,0,0,1.1110626e-05
02_linear,Linear,XGBoost Classifier,0,0,0.003805736
02_linear,Linear,XGBoost Classifier,1,1,0.9740821
02_linear,Linear,XGBoost Classifier,0,0,0.002523177
02_linear,Linear,XGBoost Classifier,0,0,0.00046198154
02_linear,Linear,XGBoost Classifier,0,0,0.0019443348
02_linear,Linear,XGBoost Classifier,1,1,0.9779042
02_linear,Linear,XGBoost Classifier,0,0,2.3523744e-06
02_linear,Linear,XGBoost Classifier,0,0,0.10723366
02_linear,Linear,XGBoost Classifier,0,0,0.004165481
02_linear,Linear,XGBoost Classifier,0,0,0.00019347864
02_linear,Linear,XGBoost Classifier,0,0,4.8307256e-06
02_linear,Linear,XGBoost Classifier,1,1,0.9998747
02_linear,Linear,XGBoost Classifier,0,0,0.0004679153
02_linear,Linear,XGBoost Classifier,0,0,6.949539e-05
02_linear,Linear,XGBoost Classifier,0,0,0.03179493
02_linear,Linear,XGBoost Classifier,0,0,6.9945636e-05
02_linear,Linear,XGBoost Classifier,0,0,7.0212463e-06
02_linear,Linear,XGBoost Classifier,0,0,0.00018699515
02_linear,Linear,XGBoost Classifier,0,0,0.0001644308
02_linear,Linear,XGBoost Classifier,0,0,6.0859926e-05
02_linear,Linear,XGBoost Classifier,1,1,0.9959357
02_linear,Linear,XGBoost Classifier,0,0,0.013895387
02_linear,Linear,XGBoost Classifier,1,1,0.9914103
02_linear,Linear,XGBoost Classifier,0,0,0.00016588956
02_linear,Linear,XGBoost Classifier,0,0,9.498915e-05
02_linear,Linear,XGBoost Classifier,1,1,0.72421294
02_linear,Linear,XGBoost Classifier,0,0,0.00027679792
02_linear,Linear,XGBoost Classifier,0,0,0.0035234569
02_linear,Linear,XGBoost Classifier,1,1,0.977235
02_linear,Linear,XGBoost Classifier,1,1,0.99997246
02_linear,Linear,XGBoost Classifier,1,1,0.99999845
02_linear,Linear,XGBoost Classifier,1,1,0.99770594
02_linear,Linear,XGBoost Classifier,0,0,0.00062168395
02_linear,Linear,XGBoost Classifier,0,0,0.0003939733
02_linear,Linear,XGBoost Classifier,0,0,0.0006420669
02_linear,Linear,XGBoost Classifier,0,0,0.015518699
02_linear,Linear,XGBoost Classifier,0,0,0.00026828912
02_linear,Linear,XGBoost Classifier,0,0,0.007927918
02_linear,Linear,XGBoost Classifier,0,1,0.6511189
02_linear,Linear,XGBoost Classifier,0,0,0.0046981582
02_linear,Linear,XGBoost Classifier,1,1,0.99999547
02_linear,Linear,XGBoost Classifier,1,1,0.9999869
02_linear,Linear,XGBoost Classifier,0,0,0.06663111
02_linear,Linear,XGBoost Classifier,0,0,0.00019724746
02_linear,Linear,XGBoost Classifier,0,0,0.0009993226
02_linear,Linear,XGBoost Classifier,0,0,0.0049644425
02_linear,Linear,XGBoost Classifier,0,0,0.0027760088
02_linear,Linear,XGBoost Classifier,0,0,0.000118823664
02_linear,Linear,XGBoost Classifier,0,0,0.007997779
02_linear,Linear,XGBoost Classifier,0,0,0.0009456343
02_linear,Linear,XGBoost Classifier,0,0,0.004527368
02_linear,Linear,XGBoost Classifier,0,0,0.3385082
02_linear,Linear,XGBoost Classifier,0,0,0.01940405
02_linear,Linear,XGBoost Classifier,0,0,0.029689956
02_linear,Linear,XGBoost Classifier,0,0,3.4548488e-05
02_linear,Linear,XGBoost Classifier,1,1,0.9999763
02_linear,Linear,XGBoost Classifier,1,1,0.9708584
02_linear,Linear,XGBoost Classifier,1,1,0.87435067
02_linear,Linear,XGBoost Classifier,0,0,8.523101e-05
02_linear,Linear,XGBoost Classifier,0,0,7.504777e-05
02_linear,Linear,XGBoost Classifier,1,1,0.9999882
02_linear,Linear,XGBoost Classifier,0,0,0.24423353
02_linear,Linear,XGBoost Classifier,0,0,0.0001392396
02_linear,Linear,XGBoost Classifier,0,0,0.00019281088
02_linear,Linear,XGBoost Classifier,0,0,0.003935258
02_linear,Linear,XGBoost Classifier,0,0,0.15202941
02_linear,Linear,XGBoost Classifier,0,0,0.00039343754
02_linear,Linear,XGBoost Classifier,1,1,0.9999155
02_linear,Linear,XGBoost Classifier,0,0,5.4986296e-05
02_linear,Linear,XGBoost Classifier,0,0,0.0007570801
02_linear,Linear,XGBoost Classifier,0,0,3.5248184e-05
02_linear,Linear,XGBoost Classifier,0,0,0.0051667043
02_linear,Linear,XGBoost Classifier,0,0,2.3899429e-05
02_linear,Linear,XGBoost Classifier,0,0,3.3383894e-05
02_linear,Linear,XGBoost Classifier,1,1,0.9993412
02_linear,Linear,XGBoost Classifier,1,1,0.99997675
02_linear,Linear,XGBoost Classifier,0,0,0.00015652826
02_linear,Linear,XGBoost Classifier,0,0,7.946602e-05
02_linear,Linear,XGBoost Classifier,0,0,0.0004728925
02_linear,Linear,XGBoost Classifier,0,0,3.2462365e-06
02_linear,Linear,XGBoost Classifier,0,0,1.6502912e-05
02_linear,Linear,XGBoost Classifier,0,0,8.291253e-06
02_linear,Linear,XGBoost Classifier,0,0,0.00065152836
02_linear,Linear,XGBoost Classifier,1,1,0.9935138
02_linear,Linear,XGBoost Classifier,0,1,0.97893846
02_linear,Linear,XGBoost Classifier,0,0,1.31542265e-05
02_linear,Linear,XGBoost Classifier,0,0,4.973934e-05
02_linear,Linear,XGBoost Classifier,0,0,2.0275134e-05
02_linear,Linear,XGBoost Classifier,1,1,0.99997675
02_linear,Linear,XGBoost Classifier,1,1,0.97198987
02_linear,Linear,XGBoost Classifier,0,0,3.9851904e-05
02_linear,Linear,XGBoost Classifier,0,0,9.5730524e-05
02_linear,Linear,XGBoost Classifier,1,1,0.9999684
02_linear,Linear,XGBoost Classifier,0,0,0.41893563
02_linear,Linear,XGBoost Classifier,0,0,0.00419083
02_linear,Linear,XGBoost Classifier,0,0,0.0007121188
02_linear,Linear,XGBoost Classifier,0,0,0.00062426826
02_linear,Linear,XGBoost Classifier,0,0,1.03035645e-05
02_linear,Linear,XGBoost Classifier,0,0,0.00037711303
02_linear,Linear,XGBoost Classifier,0,1,0.8799523
02_linear,Linear,XGBoost Classifier,1,1,0.9996966
02_linear,Linear,XGBoost Classifier,0,0,0.00040812523
02_linear,Linear,XGBoost Classifier,0,0,0.00010569824
02_linear,Linear,XGBoost Classifier,0,0,0.0007173742
02_linear,Linear,XGBoost Classifier,0,0,0.0047735567
02_linear,Linear,XGBoost Classifier,0,0,0.0018726689
02_linear,Linear,XGBoost Classifier,1,1,0.99999523
02_linear,Linear,XGBoost Classifier,0,0,2.7339003e-05
02_linear,Linear,XGBoost Classifier,0,0,0.00010028333
02_linear,Linear,XGBoost Classifier,1,1,0.99992347
02_linear,Linear,XGBoost Classifier,0,0,0.004426562
02_linear,Linear,XGBoost Classifier,1,1,0.99999416
02_linear,Linear,XGBoost Classifier,1,0,0.044150047
02_linear,Linear,XGBoost Classifier,1,0,0.24683139
02_linear,Linear,XGBoost Classifier,0,0,7.864761e-05
02_linear,Linear,XGBoost Classifier,1,1,0.999959
02_linear,Linear,XGBoost Classifier,0,0,0.00019545
02_linear,Linear,XGBoost Classifier,1,1,0.9999932
02_linear,Linear,XGBoost Classifier,0,0,0.00012721783
02_linear,Linear,XGBoost Classifier,0,0,0.00027678497
02_linear,Linear,XGBoost Classifier,0,0,0.001953704
02_linear,Linear,XGBoost Classifier,0,0,1.1040376e-05
02_linear,Linear,XGBoost Classifier,0,0,0.0002195268
02_linear,Linear,XGBoost Classifier,0,0,0.0019203338
02_linear,Linear,XGBoost Classifier,0,0,0.0011671982
02_linear,Linear,XGBoost Classifier,0,0,0.0002281912
02_linear,Linear,XGBoost Classifier,0,0,0.0007278236
02_linear,Linear,XGBoost Classifier,0,0,9.683808e-05
02_linear,Linear,XGBoost Classifier,0,0,0.00053423335
02_linear,Linear,XGBoost Classifier,0,0,0.0011659286
02_linear,Linear,XGBoost Classifier,0,0,0.0005523881
02_linear,Linear,XGBoost Classifier,1,1,0.99994206
02_linear,Linear,XGBoost Classifier,0,0,0.0008783143
02_linear,Linear,XGBoost Classifier,0,0,0.004701417
02_linear,Linear,XGBoost Classifier,1,1,0.9999449
02_linear,Linear,XGBoost Classifier,0,0,0.006477527
02_linear,Linear,XGBoost Classifier,0,0,5.5663877e-05
02_linear,Linear,XGBoost Classifier,0,0,0.0011751205
02_linear,Linear,XGBoost Classifier,1,1,0.9976991
02_linear,Linear,XGBoost Classifier,1,1,0.9316753
02_linear,Linear,XGBoost Classifier,0,0,3.865351e-05
02_linear,Linear,XGBoost Classifier,0,0,0.00069985783
02_linear,Linear,XGBoost Classifier,1,1,0.7408654
02_linear,Linear,XGBoost Classifier,0,1,0.9452119
02_linear,Linear,XGBoost Classifier,0,0,8.800198e-05
02_linear,Linear,XGBoost Classifier,0,0,0.00018914141
02_linear,Linear,XGBoost Classifier,0,0,0.016557174
02_linear,Linear,XGBoost Classifier,1,1,0.99998736
02_linear,Linear,XGBoost Classifier,0,0,0.05978306
02_linear,Linear,XGBoost Classifier,0,0,0.0023035223
02_linear,Linear,XGBoost Classifier,0,1,0.72428447
02_linear,Linear,XGBoost Classifier,1,1,0.9998437
02_linear,Linear,XGBoost Classifier,1,1,0.99999344
02_linear,Linear,XGBoost Classifier,0,0,0.00066939095
02_linear,Linear,XGBoost Classifier,1,1,0.9990903
02_linear,Linear,XGBoost Classifier,1,1,0.9027834
02_linear,Linear,XGBoost Classifier,0,0,0.00081921165
02_linear,Linear,XGBoost Classifier,0,1,0.9560184
02_linear,Linear,XGBoost Classifier,1,1,0.99999523
02_linear,Linear,XGBoost Classifier,0,0,0.0025475998
02_linear,Linear,XGBoost Classifier,0,1,0.95161295
02_linear,Linear,XGBoost Classifier,0,0,0.0068572275
02_linear,Linear,XGBoost Classifier,0,0,0.00018117383
02_linear,Linear,XGBoost Classifier,0,0,0.00063586753
02_linear,Linear,XGBoost Classifier,0,0,0.005645489
02_linear,Linear,XGBoost Classifier,0,0,0.00039073234
02_linear,Linear,XGBoost Classifier,0,0,0.00043752976
02_linear,Linear,XGBoost Classifier,0,0,0.18786325
02_linear,Linear,XGBoost Classifier,0,0,1.9679082e-05
02_linear,Linear,XGBoost Classifier,0,0,0.005088863
02_linear,Linear,XGBoost Classifier,0,0,0.00017551883
02_linear,Linear,XGBoost Classifier,0,0,0.00011654844
02_linear,Linear,XGBoost Classifier,1,1,0.9994624
02_linear,Linear,XGBoost Classifier,0,0,0.0037594568
02_linear,Linear,XGBoost Classifier,1,1,0.9999528
02_linear,Linear,XGBoost Classifier,0,0,0.0002934962
02_linear,Linear,XGBoost Classifier,0,0,0.007040109
02_linear,Linear,XGBoost Classifier,0,0,0.0007682516
02_linear,Linear,XGBoost Classifier,0,0,0.00012021613
02_linear,Linear,XGBoost Classifier,0,0,0.0010521836
02_linear,Linear,XGBoost Classifier,0,0,0.029814908
02_linear,Linear,XGBoost Classifier,1,1,0.99955386
02_linear,Linear,XGBoost Classifier,0,0,0.016278278
02_linear,Linear,XGBoost Classifier,0,0,0.029166639
02_linear,Linear,XGBoost Classifier,1,1,0.99999607
02_linear,Linear,XGBoost Classifier,0,0,0.0044080205
02_linear,Linear,XGBoost Classifier,1,1,0.99999714
02_linear,Linear,XGBoost Classifier,0,0,0.000506527
02_linear,Linear,XGBoost Classifier,0,0,5.9661685e-05
02_linear,Linear,XGBoost Classifier,0,0,5.1512365e-05
02_linear,Linear,XGBoost Classifier,0,0,0.00039915263
02_linear,Linear,XGBoost Classifier,0,0,0.33674583
02_linear,Linear,XGBoost Classifier,1,1,0.99962735
02_linear,Linear,XGBoost Classifier,0,0,5.107935e-05
02_linear,Linear,XGBoost Classifier,0,0,4.611341e-05
02_linear,Linear,XGBoost Classifier,1,1,0.9995925
02_linear,Linear,XGBoost Classifier,0,0,0.00012689811
02_linear,Linear,XGBoost Classifier,0,0,0.0014165667
02_linear,Linear,XGBoost Classifier,0,0,5.7468922e-05
02_linear,Linear,XGBoost Classifier,0,0,0.0061185462
02_linear,Linear,XGBoost Classifier,0,0,0.07247425
02_linear,Linear,XGBoost Classifier,1,1,0.99998426
02_linear,Linear,XGBoost Classifier,0,0,3.0432613e-05
02_linear,Linear,XGBoost Classifier,0,0,0.00024017986
02_linear,Linear,XGBoost Classifier,1,1,0.99998534
02_linear,Linear,XGBoost Classifier,0,0,0.0019138467
02_linear,Linear,XGBoost Classifier,0,0,4.53825e-05
02_linear,Linear,XGBoost Classifier,0,0,0.00016596787
02_linear,Linear,XGBoost Classifier,0,0,8.3358165e-05
02_linear,Linear,XGBoost Classifier,0,0,0.00022795198
02_linear,Linear,XGBoost Classifier,0,0,0.0006734055
02_linear,Linear,XGBoost Classifier,1,1,0.999997
02_linear,Linear,XGBoost Classifier,0,0,0.000117019066
02_linear,Linear,XGBoost Classifier,0,0,0.00055197807
02_linear,Linear,XGBoost Classifier,0,0,0.045118373
02_linear,Linear,XGBoost Classifier,0,0,0.0005549296
02_linear,Linear,XGBoost Classifier,0,0,5.655119e-05
02_linear,Linear,XGBoost Classifier,1,1,0.99995255
02_linear,Linear,XGBoost Classifier,1,1,0.9999876
02_linear,Linear,XGBoost Classifier,1,1,0.99996996
02_linear,Linear,XGBoost Classifier,0,0,1.7865725e-05
02_linear,Linear,XGBoost Classifier,0,0,0.000119717246
02_linear,Linear,XGBoost Classifier,1,1,0.99999106
02_linear,Linear,XGBoost Classifier,0,0,0.0037774784
02_linear,Linear,XGBoost Classifier,0,0,0.012462991
02_linear,Linear,XGBoost Classifier,0,0,8.535106e-06
02_linear,Linear,XGBoost Classifier,0,0,0.00014080694
02_linear,Linear,XGBoost Classifier,0,0,0.00052480586
02_linear,Linear,XGBoost Classifier,0,0,0.002741844
02_linear,Linear,XGBoost Classifier,0,0,1.996682e-05
02_linear,Linear,XGBoost Classifier,1,1,0.99999905
02_linear,Linear,XGBoost Classifier,0,0,0.0024722738
02_linear,Linear,XGBoost Classifier,0,0,3.8999187e-05
02_linear,Linear,XGBoost Classifier,0,0,1.5975986e-05
02_linear,Linear,XGBoost Classifier,0,0,0.0016688838
02_linear,Linear,XGBoost Classifier,1,1,0.9999888
02_linear,Linear,XGBoost Classifier,1,1,0.9997832
02_linear,Linear,XGBoost Classifier,0,0,0.0018407028
02_linear,Linear,XGBoost Classifier,1,1,0.9999883
02_linear,Linear,XGBoost Classifier,0,0,0.004649215
02_linear,Linear,XGBoost Classifier,0,0,5.4275235e-05
02_linear,Linear,XGBoost Classifier,0,0,0.07021382
02_linear,Linear,XGBoost Classifier,0,0,0.00019543398
02_linear,Linear,XGBoost Classifier,0,0,2.166535e-05
02_linear,Linear,XGBoost Classifier,0,0,0.0012695688
02_linear,Linear,XGBoost Classifier,1,1,0.99999964
02_linear,Linear,XGBoost Classifier,0,0,0.039939154
02_linear,Linear,XGBoost Classifier,0,0,0.0072354046
02_linear,Linear,XGBoost Classifier,0,0,0.0019374304
02_linear,Linear,XGBoost Classifier,1,1,0.9998178
02_linear,Linear,XGBoost Classifier,0,0,0.000534132
02_linear,Linear,XGBoost Classifier,0,0,0.43342242
02_linear,Linear,XGBoost Classifier,0,0,7.2477655e-05
02_linear,Linear,XGBoost Classifier,0,0,0.00010175629
02_linear,Linear,XGBoost Classifier,1,1,0.99999356
02_linear,Linear,XGBoost Classifier,0,0,0.050164822
02_linear,Linear,XGBoost Classifier,1,1,0.99998224
02_linear,Linear,XGBoost Classifier,1,1,0.99999595
02_linear,Linear,XGBoost Classifier,0,0,0.0011369111
02_linear,Linear,XGBoost Classifier,0,0,0.00023809045
02_linear,Linear,XGBoost Classifier,0,0,2.9335335e-05
02_linear,Linear,XGBoost Classifier,0,0,0.00015268911
02_linear,Linear,XGBoost Classifier,0,0,0.0011123271
02_linear,Linear,XGBoost Classifier,0,0,5.648118e-05
02_linear,Linear,XGBoost Classifier,1,1,0.9213438
02_linear,Linear,XGBoost Classifier,0,0,0.0015761153
02_linear,Linear,XGBoost Classifier,0,0,0.0010936534
02_linear,Linear,XGBoost Classifier,0,0,0.00014375811
02_linear,Linear,XGBoost Classifier,0,0,0.1296022
02_linear,Linear,XGBoost Classifier,0,0,1.5695057e-05
02_linear,Linear,XGBoost Classifier,0,0,0.0037743608
02_linear,Linear,XGBoost Classifier,0,0,0.0006699638
02_linear,Linear,XGBoost Classifier,0,0,6.105279e-05
02_linear,Linear,XGBoost Classifier,0,0,0.0021032337
02_linear,Linear,XGBoost Classifier,0,0,0.00010320442
02_linear,Linear,XGBoost Classifier,1,1,0.9999993
02_linear,Linear,XGBoost Classifier,0,0,1.6550795e-05
02_linear,Linear,XGBoost Classifier,0,0,0.01286803
02_linear,Linear,XGBoost Classifier,0,0,0.013688609
02_linear,Linear,XGBoost Classifier,0,0,0.00019000798
02_linear,Linear,XGBoost Classifier,0,0,3.0465542e-05
02_linear,Linear,XGBoost Classifier,0,0,0.00011348982
02_linear,Linear,XGBoost Classifier,0,0,0.00015252671
02_linear,Linear,XGBoost Classifier,0,0,0.00025373293
02_linear,Linear,XGBoost Classifier,0,0,0.012431885
02_linear,Linear,XGBoost Classifier,1,1,0.99997616
02_linear,Linear,XGBoost Classifier,0,0,3.4635282e-06
02_linear,Linear,XGBoost Classifier,1,1,0.99997807
02_linear,Linear,XGBoost Classifier,1,1,0.99998605
02_linear,Linear,XGBoost Classifier,0,0,0.0010194631
02_linear,Linear,XGBoost Classifier,0,0,0.0016996751
02_linear,Linear,XGBoost Classifier,0,0,0.00030980163
02_linear,Linear,XGBoost Classifier,0,0,0.00013844339
02_linear,Linear,XGBoost Classifier,0,0,0.0003641095
02_linear,Linear,XGBoost Classifier,0,0,8.948431e-06
02_linear,Linear,XGBoost Classifier,1,1,0.9999913
02_linear,Linear,XGBoost Classifier,0,0,2.5495274e-05
02_linear,Linear,XGBoost Classifier,0,0,0.0010462148
02_linear,Linear,XGBoost Classifier,0,0,2.9706833e-05
02_linear,Linear,XGBoost Classifier,1,1,0.9960737
02_linear,Linear,XGBoost Classifier,0,0,0.0007850242
02_linear,Linear,XGBoost Classifier,0,0,0.0115355635
02_linear,Linear,XGBoost Classifier,0,0,0.00076589966
02_linear,Linear,XGBoost Classifier,0,0,1.9354287e-05
02_linear,Linear,XGBoost Classifier,0,0,0.00012490692
02_linear,Linear,XGBoost Classifier,0,0,0.00011561555
02_linear,Linear,XGBoost Classifier,0,0,0.00028389986
02_linear,Linear,XGBoost Classifier,0,0,0.00014523235
02_linear,Linear,XGBoost Classifier,0,0,0.00012933808
02_linear,Linear,XGBoost Classifier,0,0,0.004910709
02_linear,Linear,XGBoost Classifier,0,0,0.044194326
02_linear,Linear,XGBoost Classifier,0,0,0.00011794293
02_linear,Linear,XGBoost Classifier,0,0,2.9281868e-05
02_linear,Linear,XGBoost Classifier,0,0,0.00022054242
02_linear,Linear,XGBoost Classifier,0,0,0.000273453
02_linear,Linear,XGBoost Classifier,0,0,0.10052493
02_linear,Linear,XGBoost Classifier,0,0,0.0007858666
02_linear,Linear,XGBoost Classifier,0,0,0.48619324
02_linear,Linear,XGBoost Classifier,0,0,1.5140219e-05
02_linear,Linear,XGBoost Classifier,0,0,4.6130694e-06
02_linear,Linear,XGBoost Classifier,0,0,4.223094e-05
02_linear,Linear,XGBoost Classifier,0,0,0.02285185
02_linear,Linear,XGBoost Classifier,0,0,0.019664919
02_linear,Linear,XGBoost Classifier,1,1,0.9999981
02_linear,Linear,XGBoost Classifier,1,1,0.99999225
02_linear,Linear,XGBoost Classifier,0,0,3.302633e-05
02_linear,Linear,XGBoost Classifier,0,0,0.020313635
02_linear,Linear,XGBoost Classifier,0,0,6.833132e-05
02_linear,Linear,XGBoost Classifier,0,0,0.0005113315
02_linear,Linear,XGBoost Classifier,1,1,0.99999857
02_linear,Linear,XGBoost Classifier,0,0,0.00012595621
02_linear,Linear,XGBoost Classifier,0,0,5.2726136e-05
02_linear,Linear,XGBoost Classifier,0,0,0.008804714
02_linear,Linear,XGBoost Classifier,0,0,0.0075033973
02_linear,Linear,XGBoost Classifier,0,0,0.0014754764
02_linear,Linear,XGBoost Classifier,0,0,5.5164608e-05
02_linear,Linear,XGBoost Classifier,1,1,0.95467925
02_linear,Linear,XGBoost Classifier,0,0,0.00031582208
02_linear,Linear,XGBoost Classifier,0,0,9.874188e-06
02_linear,Linear,XGBoost Classifier,0,0,0.0019941507
02_linear,Linear,XGBoost Classifier,1,1,0.5062972
02_linear,Linear,XGBoost Classifier,0,0,0.0013730354
02_linear,Linear,XGBoost Classifier,0,0,0.00058555196
02_linear,Linear,XGBoost Classifier,0,0,0.00045602088
02_linear,Linear,XGBoost Classifier,0,0,9.308182e-05
02_linear,Linear,XGBoost Classifier,0,0,0.0076346486
02_linear,Linear,XGBoost Classifier,1,1,0.9998518
02_linear,Linear,XGBoost Classifier,1,1,0.9998155
02_linear,Linear,XGBoost Classifier,0,0,0.000196479
02_linear,Linear,XGBoost Classifier,1,1,0.99998975
02_linear,Linear,XGBoost Classifier,0,1,0.6677518
02_linear,Linear,XGBoost Classifier,0,0,0.001121693
02_linear,Linear,XGBoost Classifier,0,0,0.0005713903
02_linear,Linear,XGBoost Classifier,0,0,3.0822357e-05
02_linear,Linear,XGBoost Classifier,0,0,4.6535555e-05
02_linear,Linear,XGBoost Classifier,0,0,0.00066862686
02_linear,Linear,XGBoost Classifier,0,0,0.00039434512
02_linear,Linear,XGBoost Classifier,1,1,0.9991097
02_linear,Linear,XGBoost Classifier,0,0,2.3307772e-05
02_linear,Linear,XGBoost Classifier,0,0,0.00051772036
02_linear,Linear,XGBoost Classifier,0,0,0.0002937224
02_linear,Linear,XGBoost Classifier,0,0,6.024375e-05
02_linear,Linear,XGBoost Classifier,0,0,0.0020706938
02_linear,Linear,XGBoost Classifier,0,0,0.00040404446
02_linear,Linear,XGBoost Classifier,0,0,0.001427922
02_linear,Linear,XGBoost Classifier,0,0,0.00027693942
02_linear,Linear,XGBoost Classifier,0,0,0.0011752201
02_linear,Linear,XGBoost Classifier,0,0,0.003718863
02_linear,Linear,XGBoost Classifier,0,0,0.0030027765
02_linear,Linear,XGBoost Classifier,0,0,0.00049974606
02_linear,Linear,XGBoost Classifier,0,0,0.001110433
02_linear,Linear,XGBoost Classifier,1,1,0.9999993
02_linear,Linear,XGBoost Classifier,1,0,0.06989517
02_linear,Linear,XGBoost Classifier,0,0,7.595429e-05
02_linear,Linear,XGBoost Classifier,1,1,0.99997604
02_linear,Linear,XGBoost Classifier,0,0,1.0702561e-05
02_linear,Linear,XGBoost Classifier,0,0,5.5895103e-05
02_linear,Linear,XGBoost Classifier,0,0,0.00014951
02_linear,Linear,XGBoost Classifier,0,0,0.00013627055
02_linear,Linear,XGBoost Classifier,0,0,2.985756e-05
02_linear,Linear,XGBoost Classifier,0,0,0.012297844
02_linear,Linear,XGBoost Classifier,1,1,0.9999963
02_linear,Linear,XGBoost Classifier,0,0,0.00072454294
02_linear,Linear,XGBoost Classifier,0,0,6.717932e-05
02_linear,Linear,XGBoost Classifier,1,1,0.99999774
02_linear,Linear,XGBoost Classifier,1,1,0.99738866
02_linear,Linear,XGBoost Classifier,0,0,0.00022410484
02_linear,Linear,XGBoost Classifier,0,0,0.004274014
02_linear,Linear,XGBoost Classifier,1,1,0.99999917
02_linear,Linear,XGBoost Classifier,1,1,0.9997912
02_linear,Linear,XGBoost Classifier,1,1,0.9998425
02_linear,Linear,XGBoost Classifier,0,0,4.2667074e-05
02_linear,Linear,XGBoost Classifier,0,0,6.166016e-06
02_linear,Linear,XGBoost Classifier,0,0,3.1719712e-05
02_linear,Linear,XGBoost Classifier,0,0,0.0030738967
02_linear,Linear,XGBoost Classifier,0,1,0.6265997
02_linear,Linear,XGBoost Classifier,0,0,0.00010386451
02_linear,Linear,XGBoost Classifier,0,0,0.0007715807
02_linear,Linear,XGBoost Classifier,1,1,0.9150985
02_linear,Linear,XGBoost Classifier,0,0,9.932221e-05
02_linear,Linear,XGBoost Classifier,0,0,3.927541e-05
02_linear,Linear,XGBoost Classifier,1,1,0.9998964
02_linear,Linear,XGBoost Classifier,0,0,8.3746665e-05
02_linear,Linear,XGBoost Classifier,0,0,3.5932022e-05
02_linear,Linear,XGBoost Classifier,0,0,0.0007558528
02_linear,Linear,XGBoost Classifier,1,1,0.99999666
02_linear,Linear,XGBoost Classifier,0,0,3.326815e-05
02_linear,Linear,XGBoost Classifier,1,1,0.56180704
02_linear,Linear,XGBoost Classifier,0,0,0.00010744347
02_linear,Linear,XGBoost Classifier,0,0,0.00017775022
02_linear,Linear,XGBoost Classifier,0,0,0.0020316695
02_linear,Linear,XGBoost Classifier,0,0,9.63137e-05
02_linear,Linear,XGBoost Classifier,1,1,0.9993419
02_linear,Linear,XGBoost Classifier,0,0,0.0003565416
02_linear,Linear,XGBoost Classifier,0,0,0.009328944
02_linear,Linear,XGBoost Classifier,0,0,0.02778663
02_linear,Linear,XGBoost Classifier,0,0,0.0005466861
02_linear,Linear,XGBoost Classifier,1,1,0.9999995
02_linear,Linear,XGBoost Classifier,1,1,0.99994254
02_linear,Linear,XGBoost Classifier,0,0,0.00025480372
02_linear,Linear,XGBoost Classifier,1,1,0.9999956
02_linear,Linear,XGBoost Classifier,0,0,4.3823253e-05
02_linear,Linear,XGBoost Classifier,0,0,0.00023169591
02_linear,Linear,XGBoost Classifier,1,1,0.99988234
02_linear,Linear,XGBoost Classifier,0,0,1.0324792e-05
02_linear,Linear,XGBoost Classifier,0,0,4.2589796e-05
02_linear,Linear,XGBoost Classifier,0,0,0.0010396364
02_linear,Linear,XGBoost Classifier,1,1,0.999966
02_linear,Linear,XGBoost Classifier,0,0,0.0016374439
02_linear,Linear,XGBoost Classifier,0,0,0.003884567
02_linear,Linear,XGBoost Classifier,0,0,0.0006877532
02_linear,Linear,XGBoost Classifier,0,0,5.955811e-05
02_linear,Linear,XGBoost Classifier,0,0,0.00011693975
02_linear,Linear,XGBoost Classifier,1,1,0.9999918
02_linear,Linear,XGBoost Classifier,0,0,4.7003145e-05
02_linear,Linear,XGBoost Classifier,0,0,8.874653e-07
02_linear,Linear,XGBoost Classifier,0,0,0.011187696
02_linear,Linear,XGBoost Classifier,0,0,9.672105e-05
02_linear,Linear,XGBoost Classifier,0,0,0.0008415619
02_linear,Linear,XGBoost Classifier,0,0,6.8264235e-05
02_linear,Linear,XGBoost Classifier,0,0,0.0006579022
02_linear,Linear,XGBoost Classifier,0,0,0.006030438
02_linear,Linear,XGBoost Classifier,0,0,0.007459259
02_linear,Linear,XGBoost Classifier,1,1,0.9987208
02_linear,Linear,XGBoost Classifier,0,0,0.018224483
02_linear,Linear,XGBoost Classifier,0,0,0.00022091829
02_linear,Linear,XGBoost Classifier,0,0,3.9165894e-05
02_linear,Linear,XGBoost Classifier,0,0,0.00036823945
02_linear,Linear,XGBoost Classifier,0,0,0.0005556756
02_linear,Linear,XGBoost Classifier,1,1,0.994024
02_linear,Linear,XGBoost Classifier,1,1,0.9998888
02_linear,Linear,XGBoost Classifier,0,0,0.006300133
02_linear,Linear,XGBoost Classifier,1,1,0.9999902
02_linear,Linear,XGBoost Classifier,0,0,0.0001622485
02_linear,Linear,XGBoost Classifier,0,0,5.92784e-06
02_linear,Linear,XGBoost Classifier,1,1,0.99999845
02_linear,Linear,XGBoost Classifier,0,0,0.0031246182
02_linear,Linear,XGBoost Classifier,1,1,0.99999917
02_linear,Linear,XGBoost Classifier,1,1,0.9999893
02_linear,Linear,XGBoost Classifier,0,0,0.0025358205
02_linear,Linear,XGBoost Classifier,0,0,0.004605087
02_linear,Linear,XGBoost Classifier,0,0,0.0072838455
02_linear,Linear,XGBoost Classifier,0,0,0.00016385672
02_linear,Linear,XGBoost Classifier,0,0,6.2584506e-05
02_linear,Linear,XGBoost Classifier,0,0,4.063172e-05
02_linear,Linear,XGBoost Classifier,0,0,0.006520673
02_linear,Linear,XGBoost Classifier,0,0,0.46197623
02_linear,Linear,XGBoost Classifier,1,1,0.9999919
02_linear,Linear,XGBoost Classifier,0,0,7.050373e-06
02_linear,Linear,XGBoost Classifier,0,0,5.700765e-06
02_linear,Linear,XGBoost Classifier,0,0,0.0060793776
02_linear,Linear,XGBoost Classifier,0,0,0.0004443109
02_linear,Linear,XGBoost Classifier,0,0,0.00022463601
02_linear,Linear,XGBoost Classifier,1,1,0.99999404
02_linear,Linear,XGBoost Classifier,0,0,0.0008718038
02_linear,Linear,XGBoost Classifier,0,0,6.704537e-05
02_linear,Linear,XGBoost Classifier,0,0,0.0011113918
02_linear,Linear,XGBoost Classifier,0,0,0.003360048
02_linear,Linear,XGBoost Classifier,0,0,5.682571e-06
02_linear,Linear,XGBoost Classifier,0,0,0.00014241718
02_linear,Linear,XGBoost Classifier,1,1,0.99986005
02_linear,Linear,XGBoost Classifier,0,0,0.0117723495
02_linear,Linear,XGBoost Classifier,1,1,0.9999976
02_linear,Linear,XGBoost Classifier,1,1,0.99992025
02_linear,Linear,XGBoost Classifier,1,1,0.999995
02_linear,Linear,XGBoost Classifier,1,1,0.9999665
02_linear,Linear,XGBoost Classifier,0,0,4.184345e-05
02_linear,Linear,XGBoost Classifier,1,1,0.9978581
02_linear,Linear,XGBoost Classifier,1,1,0.999998
02_linear,Linear,XGBoost Classifier,0,0,0.0005673825
02_linear,Linear,XGBoost Classifier,0,0,9.9413846e-05
02_linear,Linear,XGBoost Classifier,0,0,8.54584e-05
02_linear,Linear,XGBoost Classifier,0,0,0.00065025326
02_linear,Linear,XGBoost Classifier,1,1,0.999931
02_linear,Linear,XGBoost Classifier,0,0,8.143324e-05
02_linear,Linear,XGBoost Classifier,0,0,2.1379197e-05
02_linear,Linear,XGBoost Classifier,0,0,0.00038915992
02_linear,Linear,XGBoost Classifier,0,0,0.00015384526
02_linear,Linear,XGBoost Classifier,0,0,0.00012245288
02_linear,Linear,XGBoost Classifier,0,0,4.647843e-05
02_linear,Linear,XGBoost Classifier,1,1,0.9999995
02_linear,Linear,XGBoost Classifier,0,0,0.001699663
02_linear,Linear,XGBoost Classifier,1,1,0.99999464
02_linear,Linear,XGBoost Classifier,0,0,1.9488363e-05
02_linear,Linear,XGBoost Classifier,0,0,7.0857925e-05
02_linear,Linear,XGBoost Classifier,0,0,0.0006142922
02_linear,Linear,XGBoost Classifier,0,0,0.0006125622
02_linear,Linear,XGBoost Classifier,1,1,0.99828964
02_linear,Linear,XGBoost Classifier,0,0,1.5074191e-05
02_linear,Linear,XGBoost Classifier,0,0,7.5934804e-05
02_linear,Linear,XGBoost Classifier,1,1,0.99995065
02_linear,Linear,XGBoost Classifier,1,1,0.9999927
02_linear,Linear,XGBoost Classifier,0,0,6.383789e-06
02_linear,Linear,XGBoost Classifier,0,0,0.0007020128
02_linear,Linear,XGBoost Classifier,1,1,0.9834464
02_linear,Linear,XGBoost Classifier,0,0,0.00076940807
02_linear,Linear,XGBoost Classifier,0,0,0.00020868302
02_linear,Linear,XGBoost Classifier,0,0,0.007821174
02_linear,Linear,XGBoost Classifier,0,0,0.00040613188
02_linear,Linear,XGBoost Classifier,1,1,0.97185624
02_linear,Linear,XGBoost Classifier,0,0,0.010628877
02_linear,Linear,XGBoost Classifier,0,0,0.0009604138
02_linear,Linear,XGBoost Classifier,0,0,0.013401887
02_linear,Linear,XGBoost Classifier,0,0,0.00074247073
02_linear,Linear,XGBoost Classifier,0,0,3.503304e-05
02_linear,Linear,XGBoost Classifier,0,0,0.00018775176
02_linear,Linear,XGBoost Classifier,1,1,0.78922033
02_linear,Linear,XGBoost Classifier,0,0,0.00047495184
02_linear,Linear,XGBoost Classifier,0,0,0.0001421739
02_linear,Linear,XGBoost Classifier,1,1,0.9991142
02_linear,Linear,XGBoost Classifier,1,1,0.99410594
02_linear,Linear,XGBoost Classifier,0,0,0.0025810245
02_linear,Linear,XGBoost Classifier,0,0,4.0495943e-05
02_linear,Linear,XGBoost Classifier,1,1,0.9999
02_linear,Linear,XGBoost Classifier,0,0,0.00022035072
02_linear,Linear,XGBoost Classifier,1,1,0.99979085
02_linear,Linear,XGBoost Classifier,0,0,0.00079052185
02_linear,Linear,XGBoost Classifier,1,1,0.9998356
02_linear,Linear,XGBoost Classifier,0,0,1.0416254e-05
02_linear,Linear,XGBoost Classifier,0,0,0.006690632
02_linear,Linear,XGBoost Classifier,0,0,0.0004572512
02_linear,Linear,XGBoost Classifier,1,1,0.9999883
02_linear,Linear,XGBoost Classifier,0,0,0.00010661394
02_linear,Linear,XGBoost Classifier,0,0,4.2197928e-05
02_linear,Linear,XGBoost Classifier,1,1,0.9561818
02_linear,Linear,XGBoost Classifier,0,0,0.003337968
02_linear,Linear,XGBoost Classifier,0,0,0.0010199167
02_linear,Linear,XGBoost Classifier,0,0,0.00089700083
02_linear,Linear,XGBoost Classifier,0,0,5.211835e-05
02_linear,Linear,XGBoost Classifier,1,1,0.9999956
02_linear,Linear,XGBoost Classifier,1,1,0.96759427
02_linear,Linear,XGBoost Classifier,0,0,0.01200695
02_linear,Linear,XGBoost Classifier,0,0,0.00044340713
02_linear,Linear,XGBoost Classifier,0,0,5.1421128e-05
02_linear,Linear,XGBoost Classifier,0,0,0.0009936832
02_linear,Linear,XGBoost Classifier,0,0,0.00017582501
02_linear,Linear,XGBoost Classifier,0,0,0.003265523
02_linear,Linear,XGBoost Classifier,1,1,0.99999714
02_linear,Linear,XGBoost Classifier,1,1,0.99995625
02_linear,Linear,XGBoost Classifier,1,1,0.9999542
02_linear,Linear,XGBoost Classifier,0,0,0.0022476364
02_linear,Linear,XGBoost Classifier,0,0,0.00085692556
02_linear,Linear,XGBoost Classifier,1,1,0.9999666
02_linear,Linear,XGBoost Classifier,0,0,0.00016529729
02_linear,Linear,XGBoost Classifier,0,0,0.0075434525
02_linear,Linear,XGBoost Classifier,0,0,1.9472182e-05
02_linear,Linear,XGBoost Classifier,0,0,1.9670339e-05
02_linear,Linear,XGBoost Classifier,1,1,0.9999964
02_linear,Linear,XGBoost Classifier,0,0,0.0001321188
02_linear,Linear,XGBoost Classifier,0,0,0.00014940639
02_linear,Linear,XGBoost Classifier,1,1,0.9999211
02_linear,Linear,XGBoost Classifier,0,0,8.6500614e-07
02_linear,Linear,XGBoost Classifier,0,0,6.3390515e-05
02_linear,Linear,XGBoost Classifier,0,0,0.000765718
02_linear,Linear,XGBoost Classifier,0,0,0.0018235494
02_linear,Linear,XGBoost Classifier,1,1,0.9999945
02_linear,Linear,XGBoost Classifier,0,0,0.00047843135
02_linear,Linear,XGBoost Classifier,0,0,0.00018501181
02_linear,Linear,XGBoost Classifier,0,0,0.0014753977
02_linear,Linear,XGBoost Classifier,0,0,0.0032231475
02_linear,Linear,XGBoost Classifier,0,0,0.00016326345
02_linear,Linear,XGBoost Classifier,0,0,0.103137515
02_linear,Linear,XGBoost Classifier,0,0,5.2035266e-05
02_linear,Linear,XGBoost Classifier,0,0,0.00039304222
02_linear,Linear,XGBoost Classifier,0,0,0.00016779364
02_linear,Linear,XGBoost Classifier,1,1,0.99999905
02_linear,Linear,XGBoost Classifier,0,0,1.1262098e-05
02_linear,Linear,XGBoost Classifier,1,1,0.99999857
02_linear,Linear,XGBoost Classifier,0,0,0.00020461711
02_linear,Linear,XGBoost Classifier,0,0,1.4433811e-05
02_linear,Linear,XGBoost Classifier,1,1,0.99961555
02_linear,Linear,XGBoost Classifier,1,1,0.99424815
02_linear,Linear,XGBoost Classifier,1,1,0.99997795
02_linear,Linear,XGBoost Classifier,0,0,0.00015915818
02_linear,Linear,XGBoost Classifier,0,1,0.9110226
02_linear,Linear,XGBoost Classifier,0,0,0.0052437345
02_linear,Linear,XGBoost Classifier,0,0,5.680224e-05
02_linear,Linear,XGBoost Classifier,0,0,0.0036905028
02_linear,Linear,XGBoost Classifier,0,0,0.00090500497
02_linear,Linear,XGBoost Classifier,0,0,0.0012648519
02_linear,Linear,XGBoost Classifier,0,0,3.2057906e-05
02_linear,Linear,XGBoost Classifier,0,0,7.690834e-05
02_linear,Linear,XGBoost Classifier,0,0,3.7809084e-05
02_linear,Linear,XGBoost Classifier,0,0,1.1772137e-06
02_linear,Linear,XGBoost Classifier,0,0,8.851883e-05
02_linear,Linear,XGBoost Classifier,0,0,4.118483e-06
02_linear,Linear,XGBoost Classifier,1,1,0.957569
02_linear,Linear,XGBoost Classifier,1,1,0.9999677
02_linear,Linear,XGBoost Classifier,0,0,1.6366417e-05
02_linear,Linear,XGBoost Classifier,0,0,0.002414578
02_linear,Linear,XGBoost Classifier,0,1,0.9470909
02_linear,Linear,XGBoost Classifier,0,0,0.00073309307
02_linear,Linear,XGBoost Classifier,0,0,0.0005452901
02_linear,Linear,XGBoost Classifier,1,1,0.99999416
02_linear,Linear,XGBoost Classifier,1,1,0.9999951
02_linear,Linear,XGBoost Classifier,0,0,0.00023366795
02_linear,Linear,XGBoost Classifier,0,0,0.001072364
02_linear,Linear,XGBoost Classifier,0,0,0.04644407
02_linear,Linear,XGBoost Classifier,1,1,0.99999356
02_linear,Linear,XGBoost Classifier,1,1,0.99998045
02_linear,Linear,XGBoost Classifier,0,0,0.00042734516
02_linear,Linear,XGBoost Classifier,0,0,0.009043018
02_linear,Linear,XGBoost Classifier,1,1,0.847734
02_linear,Linear,XGBoost Classifier,0,0,9.793153e-06
02_linear,Linear,XGBoost Classifier,0,0,0.00044732395
02_linear,Linear,XGBoost Classifier,0,0,0.0005528524
02_linear,Linear,XGBoost Classifier,0,0,0.0031458104
02_linear,Linear,XGBoost Classifier,0,0,4.9087226e-05
02_linear,Linear,XGBoost Classifier,0,0,0.054397162
02_linear,Linear,XGBoost Classifier,0,0,0.43455544
02_linear,Linear,XGBoost Classifier,0,0,0.00038997657
02_linear,Linear,XGBoost Classifier,0,0,0.0002304709
02_linear,Linear,XGBoost Classifier,0,0,0.0012145593
02_linear,Linear,XGBoost Classifier,1,1,0.9999974
02_linear,Linear,XGBoost Classifier,1,1,0.9987796
02_linear,Linear,XGBoost Classifier,0,0,0.0042091473
02_linear,Linear,XGBoost Classifier,1,1,0.9996743
02_linear,Linear,XGBoost Classifier,0,0,0.002595396
02_linear,Linear,XGBoost Classifier,1,1,0.9999589
02_linear,Linear,XGBoost Classifier,0,0,0.008479003
02_linear,Linear,XGBoost Classifier,0,0,9.358852e-05
02_linear,Linear,XGBoost Classifier,0,0,0.010978583
02_linear,Linear,XGBoost Classifier,0,0,0.002035708
02_linear,Linear,XGBoost Classifier,0,0,0.00036266854
02_linear,Linear,XGBoost Classifier,0,0,0.0011340863
02_linear,Linear,XGBoost Classifier,1,0,0.27055576
02_linear,Linear,XGBoost Classifier,0,0,0.000115752555
02_linear,Linear,XGBoost Classifier,0,0,0.0021066393
02_linear,Linear,XGBoost Classifier,0,0,9.076501e-06
02_linear,Linear,XGBoost Classifier,1,1,0.99983466
02_linear,Linear,XGBoost Classifier,0,0,0.16054079
02_linear,Linear,XGBoost Classifier,0,0,6.438938e-05
02_linear,Linear,XGBoost Classifier,1,1,0.9999999
02_linear,Linear,XGBoost Classifier,0,0,0.0008077418
02_linear,Linear,XGBoost Classifier,0,0,0.0001387967
02_linear,Linear,XGBoost Classifier,0,0,0.0012284478
02_linear,Linear,XGBoost Classifier,0,0,0.0064188694
02_linear,Linear,XGBoost Classifier,0,0,0.0007227048
02_linear,Linear,XGBoost Classifier,0,0,2.9552612e-05
02_linear,Linear,XGBoost Classifier,0,0,0.00012797743
02_linear,Linear,XGBoost Classifier,0,0,0.004889072
02_linear,Linear,XGBoost Classifier,0,0,2.486465e-07
02_linear,Linear,XGBoost Classifier,0,0,2.109785e-05
02_linear,Linear,XGBoost Classifier,0,0,6.746229e-05
02_linear,Linear,XGBoost Classifier,1,1,0.9999714
02_linear,Linear,XGBoost Classifier,0,0,0.00024100611
02_linear,Linear,XGBoost Classifier,1,1,0.99999785
02_linear,Linear,XGBoost Classifier,0,0,1.7426246e-05
02_linear,Linear,XGBoost Classifier,0,0,0.00011756139
02_linear,Linear,XGBoost Classifier,0,0,9.001974e-05
02_linear,Linear,XGBoost Classifier,0,0,0.00028642121
02_linear,Linear,XGBoost Classifier,0,0,6.4668047e-06
02_linear,Linear,XGBoost Classifier,1,1,0.99989665
02_linear,Linear,XGBoost Classifier,0,0,0.0091635855
02_linear,Linear,XGBoost Classifier,0,0,0.00018749935
02_linear,Linear,XGBoost Classifier,0,0,0.021296002
02_linear,Linear,XGBoost Classifier,0,0,0.019183932
02_linear,Linear,XGBoost Classifier,0,0,0.0071985815
02_linear,Linear,XGBoost Classifier,0,0,0.0016079772
02_linear,Linear,XGBoost Classifier,0,0,0.0015175592
02_linear,Linear,XGBoost Classifier,0,0,7.239525e-05
02_linear,Linear,XGBoost Classifier,0,0,0.0001960955
02_linear,Linear,XGBoost Classifier,0,0,5.199529e-05
02_linear,Linear,XGBoost Classifier,1,1,0.99966156
02_linear,Linear,XGBoost Classifier,0,0,0.0014943435
02_linear,Linear,XGBoost Classifier,0,1,0.95814323
02_linear,Linear,XGBoost Classifier,1,1,0.99999475
02_linear,Linear,XGBoost Classifier,1,1,0.99999917
02_linear,Linear,XGBoost Classifier,0,0,0.000434645
02_linear,Linear,XGBoost Classifier,0,0,5.5618775e-06
02_linear,Linear,XGBoost Classifier,1,1,0.96397567
02_linear,Linear,XGBoost Classifier,1,1,0.9999932
02_linear,Linear,XGBoost Classifier,0,0,0.00085445715
02_linear,Linear,XGBoost Classifier,0,0,0.0011080307
02_linear,Linear,XGBoost Classifier,0,0,4.6309557e-05
02_linear,Linear,XGBoost Classifier,0,0,8.1518934e-05
02_linear,Linear,XGBoost Classifier,0,0,8.5652166e-05
02_linear,Linear,XGBoost Classifier,0,0,8.2915874e-05
02_linear,Linear,XGBoost Classifier,0,0,0.0016245433
02_linear,Linear,XGBoost Classifier,0,0,0.0013079329
02_linear,Linear,XGBoost Classifier,1,1,0.99940753
02_linear,Linear,XGBoost Classifier,0,0,3.086904e-05
02_linear,Linear,XGBoost Classifier,0,0,0.0035045273
02_linear,Linear,XGBoost Classifier,0,0,0.00014290214
02_linear,Linear,XGBoost Classifier,1,1,0.99998236
02_linear,Linear,XGBoost Classifier,0,0,3.854411e-06
02_linear,Linear,XGBoost Classifier,0,0,0.00072733196
02_linear,Linear,XGBoost Classifier,0,0,8.736418e-05
02_linear,Linear,XGBoost Classifier,0,0,0.017496314
02_linear,Linear,XGBoost Classifier,0,1,0.6980454
02_linear,Linear,XGBoost Classifier,0,0,2.889236e-06
02_linear,Linear,XGBoost Classifier,0,0,0.00018369628
02_linear,Linear,XGBoost Classifier,0,0,0.01990842
02_linear,Linear,XGBoost Classifier,0,0,0.00011439586
02_linear,Linear,XGBoost Classifier,0,0,0.00063801004
02_linear,Linear,XGBoost Classifier,1,1,0.99958605
02_linear,Linear,XGBoost Classifier,0,0,0.00012034756
02_linear,Linear,XGBoost Classifier,0,0,7.093554e-05
02_linear,Linear,XGBoost Classifier,1,1,0.9993656
02_linear,Linear,XGBoost Classifier,1,1,0.9998956
02_linear,Linear,XGBoost Classifier,0,0,0.0001804284
02_linear,Linear,XGBoost Classifier,0,0,0.0049600066
02_linear,Linear,XGBoost Classifier,0,0,0.0012432946
02_linear,Linear,XGBoost Classifier,0,0,5.4601773e-05
02_linear,Linear,XGBoost Classifier,1,1,0.9999815
02_linear,Linear,XGBoost Classifier,1,0,0.16544825
02_linear,Linear,XGBoost Classifier,1,1,0.9999974
02_linear,Linear,XGBoost Classifier,0,0,0.0009317465
02_linear,Linear,XGBoost Classifier,1,1,0.56999886
02_linear,Linear,XGBoost Classifier,0,0,6.0580598e-05
02_linear,Linear,XGBoost Classifier,0,0,0.0002982242
02_linear,Linear,XGBoost Classifier,1,1,0.99764425
02_linear,Linear,XGBoost Classifier,1,1,0.998752
02_linear,Linear,XGBoost Classifier,1,1,0.999933
02_linear,Linear,XGBoost Classifier,0,0,0.0010118888
02_linear,Linear,XGBoost Classifier,1,1,0.9999851
02_linear,Linear,XGBoost Classifier,1,1,0.9999995
02_linear,Linear,XGBoost Classifier,1,1,0.999456
02_linear,Linear,XGBoost Classifier,1,0,0.09397016
02_linear,Linear,XGBoost Classifier,0,0,0.0002139208
02_linear,Linear,XGBoost Classifier,0,0,0.000119095
02_linear,Linear,XGBoost Classifier,0,0,0.00015391363
02_linear,Linear,XGBoost Classifier,0,0,0.0059198006
02_linear,Linear,XGBoost Classifier,0,0,0.004368409
02_linear,Linear,XGBoost Classifier,0,0,0.019371536
02_linear,Linear,XGBoost Classifier,0,0,0.012739094
02_linear,Linear,XGBoost Classifier,0,0,7.365495e-05
02_linear,Linear,XGBoost Classifier,1,1,0.9198988
02_linear,Linear,XGBoost Classifier,0,0,0.010168789
02_linear,Linear,XGBoost Classifier,0,0,7.413884e-07
02_linear,Linear,XGBoost Classifier,0,0,0.0065800804
02_linear,Linear,XGBoost Classifier,0,0,0.0014100664
02_linear,Linear,XGBoost Classifier,0,0,0.0016106287
02_linear,Linear,XGBoost Classifier,0,0,0.0049428423
02_linear,Linear,XGBoost Classifier,0,0,0.0067882827
02_linear,Linear,XGBoost Classifier,0,0,5.2368698e-05
02_linear,Linear,XGBoost Classifier,0,0,7.210168e-05
02_linear,Linear,XGBoost Classifier,0,0,0.0013406173
02_linear,Linear,XGBoost Classifier,0,0,0.0030616743
02_linear,Linear,XGBoost Classifier,0,0,0.00011307382
02_linear,Linear,XGBoost Classifier,1,1,0.9974023
02_linear,Linear,XGBoost Classifier,0,0,3.1672178e-06
02_linear,Linear,XGBoost Classifier,0,0,5.465069e-05
02_linear,Linear,XGBoost Classifier,0,0,0.00015066995
02_linear,Linear,XGBoost Classifier,0,0,9.5121664e-05
02_linear,Linear,XGBoost Classifier,1,1,0.9999975
02_linear,Linear,XGBoost Classifier,1,1,0.9983119
02_linear,Linear,XGBoost Classifier,0,0,0.0007212342
02_linear,Linear,XGBoost Classifier,0,0,0.0043203416
02_linear,Linear,XGBoost Classifier,1,1,0.9999918
02_linear,Linear,XGBoost Classifier,0,0,0.00046283714
02_linear,Linear,XGBoost Classifier,0,0,0.0025599028
02_linear,Linear,XGBoost Classifier,0,0,0.00034776016
02_linear,Linear,XGBoost Classifier,1,1,0.999998
02_linear,Linear,XGBoost Classifier,0,0,0.002037693
02_linear,Linear,XGBoost Classifier,1,1,0.99999416
02_linear,Linear,XGBoost Classifier,0,0,0.0002443395
02_linear,Linear,XGBoost Classifier,0,0,0.053411324
02_linear,Linear,XGBoost Classifier,0,0,4.351994e-05
02_linear,Linear,XGBoost Classifier,0,0,2.347906e-05
02_linear,Linear,XGBoost Classifier,0,0,9.062394e-05
02_linear,Linear,XGBoost Classifier,0,0,0.0036397513
02_linear,Linear,XGBoost Classifier,0,0,0.00042137582
02_linear,Linear,XGBoost Classifier,0,0,3.8188195e-05
02_linear,Linear,XGBoost Classifier,0,0,0.0235228
02_linear,Linear,XGBoost Classifier,0,0,0.0018410832
02_linear,Linear,XGBoost Classifier,0,0,3.077404e-05
02_linear,Linear,XGBoost Classifier,0,0,0.28352812
02_linear,Linear,XGBoost Classifier,1,1,0.9994905
02_linear,Linear,XGBoost Classifier,0,0,6.1015657e-05
02_linear,Linear,XGBoost Classifier,0,0,0.017000698
02_linear,Linear,XGBoost Classifier,0,1,0.98397267
02_linear,Linear,XGBoost Classifier,0,0,0.00046788878
02_linear,Linear,XGBoost Classifier,0,0,8.192862e-05
02_linear,Linear,XGBoost Classifier,1,1,0.9999726
02_linear,Linear,XGBoost Classifier,0,0,0.0007390826
02_linear,Linear,XGBoost Classifier,0,0,1.2500873e-05
02_linear,Linear,XGBoost Classifier,0,0,0.0028826566
02_linear,Linear,XGBoost Classifier,1,1,0.99999416
02_linear,Linear,XGBoost Classifier,0,0,0.008955942
02_linear,Linear,XGBoost Classifier,0,0,0.0027661591
02_linear,Linear,XGBoost Classifier,0,0,0.00033671068
02_linear,Linear,XGBoost Classifier,0,0,0.0024151914
02_linear,Linear,XGBoost Classifier,0,0,0.00028306473
02_linear,Linear,XGBoost Classifier,0,0,0.00013064903
02_linear,Linear,XGBoost Classifier,0,0,0.0001098861
02_linear,Linear,XGBoost Classifier,0,0,0.005868684
02_linear,Linear,XGBoost Classifier,1,1,0.9747531
02_linear,Linear,XGBoost Classifier,0,0,0.0001151452
02_linear,Linear,XGBoost Classifier,0,0,0.00064200413
02_linear,Linear,XGBoost Classifier,1,1,0.9999974
02_linear,Linear,XGBoost Classifier,0,0,0.0048871096
02_linear,Linear,XGBoost Classifier,0,0,0.00032217315
02_linear,Linear,XGBoost Classifier,0,0,0.01050326
02_linear,Linear,XGBoost Classifier,0,0,0.00036741383
02_linear,Linear,XGBoost Classifier,0,0,0.0014055583
02_linear,Linear,XGBoost Classifier,1,1,0.6440951
02_linear,Linear,XGBoost Classifier,0,0,0.000292788
02_linear,Linear,XGBoost Classifier,0,0,0.015409706
02_linear,Linear,XGBoost Classifier,0,0,0.001176129
02_linear,Linear,XGBoost Classifier,0,0,0.03401866
02_linear,Linear,XGBoost Classifier,1,1,0.9982053
02_linear,Linear,XGBoost Classifier,0,0,2.2734665e-05
02_linear,Linear,XGBoost Classifier,0,0,0.00014154289
02_linear,Linear,XGBoost Classifier,0,0,0.00062569964
02_linear,Linear,XGBoost Classifier,1,1,0.9999838
02_linear,Linear,XGBoost Classifier,0,0,0.016866565
02_linear,Linear,XGBoost Classifier,0,0,5.2577816e-05
02_linear,Linear,XGBoost Classifier,0,0,0.22468676
02_linear,Linear,XGBoost Classifier,0,0,0.0040927045
02_linear,Linear,XGBoost Classifier,0,0,9.5098285e-06
02_linear,Linear,XGBoost Classifier,1,1,0.9726055
02_linear,Linear,XGBoost Classifier,0,0,0.00013984088
02_linear,Linear,XGBoost Classifier,0,0,0.0005439182
02_linear,Linear,XGBoost Classifier,0,0,0.00011916463
02_linear,Linear,XGBoost Classifier,0,1,0.81772953
02_linear,Linear,XGBoost Classifier,1,1,0.99999654
02_linear,Linear,XGBoost Classifier,0,0,0.001433922
02_linear,Linear,XGBoost Classifier,0,0,0.0002644783
02_linear,Linear,XGBoost Classifier,0,0,9.2259026e-05
02_linear,Linear,XGBoost Classifier,0,0,0.018656744
02_linear,Linear,XGBoost Classifier,0,0,0.00012403373
02_linear,Linear,XGBoost Classifier,0,0,0.008942835
02_linear,Linear,XGBoost Classifier,0,0,0.0016613202
02_linear,Linear,XGBoost Classifier,0,0,0.0065194382
02_linear,Linear,XGBoost Classifier,0,0,0.00023926262
02_linear,Linear,XGBoost Classifier,0,0,6.18165e-05
02_linear,Linear,XGBoost Classifier,0,0,0.00015989835
02_linear,Linear,XGBoost Classifier,0,0,0.0040957453
02_linear,Linear,XGBoost Classifier,0,0,9.187387e-05
02_linear,Linear,XGBoost Classifier,0,0,0.0015809272
02_linear,Linear,XGBoost Classifier,1,1,0.99997354
02_linear,Linear,XGBoost Classifier,0,0,0.00014290241
02_linear,Linear,XGBoost Classifier,0,0,0.0026154125
02_linear,Linear,XGBoost Classifier,1,1,0.9999937
02_linear,Linear,XGBoost Classifier,0,0,0.0027574622
02_linear,Linear,XGBoost Classifier,0,0,0.0008343414
02_linear,Linear,XGBoost Classifier,0,0,0.0015593605
02_linear,Linear,XGBoost Classifier,0,0,0.0017015289
02_linear,Linear,XGBoost Classifier,0,0,0.00033726133
02_linear,Linear,XGBoost Classifier,0,0,4.247918e-05
02_linear,Linear,XGBoost Classifier,0,0,0.00018073077
02_linear,Linear,XGBoost Classifier,0,0,0.01322401
02_linear,Linear,XGBoost Classifier,1,1,0.99999166
02_linear,Linear,XGBoost Classifier,0,0,2.2757637e-05
02_linear,Linear,XGBoost Classifier,1,1,0.99458873
02_linear,Linear,XGBoost Classifier,0,0,0.0015899598
02_linear,Linear,XGBoost Classifier,0,0,0.00041307698
02_linear,Linear,XGBoost Classifier,0,0,0.00012666032
02_linear,Linear,XGBoost Classifier,0,0,0.00061396824
02_linear,Linear,XGBoost Classifier,1,1,0.9999974
02_linear,Linear,XGBoost Classifier,0,0,0.0012258774
02_linear,Linear,XGBoost Classifier,1,1,0.9998023
02_linear,Linear,XGBoost Classifier,0,0,0.00475932
02_linear,Linear,XGBoost Classifier,0,0,0.0008855635
02_linear,Linear,XGBoost Classifier,1,1,0.99998844
02_linear,Linear,XGBoost Classifier,0,0,2.1279548e-05
02_linear,Linear,XGBoost Classifier,0,0,0.00014929447
02_linear,Linear,XGBoost Classifier,0,0,0.00023402288
02_linear,Linear,XGBoost Classifier,0,0,0.00078935694
02_linear,Linear,XGBoost Classifier,0,0,0.002147696
02_linear,Linear,XGBoost Classifier,0,0,6.346879e-05
02_linear,Linear,XGBoost Classifier,0,1,0.67264974
02_linear,Linear,XGBoost Classifier,0,0,0.00037213607
02_linear,Linear,XGBoost Classifier,0,0,0.002787037
02_linear,Linear,XGBoost Classifier,0,0,0.00031500895
02_linear,Linear,XGBoost Classifier,0,0,1.7411396e-05
02_linear,Linear,XGBoost Classifier,0,0,0.00075364223
02_linear,Linear,XGBoost Classifier,0,0,0.0020191974
02_linear,Linear,XGBoost Classifier,0,0,0.01827893
02_linear,Linear,XGBoost Classifier,1,1,0.9999957
02_linear,Linear,XGBoost Classifier,1,1,0.9999323
02_linear,Linear,XGBoost Classifier,1,1,0.99995387
02_linear,Linear,XGBoost Classifier,1,1,0.65567523
02_linear,Linear,XGBoost Classifier,0,0,6.12683e-05
02_linear,Linear,XGBoost Classifier,0,0,5.5442433e-05
02_linear,Linear,XGBoost Classifier,0,0,0.00420312
02_linear,Linear,XGBoost Classifier,0,0,0.00042158534
02_linear,Linear,XGBoost Classifier,1,1,0.992054
02_linear,Linear,XGBoost Classifier,0,0,0.00016888915
02_linear,Linear,XGBoost Classifier,1,1,0.9999528
02_linear,Linear,XGBoost Classifier,0,0,0.11644391
02_linear,Linear,XGBoost Classifier,1,1,0.9999614
02_linear,Linear,XGBoost Classifier,1,1,0.9999924
02_linear,Linear,XGBoost Classifier,0,0,0.00014216943
02_linear,Linear,XGBoost Classifier,1,1,0.99999845
02_linear,Linear,XGBoost Classifier,0,0,0.0015068753
02_linear,Linear,XGBoost Classifier,1,1,0.99997985
02_linear,Linear,XGBoost Classifier,1,1,0.9983376
02_linear,Linear,XGBoost Classifier,0,0,0.11681344
02_linear,Linear,XGBoost Classifier,0,0,0.0008727849
02_linear,Linear,XGBoost Classifier,0,0,0.0075157867
02_linear,Linear,XGBoost Classifier,0,0,0.0010981377
02_linear,Linear,XGBoost Classifier,0,0,0.01852291
02_linear,Linear,XGBoost Classifier,0,0,0.00013932765
02_linear,Linear,XGBoost Classifier,0,0,9.417268e-06
02_linear,Linear,XGBoost Classifier,1,1,0.9999856
02_linear,Linear,XGBoost Classifier,0,0,0.0031600886
02_linear,Linear,XGBoost Classifier,1,1,0.99951386
02_linear,Linear,XGBoost Classifier,0,0,0.00043649768
02_linear,Linear,XGBoost Classifier,0,0,0.0002580679
02_linear,Linear,XGBoost Classifier,0,0,0.0012668915
02_linear,Linear,XGBoost Classifier,1,1,0.9999962
02_linear,Linear,XGBoost Classifier,0,0,0.14019045
02_linear,Linear,XGBoost Classifier,1,1,0.97241986
02_linear,Linear,XGBoost Classifier,0,0,0.011763809
02_linear,Linear,XGBoost Classifier,0,0,0.022223765
02_linear,Linear,XGBoost Classifier,0,0,0.002657099
02_linear,Linear,XGBoost Classifier,0,0,0.0001620455
02_linear,Linear,XGBoost Classifier,0,1,0.7089874
02_linear,Linear,XGBoost Classifier,0,0,1.9885336e-05
02_linear,Linear,XGBoost Classifier,1,1,0.9987311
02_linear,Linear,XGBoost Classifier,0,0,0.0014960984
02_linear,Linear,XGBoost Classifier,1,1,0.9999932
02_linear,Linear,XGBoost Classifier,0,0,1.5670186e-05
02_linear,Linear,XGBoost Classifier,0,0,3.3805987e-05
02_linear,Linear,XGBoost Classifier,0,0,1.5079223e-05
02_linear,Linear,XGBoost Classifier,1,1,0.9999951
02_linear,Linear,XGBoost Classifier,0,0,4.496288e-06
02_linear,Linear,XGBoost Classifier,0,0,0.005676024
02_linear,Linear,XGBoost Classifier,0,0,0.0027122987
02_linear,Linear,XGBoost Classifier,0,0,0.045178626
02_linear,Linear,XGBoost Classifier,0,0,0.009827179
02_linear,Linear,XGBoost Classifier,0,0,0.0004489511
02_linear,Linear,XGBoost Classifier,1,1,0.97831774
02_linear,Linear,XGBoost Classifier,0,0,3.182057e-05
02_linear,Linear,XGBoost Classifier,0,0,0.0027675787
02_linear,Linear,XGBoost Classifier,0,0,0.0049399678
02_linear,Linear,XGBoost Classifier,0,0,3.176842e-05
02_linear,Linear,XGBoost Classifier,1,1,0.9888315
02_linear,Linear,XGBoost Classifier,0,0,0.0015790496
02_linear,Linear,XGBoost Classifier,0,0,0.0012906656
02_linear,Linear,XGBoost Classifier,0,0,0.010097185
02_linear,Linear,XGBoost Classifier,0,0,0.0004316745
02_linear,Linear,XGBoost Classifier,1,1,0.99987125
02_linear,Linear,XGBoost Classifier,0,1,0.9913606
02_linear,Linear,XGBoost Classifier,0,0,0.00023740837
02_linear,Linear,XGBoost Classifier,0,0,9.572486e-05
02_linear,Linear,XGBoost Classifier,0,0,6.461734e-05
02_linear,Linear,XGBoost Classifier,1,1,0.99997234
02_linear,Linear,XGBoost Classifier,0,0,2.284653e-05
02_linear,Linear,XGBoost Classifier,0,0,0.0008487032
02_linear,Linear,XGBoost Classifier,0,0,6.7866225e-05
02_linear,Linear,XGBoost Classifier,0,0,0.00029497512
02_linear,Linear,XGBoost Classifier,0,0,1.01762835e-05
02_linear,Linear,XGBoost Classifier,0,0,0.004899188
02_linear,Linear,XGBoost Classifier,0,0,0.00039641684
02_linear,Linear,XGBoost Classifier,0,0,0.0009355258
02_linear,Linear,XGBoost Classifier,0,0,0.00072789815
02_linear,Linear,XGBoost Classifier,0,0,0.042753685
02_linear,Linear,XGBoost Classifier,0,0,0.00013044762
02_linear,Linear,XGBoost Classifier,0,0,1.30099825e-05
02_linear,Linear,XGBoost Classifier,0,0,3.9416904e-05
02_linear,Linear,XGBoost Classifier,0,0,0.0033051416
02_linear,Linear,XGBoost Classifier,0,0,0.00068041036
02_linear,Linear,XGBoost Classifier,0,0,0.00017412244
02_linear,Linear,XGBoost Classifier,1,1,0.99736696
02_linear,Linear,XGBoost Classifier,1,1,0.99878424
02_linear,Linear,XGBoost Classifier,0,0,0.0002674591
02_linear,Linear,XGBoost Classifier,1,1,0.9981622
02_linear,Linear,XGBoost Classifier,0,0,0.10148041
02_linear,Linear,XGBoost Classifier,0,0,0.00014172115
02_linear,Linear,XGBoost Classifier,0,0,0.00032523114
02_linear,Linear,XGBoost Classifier,0,0,3.6143276e-05
02_linear,Linear,XGBoost Classifier,0,0,0.0035717883
02_linear,Linear,XGBoost Classifier,0,0,0.00016390062
02_linear,Linear,XGBoost Classifier,0,0,0.0003532491
02_linear,Linear,XGBoost Classifier,0,0,6.0857717e-05
02_linear,Linear,XGBoost Classifier,0,0,0.00014592712
02_linear,Linear,XGBoost Classifier,1,1,0.99905616
02_linear,Linear,XGBoost Classifier,0,0,3.154797e-05
02_linear,Linear,XGBoost Classifier,0,0,7.942087e-05
02_linear,Linear,XGBoost Classifier,0,0,0.032293063
02_linear,Linear,XGBoost Classifier,0,0,0.00027097654
02_linear,Linear,XGBoost Classifier,0,0,2.2852611e-05
02_linear,Linear,XGBoost Classifier,0,0,0.0006525089
02_linear,Linear,XGBoost Classifier,0,0,0.0022758057
02_linear,Linear,XGBoost Classifier,0,0,0.00040492555
02_linear,Linear,XGBoost Classifier,0,0,2.8550867e-05
02_linear,Linear,XGBoost Classifier,0,0,0.002344816
02_linear,Linear,XGBoost Classifier,0,0,0.0003136078
02_linear,Linear,XGBoost Classifier,1,1,0.9999907
02_linear,Linear,XGBoost Classifier,1,1,0.9992385
02_linear,Linear,XGBoost Classifier,0,0,0.0012466576
02_linear,Linear,XGBoost Classifier,0,0,0.0018110565
02_linear,Linear,XGBoost Classifier,0,0,0.0015737977
02_linear,Linear,XGBoost Classifier,0,0,0.00030304302
02_linear,Linear,XGBoost Classifier,0,0,0.000104633036
02_linear,Linear,XGBoost Classifier,0,0,6.801368e-05
02_linear,Linear,XGBoost Classifier,0,0,0.004876653
02_linear,Linear,XGBoost Classifier,0,0,0.0001469938
02_linear,Linear,XGBoost Classifier,1,1,0.9999918
02_linear,Linear,XGBoost Classifier,0,0,0.0011543361
02_linear,Linear,XGBoost Classifier,0,0,0.000636442
02_linear,Linear,XGBoost Classifier,0,0,0.0021192713
02_linear,Linear,XGBoost Classifier,0,0,0.004045558
02_linear,Linear,XGBoost Classifier,0,0,0.0008790687
02_linear,Linear,XGBoost Classifier,0,0,0.00011467994
02_linear,Linear,XGBoost Classifier,0,0,0.0033021616
02_linear,Linear,XGBoost Classifier,0,0,4.454765e-05
02_linear,Linear,XGBoost Classifier,1,1,0.99989486
02_linear,Linear,XGBoost Classifier,0,0,4.372962e-05
02_linear,Linear,XGBoost Classifier,0,0,0.00047458074
02_linear,Linear,XGBoost Classifier,1,1,0.9999943
02_linear,Linear,XGBoost Classifier,0,0,0.00020831545
02_linear,Linear,XGBoost Classifier,1,1,0.9999472
02_linear,Linear,XGBoost Classifier,0,0,0.00622438
02_linear,Linear,XGBoost Classifier,0,0,0.00022994191
02_linear,Linear,XGBoost Classifier,0,0,8.066746e-05
02_linear,Linear,XGBoost Classifier,0,0,0.0004974026
02_linear,Linear,XGBoost Classifier,0,0,0.0003053722
02_linear,Linear,XGBoost Classifier,0,0,0.0022780513
02_linear,Linear,XGBoost Classifier,0,0,0.0001763719
02_linear,Linear,XGBoost Classifier,0,0,7.187041e-05
02_linear,Linear,XGBoost Classifier,0,0,0.0030065447
02_linear,Linear,XGBoost Classifier,0,0,0.000108117274
02_linear,Linear,XGBoost Classifier,0,0,0.009401246
02_linear,Linear,XGBoost Classifier,0,0,0.004646861
02_linear,Linear,XGBoost Classifier,0,0,0.025902167
02_linear,Linear,XGBoost Classifier,0,0,5.9139817e-05
02_linear,Linear,XGBoost Classifier,1,1,0.9999926
02_linear,Linear,XGBoost Classifier,0,0,6.65357e-05
02_linear,Linear,XGBoost Classifier,0,0,0.00027644238
02_linear,Linear,XGBoost Classifier,1,1,0.9946585
02_linear,Linear,XGBoost Classifier,0,0,0.00018551562
02_linear,Linear,XGBoost Classifier,1,1,0.9842965
02_linear,Linear,XGBoost Classifier,1,1,0.93582
02_linear,Linear,XGBoost Classifier,1,1,0.9999913
02_linear,Linear,XGBoost Classifier,0,0,0.033094257
02_linear,Linear,XGBoost Classifier,0,0,0.000895529
02_linear,Linear,XGBoost Classifier,1,1,0.9999981
02_linear,Linear,XGBoost Classifier,0,0,0.00038938815
02_linear,Linear,XGBoost Classifier,0,0,0.0013184042
02_linear,Linear,XGBoost Classifier,0,0,2.2620736e-05
02_linear,Linear,XGBoost Classifier,0,0,4.845605e-05
02_linear,Linear,XGBoost Classifier,0,0,0.0002488735
02_linear,Linear,XGBoost Classifier,0,0,0.012612948
02_linear,Linear,XGBoost Classifier,0,1,0.95892745
02_linear,Linear,XGBoost Classifier,0,0,0.00293413
02_linear,Linear,XGBoost Classifier,1,1,0.9993691
02_linear,Linear,XGBoost Classifier,0,0,0.00017472234
02_linear,Linear,XGBoost Classifier,0,0,0.046522267
02_linear,Linear,XGBoost Classifier,0,0,0.0009919311
02_linear,Linear,XGBoost Classifier,0,0,0.007009352
02_linear,Linear,XGBoost Classifier,0,0,0.00953117
02_linear,Linear,XGBoost Classifier,0,0,0.00065629405
02_linear,Linear,XGBoost Classifier,0,0,0.0026608265
02_linear,Linear,XGBoost Classifier,0,0,0.004766268
02_linear,Linear,XGBoost Classifier,0,0,0.0017986379
02_linear,Linear,XGBoost Classifier,0,0,5.534548e-06
02_linear,Linear,XGBoost Classifier,0,0,9.0103435e-07
02_linear,Linear,XGBoost Classifier,0,0,1.5205608e-05
02_linear,Linear,XGBoost Classifier,0,0,0.008768489
02_linear,Linear,XGBoost Classifier,0,0,0.00022354635
02_linear,Linear,XGBoost Classifier,0,0,5.664337e-06
02_linear,Linear,XGBoost Classifier,1,1,0.96402687
02_linear,Linear,XGBoost Classifier,0,0,0.0002810219
02_linear,Linear,XGBoost Classifier,0,0,0.0002953156
02_linear,Linear,XGBoost Classifier,0,0,0.016310103
02_linear,Linear,XGBoost Classifier,0,0,0.037851084
02_linear,Linear,XGBoost Classifier,0,0,0.0009496337
02_linear,Linear,XGBoost Classifier,1,1,0.99999404
02_linear,Linear,XGBoost Classifier,0,0,2.7223832e-06
02_linear,Linear,XGBoost Classifier,0,0,0.0004792552
02_linear,Linear,XGBoost Classifier,0,0,0.0023297144
02_linear,Linear,XGBoost Classifier,1,1,0.99998176
02_linear,Linear,XGBoost Classifier,0,0,7.674701e-05
02_linear,Linear,XGBoost Classifier,0,0,0.00011485055
02_linear,Linear,XGBoost Classifier,0,0,0.004151626
02_linear,Linear,XGBoost Classifier,1,1,0.99999404
02_linear,Linear,XGBoost Classifier,0,0,0.0001473112
02_linear,Linear,XGBoost Classifier,1,1,0.9996953
02_linear,Linear,XGBoost Classifier,1,1,0.9999926
02_linear,Linear,XGBoost Classifier,0,0,0.005275015
02_linear,Linear,XGBoost Classifier,0,0,0.0030552624
02_linear,Linear,XGBoost Classifier,1,1,0.9996118
02_linear,Linear,XGBoost Classifier,0,0,3.4114848e-05
02_linear,Linear,XGBoost Classifier,0,0,0.00014209801
02_linear,Linear,XGBoost Classifier,0,0,0.00023939155
02_linear,Linear,XGBoost Classifier,0,0,0.0004210024
02_linear,Linear,XGBoost Classifier,0,0,0.00064486946
02_linear,Linear,XGBoost Classifier,0,0,4.983629e-05
02_linear,Linear,XGBoost Classifier,0,0,6.102206e-06
02_linear,Linear,XGBoost Classifier,0,1,0.5746061
02_linear,Linear,XGBoost Classifier,1,1,0.9999988
02_linear,Linear,XGBoost Classifier,0,0,0.013207426
02_linear,Linear,XGBoost Classifier,0,0,0.0005250721
02_linear,Linear,XGBoost Classifier,1,1,0.9999908
02_linear,Linear,XGBoost Classifier,0,0,9.78479e-05
02_linear,Linear,XGBoost Classifier,0,0,0.00014255292
02_linear,Linear,XGBoost Classifier,0,0,0.00030920116
02_linear,Linear,XGBoost Classifier,1,1,0.9999541
02_linear,Linear,XGBoost Classifier,0,0,0.05422804
02_linear,Linear,XGBoost Classifier,0,0,0.007849922
02_linear,Linear,XGBoost Classifier,0,0,3.603129e-05
02_linear,Linear,XGBoost Classifier,0,1,0.855498
02_linear,Linear,XGBoost Classifier,0,0,0.00014297574
02_linear,Linear,XGBoost Classifier,0,0,0.0001823042
02_linear,Linear,XGBoost Classifier,0,0,2.5850415e-05
02_linear,Linear,XGBoost Classifier,0,0,0.0003768782
02_linear,Linear,XGBoost Classifier,0,0,0.00018575013
02_linear,Linear,XGBoost Classifier,0,0,0.035555966
02_linear,Linear,XGBoost Classifier,0,1,0.9951455
02_linear,Linear,XGBoost Classifier,0,0,0.00077295286
02_linear,Linear,XGBoost Classifier,0,0,0.00029973834
02_linear,Linear,XGBoost Classifier,1,1,0.99956256
02_linear,Linear,XGBoost Classifier,0,0,0.0001386713
02_linear,Linear,XGBoost Classifier,0,0,0.060081482
02_linear,Linear,XGBoost Classifier,1,1,0.999997
02_linear,Linear,XGBoost Classifier,1,1,0.9996092
02_linear,Linear,XGBoost Classifier,0,0,0.00079879013
02_linear,Linear,XGBoost Classifier,1,1,0.99999344
02_linear,Linear,XGBoost Classifier,0,0,0.0010326481
02_linear,Linear,XGBoost Classifier,0,0,0.00013888806
02_linear,Linear,XGBoost Classifier,0,0,3.585764e-05
02_linear,Linear,XGBoost Classifier,1,1,0.92460555
02_linear,Linear,XGBoost Classifier,1,0,0.05837786
02_linear,Linear,XGBoost Classifier,0,0,8.4997504e-05
02_linear,Linear,XGBoost Classifier,0,0,0.0022414888
02_linear,Linear,XGBoost Classifier,1,1,0.999995
02_linear,Linear,XGBoost Classifier,0,0,0.00039068804
02_linear,Linear,XGBoost Classifier,0,0,0.0008461088
02_linear,Linear,XGBoost Classifier,0,0,0.00024600618
02_linear,Linear,XGBoost Classifier,0,1,0.7381755
02_linear,Linear,XGBoost Classifier,1,1,0.99938154
02_linear,Linear,XGBoost Classifier,1,1,0.9294982
02_linear,Linear,XGBoost Classifier,0,0,0.08669593
02_linear,Linear,XGBoost Classifier,0,0,0.021681074
02_linear,Linear,XGBoost Classifier,0,0,0.003774707
02_linear,Linear,XGBoost Classifier,0,0,0.00017675609
02_linear,Linear,XGBoost Classifier,1,1,0.99998164
02_linear,Linear,XGBoost Classifier,0,0,4.58264e-05
02_linear,Linear,XGBoost Classifier,0,0,2.0962836e-05
02_linear,Linear,XGBoost Classifier,1,1,0.9999957
02_linear,Linear,XGBoost Classifier,1,1,0.99995255
02_linear,Linear,XGBoost Classifier,0,0,0.0029966102
02_linear,Linear,XGBoost Classifier,0,0,0.251691
02_linear,Linear,XGBoost Classifier,0,0,0.004368185
02_linear,Linear,XGBoost Classifier,1,0,0.0260576
02_linear,Linear,XGBoost Classifier,0,0,0.0029345122
02_linear,Linear,XGBoost Classifier,0,0,0.037779957
02_linear,Linear,XGBoost Classifier,1,1,0.999992
02_linear,Linear,XGBoost Classifier,1,1,0.99999046
02_linear,Linear,XGBoost Classifier,0,0,0.112495966
02_linear,Linear,XGBoost Classifier,1,1,0.9994497
02_linear,Linear,XGBoost Classifier,1,1,0.9999932
02_linear,Linear,XGBoost Classifier,0,0,0.00010581805
02_linear,Linear,XGBoost Classifier,1,1,0.9993679
02_linear,Linear,XGBoost Classifier,0,0,1.2955747e-06
02_linear,Linear,XGBoost Classifier,1,0,0.037224874
02_linear,Linear,XGBoost Classifier,0,0,0.0007231206
02_linear,Linear,XGBoost Classifier,0,0,4.453236e-05
02_linear,Linear,XGBoost Classifier,1,1,0.9878946
02_linear,Linear,XGBoost Classifier,0,0,0.00042626858
02_linear,Linear,XGBoost Classifier,1,1,0.9999821
02_linear,Linear,XGBoost Classifier,0,0,0.003167707
02_linear,Linear,XGBoost Classifier,0,0,6.593195e-05
02_linear,Linear,XGBoost Classifier,0,0,6.2571315e-05
02_linear,Linear,XGBoost Classifier,1,1,0.9999386
02_linear,Linear,XGBoost Classifier,0,0,0.11081553
02_linear,Linear,XGBoost Classifier,0,0,0.00053969125
02_linear,Linear,XGBoost Classifier,0,0,2.2590964e-05
02_linear,Linear,XGBoost Classifier,0,0,0.0004748633
02_linear,Linear,XGBoost Classifier,0,0,0.00013158646
02_linear,Linear,XGBoost Classifier,1,1,0.6271636
02_linear,Linear,XGBoost Classifier,0,0,5.947103e-06
02_linear,Linear,XGBoost Classifier,0,0,1.7359267e-05
02_linear,Linear,XGBoost Classifier,1,1,0.99999774
02_linear,Linear,XGBoost Classifier,1,1,0.9999682
02_linear,Linear,XGBoost Classifier,1,1,0.9990307
02_linear,Linear,XGBoost Classifier,1,1,0.9706134
02_linear,Linear,XGBoost Classifier,0,0,0.0008567007
02_linear,Linear,XGBoost Classifier,0,0,0.0038875889
02_linear,Linear,XGBoost Classifier,0,0,0.0006522522
02_linear,Linear,XGBoost Classifier,0,0,0.00013785811
02_linear,Linear,XGBoost Classifier,1,1,0.9999583
02_linear,Linear,XGBoost Classifier,0,0,2.8569524e-05
02_linear,Linear,XGBoost Classifier,0,0,0.0023115615
02_linear,Linear,XGBoost Classifier,1,1,0.9999223
02_linear,Linear,XGBoost Classifier,0,0,0.00017182104
02_linear,Linear,XGBoost Classifier,0,0,0.0039026723
02_linear,Linear,XGBoost Classifier,0,0,0.00012459954
02_linear,Linear,XGBoost Classifier,0,0,0.00018739299
02_linear,Linear,XGBoost Classifier,0,0,0.00013014693
02_linear,Linear,XGBoost Classifier,0,0,6.854061e-05
02_linear,Linear,XGBoost Classifier,0,0,0.0015739985
02_linear,Linear,XGBoost Classifier,0,0,0.000518932
02_linear,Linear,XGBoost Classifier,0,0,2.2000457e-05
02_linear,Linear,XGBoost Classifier,0,0,1.6176331e-05
02_linear,Linear,XGBoost Classifier,1,1,0.98979723
02_linear,Linear,XGBoost Classifier,0,0,8.0123145e-06
02_linear,Linear,XGBoost Classifier,0,0,0.0008934873
02_linear,Linear,XGBoost Classifier,0,0,4.4759545e-05
02_linear,Linear,XGBoost Classifier,0,0,0.00033481154
02_linear,Linear,XGBoost Classifier,0,0,0.28305462
02_linear,Linear,XGBoost Classifier,1,1,0.9999882
02_linear,Linear,XGBoost Classifier,0,0,8.631228e-05
02_linear,Linear,XGBoost Classifier,0,0,5.695428e-05
02_linear,Linear,XGBoost Classifier,0,0,0.037528895
02_linear,Linear,XGBoost Classifier,1,1,0.9806889
02_linear,Linear,XGBoost Classifier,0,0,0.00019523209
02_linear,Linear,XGBoost Classifier,0,0,0.002958173
02_linear,Linear,XGBoost Classifier,0,0,1.8759652e-05
02_linear,Linear,XGBoost Classifier,0,0,2.689369e-05
02_linear,Linear,XGBoost Classifier,1,1,0.99999344
02_linear,Linear,XGBoost Classifier,0,0,6.968094e-05
02_linear,Linear,XGBoost Classifier,0,0,0.0002347127
02_linear,Linear,XGBoost Classifier,1,1,0.99999225
02_linear,Linear,XGBoost Classifier,0,0,0.08784768
02_linear,Linear,XGBoost Classifier,0,0,0.0063568233
02_linear,Linear,XGBoost Classifier,1,1,0.9999932
02_linear,Linear,XGBoost Classifier,0,0,0.00067571376
02_linear,Linear,XGBoost Classifier,0,0,0.008191465
02_linear,Linear,XGBoost Classifier,0,0,0.00026034995
02_linear,Linear,XGBoost Classifier,0,0,7.835931e-05
02_linear,Linear,XGBoost Classifier,0,0,2.1182755e-06
02_linear,Linear,XGBoost Classifier,1,1,0.9989015
02_linear,Linear,XGBoost Classifier,0,0,0.0017412199
02_linear,Linear,XGBoost Classifier,0,0,0.0006024891
02_linear,Linear,XGBoost Classifier,0,0,0.00017394406
02_linear,Linear,XGBoost Classifier,0,0,7.797023e-05
02_linear,Linear,XGBoost Classifier,0,0,0.0012586861
02_linear,Linear,XGBoost Classifier,0,0,0.00019859619
02_linear,Linear,XGBoost Classifier,0,0,2.5263626e-05
02_linear,Linear,XGBoost Classifier,0,0,1.4501862e-06
02_linear,Linear,XGBoost Classifier,1,1,0.9999896
02_linear,Linear,XGBoost Classifier,1,1,0.99970776
02_linear,Linear,XGBoost Classifier,0,1,0.53412575
02_linear,Linear,XGBoost Classifier,1,1,0.99997604
02_linear,Linear,XGBoost Classifier,0,0,0.024240624
02_linear,Linear,XGBoost Classifier,0,1,0.51212335
02_linear,Linear,XGBoost Classifier,0,0,5.131331e-05
02_linear,Linear,XGBoost Classifier,1,1,0.9995778
02_linear,Linear,XGBoost Classifier,1,1,0.9999968
02_linear,Linear,XGBoost Classifier,0,0,2.4570996e-05
02_linear,Linear,XGBoost Classifier,0,0,8.543452e-05
02_linear,Linear,XGBoost Classifier,0,0,0.000171814
02_linear,Linear,XGBoost Classifier,0,0,0.0005366791
02_linear,Linear,XGBoost Classifier,0,0,5.306025e-05
02_linear,Linear,XGBoost Classifier,0,0,0.00093953195
02_linear,Linear,XGBoost Classifier,0,0,3.5074125e-05
02_linear,Linear,XGBoost Classifier,0,0,0.00010110911
02_linear,Linear,XGBoost Classifier,1,1,0.9999989
02_linear,Linear,XGBoost Classifier,0,0,0.00096026325
02_linear,Linear,XGBoost Classifier,0,0,0.00028112586
02_linear,Linear,XGBoost Classifier,0,0,0.0024546809
02_linear,Linear,XGBoost Classifier,0,0,0.0026353549
02_linear,Linear,XGBoost Classifier,0,0,0.034372076
02_linear,Linear,XGBoost Classifier,0,0,0.00078420254
02_linear,Linear,XGBoost Classifier,1,1,0.99995375
02_linear,Linear,XGBoost Classifier,0,0,0.00033297166
02_linear,Linear,XGBoost Classifier,1,1,0.9999926
02_linear,Linear,XGBoost Classifier,1,1,0.99998367
02_linear,Linear,XGBoost Classifier,0,0,0.000115993535
02_linear,Linear,XGBoost Classifier,0,0,0.0067382012
02_linear,Linear,XGBoost Classifier,0,0,0.007434978
02_linear,Linear,XGBoost Classifier,0,0,9.948696e-05
02_linear,Linear,XGBoost Classifier,0,0,6.7284777e-06
02_linear,Linear,XGBoost Classifier,0,0,0.0026832523
02_linear,Linear,XGBoost Classifier,0,0,0.00063484145
02_linear,Linear,XGBoost Classifier,1,1,0.9999877
02_linear,Linear,XGBoost Classifier,1,0,0.4238479
02_linear,Linear,XGBoost Classifier,0,0,0.0013563804
02_linear,Linear,XGBoost Classifier,0,0,0.0029413565
02_linear,Linear,XGBoost Classifier,0,1,0.9831806
02_linear,Linear,XGBoost Classifier,1,1,0.9999976
02_linear,Linear,XGBoost Classifier,0,0,0.0022507173
02_linear,Linear,XGBoost Classifier,0,0,0.00022562254
02_linear,Linear,XGBoost Classifier,0,0,7.9640726e-05
02_linear,Linear,XGBoost Classifier,0,0,0.008070076
02_linear,Linear,XGBoost Classifier,1,1,0.999821
02_linear,Linear,XGBoost Classifier,0,0,0.041674808
02_linear,Linear,XGBoost Classifier,0,0,0.0042523975
02_linear,Linear,XGBoost Classifier,0,0,0.00169603
02_linear,Linear,XGBoost Classifier,1,1,0.9999999
02_linear,Linear,XGBoost Classifier,1,1,0.9993099
02_linear,Linear,XGBoost Classifier,1,1,0.9999958
02_linear,Linear,XGBoost Classifier,0,0,0.002118384
02_linear,Linear,XGBoost Classifier,0,0,6.562405e-06
02_linear,Linear,XGBoost Classifier,0,0,0.020160267
02_linear,Linear,XGBoost Classifier,0,0,0.00050644233
02_linear,Linear,XGBoost Classifier,0,0,2.8639659e-05
02_linear,Linear,XGBoost Classifier,0,0,7.2757e-05
02_linear,Linear,XGBoost Classifier,1,1,0.999974
02_linear,Linear,XGBoost Classifier,1,1,0.86395514
02_linear,Linear,XGBoost Classifier,0,0,0.00014669949
02_linear,Linear,XGBoost Classifier,0,0,0.010506824
02_linear,Linear,XGBoost Classifier,0,0,0.0009899144
02_linear,Linear,XGBoost Classifier,0,0,0.00018659244
02_linear,Linear,XGBoost Classifier,1,1,0.98661345
02_linear,Linear,XGBoost Classifier,0,0,0.04653673
02_linear,Linear,XGBoost Classifier,0,0,3.457288e-06
02_linear,Linear,XGBoost Classifier,1,0,0.102892995
02_linear,Linear,XGBoost Classifier,0,0,0.00668908
02_linear,Linear,XGBoost Classifier,0,0,4.6117104e-05
02_linear,Linear,XGBoost Classifier,0,0,0.0008210439
02_linear,Linear,XGBoost Classifier,1,1,0.99999523
02_linear,Linear,XGBoost Classifier,0,0,0.0012255786
02_linear,Linear,XGBoost Classifier,0,0,0.0013194719
02_linear,Linear,XGBoost Classifier,0,0,0.005363072
02_linear,Linear,XGBoost Classifier,1,1,0.99999595
02_linear,Linear,XGBoost Classifier,1,1,0.9996332
02_linear,Linear,XGBoost Classifier,0,0,0.11078329
02_linear,Linear,XGBoost Classifier,0,0,0.0005310628
02_linear,Linear,XGBoost Classifier,0,0,0.0017383868
02_linear,Linear,XGBoost Classifier,1,1,0.99999356
02_linear,Linear,XGBoost Classifier,0,0,0.00064244546
02_linear,Linear,XGBoost Classifier,0,0,6.623987e-05
02_linear,Linear,XGBoost Classifier,0,0,0.007979611
02_linear,Linear,XGBoost Classifier,0,0,7.0292e-05
02_linear,Linear,XGBoost Classifier,0,0,0.00055846636
02_linear,Linear,XGBoost Classifier,0,0,6.2379295e-05
02_linear,Linear,XGBoost Classifier,1,1,0.99897885
02_linear,Linear,XGBoost Classifier,0,0,0.0025900358
02_linear,Linear,XGBoost Classifier,0,0,0.00025234665
02_linear,Linear,XGBoost Classifier,0,0,0.00030262553
02_linear,Linear,XGBoost Classifier,1,1,0.9995598
02_linear,Linear,XGBoost Classifier,0,0,5.9762465e-06
02_linear,Linear,XGBoost Classifier,1,1,0.99999475
02_linear,Linear,XGBoost Classifier,1,1,0.99999154
02_linear,Linear,XGBoost Classifier,0,0,3.0220483e-05
02_linear,Linear,XGBoost Classifier,0,0,1.632461e-05
02_linear,Linear,XGBoost Classifier,0,0,0.00073725573
02_linear,Linear,XGBoost Classifier,0,0,1.358971e-06
02_linear,Linear,XGBoost Classifier,0,0,0.00042601713
02_linear,Linear,XGBoost Classifier,0,0,1.7474973e-05
02_linear,Linear,XGBoost Classifier,0,0,0.0003430641
02_linear,Linear,XGBoost Classifier,0,0,0.00024208648
02_linear,Linear,XGBoost Classifier,0,0,0.0012347079
02_linear,Linear,XGBoost Classifier,0,0,0.01951738
02_linear,Linear,XGBoost Classifier,0,0,0.0040425486
02_linear,Linear,XGBoost Classifier,0,0,0.0017014747
02_linear,Linear,XGBoost Classifier,0,0,0.0017848008
02_linear,Linear,XGBoost Classifier,0,0,0.0008720031
02_linear,Linear,XGBoost Classifier,0,0,0.0035363734
02_linear,Linear,XGBoost Classifier,0,0,0.010712843
02_linear,Linear,XGBoost Classifier,0,0,0.00068704993
02_linear,Linear,XGBoost Classifier,1,1,0.9993787
02_linear,Linear,XGBoost Classifier,0,0,0.00036527053
02_linear,Linear,XGBoost Classifier,0,0,0.48348635
02_linear,Linear,XGBoost Classifier,0,0,0.0042112824
02_linear,Linear,XGBoost Classifier,0,0,0.01451646
02_linear,Linear,XGBoost Classifier,0,0,3.7494407e-05
02_linear,Linear,XGBoost Classifier,0,0,0.0010966997
02_linear,Linear,XGBoost Classifier,0,0,0.0008203334
02_linear,Linear,XGBoost Classifier,0,0,7.621817e-05
02_linear,Linear,XGBoost Classifier,0,0,4.448881e-05
02_linear,Linear,XGBoost Classifier,0,0,0.0035193742
02_linear,Linear,XGBoost Classifier,0,0,0.00043173088
02_linear,Linear,XGBoost Classifier,0,0,3.675499e-05
02_linear,Linear,XGBoost Classifier,0,0,0.0055196034
02_linear,Linear,XGBoost Classifier,0,0,0.00023316119
02_linear,Linear,XGBoost Classifier,0,0,0.00050287665
02_linear,Linear,XGBoost Classifier,0,0,3.770341e-05
02_linear,Linear,XGBoost Classifier,0,0,0.0002770749
02_linear,Linear,XGBoost Classifier,0,0,0.01510529
02_linear,Linear,XGBoost Classifier,1,1,0.82582206
02_linear,Linear,XGBoost Classifier,0,0,7.040403e-05
02_linear,Linear,XGBoost Classifier,0,0,0.30674484
02_linear,Linear,XGBoost Classifier,1,1,0.9992003
02_linear,Linear,XGBoost Classifier,0,0,0.00016556702
02_linear,Linear,XGBoost Classifier,0,0,7.96391e-06
02_linear,Linear,XGBoost Classifier,0,0,0.00011483062
02_linear,Linear,XGBoost Classifier,1,1,0.9999856
02_linear,Linear,XGBoost Classifier,0,0,0.0009730954
02_linear,Linear,XGBoost Classifier,0,0,0.017608974
02_linear,Linear,XGBoost Classifier,0,0,0.00048541647
02_linear,Linear,XGBoost Classifier,0,0,2.9180566e-05
02_linear,Linear,XGBoost Classifier,1,1,0.99999464
02_linear,Linear,XGBoost Classifier,0,0,1.9938168e-06
02_linear,Linear,XGBoost Classifier,1,1,0.99841917
02_linear,Linear,XGBoost Classifier,0,0,3.0755382e-05
02_linear,Linear,XGBoost Classifier,0,0,0.00047518802
02_linear,Linear,XGBoost Classifier,0,0,0.00018365757
02_linear,Linear,XGBoost Classifier,0,0,0.001532771
02_linear,Linear,XGBoost Classifier,0,0,0.048823953
02_linear,Linear,XGBoost Classifier,1,1,0.99999535
02_linear,Linear,XGBoost Classifier,1,1,0.96848565
02_linear,Linear,XGBoost Classifier,0,0,6.120091e-05
02_linear,Linear,XGBoost Classifier,1,1,0.9999769
02_linear,Linear,XGBoost Classifier,0,0,0.041220736
02_linear,Linear,XGBoost Classifier,1,1,0.9999962
02_linear,Linear,XGBoost Classifier,0,0,0.0005457485
02_linear,Linear,XGBoost Classifier,0,0,0.020859407
02_linear,Linear,XGBoost Classifier,0,0,1.1504291e-05
02_linear,Linear,XGBoost Classifier,0,0,2.9903115e-06
02_linear,Linear,XGBoost Classifier,1,1,0.99997795
02_linear,Linear,XGBoost Classifier,0,0,9.981165e-05
02_linear,Linear,XGBoost Classifier,0,0,0.0024426244
02_linear,Linear,XGBoost Classifier,0,0,9.934429e-05
02_linear,Linear,XGBoost Classifier,0,0,0.0007781268
02_linear,Linear,XGBoost Classifier,1,1,0.9999962
02_linear,Linear,XGBoost Classifier,0,0,5.1870287e-05
02_linear,Linear,XGBoost Classifier,1,1,0.9783311
02_linear,Linear,XGBoost Classifier,1,1,0.90554905
02_linear,Linear,XGBoost Classifier,1,1,0.9999989
02_linear,Linear,XGBoost Classifier,1,1,0.9558323
02_linear,Linear,XGBoost Classifier,0,0,0.0010475906
02_linear,Linear,XGBoost Classifier,0,0,0.00013748057
02_linear,Linear,XGBoost Classifier,0,0,0.000661513
02_linear,Linear,XGBoost Classifier,0,0,0.03369898
02_linear,Linear,XGBoost Classifier,0,0,0.0053131
02_linear,Linear,XGBoost Classifier,0,0,0.005345748
02_linear,Linear,XGBoost Classifier,1,1,0.99999464
02_linear,Linear,XGBoost Classifier,1,1,0.9999943
02_linear,Linear,XGBoost Classifier,1,0,0.030598227
02_linear,Linear,XGBoost Classifier,1,1,0.9999753
02_linear,Linear,XGBoost Classifier,0,0,2.2070055e-05
02_linear,Linear,XGBoost Classifier,1,1,0.99360234
02_linear,Linear,XGBoost Classifier,0,0,0.00013033385
02_linear,Linear,XGBoost Classifier,0,0,0.00011537216
02_linear,Linear,XGBoost Classifier,0,0,0.0002936563
02_linear,Linear,XGBoost Classifier,0,0,0.013244029
02_linear,Linear,XGBoost Classifier,1,1,0.9999515
02_linear,Linear,XGBoost Classifier,0,0,0.0011840364
02_linear,Linear,XGBoost Classifier,1,1,0.99999666
02_linear,Linear,XGBoost Classifier,1,1,0.9999919
02_linear,Linear,XGBoost Classifier,0,0,4.4222675e-06
02_linear,Linear,XGBoost Classifier,0,0,7.1753184e-06
02_linear,Linear,XGBoost Classifier,0,0,1.2560899e-05
02_linear,Linear,XGBoost Classifier,0,0,0.007636896
02_linear,Linear,XGBoost Classifier,0,0,0.03655217
02_linear,Linear,XGBoost Classifier,0,0,0.0010825611
02_linear,Linear,XGBoost Classifier,1,1,0.9999471
02_linear,Linear,XGBoost Classifier,0,0,0.00052403734
02_linear,Linear,XGBoost Classifier,0,0,9.5638825e-05
02_linear,Linear,XGBoost Classifier,0,0,0.00018928539
02_linear,Linear,XGBoost Classifier,0,0,4.9276896e-06
02_linear,Linear,XGBoost Classifier,0,0,2.2759416e-05
02_linear,Linear,XGBoost Classifier,0,0,0.0008233868
02_linear,Linear,XGBoost Classifier,0,0,0.00035950931
02_linear,Linear,XGBoost Classifier,0,0,0.00015207275
02_linear,Linear,XGBoost Classifier,0,0,0.0007597904
02_linear,Linear,XGBoost Classifier,0,0,0.005046786
02_linear,Linear,XGBoost Classifier,1,1,0.9999951
02_linear,Linear,XGBoost Classifier,0,0,0.0009917099
02_linear,Linear,XGBoost Classifier,0,0,0.00021810934
02_linear,Linear,XGBoost Classifier,0,0,0.0033359414
02_linear,Linear,XGBoost Classifier,0,0,0.00010337708
02_linear,Linear,XGBoost Classifier,0,0,0.005605242
02_linear,Linear,XGBoost Classifier,1,1,0.6387979
02_linear,Linear,XGBoost Classifier,0,0,0.0056006117
02_linear,Linear,XGBoost Classifier,0,0,0.0033889231
02_linear,Linear,XGBoost Classifier,0,0,2.8849498e-05
02_linear,Linear,XGBoost Classifier,0,0,0.00013625716
02_linear,Linear,XGBoost Classifier,0,0,0.009972091
02_linear,Linear,XGBoost Classifier,0,0,0.012729281
02_linear,Linear,XGBoost Classifier,1,1,0.99999964
02_linear,Linear,XGBoost Classifier,0,0,0.37837264
02_linear,Linear,XGBoost Classifier,0,0,0.001293115
02_linear,Linear,XGBoost Classifier,0,0,0.00012554757
02_linear,Linear,XGBoost Classifier,0,0,0.0069293724
02_linear,Linear,XGBoost Classifier,0,0,0.00089039595
02_linear,Linear,XGBoost Classifier,0,0,0.0022155514
02_linear,Linear,XGBoost Classifier,0,0,6.317869e-05
02_linear,Linear,XGBoost Classifier,0,0,2.9797884e-05
02_linear,Linear,XGBoost Classifier,0,0,0.018929895
02_linear,Linear,XGBoost Classifier,1,1,0.99997663
02_linear,Linear,XGBoost Classifier,0,0,4.106947e-05
02_linear,Linear,XGBoost Classifier,0,0,0.2935973
02_linear,Linear,XGBoost Classifier,0,0,8.3485764e-05
02_linear,Linear,XGBoost Classifier,0,0,1.9674184e-05
02_linear,Linear,XGBoost Classifier,1,1,0.9985476
02_linear,Linear,XGBoost Classifier,0,0,0.0021243962
02_linear,Linear,XGBoost Classifier,0,0,5.111697e-05
02_linear,Linear,XGBoost Classifier,0,0,0.0022755242
02_linear,Linear,XGBoost Classifier,0,0,0.1605351
02_linear,Linear,XGBoost Classifier,0,0,0.0002862222
02_linear,Linear,XGBoost Classifier,0,0,7.1662507e-06
02_linear,Linear,XGBoost Classifier,0,0,0.000332116
02_linear,Linear,XGBoost Classifier,1,1,0.9999862
02_linear,Linear,XGBoost Classifier,0,0,0.007388645
02_linear,Linear,XGBoost Classifier,1,1,0.99955064
02_linear,Linear,XGBoost Classifier,0,0,0.0006685536
02_linear,Linear,XGBoost Classifier,0,0,0.002000675
02_linear,Linear,XGBoost Classifier,0,0,2.4486248e-05
02_linear,Linear,XGBoost Classifier,0,0,0.00032901185
02_linear,Linear,XGBoost Classifier,1,1,0.8335394
02_linear,Linear,XGBoost Classifier,0,0,0.00016856336
02_linear,Linear,XGBoost Classifier,0,0,1.9595727e-05
02_linear,Linear,XGBoost Classifier,0,0,0.0001504143
02_linear,Linear,XGBoost Classifier,1,1,0.99989736
02_linear,Linear,XGBoost Classifier,0,0,8.201585e-06
02_linear,Linear,XGBoost Classifier,0,0,0.0046887314
02_linear,Linear,XGBoost Classifier,0,0,0.013080452
02_linear,Linear,XGBoost Classifier,1,1,0.9999918
02_linear,Linear,XGBoost Classifier,0,0,0.0007761004
02_linear,Linear,XGBoost Classifier,0,0,0.014020498
02_linear,Linear,XGBoost Classifier,1,1,0.9999863
02_linear,Linear,XGBoost Classifier,0,0,0.00011725307
02_linear,Linear,XGBoost Classifier,0,0,7.24977e-05
02_linear,Linear,XGBoost Classifier,0,0,0.0009320915
02_linear,Linear,XGBoost Classifier,1,1,0.99993706
02_linear,Linear,XGBoost Classifier,0,0,0.022500426
02_linear,Linear,XGBoost Classifier,1,1,0.96620965
02_linear,Linear,XGBoost Classifier,0,0,1.8209108e-05
02_linear,Linear,XGBoost Classifier,0,0,0.0007703901
02_linear,Linear,XGBoost Classifier,1,1,0.9711819
02_linear,Linear,XGBoost Classifier,0,0,0.009021498
02_linear,Linear,XGBoost Classifier,0,0,3.5089346e-05
02_linear,Linear,XGBoost Classifier,1,1,0.99999785
02_linear,Linear,XGBoost Classifier,0,0,0.0005957769
02_linear,Linear,XGBoost Classifier,0,0,9.8370874e-05
02_linear,Linear,XGBoost Classifier,0,0,0.00027594157
02_linear,Linear,XGBoost Classifier,0,0,0.0089049125
02_linear,Linear,XGBoost Classifier,1,1,0.9999846
02_linear,Linear,XGBoost Classifier,0,0,5.570769e-05
02_linear,Linear,XGBoost Classifier,0,0,0.0006641931
02_linear,Linear,XGBoost Classifier,1,1,0.7335539
02_linear,Linear,XGBoost Classifier,0,0,0.0001438301
02_linear,Linear,XGBoost Classifier,0,0,0.0003412376
02_linear,Linear,XGBoost Classifier,0,0,0.04067132
02_linear,Linear,XGBoost Classifier,0,0,0.0001289712
02_linear,Linear,XGBoost Classifier,1,1,0.99999464
02_linear,Linear,XGBoost Classifier,0,0,1.3546812e-05
02_linear,Linear,XGBoost Classifier,0,0,0.0010929103
02_linear,Linear,XGBoost Classifier,0,0,0.00351686
02_linear,Linear,XGBoost Classifier,0,0,0.00012115448
02_linear,Linear,XGBoost Classifier,0,1,0.93935484
02_linear,Linear,XGBoost Classifier,0,0,8.838978e-05
02_linear,Linear,XGBoost Classifier,0,0,0.014272223
02_linear,Linear,XGBoost Classifier,0,0,3.7265196e-05
02_linear,Linear,XGBoost Classifier,0,0,0.0020620173
02_linear,Linear,XGBoost Classifier,0,1,0.75016314
02_linear,Linear,XGBoost Classifier,0,0,2.426245e-05
02_linear,Linear,XGBoost Classifier,0,0,0.00027108224
02_linear,Linear,XGBoost Classifier,0,0,0.0020839642
02_linear,Linear,XGBoost Classifier,0,0,0.36227366
02_linear,Linear,XGBoost Classifier,0,0,0.0061071985
02_linear,Linear,XGBoost Classifier,0,0,0.00011585017
02_linear,Linear,XGBoost Classifier,0,0,8.845774e-06
02_linear,Linear,XGBoost Classifier,0,0,0.00040508213
02_linear,Linear,XGBoost Classifier,0,0,3.6452628e-05
02_linear,Linear,XGBoost Classifier,1,1,0.9410974
02_linear,Linear,XGBoost Classifier,0,0,5.8038666e-05
02_linear,Linear,XGBoost Classifier,0,0,5.008292e-06
02_linear,Linear,XGBoost Classifier,0,0,0.0444523
02_linear,Linear,XGBoost Classifier,0,0,7.659961e-05
02_linear,Linear,XGBoost Classifier,0,0,2.2900256e-05
02_linear,Linear,XGBoost Classifier,0,0,0.009730538
02_linear,Linear,XGBoost Classifier,0,0,0.00023268283
02_linear,Linear,XGBoost Classifier,0,0,0.39617336
02_linear,Linear,XGBoost Classifier,0,0,0.00046270763
02_linear,Linear,XGBoost Classifier,1,1,0.8883322
02_linear,Linear,XGBoost Classifier,0,0,0.00014239004
02_linear,Linear,XGBoost Classifier,0,0,1.378311e-05
02_linear,Linear,XGBoost Classifier,0,0,0.000982555
02_linear,Linear,XGBoost Classifier,0,0,0.00029086214
02_linear,Linear,XGBoost Classifier,0,0,0.062170964
02_linear,Linear,XGBoost Classifier,0,0,0.011444397
02_linear,Linear,XGBoost Classifier,0,0,0.00018364444
02_linear,Linear,XGBoost Classifier,0,0,0.0051002637
02_linear,Linear,XGBoost Classifier,0,0,7.78645e-05
02_linear,Linear,XGBoost Classifier,1,1,0.999987
02_linear,Linear,XGBoost Classifier,0,0,4.9044975e-05
02_linear,Linear,XGBoost Classifier,1,1,0.99994767
02_linear,Linear,XGBoost Classifier,1,1,0.99999654
02_linear,Linear,XGBoost Classifier,0,0,2.76784e-06
02_linear,Linear,XGBoost Classifier,0,0,0.00045210615
02_linear,Linear,XGBoost Classifier,1,1,0.99999774
02_linear,Linear,XGBoost Classifier,0,0,0.39758554
02_linear,Linear,XGBoost Classifier,1,1,0.9999969
02_linear,Linear,XGBoost Classifier,0,0,0.009796537
02_linear,Linear,XGBoost Classifier,0,0,2.1222135e-05
02_linear,Linear,XGBoost Classifier,1,1,0.998816
02_linear,Linear,XGBoost Classifier,0,0,0.0001510297
02_linear,Linear,XGBoost Classifier,1,1,0.88882285
02_linear,Linear,XGBoost Classifier,0,0,2.5076615e-05
02_linear,Linear,XGBoost Classifier,0,0,0.00015411689
02_linear,Linear,XGBoost Classifier,0,0,1.7452572e-05
02_linear,Linear,XGBoost Classifier,1,1,0.999995
02_linear,Linear,XGBoost Classifier,0,1,0.6780794
02_linear,Linear,XGBoost Classifier,0,0,0.022458062
02_linear,Linear,XGBoost Classifier,0,0,0.00038200268
02_linear,Linear,XGBoost Classifier,0,0,1.6829295e-05
02_linear,Linear,XGBoost Classifier,0,0,0.00055077876
02_linear,Linear,XGBoost Classifier,0,0,0.014730884
02_linear,Linear,XGBoost Classifier,1,0,0.049090438
02_linear,Linear,XGBoost Classifier,0,0,1.26474915e-05
02_linear,Linear,XGBoost Classifier,0,0,3.0787587e-06
02_linear,Linear,XGBoost Classifier,0,0,0.0001977974
02_linear,Linear,XGBoost Classifier,0,0,0.001549261
02_linear,Linear,XGBoost Classifier,0,0,8.765107e-05
02_linear,Linear,XGBoost Classifier,1,1,0.9036594
02_linear,Linear,XGBoost Classifier,0,0,0.0011099565
02_linear,Linear,XGBoost Classifier,0,0,0.4952961
02_linear,Linear,XGBoost Classifier,0,0,0.00015092143
02_linear,Linear,XGBoost Classifier,0,0,0.009251447
02_linear,Linear,XGBoost Classifier,1,1,0.9999714
02_linear,Linear,XGBoost Classifier,1,1,0.9999976
02_linear,Linear,XGBoost Classifier,0,0,0.00034945342
02_linear,Linear,XGBoost Classifier,0,0,2.7888895e-05
02_linear,Linear,XGBoost Classifier,0,0,0.00041808106
02_linear,Linear,XGBoost Classifier,0,0,9.283097e-05
02_linear,Linear,XGBoost Classifier,1,1,0.9623956
02_linear,Linear,XGBoost Classifier,1,1,0.99471104
02_linear,Linear,XGBoost Classifier,1,1,0.9998511
02_linear,Linear,XGBoost Classifier,0,0,0.00015272756
02_linear,Linear,XGBoost Classifier,0,0,0.00019833657
02_linear,Linear,XGBoost Classifier,0,0,5.827348e-05
02_linear,Linear,XGBoost Classifier,0,0,0.006215611
02_linear,Linear,XGBoost Classifier,0,0,0.0054610637
02_linear,Linear,XGBoost Classifier,1,1,0.9999708
02_linear,Linear,XGBoost Classifier,0,0,1.2707083e-05
02_linear,Linear,XGBoost Classifier,0,0,0.08949473
02_linear,Linear,XGBoost Classifier,0,0,0.0002172074
02_linear,Linear,XGBoost Classifier,0,0,1.7794462e-05
02_linear,Linear,XGBoost Classifier,0,0,0.07661953
02_linear,Linear,XGBoost Classifier,1,1,0.99998593
02_linear,Linear,XGBoost Classifier,0,0,1.281295e-05
02_linear,Linear,XGBoost Classifier,0,0,0.0011883129
02_linear,Linear,XGBoost Classifier,1,1,0.99999046
02_linear,Linear,XGBoost Classifier,0,0,0.00011340067
02_linear,Linear,XGBoost Classifier,0,0,0.0002793201
02_linear,Linear,XGBoost Classifier,1,1,0.9836732
02_linear,Linear,XGBoost Classifier,0,0,0.026421104
02_linear,Linear,XGBoost Classifier,0,0,0.00041466596
02_linear,Linear,XGBoost Classifier,1,1,0.9999949
02_linear,Linear,XGBoost Classifier,0,0,4.6343663e-05
02_linear,Linear,XGBoost Classifier,0,0,0.044491902
02_linear,Linear,XGBoost Classifier,1,1,0.9465963
02_linear,Linear,XGBoost Classifier,1,1,0.88901323
02_linear,Linear,XGBoost Classifier,1,1,0.99901795
02_linear,Linear,XGBoost Classifier,0,0,0.0017096049
02_linear,Linear,XGBoost Classifier,0,0,0.0002121975
02_linear,Linear,XGBoost Classifier,1,1,0.9999943
02_linear,Linear,XGBoost Classifier,1,1,0.9999764
02_linear,Linear,XGBoost Classifier,0,0,0.00042404822
02_linear,Linear,XGBoost Classifier,1,1,0.99958104
02_linear,Linear,XGBoost Classifier,0,0,2.5525827e-05
02_linear,Linear,XGBoost Classifier,1,1,0.97220516
02_linear,Linear,XGBoost Classifier,0,0,4.9967395e-05
02_linear,Linear,XGBoost Classifier,1,1,0.999969
02_linear,Linear,XGBoost Classifier,0,0,0.0010042733
02_linear,Linear,XGBoost Classifier,0,0,0.0005377723
02_linear,Linear,XGBoost Classifier,0,0,5.4364837e-06
02_linear,Linear,XGBoost Classifier,0,0,6.7139736e-05
02_linear,Linear,XGBoost Classifier,0,0,0.0063568596
02_linear,Linear,XGBoost Classifier,1,1,0.9999826
02_linear,Linear,XGBoost Classifier,0,0,0.0018580925
02_linear,Linear,XGBoost Classifier,1,1,0.9999945
02_linear,Linear,XGBoost Classifier,0,0,0.0006134097
02_linear,Linear,XGBoost Classifier,0,0,0.00047125027
02_linear,Linear,XGBoost Classifier,1,1,0.9826087
02_linear,Linear,XGBoost Classifier,0,0,0.00733181
02_linear,Linear,XGBoost Classifier,0,0,7.781165e-05
02_linear,Linear,XGBoost Classifier,0,0,0.0050433297
02_linear,Linear,XGBoost Classifier,0,0,0.0024111061
02_linear,Linear,XGBoost Classifier,0,0,8.036924e-05
02_linear,Linear,XGBoost Classifier,0,0,0.017870728
02_linear,Linear,XGBoost Classifier,0,0,0.027140556
02_linear,Linear,XGBoost Classifier,0,0,0.00045036065
02_linear,Linear,XGBoost Classifier,1,1,0.99999785
02_linear,Linear,XGBoost Classifier,0,0,6.3378546e-05
02_linear,Linear,XGBoost Classifier,0,0,0.0011114109
02_linear,Linear,XGBoost Classifier,1,1,0.9999976
02_linear,Linear,XGBoost Classifier,0,0,2.6971074e-05
02_linear,Linear,XGBoost Classifier,1,1,0.9995747
02_linear,Linear,XGBoost Classifier,1,1,0.9999958
02_linear,Linear,XGBoost Classifier,0,0,0.0010196354
02_linear,Linear,XGBoost Classifier,1,0,0.018369213
02_linear,Linear,XGBoost Classifier,0,0,0.00049803196
02_linear,Linear,XGBoost Classifier,0,0,0.004359593
02_linear,Linear,XGBoost Classifier,0,0,9.831545e-05
02_linear,Linear,XGBoost Classifier,1,1,0.99999607
02_linear,Linear,XGBoost Classifier,0,0,5.0717276e-06
02_linear,Linear,XGBoost Classifier,0,0,0.00016528042
02_linear,Linear,XGBoost Classifier,0,0,0.15944593
02_linear,Linear,XGBoost Classifier,0,0,8.968575e-05
02_linear,Linear,XGBoost Classifier,0,0,0.001301131
02_linear,Linear,XGBoost Classifier,0,0,0.00061039365
02_linear,Linear,XGBoost Classifier,0,0,0.020618577
02_linear,Linear,XGBoost Classifier,0,0,2.5156976e-05
02_linear,Linear,XGBoost Classifier,1,1,0.7599821
02_linear,Linear,XGBoost Classifier,0,0,0.0052837194
02_linear,Linear,XGBoost Classifier,0,0,0.0013796936
02_linear,Linear,XGBoost Classifier,0,0,8.199607e-05
02_linear,Linear,XGBoost Classifier,1,1,0.9999933
02_linear,Linear,XGBoost Classifier,0,0,0.004090041
02_linear,Linear,XGBoost Classifier,0,0,0.0038492116
02_linear,Linear,XGBoost Classifier,0,0,0.003951179
02_linear,Linear,XGBoost Classifier,1,1,0.9999865
02_linear,Linear,XGBoost Classifier,0,0,0.012935783
02_linear,Linear,XGBoost Classifier,0,0,0.0008261037
02_linear,Linear,XGBoost Classifier,1,1,0.9998485
02_linear,Linear,XGBoost Classifier,1,1,0.99868804
02_linear,Linear,XGBoost Classifier,0,0,0.00037227836
02_linear,Linear,XGBoost Classifier,1,1,0.999997
02_linear,Linear,XGBoost Classifier,0,0,0.028162012
02_linear,Linear,XGBoost Classifier,0,0,0.0005840988
02_linear,Linear,XGBoost Classifier,1,1,0.9999939
02_linear,Linear,XGBoost Classifier,0,0,8.975463e-05
02_linear,Linear,XGBoost Classifier,1,1,0.9999949
02_linear,Linear,XGBoost Classifier,1,1,0.99999
02_linear,Linear,XGBoost Classifier,0,0,0.02253755
02_linear,Linear,XGBoost Classifier,1,1,0.9997805
02_linear,Linear,XGBoost Classifier,0,0,2.6235018e-06
02_linear,Linear,XGBoost Classifier,0,0,2.7090684e-05
02_linear,Linear,XGBoost Classifier,0,0,0.050044462
02_linear,Linear,XGBoost Classifier,0,0,0.0013581152
02_linear,Linear,XGBoost Classifier,0,0,0.0021686833
02_linear,Linear,XGBoost Classifier,0,0,0.24858181
02_linear,Linear,XGBoost Classifier,0,0,0.030679353
02_linear,Linear,XGBoost Classifier,0,0,0.00010216951
02_linear,Linear,XGBoost Classifier,0,0,7.966055e-05
02_linear,Linear,XGBoost Classifier,0,0,0.044996656
02_linear,Linear,XGBoost Classifier,0,0,5.052302e-06
02_linear,Linear,XGBoost Classifier,0,0,0.17279077
02_linear,Linear,XGBoost Classifier,0,0,4.383241e-05
02_linear,Linear,XGBoost Classifier,0,0,0.021674126
02_linear,Linear,XGBoost Classifier,1,1,0.9999956
02_linear,Linear,XGBoost Classifier,0,0,0.00028712006
02_linear,Linear,XGBoost Classifier,0,0,7.9904916e-05
02_linear,Linear,XGBoost Classifier,0,0,0.00037000896
02_linear,Linear,XGBoost Classifier,0,0,0.0009850289
02_linear,Linear,XGBoost Classifier,1,1,0.9999831
02_linear,Linear,XGBoost Classifier,0,0,1.171879e-05
02_linear,Linear,XGBoost Classifier,0,0,0.0016724213
02_linear,Linear,XGBoost Classifier,0,0,0.0013660203
02_linear,Linear,XGBoost Classifier,0,0,1.3950075e-05
02_linear,Linear,XGBoost Classifier,1,1,0.9999989
02_linear,Linear,XGBoost Classifier,0,0,0.017766222
02_linear,Linear,XGBoost Classifier,0,0,0.0031211239
02_linear,Linear,XGBoost Classifier,0,0,0.00013184432
02_linear,Linear,XGBoost Classifier,0,0,0.016940353
02_linear,Linear,XGBoost Classifier,0,0,0.0016844894
02_linear,Linear,XGBoost Classifier,0,0,0.00272053
02_linear,Linear,XGBoost Classifier,0,0,3.2204218e-05
02_linear,Linear,XGBoost Classifier,1,1,0.99999475
02_linear,Linear,XGBoost Classifier,0,0,0.00052969955
02_linear,Linear,XGBoost Classifier,0,0,0.00011211986
02_linear,Linear,XGBoost Classifier,0,0,0.02902235
02_linear,Linear,XGBoost Classifier,0,0,0.00010734465
02_linear,Linear,XGBoost Classifier,0,0,0.001374095
02_linear,Linear,XGBoost Classifier,0,0,2.3098666e-05
02_linear,Linear,XGBoost Classifier,1,1,0.9996063
02_linear,Linear,XGBoost Classifier,1,1,0.99999917
02_linear,Linear,XGBoost Classifier,0,0,0.15290125
02_linear,Linear,XGBoost Classifier,1,1,0.99940825
02_linear,Linear,XGBoost Classifier,0,0,0.00013008936
02_linear,Linear,XGBoost Classifier,1,1,0.9958478
02_linear,Linear,XGBoost Classifier,1,1,0.9999367
02_linear,Linear,XGBoost Classifier,0,0,4.8225233e-05
02_linear,Linear,XGBoost Classifier,1,0,0.48677284
02_linear,Linear,XGBoost Classifier,0,0,1.2309087e-05
02_linear,Linear,XGBoost Classifier,0,0,1.3353565e-06
02_linear,Linear,XGBoost Classifier,1,1,0.99999166
02_linear,Linear,XGBoost Classifier,0,0,4.4574892e-05
02_linear,Linear,XGBoost Classifier,1,1,0.9999945
02_linear,Linear,XGBoost Classifier,0,0,0.0009538566
02_linear,Linear,XGBoost Classifier,0,0,0.0042975205
02_linear,Linear,XGBoost Classifier,0,0,2.958487e-05
02_linear,Linear,XGBoost Classifier,0,0,9.519707e-05
02_linear,Linear,XGBoost Classifier,0,0,0.00017386513
02_linear,Linear,XGBoost Classifier,1,1,0.9999962
02_linear,Linear,XGBoost Classifier,0,0,0.00031176105
02_linear,Linear,XGBoost Classifier,0,0,6.314442e-05
02_linear,Linear,XGBoost Classifier,0,0,0.0041684704
02_linear,Linear,XGBoost Classifier,0,0,0.0007396885
02_linear,Linear,XGBoost Classifier,0,0,0.0046541863
02_linear,Linear,XGBoost Classifier,0,0,0.00016637382
02_linear,Linear,XGBoost Classifier,0,0,1.0033787e-05
02_linear,Linear,XGBoost Classifier,0,0,0.04790506
02_linear,Linear,XGBoost Classifier,1,1,0.99961674
02_linear,Linear,XGBoost Classifier,1,1,0.9999902
02_linear,Linear,XGBoost Classifier,0,0,0.00068407686
02_linear,Linear,XGBoost Classifier,0,0,0.00041484035
02_linear,Linear,XGBoost Classifier,0,0,0.0010459248
02_linear,Linear,XGBoost Classifier,0,0,3.6747384e-05
02_linear,Linear,XGBoost Classifier,0,0,0.0006401968
02_linear,Linear,XGBoost Classifier,0,0,0.00041412955
02_linear,Linear,XGBoost Classifier,1,1,0.9999168
02_linear,Linear,XGBoost Classifier,0,0,3.5668018e-05
02_linear,Linear,XGBoost Classifier,0,0,0.00068285485
02_linear,Linear,XGBoost Classifier,0,0,0.010985373
02_linear,Linear,XGBoost Classifier,0,0,0.00031277235
02_linear,Linear,XGBoost Classifier,0,0,0.00048040185
02_linear,Linear,XGBoost Classifier,1,1,0.98838425
02_linear,Linear,XGBoost Classifier,0,0,0.0053145667
02_linear,Linear,XGBoost Classifier,0,0,0.08056271
02_linear,Linear,XGBoost Classifier,0,0,5.6304627e-05
02_linear,Linear,XGBoost Classifier,0,0,0.0038400658
02_linear,Linear,XGBoost Classifier,0,0,0.00045634765
02_linear,Linear,XGBoost Classifier,0,0,0.015147207
02_linear,Linear,XGBoost Classifier,0,0,0.00081885885
02_linear,Linear,XGBoost Classifier,0,0,8.410904e-06
02_linear,Linear,XGBoost Classifier,0,0,0.002607315
02_linear,Linear,XGBoost Classifier,0,0,6.985105e-05
02_linear,Linear,XGBoost Classifier,0,0,0.0012167136
02_linear,Linear,XGBoost Classifier,0,0,3.9600127e-05
02_linear,Linear,XGBoost Classifier,0,0,1.8771125e-05
02_linear,Linear,XGBoost Classifier,0,0,0.0009417501
02_linear,Linear,XGBoost Classifier,1,0,0.20684938
02_linear,Linear,XGBoost Classifier,0,0,0.0011163317
02_linear,Linear,XGBoost Classifier,0,0,0.0030201972
02_linear,Linear,XGBoost Classifier,1,1,0.9999981
02_linear,Linear,XGBoost Classifier,0,0,0.005103144
02_linear,Linear,XGBoost Classifier,0,0,0.00042848568
02_linear,Linear,XGBoost Classifier,0,0,0.035776757
02_linear,Linear,XGBoost Classifier,0,0,0.0025942777
02_linear,Linear,XGBoost Classifier,1,1,0.99598557
02_linear,Linear,XGBoost Classifier,0,0,9.645097e-06
02_linear,Linear,XGBoost Classifier,0,0,0.00013130109
02_linear,Linear,XGBoost Classifier,0,0,0.00024458772
02_linear,Linear,XGBoost Classifier,0,0,0.00046494172
02_linear,Linear,XGBoost Classifier,0,0,5.1312185e-05
02_linear,Linear,XGBoost Classifier,0,1,0.9225274
02_linear,Linear,XGBoost Classifier,0,0,0.0008245116
02_linear,Linear,XGBoost Classifier,0,0,0.0001881383
02_linear,Linear,XGBoost Classifier,0,0,8.368882e-06
02_linear,Linear,XGBoost Classifier,0,0,0.0012791253
02_linear,Linear,XGBoost Classifier,0,0,6.5583106e-07
02_linear,Linear,XGBoost Classifier,0,1,0.552699
02_linear,Linear,XGBoost Classifier,1,0,0.048756447
02_linear,Linear,XGBoost Classifier,0,0,0.004029583
02_linear,Linear,XGBoost Classifier,1,1,0.96096915
02_linear,Linear,XGBoost Classifier,0,0,2.5306814e-05
02_linear,Linear,XGBoost Classifier,1,1,0.9999337
02_linear,Linear,XGBoost Classifier,0,0,0.00022445574
02_linear,Linear,XGBoost Classifier,0,0,9.2040835e-05
02_linear,Linear,XGBoost Classifier,0,0,2.7793683e-05
02_linear,Linear,XGBoost Classifier,1,1,0.99999607
02_linear,Linear,XGBoost Classifier,0,0,1.5034911e-05
02_linear,Linear,XGBoost Classifier,0,0,7.474844e-05
02_linear,Linear,XGBoost Classifier,0,0,4.092985e-05
02_linear,Linear,XGBoost Classifier,0,0,9.138533e-06
02_linear,Linear,XGBoost Classifier,1,1,0.9998548
02_linear,Linear,XGBoost Classifier,1,0,0.2084331
02_linear,Linear,XGBoost Classifier,0,0,0.019928113
02_linear,Linear,XGBoost Classifier,0,0,7.199011e-05
02_linear,Linear,XGBoost Classifier,0,0,0.069621265
02_linear,Linear,XGBoost Classifier,0,0,0.00692538
02_linear,Linear,XGBoost Classifier,0,0,0.00032990164
02_linear,Linear,XGBoost Classifier,1,1,0.99988496
02_linear,Linear,XGBoost Classifier,0,0,0.0008089273
02_linear,Linear,XGBoost Classifier,0,0,0.00016873013
02_linear,Linear,XGBoost Classifier,0,0,0.0042156824
02_linear,Linear,XGBoost Classifier,1,1,0.9999924
02_linear,Linear,XGBoost Classifier,0,0,0.0026745638
02_linear,Linear,XGBoost Classifier,1,1,0.9968539
02_linear,Linear,XGBoost Classifier,0,0,0.00017706226
02_linear,Linear,XGBoost Classifier,0,0,0.0006446455
02_linear,Linear,XGBoost Classifier,0,0,0.0020221802
02_linear,Linear,XGBoost Classifier,0,0,6.496482e-05
02_linear,Linear,XGBoost Classifier,1,1,0.9999845
02_linear,Linear,XGBoost Classifier,0,0,0.0038817727
02_linear,Linear,XGBoost Classifier,0,0,4.308137e-05
02_linear,Linear,XGBoost Classifier,0,0,1.8268489e-05
02_linear,Linear,XGBoost Classifier,0,0,9.558786e-05
02_linear,Linear,XGBoost Classifier,0,0,0.00020065682
02_linear,Linear,XGBoost Classifier,0,0,0.00024824287
02_linear,Linear,XGBoost Classifier,0,0,0.00016965112
02_linear,Linear,XGBoost Classifier,0,0,0.0014126753
02_linear,Linear,XGBoost Classifier,0,0,3.152319e-05
02_linear,Linear,XGBoost Classifier,0,0,0.00012203918
02_linear,Linear,XGBoost Classifier,0,0,0.00036277936
02_linear,Linear,XGBoost Classifier,0,0,4.7259287e-05
02_linear,Linear,XGBoost Classifier,0,0,9.2634036e-05
02_linear,Linear,XGBoost Classifier,0,0,0.0030280466
02_linear,Linear,XGBoost Classifier,0,0,0.00088952715
02_linear,Linear,XGBoost Classifier,0,0,6.463601e-05
02_linear,Linear,XGBoost Classifier,0,0,0.13111702
02_linear,Linear,XGBoost Classifier,1,1,0.6072867
02_linear,Linear,XGBoost Classifier,1,1,0.9999958
02_linear,Linear,XGBoost Classifier,0,0,0.0038917642
02_linear,Linear,XGBoost Classifier,1,1,0.9999862
02_linear,Linear,XGBoost Classifier,1,1,0.9999956
02_linear,Linear,XGBoost Classifier,0,0,1.8921972e-05
02_linear,Linear,XGBoost Classifier,0,0,4.5420515e-05
02_linear,Linear,XGBoost Classifier,0,0,0.0014079403
02_linear,Linear,XGBoost Classifier,0,0,0.0027335966
02_linear,Linear,XGBoost Classifier,0,0,2.1214282e-05
02_linear,Linear,XGBoost Classifier,1,1,0.999972
02_linear,Linear,XGBoost Classifier,0,0,0.031469297
02_linear,Linear,XGBoost Classifier,0,0,0.0009805583
02_linear,Linear,XGBoost Classifier,0,0,0.00047431525
02_linear,Linear,XGBoost Classifier,1,1,0.99988055
02_linear,Linear,XGBoost Classifier,0,0,0.07477439
02_linear,Linear,XGBoost Classifier,0,0,0.0028337515
02_linear,Linear,XGBoost Classifier,0,0,3.290595e-05
02_linear,Linear,XGBoost Classifier,0,0,0.0004528672
02_linear,Linear,XGBoost Classifier,0,0,0.0034157806
02_linear,Linear,XGBoost Classifier,0,0,0.010148847
02_linear,Linear,XGBoost Classifier,0,0,0.00039061302
02_linear,Linear,XGBoost Classifier,1,1,0.99999034
02_linear,Linear,XGBoost Classifier,1,1,0.9999889
02_linear,Linear,XGBoost Classifier,1,1,0.9998764
02_linear,Linear,XGBoost Classifier,0,0,9.719759e-05
02_linear,Linear,XGBoost Classifier,0,0,8.387355e-06
02_linear,Linear,XGBoost Classifier,0,0,0.0016813099
02_linear,Linear,XGBoost Classifier,0,0,6.106671e-05
02_linear,Linear,XGBoost Classifier,0,0,0.0025345
02_linear,Linear,XGBoost Classifier,0,0,0.0059984648
02_linear,Linear,XGBoost Classifier,0,0,0.13530564
02_linear,Linear,XGBoost Classifier,1,0,0.0022120052
02_linear,Linear,XGBoost Classifier,1,1,0.99998724
02_linear,Linear,XGBoost Classifier,0,0,3.1242973e-05
02_linear,Linear,XGBoost Classifier,1,1,0.9999994
02_linear,Linear,XGBoost Classifier,0,0,4.0108152e-05
02_linear,Linear,XGBoost Classifier,0,0,0.00039130045
02_linear,Linear,XGBoost Classifier,1,1,0.99998486
02_linear,Linear,XGBoost Classifier,0,0,2.6067099e-05
02_linear,Linear,XGBoost Classifier,0,0,0.021509701
02_linear,Linear,XGBoost Classifier,0,0,0.0014738552
02_linear,Linear,XGBoost Classifier,0,0,0.00044236582
02_linear,Linear,XGBoost Classifier,0,0,0.0001540026
02_linear,Linear,XGBoost Classifier,0,0,0.00862541
02_linear,Linear,XGBoost Classifier,1,1,0.99999857
02_linear,Linear,XGBoost Classifier,0,0,0.002022955
02_linear,Linear,XGBoost Classifier,0,0,0.0051469747
02_linear,Linear,XGBoost Classifier,0,0,0.000106908046
02_linear,Linear,XGBoost Classifier,0,0,0.00022408644
02_linear,Linear,XGBoost Classifier,0,0,0.0104930755
02_linear,Linear,XGBoost Classifier,1,1,0.93309915
02_linear,Linear,XGBoost Classifier,0,0,7.298813e-05
02_linear,Linear,XGBoost Classifier,0,0,0.00020428417
02_linear,Linear,XGBoost Classifier,0,0,0.18823878
02_linear,Linear,XGBoost Classifier,0,0,0.0020369824
02_linear,Linear,XGBoost Classifier,0,0,0.00022500107
02_linear,Linear,XGBoost Classifier,0,0,0.00017476831
02_linear,Linear,XGBoost Classifier,0,0,0.025524933
02_linear,Linear,XGBoost Classifier,0,0,0.00010206834
02_linear,Linear,XGBoost Classifier,1,1,0.99999106
02_linear,Linear,XGBoost Classifier,0,0,2.212377e-05
02_linear,Linear,XGBoost Classifier,1,1,0.99944884
02_linear,Linear,XGBoost Classifier,0,0,4.965616e-05
02_linear,Linear,XGBoost Classifier,0,0,9.574413e-05
02_linear,Linear,XGBoost Classifier,0,0,0.11965542
02_linear,Linear,XGBoost Classifier,0,0,0.0015569505
02_linear,Linear,XGBoost Classifier,0,0,0.00010401328
02_linear,Linear,XGBoost Classifier,0,0,9.271251e-06
02_linear,Linear,XGBoost Classifier,1,1,0.99999464
02_linear,Linear,XGBoost Classifier,0,0,0.032336403
02_linear,Linear,XGBoost Classifier,0,0,0.00025420898
02_linear,Linear,XGBoost Classifier,0,0,3.1181567e-05
02_linear,Linear,XGBoost Classifier,0,0,0.00052810647
02_linear,Linear,XGBoost Classifier,1,1,0.99958044
02_linear,Linear,XGBoost Classifier,0,0,0.0044809463
02_linear,Linear,XGBoost Classifier,0,0,0.00016048168
02_linear,Linear,XGBoost Classifier,0,0,0.0011694161
02_linear,Linear,XGBoost Classifier,0,0,0.00015271432
02_linear,Linear,XGBoost Classifier,0,0,0.0007177732
02_linear,Linear,XGBoost Classifier,0,0,0.00020284497
02_linear,Linear,XGBoost Classifier,0,0,0.0002778746
02_linear,Linear,XGBoost Classifier,0,0,9.038528e-06
02_linear,Linear,XGBoost Classifier,0,0,0.015107254
02_linear,Linear,XGBoost Classifier,0,0,7.5406315e-05
02_linear,Linear,XGBoost Classifier,0,0,0.00021943137
02_linear,Linear,XGBoost Classifier,0,0,0.004258362
02_linear,Linear,XGBoost Classifier,0,0,0.002380497
02_linear,Linear,XGBoost Classifier,0,0,0.00011145767
02_linear,Linear,XGBoost Classifier,0,0,2.0889356e-05
02_linear,Linear,XGBoost Classifier,0,1,0.96940416
02_linear,Linear,XGBoost Classifier,0,0,0.00014761408
02_linear,Linear,XGBoost Classifier,0,0,2.2584002e-06
02_linear,Linear,XGBoost Classifier,0,0,0.0001254425
02_linear,Linear,XGBoost Classifier,0,0,3.7297716e-06
02_linear,Linear,XGBoost Classifier,0,0,0.00598409
02_linear,Linear,XGBoost Classifier,0,0,9.447631e-05
02_linear,Linear,XGBoost Classifier,0,0,0.0050777
02_linear,Linear,XGBoost Classifier,0,0,0.0028062314
02_linear,Linear,XGBoost Classifier,0,0,4.307394e-06
02_linear,Linear,XGBoost Classifier,0,0,6.7912515e-05
02_linear,Linear,XGBoost Classifier,0,0,0.0002756234
02_linear,Linear,XGBoost Classifier,0,0,0.02247417
02_linear,Linear,XGBoost Classifier,0,0,0.012501927
02_linear,Linear,XGBoost Classifier,0,0,4.326541e-05
02_linear,Linear,XGBoost Classifier,0,0,1.2605876e-05
02_linear,Linear,XGBoost Classifier,0,0,0.00040519235
02_linear,Linear,XGBoost Classifier,0,0,9.452019e-05
02_linear,Linear,XGBoost Classifier,1,1,0.9997433
02_linear,Linear,XGBoost Classifier,1,1,0.99994993
02_linear,Linear,XGBoost Classifier,0,0,0.00019867519
02_linear,Linear,XGBoost Classifier,0,0,0.00061456533
02_linear,Linear,XGBoost Classifier,0,0,0.00028284703
02_linear,Linear,XGBoost Classifier,0,0,0.00013187676
02_linear,Linear,XGBoost Classifier,1,1,0.99330974
02_linear,Linear,XGBoost Classifier,1,1,0.9996357
02_linear,Linear,XGBoost Classifier,0,0,3.7601003e-05
02_linear,Linear,XGBoost Classifier,0,0,4.249677e-05
02_linear,Linear,XGBoost Classifier,0,0,0.007496182
02_linear,Linear,XGBoost Classifier,0,0,8.631293e-06
02_linear,Linear,XGBoost Classifier,0,0,0.002684844
02_linear,Linear,XGBoost Classifier,0,0,0.00081675797
02_linear,Linear,XGBoost Classifier,0,0,0.010936905
02_linear,Linear,XGBoost Classifier,1,1,0.99985147
02_linear,Linear,XGBoost Classifier,0,0,3.3128184e-05
02_linear,Linear,XGBoost Classifier,0,0,0.001708243
02_linear,Linear,XGBoost Classifier,0,0,0.0060194265
02_linear,Linear,XGBoost Classifier,1,1,0.7479677
02_linear,Linear,XGBoost Classifier,1,1,0.75618386
02_linear,Linear,XGBoost Classifier,0,0,0.001716483
02_linear,Linear,XGBoost Classifier,0,0,0.00019241105
02_linear,Linear,XGBoost Classifier,0,0,3.1654712e-05
02_linear,Linear,XGBoost Classifier,0,0,9.333086e-05
02_linear,Linear,XGBoost Classifier,1,1,0.9999893
02_linear,Linear,XGBoost Classifier,1,1,0.99996614
02_linear,Linear,XGBoost Classifier,0,0,0.024649553
02_linear,Linear,XGBoost Classifier,0,0,0.010695302
02_linear,Linear,XGBoost Classifier,0,0,0.0013996576
02_linear,Linear,XGBoost Classifier,0,0,0.0065726754
02_linear,Linear,XGBoost Classifier,0,0,5.7473524e-05
02_linear,Linear,XGBoost Classifier,1,1,0.6991328
02_linear,Linear,XGBoost Classifier,0,0,0.0002462514
02_linear,Linear,XGBoost Classifier,0,0,8.969405e-05
02_linear,Linear,XGBoost Classifier,0,0,7.964723e-06
02_linear,Linear,XGBoost Classifier,0,0,0.0017257129
02_linear,Linear,XGBoost Classifier,0,0,7.595957e-05
02_linear,Linear,XGBoost Classifier,0,0,1.4442072e-05
02_linear,Linear,XGBoost Classifier,0,0,8.152954e-06
02_linear,Linear,XGBoost Classifier,0,0,0.00017609682
02_linear,Linear,XGBoost Classifier,1,1,0.9999212
02_linear,Linear,XGBoost Classifier,0,0,0.046959486
02_linear,Linear,XGBoost Classifier,1,1,0.9999808
02_linear,Linear,XGBoost Classifier,1,1,0.9998728
02_linear,Linear,XGBoost Classifier,0,0,6.874989e-05
02_linear,Linear,XGBoost Classifier,0,0,0.0002840328
02_linear,Linear,XGBoost Classifier,0,0,0.0010050543
02_linear,Linear,XGBoost Classifier,0,0,0.024501206
02_linear,Linear,XGBoost Classifier,1,1,0.9999809
02_linear,Linear,XGBoost Classifier,0,1,0.62832975
02_linear,Linear,XGBoost Classifier,1,1,0.99995935
02_linear,Linear,XGBoost Classifier,1,1,0.956085
02_linear,Linear,XGBoost Classifier,0,0,0.00031208814
02_linear,Linear,XGBoost Classifier,0,0,0.0014153719
02_linear,Linear,XGBoost Classifier,0,0,0.025972618
02_linear,Linear,XGBoost Classifier,1,1,0.9999789
02_linear,Linear,XGBoost Classifier,0,0,0.00016722137
02_linear,Linear,XGBoost Classifier,0,0,7.766561e-05
02_linear,Linear,XGBoost Classifier,0,0,0.0010272025
02_linear,Linear,XGBoost Classifier,0,0,0.0012169627
02_linear,Linear,XGBoost Classifier,0,0,0.0019244849
02_linear,Linear,XGBoost Classifier,0,0,0.0009818858
02_linear,Linear,XGBoost Classifier,0,0,0.011730806
02_linear,Linear,XGBoost Classifier,0,0,0.0004222822
02_linear,Linear,XGBoost Classifier,0,0,0.0004919345
02_linear,Linear,XGBoost Classifier,0,0,0.00038254328
02_linear,Linear,XGBoost Classifier,0,0,0.0035035268
02_linear,Linear,XGBoost Classifier,1,1,0.99999905
02_linear,Linear,XGBoost Classifier,0,0,3.3387463e-05
02_linear,Linear,XGBoost Classifier,0,0,4.4041986e-05
02_linear,Linear,XGBoost Classifier,1,1,0.99996746
02_linear,Linear,XGBoost Classifier,0,0,0.00080829766
02_linear,Linear,XGBoost Classifier,0,0,5.665283e-05
02_linear,Linear,XGBoost Classifier,0,0,1.0753613e-05
02_linear,Linear,XGBoost Classifier,0,0,0.0017795871
02_linear,Linear,XGBoost Classifier,0,0,0.0025503847
02_linear,Linear,XGBoost Classifier,0,0,1.29042955e-05
02_linear,Linear,XGBoost Classifier,0,0,1.8410487e-05
02_linear,Linear,XGBoost Classifier,0,0,3.6065292e-05
02_linear,Linear,XGBoost Classifier,0,0,1.2744596e-05
02_linear,Linear,XGBoost Classifier,0,0,4.2110936e-05
02_linear,Linear,XGBoost Classifier,0,0,0.02664803
02_linear,Linear,XGBoost Classifier,1,1,0.9999808
02_linear,Linear,XGBoost Classifier,0,0,0.0003943346
02_linear,Linear,XGBoost Classifier,1,1,0.99999285
02_linear,Linear,XGBoost Classifier,1,1,0.9479052
02_linear,Linear,XGBoost Classifier,0,0,0.0015499376
02_linear,Linear,XGBoost Classifier,1,1,0.99999225
02_linear,Linear,XGBoost Classifier,0,0,5.6464003e-05
02_linear,Linear,XGBoost Classifier,0,0,0.000111868154
02_linear,Linear,XGBoost Classifier,0,0,0.0010489678
02_linear,Linear,XGBoost Classifier,0,0,0.0020728812
02_linear,Linear,XGBoost Classifier,0,0,0.0031415368
02_linear,Linear,XGBoost Classifier,0,0,1.8000557e-05
02_linear,Linear,XGBoost Classifier,0,0,3.0134113e-06
02_linear,Linear,XGBoost Classifier,0,0,5.3582867e-06
02_linear,Linear,XGBoost Classifier,0,0,0.00038433
02_linear,Linear,XGBoost Classifier,1,1,0.99558604
02_linear,Linear,XGBoost Classifier,0,0,0.0015339201
02_linear,Linear,XGBoost Classifier,0,0,0.00029167635
02_linear,Linear,XGBoost Classifier,0,0,0.068219714
02_linear,Linear,XGBoost Classifier,0,0,8.827421e-05
02_linear,Linear,XGBoost Classifier,0,0,0.00019707921
02_linear,Linear,XGBoost Classifier,1,1,0.99999356
02_linear,Linear,XGBoost Classifier,1,1,0.97315764
02_linear,Linear,XGBoost Classifier,0,0,0.00010764601
02_linear,Linear,XGBoost Classifier,0,0,0.00067957403
02_linear,Linear,XGBoost Classifier,0,0,0.047673736
02_linear,Linear,XGBoost Classifier,1,1,0.99998844
02_linear,Linear,XGBoost Classifier,0,0,0.00037927844
02_linear,Linear,XGBoost Classifier,0,0,0.0152234025
02_linear,Linear,XGBoost Classifier,1,1,0.9999919
02_linear,Linear,XGBoost Classifier,0,0,0.015817367
02_linear,Linear,XGBoost Classifier,0,0,0.11045094
02_linear,Linear,XGBoost Classifier,0,0,9.6258154e-05
02_linear,Linear,XGBoost Classifier,0,0,0.00010673875
02_linear,Linear,XGBoost Classifier,0,0,0.21615852
02_linear,Linear,XGBoost Classifier,0,0,4.4450895e-05
02_linear,Linear,XGBoost Classifier,0,0,0.00043813977
02_linear,Linear,XGBoost Classifier,0,0,0.000119906326
02_linear,Linear,XGBoost Classifier,0,0,0.0021942663
02_linear,Linear,XGBoost Classifier,0,0,3.8288763e-05
02_linear,Linear,XGBoost Classifier,0,0,0.01194573
02_linear,Linear,XGBoost Classifier,0,0,0.00019728507
02_linear,Linear,XGBoost Classifier,0,0,0.00025675882
02_linear,Linear,XGBoost Classifier,0,0,0.0007280098
02_linear,Linear,XGBoost Classifier,0,0,2.9808001e-05
02_linear,Linear,XGBoost Classifier,0,0,0.00025218216
02_linear,Linear,XGBoost Classifier,0,0,0.0009542556
02_linear,Linear,XGBoost Classifier,0,0,0.00021212084
02_linear,Linear,XGBoost Classifier,0,0,0.00023716039
02_linear,Linear,XGBoost Classifier,0,0,0.0010048782
02_linear,Linear,XGBoost Classifier,0,0,6.7742214e-05
02_linear,Linear,XGBoost Classifier,1,1,0.9999311
02_linear,Linear,XGBoost Classifier,0,0,4.526157e-05
02_linear,Linear,XGBoost Classifier,0,0,0.13938676
02_linear,Linear,XGBoost Classifier,0,0,0.039961692
02_linear,Linear,XGBoost Classifier,0,0,8.04336e-06
02_linear,Linear,XGBoost Classifier,0,0,0.0009850876
02_linear,Linear,XGBoost Classifier,0,0,3.8120117e-05
02_linear,Linear,XGBoost Classifier,0,0,0.00021711072
02_linear,Linear,XGBoost Classifier,0,0,0.00016540624
02_linear,Linear,XGBoost Classifier,0,1,0.8668663
02_linear,Linear,XGBoost Classifier,0,0,1.9027866e-05
02_linear,Linear,XGBoost Classifier,0,0,0.00031234027
02_linear,Linear,XGBoost Classifier,1,1,0.99970776
02_linear,Linear,XGBoost Classifier,1,1,0.99996686
02_linear,Linear,XGBoost Classifier,0,0,0.0017251594
02_linear,Linear,XGBoost Classifier,0,0,0.00038114676
02_linear,Linear,XGBoost Classifier,0,0,0.06854407
02_linear,Linear,XGBoost Classifier,0,0,1.8426066e-05
02_linear,Linear,XGBoost Classifier,0,0,9.373803e-05
02_linear,Linear,XGBoost Classifier,0,0,3.1836462e-06
02_linear,Linear,XGBoost Classifier,0,0,0.0005194472
02_linear,Linear,XGBoost Classifier,0,0,5.192978e-05
02_linear,Linear,XGBoost Classifier,1,1,0.99950266
02_linear,Linear,XGBoost Classifier,0,0,0.009247125
02_linear,Linear,XGBoost Classifier,0,0,0.0068300134
02_linear,Linear,XGBoost Classifier,0,0,0.000812052
02_linear,Linear,XGBoost Classifier,0,0,0.00010461059
02_linear,Linear,XGBoost Classifier,0,0,7.807931e-05
02_linear,Linear,XGBoost Classifier,1,1,0.9999982
02_linear,Linear,XGBoost Classifier,0,0,0.016851967
02_linear,Linear,XGBoost Classifier,0,0,0.0016898884
02_linear,Linear,XGBoost Classifier,0,0,0.0005207589
02_linear,Linear,XGBoost Classifier,0,0,0.00093353697
02_linear,Linear,XGBoost Classifier,1,1,0.9999739
02_linear,Linear,XGBoost Classifier,0,0,0.000319886
02_linear,Linear,XGBoost Classifier,0,0,0.0053441
02_linear,Linear,XGBoost Classifier,0,0,0.00094745203
02_linear,Linear,XGBoost Classifier,0,0,0.0021175728
02_linear,Linear,XGBoost Classifier,1,1,0.9999974
02_linear,Linear,XGBoost Classifier,0,0,0.0916638
02_linear,Linear,XGBoost Classifier,1,1,0.9991467
02_linear,Linear,XGBoost Classifier,0,0,0.0044682124
02_linear,Linear,XGBoost Classifier,0,0,0.0006523955
02_linear,Linear,XGBoost Classifier,1,1,0.9995203
02_linear,Linear,XGBoost Classifier,0,0,0.00016970321
02_linear,Linear,XGBoost Classifier,1,1,0.9999893
02_linear,Linear,XGBoost Classifier,0,0,0.047741767
02_linear,Linear,XGBoost Classifier,1,1,0.9999633
02_linear,Linear,XGBoost Classifier,0,0,1.0999725e-05
02_linear,Linear,XGBoost Classifier,0,0,0.00027561892
02_linear,Linear,XGBoost Classifier,0,0,0.00026485883
02_linear,Linear,XGBoost Classifier,0,0,0.006458712
02_linear,Linear,XGBoost Classifier,1,1,0.99991834
02_linear,Linear,XGBoost Classifier,0,0,0.0008119971
02_linear,Linear,XGBoost Classifier,0,0,0.48104805
02_linear,Linear,XGBoost Classifier,0,0,2.7106295e-05
02_linear,Linear,XGBoost Classifier,0,0,0.003718413
02_linear,Linear,XGBoost Classifier,0,0,0.00011301055
02_linear,Linear,XGBoost Classifier,0,0,0.00016091656
02_linear,Linear,XGBoost Classifier,0,0,0.0049091196
02_linear,Linear,XGBoost Classifier,0,0,0.00012034894
02_linear,Linear,XGBoost Classifier,0,0,9.405939e-05
02_linear,Linear,XGBoost Classifier,1,1,0.9998728
02_linear,Linear,XGBoost Classifier,0,1,0.92428994
02_linear,Linear,XGBoost Classifier,1,1,0.99998975
02_linear,Linear,XGBoost Classifier,0,0,2.7878921e-05
02_linear,Linear,XGBoost Classifier,0,0,0.011256607
02_linear,Linear,XGBoost Classifier,0,0,8.940404e-06
02_linear,Linear,XGBoost Classifier,0,0,0.0064897886
02_linear,Linear,XGBoost Classifier,0,0,0.00075098564
02_linear,Linear,XGBoost Classifier,0,0,5.2783303e-06
02_linear,Linear,XGBoost Classifier,1,1,0.99997115
02_linear,Linear,XGBoost Classifier,0,0,0.12781857
02_linear,Linear,XGBoost Classifier,0,0,0.24726157
02_linear,Linear,XGBoost Classifier,0,1,0.99089277
02_linear,Linear,XGBoost Classifier,0,0,0.00024621736
02_linear,Linear,XGBoost Classifier,1,1,0.9999944
02_linear,Linear,XGBoost Classifier,0,0,0.0026715498
02_linear,Linear,XGBoost Classifier,1,1,0.96184456
02_linear,Linear,XGBoost Classifier,0,0,0.13817312
02_linear,Linear,XGBoost Classifier,0,0,9.588703e-05
02_linear,Linear,XGBoost Classifier,1,1,0.9986449
02_linear,Linear,XGBoost Classifier,0,0,0.0012294726
02_linear,Linear,XGBoost Classifier,0,0,1.3539889e-05
02_linear,Linear,XGBoost Classifier,0,0,0.00013211137
02_linear,Linear,XGBoost Classifier,0,0,2.5667994e-05
02_linear,Linear,XGBoost Classifier,0,0,0.0012118344
02_linear,Linear,XGBoost Classifier,0,0,0.023040451
02_linear,Linear,XGBoost Classifier,1,0,0.45906517
02_linear,Linear,XGBoost Classifier,1,1,0.9999968
02_linear,Linear,XGBoost Classifier,0,0,0.00017367574
02_linear,Linear,XGBoost Classifier,0,0,0.115417324
02_linear,Linear,XGBoost Classifier,0,0,4.4761808e-05
02_linear,Linear,XGBoost Classifier,1,1,0.9999907
02_linear,Linear,XGBoost Classifier,0,0,2.2806695e-05
02_linear,Linear,XGBoost Classifier,0,0,0.0505167
02_linear,Linear,XGBoost Classifier,1,1,0.9999938
02_linear,Linear,XGBoost Classifier,0,0,0.00033433054
02_linear,Linear,XGBoost Classifier,0,0,6.614146e-05
02_linear,Linear,XGBoost Classifier,0,0,1.8175087e-05
02_linear,Linear,XGBoost Classifier,0,0,0.0014653738
02_linear,Linear,XGBoost Classifier,0,1,0.9380561
02_linear,Linear,XGBoost Classifier,0,0,0.00064365956
02_linear,Linear,XGBoost Classifier,0,0,4.7015465e-06
02_linear,Linear,XGBoost Classifier,1,1,0.9998342
02_linear,Linear,XGBoost Classifier,0,0,4.3022992e-05
02_linear,Linear,XGBoost Classifier,0,0,0.00019973122
02_linear,Linear,XGBoost Classifier,0,0,0.0038475904
02_linear,Linear,XGBoost Classifier,1,1,0.98913926
02_linear,Linear,XGBoost Classifier,1,1,0.9860232
02_linear,Linear,XGBoost Classifier,0,0,0.0017106818
02_linear,Linear,XGBoost Classifier,0,0,1.4964802e-05
02_linear,Linear,XGBoost Classifier,0,0,0.00064127793
02_linear,Linear,XGBoost Classifier,0,0,0.002081553
02_linear,Linear,XGBoost Classifier,0,0,3.9415627e-05
02_linear,Linear,XGBoost Classifier,0,0,0.0005416165
02_linear,Linear,XGBoost Classifier,1,1,0.999995
02_linear,Linear,XGBoost Classifier,0,0,0.004153878
02_linear,Linear,XGBoost Classifier,0,0,0.0076727737
02_linear,Linear,XGBoost Classifier,1,1,0.9875036
02_linear,Linear,XGBoost Classifier,0,0,0.00013270529
02_linear,Linear,XGBoost Classifier,1,1,0.9999852
02_linear,Linear,XGBoost Classifier,0,0,8.324338e-05
02_linear,Linear,XGBoost Classifier,1,1,0.9854351
02_linear,Linear,XGBoost Classifier,0,0,0.0018785918
02_linear,Linear,XGBoost Classifier,0,0,6.0580598e-05
02_linear,Linear,XGBoost Classifier,0,0,0.028421124
02_linear,Linear,XGBoost Classifier,0,0,4.677291e-05
02_linear,Linear,XGBoost Classifier,0,0,0.001413303
02_linear,Linear,XGBoost Classifier,1,1,0.9999987
02_linear,Linear,XGBoost Classifier,0,0,0.0006131121
02_linear,Linear,XGBoost Classifier,1,1,0.9997074
02_linear,Linear,XGBoost Classifier,0,0,2.355974e-05
02_linear,Linear,XGBoost Classifier,1,1,0.9999933
02_linear,Linear,XGBoost Classifier,0,0,9.4718875e-05
02_linear,Linear,XGBoost Classifier,0,0,0.03265376
02_linear,Linear,XGBoost Classifier,0,0,0.019176245
02_linear,Linear,XGBoost Classifier,1,1,0.9655723
02_linear,Linear,XGBoost Classifier,0,0,0.0012808907
02_linear,Linear,XGBoost Classifier,0,0,0.00010195929
02_linear,Linear,XGBoost Classifier,0,0,0.002521387
02_linear,Linear,XGBoost Classifier,0,0,1.1887677e-05
02_linear,Linear,XGBoost Classifier,0,0,0.0039712777
02_linear,Linear,XGBoost Classifier,1,1,0.9999975
02_linear,Linear,XGBoost Classifier,0,0,0.00038008796
02_linear,Linear,XGBoost Classifier,0,0,0.008996943
02_linear,Linear,XGBoost Classifier,0,0,0.0028471898
02_linear,Linear,XGBoost Classifier,0,0,0.000104795894
02_linear,Linear,XGBoost Classifier,1,1,0.89627904
02_linear,Linear,XGBoost Classifier,0,0,0.0012766315
02_linear,Linear,XGBoost Classifier,0,0,0.4918079
02_linear,Linear,XGBoost Classifier,0,0,6.7632805e-05
02_linear,Linear,XGBoost Classifier,0,0,0.0040068077
02_linear,Linear,XGBoost Classifier,0,0,5.4784746e-06
02_linear,Linear,XGBoost Classifier,0,1,0.56933284
02_linear,Linear,XGBoost Classifier,0,0,0.0043766024
02_linear,Linear,XGBoost Classifier,0,0,0.001999752
02_linear,Linear,XGBoost Classifier,1,1,0.99946326
02_linear,Linear,XGBoost Classifier,0,0,0.00012929505
02_linear,Linear,XGBoost Classifier,0,0,0.0019124702
02_linear,Linear,XGBoost Classifier,0,0,0.012533679
02_linear,Linear,XGBoost Classifier,0,0,3.998678e-05
02_linear,Linear,XGBoost Classifier,0,0,0.0059585464
02_linear,Linear,XGBoost Classifier,0,0,0.00017066859
02_linear,Linear,XGBoost Classifier,1,1,0.9999702
02_linear,Linear,XGBoost Classifier,0,0,7.201201e-05
02_linear,Linear,XGBoost Classifier,0,0,0.0013829105
02_linear,Linear,XGBoost Classifier,0,0,4.7047586e-05
02_linear,Linear,XGBoost Classifier,0,1,0.865792
02_linear,Linear,XGBoost Classifier,0,0,4.4186916e-05
02_linear,Linear,XGBoost Classifier,0,0,0.0028771728
02_linear,Linear,XGBoost Classifier,0,0,0.04572486
02_linear,Linear,XGBoost Classifier,0,0,0.11743047
02_linear,Linear,XGBoost Classifier,1,1,0.99998605
02_linear,Linear,XGBoost Classifier,0,0,5.942972e-05
02_linear,Linear,XGBoost Classifier,0,0,0.04258199
02_linear,Linear,XGBoost Classifier,0,0,0.004392866
02_linear,Linear,XGBoost Classifier,0,0,0.0002807921
02_linear,Linear,XGBoost Classifier,1,1,0.9999969
02_linear,Linear,XGBoost Classifier,0,0,0.013223774
02_linear,Linear,XGBoost Classifier,0,0,0.021166563
02_linear,Linear,XGBoost Classifier,0,0,0.005910948
02_linear,Linear,XGBoost Classifier,0,0,8.883221e-05
02_linear,Linear,XGBoost Classifier,1,1,0.9999498
02_linear,Linear,XGBoost Classifier,0,0,0.00080451666
02_linear,Linear,XGBoost Classifier,0,0,0.0031921403
02_linear,Linear,XGBoost Classifier,0,0,0.005690036
02_linear,Linear,XGBoost Classifier,0,0,0.00043209404
02_linear,Linear,XGBoost Classifier,1,1,0.99999654
02_linear,Linear,XGBoost Classifier,0,0,1.3413437e-05
02_linear,Linear,XGBoost Classifier,0,0,1.5747221e-06
02_linear,Linear,XGBoost Classifier,0,0,3.4468878e-05
02_linear,Linear,XGBoost Classifier,1,1,0.95503664
02_linear,Linear,XGBoost Classifier,0,0,2.367718e-05
02_linear,Linear,XGBoost Classifier,0,0,4.5523288e-05
02_linear,Linear,XGBoost Classifier,0,0,6.8959416e-05
02_linear,Linear,XGBoost Classifier,0,0,0.00029458138
02_linear,Linear,XGBoost Classifier,0,0,0.00067410024
02_linear,Linear,XGBoost Classifier,0,0,0.01331182
02_linear,Linear,XGBoost Classifier,1,1,0.999833
02_linear,Linear,XGBoost Classifier,0,0,0.0006152783
02_linear,Linear,XGBoost Classifier,0,0,1.0055935e-05
02_linear,Linear,XGBoost Classifier,0,0,0.032802377
02_linear,Linear,XGBoost Classifier,0,0,0.00016402538
02_linear,Linear,XGBoost Classifier,0,0,0.00018935995
02_linear,Linear,XGBoost Classifier,0,0,0.00015213033
02_linear,Linear,XGBoost Classifier,0,0,0.00015641427
02_linear,Linear,XGBoost Classifier,1,1,0.9999318
02_linear,Linear,XGBoost Classifier,0,0,0.0002355689
02_linear,Linear,XGBoost Classifier,1,1,0.9999901
02_linear,Linear,XGBoost Classifier,0,0,0.00025086774
02_linear,Linear,XGBoost Classifier,1,1,0.9998615
02_linear,Linear,XGBoost Classifier,0,0,0.00015451419
02_linear,Linear,XGBoost Classifier,1,1,0.9999838
02_linear,Linear,XGBoost Classifier,0,0,0.26600286
02_linear,Linear,XGBoost Classifier,0,0,0.0007662541
02_linear,Linear,XGBoost Classifier,0,0,0.0033973872
02_linear,Linear,XGBoost Classifier,0,0,0.0032395937
02_linear,Linear,XGBoost Classifier,0,0,0.0017174818
02_linear,Linear,XGBoost Classifier,1,1,0.83787376
02_linear,Linear,XGBoost Classifier,0,0,0.00012371846
02_linear,Linear,XGBoost Classifier,0,0,0.0008422951
02_linear,Linear,XGBoost Classifier,0,0,1.5773985e-05
02_linear,Linear,XGBoost Classifier,0,0,0.001131745
02_linear,Linear,XGBoost Classifier,0,0,2.4834937e-05
02_linear,Linear,XGBoost Classifier,0,0,0.016283708
02_linear,Linear,XGBoost Classifier,0,0,0.0075469553
02_linear,Linear,XGBoost Classifier,0,0,0.024032058
02_linear,Linear,XGBoost Classifier,1,1,0.99999166
02_linear,Linear,XGBoost Classifier,0,1,0.5912101
02_linear,Linear,XGBoost Classifier,0,0,3.8730443e-05
02_linear,Linear,XGBoost Classifier,0,0,0.032449108
02_linear,Linear,XGBoost Classifier,0,0,0.00010053036
02_linear,Linear,XGBoost Classifier,1,1,0.99999726
02_linear,Linear,XGBoost Classifier,0,0,0.14382374
02_linear,Linear,XGBoost Classifier,0,0,0.16112429
02_linear,Linear,XGBoost Classifier,0,0,0.049484648
02_linear,Linear,XGBoost Classifier,0,0,0.0024766878
02_linear,Linear,XGBoost Classifier,1,1,0.99999607
02_linear,Linear,XGBoost Classifier,0,0,0.00012438632
02_linear,Linear,XGBoost Classifier,0,0,0.00011180128
02_linear,Linear,XGBoost Classifier,1,1,0.99975604
02_linear,Linear,XGBoost Classifier,0,0,0.00013125488
02_linear,Linear,XGBoost Classifier,0,0,2.1200753e-05
02_linear,Linear,XGBoost Classifier,0,0,5.403762e-07
02_linear,Linear,XGBoost Classifier,0,0,9.861291e-05
02_linear,Linear,XGBoost Classifier,0,0,0.0031044777
02_linear,Linear,XGBoost Classifier,1,1,0.99966073
02_linear,Linear,XGBoost Classifier,0,0,0.00058232807
02_linear,Linear,XGBoost Classifier,1,1,0.9996265
02_linear,Linear,XGBoost Classifier,0,0,0.012367606
02_linear,Linear,XGBoost Classifier,0,0,8.115664e-05
02_linear,Linear,XGBoost Classifier,0,0,0.00060446793
02_linear,Linear,XGBoost Classifier,0,0,8.610711e-07
02_linear,Linear,XGBoost Classifier,0,0,0.0002670089
02_linear,Linear,XGBoost Classifier,0,0,1.4884855e-05
02_linear,Linear,XGBoost Classifier,1,1,0.9862351
02_linear,Linear,XGBoost Classifier,0,0,3.3881377e-05
02_linear,Linear,XGBoost Classifier,1,1,0.9999597
02_linear,Linear,XGBoost Classifier,0,0,0.031420864
02_linear,Linear,XGBoost Classifier,1,1,0.9656321
02_linear,Linear,XGBoost Classifier,1,1,0.9997763
02_linear,Linear,XGBoost Classifier,0,0,0.0059970915
02_linear,Linear,XGBoost Classifier,1,1,0.9999896
02_linear,Linear,XGBoost Classifier,0,0,0.00022082437
02_linear,Linear,XGBoost Classifier,1,1,0.9999865
02_linear,Linear,XGBoost Classifier,0,0,0.0008238476
02_linear,Linear,XGBoost Classifier,0,0,2.6069833e-05
02_linear,Linear,XGBoost Classifier,0,0,0.00018058486
02_linear,Linear,XGBoost Classifier,1,1,0.9999969
02_linear,Linear,XGBoost Classifier,0,0,0.020694353
02_linear,Linear,XGBoost Classifier,0,0,0.00027549703
02_linear,Linear,XGBoost Classifier,0,0,0.0006633584
02_linear,Linear,XGBoost Classifier,0,0,0.01482237
02_linear,Linear,XGBoost Classifier,0,0,0.0029167705
02_linear,Linear,XGBoost Classifier,0,0,0.018937925
02_linear,Linear,XGBoost Classifier,0,0,0.004825218
02_linear,Linear,XGBoost Classifier,0,0,9.476703e-05
02_linear,Linear,XGBoost Classifier,0,0,0.0019494708
02_linear,Linear,XGBoost Classifier,1,1,0.9942655
02_linear,Linear,XGBoost Classifier,0,0,0.000121897756
02_linear,Linear,XGBoost Classifier,0,0,0.00087059505
02_linear,Linear,XGBoost Classifier,0,0,0.00019313268
02_linear,Linear,XGBoost Classifier,0,0,0.000647356
02_linear,Linear,XGBoost Classifier,1,1,0.9999925
02_linear,Linear,XGBoost Classifier,0,1,0.9873997
02_linear,Linear,XGBoost Classifier,0,0,7.4207856e-06
02_linear,Linear,XGBoost Classifier,1,1,0.99994683
02_linear,Linear,XGBoost Classifier,0,0,0.00051089353
02_linear,Linear,XGBoost Classifier,0,0,0.001572564
02_linear,Linear,XGBoost Classifier,1,1,0.9999938
02_linear,Linear,XGBoost Classifier,1,1,0.95267767
02_linear,Linear,XGBoost Classifier,0,0,1.662145e-05
02_linear,Linear,XGBoost Classifier,0,0,0.00037589594
02_linear,Linear,XGBoost Classifier,0,0,0.00013839694
02_linear,Linear,XGBoost Classifier,0,0,0.00032004065
02_linear,Linear,XGBoost Classifier,0,0,0.00086319563
02_linear,Linear,XGBoost Classifier,0,0,0.0014881975
02_linear,Linear,XGBoost Classifier,0,0,0.007803858
02_linear,Linear,XGBoost Classifier,0,0,0.02115513
02_linear,Linear,XGBoost Classifier,0,0,0.0006022178
02_linear,Linear,XGBoost Classifier,0,0,0.00012245907
02_linear,Linear,XGBoost Classifier,1,1,0.9999521
02_linear,Linear,XGBoost Classifier,1,1,0.99999917
02_linear,Linear,XGBoost Classifier,0,0,0.002660828
02_linear,Linear,XGBoost Classifier,0,0,0.0026315914
02_linear,Linear,XGBoost Classifier,0,0,0.0010075523
02_linear,Linear,XGBoost Classifier,1,1,0.99999213
02_linear,Linear,XGBoost Classifier,0,0,0.0156943
02_linear,Linear,XGBoost Classifier,0,0,0.00023680746
02_linear,Linear,XGBoost Classifier,1,1,0.9999677
02_linear,Linear,XGBoost Classifier,1,1,0.99990606
02_linear,Linear,XGBoost Classifier,0,0,0.046993803
02_linear,Linear,XGBoost Classifier,0,0,0.10468632
02_linear,Linear,XGBoost Classifier,0,0,0.0059466986
02_linear,Linear,XGBoost Classifier,1,1,0.9999573
02_linear,Linear,XGBoost Classifier,0,0,4.749386e-05
02_linear,Linear,XGBoost Classifier,0,0,0.0010815262
02_linear,Linear,XGBoost Classifier,0,0,0.00015887296
02_linear,Linear,XGBoost Classifier,0,0,0.00028625742
02_linear,Linear,XGBoost Classifier,0,0,0.0036304751
02_linear,Linear,XGBoost Classifier,0,0,0.0014196477
02_linear,Linear,XGBoost Classifier,0,0,0.00078935205
02_linear,Linear,XGBoost Classifier,0,0,0.24723709
02_linear,Linear,XGBoost Classifier,1,1,0.9999852
02_linear,Linear,XGBoost Classifier,0,0,0.009856071
02_linear,Linear,XGBoost Classifier,1,1,0.9999875
02_linear,Linear,XGBoost Classifier,0,0,0.0012300671
02_linear,Linear,XGBoost Classifier,0,0,0.00017248947
02_linear,Linear,XGBoost Classifier,0,0,0.053780254
02_linear,Linear,XGBoost Classifier,0,0,0.00036029692
02_linear,Linear,XGBoost Classifier,1,1,0.99997485
02_linear,Linear,XGBoost Classifier,1,1,0.9999962
02_linear,Linear,XGBoost Classifier,0,0,0.00014998164
02_linear,Linear,XGBoost Classifier,1,1,0.99929583
02_linear,Linear,XGBoost Classifier,0,0,3.3484237e-06
02_linear,Linear,XGBoost Classifier,0,0,0.09977971
02_linear,Linear,XGBoost Classifier,1,1,0.99999654
02_linear,Linear,XGBoost Classifier,0,0,6.664289e-05
02_linear,Linear,XGBoost Classifier,0,0,7.741022e-05
02_linear,Linear,XGBoost Classifier,0,0,0.0017012042
02_linear,Linear,XGBoost Classifier,0,0,9.5185635e-05
02_linear,Linear,XGBoost Classifier,1,1,0.99999845
02_linear,Linear,XGBoost Classifier,0,0,7.7299424e-05
02_linear,Linear,XGBoost Classifier,0,0,0.0005120219
02_linear,Linear,XGBoost Classifier,0,0,2.1018506e-05
02_linear,Linear,XGBoost Classifier,0,0,0.0022084287
02_linear,Linear,XGBoost Classifier,0,0,4.1773397e-05
02_linear,Linear,XGBoost Classifier,0,0,0.0005422382
02_linear,Linear,XGBoost Classifier,1,1,0.6800054
02_linear,Linear,XGBoost Classifier,0,0,0.0122563625
02_linear,Linear,XGBoost Classifier,0,0,5.98793e-05
02_linear,Linear,XGBoost Classifier,0,0,0.0014133293
02_linear,Linear,XGBoost Classifier,0,0,0.007125672
02_linear,Linear,XGBoost Classifier,0,0,6.421291e-05
02_linear,Linear,XGBoost Classifier,0,0,0.027572827
02_linear,Linear,XGBoost Classifier,0,0,4.7540445e-05
02_linear,Linear,XGBoost Classifier,0,0,0.00012972864
02_linear,Linear,XGBoost Classifier,1,1,0.99951553
02_linear,Linear,XGBoost Classifier,0,0,0.00018664796
02_linear,Linear,XGBoost Classifier,0,0,5.5840443e-05
02_linear,Linear,XGBoost Classifier,0,0,0.0010170519
02_linear,Linear,XGBoost Classifier,0,0,5.836875e-05
02_linear,Linear,XGBoost Classifier,0,0,0.00053480675
02_linear,Linear,XGBoost Classifier,0,0,0.0028173162
02_linear,Linear,XGBoost Classifier,0,0,0.0002784822
02_linear,Linear,XGBoost Classifier,0,0,1.932664e-05
02_linear,Linear,XGBoost Classifier,1,1,0.99997044
02_linear,Linear,XGBoost Classifier,0,0,0.00029496726
02_linear,Linear,XGBoost Classifier,1,1,0.9999957
02_linear,Linear,XGBoost Classifier,0,0,0.003135897
02_linear,Linear,XGBoost Classifier,1,0,0.17668468
02_linear,Linear,XGBoost Classifier,1,0,0.43238625
02_linear,Linear,XGBoost Classifier,0,0,3.4135348e-05
02_linear,Linear,XGBoost Classifier,0,0,1.7303008e-05
02_linear,Linear,XGBoost Classifier,1,1,0.85895675
02_linear,Linear,XGBoost Classifier,0,0,2.4580668e-06
02_linear,Linear,XGBoost Classifier,0,0,0.0030161622
02_linear,Linear,XGBoost Classifier,0,0,0.013566162
02_linear,Linear,XGBoost Classifier,0,0,0.0004413198
02_linear,Linear,XGBoost Classifier,0,0,0.005596486
02_linear,Linear,XGBoost Classifier,0,0,0.000122011246
02_linear,Linear,XGBoost Classifier,1,1,0.99983966
02_linear,Linear,XGBoost Classifier,0,0,2.338882e-05
02_linear,Linear,XGBoost Classifier,0,0,0.01571367
02_linear,Linear,XGBoost Classifier,0,0,0.003868656
02_linear,Linear,XGBoost Classifier,1,1,0.9679612
02_linear,Linear,XGBoost Classifier,0,0,6.841993e-05
02_linear,Linear,XGBoost Classifier,0,0,4.036308e-05
02_linear,Linear,XGBoost Classifier,0,0,3.287741e-05
02_linear,Linear,XGBoost Classifier,1,1,0.9423977
02_linear,Linear,XGBoost Classifier,0,0,0.000111070316
02_linear,Linear,XGBoost Classifier,1,1,0.9999882
02_linear,Linear,XGBoost Classifier,1,1,0.9999943
02_linear,Linear,XGBoost Classifier,1,1,0.98439056
02_linear,Linear,XGBoost Classifier,1,0,0.4815489
02_linear,Linear,XGBoost Classifier,1,1,0.9999913
02_linear,Linear,XGBoost Classifier,1,1,0.9999682
02_linear,Linear,XGBoost Classifier,1,1,0.99999964
02_linear,Linear,XGBoost Classifier,0,0,0.0138413245
02_linear,Linear,XGBoost Classifier,0,0,0.00082457555
02_linear,Linear,XGBoost Classifier,0,0,0.0015510258
02_linear,Linear,XGBoost Classifier,0,0,0.00042158694
02_linear,Linear,XGBoost Classifier,0,0,0.025236119
02_linear,Linear,XGBoost Classifier,0,0,0.001043391
02_linear,Linear,XGBoost Classifier,0,0,7.2750336e-05
02_linear,Linear,XGBoost Classifier,0,0,0.00013228055
02_linear,Linear,XGBoost Classifier,0,0,0.010909086
02_linear,Linear,XGBoost Classifier,1,1,0.99998987
02_linear,Linear,XGBoost Classifier,1,1,0.96511203
02_linear,Linear,XGBoost Classifier,0,0,0.016509175
02_linear,Linear,XGBoost Classifier,0,0,7.7657765e-05
02_linear,Linear,XGBoost Classifier,0,0,2.9555722e-06
02_linear,Linear,XGBoost Classifier,1,1,0.98971444
02_linear,Linear,XGBoost Classifier,1,1,0.9999913
02_linear,Linear,XGBoost Classifier,0,0,0.013792238
02_linear,Linear,XGBoost Classifier,0,0,0.0043144277
02_linear,Linear,XGBoost Classifier,0,0,4.0472813e-05
02_linear,Linear,XGBoost Classifier,0,0,0.00039534693
02_linear,Linear,XGBoost Classifier,0,0,8.40075e-07
02_linear,Linear,XGBoost Classifier,0,0,0.00022028394
02_linear,Linear,XGBoost Classifier,1,1,0.99999094
02_linear,Linear,XGBoost Classifier,0,0,4.7948474e-06
02_linear,Linear,XGBoost Classifier,0,0,0.00061538187
02_linear,Linear,XGBoost Classifier,0,0,5.7989044e-05
02_linear,Linear,XGBoost Classifier,0,0,0.0013177526
02_linear,Linear,XGBoost Classifier,0,1,0.9731077
02_linear,Linear,XGBoost Classifier,0,0,0.00035082884
02_linear,Linear,XGBoost Classifier,0,0,0.0047467467
02_linear,Linear,XGBoost Classifier,1,1,0.99952567
02_linear,Linear,XGBoost Classifier,1,1,0.99997795
02_linear,Linear,XGBoost Classifier,1,0,0.15972227
02_linear,Linear,XGBoost Classifier,0,0,0.0038896867
02_linear,Linear,XGBoost Classifier,0,0,0.00031844704
02_linear,Linear,XGBoost Classifier,0,0,0.00028470435
02_linear,Linear,XGBoost Classifier,1,1,0.9999802
02_linear,Linear,XGBoost Classifier,0,0,0.42873383
02_linear,Linear,XGBoost Classifier,1,1,0.97003573
02_linear,Linear,XGBoost Classifier,1,1,0.99999976
02_linear,Linear,XGBoost Classifier,1,1,0.999818
02_linear,Linear,XGBoost Classifier,1,1,0.99991775
02_linear,Linear,XGBoost Classifier,0,0,0.00050222996
02_linear,Linear,XGBoost Classifier,0,0,3.4065204e-05
02_linear,Linear,XGBoost Classifier,0,0,0.00070555316
02_linear,Linear,XGBoost Classifier,0,0,0.00045032223
02_linear,Linear,XGBoost Classifier,0,0,5.1738087e-05
02_linear,Linear,XGBoost Classifier,0,0,0.00040750418
02_linear,Linear,XGBoost Classifier,0,0,9.151677e-05
02_linear,Linear,XGBoost Classifier,0,0,7.8295234e-05
02_linear,Linear,XGBoost Classifier,0,0,0.0001579106
02_linear,Linear,XGBoost Classifier,0,0,2.6759531e-05
02_linear,Linear,XGBoost Classifier,0,0,0.0005965636
02_linear,Linear,XGBoost Classifier,1,1,0.99997604
02_linear,Linear,XGBoost Classifier,0,0,0.0044187577
02_linear,Linear,XGBoost Classifier,1,1,0.99999547
02_linear,Linear,XGBoost Classifier,0,0,0.00032893656
02_linear,Linear,XGBoost Classifier,0,0,0.0026916284
02_linear,Linear,XGBoost Classifier,0,0,5.9555616e-05
02_linear,Linear,XGBoost Classifier,0,0,0.00026880173
02_linear,Linear,XGBoost Classifier,0,0,5.0555594e-05
02_linear,Linear,XGBoost Classifier,1,1,0.9999933
02_linear,Linear,XGBoost Classifier,0,0,0.0372926
02_linear,Linear,XGBoost Classifier,1,1,0.9999962
02_linear,Linear,XGBoost Classifier,0,0,0.0005770257
02_linear,Linear,XGBoost Classifier,0,0,0.00010290686
02_linear,Linear,XGBoost Classifier,0,0,7.969801e-05
02_linear,Linear,XGBoost Classifier,0,0,0.0019624934
02_linear,Linear,XGBoost Classifier,0,0,4.9776418e-06
02_linear,Linear,XGBoost Classifier,1,1,0.99751294
02_linear,Linear,XGBoost Classifier,0,0,3.446431e-05
02_linear,Linear,XGBoost Classifier,0,0,0.00014222394
02_linear,Linear,XGBoost Classifier,0,1,0.99423534
02_linear,Linear,XGBoost Classifier,0,0,4.4731296e-05
02_linear,Linear,XGBoost Classifier,0,0,0.001088976
02_linear,Linear,XGBoost Classifier,0,0,0.13874164
02_linear,Linear,XGBoost Classifier,0,0,0.0011378917
02_linear,Linear,XGBoost Classifier,0,0,0.00031283317
02_linear,Linear,XGBoost Classifier,0,0,0.0075894967
02_linear,Linear,XGBoost Classifier,0,0,0.0019183836
02_linear,Linear,XGBoost Classifier,0,0,0.0020544073
02_linear,Linear,XGBoost Classifier,0,0,1.6127902e-05
02_linear,Linear,XGBoost Classifier,0,0,0.00013513598
02_linear,Linear,XGBoost Classifier,0,0,0.050807163
02_linear,Linear,XGBoost Classifier,0,0,7.518602e-05
02_linear,Linear,XGBoost Classifier,0,0,0.0011390721
02_linear,Linear,XGBoost Classifier,0,0,1.28018955e-05
02_linear,Linear,XGBoost Classifier,0,0,2.3592114e-05
02_linear,Linear,XGBoost Classifier,1,1,0.99903166
02_linear,Linear,XGBoost Classifier,1,1,0.99999154
02_linear,Linear,XGBoost Classifier,0,0,9.232006e-06
02_linear,Linear,XGBoost Classifier,0,0,0.00035955373
02_linear,Linear,XGBoost Classifier,0,0,0.001698846
02_linear,Linear,XGBoost Classifier,0,0,2.4407214e-05
02_linear,Linear,XGBoost Classifier,0,0,0.0411199
02_linear,Linear,XGBoost Classifier,0,0,0.0012355626
02_linear,Linear,XGBoost Classifier,0,0,0.006557999
02_linear,Linear,XGBoost Classifier,0,0,0.004463347
02_linear,Linear,XGBoost Classifier,1,1,0.99611557
02_linear,Linear,XGBoost Classifier,0,0,5.5225323e-06
02_linear,Linear,XGBoost Classifier,0,0,0.0015536553
02_linear,Linear,XGBoost Classifier,0,0,6.755824e-06
02_linear,Linear,XGBoost Classifier,0,0,0.0018728364
02_linear,Linear,XGBoost Classifier,0,0,4.7832298e-05
02_linear,Linear,XGBoost Classifier,1,1,0.99949014
02_linear,Linear,XGBoost Classifier,0,0,0.000602198
02_linear,Linear,XGBoost Classifier,0,0,0.0011202375
02_linear,Linear,XGBoost Classifier,0,0,0.00019143132
02_linear,Linear,XGBoost Classifier,0,0,9.1742906e-05
02_linear,Linear,XGBoost Classifier,0,0,0.00046011203
02_linear,Linear,XGBoost Classifier,0,0,7.0493916e-05
02_linear,Linear,XGBoost Classifier,0,0,0.0010824106
02_linear,Linear,XGBoost Classifier,0,0,8.5724074e-05
02_linear,Linear,XGBoost Classifier,0,0,2.2777156e-05
02_linear,Linear,XGBoost Classifier,0,0,0.0011238144
02_linear,Linear,XGBoost Classifier,1,1,0.99999523
02_linear,Linear,XGBoost Classifier,0,0,0.0009935522
02_linear,Linear,XGBoost Classifier,0,0,0.00093444734
02_linear,Linear,XGBoost Classifier,1,1,0.9997259
02_linear,Linear,XGBoost Classifier,0,0,0.004554693
02_linear,Linear,XGBoost Classifier,1,1,0.9888362
02_linear,Linear,XGBoost Classifier,1,1,0.99943656
02_linear,Linear,XGBoost Classifier,0,0,0.0007143503
02_linear,Linear,XGBoost Classifier,0,0,8.463935e-05
02_linear,Linear,XGBoost Classifier,0,0,0.019175792
02_linear,Linear,XGBoost Classifier,1,1,0.718023
02_linear,Linear,XGBoost Classifier,0,0,0.00015649931
02_linear,Linear,XGBoost Classifier,1,1,0.5545293
02_linear,Linear,XGBoost Classifier,0,0,0.000759823
02_linear,Linear,XGBoost Classifier,0,0,0.0008412459
02_linear,Linear,XGBoost Classifier,0,0,5.6048186e-05
02_linear,Linear,XGBoost Classifier,0,0,0.0042925305
02_linear,Linear,XGBoost Classifier,0,0,9.443343e-05
02_linear,Linear,XGBoost Classifier,1,1,0.9999945
02_linear,Linear,XGBoost Classifier,0,0,0.00095027406
02_linear,Linear,XGBoost Classifier,1,1,0.99938905
02_linear,Linear,XGBoost Classifier,0,0,0.001602439
02_linear,Linear,XGBoost Classifier,1,1,0.9999974
02_linear,Linear,XGBoost Classifier,0,0,7.883006e-05
02_linear,Linear,XGBoost Classifier,0,0,0.0007376707
02_linear,Linear,XGBoost Classifier,0,0,0.0030097382
02_linear,Linear,XGBoost Classifier,0,0,4.4400775e-05
02_linear,Linear,XGBoost Classifier,0,0,0.0016185143
02_linear,Linear,XGBoost Classifier,0,0,0.00012022873
02_linear,Linear,XGBoost Classifier,0,1,0.9764191
02_linear,Linear,XGBoost Classifier,1,1,0.9997713
02_linear,Linear,XGBoost Classifier,0,0,0.00021794387
02_linear,Linear,XGBoost Classifier,0,0,0.00024028773
02_linear,Linear,XGBoost Classifier,0,0,0.1746851
02_linear,Linear,XGBoost Classifier,0,0,0.015313867
02_linear,Linear,XGBoost Classifier,0,0,9.815303e-06
02_linear,Linear,XGBoost Classifier,0,0,0.0005625246
02_linear,Linear,XGBoost Classifier,0,0,0.014213075
02_linear,Linear,XGBoost Classifier,1,1,0.9999944
02_linear,Linear,XGBoost Classifier,0,0,5.4015618e-05
02_linear,Linear,XGBoost Classifier,0,0,0.00037377942
02_linear,Linear,XGBoost Classifier,1,1,0.9999918
02_linear,Linear,XGBoost Classifier,0,0,0.000103271756
02_linear,Linear,XGBoost Classifier,0,0,0.002420527
02_linear,Linear,XGBoost Classifier,0,0,0.00041874038
02_linear,Linear,XGBoost Classifier,0,0,0.0018217104
02_linear,Linear,XGBoost Classifier,1,1,0.9997495
02_linear,Linear,XGBoost Classifier,0,0,0.2154299
02_linear,Linear,XGBoost Classifier,0,0,4.054842e-05
02_linear,Linear,XGBoost Classifier,1,1,0.99990535
02_linear,Linear,XGBoost Classifier,0,0,7.835569e-06
02_linear,Linear,XGBoost Classifier,1,1,0.99843806
02_linear,Linear,XGBoost Classifier,1,1,0.999997
02_linear,Linear,XGBoost Classifier,1,1,0.9998791
02_linear,Linear,XGBoost Classifier,0,0,0.0016746831
02_linear,Linear,XGBoost Classifier,0,0,2.372073e-05
02_linear,Linear,XGBoost Classifier,0,0,0.00029286757
02_linear,Linear,XGBoost Classifier,1,1,0.9999697
02_linear,Linear,XGBoost Classifier,0,0,1.3557684e-06
02_linear,Linear,XGBoost Classifier,0,0,0.0016129253
02_linear,Linear,XGBoost Classifier,1,1,0.9999994
02_linear,Linear,XGBoost Classifier,0,0,8.46375e-05
02_linear,Linear,XGBoost Classifier,0,0,0.00029991957
02_linear,Linear,XGBoost Classifier,1,1,0.999736
02_linear,Linear,XGBoost Classifier,1,1,0.9999765
02_linear,Linear,XGBoost Classifier,0,0,0.0010059644
02_linear,Linear,XGBoost Classifier,1,1,0.9494712
02_linear,Linear,XGBoost Classifier,0,0,0.0377623
02_linear,Linear,XGBoost Classifier,1,1,0.9999987
02_linear,Linear,XGBoost Classifier,0,0,6.247723e-05
02_linear,Linear,XGBoost Classifier,0,0,0.000110994086
02_linear,Linear,XGBoost Classifier,0,0,0.017652135
02_linear,Linear,XGBoost Classifier,0,0,0.0011222082
02_linear,Linear,XGBoost Classifier,0,0,0.0008532424
02_linear,Linear,XGBoost Classifier,0,0,0.00045505166
02_linear,Linear,XGBoost Classifier,0,0,0.0023889043
02_linear,Linear,XGBoost Classifier,1,1,0.9998222
02_linear,Linear,XGBoost Classifier,0,0,0.0001574244
02_linear,Linear,XGBoost Classifier,0,0,0.00023364187
02_linear,Linear,XGBoost Classifier,0,0,0.00018843668
02_linear,Linear,XGBoost Classifier,0,0,0.00012293571
02_linear,Linear,XGBoost Classifier,0,0,4.0740942e-05
02_linear,Linear,XGBoost Classifier,1,1,0.99999356
02_linear,Linear,XGBoost Classifier,0,0,2.8264549e-06
02_linear,Linear,XGBoost Classifier,1,1,0.999985
02_linear,Linear,XGBoost Classifier,0,0,4.2863565e-05
02_linear,Linear,XGBoost Classifier,0,0,3.4347275e-05
02_linear,Linear,XGBoost Classifier,0,0,6.263394e-05
02_linear,Linear,XGBoost Classifier,0,0,5.3285337e-05
02_linear,Linear,XGBoost Classifier,0,0,8.937098e-05
02_linear,Linear,XGBoost Classifier,1,1,0.99960536
02_linear,Linear,XGBoost Classifier,0,0,0.06407866
02_linear,Linear,XGBoost Classifier,0,0,0.00028049375
02_linear,Linear,XGBoost Classifier,1,1,0.969361
02_linear,Linear,XGBoost Classifier,0,0,8.2812905e-05
02_linear,Linear,XGBoost Classifier,0,0,2.906808e-05
02_linear,Linear,XGBoost Classifier,0,0,0.0002264074
02_linear,Linear,XGBoost Classifier,1,1,0.8824674
02_linear,Linear,XGBoost Classifier,0,0,0.25698763
02_linear,Linear,XGBoost Classifier,1,1,0.9999982
02_linear,Linear,XGBoost Classifier,0,0,0.00011622704
02_linear,Linear,XGBoost Classifier,0,0,0.00034968538
02_linear,Linear,XGBoost Classifier,1,1,0.999998
02_linear,Linear,XGBoost Classifier,0,0,0.0011204729
02_linear,Linear,XGBoost Classifier,0,0,0.0028972616
02_linear,Linear,XGBoost Classifier,1,1,0.9999924
02_linear,Linear,XGBoost Classifier,0,0,0.0014581576
02_linear,Linear,XGBoost Classifier,0,0,1.7477823e-05
02_linear,Linear,XGBoost Classifier,0,0,0.00073704775
02_linear,Linear,XGBoost Classifier,0,0,0.010405554
02_linear,Linear,XGBoost Classifier,1,1,0.99968004
02_linear,Linear,XGBoost Classifier,0,0,7.7868586e-05
02_linear,Linear,XGBoost Classifier,0,0,0.12689021
02_linear,Linear,XGBoost Classifier,0,0,0.0032776883
02_linear,Linear,XGBoost Classifier,0,0,0.001589997
02_linear,Linear,XGBoost Classifier,0,0,0.0008271194
02_linear,Linear,XGBoost Classifier,1,1,0.999653
02_linear,Linear,XGBoost Classifier,1,1,0.8330577
02_linear,Linear,XGBoost Classifier,1,1,0.9997309
02_linear,Linear,XGBoost Classifier,0,0,0.00021226208
02_linear,Linear,XGBoost Classifier,0,0,0.0031121932
02_linear,Linear,XGBoost Classifier,0,0,0.11485824
02_linear,Linear,XGBoost Classifier,0,0,0.003446361
02_linear,Linear,XGBoost Classifier,0,0,5.825128e-06
02_linear,Linear,XGBoost Classifier,0,0,0.00043699332
02_linear,Linear,XGBoost Classifier,0,0,0.015708456
02_linear,Linear,XGBoost Classifier,0,0,0.00022003791
02_linear,Linear,XGBoost Classifier,0,0,0.00023704894
02_linear,Linear,XGBoost Classifier,1,1,0.5351913
02_linear,Linear,XGBoost Classifier,0,0,0.004126225
02_linear,Linear,XGBoost Classifier,1,1,0.99999607
02_linear,Linear,XGBoost Classifier,1,1,0.9999913
02_linear,Linear,XGBoost Classifier,0,0,0.0013062771
02_linear,Linear,XGBoost Classifier,1,1,0.9999949
02_linear,Linear,XGBoost Classifier,0,0,0.0035359182
02_linear,Linear,XGBoost Classifier,0,0,0.0010949705
02_linear,Linear,XGBoost Classifier,0,0,0.0013827855
02_linear,Linear,XGBoost Classifier,1,1,0.999987
02_linear,Linear,XGBoost Classifier,0,0,7.6826094e-05
02_linear,Linear,XGBoost Classifier,0,0,6.7028086e-06
02_linear,Linear,XGBoost Classifier,0,0,0.00022112502
02_linear,Linear,XGBoost Classifier,1,1,0.99998534
02_linear,Linear,XGBoost Classifier,0,0,0.0002292528
02_linear,Linear,XGBoost Classifier,1,1,0.999997
02_linear,Linear,XGBoost Classifier,1,1,0.99999464
02_linear,Linear,XGBoost Classifier,0,0,0.012110366
02_linear,Linear,XGBoost Classifier,1,1,0.99999857
02_linear,Linear,XGBoost Classifier,1,1,0.99999547
02_linear,Linear,XGBoost Classifier,0,0,0.002378074
02_linear,Linear,XGBoost Classifier,0,0,0.007766542
02_linear,Linear,XGBoost Classifier,0,0,0.0023823595
02_linear,Linear,XGBoost Classifier,0,0,0.00015801935
02_linear,Linear,XGBoost Classifier,1,1,0.9999646
02_linear,Linear,XGBoost Classifier,0,0,7.113612e-05
02_linear,Linear,XGBoost Classifier,1,1,0.8351861
02_linear,Linear,XGBoost Classifier,0,0,0.0013499799
02_linear,Linear,XGBoost Classifier,0,0,0.0080035925
02_linear,Linear,XGBoost Classifier,0,0,5.0868046e-05
02_linear,Linear,XGBoost Classifier,0,0,0.010474778
02_linear,Linear,XGBoost Classifier,1,1,0.99999607
02_linear,Linear,XGBoost Classifier,0,0,9.866357e-06
02_linear,Linear,XGBoost Classifier,1,1,0.9990916
02_linear,Linear,XGBoost Classifier,0,0,0.006760357
02_linear,Linear,XGBoost Classifier,0,0,0.0009763076
02_linear,Linear,XGBoost Classifier,0,0,0.0001137583
02_linear,Linear,XGBoost Classifier,0,0,0.00016857896
02_linear,Linear,XGBoost Classifier,0,0,2.8613502e-05
02_linear,Linear,XGBoost Classifier,0,0,0.00017479515
02_linear,Linear,XGBoost Classifier,1,1,0.99998903
02_linear,Linear,XGBoost Classifier,0,0,0.00042769522
02_linear,Linear,XGBoost Classifier,0,0,2.1248217e-05
02_linear,Linear,XGBoost Classifier,1,1,0.999992
02_linear,Linear,XGBoost Classifier,0,1,0.5226926
02_linear,Linear,XGBoost Classifier,0,0,0.00032829776
02_linear,Linear,XGBoost Classifier,0,1,0.9856894
02_linear,Linear,XGBoost Classifier,0,0,1.861262e-05
02_linear,Linear,XGBoost Classifier,0,0,8.2070386e-05
02_linear,Linear,XGBoost Classifier,1,1,0.9905054
02_linear,Linear,XGBoost Classifier,0,0,0.005782938
02_linear,Linear,XGBoost Classifier,0,0,0.007645132
02_linear,Linear,XGBoost Classifier,1,1,0.9999546
02_linear,Linear,XGBoost Classifier,0,0,0.0257763
02_linear,Linear,XGBoost Classifier,0,0,0.00019555664
02_linear,Linear,XGBoost Classifier,1,1,0.9991566
02_linear,Linear,XGBoost Classifier,0,0,7.145492e-05
02_linear,Linear,XGBoost Classifier,1,1,0.9999939
02_linear,Linear,XGBoost Classifier,0,0,0.17101526
02_linear,Linear,XGBoost Classifier,0,0,0.0002601202
02_linear,Linear,XGBoost Classifier,0,0,0.00045942588
02_linear,Linear,XGBoost Classifier,0,0,0.0016690245
02_linear,Linear,XGBoost Classifier,1,1,0.99999416
02_linear,Linear,XGBoost Classifier,0,0,0.0007581522
02_linear,Linear,XGBoost Classifier,1,1,0.9999995
02_linear,Linear,XGBoost Classifier,0,0,0.0009326418
02_linear,Linear,XGBoost Classifier,0,0,1.4154774e-05
02_linear,Linear,XGBoost Classifier,0,0,0.00064802327
02_linear,Linear,XGBoost Classifier,0,0,0.43846458
02_linear,Linear,XGBoost Classifier,0,0,0.00011939427
02_linear,Linear,XGBoost Classifier,1,1,0.99956805
02_linear,Linear,XGBoost Classifier,0,1,0.9015467
02_linear,Linear,XGBoost Classifier,0,0,7.1107504e-05
02_linear,Linear,XGBoost Classifier,1,1,0.99999905
02_linear,Linear,XGBoost Classifier,0,0,0.018664956
02_linear,Linear,XGBoost Classifier,0,0,0.00031143217
02_linear,Linear,XGBoost Classifier,1,1,0.9984579
02_linear,Linear,XGBoost Classifier,0,0,0.0012292671
02_linear,Linear,XGBoost Classifier,0,0,7.9979174e-05
02_linear,Linear,XGBoost Classifier,0,0,9.4626885e-05
02_linear,Linear,XGBoost Classifier,0,0,0.00022588106
02_linear,Linear,XGBoost Classifier,0,0,0.018492412
02_linear,Linear,XGBoost Classifier,0,0,0.002606343
02_linear,Linear,XGBoost Classifier,0,0,0.00033794995
02_linear,Linear,XGBoost Classifier,0,0,0.004025255
02_linear,Linear,XGBoost Classifier,0,0,0.14168718
02_linear,Linear,XGBoost Classifier,0,0,5.220983e-05
02_linear,Linear,XGBoost Classifier,0,0,0.00019678984
02_linear,Linear,XGBoost Classifier,0,0,0.08922707
02_linear,Linear,XGBoost Classifier,0,0,0.0012307967
02_linear,Linear,XGBoost Classifier,0,0,0.010440828
02_linear,Linear,XGBoost Classifier,1,1,0.9999902
02_linear,Linear,XGBoost Classifier,0,0,1.7403576e-05
02_linear,Linear,XGBoost Classifier,0,0,0.002783993
02_linear,Linear,XGBoost Classifier,1,1,0.99999034
02_linear,Linear,XGBoost Classifier,1,1,0.99997985
02_linear,Linear,XGBoost Classifier,0,0,6.499016e-05
02_linear,Linear,XGBoost Classifier,0,0,0.007309691
02_linear,Linear,XGBoost Classifier,0,0,0.0016530394
02_linear,Linear,XGBoost Classifier,0,0,0.44310576
02_linear,Linear,XGBoost Classifier,0,0,6.745638e-05
02_linear,Linear,XGBoost Classifier,1,1,0.9999883
02_linear,Linear,XGBoost Classifier,0,0,0.0065811216
02_linear,Linear,XGBoost Classifier,1,1,0.99998224
02_linear,Linear,XGBoost Classifier,0,0,0.00454005
02_linear,Linear,XGBoost Classifier,0,0,0.00012107491
02_linear,Linear,XGBoost Classifier,1,1,0.98937196
02_linear,Linear,XGBoost Classifier,0,0,6.692655e-05
02_linear,Linear,XGBoost Classifier,1,1,0.9999974
02_linear,Linear,XGBoost Classifier,0,0,1.7023158e-05
02_linear,Linear,XGBoost Classifier,0,0,8.80786e-06
02_linear,Linear,XGBoost Classifier,1,1,0.9999838
02_linear,Linear,XGBoost Classifier,0,0,0.0031470575
02_linear,Linear,XGBoost Classifier,0,0,0.00017329627
02_linear,Linear,XGBoost Classifier,0,0,0.043496218
02_linear,Linear,XGBoost Classifier,0,1,0.7763382
02_linear,Linear,XGBoost Classifier,0,0,3.6465426e-05
02_linear,Linear,XGBoost Classifier,0,0,7.018182e-05
02_linear,Linear,XGBoost Classifier,0,0,0.0006579085
02_linear,Linear,XGBoost Classifier,1,1,0.999987
02_linear,Linear,XGBoost Classifier,0,0,9.58382e-06
02_linear,Linear,XGBoost Classifier,0,0,2.4698134e-06
02_linear,Linear,XGBoost Classifier,0,0,6.0548886e-05
02_linear,Linear,XGBoost Classifier,0,0,1.0925424e-05
02_linear,Linear,XGBoost Classifier,0,0,0.002071159
02_linear,Linear,XGBoost Classifier,0,0,0.017472478
02_linear,Linear,XGBoost Classifier,0,0,0.00029800646
02_linear,Linear,XGBoost Classifier,0,0,0.034953035
02_linear,Linear,XGBoost Classifier,0,0,0.0013312225
02_linear,Linear,XGBoost Classifier,0,0,0.0026953404
02_linear,Linear,XGBoost Classifier,1,1,0.9999949
02_linear,Linear,XGBoost Classifier,1,1,0.99999666
02_linear,Linear,XGBoost Classifier,1,1,0.99991
02_linear,Linear,XGBoost Classifier,1,1,0.9998043
02_linear,Linear,XGBoost Classifier,1,1,0.99998236
02_linear,Linear,XGBoost Classifier,0,0,2.5630961e-05
02_linear,Linear,XGBoost Classifier,1,1,0.99991846
02_linear,Linear,XGBoost Classifier,0,0,1.8136045e-05
02_linear,Linear,XGBoost Classifier,0,0,0.00029572274
02_linear,Linear,XGBoost Classifier,0,0,0.0024037391
02_linear,Linear,XGBoost Classifier,0,0,0.00022538217
02_linear,Linear,XGBoost Classifier,0,0,0.0012947842
02_linear,Linear,XGBoost Classifier,0,0,0.00030821728
02_linear,Linear,XGBoost Classifier,0,1,0.6451599
02_linear,Linear,XGBoost Classifier,0,0,5.5637604e-05
02_linear,Linear,XGBoost Classifier,1,1,0.99999344
02_linear,Linear,XGBoost Classifier,0,0,2.6332918e-05
02_linear,Linear,XGBoost Classifier,1,1,0.9992829
02_linear,Linear,XGBoost Classifier,1,1,0.99998677
02_linear,Linear,XGBoost Classifier,1,1,0.99931777
02_linear,Linear,XGBoost Classifier,0,0,0.0007783526
02_linear,Linear,XGBoost Classifier,0,0,0.05845613
02_linear,Linear,XGBoost Classifier,0,0,4.4060052e-06
02_linear,Linear,XGBoost Classifier,0,0,5.339637e-06
02_linear,Linear,XGBoost Classifier,0,0,0.0004312032
02_linear,Linear,XGBoost Classifier,0,0,2.7577895e-05
02_linear,Linear,XGBoost Classifier,0,0,6.241202e-05
02_linear,Linear,XGBoost Classifier,0,0,0.00021568891
02_linear,Linear,XGBoost Classifier,0,0,0.00020268119
02_linear,Linear,XGBoost Classifier,0,0,9.611478e-05
02_linear,Linear,XGBoost Classifier,0,0,2.1045564e-05
02_linear,Linear,XGBoost Classifier,0,0,0.023347115
02_linear,Linear,XGBoost Classifier,0,0,0.103591464
02_linear,Linear,XGBoost Classifier,0,0,0.052486755
02_linear,Linear,XGBoost Classifier,0,0,0.0040810616
02_linear,Linear,XGBoost Classifier,1,1,0.9999975
02_linear,Linear,XGBoost Classifier,0,0,0.00018592662
02_linear,Linear,XGBoost Classifier,0,0,0.0022467107
02_linear,Linear,XGBoost Classifier,0,0,1.8833936e-05
02_linear,Linear,XGBoost Classifier,0,0,0.007740016
02_linear,Linear,XGBoost Classifier,0,0,3.4877316e-06
02_linear,Linear,XGBoost Classifier,1,1,0.96703357
02_linear,Linear,XGBoost Classifier,0,0,0.020995121
02_linear,Linear,XGBoost Classifier,0,0,0.00050717924
02_linear,Linear,XGBoost Classifier,0,0,0.00030738683
02_linear,Linear,XGBoost Classifier,0,0,0.0005134886
02_linear,Linear,XGBoost Classifier,0,0,5.0427654e-05
02_linear,Linear,XGBoost Classifier,0,1,0.9999416
02_linear,Linear,XGBoost Classifier,1,1,0.99998856
02_linear,Linear,XGBoost Classifier,0,0,8.5143205e-05
02_linear,Linear,XGBoost Classifier,0,0,0.0005522312
02_linear,Linear,XGBoost Classifier,0,0,7.355191e-05
02_linear,Linear,XGBoost Classifier,0,0,0.00019805442
02_linear,Linear,XGBoost Classifier,0,0,9.263571e-06
02_linear,Linear,XGBoost Classifier,1,1,0.9999701
02_linear,Linear,XGBoost Classifier,1,1,0.99997044
02_linear,Linear,XGBoost Classifier,1,1,0.9999509
02_linear,Linear,XGBoost Classifier,0,0,1.2829616e-05
02_linear,Linear,XGBoost Classifier,1,1,0.9999583
02_linear,Linear,XGBoost Classifier,0,0,0.0009394586
02_linear,Linear,XGBoost Classifier,0,0,0.00015396574
02_linear,Linear,XGBoost Classifier,0,0,0.00074687693
02_linear,Linear,XGBoost Classifier,0,0,0.00013291284
02_linear,Linear,XGBoost Classifier,0,0,0.00018281351
02_linear,Linear,XGBoost Classifier,0,0,0.0036015199
02_linear,Linear,XGBoost Classifier,0,0,0.0040396694
02_linear,Linear,XGBoost Classifier,0,0,6.346219e-05
02_linear,Linear,XGBoost Classifier,0,0,0.0015945096
02_linear,Linear,XGBoost Classifier,1,1,0.99999726
02_linear,Linear,XGBoost Classifier,1,1,0.99998665
02_linear,Linear,XGBoost Classifier,0,0,0.00048798666
02_linear,Linear,XGBoost Classifier,1,1,0.99999726
02_linear,Linear,XGBoost Classifier,0,0,0.00034092026
02_linear,Linear,XGBoost Classifier,0,0,0.0026913085
02_linear,Linear,XGBoost Classifier,0,0,0.0024783104
02_linear,Linear,XGBoost Classifier,0,0,3.960024e-05
02_linear,Linear,XGBoost Classifier,0,0,5.914265e-06
02_linear,Linear,XGBoost Classifier,0,0,0.00050170673
02_linear,Linear,XGBoost Classifier,0,0,3.5275054e-05
02_linear,Linear,XGBoost Classifier,0,0,0.0011434414
02_linear,Linear,XGBoost Classifier,0,0,0.00019442532
02_linear,Linear,XGBoost Classifier,0,1,0.74480945
02_linear,Linear,XGBoost Classifier,0,0,0.009570648
02_linear,Linear,XGBoost Classifier,0,0,7.6025666e-05
02_linear,Linear,XGBoost Classifier,0,0,1.0856667e-05
02_linear,Linear,XGBoost Classifier,0,0,0.07850381
02_linear,Linear,XGBoost Classifier,0,0,0.0005487475
02_linear,Linear,XGBoost Classifier,0,0,1.9991227e-05
02_linear,Linear,XGBoost Classifier,0,0,8.1630955e-05
02_linear,Linear,XGBoost Classifier,0,0,4.435355e-05
02_linear,Linear,XGBoost Classifier,0,0,0.0006795783
02_linear,Linear,XGBoost Classifier,0,0,0.0003760513
02_linear,Linear,XGBoost Classifier,0,0,6.573827e-05
02_linear,Linear,XGBoost Classifier,0,0,0.0012831949
02_linear,Linear,XGBoost Classifier,1,1,0.99998486
02_linear,Linear,XGBoost Classifier,0,0,8.101205e-05
02_linear,Linear,XGBoost Classifier,0,0,0.0035877135
02_linear,Linear,XGBoost Classifier,0,0,1.8499524e-05
02_linear,Linear,XGBoost Classifier,0,0,4.4683147e-06
02_linear,Linear,XGBoost Classifier,0,0,0.052747034
02_linear,Linear,XGBoost Classifier,0,0,0.00010424861
02_linear,Linear,XGBoost Classifier,0,0,0.0008652226
02_linear,Linear,XGBoost Classifier,0,0,1.1647483e-05
02_linear,Linear,XGBoost Classifier,0,0,0.0006629912
02_linear,Linear,XGBoost Classifier,0,0,0.0016225693
02_linear,Linear,XGBoost Classifier,0,0,0.018588604
02_linear,Linear,XGBoost Classifier,1,1,0.9999975
02_linear,Linear,XGBoost Classifier,0,0,0.00010806655
02_linear,Linear,XGBoost Classifier,1,1,0.9999831
02_linear,Linear,XGBoost Classifier,0,0,0.043886814
02_linear,Linear,XGBoost Classifier,0,0,0.052168563
02_linear,Linear,XGBoost Classifier,1,1,0.98813766
02_linear,Linear,XGBoost Classifier,1,1,0.9996778
02_linear,Linear,XGBoost Classifier,1,1,0.99999833
02_linear,Linear,XGBoost Classifier,0,0,7.8704776e-05
02_linear,Linear,XGBoost Classifier,0,0,3.860687e-05
02_linear,Linear,XGBoost Classifier,1,1,0.99999475
02_linear,Linear,XGBoost Classifier,0,0,0.00054601306
02_linear,Linear,XGBoost Classifier,0,0,0.00037562512
02_linear,Linear,XGBoost Classifier,0,0,0.002399293
02_linear,Linear,XGBoost Classifier,0,0,5.6167177e-05
02_linear,Linear,XGBoost Classifier,0,0,9.864074e-05
02_linear,Linear,XGBoost Classifier,0,0,9.334101e-05
02_linear,Linear,XGBoost Classifier,0,0,5.031492e-05
02_linear,Linear,XGBoost Classifier,0,0,0.018001335
02_linear,Linear,XGBoost Classifier,0,0,1.745174e-05
02_linear,Linear,XGBoost Classifier,0,0,0.0014328818
02_linear,Linear,XGBoost Classifier,0,0,0.0011444406
02_linear,Linear,XGBoost Classifier,1,1,0.9999926
02_linear,Linear,XGBoost Classifier,1,1,0.9999925
02_linear,Linear,XGBoost Classifier,0,0,0.0036466056
02_linear,Linear,XGBoost Classifier,0,0,0.00027583423
02_linear,Linear,XGBoost Classifier,0,0,0.031355403
02_linear,Linear,XGBoost Classifier,1,1,0.963404
02_linear,Linear,XGBoost Classifier,1,1,0.9999974
02_linear,Linear,XGBoost Classifier,0,0,6.4428273e-06
02_linear,Linear,XGBoost Classifier,0,0,0.0022624033
02_linear,Linear,XGBoost Classifier,0,0,0.017068645
02_linear,Linear,XGBoost Classifier,0,0,9.935082e-05
02_linear,Linear,XGBoost Classifier,0,0,9.7727614e-05
02_linear,Linear,XGBoost Classifier,1,1,0.99998903
02_linear,Linear,XGBoost Classifier,1,1,0.9999697
02_linear,Linear,XGBoost Classifier,0,0,6.4980435e-05
02_linear,Linear,XGBoost Classifier,1,1,0.99990153
02_linear,Linear,XGBoost Classifier,0,0,7.468958e-06
02_linear,Linear,XGBoost Classifier,0,0,0.0033463577
02_linear,Linear,XGBoost Classifier,0,0,0.013516715
02_linear,Linear,XGBoost Classifier,0,0,0.00025189595
02_linear,Linear,XGBoost Classifier,0,0,6.417288e-05
02_linear,Linear,XGBoost Classifier,0,0,0.00047370596
02_linear,Linear,XGBoost Classifier,0,0,0.005183434
02_linear,Linear,XGBoost Classifier,1,1,0.99999607
02_linear,Linear,XGBoost Classifier,0,0,0.0036900016
02_linear,Linear,XGBoost Classifier,0,0,0.0023529294
02_linear,Linear,XGBoost Classifier,0,0,0.000121971
02_linear,Linear,XGBoost Classifier,0,0,0.00062815985
02_linear,Linear,XGBoost Classifier,0,0,0.0020454717
02_linear,Linear,XGBoost Classifier,1,1,0.99999666
02_linear,Linear,XGBoost Classifier,0,0,0.03242001
02_linear,Linear,XGBoost Classifier,0,0,0.00026787148
02_linear,Linear,XGBoost Classifier,0,0,6.746185e-05
02_linear,Linear,XGBoost Classifier,1,1,0.9975522
02_linear,Linear,XGBoost Classifier,0,0,0.00011158497
02_linear,Linear,XGBoost Classifier,0,0,4.007917e-05
02_linear,Linear,XGBoost Classifier,0,0,7.9859674e-05
02_linear,Linear,XGBoost Classifier,0,0,0.020606846
02_linear,Linear,XGBoost Classifier,0,0,0.00070961256
02_linear,Linear,XGBoost Classifier,0,0,7.063597e-05
02_linear,Linear,XGBoost Classifier,0,0,0.0013592772
02_linear,Linear,XGBoost Classifier,1,1,0.9999107
02_linear,Linear,XGBoost Classifier,0,0,0.0012539309
02_linear,Linear,XGBoost Classifier,0,0,0.00067236915
02_linear,Linear,XGBoost Classifier,1,1,0.994574
02_linear,Linear,XGBoost Classifier,0,0,0.00013050932
02_linear,Linear,XGBoost Classifier,0,0,0.0022027118
02_linear,Linear,XGBoost Classifier,0,0,0.00069802644
02_linear,Linear,XGBoost Classifier,0,0,0.00014440823
02_linear,Linear,XGBoost Classifier,0,0,0.0074035153
02_linear,Linear,XGBoost Classifier,0,0,0.018411653
02_linear,Linear,XGBoost Classifier,0,0,0.00019670054
02_linear,Linear,XGBoost Classifier,0,0,0.0001105263
02_linear,Linear,XGBoost Classifier,0,0,0.013207936
02_linear,Linear,XGBoost Classifier,0,0,0.0011791392
02_linear,Linear,XGBoost Classifier,0,0,0.003634845
02_linear,Linear,XGBoost Classifier,0,0,0.07148788
02_linear,Linear,XGBoost Classifier,0,0,0.37996826
02_linear,Linear,XGBoost Classifier,0,0,0.058329903
02_linear,Linear,XGBoost Classifier,0,0,3.1395113e-05
02_linear,Linear,XGBoost Classifier,0,0,4.037155e-05
02_linear,Linear,XGBoost Classifier,1,1,0.99998903
02_linear,Linear,XGBoost Classifier,0,0,0.00238826
02_linear,Linear,XGBoost Classifier,0,0,1.0899564e-05
02_linear,Linear,XGBoost Classifier,0,0,0.003320816
02_linear,Linear,XGBoost Classifier,0,0,6.3369844e-05
02_linear,Linear,XGBoost Classifier,0,0,0.011463326
02_linear,Linear,XGBoost Classifier,0,0,0.004199884
02_linear,Linear,XGBoost Classifier,0,0,3.1780084e-05
02_linear,Linear,XGBoost Classifier,0,0,0.0024555998
02_linear,Linear,XGBoost Classifier,1,1,0.99954283
02_linear,Linear,XGBoost Classifier,0,0,9.204654e-05
02_linear,Linear,XGBoost Classifier,1,1,0.99999726
02_linear,Linear,XGBoost Classifier,0,0,0.0014858879
02_linear,Linear,XGBoost Classifier,0,0,0.0012231761
02_linear,Linear,XGBoost Classifier,1,1,0.99999106
02_linear,Linear,XGBoost Classifier,1,1,0.9990933
02_linear,Linear,XGBoost Classifier,0,0,0.016037602
02_linear,Linear,XGBoost Classifier,0,0,0.0010480328
02_linear,Linear,XGBoost Classifier,0,0,2.303848e-06
02_linear,Linear,XGBoost Classifier,1,1,0.99947923
02_linear,Linear,XGBoost Classifier,0,0,0.0013617552
02_linear,Linear,XGBoost Classifier,0,0,0.008903385
02_linear,Linear,XGBoost Classifier,1,1,0.99996984
02_linear,Linear,XGBoost Classifier,1,1,0.9998429
02_linear,Linear,XGBoost Classifier,0,0,9.7381744e-05
02_linear,Linear,XGBoost Classifier,0,0,0.0005428094
02_linear,Linear,XGBoost Classifier,1,1,0.99999607
02_linear,Linear,XGBoost Classifier,1,1,0.9996996
02_linear,Linear,XGBoost Classifier,1,1,0.99999464
02_linear,Linear,XGBoost Classifier,0,0,0.00030493524
02_linear,Linear,XGBoost Classifier,0,0,0.00028400816
02_linear,Linear,XGBoost Classifier,1,1,0.9890449
02_linear,Linear,XGBoost Classifier,0,0,0.0052439384
02_linear,Linear,XGBoost Classifier,0,0,0.008084055
02_linear,Linear,XGBoost Classifier,0,0,8.561272e-05
02_linear,Linear,XGBoost Classifier,0,0,6.8803936e-05
02_linear,Linear,XGBoost Classifier,0,0,0.0071491287
02_linear,Linear,XGBoost Classifier,0,0,0.000120335855
02_linear,Linear,XGBoost Classifier,0,0,2.1260319e-05
02_linear,Linear,XGBoost Classifier,0,0,0.00033226167
02_linear,Linear,XGBoost Classifier,0,0,1.2554576e-05
02_linear,Linear,XGBoost Classifier,0,0,0.027691325
02_linear,Linear,XGBoost Classifier,0,0,0.00013742263
02_linear,Linear,XGBoost Classifier,0,0,0.00028541207
02_linear,Linear,XGBoost Classifier,0,0,4.613218e-07
02_linear,Linear,XGBoost Classifier,1,1,0.9999932
02_linear,Linear,XGBoost Classifier,1,1,0.999997
02_linear,Linear,XGBoost Classifier,0,0,0.00015665324
02_linear,Linear,XGBoost Classifier,0,0,0.010657226
02_linear,Linear,XGBoost Classifier,0,0,0.023777427
02_linear,Linear,XGBoost Classifier,1,1,0.999998
02_linear,Linear,XGBoost Classifier,0,0,0.014263667
02_linear,Linear,XGBoost Classifier,1,1,0.99991703
02_linear,Linear,XGBoost Classifier,0,0,0.0024872986
02_linear,Linear,XGBoost Classifier,0,0,0.0020322884
02_linear,Linear,XGBoost Classifier,0,0,4.9669616e-05
02_linear,Linear,XGBoost Classifier,0,0,0.009036935
02_linear,Linear,XGBoost Classifier,0,0,0.0016216965
02_linear,Linear,XGBoost Classifier,0,0,2.352391e-05
02_linear,Linear,XGBoost Classifier,0,0,0.00075475406
02_linear,Linear,XGBoost Classifier,0,0,6.0648807e-05
02_linear,Linear,XGBoost Classifier,0,0,1.2943069e-05
02_linear,Linear,XGBoost Classifier,1,1,0.9999962
02_linear,Linear,XGBoost Classifier,1,1,0.99998784
02_linear,Linear,XGBoost Classifier,0,0,0.003423761
02_linear,Linear,XGBoost Classifier,0,0,0.24816082
02_linear,Linear,XGBoost Classifier,1,1,0.99999464
02_linear,Linear,XGBoost Classifier,0,0,5.2701205e-05
02_linear,Linear,XGBoost Classifier,1,1,0.99999356
02_linear,Linear,XGBoost Classifier,1,1,0.98262596
02_linear,Linear,XGBoost Classifier,0,0,5.971365e-05
02_linear,Linear,XGBoost Classifier,0,0,2.8099153e-05
02_linear,Linear,XGBoost Classifier,0,0,1.6315349e-05
02_linear,Linear,XGBoost Classifier,0,0,0.00011936695
02_linear,Linear,XGBoost Classifier,0,0,1.624652e-05
02_linear,Linear,XGBoost Classifier,0,0,0.0121690985
02_linear,Linear,XGBoost Classifier,0,0,3.6482223e-05
02_linear,Linear,XGBoost Classifier,0,0,3.334107e-05
02_linear,Linear,XGBoost Classifier,0,0,0.0033779782
02_linear,Linear,XGBoost Classifier,0,0,0.00036031427
02_linear,Linear,XGBoost Classifier,0,0,0.0012489354
02_linear,Linear,XGBoost Classifier,0,0,4.837165e-05
02_linear,Linear,XGBoost Classifier,1,1,0.9999989
02_linear,Linear,XGBoost Classifier,1,1,0.9999627
02_linear,Linear,XGBoost Classifier,0,0,0.27893648
02_linear,Linear,XGBoost Classifier,0,0,3.6867125e-06
02_linear,Linear,XGBoost Classifier,0,0,1.9628458e-05
02_linear,Linear,XGBoost Classifier,0,0,6.005178e-06
02_linear,Linear,XGBoost Classifier,0,0,0.0008261792
02_linear,Linear,XGBoost Classifier,0,0,0.00050114945
02_linear,Linear,XGBoost Classifier,0,0,0.3583852
02_linear,Linear,XGBoost Classifier,0,0,0.00024499616
02_linear,Linear,XGBoost Classifier,0,0,0.003616283
02_linear,Linear,XGBoost Classifier,0,0,0.00014391418
02_linear,Linear,XGBoost Classifier,0,0,0.00016962476
02_linear,Linear,XGBoost Classifier,0,0,0.0050657247
02_linear,Linear,XGBoost Classifier,0,0,7.4518753e-06
02_linear,Linear,XGBoost Classifier,0,0,0.0031031056
02_linear,Linear,XGBoost Classifier,0,0,0.0053022997
02_linear,Linear,XGBoost Classifier,0,0,0.0007180496
02_linear,Linear,XGBoost Classifier,1,0,0.2885666
02_linear,Linear,XGBoost Classifier,0,0,0.010097114
02_linear,Linear,XGBoost Classifier,0,0,0.00071897265
02_linear,Linear,XGBoost Classifier,0,0,0.010641672
02_linear,Linear,XGBoost Classifier,0,0,8.307637e-06
02_linear,Linear,XGBoost Classifier,0,0,0.013377182
02_linear,Linear,XGBoost Classifier,0,0,0.000625575
02_linear,Linear,XGBoost Classifier,0,0,0.01494936
02_linear,Linear,XGBoost Classifier,1,1,0.9564686
02_linear,Linear,XGBoost Classifier,1,1,0.9997278
02_linear,Linear,XGBoost Classifier,0,0,7.37184e-05
02_linear,Linear,XGBoost Classifier,0,0,5.148457e-06
02_linear,Linear,XGBoost Classifier,0,0,0.00023496551
02_linear,Linear,XGBoost Classifier,0,0,0.0035263845
02_linear,Linear,XGBoost Classifier,1,1,0.9942871
02_linear,Linear,XGBoost Classifier,0,0,0.00015844709
02_linear,Linear,XGBoost Classifier,0,0,9.475466e-05
02_linear,Linear,XGBoost Classifier,1,1,0.99972874
02_linear,Linear,XGBoost Classifier,0,0,0.00012871702
02_linear,Linear,XGBoost Classifier,0,0,3.39358e-05
02_linear,Linear,XGBoost Classifier,0,0,6.758019e-05
02_linear,Linear,XGBoost Classifier,0,0,4.778539e-05
02_linear,Linear,XGBoost Classifier,0,0,0.0115388315
02_linear,Linear,XGBoost Classifier,0,0,0.00011088701
02_linear,Linear,XGBoost Classifier,1,1,0.99999905
02_linear,Linear,XGBoost Classifier,0,0,2.5871972e-05
02_linear,Linear,XGBoost Classifier,1,1,0.99997675
02_linear,Linear,XGBoost Classifier,0,0,0.00020650378
02_linear,Linear,XGBoost Classifier,0,0,0.00011954465
02_linear,Linear,XGBoost Classifier,0,0,7.8733225e-05
02_linear,Linear,XGBoost Classifier,1,1,0.9974413
02_linear,Linear,XGBoost Classifier,0,0,5.00484e-06
02_linear,Linear,XGBoost Classifier,0,0,8.197464e-06
02_linear,Linear,XGBoost Classifier,0,0,2.1302694e-05
02_linear,Linear,XGBoost Classifier,1,1,0.99999213
02_linear,Linear,XGBoost Classifier,0,0,0.0013760357
02_linear,Linear,XGBoost Classifier,1,1,0.99999416
02_linear,Linear,XGBoost Classifier,0,0,0.00014126742
02_linear,Linear,XGBoost Classifier,0,0,1.5547914e-05
02_linear,Linear,XGBoost Classifier,0,0,0.00013765752
02_linear,Linear,XGBoost Classifier,0,0,0.00014303505
02_linear,Linear,XGBoost Classifier,1,1,0.91226053
02_linear,Linear,XGBoost Classifier,1,1,0.99996257
02_linear,Linear,XGBoost Classifier,0,0,1.3336244e-05
02_linear,Linear,XGBoost Classifier,0,0,0.00012415442
02_linear,Linear,XGBoost Classifier,0,0,5.860082e-05
02_linear,Linear,XGBoost Classifier,0,0,0.0015871011
02_linear,Linear,XGBoost Classifier,0,0,0.00010820185
02_linear,Linear,XGBoost Classifier,0,0,8.372607e-05
02_linear,Linear,XGBoost Classifier,0,0,0.000233902
02_linear,Linear,XGBoost Classifier,0,0,0.0077052987
02_linear,Linear,XGBoost Classifier,0,0,0.009495207
02_linear,Linear,XGBoost Classifier,0,0,0.00015260935
02_linear,Linear,XGBoost Classifier,1,1,0.99999535
02_linear,Linear,XGBoost Classifier,0,0,0.0021428342
02_linear,Linear,XGBoost Classifier,0,0,0.009662831
02_linear,Linear,XGBoost Classifier,0,0,9.070685e-05
02_linear,Linear,XGBoost Classifier,0,0,3.410958e-05
02_linear,Linear,XGBoost Classifier,1,1,0.9999138
02_linear,Linear,XGBoost Classifier,0,0,0.00012732208
02_linear,Linear,XGBoost Classifier,0,0,0.0020130465
02_linear,Linear,XGBoost Classifier,0,0,4.3471082e-05
02_linear,Linear,XGBoost Classifier,0,0,0.00024119992
02_linear,Linear,XGBoost Classifier,0,0,0.0014307764
02_linear,Linear,XGBoost Classifier,1,0,0.055362575
02_linear,Linear,XGBoost Classifier,0,0,0.06308591
02_linear,Linear,XGBoost Classifier,0,0,0.0025093632
02_linear,Linear,XGBoost Classifier,0,0,4.2108324e-05
02_linear,Linear,XGBoost Classifier,0,0,5.9620775e-06
02_linear,Linear,XGBoost Classifier,0,0,5.940573e-06
02_linear,Linear,XGBoost Classifier,1,1,0.8573178
02_linear,Linear,XGBoost Classifier,1,1,0.9999876
02_linear,Linear,XGBoost Classifier,1,1,0.9999962
02_linear,Linear,XGBoost Classifier,0,0,4.069974e-05
02_linear,Linear,XGBoost Classifier,0,0,8.3547675e-06
02_linear,Linear,XGBoost Classifier,0,0,0.004909716
02_linear,Linear,XGBoost Classifier,1,1,0.99999535
02_linear,Linear,XGBoost Classifier,0,1,0.9819999
02_linear,Linear,XGBoost Classifier,0,0,6.35733e-06
02_linear,Linear,XGBoost Classifier,1,1,0.99999535
02_linear,Linear,XGBoost Classifier,0,0,0.00023290589
02_linear,Linear,XGBoost Classifier,0,0,0.40629607
02_linear,Linear,XGBoost Classifier,0,1,0.95873135
02_linear,Linear,XGBoost Classifier,0,0,0.0021496457
02_linear,Linear,XGBoost Classifier,0,0,0.00030969357
02_linear,Linear,XGBoost Classifier,0,0,0.00020170069
02_linear,Linear,XGBoost Classifier,0,0,0.000111408575
02_linear,Linear,XGBoost Classifier,0,0,5.6966663e-05
02_linear,Linear,XGBoost Classifier,1,1,0.9999697
02_linear,Linear,XGBoost Classifier,0,0,0.0011077648
02_linear,Linear,XGBoost Classifier,0,0,5.7638732e-05
02_linear,Linear,XGBoost Classifier,0,0,0.00015785822
02_linear,Linear,XGBoost Classifier,0,0,0.00039592077
02_linear,Linear,XGBoost Classifier,1,1,0.98043895
02_linear,Linear,XGBoost Classifier,0,0,7.8667705e-05
02_linear,Linear,XGBoost Classifier,0,0,0.00018404427
02_linear,Linear,XGBoost Classifier,0,0,0.00031919597
02_linear,Linear,XGBoost Classifier,0,0,0.003488954
02_linear,Linear,XGBoost Classifier,1,1,0.99993587
02_linear,Linear,XGBoost Classifier,0,1,0.9768048
02_linear,Linear,XGBoost Classifier,1,1,0.99998665
02_linear,Linear,XGBoost Classifier,0,0,1.5616999e-05
02_linear,Linear,XGBoost Classifier,0,0,0.37237573
02_linear,Linear,XGBoost Classifier,0,0,7.269528e-05
02_linear,Linear,XGBoost Classifier,1,1,0.9999858
02_linear,Linear,XGBoost Classifier,1,1,0.99999297
02_linear,Linear,XGBoost Classifier,0,0,0.00013653145
02_linear,Linear,XGBoost Classifier,0,0,0.00035870413
02_linear,Linear,XGBoost Classifier,0,1,0.6914946
02_linear,Linear,XGBoost Classifier,0,0,0.00050671777
02_linear,Linear,XGBoost Classifier,0,0,0.000103561986
02_linear,Linear,XGBoost Classifier,0,0,0.056705177
02_linear,Linear,XGBoost Classifier,0,0,0.015475093
02_linear,Linear,XGBoost Classifier,0,0,0.0023821024
02_linear,Linear,XGBoost Classifier,0,0,0.001714116
02_linear,Linear,XGBoost Classifier,0,0,2.9331643e-05
02_linear,Linear,XGBoost Classifier,0,0,0.0014209679
02_linear,Linear,XGBoost Classifier,0,0,0.054941747
02_linear,Linear,XGBoost Classifier,0,0,0.02051989
02_linear,Linear,XGBoost Classifier,0,0,0.0037581068
02_linear,Linear,XGBoost Classifier,0,0,3.9913257e-06
02_linear,Linear,XGBoost Classifier,1,1,0.9999969
02_linear,Linear,XGBoost Classifier,0,0,8.304026e-05
02_linear,Linear,XGBoost Classifier,1,1,0.99999225
02_linear,Linear,XGBoost Classifier,0,0,0.00010557575
02_linear,Linear,XGBoost Classifier,0,0,0.010972397
02_linear,Linear,XGBoost Classifier,0,0,0.0015332148
02_linear,Linear,XGBoost Classifier,0,0,5.766199e-05
02_linear,Linear,XGBoost Classifier,0,0,7.104527e-05
02_linear,Linear,XGBoost Classifier,1,1,0.9999914
02_linear,Linear,XGBoost Classifier,0,0,0.0001908996
02_linear,Linear,XGBoost Classifier,0,0,5.693196e-05
02_linear,Linear,XGBoost Classifier,0,0,0.00015965947
02_linear,Linear,XGBoost Classifier,0,0,0.0015816959
02_linear,Linear,XGBoost Classifier,1,1,0.99986196
02_linear,Linear,XGBoost Classifier,0,0,0.00013209072
02_linear,Linear,XGBoost Classifier,0,0,0.0013577737
02_linear,Linear,XGBoost Classifier,0,0,0.0033351518
02_linear,Linear,XGBoost Classifier,1,1,0.99976593
02_linear,Linear,XGBoost Classifier,0,0,4.8966183e-05
02_linear,Linear,XGBoost Classifier,0,0,0.00022410716
02_linear,Linear,XGBoost Classifier,1,1,0.99999547
02_linear,Linear,XGBoost Classifier,1,1,0.9999505
02_linear,Linear,XGBoost Classifier,1,1,0.99851257
02_linear,Linear,XGBoost Classifier,1,1,0.99999225
02_linear,Linear,XGBoost Classifier,0,0,9.754936e-06
02_linear,Linear,XGBoost Classifier,0,0,0.0005381944
02_linear,Linear,XGBoost Classifier,0,0,0.030801823
02_linear,Linear,XGBoost Classifier,0,0,0.0010561307
02_linear,Linear,XGBoost Classifier,0,0,0.00025057062
02_linear,Linear,XGBoost Classifier,0,0,0.00012137742
02_linear,Linear,XGBoost Classifier,0,0,0.0015544018
02_linear,Linear,XGBoost Classifier,0,0,0.00021656862
02_linear,Linear,XGBoost Classifier,0,0,3.3035652e-05
02_linear,Linear,XGBoost Classifier,0,0,6.230635e-05
02_linear,Linear,XGBoost Classifier,0,0,2.312838e-05
02_linear,Linear,XGBoost Classifier,0,0,0.011506723
02_linear,Linear,XGBoost Classifier,0,0,3.6286012e-05
02_linear,Linear,XGBoost Classifier,1,1,0.99996996
02_linear,Linear,XGBoost Classifier,0,0,0.028450513
02_linear,Linear,XGBoost Classifier,0,0,3.5549845e-06
02_linear,Linear,XGBoost Classifier,0,0,0.084588334
02_linear,Linear,XGBoost Classifier,1,1,0.9999931
02_linear,Linear,XGBoost Classifier,0,0,0.22555041
02_linear,Linear,XGBoost Classifier,0,0,5.627519e-06
02_linear,Linear,XGBoost Classifier,1,1,0.9994727
02_linear,Linear,XGBoost Classifier,0,0,9.505466e-05
02_linear,Linear,XGBoost Classifier,0,0,0.00021726105
02_linear,Linear,XGBoost Classifier,0,0,0.0008018066
02_linear,Linear,XGBoost Classifier,0,0,0.0005368822
02_linear,Linear,XGBoost Classifier,1,1,0.9999918
02_linear,Linear,XGBoost Classifier,0,0,0.010541006
02_linear,Linear,XGBoost Classifier,0,0,7.74365e-05
02_linear,Linear,XGBoost Classifier,0,0,0.009068705
02_linear,Linear,XGBoost Classifier,1,1,0.99981743
02_linear,Linear,XGBoost Classifier,0,0,0.0064861244
02_linear,Linear,XGBoost Classifier,0,0,0.0008096136
02_linear,Linear,XGBoost Classifier,1,1,0.99999917
02_linear,Linear,XGBoost Classifier,0,0,0.000909871
02_linear,Linear,XGBoost Classifier,0,0,0.00011250487
02_linear,Linear,XGBoost Classifier,0,0,4.8484613e-05
02_linear,Linear,XGBoost Classifier,0,0,6.1672064e-05
02_linear,Linear,XGBoost Classifier,0,0,0.0003062974
02_linear,Linear,XGBoost Classifier,0,0,7.655899e-06
02_linear,Linear,XGBoost Classifier,1,1,0.9997179
02_linear,Linear,XGBoost Classifier,0,0,0.0058138324
02_linear,Linear,XGBoost Classifier,0,0,2.565818e-05
02_linear,Linear,XGBoost Classifier,0,0,0.0010796834
02_linear,Linear,XGBoost Classifier,0,0,0.011145969
02_linear,Linear,XGBoost Classifier,1,1,0.99999
02_linear,Linear,XGBoost Classifier,0,0,0.00067188876
02_linear,Linear,XGBoost Classifier,1,1,0.9999442
02_linear,Linear,XGBoost Classifier,0,0,5.423322e-05
02_linear,Linear,XGBoost Classifier,0,0,0.0060652588
02_linear,Linear,XGBoost Classifier,0,0,8.242316e-05
02_linear,Linear,XGBoost Classifier,0,0,0.00083552283
02_linear,Linear,XGBoost Classifier,0,0,0.00046062676
02_linear,Linear,XGBoost Classifier,1,1,0.99785405
02_linear,Linear,XGBoost Classifier,0,0,9.520372e-06
02_linear,Linear,XGBoost Classifier,0,0,0.00079719245
02_linear,Linear,XGBoost Classifier,1,1,0.99938536
02_linear,Linear,XGBoost Classifier,0,0,0.0004935605
02_linear,Linear,XGBoost Classifier,0,0,1.6589098e-05
02_linear,Linear,XGBoost Classifier,0,0,0.22129504
02_linear,Linear,XGBoost Classifier,0,0,0.000117595584
02_linear,Linear,XGBoost Classifier,1,1,0.9998498
02_linear,Linear,XGBoost Classifier,1,1,0.99999523
02_linear,Linear,XGBoost Classifier,0,0,0.033237416
02_linear,Linear,XGBoost Classifier,0,0,0.0029013213
02_linear,Linear,XGBoost Classifier,0,0,0.0048858393
02_linear,Linear,XGBoost Classifier,0,0,8.272656e-05
02_linear,Linear,XGBoost Classifier,1,1,0.9999962
02_linear,Linear,XGBoost Classifier,1,1,0.9998683
02_linear,Linear,XGBoost Classifier,0,0,0.011516327
02_linear,Linear,XGBoost Classifier,0,0,0.00083229516
02_linear,Linear,XGBoost Classifier,0,0,0.0007651498
02_linear,Linear,XGBoost Classifier,0,0,5.2168078e-05
02_linear,Linear,XGBoost Classifier,1,1,0.9915652
02_linear,Linear,XGBoost Classifier,1,0,0.045158736
02_linear,Linear,XGBoost Classifier,0,0,0.0006314643
02_linear,Linear,XGBoost Classifier,0,0,5.386891e-05
02_linear,Linear,XGBoost Classifier,0,0,0.0020034572
02_linear,Linear,XGBoost Classifier,0,0,0.00013888926
02_linear,Linear,XGBoost Classifier,0,0,0.030641109
02_linear,Linear,XGBoost Classifier,0,0,0.00012739083
02_linear,Linear,XGBoost Classifier,0,0,0.0011001853
02_linear,Linear,XGBoost Classifier,0,0,3.1445786e-06
02_linear,Linear,XGBoost Classifier,0,0,0.0002898694
02_linear,Linear,XGBoost Classifier,0,0,0.00023178452
02_linear,Linear,XGBoost Classifier,0,0,0.0023451129
02_linear,Linear,XGBoost Classifier,0,0,8.069277e-05
02_linear,Linear,XGBoost Classifier,0,0,0.012159873
02_linear,Linear,XGBoost Classifier,0,0,0.0014419291
02_linear,Linear,XGBoost Classifier,1,1,0.9999982
02_linear,Linear,XGBoost Classifier,0,0,1.988103e-05
02_linear,Linear,XGBoost Classifier,0,0,0.0019348392
02_linear,Linear,XGBoost Classifier,1,1,0.9998105
02_linear,Linear,XGBoost Classifier,0,0,0.0014256142
02_linear,Linear,XGBoost Classifier,0,0,6.430531e-05
02_linear,Linear,XGBoost Classifier,0,1,0.90842015
02_linear,Linear,XGBoost Classifier,0,0,0.0004502398
02_linear,Linear,XGBoost Classifier,0,0,0.0070393225
02_linear,Linear,XGBoost Classifier,1,1,0.99999845
02_linear,Linear,XGBoost Classifier,0,0,0.00068012933
02_linear,Linear,XGBoost Classifier,1,1,0.95984876
02_linear,Linear,XGBoost Classifier,0,0,0.0009191997
02_linear,Linear,XGBoost Classifier,1,1,0.99999666
02_linear,Linear,XGBoost Classifier,0,0,4.860405e-05
02_linear,Linear,XGBoost Classifier,0,0,7.575544e-05
02_linear,Linear,XGBoost Classifier,0,0,1.0376427e-05
02_linear,Linear,XGBoost Classifier,1,1,0.9999949
02_linear,Linear,XGBoost Classifier,0,0,0.00015948858
02_linear,Linear,XGBoost Classifier,0,0,0.0002665038
02_linear,Linear,XGBoost Classifier,1,1,0.99998546
02_linear,Linear,XGBoost Classifier,1,1,0.8470335
02_linear,Linear,XGBoost Classifier,1,1,0.9554455
02_linear,Linear,XGBoost Classifier,0,0,7.687783e-05
02_linear,Linear,XGBoost Classifier,0,0,3.791271e-05
02_linear,Linear,XGBoost Classifier,0,0,0.00039351013
02_linear,Linear,XGBoost Classifier,0,0,0.0014423782
02_linear,Linear,XGBoost Classifier,0,0,0.14857537
02_linear,Linear,XGBoost Classifier,1,1,0.8993579
02_linear,Linear,XGBoost Classifier,0,0,1.3935953e-05
02_linear,Linear,XGBoost Classifier,0,0,0.00065850915
02_linear,Linear,XGBoost Classifier,0,0,0.00365387
02_linear,Linear,XGBoost Classifier,0,0,0.010487701
02_linear,Linear,XGBoost Classifier,0,0,0.0006790173
02_linear,Linear,XGBoost Classifier,0,0,5.936668e-05
02_linear,Linear,XGBoost Classifier,0,0,0.00037390378
02_linear,Linear,XGBoost Classifier,0,0,0.0031293943
02_linear,Linear,XGBoost Classifier,0,0,0.0046033976
02_linear,Linear,XGBoost Classifier,0,0,0.00012026749
02_linear,Linear,XGBoost Classifier,0,0,0.00018146585
02_linear,Linear,XGBoost Classifier,0,0,0.000750688
02_linear,Linear,XGBoost Classifier,0,0,0.00021447508
02_linear,Linear,XGBoost Classifier,0,0,0.0002858734
02_linear,Linear,XGBoost Classifier,0,0,0.0019456835
02_linear,Linear,XGBoost Classifier,0,0,0.015770767
02_linear,Linear,XGBoost Classifier,0,0,0.00024498822
02_linear,Linear,XGBoost Classifier,0,0,0.00078758417
02_linear,Linear,XGBoost Classifier,0,0,0.0001264495
02_linear,Linear,XGBoost Classifier,1,1,0.9999982
02_linear,Linear,XGBoost Classifier,1,1,0.9999932
02_linear,Linear,XGBoost Classifier,0,0,0.000104197534
02_linear,Linear,XGBoost Classifier,0,0,0.0052424185
02_linear,Linear,XGBoost Classifier,0,0,4.470183e-05
02_linear,Linear,XGBoost Classifier,0,0,0.0005162083
02_linear,Linear,XGBoost Classifier,0,0,3.4072127e-05
02_linear,Linear,XGBoost Classifier,1,1,0.97011214
02_linear,Linear,XGBoost Classifier,0,0,0.0013137864
02_linear,Linear,XGBoost Classifier,0,0,9.4060015e-05
02_linear,Linear,XGBoost Classifier,1,1,0.767113
02_linear,Linear,XGBoost Classifier,0,0,0.0005091359
02_linear,Linear,XGBoost Classifier,1,1,0.923151
02_linear,Linear,XGBoost Classifier,1,1,0.99965143
02_linear,Linear,XGBoost Classifier,0,0,0.0008825033
02_linear,Linear,XGBoost Classifier,1,1,0.73289603
02_linear,Linear,XGBoost Classifier,0,0,0.00033679575
02_linear,Linear,XGBoost Classifier,0,0,0.0062690265
02_linear,Linear,XGBoost Classifier,0,0,6.4646745e-05
02_linear,Linear,XGBoost Classifier,0,0,0.15738648
02_linear,Linear,XGBoost Classifier,0,0,0.05553627
02_linear,Linear,XGBoost Classifier,0,0,0.00015827616
02_linear,Linear,XGBoost Classifier,0,0,0.0014764899
02_linear,Linear,XGBoost Classifier,0,0,0.19940631
02_linear,Linear,XGBoost Classifier,0,0,0.0026356056
02_linear,Linear,XGBoost Classifier,0,0,0.009622822
02_linear,Linear,XGBoost Classifier,0,0,0.00072182826
02_linear,Linear,XGBoost Classifier,0,0,0.0006888834
02_linear,Linear,XGBoost Classifier,0,0,0.0020952448
02_linear,Linear,XGBoost Classifier,0,0,0.00010683182
02_linear,Linear,XGBoost Classifier,0,0,0.00010439444
02_linear,Linear,XGBoost Classifier,0,0,0.009464291
02_linear,Linear,XGBoost Classifier,0,0,1.09500415e-05
02_linear,Linear,XGBoost Classifier,0,0,0.055372912
02_linear,Linear,XGBoost Classifier,0,0,3.347903e-05
02_linear,Linear,XGBoost Classifier,1,1,0.9999863
02_linear,Linear,XGBoost Classifier,0,0,0.0014789285
02_linear,Linear,XGBoost Classifier,0,0,0.00011710925
02_linear,Linear,XGBoost Classifier,1,1,0.99999964
02_linear,Linear,XGBoost Classifier,0,0,0.0017487869
02_linear,Linear,XGBoost Classifier,1,1,0.99999666
02_linear,Linear,XGBoost Classifier,0,0,0.001493657
02_linear,Linear,XGBoost Classifier,0,0,0.010133405
02_linear,Linear,XGBoost Classifier,0,0,1.5972848e-05
02_linear,Linear,XGBoost Classifier,0,0,0.00388962
02_linear,Linear,XGBoost Classifier,0,0,7.47215e-05
02_linear,Linear,XGBoost Classifier,1,1,0.9994879
02_linear,Linear,XGBoost Classifier,0,0,0.00039821572
02_linear,Linear,XGBoost Classifier,1,1,0.96886843
02_linear,Linear,XGBoost Classifier,1,1,0.9999995
02_linear,Linear,XGBoost Classifier,0,0,0.0005768061
02_linear,Linear,XGBoost Classifier,0,0,0.00013523421
02_linear,Linear,XGBoost Classifier,0,0,5.225885e-05
02_linear,Linear,XGBoost Classifier,0,0,0.0023170942
02_linear,Linear,XGBoost Classifier,0,0,0.003328291
02_linear,Linear,XGBoost Classifier,0,0,0.00014719312
02_linear,Linear,XGBoost Classifier,0,0,2.0340487e-06
02_linear,Linear,XGBoost Classifier,1,1,0.9999995
02_linear,Linear,XGBoost Classifier,0,0,0.00032761804
02_linear,Linear,XGBoost Classifier,0,0,0.00075732684
02_linear,Linear,XGBoost Classifier,1,1,0.9999918
02_linear,Linear,XGBoost Classifier,0,0,2.982014e-05
02_linear,Linear,XGBoost Classifier,0,0,0.00085338677
02_linear,Linear,XGBoost Classifier,0,0,0.0064537106
02_linear,Linear,XGBoost Classifier,0,0,9.456599e-05
02_linear,Linear,XGBoost Classifier,0,0,0.0013625621
02_linear,Linear,XGBoost Classifier,0,0,0.00051951036
02_linear,Linear,XGBoost Classifier,0,1,0.77774435
02_linear,Linear,XGBoost Classifier,1,1,0.97339976
02_linear,Linear,XGBoost Classifier,0,0,2.485958e-05
02_linear,Linear,XGBoost Classifier,0,0,0.0023675528
02_linear,Linear,XGBoost Classifier,1,1,0.99999714
02_linear,Linear,XGBoost Classifier,0,0,0.0007274318
02_linear,Linear,XGBoost Classifier,1,1,0.9983101
02_linear,Linear,XGBoost Classifier,0,0,0.015872845
02_linear,Linear,XGBoost Classifier,0,0,8.373884e-05
02_linear,Linear,XGBoost Classifier,0,0,2.3085782e-05
02_linear,Linear,XGBoost Classifier,0,0,0.0010409679
02_linear,Linear,XGBoost Classifier,0,0,0.0004413884
02_linear,Linear,XGBoost Classifier,0,0,0.00023474022
02_linear,Linear,XGBoost Classifier,1,1,0.98456085
02_linear,Linear,XGBoost Classifier,0,0,0.00011618981
02_linear,Linear,XGBoost Classifier,0,0,0.0026949341
02_linear,Linear,XGBoost Classifier,0,0,0.0010324302
02_linear,Linear,XGBoost Classifier,0,0,7.8171164e-05
02_linear,Linear,XGBoost Classifier,1,1,0.9999877
02_linear,Linear,XGBoost Classifier,0,0,1.4071047e-05
02_linear,Linear,XGBoost Classifier,0,0,0.005059799
02_linear,Linear,XGBoost Classifier,0,0,2.413622e-06
02_linear,Linear,XGBoost Classifier,0,0,0.0004962261
02_linear,Linear,XGBoost Classifier,1,1,0.9999989
02_linear,Linear,XGBoost Classifier,0,0,0.0007768532
02_linear,Linear,XGBoost Classifier,0,0,0.000112289235
02_linear,Linear,XGBoost Classifier,0,0,0.00020848097
02_linear,Linear,XGBoost Classifier,0,0,4.6737823e-05
02_linear,Linear,XGBoost Classifier,0,0,0.01167944
02_linear,Linear,XGBoost Classifier,1,1,0.99884856
02_linear,Linear,XGBoost Classifier,0,0,2.4041225e-05
02_linear,Linear,XGBoost Classifier,0,0,0.005896511
02_linear,Linear,XGBoost Classifier,0,0,0.0015025982
02_linear,Linear,XGBoost Classifier,0,1,0.6211021
02_linear,Linear,XGBoost Classifier,0,0,0.00024413783
02_linear,Linear,XGBoost Classifier,1,1,0.99998
02_linear,Linear,XGBoost Classifier,1,1,0.9951206
02_linear,Linear,XGBoost Classifier,1,1,0.9998877
02_linear,Linear,XGBoost Classifier,0,0,0.00036833517
02_linear,Linear,XGBoost Classifier,0,0,0.09456829
02_linear,Linear,XGBoost Classifier,0,0,0.0015373909
02_linear,Linear,XGBoost Classifier,1,1,0.99999666
02_linear,Linear,XGBoost Classifier,1,1,0.9999783
02_linear,Linear,XGBoost Classifier,0,0,0.03010606
02_linear,Linear,XGBoost Classifier,0,0,0.21496594
02_linear,Linear,XGBoost Classifier,0,0,0.00613562
02_linear,Linear,XGBoost Classifier,1,1,0.9999993
02_linear,Linear,XGBoost Classifier,0,0,0.041394453
02_linear,Linear,XGBoost Classifier,0,0,0.0009063973
02_linear,Linear,XGBoost Classifier,1,1,0.9999927
02_linear,Linear,XGBoost Classifier,0,0,5.527456e-05
02_linear,Linear,XGBoost Classifier,0,0,0.015611499
02_linear,Linear,XGBoost Classifier,1,1,0.99999475
02_linear,Linear,XGBoost Classifier,0,0,0.0009693553
02_linear,Linear,XGBoost Classifier,0,0,1.0953363e-05
02_linear,Linear,XGBoost Classifier,0,0,0.00017717962
02_linear,Linear,XGBoost Classifier,0,0,0.0788231
02_linear,Linear,XGBoost Classifier,0,0,1.8055918e-05
02_linear,Linear,XGBoost Classifier,0,0,6.874373e-05
02_linear,Linear,XGBoost Classifier,0,0,1.9014025e-05
02_linear,Linear,XGBoost Classifier,0,0,0.0008330278
02_linear,Linear,XGBoost Classifier,1,1,0.9999975
02_linear,Linear,XGBoost Classifier,1,1,0.9998241
02_linear,Linear,XGBoost Classifier,1,1,0.99999726
02_linear,Linear,XGBoost Classifier,0,0,8.354736e-06
02_linear,Linear,XGBoost Classifier,0,0,0.016850024
02_linear,Linear,XGBoost Classifier,1,1,0.999997
02_linear,Linear,XGBoost Classifier,0,0,0.0007313068
02_linear,Linear,XGBoost Classifier,1,1,0.9980709
02_linear,Linear,XGBoost Classifier,0,0,0.00011837265
02_linear,Linear,XGBoost Classifier,0,0,0.0040920824
02_linear,Linear,XGBoost Classifier,0,0,5.0522103e-06
02_linear,Linear,XGBoost Classifier,0,0,0.006618646
02_linear,Linear,XGBoost Classifier,0,0,0.0020473523
02_linear,Linear,XGBoost Classifier,0,0,9.923323e-05
02_linear,Linear,XGBoost Classifier,1,1,0.99936765
02_linear,Linear,XGBoost Classifier,0,0,0.0033679665
02_linear,Linear,XGBoost Classifier,0,0,0.00084854267
02_linear,Linear,XGBoost Classifier,1,1,0.9999981
02_linear,Linear,XGBoost Classifier,0,0,6.327993e-05
02_linear,Linear,XGBoost Classifier,0,0,0.0058971955
02_linear,Linear,XGBoost Classifier,1,1,0.87265325
02_linear,Linear,XGBoost Classifier,0,0,0.0012974549
02_linear,Linear,XGBoost Classifier,1,1,0.99998474
02_linear,Linear,XGBoost Classifier,0,1,0.60957503
02_linear,Linear,XGBoost Classifier,1,1,0.9922232
02_linear,Linear,XGBoost Classifier,0,0,0.00032685683
02_linear,Linear,XGBoost Classifier,1,1,0.99969923
02_linear,Linear,XGBoost Classifier,0,0,0.00030668953
02_linear,Linear,XGBoost Classifier,0,0,0.00032320747
02_linear,Linear,XGBoost Classifier,0,0,0.039057445
02_linear,Linear,XGBoost Classifier,0,0,3.8500726e-05
02_linear,Linear,XGBoost Classifier,0,0,0.007971801
02_linear,Linear,XGBoost Classifier,0,0,6.174268e-05
02_linear,Linear,XGBoost Classifier,1,1,0.9999964
02_linear,Linear,XGBoost Classifier,0,0,0.003803204
02_linear,Linear,XGBoost Classifier,0,0,0.112652354
02_linear,Linear,XGBoost Classifier,0,0,7.4227e-05
02_linear,Linear,XGBoost Classifier,1,1,0.99955684
02_linear,Linear,XGBoost Classifier,0,0,0.0015597095
02_linear,Linear,XGBoost Classifier,1,1,0.9999938
02_linear,Linear,XGBoost Classifier,0,0,0.0044084387
02_linear,Linear,XGBoost Classifier,0,0,2.9011831e-05
02_linear,Linear,XGBoost Classifier,0,0,0.0007170686
02_linear,Linear,XGBoost Classifier,0,0,8.7374596e-05
02_linear,Linear,XGBoost Classifier,0,0,5.6066787e-05
02_linear,Linear,XGBoost Classifier,0,0,0.0005250165
02_linear,Linear,XGBoost Classifier,0,0,5.5053617e-05
02_linear,Linear,XGBoost Classifier,0,0,2.3787376e-05
02_linear,Linear,XGBoost Classifier,1,1,0.7711555
02_linear,Linear,XGBoost Classifier,0,0,2.611094e-06
02_linear,Linear,XGBoost Classifier,0,0,0.0242874
02_linear,Linear,XGBoost Classifier,1,1,0.9999937
02_linear,Linear,XGBoost Classifier,0,1,0.9805766
02_linear,Linear,XGBoost Classifier,1,1,0.9999926
02_linear,Linear,XGBoost Classifier,1,1,0.99147886
02_linear,Linear,XGBoost Classifier,0,0,0.00013014892
02_linear,Linear,XGBoost Classifier,0,0,0.036911633
02_linear,Linear,XGBoost Classifier,0,0,0.1704889
02_linear,Linear,XGBoost Classifier,0,0,0.000935049
02_linear,Linear,XGBoost Classifier,1,1,0.99903333
02_linear,Linear,XGBoost Classifier,1,1,0.9999981
02_linear,Linear,XGBoost Classifier,1,1,0.99997485
02_linear,Linear,XGBoost Classifier,1,1,0.9999788
02_linear,Linear,XGBoost Classifier,0,0,0.004832129
02_linear,Linear,XGBoost Classifier,0,0,0.0016256348
02_linear,Linear,XGBoost Classifier,0,1,0.7117647
02_linear,Linear,XGBoost Classifier,0,0,0.0003199964
02_linear,Linear,XGBoost Classifier,0,0,0.0011589731
02_linear,Linear,XGBoost Classifier,1,1,0.9999856
02_linear,Linear,XGBoost Classifier,0,0,9.915567e-06
02_linear,Linear,XGBoost Classifier,0,0,0.0027444228
02_linear,Linear,XGBoost Classifier,0,0,2.0391653e-05
02_linear,Linear,XGBoost Classifier,1,1,0.99999833
02_linear,Linear,XGBoost Classifier,0,0,0.00026065324
02_linear,Linear,XGBoost Classifier,0,0,0.008516153
02_linear,Linear,XGBoost Classifier,1,1,0.99973756
02_linear,Linear,XGBoost Classifier,1,1,0.75674886
02_linear,Linear,XGBoost Classifier,0,0,0.0011914984
02_linear,Linear,XGBoost Classifier,0,0,0.0001694589
02_linear,Linear,XGBoost Classifier,0,0,0.00033603434
02_linear,Linear,XGBoost Classifier,0,0,3.1827508e-06
02_linear,Linear,XGBoost Classifier,0,0,0.00021160553
02_linear,Linear,XGBoost Classifier,0,0,6.476491e-05
02_linear,Linear,XGBoost Classifier,0,0,0.00648183
02_linear,Linear,XGBoost Classifier,0,0,0.008326202
02_linear,Linear,XGBoost Classifier,0,0,0.00022752944
02_linear,Linear,XGBoost Classifier,0,0,0.0007640433
02_linear,Linear,XGBoost Classifier,1,1,0.9997093
02_linear,Linear,XGBoost Classifier,0,0,4.639793e-06
02_linear,Linear,XGBoost Classifier,0,0,2.7736252e-05
02_linear,Linear,XGBoost Classifier,0,0,8.6944885e-05
02_linear,Linear,XGBoost Classifier,0,0,2.9419614e-06
02_linear,Linear,XGBoost Classifier,0,0,0.000116519775
02_linear,Linear,XGBoost Classifier,0,0,3.4895435e-05
02_linear,Linear,XGBoost Classifier,1,1,0.99999523
02_linear,Linear,XGBoost Classifier,1,1,0.9828334
02_linear,Linear,XGBoost Classifier,1,1,0.9999969
02_linear,Linear,XGBoost Classifier,0,0,0.00060725526
02_linear,Linear,XGBoost Classifier,0,0,1.3258027e-06
02_linear,Linear,XGBoost Classifier,1,1,0.99917066
02_linear,Linear,XGBoost Classifier,0,0,0.010504955
02_linear,Linear,XGBoost Classifier,0,0,1.6375128e-05
02_linear,Linear,XGBoost Classifier,0,0,5.5460834e-05
02_linear,Linear,XGBoost Classifier,0,0,6.5437365e-05
02_linear,Linear,XGBoost Classifier,0,0,9.057288e-05
02_linear,Linear,XGBoost Classifier,0,0,0.00014749223
02_linear,Linear,XGBoost Classifier,0,0,0.0029000042
02_linear,Linear,XGBoost Classifier,0,0,0.0031456817
02_linear,Linear,XGBoost Classifier,0,0,0.00078916975
02_linear,Linear,XGBoost Classifier,0,0,0.00016520038
02_linear,Linear,XGBoost Classifier,0,0,0.001459437
02_linear,Linear,XGBoost Classifier,0,0,0.0033049847
02_linear,Linear,XGBoost Classifier,0,0,0.0014214605
02_linear,Linear,XGBoost Classifier,0,0,0.037634894
02_linear,Linear,XGBoost Classifier,0,0,0.0025361278
02_linear,Linear,XGBoost Classifier,1,1,0.99907744
02_linear,Linear,XGBoost Classifier,0,1,0.93900263
02_linear,Linear,XGBoost Classifier,0,0,0.00023875038
02_linear,Linear,XGBoost Classifier,0,0,0.00016557446
02_linear,Linear,XGBoost Classifier,0,0,1.1834536e-05
02_linear,Linear,XGBoost Classifier,0,0,4.549848e-06
02_linear,Linear,XGBoost Classifier,0,0,0.00044083144
02_linear,Linear,XGBoost Classifier,1,1,0.99999607
02_linear,Linear,XGBoost Classifier,0,0,0.0009895726
02_linear,Linear,XGBoost Classifier,1,1,0.73546636
02_linear,Linear,XGBoost Classifier,0,0,1.1700387e-05
02_linear,Linear,XGBoost Classifier,1,1,0.9999988
02_linear,Linear,XGBoost Classifier,0,0,0.0008780449
02_linear,Linear,XGBoost Classifier,1,1,0.9999683
02_linear,Linear,XGBoost Classifier,1,1,0.9999968
02_linear,Linear,XGBoost Classifier,1,1,0.9973568
02_linear,Linear,XGBoost Classifier,0,0,0.0001750667
02_linear,Linear,XGBoost Classifier,1,1,0.99999666
02_linear,Linear,XGBoost Classifier,0,0,2.916326e-05
02_linear,Linear,XGBoost Classifier,0,0,1.7667053e-05
02_linear,Linear,XGBoost Classifier,0,0,0.00016684389
02_linear,Linear,XGBoost Classifier,0,0,5.1587085e-05
02_linear,Linear,XGBoost Classifier,1,1,0.9994116
02_linear,Linear,XGBoost Classifier,0,0,3.2530174e-06
02_linear,Linear,XGBoost Classifier,0,0,0.0003623088
02_linear,Linear,XGBoost Classifier,0,0,0.32127544
02_linear,Linear,XGBoost Classifier,0,0,7.329432e-05
02_linear,Linear,XGBoost Classifier,0,1,0.98158365
02_linear,Linear,XGBoost Classifier,0,0,0.00019002084
02_linear,Linear,XGBoost Classifier,1,1,0.99998224
02_linear,Linear,XGBoost Classifier,0,0,0.00015465848
02_linear,Linear,XGBoost Classifier,0,0,0.0006631741
02_linear,Linear,XGBoost Classifier,0,0,0.0003415421
02_linear,Linear,XGBoost Classifier,1,1,0.9999883
02_linear,Linear,XGBoost Classifier,1,1,0.9999701
02_linear,Linear,XGBoost Classifier,0,0,0.0007292847
02_linear,Linear,XGBoost Classifier,1,1,0.88307875
02_linear,Linear,XGBoost Classifier,1,1,0.9999994
02_linear,Linear,XGBoost Classifier,0,0,2.6562564e-05
02_linear,Linear,XGBoost Classifier,0,0,0.0031031203
02_linear,Linear,XGBoost Classifier,0,0,0.00030033334
02_linear,Linear,XGBoost Classifier,0,0,0.0012366511
02_linear,Linear,XGBoost Classifier,0,0,0.006984233
02_linear,Linear,XGBoost Classifier,0,0,0.015660943
02_linear,Linear,XGBoost Classifier,0,0,3.814579e-05
02_linear,Linear,XGBoost Classifier,1,1,0.9999926
02_linear,Linear,XGBoost Classifier,0,0,0.00073869067
02_linear,Linear,XGBoost Classifier,1,1,0.93880695
02_linear,Linear,XGBoost Classifier,1,1,0.99995923
02_linear,Linear,XGBoost Classifier,0,0,0.0691298
02_linear,Linear,XGBoost Classifier,0,0,0.0038008688
02_linear,Linear,XGBoost Classifier,0,0,0.0007900854
02_linear,Linear,XGBoost Classifier,0,0,0.0006090159
02_linear,Linear,XGBoost Classifier,0,0,0.008843471
02_linear,Linear,XGBoost Classifier,0,0,0.0007181338
02_linear,Linear,XGBoost Classifier,0,0,1.8684575e-05
02_linear,Linear,XGBoost Classifier,0,0,3.7573474e-05
02_linear,Linear,XGBoost Classifier,0,0,7.417612e-05
02_linear,Linear,XGBoost Classifier,0,0,6.29528e-05
02_linear,Linear,XGBoost Classifier,0,0,0.0011490674
02_linear,Linear,XGBoost Classifier,0,0,6.870191e-05
02_linear,Linear,XGBoost Classifier,1,1,0.999798
02_linear,Linear,XGBoost Classifier,0,0,0.00278227
02_linear,Linear,XGBoost Classifier,0,0,1.1534989e-06
02_linear,Linear,XGBoost Classifier,0,0,2.6941127e-05
02_linear,Linear,XGBoost Classifier,1,1,0.9990715
02_linear,Linear,XGBoost Classifier,1,1,0.9999995
02_linear,Linear,XGBoost Classifier,0,0,0.00049251766
02_linear,Linear,XGBoost Classifier,1,1,0.86672145
02_linear,Linear,XGBoost Classifier,0,0,0.0038765215
02_linear,Linear,XGBoost Classifier,0,0,9.314717e-05
02_linear,Linear,XGBoost Classifier,0,0,1.4445654e-05
02_linear,Linear,XGBoost Classifier,0,0,0.00023258502
02_linear,Linear,XGBoost Classifier,0,0,0.036889832
02_linear,Linear,XGBoost Classifier,0,0,2.1901003e-05
02_linear,Linear,XGBoost Classifier,0,0,0.0012944476
02_linear,Linear,XGBoost Classifier,0,0,0.01602305
02_linear,Linear,XGBoost Classifier,0,0,3.7036472e-05
02_linear,Linear,XGBoost Classifier,0,0,0.007980596
02_linear,Linear,XGBoost Classifier,0,0,0.00042836013
02_linear,Linear,XGBoost Classifier,0,0,0.002682035
02_linear,Linear,XGBoost Classifier,0,0,2.6802618e-05
02_linear,Linear,XGBoost Classifier,0,0,2.1784332e-05
02_linear,Linear,XGBoost Classifier,0,0,0.0003572018
02_linear,Linear,XGBoost Classifier,1,1,0.9999958
02_linear,Linear,XGBoost Classifier,0,0,0.0038108393
02_linear,Linear,XGBoost Classifier,0,0,0.00016210762
02_linear,Linear,XGBoost Classifier,0,0,0.00058763457
02_linear,Linear,XGBoost Classifier,0,0,0.00025996973
02_linear,Linear,XGBoost Classifier,0,0,0.0005005357
02_linear,Linear,XGBoost Classifier,0,0,0.0016444925
02_linear,Linear,XGBoost Classifier,0,0,0.00033460415
02_linear,Linear,XGBoost Classifier,0,0,0.00013021732
02_linear,Linear,XGBoost Classifier,0,0,0.00095822517
02_linear,Linear,XGBoost Classifier,0,0,0.32067436
02_linear,Linear,XGBoost Classifier,0,0,0.00029303573
02_linear,Linear,XGBoost Classifier,0,0,0.29408047
02_linear,Linear,XGBoost Classifier,0,0,0.0027091883
02_linear,Linear,XGBoost Classifier,0,0,1.7733171e-05
02_linear,Linear,XGBoost Classifier,0,0,0.43928212
02_linear,Linear,XGBoost Classifier,0,0,0.0015448572
02_linear,Linear,XGBoost Classifier,1,1,0.99999964
02_linear,Linear,XGBoost Classifier,0,0,0.00039156558
02_linear,Linear,XGBoost Classifier,0,0,8.175996e-05
02_linear,Linear,XGBoost Classifier,0,0,0.00096386916
02_linear,Linear,XGBoost Classifier,0,1,0.92409915
02_linear,Linear,XGBoost Classifier,0,0,0.00043099705
02_linear,Linear,XGBoost Classifier,0,0,0.00010426869
02_linear,Linear,XGBoost Classifier,0,0,0.0012651188
02_linear,Linear,XGBoost Classifier,0,0,0.2747866
02_linear,Linear,XGBoost Classifier,0,0,0.002286922
02_linear,Linear,XGBoost Classifier,0,0,5.7153466e-05
02_linear,Linear,XGBoost Classifier,0,0,0.002389644
02_linear,Linear,XGBoost Classifier,0,1,0.95320225
02_linear,Linear,XGBoost Classifier,0,0,0.0015727086
02_linear,Linear,XGBoost Classifier,0,0,0.00077092694
02_linear,Linear,XGBoost Classifier,0,0,0.00040591226
02_linear,Linear,XGBoost Classifier,0,0,0.004110689
02_linear,Linear,XGBoost Classifier,0,0,0.0002746319
02_linear,Linear,XGBoost Classifier,0,0,0.0013351884
02_linear,Linear,XGBoost Classifier,0,0,0.03376837
02_linear,Linear,XGBoost Classifier,0,0,0.0039662034
02_linear,Linear,XGBoost Classifier,0,0,0.00021744447
02_linear,Linear,XGBoost Classifier,0,0,0.0017035316
02_linear,Linear,XGBoost Classifier,1,1,0.5610276
02_linear,Linear,XGBoost Classifier,0,0,1.0424114e-05
02_linear,Linear,XGBoost Classifier,0,0,0.0005169311
02_linear,Linear,XGBoost Classifier,0,0,0.004078047
02_linear,Linear,XGBoost Classifier,0,0,0.0028460692
02_linear,Linear,XGBoost Classifier,0,0,9.71581e-05
02_linear,Linear,XGBoost Classifier,0,0,0.029846199
02_linear,Linear,XGBoost Classifier,0,0,0.00010103644
02_linear,Linear,XGBoost Classifier,1,1,0.9999713
02_linear,Linear,XGBoost Classifier,0,0,2.3297529e-05
02_linear,Linear,XGBoost Classifier,0,0,0.0011061598
02_linear,Linear,XGBoost Classifier,1,1,0.9998354
02_linear,Linear,XGBoost Classifier,0,0,0.001297958
02_linear,Linear,XGBoost Classifier,0,0,0.0017128076
02_linear,Linear,XGBoost Classifier,0,0,0.005613884
02_linear,Linear,XGBoost Classifier,1,1,0.99999917
02_linear,Linear,XGBoost Classifier,1,1,0.999997
02_linear,Linear,XGBoost Classifier,0,0,2.5988342e-05
02_linear,Linear,XGBoost Classifier,1,1,0.9999964
02_linear,Linear,XGBoost Classifier,0,0,7.225924e-05
02_linear,Linear,XGBoost Classifier,0,0,0.00055689487
02_linear,Linear,XGBoost Classifier,0,0,0.00259016
02_linear,Linear,XGBoost Classifier,0,0,0.0022890912
02_linear,Linear,XGBoost Classifier,0,0,0.00013431432
02_linear,Linear,XGBoost Classifier,1,1,0.9999988
02_linear,Linear,XGBoost Classifier,1,1,0.9995939
02_linear,Linear,XGBoost Classifier,0,0,0.00033059713
02_linear,Linear,XGBoost Classifier,0,0,0.00076304545
02_linear,Linear,XGBoost Classifier,0,0,3.8263286e-05
02_linear,Linear,XGBoost Classifier,0,0,0.0060551884
02_linear,Linear,XGBoost Classifier,0,0,0.0003866603
02_linear,Linear,XGBoost Classifier,1,1,0.9999925
02_linear,Linear,XGBoost Classifier,0,0,0.0016313532
02_linear,Linear,XGBoost Classifier,0,0,9.860741e-06
02_linear,Linear,XGBoost Classifier,0,0,0.002975512
02_linear,Linear,XGBoost Classifier,0,0,0.09109338
02_linear,Linear,XGBoost Classifier,0,0,0.00256918
02_linear,Linear,XGBoost Classifier,1,1,0.99991095
02_linear,Linear,XGBoost Classifier,0,0,0.00017034294
02_linear,Linear,XGBoost Classifier,1,1,0.9999999
02_linear,Linear,XGBoost Classifier,0,0,4.911284e-05
02_linear,Linear,XGBoost Classifier,0,0,0.001210238
02_linear,Linear,XGBoost Classifier,0,0,0.0046047764
02_linear,Linear,XGBoost Classifier,0,0,0.00014791165
02_linear,Linear,XGBoost Classifier,0,0,6.407454e-05
02_linear,Linear,XGBoost Classifier,0,0,0.09717811
02_linear,Linear,XGBoost Classifier,1,1,0.99999404
02_linear,Linear,XGBoost Classifier,0,0,0.00027960172
02_linear,Linear,XGBoost Classifier,0,0,0.00012265364
02_linear,Linear,XGBoost Classifier,0,0,5.5136206e-05
02_linear,Linear,XGBoost Classifier,0,0,0.00039348198
02_linear,Linear,XGBoost Classifier,0,0,0.0014891784
02_linear,Linear,XGBoost Classifier,0,0,0.00021147382
02_linear,Linear,XGBoost Classifier,1,0,0.42274284
02_linear,Linear,XGBoost Classifier,0,0,0.009695021
02_linear,Linear,XGBoost Classifier,0,0,0.040093258
02_linear,Linear,XGBoost Classifier,1,0,0.08971414
02_linear,Linear,XGBoost Classifier,0,0,1.6649086e-05
02_linear,Linear,XGBoost Classifier,1,1,0.9999838
02_linear,Linear,XGBoost Classifier,1,1,0.99998415
02_linear,Linear,XGBoost Classifier,0,0,0.00010142323
02_linear,Linear,XGBoost Classifier,0,0,0.008733301
02_linear,Linear,XGBoost Classifier,0,0,7.590172e-05
02_linear,Linear,XGBoost Classifier,0,0,0.00023391338
02_linear,Linear,XGBoost Classifier,1,1,0.99999714
02_linear,Linear,XGBoost Classifier,0,0,0.00086398685
02_linear,Linear,XGBoost Classifier,0,0,0.0035071026
02_linear,Linear,XGBoost Classifier,1,1,0.999979
02_linear,Linear,XGBoost Classifier,0,0,6.3514585e-06
02_linear,Linear,XGBoost Classifier,1,1,0.99999344
02_linear,Linear,XGBoost Classifier,0,0,0.0005473282
02_linear,Linear,XGBoost Classifier,0,0,0.035012193
02_linear,Linear,XGBoost Classifier,0,0,0.0004899907
02_linear,Linear,XGBoost Classifier,0,0,2.6120077e-05
02_linear,Linear,XGBoost Classifier,1,1,0.9999956
02_linear,Linear,XGBoost Classifier,0,0,0.003703456
02_linear,Linear,XGBoost Classifier,1,1,0.9999759
02_linear,Linear,XGBoost Classifier,0,0,0.002528618
02_linear,Linear,XGBoost Classifier,0,0,7.425695e-05
02_linear,Linear,XGBoost Classifier,0,0,0.0007608617
02_linear,Linear,XGBoost Classifier,0,0,0.0008988659
02_linear,Linear,XGBoost Classifier,0,0,0.001660242
02_linear,Linear,XGBoost Classifier,0,0,0.0004861226
02_linear,Linear,XGBoost Classifier,1,1,0.9999962
02_linear,Linear,XGBoost Classifier,0,0,0.0028543333
02_linear,Linear,XGBoost Classifier,0,0,0.00012783607
02_linear,Linear,XGBoost Classifier,0,0,4.047818e-05
02_linear,Linear,XGBoost Classifier,1,1,0.99999964
02_linear,Linear,XGBoost Classifier,1,1,0.9999901
02_linear,Linear,XGBoost Classifier,0,0,3.3561857e-05
02_linear,Linear,XGBoost Classifier,0,0,0.00029011548
02_linear,Linear,XGBoost Classifier,1,1,0.9998994
02_linear,Linear,XGBoost Classifier,1,1,0.9999769
02_linear,Linear,XGBoost Classifier,0,0,0.00026070193
02_linear,Linear,XGBoost Classifier,0,0,4.55915e-05
02_linear,Linear,XGBoost Classifier,1,1,0.99999774
02_linear,Linear,XGBoost Classifier,0,0,0.00096389034
02_linear,Linear,XGBoost Classifier,0,0,0.00020393735
02_linear,Linear,XGBoost Classifier,1,1,0.99999976
02_linear,Linear,XGBoost Classifier,0,0,0.047337264
02_linear,Linear,XGBoost Classifier,0,0,2.4843892e-05
02_linear,Linear,XGBoost Classifier,0,0,0.018204903
02_linear,Linear,XGBoost Classifier,1,1,0.9999981
02_linear,Linear,XGBoost Classifier,1,1,0.9993205
02_linear,Linear,XGBoost Classifier,1,1,0.92263466
02_linear,Linear,XGBoost Classifier,0,0,0.0006932733
02_linear,Linear,XGBoost Classifier,1,1,0.99998677
02_linear,Linear,XGBoost Classifier,0,0,1.1436613e-05
02_linear,Linear,XGBoost Classifier,1,0,0.019398075
02_linear,Linear,XGBoost Classifier,0,0,0.000114230934
02_linear,Linear,XGBoost Classifier,0,1,0.57610345
02_linear,Linear,XGBoost Classifier,0,0,5.374243e-05
02_linear,Linear,XGBoost Classifier,1,1,0.8646593
02_linear,Linear,XGBoost Classifier,1,1,0.99999714
02_linear,Linear,XGBoost Classifier,0,0,0.00031890336
02_linear,Linear,XGBoost Classifier,0,0,8.418343e-06
02_linear,Linear,XGBoost Classifier,1,1,0.99999607
02_linear,Linear,XGBoost Classifier,0,0,0.0052426155
02_linear,Linear,XGBoost Classifier,0,0,7.1991824e-05
02_linear,Linear,XGBoost Classifier,0,0,3.024591e-05
02_linear,Linear,XGBoost Classifier,1,1,0.9999373
02_linear,Linear,XGBoost Classifier,0,0,2.4642068e-06
02_linear,Linear,XGBoost Classifier,1,1,0.9955836
02_linear,Linear,XGBoost Classifier,0,0,0.00052234204
02_linear,Linear,XGBoost Classifier,1,1,0.9999925
02_linear,Linear,XGBoost Classifier,0,0,0.004969889
02_linear,Linear,XGBoost Classifier,0,0,0.0007897192
02_linear,Linear,XGBoost Classifier,0,0,0.022861712
02_linear,Linear,XGBoost Classifier,0,0,0.0063409978
02_linear,Linear,XGBoost Classifier,0,0,6.1932384e-05
02_linear,Linear,XGBoost Classifier,0,0,1.9281684e-05
02_linear,Linear,XGBoost Classifier,0,0,0.0005116233
02_linear,Linear,XGBoost Classifier,0,0,0.0016870084
02_linear,Linear,XGBoost Classifier,0,0,0.00081789226
02_linear,Linear,XGBoost Classifier,0,0,0.00013928594
02_linear,Linear,XGBoost Classifier,0,0,0.02687408
02_linear,Linear,XGBoost Classifier,0,0,1.4258664e-05
02_linear,Linear,XGBoost Classifier,0,0,7.802684e-05
02_linear,Linear,XGBoost Classifier,0,0,0.0006508717
02_linear,Linear,XGBoost Classifier,0,0,4.358494e-05
02_linear,Linear,XGBoost Classifier,1,1,0.9999969
02_linear,Linear,XGBoost Classifier,0,0,0.00023457444
02_linear,Linear,XGBoost Classifier,0,0,0.00025272637
02_linear,Linear,XGBoost Classifier,1,1,0.9999933
02_linear,Linear,XGBoost Classifier,0,0,2.114083e-05
02_linear,Linear,XGBoost Classifier,0,0,0.35931757
02_linear,Linear,XGBoost Classifier,0,0,0.0011364613
02_linear,Linear,XGBoost Classifier,0,0,0.005655621
02_linear,Linear,XGBoost Classifier,0,0,0.015525016
02_linear,Linear,XGBoost Classifier,0,0,0.058460668
02_linear,Linear,XGBoost Classifier,0,0,0.00019519636
02_linear,Linear,XGBoost Classifier,0,0,0.25488272
02_linear,Linear,XGBoost Classifier,0,0,0.003311708
02_linear,Linear,XGBoost Classifier,0,0,1.7008018e-05
02_linear,Linear,XGBoost Classifier,0,0,0.00015515611
02_linear,Linear,XGBoost Classifier,0,0,0.00017991233
02_linear,Linear,XGBoost Classifier,0,0,0.00043640425
02_linear,Linear,XGBoost Classifier,0,0,9.381288e-06
02_linear,Linear,XGBoost Classifier,0,0,0.0051096263
02_linear,Linear,XGBoost Classifier,0,0,1.7630193e-05
02_linear,Linear,XGBoost Classifier,0,0,7.3249435e-06
02_linear,Linear,XGBoost Classifier,0,0,3.5273202e-05
02_linear,Linear,XGBoost Classifier,0,0,6.146053e-05
02_linear,Linear,XGBoost Classifier,0,0,0.0011115914
02_linear,Linear,XGBoost Classifier,0,0,7.962414e-06
02_linear,Linear,XGBoost Classifier,1,1,0.9998085
02_linear,Linear,XGBoost Classifier,0,0,0.0005925148
02_linear,Linear,XGBoost Classifier,0,0,0.111860156
02_linear,Linear,XGBoost Classifier,0,0,0.00035796504
02_linear,Linear,XGBoost Classifier,0,0,0.0013160075
02_linear,Linear,XGBoost Classifier,1,1,0.999739
02_linear,Linear,XGBoost Classifier,0,0,2.4298735e-05
02_linear,Linear,XGBoost Classifier,0,0,0.00473314
02_linear,Linear,XGBoost Classifier,0,0,0.00063593994
02_linear,Linear,XGBoost Classifier,0,0,0.00090909324
02_linear,Linear,XGBoost Classifier,0,0,0.00033531914
02_linear,Linear,XGBoost Classifier,1,1,0.99999213
02_linear,Linear,XGBoost Classifier,0,0,9.879623e-06
02_linear,Linear,XGBoost Classifier,0,0,4.061665e-05
02_linear,Linear,XGBoost Classifier,0,0,0.0019568596
02_linear,Linear,XGBoost Classifier,1,1,0.9858466
02_linear,Linear,XGBoost Classifier,0,0,4.8058573e-06
02_linear,Linear,XGBoost Classifier,0,0,0.00025869685
02_linear,Linear,XGBoost Classifier,0,0,0.010478036
02_linear,Linear,XGBoost Classifier,1,1,0.99999213
02_linear,Linear,XGBoost Classifier,0,0,0.0011487096
02_linear,Linear,XGBoost Classifier,0,0,3.7113477e-05
02_linear,Linear,XGBoost Classifier,0,0,2.518045e-05
02_linear,Linear,XGBoost Classifier,0,0,4.5433426e-05
02_linear,Linear,XGBoost Classifier,0,0,0.0030287954
02_linear,Linear,XGBoost Classifier,1,1,0.99999285
02_linear,Linear,XGBoost Classifier,0,0,8.5679196e-05
02_linear,Linear,XGBoost Classifier,0,0,2.6721356e-05
02_linear,Linear,XGBoost Classifier,1,1,0.9987237
02_linear,Linear,XGBoost Classifier,1,1,0.99999833
02_linear,Linear,XGBoost Classifier,1,1,0.9993241
02_linear,Linear,XGBoost Classifier,1,1,0.99848443
02_linear,Linear,XGBoost Classifier,0,0,0.00038955748
02_linear,Linear,XGBoost Classifier,1,1,0.99982685
02_linear,Linear,XGBoost Classifier,1,1,0.99998975
02_linear,Linear,XGBoost Classifier,0,0,0.00040727758
02_linear,Linear,XGBoost Classifier,1,1,0.9774271
02_linear,Linear,XGBoost Classifier,0,0,4.3301483e-05
02_linear,Linear,XGBoost Classifier,0,0,0.047643673
02_linear,Linear,XGBoost Classifier,1,1,0.9979334
02_linear,Linear,XGBoost Classifier,0,1,0.9952083
02_linear,Linear,XGBoost Classifier,1,1,0.99999154
02_linear,Linear,XGBoost Classifier,0,0,6.93471e-05
02_linear,Linear,XGBoost Classifier,0,0,0.00044776595
02_linear,Linear,XGBoost Classifier,0,0,0.00017599862
02_linear,Linear,XGBoost Classifier,0,0,0.00021095847
02_linear,Linear,XGBoost Classifier,0,0,2.712054e-05
02_linear,Linear,XGBoost Classifier,0,0,0.0011913066
02_linear,Linear,XGBoost Classifier,0,0,6.161211e-05
02_linear,Linear,XGBoost Classifier,1,1,0.9996019
02_linear,Linear,XGBoost Classifier,1,1,0.99999535
02_linear,Linear,XGBoost Classifier,0,0,0.00019459797
02_linear,Linear,XGBoost Classifier,1,1,0.9999969
02_linear,Linear,XGBoost Classifier,0,0,0.00018539043
02_linear,Linear,XGBoost Classifier,0,0,0.0034973375
02_linear,Linear,XGBoost Classifier,0,0,0.00046397815
02_linear,Linear,XGBoost Classifier,0,0,6.878104e-05
02_linear,Linear,XGBoost Classifier,0,0,0.0012001564
02_linear,Linear,XGBoost Classifier,0,0,3.9940325e-05
02_linear,Linear,XGBoost Classifier,0,0,0.00021639235
02_linear,Linear,XGBoost Classifier,0,0,0.0028662493
02_linear,Linear,XGBoost Classifier,0,0,0.04750586
02_linear,Linear,XGBoost Classifier,0,0,4.3765827e-05
02_linear,Linear,XGBoost Classifier,0,0,0.0001312609
02_linear,Linear,XGBoost Classifier,0,0,0.008546415
02_linear,Linear,XGBoost Classifier,0,0,3.6789465e-05
02_linear,Linear,XGBoost Classifier,0,0,7.714655e-05
02_linear,Linear,XGBoost Classifier,0,0,4.299994e-05
02_linear,Linear,XGBoost Classifier,0,0,0.0005547574
02_linear,Linear,XGBoost Classifier,0,0,0.0033441877
02_linear,Linear,XGBoost Classifier,0,0,0.0030321593
02_linear,Linear,XGBoost Classifier,0,0,7.2158764e-05
02_linear,Linear,XGBoost Classifier,0,0,2.2838232e-05
02_linear,Linear,XGBoost Classifier,1,1,0.9825764
02_linear,Linear,XGBoost Classifier,0,0,0.00023817105
02_linear,Linear,XGBoost Classifier,1,1,0.99995804
02_linear,Linear,XGBoost Classifier,0,0,0.0018922206
02_linear,Linear,XGBoost Classifier,0,0,1.9537787e-05
02_linear,Linear,XGBoost Classifier,1,1,0.99999356
02_linear,Linear,XGBoost Classifier,0,0,0.0011995707
02_linear,Linear,XGBoost Classifier,0,0,0.0016833199
02_linear,Linear,XGBoost Classifier,1,1,0.99997735
02_linear,Linear,XGBoost Classifier,0,0,0.0028550024
02_linear,Linear,XGBoost Classifier,0,0,0.010965502
02_linear,Linear,XGBoost Classifier,0,0,0.09997092
02_linear,Linear,XGBoost Classifier,0,0,0.0021731395
02_linear,Linear,XGBoost Classifier,0,0,0.00010333993
02_linear,Linear,XGBoost Classifier,0,0,0.00021235964
02_linear,Linear,XGBoost Classifier,1,1,0.9999938
02_linear,Linear,XGBoost Classifier,0,0,0.0069979015
02_linear,Linear,XGBoost Classifier,0,0,0.00038920777
02_linear,Linear,XGBoost Classifier,0,0,0.00012378395
02_linear,Linear,XGBoost Classifier,0,0,3.753279e-05
02_linear,Linear,XGBoost Classifier,0,0,0.00025120546
02_linear,Linear,XGBoost Classifier,0,0,0.04444198
02_linear,Linear,XGBoost Classifier,0,0,0.00013232445
02_linear,Linear,XGBoost Classifier,0,0,0.010399851
02_linear,Linear,XGBoost Classifier,1,1,0.82661164
02_linear,Linear,XGBoost Classifier,0,0,9.965165e-06
02_linear,Linear,XGBoost Classifier,1,1,0.9608562
02_linear,Linear,XGBoost Classifier,0,0,9.504759e-05
02_linear,Linear,XGBoost Classifier,0,0,0.0023734188
02_linear,Linear,XGBoost Classifier,0,0,0.005908836
02_linear,Linear,XGBoost Classifier,1,1,0.99895227
02_linear,Linear,XGBoost Classifier,0,0,6.024375e-05
02_linear,Linear,XGBoost Classifier,0,0,0.00014955534
02_linear,Linear,XGBoost Classifier,0,0,0.00054140855
02_linear,Linear,XGBoost Classifier,0,0,0.0027615684
02_linear,Linear,XGBoost Classifier,1,1,0.9999958
02_linear,Linear,XGBoost Classifier,0,0,8.3634215e-05
02_linear,Linear,XGBoost Classifier,0,0,0.0012074906
02_linear,Linear,XGBoost Classifier,0,0,0.012115078
02_linear,Linear,XGBoost Classifier,0,0,0.004144486
02_linear,Linear,XGBoost Classifier,1,1,0.99999046
02_linear,Linear,XGBoost Classifier,0,0,1.1655295e-05
02_linear,Linear,XGBoost Classifier,0,0,0.0057121976
02_linear,Linear,XGBoost Classifier,0,0,0.0009966438
02_linear,Linear,XGBoost Classifier,0,0,0.00011624433
02_linear,Linear,XGBoost Classifier,0,0,0.025482323
02_linear,Linear,XGBoost Classifier,0,0,0.00244109
02_linear,Linear,XGBoost Classifier,1,1,0.9635649
02_linear,Linear,XGBoost Classifier,0,0,0.00082215597
02_linear,Linear,XGBoost Classifier,0,0,0.00019615085
02_linear,Linear,XGBoost Classifier,0,0,2.6354448e-05
02_linear,Linear,XGBoost Classifier,0,0,0.00019917439
02_linear,Linear,XGBoost Classifier,1,1,0.99996436
02_linear,Linear,XGBoost Classifier,0,0,0.007853414
02_linear,Linear,XGBoost Classifier,1,1,0.9999989
02_linear,Linear,XGBoost Classifier,0,0,0.0016875297
02_linear,Linear,XGBoost Classifier,0,0,0.0037866426
02_linear,Linear,XGBoost Classifier,0,0,0.00012119931
02_linear,Linear,XGBoost Classifier,0,0,0.00045022095
02_linear,Linear,XGBoost Classifier,0,0,1.1565035e-05
02_linear,Linear,XGBoost Classifier,1,1,0.9999968
02_linear,Linear,XGBoost Classifier,1,1,0.9437974
02_linear,Linear,XGBoost Classifier,0,0,1.3973842e-05
02_linear,Linear,XGBoost Classifier,1,1,0.99998116
02_linear,Linear,XGBoost Classifier,0,0,8.580675e-05
02_linear,Linear,XGBoost Classifier,0,0,0.0013551331
02_linear,Linear,XGBoost Classifier,1,1,0.93611294
02_linear,Linear,XGBoost Classifier,0,0,2.6446092e-05
02_linear,Linear,XGBoost Classifier,0,0,3.035259e-05
02_linear,Linear,XGBoost Classifier,0,0,4.451856e-05
02_linear,Linear,XGBoost Classifier,0,0,0.01704388
02_linear,Linear,XGBoost Classifier,0,0,0.002252742
02_linear,Linear,XGBoost Classifier,0,0,0.0043767686
02_linear,Linear,XGBoost Classifier,0,0,3.543409e-05
02_linear,Linear,XGBoost Classifier,0,0,0.0023911407
02_linear,Linear,XGBoost Classifier,1,1,0.99713373
02_linear,Linear,XGBoost Classifier,1,1,0.9999373
02_linear,Linear,XGBoost Classifier,0,0,0.00011076961
02_linear,Linear,XGBoost Classifier,0,0,0.0017774632
02_linear,Linear,XGBoost Classifier,0,0,0.0003594963
02_linear,Linear,XGBoost Classifier,0,0,0.0005802324
02_linear,Linear,XGBoost Classifier,0,0,0.0005948376
02_linear,Linear,XGBoost Classifier,0,0,0.00011867532
02_linear,Linear,XGBoost Classifier,0,0,0.000628253
02_linear,Linear,XGBoost Classifier,0,0,0.00028095118
02_linear,Linear,XGBoost Classifier,0,0,0.00016319683
02_linear,Linear,XGBoost Classifier,0,0,0.0053166114
02_linear,Linear,XGBoost Classifier,0,0,0.00011406058
02_linear,Linear,XGBoost Classifier,1,1,0.9999988
02_linear,Linear,XGBoost Classifier,0,0,0.0066571054
02_linear,Linear,XGBoost Classifier,0,0,0.00034981707
02_linear,Linear,XGBoost Classifier,0,0,4.815836e-06
02_linear,Linear,XGBoost Classifier,1,1,0.99996614
02_linear,Linear,XGBoost Classifier,0,0,0.02399508
02_linear,Linear,XGBoost Classifier,0,0,0.0029663877
02_linear,Linear,XGBoost Classifier,0,0,9.605258e-05
02_linear,Linear,XGBoost Classifier,0,0,0.028931458
02_linear,Linear,XGBoost Classifier,0,0,2.5175961e-05
02_linear,Linear,XGBoost Classifier,1,1,0.9999926
02_linear,Linear,XGBoost Classifier,0,0,0.0059640897
02_linear,Linear,XGBoost Classifier,1,1,0.9983577
02_linear,Linear,XGBoost Classifier,0,0,0.0002738971
02_linear,Linear,XGBoost Classifier,0,0,0.00072585884
02_linear,Linear,XGBoost Classifier,0,0,0.07107767
02_linear,Linear,XGBoost Classifier,1,1,0.9999881
02_linear,Linear,XGBoost Classifier,0,0,0.058638453
02_linear,Linear,XGBoost Classifier,0,0,5.129539e-06
02_linear,Linear,XGBoost Classifier,0,0,0.00041414512
02_linear,Linear,XGBoost Classifier,0,0,0.0015323157
02_linear,Linear,XGBoost Classifier,1,1,0.9992193
02_linear,Linear,XGBoost Classifier,0,0,5.6347813e-05
02_linear,Linear,XGBoost Classifier,1,1,0.99987936
02_linear,Linear,XGBoost Classifier,0,0,3.3457072e-05
02_linear,Linear,XGBoost Classifier,0,0,6.6845736e-05
02_linear,Linear,XGBoost Classifier,0,0,0.00025645227
02_linear,Linear,XGBoost Classifier,1,1,0.98347294
02_linear,Linear,XGBoost Classifier,1,1,0.99969125
02_linear,Linear,XGBoost Classifier,0,0,1.0717809e-05
02_linear,Linear,XGBoost Classifier,0,0,0.00014604865
02_linear,Linear,XGBoost Classifier,0,0,0.002374363
02_linear,Linear,XGBoost Classifier,0,0,1.1591667e-05
02_linear,Linear,XGBoost Classifier,0,0,4.200181e-06
02_linear,Linear,XGBoost Classifier,0,0,3.6404203e-05
02_linear,Linear,XGBoost Classifier,0,0,8.627706e-05
02_linear,Linear,XGBoost Classifier,0,0,0.010919994
02_linear,Linear,XGBoost Classifier,0,0,0.00021427905
02_linear,Linear,XGBoost Classifier,0,0,0.0014113595
02_linear,Linear,XGBoost Classifier,0,0,3.213611e-05
02_linear,Linear,XGBoost Classifier,0,0,0.0021009324
02_linear,Linear,XGBoost Classifier,1,1,0.9999887
02_linear,Linear,XGBoost Classifier,0,0,2.358123e-05
02_linear,Linear,XGBoost Classifier,0,0,0.0007979323
02_linear,Linear,XGBoost Classifier,0,0,3.9419687e-05
02_linear,Linear,XGBoost Classifier,1,1,0.99999344
02_linear,Linear,XGBoost Classifier,0,0,5.6199465e-06
02_linear,Linear,XGBoost Classifier,0,0,1.3122853e-05
02_linear,Linear,XGBoost Classifier,0,0,0.00018565789
02_linear,Linear,XGBoost Classifier,0,0,0.0049997005
02_linear,Linear,XGBoost Classifier,0,0,0.0018245704
02_linear,Linear,XGBoost Classifier,0,0,7.087942e-05
02_linear,Linear,XGBoost Classifier,0,0,0.0050450577
02_linear,Linear,XGBoost Classifier,0,0,0.0049962075
02_linear,Linear,XGBoost Classifier,0,0,2.4202898e-05
02_linear,Linear,XGBoost Classifier,0,0,0.03059157
02_linear,Linear,XGBoost Classifier,1,1,0.9994753
02_linear,Linear,XGBoost Classifier,0,0,0.0002606157
02_linear,Linear,XGBoost Classifier,0,0,0.001048357
02_linear,Linear,XGBoost Classifier,1,1,0.9999671
02_linear,Linear,XGBoost Classifier,0,0,5.462578e-05
02_linear,Linear,XGBoost Classifier,1,1,0.99976045
02_linear,Linear,XGBoost Classifier,0,0,0.0003375587
02_linear,Linear,XGBoost Classifier,0,0,0.0004115708
02_linear,Linear,XGBoost Classifier,0,0,0.05689662
02_linear,Linear,XGBoost Classifier,1,1,0.99999785
02_linear,Linear,XGBoost Classifier,1,1,0.97852385
02_linear,Linear,XGBoost Classifier,1,1,0.76064223
02_linear,Linear,XGBoost Classifier,0,0,1.6059023e-05
02_linear,Linear,XGBoost Classifier,0,0,3.4317447e-05
02_linear,Linear,XGBoost Classifier,1,1,0.99951756
02_linear,Linear,XGBoost Classifier,0,0,4.2431853e-05
02_linear,Linear,XGBoost Classifier,0,0,2.6736854e-05
02_linear,Linear,XGBoost Classifier,0,0,0.0007538013
02_linear,Linear,XGBoost Classifier,0,0,0.00025084574
02_linear,Linear,XGBoost Classifier,0,0,2.690639e-05
02_linear,Linear,XGBoost Classifier,0,0,0.056892443
02_linear,Linear,XGBoost Classifier,0,0,1.0815394e-05
02_linear,Linear,XGBoost Classifier,0,0,0.0014044899
02_linear,Linear,XGBoost Classifier,0,0,0.001603019
02_linear,Linear,XGBoost Classifier,0,0,4.623119e-05
02_linear,Linear,XGBoost Classifier,0,0,2.0674108e-05
02_linear,Linear,XGBoost Classifier,1,1,0.9985752
02_linear,Linear,XGBoost Classifier,0,0,0.00030158836
02_linear,Linear,XGBoost Classifier,0,1,0.9019758
02_linear,Linear,XGBoost Classifier,0,0,0.00010119274
02_linear,Linear,XGBoost Classifier,0,0,0.00026097152
02_linear,Linear,XGBoost Classifier,1,1,0.9999831
02_linear,Linear,XGBoost Classifier,0,0,0.0028711571
02_linear,Linear,XGBoost Classifier,0,0,0.005162554
02_linear,Linear,XGBoost Classifier,0,0,0.0012493869
02_linear,Linear,XGBoost Classifier,0,0,0.0007673093
02_linear,Linear,XGBoost Classifier,0,0,0.000115111055
02_linear,Linear,XGBoost Classifier,0,0,0.0035430556
02_linear,Linear,XGBoost Classifier,1,1,0.99737465
02_linear,Linear,XGBoost Classifier,0,0,0.03122208
02_linear,Linear,XGBoost Classifier,0,0,0.00018918977
02_linear,Linear,XGBoost Classifier,0,0,0.00011912658
02_linear,Linear,XGBoost Classifier,0,0,0.00080121733
02_linear,Linear,XGBoost Classifier,0,0,0.0033649616
02_linear,Linear,XGBoost Classifier,0,0,0.0005466861
02_linear,Linear,XGBoost Classifier,0,0,0.0010095773
02_linear,Linear,XGBoost Classifier,0,0,0.00010197378
02_linear,Linear,XGBoost Classifier,0,0,0.00022512251
02_linear,Linear,XGBoost Classifier,1,1,0.9786291
02_linear,Linear,XGBoost Classifier,0,0,0.005944613
02_linear,Linear,XGBoost Classifier,0,0,2.7770633e-05
02_linear,Linear,XGBoost Classifier,0,0,0.00013661625
02_linear,Linear,XGBoost Classifier,0,0,0.00326149
02_linear,Linear,XGBoost Classifier,1,1,0.99999046
02_linear,Linear,XGBoost Classifier,1,1,0.99713445
02_linear,Linear,XGBoost Classifier,0,0,3.1676918e-06
02_linear,Linear,XGBoost Classifier,0,0,4.771831e-05
02_linear,Linear,XGBoost Classifier,0,0,0.0008816259
02_linear,Linear,XGBoost Classifier,1,1,0.99660146
02_linear,Linear,XGBoost Classifier,0,0,0.0027990364
02_linear,Linear,XGBoost Classifier,0,0,7.057679e-05
02_linear,Linear,XGBoost Classifier,0,0,0.00028194723
02_linear,Linear,XGBoost Classifier,1,1,0.95647293
02_linear,Linear,XGBoost Classifier,1,1,0.9994435
02_linear,Linear,XGBoost Classifier,0,0,0.006901618
02_linear,Linear,XGBoost Classifier,0,1,0.99195474
02_linear,Linear,XGBoost Classifier,0,0,8.419845e-05
02_linear,Linear,XGBoost Classifier,0,0,8.880579e-05
02_linear,Linear,XGBoost Classifier,0,0,0.0019075949
02_linear,Linear,XGBoost Classifier,0,0,0.0031374223
02_linear,Linear,XGBoost Classifier,1,1,0.99999595
02_linear,Linear,XGBoost Classifier,0,0,0.0041495585
02_linear,Linear,XGBoost Classifier,0,0,0.016280416
02_linear,Linear,XGBoost Classifier,0,0,0.00011328773
02_linear,Linear,XGBoost Classifier,0,0,4.8243214e-06
02_linear,Linear,XGBoost Classifier,0,0,2.3389157e-05
02_linear,Linear,XGBoost Classifier,0,0,0.00053270406
02_linear,Linear,XGBoost Classifier,1,1,0.9999813
02_linear,Linear,XGBoost Classifier,0,0,0.0011684697
02_linear,Linear,XGBoost Classifier,0,0,3.729922e-05
02_linear,Linear,XGBoost Classifier,1,1,0.99979097
02_linear,Linear,XGBoost Classifier,1,1,0.9999962
02_linear,Linear,XGBoost Classifier,0,0,0.05813422
02_linear,Linear,XGBoost Classifier,1,0,0.029000953
02_linear,Linear,XGBoost Classifier,0,0,0.00017163044
02_linear,Linear,XGBoost Classifier,0,0,0.0010577353
02_linear,Linear,XGBoost Classifier,0,0,3.1864845e-05
02_linear,Linear,XGBoost Classifier,0,0,2.2923025e-05
02_linear,Linear,XGBoost Classifier,0,0,0.00019691241
02_linear,Linear,XGBoost Classifier,0,0,6.0873095e-05
02_linear,Linear,XGBoost Classifier,0,0,0.0028532532
02_linear,Linear,XGBoost Classifier,0,0,0.00011491201
02_linear,Linear,XGBoost Classifier,0,0,0.01724172
02_linear,Linear,XGBoost Classifier,1,1,0.999938
02_linear,Linear,XGBoost Classifier,0,0,0.032345288
02_linear,Linear,XGBoost Classifier,0,0,0.0006884568
02_linear,Linear,XGBoost Classifier,0,0,7.436834e-05
02_linear,Linear,XGBoost Classifier,1,1,0.99999726
02_linear,Linear,XGBoost Classifier,0,0,0.014164541
02_linear,Linear,XGBoost Classifier,0,0,0.1321155
02_linear,Linear,XGBoost Classifier,0,0,3.1750944e-05
02_linear,Linear,XGBoost Classifier,0,0,0.0030488437
02_linear,Linear,XGBoost Classifier,0,0,4.2554682e-05
02_linear,Linear,XGBoost Classifier,0,0,7.3197654e-05
02_linear,Linear,XGBoost Classifier,0,0,0.00013398928
02_linear,Linear,XGBoost Classifier,0,0,8.227561e-05
02_linear,Linear,XGBoost Classifier,0,0,0.025703061
02_linear,Linear,XGBoost Classifier,0,0,1.8216022e-05
02_linear,Linear,XGBoost Classifier,0,0,0.19834116
02_linear,Linear,XGBoost Classifier,0,0,0.0002050677
02_linear,Linear,XGBoost Classifier,0,0,0.008544294
02_linear,Linear,XGBoost Classifier,1,1,0.86496794
02_linear,Linear,XGBoost Classifier,0,0,0.0013276334
02_linear,Linear,XGBoost Classifier,0,0,0.00037154922
02_linear,Linear,XGBoost Classifier,0,0,0.0001077258
02_linear,Linear,XGBoost Classifier,1,1,0.9839834
02_linear,Linear,XGBoost Classifier,0,0,9.345661e-05
02_linear,Linear,XGBoost Classifier,0,0,7.468018e-05
02_linear,Linear,XGBoost Classifier,1,1,0.99998915
02_linear,Linear,XGBoost Classifier,1,1,0.99999416
02_linear,Linear,XGBoost Classifier,0,0,0.006949937
02_linear,Linear,XGBoost Classifier,0,0,4.9082497e-05
02_linear,Linear,XGBoost Classifier,1,1,0.87587273
02_linear,Linear,XGBoost Classifier,0,0,0.0006593142
02_linear,Linear,XGBoost Classifier,0,0,1.6937172e-05
02_linear,Linear,XGBoost Classifier,1,1,0.99994206
02_linear,Linear,XGBoost Classifier,0,0,2.57028e-05
02_linear,Linear,XGBoost Classifier,0,0,0.00020141165
02_linear,Linear,XGBoost Classifier,0,0,0.00012439606
02_linear,Linear,XGBoost Classifier,0,0,0.0065805945
02_linear,Linear,XGBoost Classifier,1,1,0.99996734
02_linear,Linear,XGBoost Classifier,0,0,9.312559e-05
02_linear,Linear,XGBoost Classifier,1,1,0.9999927
02_linear,Linear,XGBoost Classifier,1,1,0.8920642
02_linear,Linear,XGBoost Classifier,1,1,0.9999969
02_linear,Linear,XGBoost Classifier,0,0,4.7130256e-05
02_linear,Linear,XGBoost Classifier,0,0,0.010062315
02_linear,Linear,XGBoost Classifier,1,1,0.9999968
02_linear,Linear,XGBoost Classifier,1,1,0.9999926
02_linear,Linear,XGBoost Classifier,0,0,0.00017797035
02_linear,Linear,XGBoost Classifier,0,0,8.564343e-05
02_linear,Linear,XGBoost Classifier,0,0,4.1080555e-05
02_linear,Linear,XGBoost Classifier,0,0,0.012689844
02_linear,Linear,XGBoost Classifier,0,0,0.00016632084
02_linear,Linear,XGBoost Classifier,0,0,0.0061712
02_linear,Linear,XGBoost Classifier,0,0,0.0010075638
02_linear,Linear,XGBoost Classifier,1,1,0.9996942
02_linear,Linear,XGBoost Classifier,0,0,0.0014412234
02_linear,Linear,XGBoost Classifier,0,0,0.00036291065
02_linear,Linear,XGBoost Classifier,0,0,1.36113795e-05
02_linear,Linear,XGBoost Classifier,0,0,8.95544e-06
02_linear,Linear,XGBoost Classifier,0,0,3.7630634e-05
02_linear,Linear,XGBoost Classifier,0,0,0.00024335347
02_linear,Linear,XGBoost Classifier,0,0,0.0004486469
02_linear,Linear,XGBoost Classifier,0,0,0.027611969
02_linear,Linear,XGBoost Classifier,0,0,7.033786e-05
02_linear,Linear,XGBoost Classifier,0,0,0.0007780137
02_linear,Linear,XGBoost Classifier,0,0,0.003729434
02_linear,Linear,XGBoost Classifier,0,0,0.006506763
02_linear,Linear,XGBoost Classifier,0,1,0.9613079
02_linear,Linear,XGBoost Classifier,0,0,4.3207438e-05
02_linear,Linear,XGBoost Classifier,1,0,0.30816507
02_linear,Linear,XGBoost Classifier,0,0,0.00956664
02_linear,Linear,XGBoost Classifier,1,1,0.9932678
02_linear,Linear,XGBoost Classifier,1,1,0.9999918
02_linear,Linear,XGBoost Classifier,1,1,0.98720676
02_linear,Linear,XGBoost Classifier,0,0,2.1652853e-05
02_linear,Linear,XGBoost Classifier,0,0,0.005392725
02_linear,Linear,XGBoost Classifier,0,0,0.002069362
02_linear,Linear,XGBoost Classifier,0,0,9.632539e-06
02_linear,Linear,XGBoost Classifier,1,0,0.07526006
02_linear,Linear,XGBoost Classifier,0,0,4.2977394e-05
02_linear,Linear,XGBoost Classifier,0,0,0.0006298798
02_linear,Linear,XGBoost Classifier,1,1,0.99997866
02_linear,Linear,XGBoost Classifier,0,0,1.105441e-05
02_linear,Linear,XGBoost Classifier,0,0,0.00029242088
02_linear,Linear,XGBoost Classifier,1,0,0.4206054
02_linear,Linear,XGBoost Classifier,0,0,4.798604e-05
02_linear,Linear,XGBoost Classifier,0,0,0.00079365994
02_linear,Linear,XGBoost Classifier,1,1,0.99981266
02_linear,Linear,XGBoost Classifier,1,1,0.9967277
02_linear,Linear,XGBoost Classifier,0,0,9.01229e-05
02_linear,Linear,XGBoost Classifier,0,0,0.0019709931
02_linear,Linear,XGBoost Classifier,0,0,0.0020200345
02_linear,Linear,XGBoost Classifier,0,0,3.1560816e-05
02_linear,Linear,XGBoost Classifier,0,0,0.011017036
02_linear,Linear,XGBoost Classifier,0,0,0.00029934282
02_linear,Linear,XGBoost Classifier,0,0,0.00039747657
02_linear,Linear,XGBoost Classifier,0,0,7.733382e-06
02_linear,Linear,XGBoost Classifier,1,1,0.9873416
02_linear,Linear,XGBoost Classifier,0,0,0.00030309387
02_linear,Linear,XGBoost Classifier,0,0,3.874027e-05
02_linear,Linear,XGBoost Classifier,0,0,0.0001599412
02_linear,Linear,XGBoost Classifier,0,0,4.2308937e-05
02_linear,Linear,XGBoost Classifier,0,0,2.7947573e-05
02_linear,Linear,XGBoost Classifier,0,0,0.006533338
02_linear,Linear,XGBoost Classifier,0,0,3.9228245e-05
02_linear,Linear,XGBoost Classifier,0,0,0.015993988
02_linear,Linear,XGBoost Classifier,0,0,0.00019353234
02_linear,Linear,XGBoost Classifier,0,0,0.010618518
02_linear,Linear,XGBoost Classifier,0,0,2.7118316e-05
02_linear,Linear,XGBoost Classifier,0,0,0.0014488774
02_linear,Linear,XGBoost Classifier,0,0,0.000105812396
02_linear,Linear,XGBoost Classifier,0,0,0.002158576
02_linear,Linear,XGBoost Classifier,1,1,0.9999906
02_linear,Linear,XGBoost Classifier,0,0,0.0028272644
02_linear,Linear,XGBoost Classifier,1,1,0.9999701
02_linear,Linear,XGBoost Classifier,0,0,0.00022312983
02_linear,Linear,XGBoost Classifier,0,1,0.9999441
02_linear,Linear,XGBoost Classifier,0,0,6.2329585e-05
02_linear,Linear,XGBoost Classifier,1,1,0.9999969
02_linear,Linear,XGBoost Classifier,0,0,0.00018824957
02_linear,Linear,XGBoost Classifier,0,0,0.0030356813
02_linear,Linear,XGBoost Classifier,0,0,0.00026487626
02_linear,Linear,XGBoost Classifier,0,0,0.00012897489
02_linear,Linear,XGBoost Classifier,0,0,0.0115930885
02_linear,Linear,XGBoost Classifier,0,0,0.40328345
02_linear,Linear,XGBoost Classifier,0,0,6.108849e-05
02_linear,Linear,XGBoost Classifier,0,0,0.00042279068
02_linear,Linear,XGBoost Classifier,0,0,0.0035329722
02_linear,Linear,XGBoost Classifier,0,0,0.0005844084
02_linear,Linear,XGBoost Classifier,0,0,3.3580454e-05
02_linear,Linear,XGBoost Classifier,0,0,4.5496035e-05
02_linear,Linear,XGBoost Classifier,1,1,0.9996475
02_linear,Linear,XGBoost Classifier,1,1,0.9998468
02_linear,Linear,XGBoost Classifier,0,0,0.01663159
02_linear,Linear,XGBoost Classifier,0,0,4.6860016e-05
02_linear,Linear,XGBoost Classifier,0,0,7.6888835e-05
02_linear,Linear,XGBoost Classifier,0,0,3.5602327e-05
02_linear,Linear,XGBoost Classifier,0,0,0.0003510495
02_linear,Linear,XGBoost Classifier,0,0,0.0014208617
02_linear,Linear,XGBoost Classifier,0,0,4.810526e-05
02_linear,Linear,XGBoost Classifier,0,0,8.188223e-05
02_linear,Linear,XGBoost Classifier,1,1,0.9999331
02_linear,Linear,XGBoost Classifier,0,0,0.0012908624
02_linear,Linear,XGBoost Classifier,0,0,2.7462183e-05
02_linear,Linear,XGBoost Classifier,0,0,0.011388118
02_linear,Linear,XGBoost Classifier,1,1,0.99998724
02_linear,Linear,XGBoost Classifier,0,0,0.00028356066
02_linear,Linear,XGBoost Classifier,0,0,0.00067331246
02_linear,Linear,XGBoost Classifier,0,0,1.8957397e-06
02_linear,Linear,XGBoost Classifier,1,1,0.9999949
02_linear,Linear,XGBoost Classifier,1,0,0.15974578
02_linear,Linear,XGBoost Classifier,0,0,0.002627627
02_linear,Linear,XGBoost Classifier,0,0,1.5872598e-05
02_linear,Linear,XGBoost Classifier,0,0,4.5246554e-05
02_linear,Linear,XGBoost Classifier,0,0,0.008169819
02_linear,Linear,XGBoost Classifier,0,0,0.18468152
02_linear,Linear,XGBoost Classifier,0,0,2.3570879e-06
02_linear,Linear,XGBoost Classifier,0,0,0.0009043864
02_linear,Linear,XGBoost Classifier,1,1,0.9999894
02_linear,Linear,XGBoost Classifier,0,0,0.00089544844
02_linear,Linear,XGBoost Classifier,0,0,0.00040638013
02_linear,Linear,XGBoost Classifier,1,1,0.9999852
02_linear,Linear,XGBoost Classifier,1,1,0.9999907
02_linear,Linear,XGBoost Classifier,1,1,0.99979883
02_linear,Linear,XGBoost Classifier,0,0,0.0096145095
02_linear,Linear,XGBoost Classifier,0,0,0.0065775653
02_linear,Linear,XGBoost Classifier,0,0,9.936323e-05
02_linear,Linear,XGBoost Classifier,1,1,0.99999607
02_linear,Linear,XGBoost Classifier,0,0,0.0002013124
02_linear,Linear,XGBoost Classifier,0,0,0.00011838914
02_linear,Linear,XGBoost Classifier,0,0,0.0003683357
02_linear,Linear,XGBoost Classifier,0,0,0.0020831295
02_linear,Linear,XGBoost Classifier,1,1,0.999951
02_linear,Linear,XGBoost Classifier,0,0,7.365031e-05
02_linear,Linear,XGBoost Classifier,0,0,0.00044614606
02_linear,Linear,XGBoost Classifier,0,0,6.0223298e-05
02_linear,Linear,XGBoost Classifier,0,0,0.000108691085
02_linear,Linear,XGBoost Classifier,0,0,0.0020050416
02_linear,Linear,XGBoost Classifier,0,0,9.547717e-05
02_linear,Linear,XGBoost Classifier,0,0,5.270894e-05
02_linear,Linear,XGBoost Classifier,1,1,0.999997
02_linear,Linear,XGBoost Classifier,1,1,0.9999974
02_linear,Linear,XGBoost Classifier,0,0,9.955785e-05
02_linear,Linear,XGBoost Classifier,0,0,0.00025766718
02_linear,Linear,XGBoost Classifier,0,0,0.0017047605
02_linear,Linear,XGBoost Classifier,1,1,0.9941216
02_linear,Linear,XGBoost Classifier,1,1,0.99899
02_linear,Linear,XGBoost Classifier,0,0,0.0077417074
02_linear,Linear,XGBoost Classifier,1,1,0.9999263
02_linear,Linear,XGBoost Classifier,0,0,0.0013774505
02_linear,Linear,XGBoost Classifier,1,1,0.99999666
02_linear,Linear,XGBoost Classifier,1,1,0.9991366
02_linear,Linear,XGBoost Classifier,1,1,0.9999695
02_linear,Linear,XGBoost Classifier,0,0,0.0009272458
02_linear,Linear,XGBoost Classifier,0,0,0.00018726564
02_linear,Linear,XGBoost Classifier,0,0,8.208205e-05
02_linear,Linear,XGBoost Classifier,0,0,0.00021377357
02_linear,Linear,XGBoost Classifier,0,0,0.00015211322
02_linear,Linear,XGBoost Classifier,1,1,0.9939347
02_linear,Linear,XGBoost Classifier,0,0,0.00010195365
02_linear,Linear,XGBoost Classifier,0,0,0.001910315
02_linear,Linear,XGBoost Classifier,0,0,0.00193312
02_linear,Linear,XGBoost Classifier,0,1,0.9646447
02_linear,Linear,XGBoost Classifier,0,0,0.0011809112
02_linear,Linear,XGBoost Classifier,1,1,0.999984
02_linear,Linear,XGBoost Classifier,0,0,6.325181e-05
02_linear,Linear,XGBoost Classifier,0,0,0.023989525
02_linear,Linear,XGBoost Classifier,0,0,4.20905e-05
02_linear,Linear,XGBoost Classifier,1,1,0.83686537
02_linear,Linear,XGBoost Classifier,0,0,0.0029486206
02_linear,Linear,XGBoost Classifier,0,0,0.001542905
02_linear,Linear,XGBoost Classifier,0,0,0.00015799495
02_linear,Linear,XGBoost Classifier,0,0,7.8926874e-05
02_linear,Linear,XGBoost Classifier,0,0,0.00037048687
02_linear,Linear,XGBoost Classifier,1,1,0.9999901
02_linear,Linear,XGBoost Classifier,1,1,0.99988246
02_linear,Linear,XGBoost Classifier,1,1,0.99999654
02_linear,Linear,XGBoost Classifier,0,0,3.220477e-05
02_linear,Linear,XGBoost Classifier,0,0,4.7270696e-05
02_linear,Linear,XGBoost Classifier,0,0,0.007225303
02_linear,Linear,XGBoost Classifier,0,0,0.00046251452
02_linear,Linear,XGBoost Classifier,1,1,0.99996805
02_linear,Linear,XGBoost Classifier,1,1,0.99980813
02_linear,Linear,XGBoost Classifier,0,0,0.0015416596
02_linear,Linear,XGBoost Classifier,0,0,0.005688366
02_linear,Linear,XGBoost Classifier,0,0,0.036736015
02_linear,Linear,XGBoost Classifier,0,0,0.0075995987
02_linear,Linear,XGBoost Classifier,0,0,0.0003473551
02_linear,Linear,XGBoost Classifier,0,0,7.529537e-05
02_linear,Linear,XGBoost Classifier,0,0,9.760296e-06
02_linear,Linear,XGBoost Classifier,0,0,0.0004467459
02_linear,Linear,XGBoost Classifier,0,0,2.004858e-05
02_linear,Linear,XGBoost Classifier,0,0,0.0012617571
02_linear,Linear,XGBoost Classifier,1,1,0.9973124
02_linear,Linear,XGBoost Classifier,0,0,0.001694208
02_linear,Linear,XGBoost Classifier,0,0,0.0037308233
02_linear,Linear,XGBoost Classifier,0,0,0.12081005
02_linear,Linear,XGBoost Classifier,1,1,0.99995255
02_linear,Linear,XGBoost Classifier,0,0,3.812699e-05
02_linear,Linear,XGBoost Classifier,0,0,0.00030774015
02_linear,Linear,XGBoost Classifier,0,0,0.054149106
02_linear,Linear,XGBoost Classifier,0,0,0.0020526152
02_linear,Linear,XGBoost Classifier,0,0,0.004201286
02_linear,Linear,XGBoost Classifier,0,0,0.00067838083
02_linear,Linear,XGBoost Classifier,0,0,0.007841805
02_linear,Linear,XGBoost Classifier,0,0,6.659239e-05
02_linear,Linear,XGBoost Classifier,0,0,3.9443225e-05
02_linear,Linear,XGBoost Classifier,1,1,0.9999882
02_linear,Linear,XGBoost Classifier,0,0,0.0006468191
02_linear,Linear,XGBoost Classifier,0,0,3.722977e-06
02_linear,Linear,XGBoost Classifier,0,0,0.00011861954
02_linear,Linear,XGBoost Classifier,0,0,0.0009191174
02_linear,Linear,XGBoost Classifier,0,0,0.0021702657
02_linear,Linear,XGBoost Classifier,0,0,0.00046997113
02_linear,Linear,XGBoost Classifier,0,0,5.3641515e-06
02_linear,Linear,XGBoost Classifier,0,0,3.555591e-05
02_linear,Linear,XGBoost Classifier,0,0,0.0022264684
02_linear,Linear,XGBoost Classifier,1,1,0.9998752
02_linear,Linear,XGBoost Classifier,0,0,0.113028646
02_linear,Linear,XGBoost Classifier,0,0,1.3460016e-05
02_linear,Linear,XGBoost Classifier,0,0,0.0017076569
02_linear,Linear,XGBoost Classifier,0,0,3.394985e-05
02_linear,Linear,XGBoost Classifier,0,0,0.000249808
02_linear,Linear,XGBoost Classifier,0,0,0.0034687384
02_linear,Linear,XGBoost Classifier,0,0,0.03564463
02_linear,Linear,XGBoost Classifier,0,0,0.0005034553
02_linear,Linear,XGBoost Classifier,0,0,0.0013184393
02_linear,Linear,XGBoost Classifier,0,0,0.00032113423
02_linear,Linear,XGBoost Classifier,0,0,0.001171288
02_linear,Linear,XGBoost Classifier,0,0,0.0010189567
02_linear,Linear,XGBoost Classifier,0,0,9.362762e-05
02_linear,Linear,XGBoost Classifier,0,0,0.002507497
02_linear,Linear,XGBoost Classifier,0,0,0.00084256486
02_linear,Linear,XGBoost Classifier,0,0,0.0061832545
02_linear,Linear,XGBoost Classifier,0,0,0.0044180974
02_linear,Linear,XGBoost Classifier,1,1,0.9999864
02_linear,Linear,XGBoost Classifier,0,0,7.1324125e-06
02_linear,Linear,XGBoost Classifier,0,0,6.4083586e-05
02_linear,Linear,XGBoost Classifier,0,0,0.0002048619
02_linear,Linear,XGBoost Classifier,0,0,0.0012721906
02_linear,Linear,XGBoost Classifier,1,1,0.9999964
02_linear,Linear,XGBoost Classifier,0,0,0.00055996573
02_linear,Linear,XGBoost Classifier,0,0,0.007470088
02_linear,Linear,XGBoost Classifier,0,0,0.0008848377
02_linear,Linear,XGBoost Classifier,1,1,0.999987
02_linear,Linear,XGBoost Classifier,0,0,4.98027e-05
02_linear,Linear,XGBoost Classifier,1,1,0.9999925
02_linear,Linear,XGBoost Classifier,1,1,0.9998914
02_linear,Linear,XGBoost Classifier,0,0,7.177296e-06
02_linear,Linear,XGBoost Classifier,0,0,0.00079873
02_linear,Linear,XGBoost Classifier,1,1,0.9999919
02_linear,Linear,XGBoost Classifier,0,0,0.00036902894
02_linear,Linear,XGBoost Classifier,0,0,2.6566856e-06
02_linear,Linear,XGBoost Classifier,0,0,0.00019722639
02_linear,Linear,XGBoost Classifier,0,0,1.4658758e-05
02_linear,Linear,XGBoost Classifier,1,1,0.9999949
02_linear,Linear,XGBoost Classifier,0,0,0.17986935
02_linear,Linear,XGBoost Classifier,0,0,0.0016275328
02_linear,Linear,XGBoost Classifier,0,0,9.056416e-05
02_linear,Linear,XGBoost Classifier,0,0,0.00031863715
02_linear,Linear,XGBoost Classifier,0,0,5.623058e-05
02_linear,Linear,XGBoost Classifier,1,1,0.9993181
02_linear,Linear,XGBoost Classifier,0,0,0.0003327327
02_linear,Linear,XGBoost Classifier,1,1,0.99999857
02_linear,Linear,XGBoost Classifier,0,0,0.012361224
02_linear,Linear,XGBoost Classifier,0,0,0.042663235
02_linear,Linear,XGBoost Classifier,1,0,0.006632377
02_linear,Linear,XGBoost Classifier,0,0,0.00016191036
02_linear,Linear,XGBoost Classifier,0,0,0.0014623438
02_linear,Linear,XGBoost Classifier,0,0,0.007666317
02_linear,Linear,XGBoost Classifier,0,0,0.0015612482
02_linear,Linear,XGBoost Classifier,0,0,0.00017811329
02_linear,Linear,XGBoost Classifier,0,0,0.0032755064
02_linear,Linear,XGBoost Classifier,1,1,0.99941385
02_linear,Linear,XGBoost Classifier,0,0,0.00015967195
02_linear,Linear,XGBoost Classifier,0,0,0.0005514643
02_linear,Linear,XGBoost Classifier,0,0,0.00013338414
02_linear,Linear,XGBoost Classifier,0,0,0.00042497733
02_linear,Linear,XGBoost Classifier,0,0,0.0015686257
02_linear,Linear,XGBoost Classifier,1,1,0.9999951
02_linear,Linear,XGBoost Classifier,1,0,0.14414681
02_linear,Linear,XGBoost Classifier,1,1,0.9086561
02_linear,Linear,XGBoost Classifier,0,0,0.0014235745
02_linear,Linear,XGBoost Classifier,0,0,0.0001101448
02_linear,Linear,XGBoost Classifier,1,1,0.9999509
02_linear,Linear,XGBoost Classifier,0,0,0.007496196
02_linear,Linear,XGBoost Classifier,0,0,0.048509397
02_linear,Linear,XGBoost Classifier,0,0,0.0018594018
02_linear,Linear,XGBoost Classifier,1,1,0.9999877
02_linear,Linear,XGBoost Classifier,0,0,3.9782874e-05
02_linear,Linear,XGBoost Classifier,1,1,0.9972236
02_linear,Linear,XGBoost Classifier,0,0,0.0031266925
02_linear,Linear,XGBoost Classifier,0,0,0.00027265638
02_linear,Linear,XGBoost Classifier,0,0,1.0051504e-05
02_linear,Linear,XGBoost Classifier,0,0,0.0069244457
02_linear,Linear,XGBoost Classifier,0,0,0.00020023061
02_linear,Linear,XGBoost Classifier,1,1,0.96406245
02_linear,Linear,XGBoost Classifier,0,0,0.002039537
02_linear,Linear,XGBoost Classifier,0,0,3.0552186e-05
02_linear,Linear,XGBoost Classifier,0,0,3.36881e-05
02_linear,Linear,XGBoost Classifier,0,0,0.011399113
02_linear,Linear,XGBoost Classifier,0,0,0.002923468
02_linear,Linear,XGBoost Classifier,0,0,7.662971e-05
02_linear,Linear,XGBoost Classifier,0,0,0.00010831726
02_linear,Linear,XGBoost Classifier,0,0,0.0008043518
02_linear,Linear,XGBoost Classifier,0,0,1.2609879e-05
02_linear,Linear,XGBoost Classifier,1,1,0.99954396
02_linear,Linear,XGBoost Classifier,1,1,0.92782605
02_linear,Linear,XGBoost Classifier,1,1,0.99998
02_linear,Linear,XGBoost Classifier,0,0,0.00205262
02_linear,Linear,XGBoost Classifier,0,0,2.3101464e-05
02_linear,Linear,XGBoost Classifier,0,0,5.4270782e-05
02_linear,Linear,XGBoost Classifier,0,0,0.009157816
02_linear,Linear,XGBoost Classifier,1,1,0.99997115
02_linear,Linear,XGBoost Classifier,1,1,0.99999845
02_linear,Linear,XGBoost Classifier,0,0,7.1139715e-05
02_linear,Linear,XGBoost Classifier,1,1,0.99999166
02_linear,Linear,XGBoost Classifier,0,0,0.00044669205
02_linear,Linear,XGBoost Classifier,0,0,3.2870666e-05
02_linear,Linear,XGBoost Classifier,0,0,5.956999e-05
02_linear,Linear,XGBoost Classifier,0,0,0.0011010425
02_linear,Linear,XGBoost Classifier,0,0,0.00312809
02_linear,Linear,XGBoost Classifier,0,0,0.030751357
02_linear,Linear,XGBoost Classifier,1,1,0.8627529
02_linear,Linear,XGBoost Classifier,0,0,0.001090068
02_linear,Linear,XGBoost Classifier,1,1,0.99986005
02_linear,Linear,XGBoost Classifier,1,0,0.3736447
02_linear,Linear,XGBoost Classifier,0,0,4.039431e-05
02_linear,Linear,XGBoost Classifier,0,0,0.00013245383
02_linear,Linear,XGBoost Classifier,0,0,0.0019308819
02_linear,Linear,XGBoost Classifier,1,1,0.99999964
02_linear,Linear,XGBoost Classifier,1,1,0.99999225
02_linear,Linear,XGBoost Classifier,1,1,0.9646489
02_linear,Linear,XGBoost Classifier,1,1,0.99977046
02_linear,Linear,XGBoost Classifier,0,0,1.7517003e-05
02_linear,Linear,XGBoost Classifier,1,1,0.99999857
02_linear,Linear,XGBoost Classifier,1,1,0.9999753
02_linear,Linear,XGBoost Classifier,0,0,4.0886116e-05
02_linear,Linear,XGBoost Classifier,0,0,1.0691359e-05
02_linear,Linear,XGBoost Classifier,0,0,0.00024892736
02_linear,Linear,XGBoost Classifier,0,0,0.008945134
02_linear,Linear,XGBoost Classifier,0,0,0.033023164
02_linear,Linear,XGBoost Classifier,1,1,0.9999801
02_linear,Linear,XGBoost Classifier,0,0,0.00068349816
02_linear,Linear,XGBoost Classifier,0,0,4.1567437e-05
02_linear,Linear,XGBoost Classifier,0,1,0.56888425
02_linear,Linear,XGBoost Classifier,0,0,4.8747625e-05
02_linear,Linear,XGBoost Classifier,0,0,0.012050946
02_linear,Linear,XGBoost Classifier,0,0,9.952529e-05
02_linear,Linear,XGBoost Classifier,0,0,0.00011287442
02_linear,Linear,XGBoost Classifier,0,0,0.06260114
02_linear,Linear,XGBoost Classifier,0,0,0.0009078429
02_linear,Linear,XGBoost Classifier,1,1,0.7271469
02_linear,Linear,XGBoost Classifier,0,0,1.0682482e-05
02_linear,Linear,XGBoost Classifier,0,0,0.008011691
02_linear,Linear,XGBoost Classifier,1,1,0.9999993
02_linear,Linear,XGBoost Classifier,0,0,0.00035390843
02_linear,Linear,XGBoost Classifier,0,0,0.016075127
02_linear,Linear,XGBoost Classifier,1,1,0.9999907
02_linear,Linear,XGBoost Classifier,0,0,0.0010906444
02_linear,Linear,XGBoost Classifier,0,0,0.0002471624
02_linear,Linear,XGBoost Classifier,0,0,0.00027388692
02_linear,Linear,XGBoost Classifier,0,0,0.00010157897
02_linear,Linear,XGBoost Classifier,1,1,0.99999905
02_linear,Linear,XGBoost Classifier,1,1,0.999992
02_linear,Linear,XGBoost Classifier,0,0,0.00017493522
02_linear,Linear,XGBoost Classifier,0,0,1.1650139e-05
02_linear,Linear,XGBoost Classifier,0,0,0.00022529472
02_linear,Linear,XGBoost Classifier,0,0,0.00010013531
02_linear,Linear,XGBoost Classifier,0,0,0.0061022425
02_linear,Linear,XGBoost Classifier,1,1,0.9999924
02_linear,Linear,XGBoost Classifier,0,0,0.0011818503
02_linear,Linear,XGBoost Classifier,0,0,2.0888281e-05
02_linear,Linear,XGBoost Classifier,0,0,0.002908936
02_linear,Linear,XGBoost Classifier,1,1,0.9999932
02_linear,Linear,XGBoost Classifier,1,1,0.9999883
02_linear,Linear,XGBoost Classifier,1,1,0.9999871
02_linear,Linear,XGBoost Classifier,0,0,7.459377e-05
02_linear,Linear,XGBoost Classifier,0,0,0.00012072698
02_linear,Linear,XGBoost Classifier,0,0,0.0061027166
02_linear,Linear,XGBoost Classifier,1,1,0.999838
02_linear,Linear,XGBoost Classifier,0,0,2.3814066e-05
02_linear,Linear,XGBoost Classifier,0,0,0.34672168
02_linear,Linear,XGBoost Classifier,0,0,0.0031650176
02_linear,Linear,XGBoost Classifier,1,1,0.99999523
02_linear,Linear,XGBoost Classifier,0,0,0.013730439
02_linear,Linear,XGBoost Classifier,1,1,0.9972453
02_linear,Linear,XGBoost Classifier,0,0,0.0044981427
02_linear,Linear,XGBoost Classifier,0,0,0.00033618705
02_linear,Linear,XGBoost Classifier,1,1,0.9999552
02_linear,Linear,XGBoost Classifier,1,1,0.99999607
02_linear,Linear,XGBoost Classifier,1,1,0.9999883
02_linear,Linear,XGBoost Classifier,0,0,0.008630096
02_linear,Linear,XGBoost Classifier,0,0,0.0009853556
02_linear,Linear,XGBoost Classifier,0,0,3.5290428e-05
02_linear,Linear,XGBoost Classifier,0,0,0.0007093188
02_linear,Linear,XGBoost Classifier,0,0,0.012537663
02_linear,Linear,XGBoost Classifier,0,0,0.027782038
02_linear,Linear,XGBoost Classifier,0,0,0.00019272376
02_linear,Linear,XGBoost Classifier,0,0,0.0064969
02_linear,Linear,XGBoost Classifier,0,0,3.648073e-05
02_linear,Linear,XGBoost Classifier,0,0,0.00029012407
02_linear,Linear,XGBoost Classifier,1,1,0.99999774
02_linear,Linear,XGBoost Classifier,1,1,0.99998903
02_linear,Linear,XGBoost Classifier,0,0,3.28592e-05
02_linear,Linear,XGBoost Classifier,0,0,4.4742546e-06
02_linear,Linear,XGBoost Classifier,0,0,5.0726067e-05
02_linear,Linear,XGBoost Classifier,0,0,0.00082300295
02_linear,Linear,XGBoost Classifier,1,1,0.9999957
02_linear,Linear,XGBoost Classifier,0,0,0.0042772805
02_linear,Linear,XGBoost Classifier,1,1,0.9999964
02_linear,Linear,XGBoost Classifier,0,0,6.284513e-05
02_linear,Linear,XGBoost Classifier,1,1,0.99897003
02_linear,Linear,XGBoost Classifier,0,0,3.6629688e-06
02_linear,Linear,XGBoost Classifier,1,1,0.99999654
02_linear,Linear,XGBoost Classifier,0,0,0.0033699882
02_linear,Linear,XGBoost Classifier,0,0,0.01613493
02_linear,Linear,XGBoost Classifier,0,0,0.0048276708
02_linear,Linear,XGBoost Classifier,0,0,7.767161e-05
02_linear,Linear,XGBoost Classifier,0,1,0.838477
02_linear,Linear,XGBoost Classifier,1,1,0.999332
02_linear,Linear,XGBoost Classifier,0,0,4.252981e-05
02_linear,Linear,XGBoost Classifier,0,0,4.535836e-05
02_linear,Linear,XGBoost Classifier,0,0,2.7868022e-05
02_linear,Linear,XGBoost Classifier,1,1,0.9999982
02_linear,Linear,XGBoost Classifier,0,0,0.0010456897
02_linear,Linear,XGBoost Classifier,0,0,0.00018523121
02_linear,Linear,XGBoost Classifier,0,0,1.1300798e-05
02_linear,Linear,XGBoost Classifier,0,0,0.01450782
02_linear,Linear,XGBoost Classifier,0,0,0.00052716426
02_linear,Linear,XGBoost Classifier,0,0,2.3686665e-05
02_linear,Linear,XGBoost Classifier,1,0,0.41975245
02_linear,Linear,XGBoost Classifier,0,0,0.00041230614
02_linear,Linear,XGBoost Classifier,0,0,0.0018991901
02_linear,Linear,XGBoost Classifier,0,0,1.7109645e-05
02_linear,Linear,XGBoost Classifier,1,1,0.99763644
02_linear,Linear,XGBoost Classifier,0,0,0.0001641302
02_linear,Linear,XGBoost Classifier,1,1,0.99999535
02_linear,Linear,XGBoost Classifier,0,0,2.6378923e-06
02_linear,Linear,XGBoost Classifier,0,0,1.0432567e-05
02_linear,Linear,XGBoost Classifier,0,0,4.8661514e-05
02_linear,Linear,XGBoost Classifier,0,0,1.5142876e-05
02_linear,Linear,XGBoost Classifier,0,0,0.0007641074
02_linear,Linear,XGBoost Classifier,0,0,4.342716e-05
02_linear,Linear,XGBoost Classifier,0,0,4.0364644e-06
02_linear,Linear,XGBoost Classifier,0,0,0.0002386673
02_linear,Linear,XGBoost Classifier,0,0,0.005039866
02_linear,Linear,XGBoost Classifier,0,0,0.004040614
02_linear,Linear,XGBoost Classifier,1,1,0.99999666
02_linear,Linear,XGBoost Classifier,1,1,0.9999479
02_linear,Linear,XGBoost Classifier,0,0,0.0022510365
02_linear,Linear,XGBoost Classifier,0,0,1.616492e-05
02_linear,Linear,XGBoost Classifier,0,0,8.1104416e-05
02_linear,Linear,XGBoost Classifier,0,0,2.1262142e-05
02_linear,Linear,XGBoost Classifier,1,1,0.9995994
02_linear,Linear,XGBoost Classifier,0,0,0.00010551536
02_linear,Linear,XGBoost Classifier,0,0,0.0004564921
02_linear,Linear,XGBoost Classifier,1,1,0.99997294
02_linear,Linear,XGBoost Classifier,0,0,0.0151163535
02_linear,Linear,XGBoost Classifier,0,0,0.0018074688
02_linear,Linear,XGBoost Classifier,1,1,0.99999166
02_linear,Linear,XGBoost Classifier,0,0,0.0007418367
02_linear,Linear,XGBoost Classifier,0,1,0.8298719
02_linear,Linear,XGBoost Classifier,0,0,0.0003238527
02_linear,Linear,XGBoost Classifier,0,1,0.7413923
02_linear,Linear,XGBoost Classifier,1,1,0.9999895
02_linear,Linear,XGBoost Classifier,1,1,0.99395156
02_linear,Linear,XGBoost Classifier,0,0,0.00011532706
02_linear,Linear,XGBoost Classifier,0,0,0.045582283
02_linear,Linear,XGBoost Classifier,0,0,0.0007927857
02_linear,Linear,XGBoost Classifier,0,0,0.002227582
02_linear,Linear,XGBoost Classifier,1,1,0.9960098
02_linear,Linear,XGBoost Classifier,0,0,0.00012418142
02_linear,Linear,XGBoost Classifier,1,1,0.99983776
02_linear,Linear,XGBoost Classifier,0,0,0.00061418477
02_linear,Linear,XGBoost Classifier,1,0,0.02142663
02_linear,Linear,XGBoost Classifier,0,0,1.34986185e-05
02_linear,Linear,XGBoost Classifier,0,0,8.87242e-06
02_linear,Linear,XGBoost Classifier,0,0,0.00018230785
02_linear,Linear,XGBoost Classifier,0,0,1.237173e-05
02_linear,Linear,XGBoost Classifier,0,0,7.525058e-05
02_linear,Linear,XGBoost Classifier,0,0,2.4545936e-05
02_linear,Linear,XGBoost Classifier,0,0,1.1104481e-05
02_linear,Linear,XGBoost Classifier,0,0,0.01895287
02_linear,Linear,XGBoost Classifier,0,0,0.0002611074
02_linear,Linear,XGBoost Classifier,0,0,0.0051172553
02_linear,Linear,XGBoost Classifier,0,0,0.00037992984
02_linear,Linear,XGBoost Classifier,0,0,2.9050094e-05
02_linear,Linear,XGBoost Classifier,0,0,0.37978715
02_linear,Linear,XGBoost Classifier,1,0,0.3344252
02_linear,Linear,XGBoost Classifier,0,0,0.00010914787
02_linear,Linear,XGBoost Classifier,1,1,0.70065916
02_linear,Linear,XGBoost Classifier,1,1,0.99998665
02_linear,Linear,XGBoost Classifier,0,0,0.0001448088
02_linear,Linear,XGBoost Classifier,0,0,2.031911e-05
02_linear,Linear,XGBoost Classifier,0,0,1.7103022e-05
02_linear,Linear,XGBoost Classifier,0,0,0.011296906
02_linear,Linear,XGBoost Classifier,1,1,0.94405144
02_linear,Linear,XGBoost Classifier,0,0,0.009311205
02_linear,Linear,XGBoost Classifier,0,0,3.1756244e-05
02_linear,Linear,XGBoost Classifier,0,0,0.006180357
02_linear,Linear,XGBoost Classifier,0,0,4.808159e-05
02_linear,Linear,XGBoost Classifier,1,1,0.9989655
02_linear,Linear,XGBoost Classifier,0,0,0.13540918
02_linear,Linear,XGBoost Classifier,0,0,0.00027391693
02_linear,Linear,XGBoost Classifier,0,0,8.153394e-05
02_linear,Linear,XGBoost Classifier,0,0,0.000775826
02_linear,Linear,XGBoost Classifier,0,0,3.457881e-05
02_linear,Linear,XGBoost Classifier,0,0,0.0006145086
02_linear,Linear,XGBoost Classifier,0,0,0.00026021572
02_linear,Linear,XGBoost Classifier,0,0,0.0001812661
02_linear,Linear,XGBoost Classifier,1,1,0.99999106
02_linear,Linear,XGBoost Classifier,0,0,0.4275541
02_linear,Linear,XGBoost Classifier,0,0,0.0025690822
02_linear,Linear,XGBoost Classifier,0,0,0.006548295
02_linear,Linear,XGBoost Classifier,1,1,0.99999595
02_linear,Linear,XGBoost Classifier,0,0,0.0005562042
02_linear,Linear,XGBoost Classifier,1,1,0.9999987
02_linear,Linear,XGBoost Classifier,0,0,0.0009905037
02_linear,Linear,XGBoost Classifier,1,1,0.99999154
02_linear,Linear,XGBoost Classifier,0,0,8.3634855e-05
02_linear,Linear,XGBoost Classifier,0,0,0.0036681201
02_linear,Linear,XGBoost Classifier,0,0,0.0037738408
02_linear,Linear,XGBoost Classifier,0,0,8.908577e-05
02_linear,Linear,XGBoost Classifier,1,1,0.9999937
02_linear,Linear,XGBoost Classifier,0,0,9.416017e-05
02_linear,Linear,XGBoost Classifier,0,0,9.05462e-05
02_linear,Linear,XGBoost Classifier,0,0,0.0035995955
02_linear,Linear,XGBoost Classifier,0,0,0.012119753
02_linear,Linear,XGBoost Classifier,0,0,1.0422763e-05
02_linear,Linear,XGBoost Classifier,0,0,4.995577e-05
02_linear,Linear,XGBoost Classifier,0,0,0.0025914623
02_linear,Linear,XGBoost Classifier,1,1,0.9997266
02_linear,Linear,XGBoost Classifier,0,0,0.031778056
02_linear,Linear,XGBoost Classifier,0,1,0.95250547
02_linear,Linear,XGBoost Classifier,0,0,0.0018922512
02_linear,Linear,XGBoost Classifier,0,0,1.3958846e-05
02_linear,Linear,XGBoost Classifier,0,0,9.96641e-06
02_linear,Linear,XGBoost Classifier,0,0,0.022902487
02_linear,Linear,XGBoost Classifier,0,0,0.0003379459
02_linear,Linear,XGBoost Classifier,1,1,0.9999765
02_linear,Linear,XGBoost Classifier,0,0,0.036002923
02_linear,Linear,XGBoost Classifier,0,0,4.291248e-05
02_linear,Linear,XGBoost Classifier,0,0,0.0021515817
02_linear,Linear,XGBoost Classifier,0,0,0.00014320783
02_linear,Linear,XGBoost Classifier,0,0,0.00036075662
02_linear,Linear,XGBoost Classifier,0,0,0.00019283275
02_linear,Linear,XGBoost Classifier,0,0,3.644957e-05
02_linear,Linear,XGBoost Classifier,0,0,8.467116e-05
02_linear,Linear,XGBoost Classifier,0,0,7.4314536e-05
02_linear,Linear,XGBoost Classifier,0,0,0.004413651
02_linear,Linear,XGBoost Classifier,0,0,0.0018954021
02_linear,Linear,XGBoost Classifier,1,1,0.99998546
02_linear,Linear,XGBoost Classifier,0,0,0.017855436
02_linear,Linear,XGBoost Classifier,1,1,0.99999607
02_linear,Linear,XGBoost Classifier,0,0,0.00031515525
02_linear,Linear,XGBoost Classifier,0,0,0.0017585475
02_linear,Linear,XGBoost Classifier,0,0,0.0018310526
02_linear,Linear,XGBoost Classifier,0,0,1.6351347e-05
02_linear,Linear,XGBoost Classifier,0,0,0.0054338635
02_linear,Linear,XGBoost Classifier,0,0,0.0024408044
02_linear,Linear,XGBoost Classifier,0,0,5.1193852e-05
02_linear,Linear,XGBoost Classifier,0,0,0.07429533
02_linear,Linear,XGBoost Classifier,1,1,0.9999896
02_linear,Linear,XGBoost Classifier,1,1,0.9999889
02_linear,Linear,XGBoost Classifier,0,0,0.006937363
02_linear,Linear,XGBoost Classifier,0,0,0.011535509
02_linear,Linear,XGBoost Classifier,0,0,0.0015681919
02_linear,Linear,XGBoost Classifier,0,0,4.1758694e-06
02_linear,Linear,XGBoost Classifier,0,0,0.0020555838
02_linear,Linear,XGBoost Classifier,1,1,0.97550017
02_linear,Linear,XGBoost Classifier,0,0,0.00011969909
02_linear,Linear,XGBoost Classifier,0,0,0.00021311054
02_linear,Linear,XGBoost Classifier,0,0,0.12158576
02_linear,Linear,XGBoost Classifier,0,0,6.31902e-05
02_linear,Linear,XGBoost Classifier,0,0,0.00038992136
02_linear,Linear,XGBoost Classifier,1,1,0.9984479
02_linear,Linear,XGBoost Classifier,0,1,0.6847946
02_linear,Linear,XGBoost Classifier,0,0,6.5824206e-05
02_linear,Linear,XGBoost Classifier,1,1,0.99997747
02_linear,Linear,XGBoost Classifier,0,0,0.0015355283
02_linear,Linear,XGBoost Classifier,1,1,0.76856494
02_linear,Linear,XGBoost Classifier,0,0,0.00013659708
02_linear,Linear,XGBoost Classifier,0,0,0.00014464003
02_linear,Linear,XGBoost Classifier,0,0,0.0018688516
02_linear,Linear,XGBoost Classifier,0,0,4.434223e-06
02_linear,Linear,XGBoost Classifier,0,0,0.0013553243
02_linear,Linear,XGBoost Classifier,0,0,0.13292964
02_linear,Linear,XGBoost Classifier,0,0,0.01765618
02_linear,Linear,XGBoost Classifier,0,1,0.60318774
02_linear,Linear,XGBoost Classifier,0,0,0.00031454948
02_linear,Linear,XGBoost Classifier,0,0,7.817452e-05
02_linear,Linear,XGBoost Classifier,0,0,0.0001180416
02_linear,Linear,XGBoost Classifier,0,0,1.19120195e-05
02_linear,Linear,XGBoost Classifier,0,0,0.0001727497
02_linear,Linear,XGBoost Classifier,0,0,0.00046842854
02_linear,Linear,XGBoost Classifier,1,1,0.99999774
02_linear,Linear,XGBoost Classifier,0,0,0.0023306878
02_linear,Linear,XGBoost Classifier,0,0,5.758944e-06
02_linear,Linear,XGBoost Classifier,0,0,0.010110119
02_linear,Linear,XGBoost Classifier,0,0,0.003620923
02_linear,Linear,XGBoost Classifier,1,1,0.99937195
02_linear,Linear,XGBoost Classifier,0,0,0.0014165025
02_linear,Linear,XGBoost Classifier,0,0,0.014040624
02_linear,Linear,XGBoost Classifier,0,0,2.8275708e-05
02_linear,Linear,XGBoost Classifier,0,0,0.025392532
02_linear,Linear,XGBoost Classifier,0,0,0.0018233401
02_linear,Linear,XGBoost Classifier,0,0,0.0013741578
02_linear,Linear,XGBoost Classifier,0,0,0.12646264
02_linear,Linear,XGBoost Classifier,0,0,0.0009740517
02_linear,Linear,XGBoost Classifier,0,0,0.00042860516
02_linear,Linear,XGBoost Classifier,0,0,0.0032147572
02_linear,Linear,XGBoost Classifier,1,1,0.99999416
02_linear,Linear,XGBoost Classifier,0,0,7.66398e-05
02_linear,Linear,XGBoost Classifier,0,0,0.00012625974
02_linear,Linear,XGBoost Classifier,0,0,0.0035930187
02_linear,Linear,XGBoost Classifier,1,1,0.9967438
02_linear,Linear,XGBoost Classifier,0,0,0.00021986217
02_linear,Linear,XGBoost Classifier,0,0,2.8567889e-05
02_linear,Linear,XGBoost Classifier,0,0,0.007203712
02_linear,Linear,XGBoost Classifier,0,0,0.0011707268
02_linear,Linear,XGBoost Classifier,0,0,7.069884e-05
02_linear,Linear,XGBoost Classifier,1,1,0.9999862
02_linear,Linear,XGBoost Classifier,0,0,0.00017260201
02_linear,Linear,XGBoost Classifier,0,0,0.06811735
02_linear,Linear,XGBoost Classifier,0,0,0.0028007152
02_linear,Linear,XGBoost Classifier,0,0,1.75551e-05
02_linear,Linear,XGBoost Classifier,1,1,0.9904909
02_linear,Linear,XGBoost Classifier,0,0,0.0042082244
02_linear,Linear,XGBoost Classifier,1,1,0.9999448
02_linear,Linear,XGBoost Classifier,0,0,0.014600412
02_linear,Linear,XGBoost Classifier,0,0,0.018588612
02_linear,Linear,XGBoost Classifier,1,1,0.9997292
02_linear,Linear,XGBoost Classifier,1,1,0.9999993
02_linear,Linear,XGBoost Classifier,0,0,0.005595685
02_linear,Linear,XGBoost Classifier,1,1,0.9999877
02_linear,Linear,XGBoost Classifier,1,1,0.9999975
02_linear,Linear,XGBoost Classifier,0,0,0.023664284
02_linear,Linear,XGBoost Classifier,1,1,0.9999924
02_linear,Linear,XGBoost Classifier,1,1,0.9998311
02_linear,Linear,XGBoost Classifier,0,0,5.496019e-05
02_linear,Linear,XGBoost Classifier,0,0,0.0051716645
02_linear,Linear,XGBoost Classifier,0,0,0.0022624538
02_linear,Linear,XGBoost Classifier,0,0,8.086987e-05
02_linear,Linear,XGBoost Classifier,1,1,0.99999416
02_linear,Linear,XGBoost Classifier,0,0,0.0007082904
02_linear,Linear,XGBoost Classifier,0,0,0.00056965154
02_linear,Linear,XGBoost Classifier,0,0,0.0007156173
02_linear,Linear,XGBoost Classifier,0,0,4.2907406e-05
02_linear,Linear,XGBoost Classifier,0,0,0.0024368751
02_linear,Linear,XGBoost Classifier,0,0,0.004635712
02_linear,Linear,XGBoost Classifier,0,0,2.2341494e-05
02_linear,Linear,XGBoost Classifier,1,1,0.9999987
02_linear,Linear,XGBoost Classifier,0,0,0.00030961356
02_linear,Linear,XGBoost Classifier,0,0,2.6098219e-06
02_linear,Linear,XGBoost Classifier,1,1,0.99981564
02_linear,Linear,XGBoost Classifier,0,0,5.3902466e-05
02_linear,Linear,XGBoost Classifier,0,0,0.00020144835
02_linear,Linear,XGBoost Classifier,0,0,0.0002481707
02_linear,Linear,XGBoost Classifier,0,0,0.027063118
02_linear,Linear,XGBoost Classifier,0,0,0.08873441
02_linear,Linear,XGBoost Classifier,0,0,0.010113642
02_linear,Linear,XGBoost Classifier,0,0,0.0035143893
02_linear,Linear,XGBoost Classifier,1,0,0.0021310467
02_linear,Linear,XGBoost Classifier,0,0,0.00028968955
02_linear,Linear,XGBoost Classifier,0,0,0.00606527
02_linear,Linear,XGBoost Classifier,1,1,0.904889
02_linear,Linear,XGBoost Classifier,0,0,0.0022827738
02_linear,Linear,XGBoost Classifier,0,0,0.05031362
02_linear,Linear,XGBoost Classifier,0,0,0.00016455266
02_linear,Linear,XGBoost Classifier,1,1,0.9998363
02_linear,Linear,XGBoost Classifier,0,0,0.00036871282
02_linear,Linear,XGBoost Classifier,0,0,0.008265256
02_linear,Linear,XGBoost Classifier,0,0,0.0041455724
02_linear,Linear,XGBoost Classifier,1,1,0.9999957
02_linear,Linear,XGBoost Classifier,0,0,0.0005703834
02_linear,Linear,XGBoost Classifier,0,0,0.0005157482
02_linear,Linear,XGBoost Classifier,0,0,0.00074627675
02_linear,Linear,XGBoost Classifier,0,0,0.0014713074
02_linear,Linear,XGBoost Classifier,1,1,0.99999535
02_linear,Linear,XGBoost Classifier,1,1,0.99999046
02_linear,Linear,XGBoost Classifier,0,0,0.0041824365
02_linear,Linear,XGBoost Classifier,0,0,0.0009975567
02_linear,Linear,XGBoost Classifier,0,0,0.0046032513
02_linear,Linear,XGBoost Classifier,0,0,0.00034270014
02_linear,Linear,XGBoost Classifier,0,0,1.876452e-05
02_linear,Linear,XGBoost Classifier,0,0,0.0023411112
02_linear,Linear,XGBoost Classifier,0,0,8.064431e-05
02_linear,Linear,XGBoost Classifier,0,0,0.00499411
02_linear,Linear,XGBoost Classifier,0,0,0.0007502124
02_linear,Linear,XGBoost Classifier,0,0,0.0065257475
02_linear,Linear,XGBoost Classifier,0,0,0.000110789886
02_linear,Linear,XGBoost Classifier,1,1,0.9999932
02_linear,Linear,XGBoost Classifier,0,0,0.00023001868
02_linear,Linear,XGBoost Classifier,1,1,0.9522037
02_linear,Linear,XGBoost Classifier,0,0,8.84391e-05
02_linear,Linear,XGBoost Classifier,0,0,7.461853e-05
02_linear,Linear,XGBoost Classifier,0,0,0.028984353
02_linear,Linear,XGBoost Classifier,1,1,0.9999937
02_linear,Linear,XGBoost Classifier,0,0,0.018129623
02_linear,Linear,XGBoost Classifier,0,0,6.689898e-05
02_linear,Linear,XGBoost Classifier,0,0,0.018122328
02_linear,Linear,XGBoost Classifier,0,0,0.00046351354
02_linear,Linear,XGBoost Classifier,0,0,0.000193108
02_linear,Linear,XGBoost Classifier,1,1,0.9855906
02_linear,Linear,XGBoost Classifier,0,0,9.3399234e-05
02_linear,Linear,XGBoost Classifier,0,0,0.005335762
02_linear,Linear,XGBoost Classifier,0,0,3.9404204e-05
02_linear,Linear,XGBoost Classifier,0,0,2.4968755e-05
02_linear,Linear,XGBoost Classifier,0,0,0.00027989564
02_linear,Linear,XGBoost Classifier,0,0,0.0015426074
02_linear,Linear,XGBoost Classifier,1,1,0.9999994
02_linear,Linear,XGBoost Classifier,0,0,6.5767235e-05
02_linear,Linear,XGBoost Classifier,0,0,0.0007719484
02_linear,Linear,XGBoost Classifier,0,1,0.9856894
02_linear,Linear,XGBoost Classifier,0,0,0.00013161144
02_linear,Linear,XGBoost Classifier,0,0,0.0002916844
02_linear,Linear,XGBoost Classifier,0,0,0.004773505
02_linear,Linear,XGBoost Classifier,1,1,0.9999957
02_linear,Linear,XGBoost Classifier,0,0,8.88361e-05
02_linear,Linear,XGBoost Classifier,0,0,0.0008200677
02_linear,Linear,XGBoost Classifier,0,0,0.0009668349
02_linear,Linear,XGBoost Classifier,0,0,0.0021262255
02_linear,Linear,XGBoost Classifier,0,0,0.0004765899
02_linear,Linear,XGBoost Classifier,0,0,0.001462222
02_linear,Linear,XGBoost Classifier,1,1,0.9999982
02_linear,Linear,XGBoost Classifier,0,0,1.4288079e-05
02_linear,Linear,XGBoost Classifier,0,0,0.0003564342
02_linear,Linear,XGBoost Classifier,0,0,1.5406853e-05
02_linear,Linear,XGBoost Classifier,0,0,4.7136593e-05
02_linear,Linear,XGBoost Classifier,1,1,0.9999875
02_linear,Linear,XGBoost Classifier,0,0,0.0009997078
02_linear,Linear,XGBoost Classifier,0,0,0.0007771779
02_linear,Linear,XGBoost Classifier,0,0,0.031736165
02_linear,Linear,XGBoost Classifier,0,0,0.0014673908
02_linear,Linear,XGBoost Classifier,0,0,0.0035099604
02_linear,Linear,XGBoost Classifier,1,1,0.99996877
02_linear,Linear,XGBoost Classifier,0,0,0.12560889
02_linear,Linear,XGBoost Classifier,0,0,0.00016265543
02_linear,Linear,XGBoost Classifier,1,1,0.999985
02_linear,Linear,XGBoost Classifier,0,0,0.22959922
02_linear,Linear,XGBoost Classifier,0,0,0.00086523534
02_linear,Linear,XGBoost Classifier,0,0,5.582591e-05
02_linear,Linear,XGBoost Classifier,0,0,0.011535765
02_linear,Linear,XGBoost Classifier,0,0,4.5763292e-05
02_linear,Linear,XGBoost Classifier,0,0,0.0010040184
02_linear,Linear,XGBoost Classifier,0,0,0.0005777458
02_linear,Linear,XGBoost Classifier,1,1,0.99999475
02_linear,Linear,XGBoost Classifier,0,0,0.00055696495
02_linear,Linear,XGBoost Classifier,0,0,1.8147082e-05
02_linear,Linear,XGBoost Classifier,1,1,0.8785386
02_linear,Linear,XGBoost Classifier,0,0,0.00051815185
02_linear,Linear,XGBoost Classifier,0,0,0.0013572294
02_linear,Linear,XGBoost Classifier,1,1,0.9986541
02_linear,Linear,XGBoost Classifier,0,0,0.0019400968
02_linear,Linear,XGBoost Classifier,1,0,0.021955153
02_linear,Linear,XGBoost Classifier,0,0,8.324791e-05
02_linear,Linear,XGBoost Classifier,0,1,0.57713664
02_linear,Linear,XGBoost Classifier,0,0,0.0016037739
02_linear,Linear,XGBoost Classifier,0,0,0.002341472
02_linear,Linear,XGBoost Classifier,1,1,0.999881
02_linear,Linear,XGBoost Classifier,1,1,0.99994445
02_linear,Linear,XGBoost Classifier,0,0,0.0051629357
02_linear,Linear,XGBoost Classifier,0,0,8.863683e-05
02_linear,Linear,XGBoost Classifier,0,0,0.0067647668
02_linear,Linear,XGBoost Classifier,0,0,2.7504118e-05
02_linear,Linear,XGBoost Classifier,0,0,0.003897334
02_linear,Linear,XGBoost Classifier,0,0,0.0011468093
02_linear,Linear,XGBoost Classifier,0,0,0.07861212
02_linear,Linear,XGBoost Classifier,1,0,0.002085868
02_linear,Linear,XGBoost Classifier,0,0,0.00017497993
02_linear,Linear,XGBoost Classifier,0,0,0.0056567104
02_linear,Linear,XGBoost Classifier,0,0,0.0003441251
02_linear,Linear,XGBoost Classifier,0,0,0.29122066
02_linear,Linear,XGBoost Classifier,0,0,0.00012214745
02_linear,Linear,XGBoost Classifier,0,1,0.9339904
02_linear,Linear,XGBoost Classifier,0,0,0.00017943932
02_linear,Linear,XGBoost Classifier,0,0,0.0014362596
02_linear,Linear,XGBoost Classifier,1,1,0.99998856
02_linear,Linear,XGBoost Classifier,0,0,0.0001808604
02_linear,Linear,XGBoost Classifier,0,0,0.00014418835
02_linear,Linear,XGBoost Classifier,0,0,0.0008513854
02_linear,Linear,XGBoost Classifier,0,0,0.0006600341
02_linear,Linear,XGBoost Classifier,0,0,0.0022203657
02_linear,Linear,XGBoost Classifier,0,0,0.00011704361
02_linear,Linear,XGBoost Classifier,0,0,0.0003447
02_linear,Linear,XGBoost Classifier,0,0,0.0033353944
02_linear,Linear,XGBoost Classifier,0,0,0.008665103
02_linear,Linear,XGBoost Classifier,0,0,0.03105545
02_linear,Linear,XGBoost Classifier,1,0,0.32278374
02_linear,Linear,XGBoost Classifier,1,1,0.9999964
02_linear,Linear,XGBoost Classifier,1,1,0.9998447
02_linear,Linear,XGBoost Classifier,1,1,0.9999882
02_linear,Linear,XGBoost Classifier,0,1,0.9727006
02_linear,Linear,XGBoost Classifier,0,0,0.12440758
02_linear,Linear,XGBoost Classifier,0,0,8.3017374e-05
02_linear,Linear,XGBoost Classifier,0,0,0.00046078663
02_linear,Linear,XGBoost Classifier,0,0,0.001768239
02_linear,Linear,XGBoost Classifier,0,0,5.4550404e-05
02_linear,Linear,XGBoost Classifier,0,0,0.040196676
02_linear,Linear,XGBoost Classifier,0,0,0.049057793
02_linear,Linear,XGBoost Classifier,0,0,0.00014230018
02_linear,Linear,XGBoost Classifier,0,0,0.0049713533
02_linear,Linear,XGBoost Classifier,0,0,0.0024146824
02_linear,Linear,XGBoost Classifier,1,1,0.99946946
02_linear,Linear,XGBoost Classifier,1,1,0.9999727
02_linear,Linear,XGBoost Classifier,0,0,0.00014273368
02_linear,Linear,XGBoost Classifier,1,1,0.99346817
02_linear,Linear,XGBoost Classifier,0,0,3.111565e-05
02_linear,Linear,XGBoost Classifier,1,1,0.99367476
02_linear,Linear,XGBoost Classifier,0,0,0.00025974997
02_linear,Linear,XGBoost Classifier,0,0,2.0871714e-05
02_linear,Linear,XGBoost Classifier,0,0,0.001981254
02_linear,Linear,XGBoost Classifier,1,1,0.9989027
02_linear,Linear,XGBoost Classifier,0,0,0.00038561926
02_linear,Linear,XGBoost Classifier,0,0,0.06852197
02_linear,Linear,XGBoost Classifier,0,0,9.533143e-05
02_linear,Linear,XGBoost Classifier,0,0,0.022378637
02_linear,Linear,XGBoost Classifier,0,1,0.9603146
02_linear,Linear,XGBoost Classifier,0,0,1.850046e-05
02_linear,Linear,XGBoost Classifier,0,0,0.029273244
02_linear,Linear,XGBoost Classifier,0,0,0.0019443202
02_linear,Linear,XGBoost Classifier,0,0,0.0019623898
02_linear,Linear,XGBoost Classifier,0,0,0.0060431785
02_linear,Linear,XGBoost Classifier,1,1,0.99999666
02_linear,Linear,XGBoost Classifier,0,0,0.0021563065
02_linear,Linear,XGBoost Classifier,0,0,0.0022751896
02_linear,Linear,XGBoost Classifier,1,1,0.9999994
02_linear,Linear,XGBoost Classifier,0,0,0.0023938094
02_linear,Linear,XGBoost Classifier,1,1,0.9999969
02_linear,Linear,XGBoost Classifier,0,0,0.0028167858
02_linear,Linear,XGBoost Classifier,0,0,0.0027167406
02_linear,Linear,XGBoost Classifier,0,0,0.0030721494
02_linear,Linear,XGBoost Classifier,0,0,0.10251423
02_linear,Linear,XGBoost Classifier,0,0,0.0028037813
02_linear,Linear,XGBoost Classifier,0,0,0.00035661977
02_linear,Linear,XGBoost Classifier,0,0,0.0030244084
02_linear,Linear,XGBoost Classifier,1,1,0.99999917
02_linear,Linear,XGBoost Classifier,0,0,0.00016152608
02_linear,Linear,XGBoost Classifier,0,0,0.002301402
02_linear,Linear,XGBoost Classifier,0,0,5.1126965e-05
02_linear,Linear,XGBoost Classifier,1,1,0.99961406
02_linear,Linear,XGBoost Classifier,0,0,0.00018995436
02_linear,Linear,XGBoost Classifier,0,0,6.537493e-05
02_linear,Linear,XGBoost Classifier,0,0,0.0007019727
02_linear,Linear,XGBoost Classifier,0,0,0.0016274491
02_linear,Linear,XGBoost Classifier,0,0,5.2412113e-05
02_linear,Linear,XGBoost Classifier,1,1,0.99993527
02_linear,Linear,XGBoost Classifier,0,0,0.000326854
02_linear,Linear,XGBoost Classifier,1,1,0.9821447
02_linear,Linear,XGBoost Classifier,1,1,0.99998975
02_linear,Linear,XGBoost Classifier,0,0,0.0027941999
02_linear,Linear,XGBoost Classifier,0,0,0.1307341
02_linear,Linear,XGBoost Classifier,0,0,2.6881997e-05
02_linear,Linear,XGBoost Classifier,0,0,0.00071657443
02_linear,Linear,XGBoost Classifier,1,1,0.99998915
02_linear,Linear,XGBoost Classifier,0,0,4.894821e-05
02_linear,Linear,XGBoost Classifier,1,1,0.87763
02_linear,Linear,XGBoost Classifier,0,0,7.4532414e-05
02_linear,Linear,XGBoost Classifier,0,0,1.0838305e-05
02_linear,Linear,XGBoost Classifier,0,0,0.00010151419
02_linear,Linear,XGBoost Classifier,0,0,0.28448018
02_linear,Linear,XGBoost Classifier,1,1,0.9999651
02_linear,Linear,XGBoost Classifier,0,1,0.87679267
02_linear,Linear,XGBoost Classifier,0,0,0.002053769
02_linear,Linear,XGBoost Classifier,0,0,0.00025458544
02_linear,Linear,XGBoost Classifier,0,0,2.4133315e-05
02_linear,Linear,XGBoost Classifier,0,0,0.008901892
02_linear,Linear,XGBoost Classifier,0,1,0.92911166
02_linear,Linear,XGBoost Classifier,1,0,0.4240008
02_linear,Linear,XGBoost Classifier,0,0,0.000117786934
02_linear,Linear,XGBoost Classifier,0,0,0.006346787
02_linear,Linear,XGBoost Classifier,0,0,0.0058009233
02_linear,Linear,XGBoost Classifier,0,0,0.024099696
02_linear,Linear,XGBoost Classifier,0,0,5.5388573e-06
02_linear,Linear,XGBoost Classifier,0,0,4.7111473e-05
02_linear,Linear,XGBoost Classifier,0,0,0.0053157313
02_linear,Linear,XGBoost Classifier,0,0,0.0090348
02_linear,Linear,XGBoost Classifier,1,1,0.99999857
02_linear,Linear,XGBoost Classifier,0,0,0.00065737544
02_linear,Linear,XGBoost Classifier,0,0,5.6963836e-05
02_linear,Linear,XGBoost Classifier,0,0,0.3107394
02_linear,Linear,XGBoost Classifier,0,1,0.87035006
02_linear,Linear,XGBoost Classifier,1,1,0.999967
02_linear,Linear,XGBoost Classifier,0,0,0.0012052957
02_linear,Linear,XGBoost Classifier,1,1,0.99992573
02_linear,Linear,XGBoost Classifier,0,0,0.00015074108
02_linear,Linear,XGBoost Classifier,0,0,0.0011520057
02_linear,Linear,XGBoost Classifier,0,0,0.0020820156
02_linear,Linear,XGBoost Classifier,1,0,0.123045236
02_linear,Linear,XGBoost Classifier,0,0,5.550703e-05
02_linear,Linear,XGBoost Classifier,1,1,0.99999154
02_linear,Linear,XGBoost Classifier,0,0,2.6523303e-05
02_linear,Linear,XGBoost Classifier,0,0,5.184274e-05
02_linear,Linear,XGBoost Classifier,0,0,0.0021086961
02_linear,Linear,XGBoost Classifier,1,1,0.9164346
02_linear,Linear,XGBoost Classifier,0,0,6.1828337e-06
02_linear,Linear,XGBoost Classifier,0,0,9.4007824e-05
02_linear,Linear,XGBoost Classifier,0,0,0.000426787
02_linear,Linear,XGBoost Classifier,0,0,0.002786034
02_linear,Linear,XGBoost Classifier,0,0,1.7369039e-05
02_linear,Linear,XGBoost Classifier,0,0,0.00024364181
02_linear,Linear,XGBoost Classifier,0,0,1.4374703e-05
02_linear,Linear,XGBoost Classifier,0,0,1.0827984e-05
02_linear,Linear,XGBoost Classifier,0,0,0.0007105847
02_linear,Linear,XGBoost Classifier,1,1,0.9999919
02_linear,Linear,XGBoost Classifier,0,0,0.03931034
02_linear,Linear,XGBoost Classifier,0,0,0.0031122733
02_linear,Linear,XGBoost Classifier,1,1,0.9592992
02_linear,Linear,XGBoost Classifier,0,1,0.63659734
02_linear,Linear,XGBoost Classifier,0,0,0.006225996
02_linear,Linear,XGBoost Classifier,0,0,0.009445855
02_linear,Linear,XGBoost Classifier,1,1,0.9079645
02_linear,Linear,XGBoost Classifier,1,1,0.9998441
02_linear,Linear,XGBoost Classifier,1,1,0.999448
02_linear,Linear,XGBoost Classifier,0,0,0.00022570582
02_linear,Linear,XGBoost Classifier,0,0,2.5087667e-05
02_linear,Linear,XGBoost Classifier,0,0,9.467571e-05
02_linear,Linear,XGBoost Classifier,0,0,0.002712295
02_linear,Linear,XGBoost Classifier,1,1,0.9999
02_linear,Linear,XGBoost Classifier,0,0,2.9673198e-05
02_linear,Linear,XGBoost Classifier,1,1,0.99999344
02_linear,Linear,XGBoost Classifier,0,0,0.0005470714
02_linear,Linear,XGBoost Classifier,0,0,7.203962e-05
02_linear,Linear,XGBoost Classifier,1,1,0.9999089
02_linear,Linear,XGBoost Classifier,0,0,0.00013804542
02_linear,Linear,XGBoost Classifier,0,0,4.9424245e-05
02_linear,Linear,XGBoost Classifier,0,0,2.9252142e-05
02_linear,Linear,XGBoost Classifier,0,0,0.0039868555
02_linear,Linear,XGBoost Classifier,0,0,0.0007724966
02_linear,Linear,XGBoost Classifier,0,0,0.36805573
02_linear,Linear,XGBoost Classifier,0,0,5.0398667e-05
02_linear,Linear,XGBoost Classifier,0,0,0.0011404195
02_linear,Linear,XGBoost Classifier,0,0,0.00055289455
02_linear,Linear,XGBoost Classifier,0,0,0.00013538994
02_linear,Linear,XGBoost Classifier,1,1,0.9993923
02_linear,Linear,XGBoost Classifier,0,0,8.205176e-05
02_linear,Linear,XGBoost Classifier,0,0,6.9204216e-05
02_linear,Linear,XGBoost Classifier,0,0,0.0004371383
02_linear,Linear,XGBoost Classifier,0,0,0.00010597962
02_linear,Linear,XGBoost Classifier,0,0,0.000100449855
02_linear,Linear,XGBoost Classifier,1,0,0.36080587
02_linear,Linear,XGBoost Classifier,0,0,0.002162686
02_linear,Linear,XGBoost Classifier,0,0,0.00047502675
02_linear,Linear,XGBoost Classifier,1,1,0.99999595
02_linear,Linear,XGBoost Classifier,0,0,4.0942225e-05
02_linear,Linear,XGBoost Classifier,0,0,6.142936e-05
02_linear,Linear,XGBoost Classifier,0,0,2.8085973e-05
02_linear,Linear,XGBoost Classifier,0,0,1.8382607e-06
02_linear,Linear,XGBoost Classifier,0,0,0.00043158335
02_linear,Linear,XGBoost Classifier,1,1,0.9999888
02_linear,Linear,XGBoost Classifier,1,1,0.9994449
02_linear,Linear,XGBoost Classifier,1,1,0.95259374
02_linear,Linear,XGBoost Classifier,0,0,0.034371085
02_linear,Linear,XGBoost Classifier,1,1,0.93297905
02_linear,Linear,XGBoost Classifier,0,0,0.0009084598
02_linear,Linear,XGBoost Classifier,1,1,0.99958235
02_linear,Linear,XGBoost Classifier,0,0,0.026547784
02_linear,Linear,XGBoost Classifier,1,1,0.96761
02_linear,Linear,XGBoost Classifier,0,0,2.0309657e-05
02_linear,Linear,XGBoost Classifier,1,0,0.028440014
02_linear,Linear,XGBoost Classifier,0,0,0.0001322673
02_linear,Linear,XGBoost Classifier,0,0,0.34337598
02_linear,Linear,XGBoost Classifier,1,1,0.77729326
02_linear,Linear,XGBoost Classifier,0,0,0.00026507408
02_linear,Linear,XGBoost Classifier,1,1,0.9999392
02_linear,Linear,XGBoost Classifier,1,1,0.999985
02_linear,Linear,XGBoost Classifier,0,0,0.20365702
02_linear,Linear,XGBoost Classifier,0,0,3.207081e-05
02_linear,Linear,XGBoost Classifier,0,0,0.0069397097
02_linear,Linear,XGBoost Classifier,0,0,0.0029929513
02_linear,Linear,XGBoost Classifier,0,0,0.00357443
02_linear,Linear,XGBoost Classifier,1,1,0.9715551
02_linear,Linear,XGBoost Classifier,1,1,0.97837377
02_linear,Linear,XGBoost Classifier,0,0,4.3668068e-05
02_linear,Linear,XGBoost Classifier,0,0,0.07541355
02_linear,Linear,XGBoost Classifier,0,1,0.84009546
02_linear,Linear,XGBoost Classifier,0,0,0.19447333
02_linear,Linear,XGBoost Classifier,0,0,1.5650116e-06
02_linear,Linear,XGBoost Classifier,1,1,0.9990331
02_linear,Linear,XGBoost Classifier,1,1,0.99982494
02_linear,Linear,XGBoost Classifier,1,1,0.9999951
02_linear,Linear,XGBoost Classifier,0,0,0.0022554316
02_linear,Linear,XGBoost Classifier,0,0,0.00024977967
02_linear,Linear,XGBoost Classifier,0,0,2.5324194e-05
02_linear,Linear,XGBoost Classifier,1,1,0.99998355
02_linear,Linear,XGBoost Classifier,0,0,3.3340115e-05
02_linear,Linear,XGBoost Classifier,1,1,0.999582
02_linear,Linear,XGBoost Classifier,0,0,0.016086971
02_linear,Linear,XGBoost Classifier,0,0,0.0029154713
02_linear,Linear,XGBoost Classifier,1,0,0.03815467
02_linear,Linear,XGBoost Classifier,1,1,0.9999846
02_linear,Linear,XGBoost Classifier,1,1,0.9401662
02_linear,Linear,XGBoost Classifier,0,0,2.0630641e-05
02_linear,Linear,XGBoost Classifier,1,1,0.9999857
02_linear,Linear,XGBoost Classifier,0,0,0.000117689364
02_linear,Linear,XGBoost Classifier,0,0,0.00035265554
02_linear,Linear,XGBoost Classifier,1,1,0.9999939
02_linear,Linear,XGBoost Classifier,0,0,0.0005150918
02_linear,Linear,XGBoost Classifier,0,0,7.543695e-05
02_linear,Linear,XGBoost Classifier,0,0,0.17556468
02_linear,Linear,XGBoost Classifier,0,0,1.539064e-05
02_linear,Linear,XGBoost Classifier,0,0,3.612839e-05
02_linear,Linear,XGBoost Classifier,0,0,0.033461787
02_linear,Linear,XGBoost Classifier,0,0,0.00018415434
02_linear,Linear,XGBoost Classifier,0,0,0.0067616696
02_linear,Linear,XGBoost Classifier,1,1,0.9922117
02_linear,Linear,XGBoost Classifier,0,0,0.00015063376
02_linear,Linear,XGBoost Classifier,0,0,0.00039891808
02_linear,Linear,XGBoost Classifier,0,0,0.0021066803
02_linear,Linear,XGBoost Classifier,0,0,0.025382381
02_linear,Linear,XGBoost Classifier,1,1,0.9999914
02_linear,Linear,XGBoost Classifier,0,0,1.9931262e-05
02_linear,Linear,XGBoost Classifier,0,0,0.000101904276
02_linear,Linear,XGBoost Classifier,1,1,0.9999095
02_linear,Linear,XGBoost Classifier,0,0,8.3826e-05
02_linear,Linear,XGBoost Classifier,0,0,0.0015084832
02_linear,Linear,XGBoost Classifier,0,0,2.2195769e-05
02_linear,Linear,XGBoost Classifier,1,1,0.9972959
02_linear,Linear,XGBoost Classifier,1,1,0.9999815
02_linear,Linear,XGBoost Classifier,1,1,0.99986005
02_linear,Linear,XGBoost Classifier,0,0,4.2234486e-05
02_linear,Linear,XGBoost Classifier,0,0,6.59873e-05
02_linear,Linear,XGBoost Classifier,0,0,0.024941385
02_linear,Linear,XGBoost Classifier,0,0,0.1093531
02_linear,Linear,XGBoost Classifier,1,0,0.1340087
02_linear,Linear,XGBoost Classifier,1,1,0.9999968
02_linear,Linear,XGBoost Classifier,0,0,0.006380707
02_linear,Linear,XGBoost Classifier,0,0,0.0022519673
02_linear,Linear,XGBoost Classifier,0,0,0.00010993746
02_linear,Linear,XGBoost Classifier,1,1,0.99999857
02_linear,Linear,XGBoost Classifier,0,0,0.000267083
02_linear,Linear,XGBoost Classifier,0,0,0.0057600415
02_linear,Linear,XGBoost Classifier,1,1,0.99974245
02_linear,Linear,XGBoost Classifier,0,0,0.0023521194
02_linear,Linear,XGBoost Classifier,0,0,0.0028096642
02_linear,Linear,XGBoost Classifier,0,0,0.0026133014
02_linear,Linear,XGBoost Classifier,0,0,0.000162182
02_linear,Linear,XGBoost Classifier,0,0,0.0010639213
02_linear,Linear,XGBoost Classifier,0,0,9.587167e-05
02_linear,Linear,XGBoost Classifier,1,1,0.99998236
02_linear,Linear,XGBoost Classifier,0,0,0.011143189
02_linear,Linear,XGBoost Classifier,0,1,0.99193007
02_linear,Linear,XGBoost Classifier,0,0,0.001408629
02_linear,Linear,XGBoost Classifier,0,0,0.001064455
02_linear,Linear,XGBoost Classifier,0,0,7.533106e-05
02_linear,Linear,XGBoost Classifier,0,0,0.00039949047
02_linear,Linear,XGBoost Classifier,1,1,0.9664524
02_linear,Linear,XGBoost Classifier,0,0,0.00010317972
02_linear,Linear,XGBoost Classifier,0,0,8.670569e-05
02_linear,Linear,XGBoost Classifier,0,0,0.00018197838
02_linear,Linear,XGBoost Classifier,0,0,0.0002268099
02_linear,Linear,XGBoost Classifier,0,0,0.032760393
02_linear,Linear,XGBoost Classifier,1,1,0.99947196
02_linear,Linear,XGBoost Classifier,0,0,1.2867637e-05
02_linear,Linear,XGBoost Classifier,0,0,5.8123966e-05
02_linear,Linear,XGBoost Classifier,0,0,0.034911618
02_linear,Linear,XGBoost Classifier,0,0,0.0010196782
02_linear,Linear,XGBoost Classifier,0,0,0.010970855
02_linear,Linear,XGBoost Classifier,0,0,7.355478e-06
02_linear,Linear,XGBoost Classifier,0,0,0.0010470947
02_linear,Linear,XGBoost Classifier,0,0,0.09686745
02_linear,Linear,XGBoost Classifier,0,0,4.248465e-05
02_linear,Linear,XGBoost Classifier,0,0,0.0024269798
02_linear,Linear,XGBoost Classifier,0,0,0.00031942583
02_linear,Linear,XGBoost Classifier,0,0,2.3816976e-05
02_linear,Linear,XGBoost Classifier,0,0,0.00027430136
02_linear,Linear,XGBoost Classifier,0,0,0.002358692
02_linear,Linear,XGBoost Classifier,0,0,0.00012551142
02_linear,Linear,XGBoost Classifier,0,0,0.027252002
02_linear,Linear,XGBoost Classifier,1,1,0.9999969
02_linear,Linear,XGBoost Classifier,0,0,0.0002817465
02_linear,Linear,XGBoost Classifier,0,0,5.77159e-05
02_linear,Linear,XGBoost Classifier,1,1,0.9999918
02_linear,Linear,XGBoost Classifier,0,0,2.440719e-05
02_linear,Linear,XGBoost Classifier,0,0,2.9666748e-05
02_linear,Linear,XGBoost Classifier,0,0,0.0022570202
02_linear,Linear,XGBoost Classifier,0,0,0.0029442122
02_linear,Linear,XGBoost Classifier,0,0,0.04338054
02_linear,Linear,XGBoost Classifier,0,0,0.0020569596
02_linear,Linear,XGBoost Classifier,0,0,0.0024079082
02_linear,Linear,XGBoost Classifier,0,0,0.006228186
02_linear,Linear,XGBoost Classifier,0,0,0.0024018178
02_linear,Linear,XGBoost Classifier,1,1,0.99992776
02_linear,Linear,XGBoost Classifier,0,0,0.0017404634
02_linear,Linear,XGBoost Classifier,1,1,0.99986815
02_linear,Linear,XGBoost Classifier,1,1,0.99997485
02_linear,Linear,XGBoost Classifier,0,0,0.0038689242
02_linear,Linear,XGBoost Classifier,1,1,0.9998729
02_linear,Linear,XGBoost Classifier,0,0,0.0005534397
02_linear,Linear,XGBoost Classifier,1,1,0.9426705
02_linear,Linear,XGBoost Classifier,1,1,0.9999324
02_linear,Linear,XGBoost Classifier,1,1,0.9999341
02_linear,Linear,XGBoost Classifier,0,0,0.00060459727
02_linear,Linear,XGBoost Classifier,1,1,0.6837955
02_linear,Linear,XGBoost Classifier,0,0,0.13042663
02_linear,Linear,XGBoost Classifier,0,0,3.8563194e-05
02_linear,Linear,XGBoost Classifier,0,0,0.00017579518
02_linear,Linear,XGBoost Classifier,0,0,9.952529e-05
02_linear,Linear,XGBoost Classifier,0,0,0.0005234475
02_linear,Linear,XGBoost Classifier,0,0,0.0007609262
02_linear,Linear,XGBoost Classifier,0,0,0.00050154515
02_linear,Linear,XGBoost Classifier,0,0,0.0004706568
02_linear,Linear,XGBoost Classifier,1,1,0.9998167
02_linear,Linear,XGBoost Classifier,0,0,0.0020519441
02_linear,Linear,XGBoost Classifier,0,0,0.00012883243
02_linear,Linear,XGBoost Classifier,0,0,0.0015081738
02_linear,Linear,XGBoost Classifier,1,1,0.9992036
02_linear,Linear,XGBoost Classifier,0,0,0.01539609
02_linear,Linear,XGBoost Classifier,1,0,0.11023079
02_linear,Linear,XGBoost Classifier,0,0,3.8050216e-06
02_linear,Linear,XGBoost Classifier,1,1,0.99961215
02_linear,Linear,XGBoost Classifier,0,0,0.02730917
02_linear,Linear,XGBoost Classifier,0,0,6.6270506e-05
02_linear,Linear,XGBoost Classifier,1,1,0.99979895
02_linear,Linear,XGBoost Classifier,0,0,0.006602076
02_linear,Linear,XGBoost Classifier,0,0,0.000112053596
02_linear,Linear,XGBoost Classifier,1,1,0.99998903
02_linear,Linear,XGBoost Classifier,0,0,0.00017395584
02_linear,Linear,XGBoost Classifier,0,0,2.971695e-05
02_linear,Linear,XGBoost Classifier,0,0,0.0059408774
02_linear,Linear,XGBoost Classifier,0,0,3.017754e-05
02_linear,Linear,XGBoost Classifier,1,1,0.99201113
02_linear,Linear,XGBoost Classifier,0,0,0.0005628338
02_linear,Linear,XGBoost Classifier,0,0,0.035771284
02_linear,Linear,XGBoost Classifier,0,0,0.0017123357
02_linear,Linear,XGBoost Classifier,0,0,3.3263645e-05
02_linear,Linear,XGBoost Classifier,1,1,0.9969885
02_linear,Linear,XGBoost Classifier,0,0,0.004361585
02_linear,Linear,XGBoost Classifier,0,0,0.0005053749
02_linear,Linear,XGBoost Classifier,0,0,0.0006300807
02_linear,Linear,XGBoost Classifier,1,1,0.9999926
02_linear,Linear,XGBoost Classifier,0,0,5.534745e-05
02_linear,Linear,XGBoost Classifier,1,1,0.99999595
02_linear,Linear,XGBoost Classifier,0,0,0.0014569688
02_linear,Linear,XGBoost Classifier,0,0,2.1114988e-06
02_linear,Linear,XGBoost Classifier,0,0,1.9135714e-06
02_linear,Linear,XGBoost Classifier,0,0,0.009529194
02_linear,Linear,XGBoost Classifier,0,0,0.0025237508
02_linear,Linear,XGBoost Classifier,1,1,0.99954873
02_linear,Linear,XGBoost Classifier,0,0,5.6635923e-05
02_linear,Linear,XGBoost Classifier,1,1,0.9999937
02_linear,Linear,XGBoost Classifier,0,0,0.0017462124
02_linear,Linear,XGBoost Classifier,1,1,0.950254
02_linear,Linear,XGBoost Classifier,0,0,0.005076715
02_linear,Linear,XGBoost Classifier,1,1,0.99999845
02_linear,Linear,XGBoost Classifier,1,1,0.99999595
02_linear,Linear,XGBoost Classifier,0,0,0.27926564
02_linear,Linear,XGBoost Classifier,0,0,1.4489681e-05
02_linear,Linear,XGBoost Classifier,1,1,0.99999
02_linear,Linear,XGBoost Classifier,0,0,0.00043432007
02_linear,Linear,XGBoost Classifier,0,0,1.5366411e-05
02_linear,Linear,XGBoost Classifier,0,0,3.079377e-05
02_linear,Linear,XGBoost Classifier,0,0,0.00027186182
02_linear,Linear,XGBoost Classifier,1,1,0.99999344
02_linear,Linear,XGBoost Classifier,1,1,0.99996746
02_linear,Linear,XGBoost Classifier,0,0,0.00022990379
02_linear,Linear,XGBoost Classifier,0,0,8.504226e-05
02_linear,Linear,XGBoost Classifier,1,1,0.99950993
02_linear,Linear,XGBoost Classifier,0,0,0.0024920048
02_linear,Linear,XGBoost Classifier,0,0,2.546293e-05
02_linear,Linear,XGBoost Classifier,1,1,0.9994351
02_linear,Linear,XGBoost Classifier,1,1,0.99998975
02_linear,Linear,XGBoost Classifier,0,0,1.8862049e-05
02_linear,Linear,XGBoost Classifier,1,1,0.9999738
02_linear,Linear,XGBoost Classifier,0,0,0.009649241
02_linear,Linear,XGBoost Classifier,1,1,0.99998534
02_linear,Linear,XGBoost Classifier,0,0,7.63521e-05
02_linear,Linear,XGBoost Classifier,0,0,0.0056157717
02_linear,Linear,XGBoost Classifier,0,0,0.0020379683
02_linear,Linear,XGBoost Classifier,0,0,0.0007326706
02_linear,Linear,XGBoost Classifier,0,0,0.0001865083
02_linear,Linear,XGBoost Classifier,0,0,1.0179526e-05
02_linear,Linear,XGBoost Classifier,1,1,0.99982435
02_linear,Linear,XGBoost Classifier,0,0,0.080169216
02_linear,Linear,XGBoost Classifier,0,0,0.0004650058
02_linear,Linear,XGBoost Classifier,0,0,0.00036160057
02_linear,Linear,XGBoost Classifier,1,1,0.99998105
02_linear,Linear,XGBoost Classifier,1,1,0.9999813
02_linear,Linear,XGBoost Classifier,0,0,9.123315e-05
02_linear,Linear,XGBoost Classifier,0,0,0.0002913609
02_linear,Linear,XGBoost Classifier,0,0,0.000281779
02_linear,Linear,XGBoost Classifier,0,0,3.1797546e-05
02_linear,Linear,XGBoost Classifier,1,1,0.99998915
02_linear,Linear,XGBoost Classifier,0,0,0.0015064885
02_linear,Linear,XGBoost Classifier,0,0,0.00066207815
02_linear,Linear,XGBoost Classifier,0,0,0.00013297623
02_linear,Linear,XGBoost Classifier,0,0,8.823177e-06
02_linear,Linear,XGBoost Classifier,0,0,0.00034407785
02_linear,Linear,XGBoost Classifier,0,0,0.00054771075
02_linear,Linear,XGBoost Classifier,0,0,6.83538e-05
02_linear,Linear,XGBoost Classifier,0,0,0.015850693
02_linear,Linear,XGBoost Classifier,0,0,0.0030883295
02_linear,Linear,XGBoost Classifier,0,0,0.00027768235
02_linear,Linear,XGBoost Classifier,0,1,0.9548943
02_linear,Linear,XGBoost Classifier,0,0,1.7941089e-05
02_linear,Linear,XGBoost Classifier,0,0,0.03021435
02_linear,Linear,XGBoost Classifier,0,0,0.008110998
02_linear,Linear,XGBoost Classifier,0,0,0.002122763
02_linear,Linear,XGBoost Classifier,0,0,0.009917972
02_linear,Linear,XGBoost Classifier,0,0,1.5175299e-06
02_linear,Linear,XGBoost Classifier,0,0,5.038598e-05
02_linear,Linear,XGBoost Classifier,0,0,1.1827045e-05
02_linear,Linear,XGBoost Classifier,0,0,0.0015601233
02_linear,Linear,XGBoost Classifier,0,0,0.005022408
02_linear,Linear,XGBoost Classifier,0,0,0.0012050138
02_linear,Linear,XGBoost Classifier,0,0,0.00017201793
02_linear,Linear,XGBoost Classifier,0,0,4.106254e-05
02_linear,Linear,XGBoost Classifier,0,0,0.006111678
02_linear,Linear,XGBoost Classifier,0,0,0.009345536
02_linear,Linear,XGBoost Classifier,0,0,0.022059955
02_linear,Linear,XGBoost Classifier,0,0,1.2145431e-05
02_linear,Linear,XGBoost Classifier,1,1,0.99999356
02_linear,Linear,XGBoost Classifier,0,0,0.0016405937
02_linear,Linear,XGBoost Classifier,0,0,0.0004281366
02_linear,Linear,XGBoost Classifier,0,0,0.00047157766
02_linear,Linear,XGBoost Classifier,0,0,0.00019852255
02_linear,Linear,XGBoost Classifier,0,0,0.0008830724
02_linear,Linear,XGBoost Classifier,1,0,0.30886105
02_linear,Linear,XGBoost Classifier,0,0,0.0001987021
02_linear,Linear,XGBoost Classifier,0,0,1.3780324e-05
02_linear,Linear,XGBoost Classifier,1,1,0.99999917
02_linear,Linear,XGBoost Classifier,1,1,0.99997735
02_linear,Linear,XGBoost Classifier,0,0,0.00049408845
02_linear,Linear,XGBoost Classifier,0,0,0.00026717366
02_linear,Linear,XGBoost Classifier,0,0,6.3820014e-05
02_linear,Linear,XGBoost Classifier,1,1,0.99999774
02_linear,Linear,XGBoost Classifier,0,0,0.0011884029
02_linear,Linear,XGBoost Classifier,0,1,0.6714275
02_linear,Linear,XGBoost Classifier,0,0,0.0021582146
02_linear,Linear,XGBoost Classifier,0,0,6.6863904e-05
02_linear,Linear,XGBoost Classifier,0,0,0.00041601196
02_linear,Linear,XGBoost Classifier,0,0,0.00035129473
02_linear,Linear,XGBoost Classifier,0,0,0.089330375
02_linear,Linear,XGBoost Classifier,0,0,0.0127523
02_linear,Linear,XGBoost Classifier,0,0,0.17788595
02_linear,Linear,XGBoost Classifier,0,0,6.792113e-05
02_linear,Linear,XGBoost Classifier,0,0,0.00045026516
02_linear,Linear,XGBoost Classifier,0,0,0.0063474723
02_linear,Linear,XGBoost Classifier,0,0,0.00022855462
02_linear,Linear,XGBoost Classifier,1,1,0.99995685
02_linear,Linear,XGBoost Classifier,1,1,0.99999666
02_linear,Linear,XGBoost Classifier,0,0,0.040324528
02_linear,Linear,XGBoost Classifier,1,1,0.9987418
02_linear,Linear,XGBoost Classifier,0,0,0.004511664
02_linear,Linear,XGBoost Classifier,0,0,0.00011198362
02_linear,Linear,XGBoost Classifier,1,1,0.9998287
02_linear,Linear,XGBoost Classifier,0,0,0.0046102833
02_linear,Linear,XGBoost Classifier,0,0,0.002644334
02_linear,Linear,XGBoost Classifier,0,0,0.0012007676
02_linear,Linear,XGBoost Classifier,0,0,0.00064946606
02_linear,Linear,XGBoost Classifier,0,0,3.9651404e-05
02_linear,Linear,XGBoost Classifier,0,0,0.0010720198
02_linear,Linear,XGBoost Classifier,0,0,0.05096237
02_linear,Linear,XGBoost Classifier,0,0,0.00031972257
02_linear,Linear,XGBoost Classifier,0,0,0.0008031839
02_linear,Linear,XGBoost Classifier,0,0,0.001039221
02_linear,Linear,XGBoost Classifier,0,0,0.0010621051
02_linear,Linear,XGBoost Classifier,0,0,1.2611937e-05
02_linear,Linear,XGBoost Classifier,0,1,0.57713664
02_linear,Linear,XGBoost Classifier,0,0,0.0010442347
02_linear,Linear,XGBoost Classifier,0,0,0.01229851
02_linear,Linear,XGBoost Classifier,0,0,0.0002581661
02_linear,Linear,XGBoost Classifier,0,0,5.46974e-05
02_linear,Linear,XGBoost Classifier,0,0,0.005218848
02_linear,Linear,XGBoost Classifier,0,0,1.7470472e-06
02_linear,Linear,XGBoost Classifier,1,1,0.99999356
02_linear,Linear,XGBoost Classifier,0,0,0.0008333351
02_linear,Linear,XGBoost Classifier,1,1,0.9998919
02_linear,Linear,XGBoost Classifier,0,0,0.00020747914
02_linear,Linear,XGBoost Classifier,0,0,0.0054396726
02_linear,Linear,XGBoost Classifier,0,0,0.008580158
02_linear,Linear,XGBoost Classifier,0,0,0.0013780468
02_linear,Linear,XGBoost Classifier,0,0,0.0107623795
02_linear,Linear,XGBoost Classifier,0,0,0.0020454223
02_linear,Linear,XGBoost Classifier,0,0,0.0064891735
02_linear,Linear,XGBoost Classifier,1,1,0.9999988
02_linear,Linear,XGBoost Classifier,0,0,2.5401523e-05
02_linear,Linear,XGBoost Classifier,0,0,0.002066753
02_linear,Linear,XGBoost Classifier,0,0,0.0001251629
02_linear,Linear,XGBoost Classifier,1,1,0.9999689
02_linear,Linear,XGBoost Classifier,0,0,9.3335315e-05
02_linear,Linear,XGBoost Classifier,1,1,0.9994885
02_linear,Linear,XGBoost Classifier,0,0,6.452602e-05
02_linear,Linear,XGBoost Classifier,0,0,0.0022104376
02_linear,Linear,XGBoost Classifier,0,0,0.00031241978
02_linear,Linear,XGBoost Classifier,1,1,0.99998724
02_linear,Linear,XGBoost Classifier,0,0,1.15179255e-05
02_linear,Linear,XGBoost Classifier,0,0,0.00013065987
02_linear,Linear,XGBoost Classifier,0,0,0.0008645316
02_linear,Linear,XGBoost Classifier,0,0,0.00053227594
02_linear,Linear,XGBoost Classifier,1,1,0.9128409
02_linear,Linear,XGBoost Classifier,0,0,1.2329505e-05
02_linear,Linear,XGBoost Classifier,0,0,0.004561281
02_linear,Linear,XGBoost Classifier,0,0,0.00023953653
02_linear,Linear,XGBoost Classifier,1,1,0.99999845
02_linear,Linear,XGBoost Classifier,0,0,0.0016734565
02_linear,Linear,XGBoost Classifier,0,0,0.00012682842
02_linear,Linear,XGBoost Classifier,1,1,0.9999883
02_linear,Linear,XGBoost Classifier,0,0,3.1871412e-05
02_linear,Linear,XGBoost Classifier,0,0,0.00059807993
02_linear,Linear,XGBoost Classifier,1,1,0.99999213
02_linear,Linear,XGBoost Classifier,1,1,0.99999523
02_linear,Linear,XGBoost Classifier,0,0,0.023593368
02_linear,Linear,XGBoost Classifier,0,0,0.0004983005
02_linear,Linear,XGBoost Classifier,0,0,3.3272907e-05
02_linear,Linear,XGBoost Classifier,0,0,7.424767e-05
02_linear,Linear,XGBoost Classifier,0,0,0.0024696188
02_linear,Linear,XGBoost Classifier,0,0,0.00018170547
02_linear,Linear,XGBoost Classifier,0,0,4.585464e-05
02_linear,Linear,XGBoost Classifier,0,0,0.00028893407
02_linear,Linear,XGBoost Classifier,1,1,0.9999845
02_linear,Linear,XGBoost Classifier,0,0,0.00028835807
02_linear,Linear,XGBoost Classifier,0,0,0.0066702296
02_linear,Linear,XGBoost Classifier,0,0,2.8110946e-05
02_linear,Linear,XGBoost Classifier,1,1,0.99999714
02_linear,Linear,XGBoost Classifier,0,0,0.00028710553
02_linear,Linear,XGBoost Classifier,1,1,0.99995255
02_linear,Linear,XGBoost Classifier,0,0,0.00024405707
02_linear,Linear,XGBoost Classifier,1,1,0.99999356
02_linear,Linear,XGBoost Classifier,0,0,0.00063066557
02_linear,Linear,XGBoost Classifier,0,0,0.007882548
02_linear,Linear,XGBoost Classifier,0,0,0.029446881
02_linear,Linear,XGBoost Classifier,0,0,0.00011169451
02_linear,Linear,XGBoost Classifier,0,0,0.0004825764
02_linear,Linear,XGBoost Classifier,0,0,4.752712e-05
02_linear,Linear,XGBoost Classifier,0,0,0.08181162
02_linear,Linear,XGBoost Classifier,1,1,0.99998677
02_linear,Linear,XGBoost Classifier,1,1,0.9996189
02_linear,Linear,XGBoost Classifier,0,0,0.0023513406
02_linear,Linear,XGBoost Classifier,0,0,9.17122e-05
02_linear,Linear,XGBoost Classifier,1,1,0.99999964
02_linear,Linear,XGBoost Classifier,0,0,0.00014933804
02_linear,Linear,XGBoost Classifier,0,0,0.00083121797
02_linear,Linear,XGBoost Classifier,0,0,0.00028667582
02_linear,Linear,XGBoost Classifier,1,1,0.99994636
02_linear,Linear,XGBoost Classifier,0,0,5.9710183e-05
02_linear,Linear,XGBoost Classifier,0,0,0.006072331
02_linear,Linear,XGBoost Classifier,1,1,0.9999918
02_linear,Linear,XGBoost Classifier,0,0,1.9181527e-05
02_linear,Linear,XGBoost Classifier,0,0,5.8630274e-05
02_linear,Linear,XGBoost Classifier,0,0,0.021168502
02_linear,Linear,XGBoost Classifier,0,0,0.00056334713
02_linear,Linear,XGBoost Classifier,0,0,0.003607603
02_linear,Linear,XGBoost Classifier,0,0,1.5569725e-05
02_linear,Linear,XGBoost Classifier,0,0,0.00010030953
02_linear,Linear,XGBoost Classifier,0,0,4.119813e-05
02_linear,Linear,XGBoost Classifier,0,0,0.0574041
02_linear,Linear,XGBoost Classifier,1,1,0.99999535
02_linear,Linear,XGBoost Classifier,0,0,7.62783e-05
02_linear,Linear,XGBoost Classifier,1,1,0.9999964
02_linear,Linear,XGBoost Classifier,0,0,0.00024929788
02_linear,Linear,XGBoost Classifier,0,0,0.0056253443
02_linear,Linear,XGBoost Classifier,0,0,0.00011113016
02_linear,Linear,XGBoost Classifier,0,0,0.00033561015
02_linear,Linear,XGBoost Classifier,1,1,0.97978985
02_linear,Linear,XGBoost Classifier,0,0,0.0003983644
02_linear,Linear,XGBoost Classifier,1,1,0.99940896
02_linear,Linear,XGBoost Classifier,0,0,0.0009530686
02_linear,Linear,XGBoost Classifier,0,0,0.012528404
02_linear,Linear,XGBoost Classifier,1,1,0.9999958
02_linear,Linear,XGBoost Classifier,0,0,1.7266908e-05
02_linear,Linear,XGBoost Classifier,0,0,0.0011915115
02_linear,Linear,XGBoost Classifier,0,0,0.00013285127
02_linear,Linear,XGBoost Classifier,0,0,0.017120523
02_linear,Linear,XGBoost Classifier,0,0,5.9981543e-05
02_linear,Linear,XGBoost Classifier,0,0,0.0014476321
02_linear,Linear,XGBoost Classifier,0,0,0.00072651386
02_linear,Linear,XGBoost Classifier,0,0,1.8589611e-05
02_linear,Linear,XGBoost Classifier,1,1,0.9991524
02_linear,Linear,XGBoost Classifier,0,0,1.4988242e-05
02_linear,Linear,XGBoost Classifier,0,0,0.029224975
02_linear,Linear,XGBoost Classifier,0,0,0.00016357431
02_linear,Linear,XGBoost Classifier,0,0,4.5017885e-05
02_linear,Linear,XGBoost Classifier,0,0,0.00064663735
02_linear,Linear,XGBoost Classifier,0,0,2.1086484e-05
02_linear,Linear,XGBoost Classifier,0,0,0.0014247701
02_linear,Linear,XGBoost Classifier,1,1,0.99999523
02_linear,Linear,XGBoost Classifier,0,0,0.011981318
02_linear,Linear,XGBoost Classifier,0,0,0.00020548185
02_linear,Linear,XGBoost Classifier,0,0,0.0008475589
02_linear,Linear,XGBoost Classifier,0,0,0.0002209185
02_linear,Linear,XGBoost Classifier,1,1,0.99995816
02_linear,Linear,XGBoost Classifier,0,0,0.00047732715
02_linear,Linear,XGBoost Classifier,1,1,0.99998045
02_linear,Linear,XGBoost Classifier,0,0,4.479883e-05
02_linear,Linear,XGBoost Classifier,0,0,5.7871595e-05
02_linear,Linear,XGBoost Classifier,1,0,0.4550488
02_linear,Linear,XGBoost Classifier,0,0,6.44663e-05
02_linear,Linear,XGBoost Classifier,1,1,0.99999285
02_linear,Linear,XGBoost Classifier,0,1,0.9760561
02_linear,Linear,XGBoost Classifier,1,1,0.9997274
02_linear,Linear,XGBoost Classifier,0,0,0.00010258158
02_linear,Linear,XGBoost Classifier,0,0,0.012025783
02_linear,Linear,XGBoost Classifier,0,0,0.01314533
02_linear,Linear,XGBoost Classifier,0,0,0.00013116543
02_linear,Linear,XGBoost Classifier,0,0,0.0034356932
02_linear,Linear,XGBoost Classifier,0,0,3.9061975e-05
02_linear,Linear,XGBoost Classifier,1,1,0.999972
02_linear,Linear,XGBoost Classifier,0,0,0.0009821956
02_linear,Linear,XGBoost Classifier,0,0,0.0020592343
02_linear,Linear,XGBoost Classifier,0,0,0.00025152255
02_linear,Linear,XGBoost Classifier,1,1,0.6742518
02_linear,Linear,XGBoost Classifier,1,1,0.9995339
02_linear,Linear,XGBoost Classifier,0,0,5.3070777e-05
02_linear,Linear,XGBoost Classifier,0,0,0.00032280406
02_linear,Linear,XGBoost Classifier,0,0,0.022740846
02_linear,Linear,XGBoost Classifier,0,0,2.4176552e-05
02_linear,Linear,XGBoost Classifier,0,0,0.00025818654
02_linear,Linear,XGBoost Classifier,0,0,6.713282e-05
02_linear,Linear,XGBoost Classifier,0,0,0.00021174196
02_linear,Linear,XGBoost Classifier,0,0,7.2479444e-05
02_linear,Linear,XGBoost Classifier,0,0,0.0002933871
02_linear,Linear,XGBoost Classifier,1,1,0.95412546
02_linear,Linear,XGBoost Classifier,0,0,0.0031726724
02_linear,Linear,XGBoost Classifier,0,0,0.00021077269
02_linear,Linear,XGBoost Classifier,0,0,0.043557778
02_linear,Linear,XGBoost Classifier,1,1,0.99958605
02_linear,Linear,XGBoost Classifier,0,0,0.012269703
02_linear,Linear,XGBoost Classifier,0,0,3.834606e-05
02_linear,Linear,XGBoost Classifier,1,1,0.999998
02_linear,Linear,XGBoost Classifier,0,0,5.6251713e-05
02_linear,Linear,XGBoost Classifier,0,0,0.0001794003
02_linear,Linear,XGBoost Classifier,1,1,0.99917525
02_linear,Linear,XGBoost Classifier,0,1,0.95098335
02_linear,Linear,XGBoost Classifier,0,0,0.0030390485
02_linear,Linear,XGBoost Classifier,1,1,0.9999963
02_linear,Linear,XGBoost Classifier,0,0,7.6270015e-05
02_linear,Linear,XGBoost Classifier,0,0,8.628528e-05
02_linear,Linear,XGBoost Classifier,0,0,0.0002054801
02_linear,Linear,XGBoost Classifier,0,0,4.1340405e-05
02_linear,Linear,XGBoost Classifier,0,0,0.0024047398
02_linear,Linear,XGBoost Classifier,0,0,8.619343e-05
02_linear,Linear,XGBoost Classifier,0,0,4.8837752e-05
02_linear,Linear,XGBoost Classifier,0,0,0.015000495
02_linear,Linear,XGBoost Classifier,0,0,3.695603e-05
02_linear,Linear,XGBoost Classifier,0,0,5.7264046e-05
02_linear,Linear,XGBoost Classifier,0,0,0.0015381712
02_linear,Linear,XGBoost Classifier,1,1,0.9999981
02_linear,Linear,XGBoost Classifier,0,0,0.0030836642
02_linear,Linear,XGBoost Classifier,0,0,6.66387e-05
02_linear,Linear,XGBoost Classifier,0,0,0.00070243946
02_linear,Linear,XGBoost Classifier,0,0,0.00010594072
02_linear,Linear,XGBoost Classifier,0,0,0.00012573386
02_linear,Linear,XGBoost Classifier,0,0,0.00011850615
02_linear,Linear,XGBoost Classifier,0,0,7.06421e-05
02_linear,Linear,XGBoost Classifier,0,0,1.3307277e-05
02_linear,Linear,XGBoost Classifier,1,1,0.9999846
02_linear,Linear,XGBoost Classifier,1,1,0.9999995
02_linear,Linear,XGBoost Classifier,0,0,0.0004199172
02_linear,Linear,XGBoost Classifier,1,1,0.9349631
02_linear,Linear,XGBoost Classifier,1,1,0.99998355
02_linear,Linear,XGBoost Classifier,0,0,0.001282832
02_linear,Linear,XGBoost Classifier,1,1,0.99119085
02_linear,Linear,XGBoost Classifier,1,1,0.97540295
02_linear,Linear,XGBoost Classifier,0,0,0.0004305692
02_linear,Linear,XGBoost Classifier,0,0,0.0002541765
02_linear,Linear,XGBoost Classifier,0,0,0.0017800243
02_linear,Linear,XGBoost Classifier,0,0,0.018853623
02_linear,Linear,XGBoost Classifier,0,0,0.0004929425
02_linear,Linear,XGBoost Classifier,0,0,4.3329117e-05
02_linear,Linear,XGBoost Classifier,0,0,0.014785907
02_linear,Linear,XGBoost Classifier,0,0,0.00010202104
02_linear,Linear,XGBoost Classifier,0,0,6.134179e-05
02_linear,Linear,XGBoost Classifier,1,1,0.8297697
02_linear,Linear,XGBoost Classifier,1,1,0.9999869
02_linear,Linear,XGBoost Classifier,0,0,0.0128454445
02_linear,Linear,XGBoost Classifier,0,0,0.0005765999
02_linear,Linear,XGBoost Classifier,1,1,0.999892
02_linear,Linear,XGBoost Classifier,0,0,0.016443456
02_linear,Linear,XGBoost Classifier,0,0,4.2399537e-05
02_linear,Linear,XGBoost Classifier,0,0,4.12157e-05
02_linear,Linear,XGBoost Classifier,0,0,9.192347e-05
02_linear,Linear,XGBoost Classifier,0,0,0.00021692822
02_linear,Linear,XGBoost Classifier,1,1,0.9999207
02_linear,Linear,XGBoost Classifier,0,0,0.00076049886
02_linear,Linear,XGBoost Classifier,1,1,0.9929132
02_linear,Linear,XGBoost Classifier,0,0,0.0009841861
02_linear,Linear,XGBoost Classifier,1,1,0.99999166
02_linear,Linear,XGBoost Classifier,0,0,0.0031279724
02_linear,Linear,XGBoost Classifier,0,0,0.0188017
02_linear,Linear,XGBoost Classifier,0,0,0.000380521
02_linear,Linear,XGBoost Classifier,0,0,0.0028181456
02_linear,Linear,XGBoost Classifier,0,0,4.2752854e-05
02_linear,Linear,XGBoost Classifier,0,0,7.1851086e-05
02_linear,Linear,XGBoost Classifier,0,0,0.0023722
02_linear,Linear,XGBoost Classifier,1,1,0.9999939
02_linear,Linear,XGBoost Classifier,0,0,0.00036029608
02_linear,Linear,XGBoost Classifier,1,1,0.9757456
02_linear,Linear,XGBoost Classifier,0,0,0.009615962
02_linear,Linear,XGBoost Classifier,0,0,0.0057746456
02_linear,Linear,XGBoost Classifier,0,0,0.00039651018
02_linear,Linear,XGBoost Classifier,0,0,0.04341318
02_linear,Linear,XGBoost Classifier,1,1,0.9776015
02_linear,Linear,XGBoost Classifier,0,0,4.8537582e-05
02_linear,Linear,XGBoost Classifier,0,0,0.009336103
02_linear,Linear,XGBoost Classifier,0,0,0.0019621358
02_linear,Linear,XGBoost Classifier,0,0,7.5035846e-06
02_linear,Linear,XGBoost Classifier,1,1,0.9958407
02_linear,Linear,XGBoost Classifier,0,0,0.00073696737
02_linear,Linear,XGBoost Classifier,0,0,3.185391e-05
02_linear,Linear,XGBoost Classifier,0,0,0.00060214405
02_linear,Linear,XGBoost Classifier,0,0,0.0008515173
02_linear,Linear,XGBoost Classifier,1,0,0.011112624
02_linear,Linear,XGBoost Classifier,0,0,0.0057576583
02_linear,Linear,XGBoost Classifier,0,0,0.013943314
02_linear,Linear,XGBoost Classifier,0,0,0.00016595173
02_linear,Linear,XGBoost Classifier,0,0,0.052344095
02_linear,Linear,XGBoost Classifier,1,1,0.9991252
02_linear,Linear,XGBoost Classifier,0,0,0.005440387
02_linear,Linear,XGBoost Classifier,0,0,0.0004327608
02_linear,Linear,XGBoost Classifier,0,0,0.32092872
02_linear,Linear,XGBoost Classifier,0,0,0.00014577011
02_linear,Linear,XGBoost Classifier,1,1,0.92468995
02_linear,Linear,XGBoost Classifier,0,0,0.0012884764
02_linear,Linear,XGBoost Classifier,0,0,0.022925975
02_linear,Linear,XGBoost Classifier,0,0,0.0006977255
02_linear,Linear,XGBoost Classifier,0,0,2.5762238e-05
02_linear,Linear,XGBoost Classifier,0,0,8.535228e-05
02_linear,Linear,XGBoost Classifier,1,1,0.9990274
02_linear,Linear,XGBoost Classifier,0,0,0.0053445892
02_linear,Linear,XGBoost Classifier,1,1,0.99995995
02_linear,Linear,XGBoost Classifier,0,0,0.015735028
02_linear,Linear,XGBoost Classifier,1,1,0.9999988
02_linear,Linear,XGBoost Classifier,0,0,0.00032944558
02_linear,Linear,XGBoost Classifier,0,0,0.00059042755
02_linear,Linear,XGBoost Classifier,0,1,0.97041
02_linear,Linear,XGBoost Classifier,0,0,0.0020204613
02_linear,Linear,XGBoost Classifier,0,0,0.0049783047
02_linear,Linear,XGBoost Classifier,0,0,0.000121333454
02_linear,Linear,XGBoost Classifier,0,0,0.00027077485
02_linear,Linear,XGBoost Classifier,0,0,2.3796201e-05
02_linear,Linear,XGBoost Classifier,0,0,0.064245895
02_linear,Linear,XGBoost Classifier,0,0,0.00042086656
02_linear,Linear,XGBoost Classifier,0,0,2.319277e-06
02_linear,Linear,XGBoost Classifier,1,1,0.9999695
02_linear,Linear,XGBoost Classifier,0,0,6.0965525e-05
02_linear,Linear,XGBoost Classifier,1,1,0.99999225
02_linear,Linear,XGBoost Classifier,0,0,0.0072731543
02_linear,Linear,XGBoost Classifier,1,1,0.99999964
02_linear,Linear,XGBoost Classifier,0,0,0.035317946
02_linear,Linear,XGBoost Classifier,0,0,0.025412045
02_linear,Linear,XGBoost Classifier,1,1,0.99999297
02_linear,Linear,XGBoost Classifier,0,0,0.00020573987
02_linear,Linear,XGBoost Classifier,0,0,0.0003583965
02_linear,Linear,XGBoost Classifier,0,0,0.0021511016
02_linear,Linear,XGBoost Classifier,0,0,0.013798757
02_linear,Linear,XGBoost Classifier,0,0,0.00020867784
02_linear,Linear,XGBoost Classifier,0,0,0.00017013111
02_linear,Linear,XGBoost Classifier,0,0,4.853962e-05
02_linear,Linear,XGBoost Classifier,1,1,0.9999709
02_linear,Linear,XGBoost Classifier,0,0,0.00018397813
02_linear,Linear,XGBoost Classifier,0,0,0.0002045629
02_linear,Linear,XGBoost Classifier,0,0,0.005484505
02_linear,Linear,XGBoost Classifier,0,0,0.0001288645
02_linear,Linear,XGBoost Classifier,0,0,0.00010464292
02_linear,Linear,XGBoost Classifier,1,1,0.9999404
02_linear,Linear,XGBoost Classifier,0,0,0.0008067207
02_linear,Linear,XGBoost Classifier,0,0,0.12243878
02_linear,Linear,XGBoost Classifier,0,0,0.46935657
02_linear,Linear,XGBoost Classifier,0,0,0.008168401
02_linear,Linear,XGBoost Classifier,0,0,0.0006510231
02_linear,Linear,XGBoost Classifier,0,0,0.0005430551
02_linear,Linear,XGBoost Classifier,0,0,0.00043074923
02_linear,Linear,XGBoost Classifier,1,1,0.9999956
02_linear,Linear,XGBoost Classifier,1,1,0.999974
02_linear,Linear,XGBoost Classifier,1,1,0.9999931
02_linear,Linear,XGBoost Classifier,0,0,7.5766926e-05
02_linear,Linear,XGBoost Classifier,1,1,0.99946004
02_linear,Linear,XGBoost Classifier,0,0,0.0005546424
02_linear,Linear,XGBoost Classifier,0,0,0.0016367447
02_linear,Linear,XGBoost Classifier,0,0,0.0002659043
02_linear,Linear,XGBoost Classifier,0,0,6.0828876e-05
02_linear,Linear,XGBoost Classifier,0,0,8.683982e-05
02_linear,Linear,XGBoost Classifier,0,0,1.4669556e-05
02_linear,Linear,XGBoost Classifier,0,0,0.0009941374
02_linear,Linear,XGBoost Classifier,0,0,0.008730628
02_linear,Linear,XGBoost Classifier,0,0,9.626213e-06
02_linear,Linear,XGBoost Classifier,0,0,0.002269271
02_linear,Linear,XGBoost Classifier,1,1,0.9999796
02_linear,Linear,XGBoost Classifier,0,0,0.00045865946
02_linear,Linear,XGBoost Classifier,0,0,1.1862479e-05
02_linear,Linear,XGBoost Classifier,0,0,0.0001765112
02_linear,Linear,XGBoost Classifier,1,1,0.9999994
02_linear,Linear,XGBoost Classifier,0,0,0.00016859712
02_linear,Linear,XGBoost Classifier,0,0,0.000840822
02_linear,Linear,XGBoost Classifier,0,0,0.0046230843
02_linear,Linear,XGBoost Classifier,0,0,0.4878482
02_linear,Linear,XGBoost Classifier,0,0,0.0008013452
02_linear,Linear,XGBoost Classifier,1,1,0.99406403
02_linear,Linear,XGBoost Classifier,0,0,0.00029947783
02_linear,Linear,XGBoost Classifier,0,0,0.00051851815
02_linear,Linear,XGBoost Classifier,0,0,0.3696168
02_linear,Linear,XGBoost Classifier,1,1,0.99937266
02_linear,Linear,XGBoost Classifier,0,0,0.018188935
02_linear,Linear,XGBoost Classifier,0,0,8.376072e-05
02_linear,Linear,XGBoost Classifier,0,0,0.0004001901
02_linear,Linear,XGBoost Classifier,0,0,0.0030500728
02_linear,Linear,XGBoost Classifier,0,0,0.0077520004
02_linear,Linear,XGBoost Classifier,0,0,0.006812743
02_linear,Linear,XGBoost Classifier,0,0,0.00032949148
02_linear,Linear,XGBoost Classifier,0,0,0.02698907
02_linear,Linear,XGBoost Classifier,0,0,0.0001619068
02_linear,Linear,XGBoost Classifier,0,0,2.596877e-05
02_linear,Linear,XGBoost Classifier,0,0,0.0016618146
02_linear,Linear,XGBoost Classifier,0,0,0.0020960893
02_linear,Linear,XGBoost Classifier,0,0,7.3937513e-06
02_linear,Linear,XGBoost Classifier,0,0,1.2858523e-05
02_linear,Linear,XGBoost Classifier,1,1,0.99998665
02_linear,Linear,XGBoost Classifier,0,0,2.5787655e-05
02_linear,Linear,XGBoost Classifier,0,0,0.00684394
02_linear,Linear,XGBoost Classifier,0,0,0.0019106832
02_linear,Linear,XGBoost Classifier,0,0,0.060062215
02_linear,Linear,XGBoost Classifier,1,1,0.9999982
02_linear,Linear,XGBoost Classifier,1,1,0.99994683
02_linear,Linear,XGBoost Classifier,0,0,0.0051981835
02_linear,Linear,XGBoost Classifier,0,0,0.00064720854
02_linear,Linear,XGBoost Classifier,0,0,9.38826e-05
02_linear,Linear,XGBoost Classifier,0,0,1.3132242e-05
02_linear,Linear,XGBoost Classifier,0,0,0.0005305778
02_linear,Linear,XGBoost Classifier,0,0,0.04232293
02_linear,Linear,XGBoost Classifier,0,0,0.00011511172
02_linear,Linear,XGBoost Classifier,0,0,0.008972653
02_linear,Linear,XGBoost Classifier,0,0,0.0012975229
02_linear,Linear,XGBoost Classifier,0,0,0.012427648
02_linear,Linear,XGBoost Classifier,0,0,8.6149295e-05
02_linear,Linear,XGBoost Classifier,0,0,2.4453206e-05
02_linear,Linear,XGBoost Classifier,0,0,0.0008022262
02_linear,Linear,XGBoost Classifier,0,0,5.27876e-07
02_linear,Linear,XGBoost Classifier,0,0,0.0023934895
02_linear,Linear,XGBoost Classifier,1,1,0.9999374
02_linear,Linear,XGBoost Classifier,1,1,0.94847554
02_linear,Linear,XGBoost Classifier,0,0,0.0013399037
02_linear,Linear,XGBoost Classifier,1,1,0.99999
02_linear,Linear,XGBoost Classifier,1,1,0.99928516
02_linear,Linear,XGBoost Classifier,1,1,0.99985325
02_linear,Linear,XGBoost Classifier,0,0,2.8526618e-05
02_linear,Linear,XGBoost Classifier,0,0,0.00026694575
02_linear,Linear,XGBoost Classifier,1,1,0.9999535
02_linear,Linear,XGBoost Classifier,1,1,0.9999937
02_linear,Linear,XGBoost Classifier,0,0,0.0004995236
02_linear,Linear,XGBoost Classifier,0,0,3.1072803e-05
02_linear,Linear,XGBoost Classifier,0,0,0.065543614
02_linear,Linear,XGBoost Classifier,1,1,0.99998283
02_linear,Linear,XGBoost Classifier,0,0,0.00016701818
02_linear,Linear,XGBoost Classifier,0,0,8.573396e-05
02_linear,Linear,XGBoost Classifier,0,0,0.004113147
02_linear,Linear,XGBoost Classifier,0,0,0.00054250105
02_linear,Linear,XGBoost Classifier,1,1,0.99907565
02_linear,Linear,XGBoost Classifier,0,0,0.0054684654
02_linear,Linear,XGBoost Classifier,0,0,2.1383152e-05
02_linear,Linear,XGBoost Classifier,0,0,0.0014145983
02_linear,Linear,XGBoost Classifier,0,1,0.9606447
02_linear,Linear,XGBoost Classifier,0,0,0.00033800682
02_linear,Linear,XGBoost Classifier,0,0,0.0021115297
02_linear,Linear,XGBoost Classifier,1,1,0.9999956
02_linear,Linear,XGBoost Classifier,0,0,0.00059654395
02_linear,Linear,XGBoost Classifier,0,0,0.0030984227
02_linear,Linear,XGBoost Classifier,0,0,0.034720957
02_linear,Linear,XGBoost Classifier,0,0,0.00084670767
02_linear,Linear,XGBoost Classifier,1,1,0.9999366
02_linear,Linear,XGBoost Classifier,1,1,0.9999945
02_linear,Linear,XGBoost Classifier,1,1,0.9992812
02_linear,Linear,XGBoost Classifier,0,0,0.0008264556
02_linear,Linear,XGBoost Classifier,0,0,4.234571e-05
02_linear,Linear,XGBoost Classifier,0,0,0.08031924
02_linear,Linear,XGBoost Classifier,0,0,0.0005706569
02_linear,Linear,XGBoost Classifier,0,0,0.000823148
02_linear,Linear,XGBoost Classifier,0,0,5.8308666e-05
02_linear,Linear,XGBoost Classifier,0,0,1.4196507e-05
02_linear,Linear,XGBoost Classifier,1,1,0.9999732
02_linear,Linear,XGBoost Classifier,1,1,0.9999924
02_linear,Linear,XGBoost Classifier,0,0,0.025738066
02_linear,Linear,XGBoost Classifier,0,0,0.0038545763
02_linear,Linear,XGBoost Classifier,0,0,0.0029257066
02_linear,Linear,XGBoost Classifier,0,0,4.5554207e-05
02_linear,Linear,XGBoost Classifier,0,0,0.0002298584
02_linear,Linear,XGBoost Classifier,0,0,0.00026001732
02_linear,Linear,XGBoost Classifier,0,0,0.005712106
02_linear,Linear,XGBoost Classifier,0,0,5.497513e-05
02_linear,Linear,XGBoost Classifier,1,1,0.9999999
02_linear,Linear,XGBoost Classifier,0,0,0.0054061357
02_linear,Linear,XGBoost Classifier,0,0,0.00090429245
02_linear,Linear,XGBoost Classifier,0,0,0.023620091
02_linear,Linear,XGBoost Classifier,0,0,5.6920403e-06
02_linear,Linear,XGBoost Classifier,0,0,0.0010538483
02_linear,Linear,XGBoost Classifier,0,0,0.014342549
02_linear,Linear,XGBoost Classifier,0,0,0.0003675976
02_linear,Linear,XGBoost Classifier,0,0,7.0176866e-05
02_linear,Linear,XGBoost Classifier,0,0,0.0006910293
02_linear,Linear,XGBoost Classifier,0,0,1.591e-05
02_linear,Linear,XGBoost Classifier,0,0,7.0268798e-06
02_linear,Linear,XGBoost Classifier,0,0,0.00024330638
02_linear,Linear,XGBoost Classifier,0,0,0.0004369806
02_linear,Linear,XGBoost Classifier,0,0,0.00019215146
02_linear,Linear,XGBoost Classifier,0,1,0.99527234
02_linear,Linear,XGBoost Classifier,0,0,2.6237914e-05
02_linear,Linear,XGBoost Classifier,0,0,7.4894706e-05
02_linear,Linear,XGBoost Classifier,0,0,7.330795e-05
02_linear,Linear,XGBoost Classifier,0,0,0.0029972743
02_linear,Linear,XGBoost Classifier,1,1,0.999982
02_linear,Linear,XGBoost Classifier,1,1,0.9994191
02_linear,Linear,XGBoost Classifier,0,0,0.0015163566
02_linear,Linear,XGBoost Classifier,1,1,0.999869
02_linear,Linear,XGBoost Classifier,0,0,6.312148e-05
02_linear,Linear,XGBoost Classifier,0,0,0.0009278432
02_linear,Linear,XGBoost Classifier,0,0,0.00026330134
02_linear,Linear,XGBoost Classifier,0,0,6.87754e-05
02_linear,Linear,XGBoost Classifier,0,0,0.00046982843
02_linear,Linear,XGBoost Classifier,0,0,0.00017360388
02_linear,Linear,XGBoost Classifier,0,0,0.0008723725
02_linear,Linear,XGBoost Classifier,0,0,0.00042558828
02_linear,Linear,XGBoost Classifier,0,0,0.009031381
02_linear,Linear,XGBoost Classifier,0,0,0.0006286866
02_linear,Linear,XGBoost Classifier,0,0,0.011724528
02_linear,Linear,XGBoost Classifier,0,0,0.030618941
02_linear,Linear,XGBoost Classifier,0,0,0.0054280837
02_linear,Linear,XGBoost Classifier,0,0,0.0003052939
02_linear,Linear,XGBoost Classifier,0,0,8.603609e-05
02_linear,Linear,XGBoost Classifier,0,0,0.008129694
02_linear,Linear,XGBoost Classifier,0,0,0.005583252
02_linear,Linear,XGBoost Classifier,0,0,0.009783091
02_linear,Linear,XGBoost Classifier,0,0,2.5686702e-05
02_linear,Linear,XGBoost Classifier,0,0,0.0006453195
02_linear,Linear,XGBoost Classifier,0,0,2.4637353e-05
02_linear,Linear,XGBoost Classifier,0,0,0.002377331
02_linear,Linear,XGBoost Classifier,1,1,0.991104
02_linear,Linear,XGBoost Classifier,0,0,0.00033205617
02_linear,Linear,XGBoost Classifier,0,0,0.00015414055
02_linear,Linear,XGBoost Classifier,0,0,7.312781e-05
02_linear,Linear,XGBoost Classifier,0,0,0.00060765736
02_linear,Linear,XGBoost Classifier,0,0,0.00019807143
02_linear,Linear,XGBoost Classifier,0,0,0.0034227513
02_linear,Linear,XGBoost Classifier,0,0,0.0053265835
02_linear,Linear,XGBoost Classifier,1,1,0.99998677
02_linear,Linear,XGBoost Classifier,0,0,0.00017089055
02_linear,Linear,XGBoost Classifier,0,0,3.2486827e-05
02_linear,Linear,XGBoost Classifier,0,0,0.0006563034
02_linear,Linear,XGBoost Classifier,0,0,0.00020886278
02_linear,Linear,XGBoost Classifier,0,0,0.0025287096
02_linear,Linear,XGBoost Classifier,0,0,0.0009640547
02_linear,Linear,XGBoost Classifier,0,0,0.01890605
02_linear,Linear,XGBoost Classifier,0,0,4.847532e-05
02_linear,Linear,XGBoost Classifier,0,0,0.00020221542
02_linear,Linear,XGBoost Classifier,0,0,3.556171e-05
02_linear,Linear,XGBoost Classifier,1,1,0.60272855
02_linear,Linear,XGBoost Classifier,0,0,0.0072602164
02_linear,Linear,XGBoost Classifier,0,0,0.00073276553
02_linear,Linear,XGBoost Classifier,0,0,0.00020606084
02_linear,Linear,XGBoost Classifier,0,0,0.0010380583
02_linear,Linear,XGBoost Classifier,1,1,0.9999856
02_linear,Linear,XGBoost Classifier,0,0,0.00037646646
02_linear,Linear,XGBoost Classifier,1,1,0.9997968
02_linear,Linear,XGBoost Classifier,0,0,0.00011905616
02_linear,Linear,XGBoost Classifier,0,0,2.6707727e-05
02_linear,Linear,XGBoost Classifier,0,0,1.7316625e-05
02_linear,Linear,XGBoost Classifier,1,1,0.99999857
02_linear,Linear,XGBoost Classifier,0,0,0.00056402065
02_linear,Linear,XGBoost Classifier,0,0,0.0027468489
02_linear,Linear,XGBoost Classifier,0,0,4.809924e-06
02_linear,Linear,XGBoost Classifier,0,0,5.4785625e-05
02_linear,Linear,XGBoost Classifier,0,0,3.9181923e-05
02_linear,Linear,XGBoost Classifier,0,0,0.0010097355
02_linear,Linear,XGBoost Classifier,0,0,6.377238e-05
02_linear,Linear,XGBoost Classifier,0,0,0.0002274028
02_linear,Linear,XGBoost Classifier,0,0,6.2020146e-05
02_linear,Linear,XGBoost Classifier,0,0,0.00064023735
02_linear,Linear,XGBoost Classifier,1,1,0.99997485
02_linear,Linear,XGBoost Classifier,1,1,0.9323546
02_linear,Linear,XGBoost Classifier,0,0,0.0017906706
02_linear,Linear,XGBoost Classifier,0,0,0.0006652745
02_linear,Linear,XGBoost Classifier,0,0,0.0037521434
02_linear,Linear,XGBoost Classifier,0,0,0.00012004532
02_linear,Linear,XGBoost Classifier,0,0,6.090875e-05
02_linear,Linear,XGBoost Classifier,0,0,0.0033623434
02_linear,Linear,XGBoost Classifier,0,0,2.867088e-06
02_linear,Linear,XGBoost Classifier,0,0,0.00480237
02_linear,Linear,XGBoost Classifier,0,0,0.0004990886
02_linear,Linear,XGBoost Classifier,0,1,0.5422378
02_linear,Linear,XGBoost Classifier,1,1,0.9811906
02_linear,Linear,XGBoost Classifier,0,0,0.020141765
02_linear,Linear,XGBoost Classifier,0,0,3.291396e-05
02_linear,Linear,XGBoost Classifier,1,1,0.99948835
02_linear,Linear,XGBoost Classifier,0,0,0.0049289283
02_linear,Linear,XGBoost Classifier,0,0,0.008737335
02_linear,Linear,XGBoost Classifier,0,0,0.00024156492
02_linear,Linear,XGBoost Classifier,0,0,8.248214e-05
02_linear,Linear,XGBoost Classifier,1,1,0.9999994
02_linear,Linear,XGBoost Classifier,0,0,8.201578e-05
02_linear,Linear,XGBoost Classifier,0,0,0.00031432736
02_linear,Linear,XGBoost Classifier,0,0,0.0010997897
02_linear,Linear,XGBoost Classifier,0,0,4.3440537e-05
02_linear,Linear,XGBoost Classifier,0,0,3.602751e-05
02_linear,Linear,XGBoost Classifier,0,0,8.345608e-05
02_linear,Linear,XGBoost Classifier,0,1,0.9358362
02_linear,Linear,XGBoost Classifier,1,1,0.99998295
02_linear,Linear,XGBoost Classifier,0,0,5.9011886e-06
02_linear,Linear,XGBoost Classifier,0,0,8.97809e-05
02_linear,Linear,XGBoost Classifier,0,0,0.00012158351
02_linear,Linear,XGBoost Classifier,1,1,0.9902424
02_linear,Linear,XGBoost Classifier,0,0,0.008455324
02_linear,Linear,XGBoost Classifier,0,0,0.00014085475
02_linear,Linear,XGBoost Classifier,0,0,2.5355683e-05
02_linear,Linear,XGBoost Classifier,0,0,0.00016980147
02_linear,Linear,XGBoost Classifier,0,0,0.003206721
02_linear,Linear,XGBoost Classifier,0,0,0.0001421205
02_linear,Linear,XGBoost Classifier,0,1,0.69387424
02_linear,Linear,XGBoost Classifier,0,0,0.0025633592
02_linear,Linear,XGBoost Classifier,0,0,8.678966e-05
02_linear,Linear,XGBoost Classifier,1,1,0.9999958
02_linear,Linear,XGBoost Classifier,0,0,0.0015665009
02_linear,Linear,XGBoost Classifier,0,0,0.00045354854
02_linear,Linear,XGBoost Classifier,0,0,2.8614813e-05
02_linear,Linear,XGBoost Classifier,0,0,0.00037637318
02_linear,Linear,XGBoost Classifier,0,0,8.314525e-05
02_linear,Linear,XGBoost Classifier,1,0,0.217816
02_linear,Linear,XGBoost Classifier,0,0,0.005368442
02_linear,Linear,XGBoost Classifier,0,0,0.45632774
02_linear,Linear,XGBoost Classifier,0,0,0.03284658
02_linear,Linear,XGBoost Classifier,0,0,0.0024501907
02_linear,Linear,XGBoost Classifier,0,0,0.0036984854
02_linear,Linear,XGBoost Classifier,1,1,0.5182733
02_linear,Linear,XGBoost Classifier,1,1,0.99801457
02_linear,Linear,XGBoost Classifier,1,1,0.9999907
02_linear,Linear,XGBoost Classifier,1,1,0.9994993
02_linear,Linear,XGBoost Classifier,0,0,0.0002630785
02_linear,Linear,XGBoost Classifier,1,1,0.9999994
02_linear,Linear,XGBoost Classifier,1,1,0.9999993
02_linear,Linear,XGBoost Classifier,0,0,0.00076438783
02_linear,Linear,XGBoost Classifier,0,0,0.0009990038
02_linear,Linear,XGBoost Classifier,0,0,8.3580555e-05
02_linear,Linear,XGBoost Classifier,0,0,0.008307945
02_linear,Linear,XGBoost Classifier,0,0,0.00019457923
02_linear,Linear,XGBoost Classifier,1,0,0.018373616
02_linear,Linear,XGBoost Classifier,0,0,2.3878425e-05
02_linear,Linear,XGBoost Classifier,0,0,3.4007462e-05
02_linear,Linear,XGBoost Classifier,0,0,0.00018673358
02_linear,Linear,XGBoost Classifier,0,0,0.0017645361
02_linear,Linear,XGBoost Classifier,1,1,0.9999949
02_linear,Linear,XGBoost Classifier,0,0,0.00015980827
02_linear,Linear,XGBoost Classifier,0,0,0.0009537326
02_linear,Linear,XGBoost Classifier,0,0,0.0005711902
02_linear,Linear,XGBoost Classifier,1,1,0.99933976
02_linear,Linear,XGBoost Classifier,0,0,3.48e-06
02_linear,Linear,XGBoost Classifier,0,0,0.00019875134
02_linear,Linear,XGBoost Classifier,0,0,1.6608537e-05
02_linear,Linear,XGBoost Classifier,0,0,0.00019261058
02_linear,Linear,XGBoost Classifier,0,0,0.0003550957
02_linear,Linear,XGBoost Classifier,0,0,7.881465e-05
02_linear,Linear,XGBoost Classifier,0,0,0.0006676179
02_linear,Linear,XGBoost Classifier,1,1,0.9999989
02_linear,Linear,XGBoost Classifier,0,0,0.0058347415
02_linear,Linear,XGBoost Classifier,0,0,0.00016428849
02_linear,Linear,XGBoost Classifier,0,0,0.010199648
02_linear,Linear,XGBoost Classifier,0,0,0.00023107289
02_linear,Linear,XGBoost Classifier,0,0,7.083523e-05
02_linear,Linear,XGBoost Classifier,1,1,0.86126834
02_linear,Linear,XGBoost Classifier,0,0,2.5583075e-05
02_linear,Linear,XGBoost Classifier,1,1,0.99999404
02_linear,Linear,XGBoost Classifier,0,0,0.00218912
02_linear,Linear,XGBoost Classifier,1,1,0.999966
02_linear,Linear,XGBoost Classifier,0,0,0.0008904533
02_linear,Linear,XGBoost Classifier,1,1,0.99997973
02_linear,Linear,XGBoost Classifier,1,1,0.9999949
02_linear,Linear,XGBoost Classifier,0,0,1.8661816e-05
02_linear,Linear,XGBoost Classifier,0,0,1.4712664e-05
02_linear,Linear,XGBoost Classifier,0,0,0.0041352184
02_linear,Linear,XGBoost Classifier,0,0,0.00032488868
02_linear,Linear,XGBoost Classifier,0,0,0.007374603
02_linear,Linear,XGBoost Classifier,0,0,0.026425336
02_linear,Linear,XGBoost Classifier,0,0,0.00013653276
02_linear,Linear,XGBoost Classifier,0,0,0.00010012968
02_linear,Linear,XGBoost Classifier,0,0,0.00016775876
02_linear,Linear,XGBoost Classifier,0,0,0.0027825322
02_linear,Linear,XGBoost Classifier,0,0,0.00091641024
02_linear,Linear,XGBoost Classifier,0,1,0.9614879
02_linear,Linear,XGBoost Classifier,0,0,0.0037478856
02_linear,Linear,XGBoost Classifier,0,0,0.00016442437
02_linear,Linear,XGBoost Classifier,0,0,0.00045109433
02_linear,Linear,XGBoost Classifier,0,0,0.018102337
02_linear,Linear,XGBoost Classifier,0,0,0.18087783
02_linear,Linear,XGBoost Classifier,0,0,7.031412e-05
02_linear,Linear,XGBoost Classifier,1,1,0.9999889
02_linear,Linear,XGBoost Classifier,1,1,0.96674836
02_linear,Linear,XGBoost Classifier,0,0,0.00020134119
02_linear,Linear,XGBoost Classifier,1,1,0.9999988
02_linear,Linear,XGBoost Classifier,0,0,1.7571245e-05
02_linear,Linear,XGBoost Classifier,0,0,0.00076335523
02_linear,Linear,XGBoost Classifier,1,1,0.9985372
02_linear,Linear,XGBoost Classifier,0,0,0.13171913
02_linear,Linear,XGBoost Classifier,0,0,0.00053196
02_linear,Linear,XGBoost Classifier,0,0,0.002595091
02_linear,Linear,XGBoost Classifier,0,0,0.0038183066
02_linear,Linear,XGBoost Classifier,1,1,0.998782
02_linear,Linear,XGBoost Classifier,0,0,0.002049649
02_linear,Linear,XGBoost Classifier,0,0,0.16050644
02_linear,Linear,XGBoost Classifier,0,0,0.017559813
02_linear,Linear,XGBoost Classifier,0,0,0.00016356043
02_linear,Linear,XGBoost Classifier,1,1,0.9997602
02_linear,Linear,XGBoost Classifier,0,0,0.0006569448
02_linear,Linear,XGBoost Classifier,0,0,4.4163753e-06
02_linear,Linear,XGBoost Classifier,0,0,8.110782e-05
02_linear,Linear,XGBoost Classifier,0,0,0.0002506741
02_linear,Linear,XGBoost Classifier,0,0,1.9654324e-05
02_linear,Linear,XGBoost Classifier,1,1,0.99256647
02_linear,Linear,XGBoost Classifier,0,0,5.3047297e-05
02_linear,Linear,XGBoost Classifier,0,0,0.00015166179
02_linear,Linear,XGBoost Classifier,0,0,0.0054755234
02_linear,Linear,XGBoost Classifier,0,0,4.4342174e-05
02_linear,Linear,XGBoost Classifier,1,1,0.99984634
02_linear,Linear,XGBoost Classifier,0,0,5.3781598e-05
02_linear,Linear,XGBoost Classifier,0,0,0.00051092956
02_linear,Linear,XGBoost Classifier,0,0,0.0006770645
02_linear,Linear,XGBoost Classifier,1,1,0.9999925
02_linear,Linear,XGBoost Classifier,1,1,0.9997795
02_linear,Linear,XGBoost Classifier,0,0,0.14935397
02_linear,Linear,XGBoost Classifier,0,0,0.012925607
02_linear,Linear,XGBoost Classifier,0,0,3.550607e-05
02_linear,Linear,XGBoost Classifier,0,0,0.00023332798
02_linear,Linear,XGBoost Classifier,0,0,0.028066086
02_linear,Linear,XGBoost Classifier,0,0,3.452961e-05
02_linear,Linear,XGBoost Classifier,0,0,0.0054879393
02_linear,Linear,XGBoost Classifier,0,0,3.829187e-05
02_linear,Linear,XGBoost Classifier,0,0,4.395006e-05
02_linear,Linear,XGBoost Classifier,0,0,3.705064e-05
02_linear,Linear,XGBoost Classifier,1,1,0.9997639
02_linear,Linear,XGBoost Classifier,0,0,3.3626442e-05
02_linear,Linear,XGBoost Classifier,0,0,0.00075000623
02_linear,Linear,XGBoost Classifier,0,0,1.3789572e-06
02_linear,Linear,XGBoost Classifier,0,0,7.4286974e-05
02_linear,Linear,XGBoost Classifier,0,0,6.9558315e-05
02_linear,Linear,XGBoost Classifier,0,0,0.00025205524
02_linear,Linear,XGBoost Classifier,0,0,0.00016334488
02_linear,Linear,XGBoost Classifier,1,1,0.9999927
02_linear,Linear,XGBoost Classifier,0,0,0.00011453666
02_linear,Linear,XGBoost Classifier,0,0,0.00015836552
02_linear,Linear,XGBoost Classifier,0,0,0.0031081985
02_linear,Linear,XGBoost Classifier,0,0,2.6679649e-05
02_linear,Linear,XGBoost Classifier,0,0,3.0938474e-05
02_linear,Linear,XGBoost Classifier,1,1,0.7370737
02_linear,Linear,XGBoost Classifier,1,1,0.9999764
02_linear,Linear,XGBoost Classifier,1,1,0.9999838
02_linear,Linear,XGBoost Classifier,0,0,0.009806243
02_linear,Linear,XGBoost Classifier,1,1,0.9997137
02_linear,Linear,XGBoost Classifier,1,1,0.9999932
02_linear,Linear,XGBoost Classifier,0,0,9.641809e-05
02_linear,Linear,XGBoost Classifier,1,1,0.99997926
02_linear,Linear,XGBoost Classifier,1,1,0.9934436
02_linear,Linear,XGBoost Classifier,0,0,0.012434455
02_linear,Linear,XGBoost Classifier,0,0,0.0014751175
02_linear,Linear,XGBoost Classifier,1,1,0.99999607
02_linear,Linear,XGBoost Classifier,0,0,0.0014303603
02_linear,Linear,XGBoost Classifier,0,0,0.015036844
02_linear,Linear,XGBoost Classifier,0,0,1.2082768e-06
02_linear,Linear,XGBoost Classifier,0,0,4.967823e-05
02_linear,Linear,XGBoost Classifier,1,1,0.9999701
02_linear,Linear,XGBoost Classifier,0,0,0.4185779
02_linear,Linear,XGBoost Classifier,0,0,0.014992472
02_linear,Linear,XGBoost Classifier,0,0,0.0071992557
02_linear,Linear,XGBoost Classifier,0,1,0.5554005
02_linear,Linear,XGBoost Classifier,0,0,1.0754635e-06
02_linear,Linear,XGBoost Classifier,1,1,0.99999344
02_linear,Linear,XGBoost Classifier,0,1,0.9019189
02_linear,Linear,XGBoost Classifier,0,0,0.00013351547
02_linear,Linear,XGBoost Classifier,0,0,0.005683171
02_linear,Linear,XGBoost Classifier,0,0,4.1022895e-06
02_linear,Linear,XGBoost Classifier,0,0,0.002001059
02_linear,Linear,XGBoost Classifier,0,0,0.00022755201
02_linear,Linear,XGBoost Classifier,0,0,0.00037251087
02_linear,Linear,XGBoost Classifier,0,0,0.005504482
02_linear,Linear,XGBoost Classifier,1,1,0.9999937
02_linear,Linear,XGBoost Classifier,0,0,0.0032964288
02_linear,Linear,XGBoost Classifier,0,0,0.08497409
02_linear,Linear,XGBoost Classifier,0,0,0.0023748442
02_linear,Linear,XGBoost Classifier,0,0,8.688169e-06
02_linear,Linear,XGBoost Classifier,1,1,0.9996625
02_linear,Linear,XGBoost Classifier,1,1,0.99918276
02_linear,Linear,XGBoost Classifier,0,1,0.96839654
02_linear,Linear,XGBoost Classifier,1,1,0.99984586
02_linear,Linear,XGBoost Classifier,0,0,0.0008896378
02_linear,Linear,XGBoost Classifier,0,0,0.00022146093
02_linear,Linear,XGBoost Classifier,1,1,0.999703
02_linear,Linear,XGBoost Classifier,0,0,0.00016618831
02_linear,Linear,XGBoost Classifier,0,0,6.509362e-05
02_linear,Linear,XGBoost Classifier,0,0,3.4135286e-05
02_linear,Linear,XGBoost Classifier,1,1,0.99963224
02_linear,Linear,XGBoost Classifier,0,0,2.0292659e-05
02_linear,Linear,XGBoost Classifier,0,0,0.0011831135
02_linear,Linear,XGBoost Classifier,0,0,0.0043327278
02_linear,Linear,XGBoost Classifier,0,1,0.8466978
02_linear,Linear,XGBoost Classifier,0,0,0.0032043303
02_linear,Linear,XGBoost Classifier,0,0,0.0011137871
02_linear,Linear,XGBoost Classifier,0,0,0.0044457745
02_linear,Linear,XGBoost Classifier,0,0,0.0015851597
02_linear,Linear,XGBoost Classifier,0,0,0.0006235764
02_linear,Linear,XGBoost Classifier,0,0,0.072352014
02_linear,Linear,XGBoost Classifier,0,0,0.010467505
02_linear,Linear,XGBoost Classifier,0,0,0.0011113923
02_linear,Linear,XGBoost Classifier,1,1,0.99999785
02_linear,Linear,XGBoost Classifier,1,1,0.9975107
02_linear,Linear,XGBoost Classifier,0,0,0.00035806387
02_linear,Linear,XGBoost Classifier,0,0,1.8155678e-06
02_linear,Linear,XGBoost Classifier,1,1,0.99446434
02_linear,Linear,XGBoost Classifier,0,0,6.0457092e-05
02_linear,Linear,XGBoost Classifier,0,0,0.00045234972
02_linear,Linear,XGBoost Classifier,0,0,0.016310617
02_linear,Linear,XGBoost Classifier,0,0,0.021457536
02_linear,Linear,XGBoost Classifier,1,1,0.9995321
02_linear,Linear,XGBoost Classifier,0,0,5.463422e-05
02_linear,Linear,XGBoost Classifier,0,0,0.00015182847
02_linear,Linear,XGBoost Classifier,1,1,0.9999783
02_linear,Linear,XGBoost Classifier,0,0,7.0117865e-05
02_linear,Linear,XGBoost Classifier,0,0,1.8150648e-05
02_linear,Linear,XGBoost Classifier,0,0,0.00013777282
02_linear,Linear,XGBoost Classifier,0,0,0.00033059335
02_linear,Linear,XGBoost Classifier,1,1,0.99998677
02_linear,Linear,XGBoost Classifier,1,1,0.9999902
02_linear,Linear,XGBoost Classifier,0,0,0.00025982896
02_linear,Linear,XGBoost Classifier,1,1,0.99999976
02_linear,Linear,XGBoost Classifier,0,0,0.014084714
02_linear,Linear,XGBoost Classifier,0,0,5.1250263e-06
02_linear,Linear,XGBoost Classifier,0,0,0.00068234646
02_linear,Linear,XGBoost Classifier,0,0,0.0005121822
02_linear,Linear,XGBoost Classifier,0,0,0.007941874
02_linear,Linear,XGBoost Classifier,0,0,0.00014796229
02_linear,Linear,XGBoost Classifier,1,1,0.99999785
02_linear,Linear,XGBoost Classifier,1,1,0.9975375
02_linear,Linear,XGBoost Classifier,0,0,4.6035202e-05
02_linear,Linear,XGBoost Classifier,0,0,0.0033240719
02_linear,Linear,XGBoost Classifier,0,0,0.0005873991
02_linear,Linear,XGBoost Classifier,0,0,0.0001314078
02_linear,Linear,XGBoost Classifier,0,0,8.2533275e-05
02_linear,Linear,XGBoost Classifier,0,0,1.450615e-06
02_linear,Linear,XGBoost Classifier,0,0,0.009038259
02_linear,Linear,XGBoost Classifier,0,0,0.0021211072
02_linear,Linear,XGBoost Classifier,1,0,0.13770896
02_linear,Linear,XGBoost Classifier,0,0,0.00011237868
02_linear,Linear,XGBoost Classifier,1,1,0.9916618
02_linear,Linear,XGBoost Classifier,0,0,9.9803656e-05
02_linear,Linear,XGBoost Classifier,1,1,0.99997544
02_linear,Linear,XGBoost Classifier,0,0,6.3266843e-06
02_linear,Linear,XGBoost Classifier,0,0,0.0044623134
02_linear,Linear,XGBoost Classifier,1,1,0.8952642
02_linear,Linear,XGBoost Classifier,0,0,0.00010863586
02_linear,Linear,XGBoost Classifier,0,0,0.0024247665
02_linear,Linear,XGBoost Classifier,1,1,0.99956876
02_linear,Linear,XGBoost Classifier,0,0,0.0024261223
02_linear,Linear,XGBoost Classifier,0,0,0.009327978
02_linear,Linear,XGBoost Classifier,0,0,1.7881492e-05
02_linear,Linear,XGBoost Classifier,0,0,0.0022549166
02_linear,Linear,XGBoost Classifier,0,0,0.008019031
02_linear,Linear,XGBoost Classifier,0,0,7.481012e-05
02_linear,Linear,XGBoost Classifier,0,0,0.25804448
02_linear,Linear,XGBoost Classifier,0,0,2.338686e-05
02_linear,Linear,XGBoost Classifier,0,0,0.2105378
02_linear,Linear,XGBoost Classifier,0,0,0.0017958713
02_linear,Linear,XGBoost Classifier,0,0,0.00038264997
02_linear,Linear,XGBoost Classifier,1,1,0.999995
02_linear,Linear,XGBoost Classifier,0,0,0.0075227576
02_linear,Linear,XGBoost Classifier,1,1,0.9907622
02_linear,Linear,XGBoost Classifier,0,0,7.034101e-05
02_linear,Linear,XGBoost Classifier,0,0,0.012571902
