notebook,family,model,y_true,y_pred,y_proba
02_linear,Linear,Logistic Regression,1,0,0.35705696586499985
02_linear,Linear,Logistic Regression,1,1,0.9999994875219154
02_linear,Linear,Logistic Regression,0,0,0.006701221604704337
02_linear,Linear,Logistic Regression,0,0,1.5963436371289135e-21
02_linear,Linear,Logistic Regression,0,0,0.25072126103415115
02_linear,Linear,Logistic Regression,0,0,0.01433249117012558
02_linear,Linear,Logistic Regression,0,0,1.2096218341596115e-05
02_linear,Linear,Logistic Regression,0,0,0.0037177058212642853
02_linear,Linear,Logistic Regression,1,1,0.9999990778632043
02_linear,Linear,Logistic Regression,0,0,0.000765479631960992
02_linear,Linear,Logistic Regression,0,0,0.02538151044291126
02_linear,Linear,Logistic Regression,0,0,0.0035476586520697202
02_linear,Linear,Logistic Regression,0,0,0.37722286611961353
02_linear,Linear,Logistic Regression,0,0,0.1875531035379452
02_linear,Linear,Logistic Regression,1,1,0.783810860052966
02_linear,Linear,Logistic Regression,1,1,0.9999995021770658
02_linear,Linear,Logistic Regression,0,0,0.005695894588917085
02_linear,Linear,Logistic Regression,0,0,0.008147909090058632
02_linear,Linear,Logistic Regression,0,0,0.08649397993635045
02_linear,Linear,Logistic Regression,0,0,0.38736225646015654
02_linear,Linear,Logistic Regression,0,0,9.759578515019966e-05
02_linear,Linear,Logistic Regression,0,0,0.11860251401490814
02_linear,Linear,Logistic Regression,0,0,7.968716227297618e-06
02_linear,Linear,Logistic Regression,0,0,0.20320420882777093
02_linear,Linear,Logistic Regression,1,1,0.9999993821148504
02_linear,Linear,Logistic Regression,0,0,0.034740708551820564
02_linear,Linear,Logistic Regression,1,0,0.2628386650899393
02_linear,Linear,Logistic Regression,1,1,0.9999999045783055
02_linear,Linear,Logistic Regression,1,1,0.9999999997819768
02_linear,Linear,Logistic Regression,0,0,0.003932456956404254
02_linear,Linear,Logistic Regression,1,1,1.0
02_linear,Linear,Logistic Regression,1,1,0.9999998441237424
02_linear,Linear,Logistic Regression,1,1,0.9999989468051317
02_linear,Linear,Logistic Regression,0,0,3.4498720129285335e-06
02_linear,Linear,Logistic Regression,1,0,0.3291191384619873
02_linear,Linear,Logistic Regression,0,0,0.03484363389389025
02_linear,Linear,Logistic Regression,0,0,0.01066320988888259
02_linear,Linear,Logistic Regression,0,0,0.007908482522256446
02_linear,Linear,Logistic Regression,0,0,1.1308314761752836e-05
02_linear,Linear,Logistic Regression,0,0,0.06997778240909412
02_linear,Linear,Logistic Regression,0,0,0.14559493693112435
02_linear,Linear,Logistic Regression,1,0,0.49936104026688705
02_linear,Linear,Logistic Regression,0,0,0.02651135820457465
02_linear,Linear,Logistic Regression,1,1,0.9999991043836868
02_linear,Linear,Logistic Regression,0,0,0.003663776523923324
02_linear,Linear,Logistic Regression,0,0,0.0008279366645063318
02_linear,Linear,Logistic Regression,0,0,7.598574007962065e-05
02_linear,Linear,Logistic Regression,1,1,0.5821708693978829
02_linear,Linear,Logistic Regression,0,0,0.002340737687044568
02_linear,Linear,Logistic Regression,1,1,0.999999641184121
02_linear,Linear,Logistic Regression,0,0,0.10470575902677284
02_linear,Linear,Logistic Regression,0,0,0.04027864702839015
02_linear,Linear,Logistic Regression,0,0,1.0601218768905746e-19
02_linear,Linear,Logistic Regression,1,1,0.9999972446628398
02_linear,Linear,Logistic Regression,0,0,0.0038274809118998593
02_linear,Linear,Logistic Regression,0,0,0.002863311482687874
02_linear,Linear,Logistic Regression,1,1,0.9999993151659126
02_linear,Linear,Logistic Regression,0,0,3.468638081340063e-19
02_linear,Linear,Logistic Regression,1,1,0.9999996514703084
02_linear,Linear,Logistic Regression,1,1,0.9999998735629989
02_linear,Linear,Logistic Regression,1,0,0.23134230487466886
02_linear,Linear,Logistic Regression,0,0,0.005069078855188405
02_linear,Linear,Logistic Regression,0,0,1.0481686169556004e-05
02_linear,Linear,Logistic Regression,0,0,0.02825623657758616
02_linear,Linear,Logistic Regression,1,1,0.9999993613126534
02_linear,Linear,Logistic Regression,0,0,0.02939735305860818
02_linear,Linear,Logistic Regression,1,1,0.9999987820919092
02_linear,Linear,Logistic Regression,1,1,0.9999997697996793
02_linear,Linear,Logistic Regression,0,0,0.1639101104594659
02_linear,Linear,Logistic Regression,0,0,0.013524146176802202
02_linear,Linear,Logistic Regression,1,1,0.9999997572204954
02_linear,Linear,Logistic Regression,0,0,0.006657875195231316
02_linear,Linear,Logistic Regression,0,0,0.1280177782735491
02_linear,Linear,Logistic Regression,1,1,0.9999998653098788
02_linear,Linear,Logistic Regression,0,0,0.006434348911510652
02_linear,Linear,Logistic Regression,1,0,0.23973429888116396
02_linear,Linear,Logistic Regression,0,0,0.0035893477848402563
02_linear,Linear,Logistic Regression,0,0,1.3279033285805974e-14
02_linear,Linear,Logistic Regression,0,0,0.00715611359278251
02_linear,Linear,Logistic Regression,0,0,0.05032677034852018
02_linear,Linear,Logistic Regression,0,0,0.0004328575010598594
02_linear,Linear,Logistic Regression,1,1,0.9999999266511219
02_linear,Linear,Logistic Regression,0,0,0.007337881215447853
02_linear,Linear,Logistic Regression,0,0,0.021738900405404486
02_linear,Linear,Logistic Regression,0,0,5.2050638246261644e-06
02_linear,Linear,Logistic Regression,1,1,0.9999994858999462
02_linear,Linear,Logistic Regression,1,1,0.7322757883327135
02_linear,Linear,Logistic Regression,0,0,0.21283235385290392
02_linear,Linear,Logistic Regression,0,0,1.7941761659087948e-20
02_linear,Linear,Logistic Regression,0,0,2.54547587669995e-11
02_linear,Linear,Logistic Regression,0,0,9.865525896423459e-05
02_linear,Linear,Logistic Regression,0,0,0.00015626750443915798
02_linear,Linear,Logistic Regression,0,0,1.6809773377507607e-19
02_linear,Linear,Logistic Regression,0,0,0.0061233854522641665
02_linear,Linear,Logistic Regression,1,1,0.9999999266157001
02_linear,Linear,Logistic Regression,0,0,0.2587251983423728
02_linear,Linear,Logistic Regression,0,0,0.00021002575711502993
02_linear,Linear,Logistic Regression,0,0,0.10410527605927848
02_linear,Linear,Logistic Regression,0,0,5.93796994621868e-08
02_linear,Linear,Logistic Regression,0,0,0.008482527316141754
02_linear,Linear,Logistic Regression,0,0,0.4039743929637008
02_linear,Linear,Logistic Regression,1,1,0.9999991702154936
02_linear,Linear,Logistic Regression,0,0,1.3018161866478124e-05
02_linear,Linear,Logistic Regression,0,0,7.637476474898029e-05
02_linear,Linear,Logistic Regression,1,1,0.9999999998657194
02_linear,Linear,Logistic Regression,0,0,0.0011422198317014743
02_linear,Linear,Logistic Regression,0,0,0.06414184988472788
02_linear,Linear,Logistic Regression,0,0,0.21331502315027262
02_linear,Linear,Logistic Regression,0,0,0.11190606516424689
02_linear,Linear,Logistic Regression,0,0,0.010211736194012394
02_linear,Linear,Logistic Regression,1,1,0.9999991881621464
02_linear,Linear,Logistic Regression,1,1,0.9999991615317831
02_linear,Linear,Logistic Regression,0,0,8.401648965447433e-05
02_linear,Linear,Logistic Regression,0,0,0.07136697187986984
02_linear,Linear,Logistic Regression,0,0,0.005382938429119214
02_linear,Linear,Logistic Regression,1,1,0.9999999978297411
02_linear,Linear,Logistic Regression,0,0,0.19245083665367232
02_linear,Linear,Logistic Regression,0,0,0.09850098456793961
02_linear,Linear,Logistic Regression,0,0,0.05683518950886087
02_linear,Linear,Logistic Regression,0,0,0.00014936210649715037
02_linear,Linear,Logistic Regression,1,1,0.6558395226541058
02_linear,Linear,Logistic Regression,1,1,0.9999991433905092
02_linear,Linear,Logistic Regression,0,0,0.33294923060801174
02_linear,Linear,Logistic Regression,0,0,0.0003688766292452523
02_linear,Linear,Logistic Regression,0,0,0.028951795482966405
02_linear,Linear,Logistic Regression,1,1,0.99999982122986
02_linear,Linear,Logistic Regression,0,0,0.08438212747596815
02_linear,Linear,Logistic Regression,1,1,0.9999995511945321
02_linear,Linear,Logistic Regression,0,0,0.0002906878158675972
02_linear,Linear,Logistic Regression,0,0,0.02077928205724113
02_linear,Linear,Logistic Regression,0,0,0.0016535385848069383
02_linear,Linear,Logistic Regression,0,0,0.0029594602298397836
02_linear,Linear,Logistic Regression,0,0,0.008747090632336392
02_linear,Linear,Logistic Regression,0,0,0.0037929762755545284
02_linear,Linear,Logistic Regression,1,1,0.999999899494575
02_linear,Linear,Logistic Regression,1,1,0.9999998392688257
02_linear,Linear,Logistic Regression,0,0,0.09862914259888528
02_linear,Linear,Logistic Regression,1,1,0.9999998790568174
02_linear,Linear,Logistic Regression,0,0,0.011779554891182726
02_linear,Linear,Logistic Regression,0,0,5.2699129679463665e-06
02_linear,Linear,Logistic Regression,1,0,0.3792915999646095
02_linear,Linear,Logistic Regression,1,1,0.577009479831665
02_linear,Linear,Logistic Regression,0,0,9.912271999857574e-05
02_linear,Linear,Logistic Regression,0,0,0.018348654801660105
02_linear,Linear,Logistic Regression,0,0,0.28792867220973756
02_linear,Linear,Logistic Regression,0,0,0.19896030228903688
02_linear,Linear,Logistic Regression,0,1,0.5371316499192068
02_linear,Linear,Logistic Regression,0,0,0.02026146206527392
02_linear,Linear,Logistic Regression,0,0,0.0020978329632435895
02_linear,Linear,Logistic Regression,0,0,0.0010553741089449787
02_linear,Linear,Logistic Regression,0,0,0.03370776242353959
02_linear,Linear,Logistic Regression,0,0,0.005061480221761047
02_linear,Linear,Logistic Regression,0,0,0.007069254924589383
02_linear,Linear,Logistic Regression,0,0,0.01823495387064049
02_linear,Linear,Logistic Regression,0,0,0.3526873466405037
02_linear,Linear,Logistic Regression,1,1,0.9999988957449916
02_linear,Linear,Logistic Regression,0,0,0.01132236383144507
02_linear,Linear,Logistic Regression,0,0,0.0003639604293253151
02_linear,Linear,Logistic Regression,0,0,0.01024097627733082
02_linear,Linear,Logistic Regression,0,0,0.12253150256322339
02_linear,Linear,Logistic Regression,0,0,4.819225300891047e-05
02_linear,Linear,Logistic Regression,0,0,0.0005702313591765855
02_linear,Linear,Logistic Regression,0,0,0.024267660801472038
02_linear,Linear,Logistic Regression,0,0,0.2743151571975454
02_linear,Linear,Logistic Regression,0,0,0.004249198445881967
02_linear,Linear,Logistic Regression,1,1,0.9999986719414633
02_linear,Linear,Logistic Regression,0,1,0.5686286298777322
02_linear,Linear,Logistic Regression,0,0,0.011843960572417798
02_linear,Linear,Logistic Regression,0,0,0.0013451038530660332
02_linear,Linear,Logistic Regression,1,0,0.335893165881587
02_linear,Linear,Logistic Regression,1,0,0.18735408653529648
02_linear,Linear,Logistic Regression,1,1,0.999999108515196
02_linear,Linear,Logistic Regression,0,0,0.0004531487440391088
02_linear,Linear,Logistic Regression,1,1,0.999999154240755
02_linear,Linear,Logistic Regression,0,0,0.004639313435074266
02_linear,Linear,Logistic Regression,0,0,4.8258381198685575e-19
02_linear,Linear,Logistic Regression,0,0,0.00030446313406543203
02_linear,Linear,Logistic Regression,0,0,5.777010323853302e-05
02_linear,Linear,Logistic Regression,1,1,0.9999989825644615
02_linear,Linear,Logistic Regression,1,1,0.6733368250604446
02_linear,Linear,Logistic Regression,1,1,1.0
02_linear,Linear,Logistic Regression,0,0,0.16017322701328907
02_linear,Linear,Logistic Regression,0,0,0.2993812083665774
02_linear,Linear,Logistic Regression,0,0,2.7482789107118425e-58
02_linear,Linear,Logistic Regression,1,1,0.9999994056616122
02_linear,Linear,Logistic Regression,0,0,0.037838213527997586
02_linear,Linear,Logistic Regression,1,1,0.9999991236581317
02_linear,Linear,Logistic Regression,0,0,0.0215021324544837
02_linear,Linear,Logistic Regression,0,0,0.0021783043878503905
02_linear,Linear,Logistic Regression,0,0,0.0052261542200859965
02_linear,Linear,Logistic Regression,0,0,0.008765659342342389
02_linear,Linear,Logistic Regression,0,0,0.06776254328906244
02_linear,Linear,Logistic Regression,0,0,0.016630361651647954
02_linear,Linear,Logistic Regression,0,0,0.002243213709938411
02_linear,Linear,Logistic Regression,0,0,1.699003827409446e-09
02_linear,Linear,Logistic Regression,1,1,0.9999984834442941
02_linear,Linear,Logistic Regression,0,0,0.18948398239229863
02_linear,Linear,Logistic Regression,0,1,0.5777870817719871
02_linear,Linear,Logistic Regression,0,0,0.26168873548111454
02_linear,Linear,Logistic Regression,0,0,0.030483946724780497
02_linear,Linear,Logistic Regression,0,0,0.0027322280278524896
02_linear,Linear,Logistic Regression,0,0,0.002379313935841596
02_linear,Linear,Logistic Regression,0,0,0.006787256358670551
02_linear,Linear,Logistic Regression,0,0,0.1582078847140424
02_linear,Linear,Logistic Regression,0,0,0.005901549364779394
02_linear,Linear,Logistic Regression,1,1,0.7660059266534359
02_linear,Linear,Logistic Regression,0,0,2.3389170333847525e-11
02_linear,Linear,Logistic Regression,0,0,0.0024857085221434896
02_linear,Linear,Logistic Regression,0,0,0.007749941550774595
02_linear,Linear,Logistic Regression,0,0,0.004039994011684515
02_linear,Linear,Logistic Regression,1,1,0.9999953102329605
02_linear,Linear,Logistic Regression,0,0,0.00036803715198981243
02_linear,Linear,Logistic Regression,1,1,0.9999999999802589
02_linear,Linear,Logistic Regression,0,0,8.061659336746195e-05
02_linear,Linear,Logistic Regression,0,0,0.001492177793929589
02_linear,Linear,Logistic Regression,0,0,1.9519074753224832e-06
02_linear,Linear,Logistic Regression,0,0,3.9740893926843885e-06
02_linear,Linear,Logistic Regression,0,0,0.046684082576075904
02_linear,Linear,Logistic Regression,0,1,0.6597071306252167
02_linear,Linear,Logistic Regression,0,0,0.1650040423577048
02_linear,Linear,Logistic Regression,1,1,0.9999998132594246
02_linear,Linear,Logistic Regression,0,0,0.001974521064863697
02_linear,Linear,Logistic Regression,0,0,0.0031362016841718996
02_linear,Linear,Logistic Regression,0,0,0.006216357380424411
02_linear,Linear,Logistic Regression,0,0,0.0001517722489266822
02_linear,Linear,Logistic Regression,1,1,0.9999972047573823
02_linear,Linear,Logistic Regression,0,0,0.1884652660954912
02_linear,Linear,Logistic Regression,0,0,0.3834291683847624
02_linear,Linear,Logistic Regression,0,0,0.030491513731326057
02_linear,Linear,Logistic Regression,0,0,4.388137486647823e-05
02_linear,Linear,Logistic Regression,1,1,0.9999967619233321
02_linear,Linear,Logistic Regression,1,1,0.9999996633877314
02_linear,Linear,Logistic Regression,0,0,5.694601474425931e-07
02_linear,Linear,Logistic Regression,0,0,0.0010908160644594984
02_linear,Linear,Logistic Regression,1,1,0.9999983354398082
02_linear,Linear,Logistic Regression,0,0,0.0004379076062251581
02_linear,Linear,Logistic Regression,0,0,1.152297045598959e-05
02_linear,Linear,Logistic Regression,0,0,0.02995535616337545
02_linear,Linear,Logistic Regression,0,0,0.0008776167618816601
02_linear,Linear,Logistic Regression,0,0,0.0001228665107068456
02_linear,Linear,Logistic Regression,1,1,0.8921928764968917
02_linear,Linear,Logistic Regression,1,1,0.9999986745059769
02_linear,Linear,Logistic Regression,0,0,0.1171683983294076
02_linear,Linear,Logistic Regression,0,0,0.09584833661695599
02_linear,Linear,Logistic Regression,0,0,0.06441356922560611
02_linear,Linear,Logistic Regression,0,0,0.07061829827810143
02_linear,Linear,Logistic Regression,1,1,0.6803836898406248
02_linear,Linear,Logistic Regression,1,1,0.9999996049788834
02_linear,Linear,Logistic Regression,0,0,0.13202507199815122
02_linear,Linear,Logistic Regression,0,0,0.00017648561705760005
02_linear,Linear,Logistic Regression,0,0,0.00010078272425377922
02_linear,Linear,Logistic Regression,1,1,0.725231348005476
02_linear,Linear,Logistic Regression,0,0,0.0006914843016104793
02_linear,Linear,Logistic Regression,0,1,0.5241791733594107
02_linear,Linear,Logistic Regression,0,0,0.020819249206923473
02_linear,Linear,Logistic Regression,0,0,0.04852069754348516
02_linear,Linear,Logistic Regression,0,0,4.924206872997026e-21
02_linear,Linear,Logistic Regression,1,1,0.9999990574516127
02_linear,Linear,Logistic Regression,1,0,0.41910666271001457
02_linear,Linear,Logistic Regression,0,0,0.0006693662900015306
02_linear,Linear,Logistic Regression,0,0,0.008899722071580563
02_linear,Linear,Logistic Regression,0,0,0.29165642459056496
02_linear,Linear,Logistic Regression,0,0,0.03593175824938103
02_linear,Linear,Logistic Regression,1,1,0.9999994270377998
02_linear,Linear,Logistic Regression,1,1,0.5831479081373494
02_linear,Linear,Logistic Regression,0,0,5.026100268551547e-07
02_linear,Linear,Logistic Regression,1,1,0.9999998553064265
02_linear,Linear,Logistic Regression,0,0,0.000582844118250521
02_linear,Linear,Logistic Regression,0,0,0.006286770956447861
02_linear,Linear,Logistic Regression,1,1,0.9999986938328261
02_linear,Linear,Logistic Regression,1,1,0.9999993017661727
02_linear,Linear,Logistic Regression,1,1,0.999999247168221
02_linear,Linear,Logistic Regression,0,0,5.1696291252403084e-06
02_linear,Linear,Logistic Regression,1,0,0.4866275937592453
02_linear,Linear,Logistic Regression,0,0,0.041902093889088526
02_linear,Linear,Logistic Regression,1,0,0.3398943428280907
02_linear,Linear,Logistic Regression,1,1,0.9999981823096884
02_linear,Linear,Logistic Regression,0,1,0.5857338435907181
02_linear,Linear,Logistic Regression,0,0,0.01891499802942761
02_linear,Linear,Logistic Regression,0,0,0.10033949593455654
02_linear,Linear,Logistic Regression,1,1,0.7655359873402474
02_linear,Linear,Logistic Regression,0,0,0.008565371505073763
02_linear,Linear,Logistic Regression,0,0,0.03804065544755725
02_linear,Linear,Logistic Regression,0,0,0.07140195578272532
02_linear,Linear,Logistic Regression,0,0,0.11104527631831071
02_linear,Linear,Logistic Regression,0,0,0.10747560412973058
02_linear,Linear,Logistic Regression,0,0,0.007021103899746829
02_linear,Linear,Logistic Regression,0,0,0.15871481810067795
02_linear,Linear,Logistic Regression,0,0,0.10008283687817336
02_linear,Linear,Logistic Regression,0,0,0.39414147520693693
02_linear,Linear,Logistic Regression,0,0,0.19100126809246276
02_linear,Linear,Logistic Regression,0,0,2.452168965875921e-06
02_linear,Linear,Logistic Regression,1,1,0.9999993427016084
02_linear,Linear,Logistic Regression,0,0,0.03676841993395401
02_linear,Linear,Logistic Regression,1,1,0.9999993531400823
02_linear,Linear,Logistic Regression,0,0,3.753504562076835e-05
02_linear,Linear,Logistic Regression,1,1,0.9999994119785682
02_linear,Linear,Logistic Regression,0,0,0.24295993881022354
02_linear,Linear,Logistic Regression,1,1,0.8081100097298028
02_linear,Linear,Logistic Regression,0,0,0.18821301742988658
02_linear,Linear,Logistic Regression,0,0,0.023124786643655543
02_linear,Linear,Logistic Regression,1,1,0.9999990726662522
02_linear,Linear,Logistic Regression,0,0,0.16403826450702333
02_linear,Linear,Logistic Regression,0,0,3.802957928705297e-18
02_linear,Linear,Logistic Regression,0,0,0.049644850314656035
02_linear,Linear,Logistic Regression,0,0,0.006609712128060622
02_linear,Linear,Logistic Regression,0,1,0.5377050951966801
02_linear,Linear,Logistic Regression,0,0,0.0001655935532590634
02_linear,Linear,Logistic Regression,0,0,7.766062155094615e-08
02_linear,Linear,Logistic Regression,0,0,1.7440529468385367e-05
02_linear,Linear,Logistic Regression,0,0,0.016036732038428536
02_linear,Linear,Logistic Regression,0,1,0.5255287311648674
02_linear,Linear,Logistic Regression,0,0,1.12486826666161e-09
02_linear,Linear,Logistic Regression,0,0,0.046546268160508227
02_linear,Linear,Logistic Regression,1,0,0.4059792081593125
02_linear,Linear,Logistic Regression,0,0,0.0020768335257191255
02_linear,Linear,Logistic Regression,1,0,0.22369490162774072
02_linear,Linear,Logistic Regression,0,0,0.03403024672240699
02_linear,Linear,Logistic Regression,0,0,0.034451397497620356
02_linear,Linear,Logistic Regression,0,0,0.010236245930212284
02_linear,Linear,Logistic Regression,0,0,0.004669985434378809
02_linear,Linear,Logistic Regression,0,0,0.23596801169519677
02_linear,Linear,Logistic Regression,0,0,0.0006843158899249654
02_linear,Linear,Logistic Regression,0,0,0.008086819860689157
02_linear,Linear,Logistic Regression,0,0,0.01090736686848814
02_linear,Linear,Logistic Regression,0,0,0.12401429325253278
02_linear,Linear,Logistic Regression,0,0,0.006023343988890651
02_linear,Linear,Logistic Regression,0,0,0.1521957864333643
02_linear,Linear,Logistic Regression,1,0,0.4817164835650975
02_linear,Linear,Logistic Regression,0,0,0.0021580505069391668
02_linear,Linear,Logistic Regression,0,0,0.005828254231695116
02_linear,Linear,Logistic Regression,0,0,0.15463951468229856
02_linear,Linear,Logistic Regression,1,1,0.9999999939823287
02_linear,Linear,Logistic Regression,0,1,0.5987643062861638
02_linear,Linear,Logistic Regression,0,0,0.3895235409715375
02_linear,Linear,Logistic Regression,0,0,0.00012599387251222656
02_linear,Linear,Logistic Regression,0,0,0.011720564711442855
02_linear,Linear,Logistic Regression,1,1,0.9999999981544849
02_linear,Linear,Logistic Regression,0,0,0.3234001636144895
02_linear,Linear,Logistic Regression,0,0,1.208294984851492e-16
02_linear,Linear,Logistic Regression,1,1,0.9999981869108042
02_linear,Linear,Logistic Regression,0,0,8.84826990330519e-05
02_linear,Linear,Logistic Regression,0,0,6.800982872379054e-05
02_linear,Linear,Logistic Regression,0,0,0.04665165052566678
02_linear,Linear,Logistic Regression,1,1,0.9999984712272342
02_linear,Linear,Logistic Regression,0,0,5.339760698468481e-05
02_linear,Linear,Logistic Regression,0,0,0.15573871151651292
02_linear,Linear,Logistic Regression,0,0,0.06861501038918676
02_linear,Linear,Logistic Regression,0,0,0.020692168919878386
02_linear,Linear,Logistic Regression,1,1,0.999999795606078
02_linear,Linear,Logistic Regression,0,0,0.005015652487314112
02_linear,Linear,Logistic Regression,1,1,0.9999996950902806
02_linear,Linear,Logistic Regression,0,0,3.7899161785073546e-07
02_linear,Linear,Logistic Regression,0,0,0.0309740813012328
02_linear,Linear,Logistic Regression,0,0,2.4496956520173306e-06
02_linear,Linear,Logistic Regression,0,0,0.003540661408568623
02_linear,Linear,Logistic Regression,0,0,4.604372850429069e-11
02_linear,Linear,Logistic Regression,0,0,0.02918310781022215
02_linear,Linear,Logistic Regression,0,0,0.0030125892912747
02_linear,Linear,Logistic Regression,1,1,0.9999992550895025
02_linear,Linear,Logistic Regression,0,0,3.9565852458248415e-07
02_linear,Linear,Logistic Regression,1,1,0.999999941566356
02_linear,Linear,Logistic Regression,0,0,2.344204093559743e-156
02_linear,Linear,Logistic Regression,0,0,0.00269281490319012
02_linear,Linear,Logistic Regression,0,0,0.0026410798109229236
02_linear,Linear,Logistic Regression,1,1,0.9999999997897919
02_linear,Linear,Logistic Regression,0,0,0.0005315151270854138
02_linear,Linear,Logistic Regression,0,0,0.27662331029132237
02_linear,Linear,Logistic Regression,0,0,0.004319009764296335
02_linear,Linear,Logistic Regression,0,0,0.09859683735168534
02_linear,Linear,Logistic Regression,0,0,2.1621988186150924e-06
02_linear,Linear,Logistic Regression,1,1,0.5447168586635752
02_linear,Linear,Logistic Regression,0,0,6.888276440629301e-06
02_linear,Linear,Logistic Regression,0,0,0.24254289371532195
02_linear,Linear,Logistic Regression,0,0,0.0036178941992459496
02_linear,Linear,Logistic Regression,0,0,0.1288687804223643
02_linear,Linear,Logistic Regression,1,1,1.0
02_linear,Linear,Logistic Regression,0,0,0.14185493581661665
02_linear,Linear,Logistic Regression,1,0,0.40008801661263194
02_linear,Linear,Logistic Regression,0,0,0.015131318698573938
02_linear,Linear,Logistic Regression,0,0,0.01280384943725206
02_linear,Linear,Logistic Regression,1,1,0.9999998515443999
02_linear,Linear,Logistic Regression,0,0,0.0019278215223580686
02_linear,Linear,Logistic Regression,0,0,0.2108856738515733
02_linear,Linear,Logistic Regression,0,0,0.001195608532311188
02_linear,Linear,Logistic Regression,0,0,0.0072822231514425365
02_linear,Linear,Logistic Regression,0,0,0.0010801779898332562
02_linear,Linear,Logistic Regression,0,0,0.16095014955011652
02_linear,Linear,Logistic Regression,0,0,0.006879962562268201
02_linear,Linear,Logistic Regression,0,0,0.0022719138540832685
02_linear,Linear,Logistic Regression,0,0,0.0018898131428468346
02_linear,Linear,Logistic Regression,0,0,0.0010611822325200411
02_linear,Linear,Logistic Regression,0,0,0.003535748720488967
02_linear,Linear,Logistic Regression,0,0,0.01574549920310907
02_linear,Linear,Logistic Regression,1,1,0.9999996359892674
02_linear,Linear,Logistic Regression,0,0,1.6610008720405727e-06
02_linear,Linear,Logistic Regression,1,1,0.999999296702116
02_linear,Linear,Logistic Regression,0,0,0.04586852311806464
02_linear,Linear,Logistic Regression,0,0,0.0009090011651414674
02_linear,Linear,Logistic Regression,1,1,0.9999990075269887
02_linear,Linear,Logistic Regression,1,1,0.9999987254436931
02_linear,Linear,Logistic Regression,0,0,7.151701591603458e-05
02_linear,Linear,Logistic Regression,0,0,0.1747867513672694
02_linear,Linear,Logistic Regression,0,0,0.005023089567130403
02_linear,Linear,Logistic Regression,0,0,0.005711233638095303
02_linear,Linear,Logistic Regression,1,1,0.9999984123636706
02_linear,Linear,Logistic Regression,1,0,0.18964677739439287
02_linear,Linear,Logistic Regression,0,0,0.009709047944550324
02_linear,Linear,Logistic Regression,0,0,0.012962881160155402
02_linear,Linear,Logistic Regression,0,0,2.3580026429251028e-05
02_linear,Linear,Logistic Regression,0,0,0.007316024380186756
02_linear,Linear,Logistic Regression,0,0,9.112356151237505e-05
02_linear,Linear,Logistic Regression,1,1,0.9999996222892146
02_linear,Linear,Logistic Regression,0,0,0.030031836759194748
02_linear,Linear,Logistic Regression,1,1,0.9999999489673982
02_linear,Linear,Logistic Regression,0,0,0.011647092443833247
02_linear,Linear,Logistic Regression,0,0,0.09171274235977325
02_linear,Linear,Logistic Regression,0,0,0.105401483037001
02_linear,Linear,Logistic Regression,0,0,0.0018000279047409547
02_linear,Linear,Logistic Regression,0,0,0.06201962388122135
02_linear,Linear,Logistic Regression,1,1,0.9999997907269016
02_linear,Linear,Logistic Regression,0,0,0.16025243027835642
02_linear,Linear,Logistic Regression,1,0,0.27048780042873033
02_linear,Linear,Logistic Regression,0,0,0.01091152586217393
02_linear,Linear,Logistic Regression,0,0,0.000234726581771812
02_linear,Linear,Logistic Regression,0,0,0.00511153902745508
02_linear,Linear,Logistic Regression,1,0,0.354250430821827
02_linear,Linear,Logistic Regression,0,0,3.847685573103888e-18
02_linear,Linear,Logistic Regression,1,0,0.04946459685295057
02_linear,Linear,Logistic Regression,0,0,0.03216481997305473
02_linear,Linear,Logistic Regression,0,0,0.00021341136428760244
02_linear,Linear,Logistic Regression,1,1,0.9999984124247183
02_linear,Linear,Logistic Regression,1,1,0.9999996421382886
02_linear,Linear,Logistic Regression,0,0,0.16368806268598832
02_linear,Linear,Logistic Regression,0,0,0.004796477419504682
02_linear,Linear,Logistic Regression,0,0,0.020167619423800447
02_linear,Linear,Logistic Regression,0,0,0.1000340290286514
02_linear,Linear,Logistic Regression,0,0,0.000245387152178798
02_linear,Linear,Logistic Regression,0,0,0.1855776906120476
02_linear,Linear,Logistic Regression,0,0,0.0020966912718055433
02_linear,Linear,Logistic Regression,0,0,0.009878777781247376
02_linear,Linear,Logistic Regression,0,0,0.0022069041923673555
02_linear,Linear,Logistic Regression,0,0,0.0015265087389199237
02_linear,Linear,Logistic Regression,0,0,0.012522628263499438
02_linear,Linear,Logistic Regression,0,0,0.25350022519470616
02_linear,Linear,Logistic Regression,0,0,0.1620119234841897
02_linear,Linear,Logistic Regression,0,0,7.828730349830067e-05
02_linear,Linear,Logistic Regression,0,0,0.2682926134881333
02_linear,Linear,Logistic Regression,0,0,0.0031167671950565546
02_linear,Linear,Logistic Regression,0,0,2.845424663645005e-07
02_linear,Linear,Logistic Regression,0,0,0.03487442583638198
02_linear,Linear,Logistic Regression,0,0,0.19296179743286918
02_linear,Linear,Logistic Regression,1,1,0.9999998504347455
02_linear,Linear,Logistic Regression,0,0,2.2792245863921088e-05
02_linear,Linear,Logistic Regression,1,1,0.9999999999998741
02_linear,Linear,Logistic Regression,0,0,1.8939773972031197e-07
02_linear,Linear,Logistic Regression,1,1,0.9999993326839597
02_linear,Linear,Logistic Regression,0,0,0.008248435067817023
02_linear,Linear,Logistic Regression,0,0,0.09584343197811165
02_linear,Linear,Logistic Regression,1,1,0.9999928548376779
02_linear,Linear,Logistic Regression,0,0,0.015726709275125008
02_linear,Linear,Logistic Regression,0,0,0.29519634803399786
02_linear,Linear,Logistic Regression,0,0,6.861395460033152e-21
02_linear,Linear,Logistic Regression,0,0,0.05422892231495362
02_linear,Linear,Logistic Regression,1,1,0.9999998564932745
02_linear,Linear,Logistic Regression,1,1,0.5380205932432911
02_linear,Linear,Logistic Regression,0,0,0.1031613780414699
02_linear,Linear,Logistic Regression,0,0,0.0407174781090792
02_linear,Linear,Logistic Regression,0,0,3.902680062633049e-15
02_linear,Linear,Logistic Regression,1,1,0.9999993509521246
02_linear,Linear,Logistic Regression,0,0,0.06471470874340185
02_linear,Linear,Logistic Regression,0,0,0.0005333340033720738
02_linear,Linear,Logistic Regression,1,0,0.42674595117229125
02_linear,Linear,Logistic Regression,1,1,0.9999996674980414
02_linear,Linear,Logistic Regression,0,0,0.4085456165600385
02_linear,Linear,Logistic Regression,0,0,0.00918667397203236
02_linear,Linear,Logistic Regression,0,0,0.012536660873989351
02_linear,Linear,Logistic Regression,1,1,0.9999990641798826
02_linear,Linear,Logistic Regression,0,0,0.0032521049333927333
02_linear,Linear,Logistic Regression,0,0,1.1719799261074743e-05
02_linear,Linear,Logistic Regression,1,1,0.9999997934531404
02_linear,Linear,Logistic Regression,1,1,0.9999985851727302
02_linear,Linear,Logistic Regression,0,0,6.839520665519331e-09
02_linear,Linear,Logistic Regression,0,0,0.13057280406685062
02_linear,Linear,Logistic Regression,1,1,0.9999994865061278
02_linear,Linear,Logistic Regression,0,0,0.29295377727134947
02_linear,Linear,Logistic Regression,1,1,1.0
02_linear,Linear,Logistic Regression,0,0,3.997829531231165e-06
02_linear,Linear,Logistic Regression,1,1,0.9999997518150462
02_linear,Linear,Logistic Regression,0,0,0.0006027587107151081
02_linear,Linear,Logistic Regression,0,0,9.433630410895763e-05
02_linear,Linear,Logistic Regression,0,0,0.014848040279968788
02_linear,Linear,Logistic Regression,0,0,0.006777138571573258
02_linear,Linear,Logistic Regression,0,0,0.001819728992636951
02_linear,Linear,Logistic Regression,0,0,0.0027961808212755832
02_linear,Linear,Logistic Regression,0,0,0.10505247565689588
02_linear,Linear,Logistic Regression,1,1,0.9999999031374268
02_linear,Linear,Logistic Regression,0,0,0.006265455449025641
02_linear,Linear,Logistic Regression,0,0,0.10525837504539383
02_linear,Linear,Logistic Regression,0,0,0.038225027615125716
02_linear,Linear,Logistic Regression,0,0,0.012284058502424484
02_linear,Linear,Logistic Regression,1,1,0.9999990331092862
02_linear,Linear,Logistic Regression,1,0,0.4748626144641837
02_linear,Linear,Logistic Regression,1,1,0.9999999053041099
02_linear,Linear,Logistic Regression,0,0,0.00031737417619771027
02_linear,Linear,Logistic Regression,0,0,0.22456595825883274
02_linear,Linear,Logistic Regression,0,0,0.008415184217370197
02_linear,Linear,Logistic Regression,0,0,0.0029519282457531105
02_linear,Linear,Logistic Regression,0,0,0.0004986085313858497
02_linear,Linear,Logistic Regression,0,0,0.31664106087098853
02_linear,Linear,Logistic Regression,1,1,0.9999992454494158
02_linear,Linear,Logistic Regression,0,1,0.6088362905711461
02_linear,Linear,Logistic Regression,0,0,4.025694436250573e-05
02_linear,Linear,Logistic Regression,0,0,0.01593200798614728
02_linear,Linear,Logistic Regression,0,0,2.2919304340611466e-06
02_linear,Linear,Logistic Regression,0,0,0.0003722986916590383
02_linear,Linear,Logistic Regression,1,1,0.9999991704469087
02_linear,Linear,Logistic Regression,1,1,0.9999996027627268
02_linear,Linear,Logistic Regression,0,0,0.018133709387737434
02_linear,Linear,Logistic Regression,0,0,0.002150321227862219
02_linear,Linear,Logistic Regression,0,0,6.620542189751064e-06
02_linear,Linear,Logistic Regression,0,0,0.00014013600777619984
02_linear,Linear,Logistic Regression,0,0,0.008347778368304583
02_linear,Linear,Logistic Regression,0,0,1.768112257003781e-08
02_linear,Linear,Logistic Regression,0,0,0.23713100974491932
02_linear,Linear,Logistic Regression,0,0,0.3761768657240501
02_linear,Linear,Logistic Regression,0,0,0.21263825942719072
02_linear,Linear,Logistic Regression,0,0,1.1325530942182517e-05
02_linear,Linear,Logistic Regression,0,0,0.008759317612315461
02_linear,Linear,Logistic Regression,1,1,0.9999998938887914
02_linear,Linear,Logistic Regression,0,0,0.023713047962183435
02_linear,Linear,Logistic Regression,0,0,4.73017879219072e-09
02_linear,Linear,Logistic Regression,0,0,0.1471119400155561
02_linear,Linear,Logistic Regression,1,1,0.9999993626452056
02_linear,Linear,Logistic Regression,0,0,0.291189808818263
02_linear,Linear,Logistic Regression,0,0,7.658807276005248e-05
02_linear,Linear,Logistic Regression,1,1,0.9999995301072969
02_linear,Linear,Logistic Regression,0,0,1.811634075900743e-05
02_linear,Linear,Logistic Regression,1,1,0.6059416455367337
02_linear,Linear,Logistic Regression,1,0,0.417774829440722
02_linear,Linear,Logistic Regression,0,0,0.005848810339404807
02_linear,Linear,Logistic Regression,1,0,0.37828448028431993
02_linear,Linear,Logistic Regression,0,0,0.007523772312741005
02_linear,Linear,Logistic Regression,1,1,0.9999987165252799
02_linear,Linear,Logistic Regression,0,0,0.2513369484049608
02_linear,Linear,Logistic Regression,1,1,0.9999997532116228
02_linear,Linear,Logistic Regression,0,0,0.0010303443192392163
02_linear,Linear,Logistic Regression,1,1,0.9999998015073394
02_linear,Linear,Logistic Regression,0,0,0.0031055514694337343
02_linear,Linear,Logistic Regression,0,0,0.009879660448563508
02_linear,Linear,Logistic Regression,0,0,3.9669165681680446e-12
02_linear,Linear,Logistic Regression,0,0,0.0008022764839616238
02_linear,Linear,Logistic Regression,1,0,0.3549281316387188
02_linear,Linear,Logistic Regression,0,0,0.0006840370868805691
02_linear,Linear,Logistic Regression,0,0,0.0023763351259595503
02_linear,Linear,Logistic Regression,0,0,2.375573907862298e-05
02_linear,Linear,Logistic Regression,0,0,0.015541303100895555
02_linear,Linear,Logistic Regression,1,1,0.9999999259763198
02_linear,Linear,Logistic Regression,0,0,0.1110831187894181
02_linear,Linear,Logistic Regression,0,0,0.02990300275253463
02_linear,Linear,Logistic Regression,0,0,8.046080061564441e-06
02_linear,Linear,Logistic Regression,0,0,0.03796944663034002
02_linear,Linear,Logistic Regression,0,0,0.013001773986080106
02_linear,Linear,Logistic Regression,0,0,1.0593283296949252e-05
02_linear,Linear,Logistic Regression,0,0,1.449299970655072e-06
02_linear,Linear,Logistic Regression,0,0,1.374950446681577e-06
02_linear,Linear,Logistic Regression,0,0,0.011935373533875722
02_linear,Linear,Logistic Regression,0,0,0.26510752677192356
02_linear,Linear,Logistic Regression,1,1,0.9999991872677838
02_linear,Linear,Logistic Regression,0,0,0.012126235794497169
02_linear,Linear,Logistic Regression,1,1,0.9999999859171924
02_linear,Linear,Logistic Regression,0,0,0.058532903792023736
02_linear,Linear,Logistic Regression,0,0,0.004606216318045121
02_linear,Linear,Logistic Regression,0,0,4.847298726095005e-06
02_linear,Linear,Logistic Regression,0,0,0.0583517946716019
02_linear,Linear,Logistic Regression,0,0,0.018529504735311415
02_linear,Linear,Logistic Regression,0,0,0.006134791915635972
02_linear,Linear,Logistic Regression,0,0,0.011189187851973816
02_linear,Linear,Logistic Regression,0,0,0.03528863636765418
02_linear,Linear,Logistic Regression,0,0,1.0028525295915464e-05
02_linear,Linear,Logistic Regression,0,0,0.24896516709074182
02_linear,Linear,Logistic Regression,0,0,0.09854238290733741
02_linear,Linear,Logistic Regression,0,0,0.00011939527725431787
02_linear,Linear,Logistic Regression,0,0,0.043431924984087884
02_linear,Linear,Logistic Regression,0,0,0.0018906619660142628
02_linear,Linear,Logistic Regression,0,0,3.5394110395303653e-06
02_linear,Linear,Logistic Regression,0,0,0.0002489729637266138
02_linear,Linear,Logistic Regression,1,0,0.2504982240741571
02_linear,Linear,Logistic Regression,0,0,0.035617283384669435
02_linear,Linear,Logistic Regression,0,0,0.00021178710997336736
02_linear,Linear,Logistic Regression,0,0,0.001080933072089913
02_linear,Linear,Logistic Regression,1,0,0.10075125433348342
02_linear,Linear,Logistic Regression,0,0,8.885003838557915e-10
02_linear,Linear,Logistic Regression,0,1,0.6184754789859355
02_linear,Linear,Logistic Regression,0,0,3.168395458028126e-09
02_linear,Linear,Logistic Regression,0,0,0.0252783097607029
02_linear,Linear,Logistic Regression,0,0,0.01502186827623871
02_linear,Linear,Logistic Regression,1,1,0.9999986549640342
02_linear,Linear,Logistic Regression,0,0,0.006924248063099259
02_linear,Linear,Logistic Regression,0,0,0.00016034877934414265
02_linear,Linear,Logistic Regression,0,0,0.013634123213313478
02_linear,Linear,Logistic Regression,0,0,0.00010438518666290476
02_linear,Linear,Logistic Regression,0,0,0.02055877112909192
02_linear,Linear,Logistic Regression,0,0,0.12738770704411462
02_linear,Linear,Logistic Regression,0,0,0.04564067856787096
02_linear,Linear,Logistic Regression,0,0,0.0010319959270135716
02_linear,Linear,Logistic Regression,1,0,0.4168236500750677
02_linear,Linear,Logistic Regression,0,0,0.13353189323821227
02_linear,Linear,Logistic Regression,1,1,0.6290638914295311
02_linear,Linear,Logistic Regression,0,0,3.504210920605003e-09
02_linear,Linear,Logistic Regression,0,0,3.29202368313401e-05
02_linear,Linear,Logistic Regression,1,1,0.535017939498289
02_linear,Linear,Logistic Regression,0,0,0.12319864128224411
02_linear,Linear,Logistic Regression,0,0,0.2256241198083644
02_linear,Linear,Logistic Regression,1,1,0.625088386908434
02_linear,Linear,Logistic Regression,1,1,0.9999963846433795
02_linear,Linear,Logistic Regression,1,1,1.0
02_linear,Linear,Logistic Regression,1,0,0.3989635885393678
02_linear,Linear,Logistic Regression,0,0,0.0037980833548519515
02_linear,Linear,Logistic Regression,0,0,0.0002816697394088993
02_linear,Linear,Logistic Regression,0,0,0.0031350383129218158
02_linear,Linear,Logistic Regression,0,0,0.0818944101619963
02_linear,Linear,Logistic Regression,0,0,0.007081458192985541
02_linear,Linear,Logistic Regression,0,0,0.19416185434241853
02_linear,Linear,Logistic Regression,0,0,0.1649748108258583
02_linear,Linear,Logistic Regression,0,0,0.02360658948617529
02_linear,Linear,Logistic Regression,1,1,0.9999989127114861
02_linear,Linear,Logistic Regression,1,1,0.9999999206024502
02_linear,Linear,Logistic Regression,0,0,0.11998507612642483
02_linear,Linear,Logistic Regression,0,0,7.256186363996474e-06
02_linear,Linear,Logistic Regression,0,0,1.0804416406186247e-15
02_linear,Linear,Logistic Regression,0,0,0.07854408061366762
02_linear,Linear,Logistic Regression,0,0,5.473185802675733e-07
02_linear,Linear,Logistic Regression,0,0,0.0036589696488440824
02_linear,Linear,Logistic Regression,0,1,0.5625704890781175
02_linear,Linear,Logistic Regression,0,0,0.032412575963127264
02_linear,Linear,Logistic Regression,0,0,0.11518791389537673
02_linear,Linear,Logistic Regression,0,1,0.7287738401796997
02_linear,Linear,Logistic Regression,0,0,0.2449265785366332
02_linear,Linear,Logistic Regression,0,0,0.33259941311164903
02_linear,Linear,Logistic Regression,0,0,0.00019801556072922733
02_linear,Linear,Logistic Regression,1,1,0.9999999417450841
02_linear,Linear,Logistic Regression,1,0,0.35856575475757396
02_linear,Linear,Logistic Regression,1,0,0.49511036248675855
02_linear,Linear,Logistic Regression,0,0,0.00012213172829828796
02_linear,Linear,Logistic Regression,0,0,0.000889590593899713
02_linear,Linear,Logistic Regression,1,1,0.9999984147424255
02_linear,Linear,Logistic Regression,0,0,0.01557844921409822
02_linear,Linear,Logistic Regression,0,0,0.010658765204061081
02_linear,Linear,Logistic Regression,0,0,0.33322577808725284
02_linear,Linear,Logistic Regression,0,0,0.10215325471502062
02_linear,Linear,Logistic Regression,0,0,0.14025294857546605
02_linear,Linear,Logistic Regression,0,1,0.6052201395667437
02_linear,Linear,Logistic Regression,1,1,0.7182720191362699
02_linear,Linear,Logistic Regression,0,0,0.018412709424440406
02_linear,Linear,Logistic Regression,0,0,0.050310587328309626
02_linear,Linear,Logistic Regression,0,0,0.009996574697775913
02_linear,Linear,Logistic Regression,0,0,0.006508276356839573
02_linear,Linear,Logistic Regression,0,0,0.0008353841104631448
02_linear,Linear,Logistic Regression,0,0,0.0055683009582384755
02_linear,Linear,Logistic Regression,1,0,0.35431876083115893
02_linear,Linear,Logistic Regression,1,1,0.9999989020242567
02_linear,Linear,Logistic Regression,0,0,0.012114722663690677
02_linear,Linear,Logistic Regression,0,0,0.00044141981988706446
02_linear,Linear,Logistic Regression,0,0,1.7112602164936503e-06
02_linear,Linear,Logistic Regression,0,0,3.5976555197712907e-05
02_linear,Linear,Logistic Regression,0,0,1.003808712768927e-17
02_linear,Linear,Logistic Regression,0,0,0.000661438444833519
02_linear,Linear,Logistic Regression,0,0,0.0010668060210881935
02_linear,Linear,Logistic Regression,1,1,0.6227905797470165
02_linear,Linear,Logistic Regression,0,0,0.029012231903092683
02_linear,Linear,Logistic Regression,0,0,0.018294248711719415
02_linear,Linear,Logistic Regression,0,0,0.002069366241317951
02_linear,Linear,Logistic Regression,0,0,0.00045148121514300833
02_linear,Linear,Logistic Regression,1,1,0.9999998848057678
02_linear,Linear,Logistic Regression,1,0,0.45649114413965447
02_linear,Linear,Logistic Regression,0,0,0.0017734069317213513
02_linear,Linear,Logistic Regression,0,0,0.00017902865751738773
02_linear,Linear,Logistic Regression,1,1,0.9999999444493732
02_linear,Linear,Logistic Regression,0,0,0.35088218435487634
02_linear,Linear,Logistic Regression,0,0,0.09107905343686973
02_linear,Linear,Logistic Regression,0,0,0.00011745759978188353
02_linear,Linear,Logistic Regression,0,0,0.04490929883378288
02_linear,Linear,Logistic Regression,0,0,0.0033917457935706496
02_linear,Linear,Logistic Regression,0,0,5.2884040121833106e-05
02_linear,Linear,Logistic Regression,0,0,0.27124444129761033
02_linear,Linear,Logistic Regression,1,1,0.9999995019209066
02_linear,Linear,Logistic Regression,0,0,0.017265098807948014
02_linear,Linear,Logistic Regression,0,0,0.047538624623308705
02_linear,Linear,Logistic Regression,0,0,5.0898662895770136e-05
02_linear,Linear,Logistic Regression,0,0,0.07068670849290884
02_linear,Linear,Logistic Regression,0,0,0.16543243850362258
02_linear,Linear,Logistic Regression,1,1,0.9999988327614788
02_linear,Linear,Logistic Regression,0,0,0.002103930584280495
02_linear,Linear,Logistic Regression,0,0,0.011030030371299866
02_linear,Linear,Logistic Regression,1,1,0.9999991088864606
02_linear,Linear,Logistic Regression,0,0,0.12749054148799757
02_linear,Linear,Logistic Regression,1,1,0.9999999073721569
02_linear,Linear,Logistic Regression,1,0,0.19155961991786152
02_linear,Linear,Logistic Regression,1,0,0.2807131176133117
02_linear,Linear,Logistic Regression,0,0,0.006885858531603458
02_linear,Linear,Logistic Regression,1,1,0.9999996684201073
02_linear,Linear,Logistic Regression,0,0,7.53407646850925e-05
02_linear,Linear,Logistic Regression,1,1,0.9999995895649548
02_linear,Linear,Logistic Regression,0,0,1.1763686315032411e-05
02_linear,Linear,Logistic Regression,0,0,0.0010561160712636878
02_linear,Linear,Logistic Regression,0,0,0.1584729400996758
02_linear,Linear,Logistic Regression,0,0,0.012536880775183305
02_linear,Linear,Logistic Regression,0,0,5.758403238695139e-24
02_linear,Linear,Logistic Regression,0,0,0.0007563969499034793
02_linear,Linear,Logistic Regression,0,0,0.04807340434139561
02_linear,Linear,Logistic Regression,0,0,0.09531036988777612
02_linear,Linear,Logistic Regression,0,0,0.0910924283576099
02_linear,Linear,Logistic Regression,0,0,7.869158389927074e-07
02_linear,Linear,Logistic Regression,0,0,5.8684676732282424e-05
02_linear,Linear,Logistic Regression,0,0,0.0024089936082791765
02_linear,Linear,Logistic Regression,0,0,0.042207822316550625
02_linear,Linear,Logistic Regression,1,1,0.9999993211720665
02_linear,Linear,Logistic Regression,0,0,0.001065652632257505
02_linear,Linear,Logistic Regression,0,0,0.2242021396568682
02_linear,Linear,Logistic Regression,1,1,0.999999896160516
02_linear,Linear,Logistic Regression,0,0,0.05712103837095078
02_linear,Linear,Logistic Regression,0,0,0.0015093479135216263
02_linear,Linear,Logistic Regression,0,0,0.11478003609377299
02_linear,Linear,Logistic Regression,1,1,0.9999985033636981
02_linear,Linear,Logistic Regression,1,0,0.21366054072141033
02_linear,Linear,Logistic Regression,0,0,0.00011919347446074021
02_linear,Linear,Logistic Regression,0,0,8.582409504185016e-10
02_linear,Linear,Logistic Regression,1,0,0.39660608556266885
02_linear,Linear,Logistic Regression,0,0,0.041963805924270854
02_linear,Linear,Logistic Regression,0,0,0.00964127902029594
02_linear,Linear,Logistic Regression,0,0,0.00011731921247331155
02_linear,Linear,Logistic Regression,0,0,0.11778593256798107
02_linear,Linear,Logistic Regression,1,1,0.9999991951989748
02_linear,Linear,Logistic Regression,0,1,0.9999694707227201
02_linear,Linear,Logistic Regression,0,0,0.0816150546421462
02_linear,Linear,Logistic Regression,0,1,0.9508859699990427
02_linear,Linear,Logistic Regression,1,1,0.9999983317914685
02_linear,Linear,Logistic Regression,1,1,0.9999989262373284
02_linear,Linear,Logistic Regression,0,0,2.869465956073694e-32
02_linear,Linear,Logistic Regression,1,1,0.9999994382328351
02_linear,Linear,Logistic Regression,1,1,0.7515537467237797
02_linear,Linear,Logistic Regression,0,0,5.651975816665394e-06
02_linear,Linear,Logistic Regression,0,0,0.03593599792723821
02_linear,Linear,Logistic Regression,1,1,0.9999994297705356
02_linear,Linear,Logistic Regression,0,0,0.0735454035332189
02_linear,Linear,Logistic Regression,0,0,0.035879174811191086
02_linear,Linear,Logistic Regression,0,0,0.14544028316300328
02_linear,Linear,Logistic Regression,0,0,0.002188889515346022
02_linear,Linear,Logistic Regression,0,0,0.0486056480502292
02_linear,Linear,Logistic Regression,0,0,0.021440452429716893
02_linear,Linear,Logistic Regression,0,0,0.0005786995724767551
02_linear,Linear,Logistic Regression,0,0,5.261823598974191e-25
02_linear,Linear,Logistic Regression,0,0,0.21574831635082797
02_linear,Linear,Logistic Regression,0,0,0.003940206229006735
02_linear,Linear,Logistic Regression,0,0,0.002813834955683251
02_linear,Linear,Logistic Regression,0,0,0.010168216496822723
02_linear,Linear,Logistic Regression,0,0,0.01036031189204434
02_linear,Linear,Logistic Regression,1,1,0.6842759046409441
02_linear,Linear,Logistic Regression,0,0,0.1579090264184792
02_linear,Linear,Logistic Regression,1,1,0.99999926183366
02_linear,Linear,Logistic Regression,0,0,0.2137323823407619
02_linear,Linear,Logistic Regression,0,0,0.008108542615938063
02_linear,Linear,Logistic Regression,0,0,0.0003062711222360203
02_linear,Linear,Logistic Regression,0,0,0.009253321628653055
02_linear,Linear,Logistic Regression,0,0,0.010170295911715222
02_linear,Linear,Logistic Regression,0,0,0.36503763935496614
02_linear,Linear,Logistic Regression,1,1,0.9999977605601094
02_linear,Linear,Logistic Regression,0,0,0.03796126170669473
02_linear,Linear,Logistic Regression,0,1,0.5982754362718634
02_linear,Linear,Logistic Regression,1,1,0.9999996379637873
02_linear,Linear,Logistic Regression,0,0,0.07354057240865215
02_linear,Linear,Logistic Regression,1,1,0.9999986821402508
02_linear,Linear,Logistic Regression,0,0,7.067352764755794e-09
02_linear,Linear,Logistic Regression,0,0,0.010172523072573518
02_linear,Linear,Logistic Regression,0,0,0.03080877260539672
02_linear,Linear,Logistic Regression,0,0,6.361434473517747e-05
02_linear,Linear,Logistic Regression,0,1,0.7691465972569015
02_linear,Linear,Logistic Regression,1,1,0.999998252354273
02_linear,Linear,Logistic Regression,0,0,0.0013654824058943233
02_linear,Linear,Logistic Regression,0,0,0.06800027369973105
02_linear,Linear,Logistic Regression,1,1,0.9999995371530226
02_linear,Linear,Logistic Regression,0,0,0.01340055361400609
02_linear,Linear,Logistic Regression,0,0,0.00019923473221830783
02_linear,Linear,Logistic Regression,0,0,1.9320146151621934e-05
02_linear,Linear,Logistic Regression,0,0,0.027818722179263223
02_linear,Linear,Logistic Regression,0,0,0.2238801280797409
02_linear,Linear,Logistic Regression,1,1,0.9999998884593584
02_linear,Linear,Logistic Regression,0,0,0.004057564267745154
02_linear,Linear,Logistic Regression,0,0,0.004036805523684602
02_linear,Linear,Logistic Regression,1,1,0.9999998445655089
02_linear,Linear,Logistic Regression,0,0,0.0006471881810572051
02_linear,Linear,Logistic Regression,0,0,0.0008834522557744556
02_linear,Linear,Logistic Regression,0,0,1.1777810974347996e-05
02_linear,Linear,Logistic Regression,0,0,0.00016085014797297248
02_linear,Linear,Logistic Regression,0,0,0.0016847874758705989
02_linear,Linear,Logistic Regression,0,0,0.259894504432647
02_linear,Linear,Logistic Regression,1,1,0.999999464543097
02_linear,Linear,Logistic Regression,0,0,0.00013172734543552973
02_linear,Linear,Logistic Regression,0,0,0.13146166668388026
02_linear,Linear,Logistic Regression,0,0,0.08904579133371321
02_linear,Linear,Logistic Regression,0,0,0.13835734408581038
02_linear,Linear,Logistic Regression,0,0,0.0012164660110081085
02_linear,Linear,Logistic Regression,1,1,0.9999944985143248
02_linear,Linear,Logistic Regression,1,1,0.9999984853684918
02_linear,Linear,Logistic Regression,1,1,0.9999999998390927
02_linear,Linear,Logistic Regression,0,0,0.008100388175525315
02_linear,Linear,Logistic Regression,0,0,0.014980527258467312
02_linear,Linear,Logistic Regression,1,1,0.999999867141265
02_linear,Linear,Logistic Regression,0,0,0.2647811613159567
02_linear,Linear,Logistic Regression,0,0,0.02031732534454
02_linear,Linear,Logistic Regression,0,0,0.00039021376092323017
02_linear,Linear,Logistic Regression,0,0,0.0002754409671537937
02_linear,Linear,Logistic Regression,0,0,0.003958917175974503
02_linear,Linear,Logistic Regression,0,0,0.02012369397397226
02_linear,Linear,Logistic Regression,0,0,2.842696777983719e-06
02_linear,Linear,Logistic Regression,1,1,1.0
02_linear,Linear,Logistic Regression,0,0,0.027080534955204114
02_linear,Linear,Logistic Regression,0,0,1.2339730369478129e-09
02_linear,Linear,Logistic Regression,0,0,0.0031265873937460545
02_linear,Linear,Logistic Regression,0,0,0.23307905406565707
02_linear,Linear,Logistic Regression,1,1,0.999997738289376
02_linear,Linear,Logistic Regression,1,1,0.9999959170771394
02_linear,Linear,Logistic Regression,0,0,0.0029091117291933665
02_linear,Linear,Logistic Regression,1,1,0.9999997676081871
02_linear,Linear,Logistic Regression,0,0,0.02230176572840808
02_linear,Linear,Logistic Regression,0,0,5.67975582114302e-06
02_linear,Linear,Logistic Regression,0,1,0.6196598013570633
02_linear,Linear,Logistic Regression,0,0,0.006767572247709954
02_linear,Linear,Logistic Regression,0,0,0.006046946221919802
02_linear,Linear,Logistic Regression,0,0,0.0035419658456312354
02_linear,Linear,Logistic Regression,1,1,0.999999817770104
02_linear,Linear,Logistic Regression,0,0,0.41298407539902626
02_linear,Linear,Logistic Regression,0,0,0.396487920382528
02_linear,Linear,Logistic Regression,0,0,0.008102109742832257
02_linear,Linear,Logistic Regression,1,1,0.9999995295796463
02_linear,Linear,Logistic Regression,0,0,6.697106231817268e-05
02_linear,Linear,Logistic Regression,0,0,0.004576619032874634
02_linear,Linear,Logistic Regression,0,0,0.001994129298404089
02_linear,Linear,Logistic Regression,0,0,0.004026884775775109
02_linear,Linear,Logistic Regression,1,1,0.9999993673536446
02_linear,Linear,Logistic Regression,0,0,0.2613138820403944
02_linear,Linear,Logistic Regression,1,1,0.9999968307888722
02_linear,Linear,Logistic Regression,1,1,0.9999999344966836
02_linear,Linear,Logistic Regression,0,0,0.002463845055823638
02_linear,Linear,Logistic Regression,0,0,0.004423126036662116
02_linear,Linear,Logistic Regression,0,0,0.00012485586090949313
02_linear,Linear,Logistic Regression,0,0,7.432060734178596e-05
02_linear,Linear,Logistic Regression,0,0,0.11464928459970378
02_linear,Linear,Logistic Regression,0,0,4.773137819143071e-05
02_linear,Linear,Logistic Regression,1,1,0.7814459834075165
02_linear,Linear,Logistic Regression,0,0,0.0023364716662510948
02_linear,Linear,Logistic Regression,0,0,0.0109214087355927
02_linear,Linear,Logistic Regression,0,0,2.7981324885130654e-07
02_linear,Linear,Logistic Regression,0,0,0.10439677595437996
02_linear,Linear,Logistic Regression,0,0,0.002134403335543466
02_linear,Linear,Logistic Regression,0,0,0.07933115712629657
02_linear,Linear,Logistic Regression,0,0,0.0009352222556689761
02_linear,Linear,Logistic Regression,0,0,0.0017580942101296177
02_linear,Linear,Logistic Regression,0,0,0.002903133490347404
02_linear,Linear,Logistic Regression,0,0,0.03170684729516094
02_linear,Linear,Logistic Regression,1,1,0.9999999999182563
02_linear,Linear,Logistic Regression,0,0,0.026872915759215823
02_linear,Linear,Logistic Regression,0,0,0.11374366370180433
02_linear,Linear,Logistic Regression,0,0,0.024628564933414733
02_linear,Linear,Logistic Regression,0,0,0.08509652343407405
02_linear,Linear,Logistic Regression,0,0,0.0003811523147974838
02_linear,Linear,Logistic Regression,0,0,0.012978771611039788
02_linear,Linear,Logistic Regression,0,0,0.0015232177380087766
02_linear,Linear,Logistic Regression,0,0,0.000556740410120055
02_linear,Linear,Logistic Regression,0,0,0.1255817896483843
02_linear,Linear,Logistic Regression,1,1,0.9999984771842506
02_linear,Linear,Logistic Regression,0,0,0.01981685011233229
02_linear,Linear,Logistic Regression,1,1,0.9999993740210015
02_linear,Linear,Logistic Regression,1,1,0.9999981422506148
02_linear,Linear,Logistic Regression,0,0,0.0061792107980572575
02_linear,Linear,Logistic Regression,0,0,0.07155004648257289
02_linear,Linear,Logistic Regression,0,0,0.0016236623803896285
02_linear,Linear,Logistic Regression,0,0,0.07949478765381462
02_linear,Linear,Logistic Regression,0,0,3.544370915378697e-09
02_linear,Linear,Logistic Regression,0,0,0.15258788880924612
02_linear,Linear,Logistic Regression,1,1,0.9999871081362809
02_linear,Linear,Logistic Regression,0,0,4.996308442348224e-05
02_linear,Linear,Logistic Regression,0,1,0.6430314227876228
02_linear,Linear,Logistic Regression,0,0,3.944931378123853e-06
02_linear,Linear,Logistic Regression,1,0,0.46929013216463783
02_linear,Linear,Logistic Regression,0,0,0.003211881201931851
02_linear,Linear,Logistic Regression,0,0,0.16554000241227507
02_linear,Linear,Logistic Regression,0,0,0.06710820425814906
02_linear,Linear,Logistic Regression,0,0,0.0026133914438049126
02_linear,Linear,Logistic Regression,0,0,0.011268254432191952
02_linear,Linear,Logistic Regression,0,0,0.007448054592196139
02_linear,Linear,Logistic Regression,0,0,0.0011170483997988928
02_linear,Linear,Logistic Regression,0,0,0.010441690499133379
02_linear,Linear,Logistic Regression,0,0,0.026340756930962432
02_linear,Linear,Logistic Regression,0,0,0.16606910859083515
02_linear,Linear,Logistic Regression,0,0,0.27521321133980575
02_linear,Linear,Logistic Regression,0,0,0.015042583946960376
02_linear,Linear,Logistic Regression,0,0,4.072729455879055e-09
02_linear,Linear,Logistic Regression,0,0,2.7929625563984443e-05
02_linear,Linear,Logistic Regression,0,0,0.02252299161153569
02_linear,Linear,Logistic Regression,0,0,0.07801229840084828
02_linear,Linear,Logistic Regression,0,0,0.15628046596293318
02_linear,Linear,Logistic Regression,0,1,0.6370931676351318
02_linear,Linear,Logistic Regression,0,0,0.0017473062373014393
02_linear,Linear,Logistic Regression,0,0,0.0038272728415237097
02_linear,Linear,Logistic Regression,0,0,0.007566492507973577
02_linear,Linear,Logistic Regression,0,0,0.08487341282536318
02_linear,Linear,Logistic Regression,0,0,0.1877557294765599
02_linear,Linear,Logistic Regression,1,1,0.9999995307147977
02_linear,Linear,Logistic Regression,1,1,0.9999992197353149
02_linear,Linear,Logistic Regression,0,0,0.0014068434987137364
02_linear,Linear,Logistic Regression,0,0,0.1421408539755432
02_linear,Linear,Logistic Regression,0,0,0.001964757144944675
02_linear,Linear,Logistic Regression,0,0,0.0033058831006607396
02_linear,Linear,Logistic Regression,1,1,0.9999991317716181
02_linear,Linear,Logistic Regression,0,0,0.02130709384239933
02_linear,Linear,Logistic Regression,0,0,0.001413410599125764
02_linear,Linear,Logistic Regression,0,0,0.19263727437300798
02_linear,Linear,Logistic Regression,0,0,0.24303514693231473
02_linear,Linear,Logistic Regression,0,0,0.3936995184507791
02_linear,Linear,Logistic Regression,0,0,0.013824168119299608
02_linear,Linear,Logistic Regression,1,1,0.6450162357270953
02_linear,Linear,Logistic Regression,0,0,0.04034411402027147
02_linear,Linear,Logistic Regression,0,0,0.0015020704609176217
02_linear,Linear,Logistic Regression,0,0,0.2915420340084098
02_linear,Linear,Logistic Regression,1,0,0.3144599009223468
02_linear,Linear,Logistic Regression,0,0,0.12690324485289273
02_linear,Linear,Logistic Regression,0,0,0.005040849669747813
02_linear,Linear,Logistic Regression,0,0,0.0005325665531359522
02_linear,Linear,Logistic Regression,0,0,4.185639789611431e-06
02_linear,Linear,Logistic Regression,0,0,0.04798373434414684
02_linear,Linear,Logistic Regression,1,1,0.9999989143011608
02_linear,Linear,Logistic Regression,1,1,0.9999960014688523
02_linear,Linear,Logistic Regression,0,0,8.920650327747043e-06
02_linear,Linear,Logistic Regression,1,1,0.9999983013767831
02_linear,Linear,Logistic Regression,0,1,0.5293838842254764
02_linear,Linear,Logistic Regression,0,0,2.87667754685671e-17
02_linear,Linear,Logistic Regression,0,0,0.0009189911925927451
02_linear,Linear,Logistic Regression,0,0,0.0011035613926903577
02_linear,Linear,Logistic Regression,0,0,0.0010184803133788003
02_linear,Linear,Logistic Regression,0,0,6.122466591333887e-05
02_linear,Linear,Logistic Regression,0,0,0.0067038589453289315
02_linear,Linear,Logistic Regression,1,1,0.999999947994066
02_linear,Linear,Logistic Regression,0,0,0.011470951475664454
02_linear,Linear,Logistic Regression,0,0,0.012451238809168676
02_linear,Linear,Logistic Regression,0,0,1.6456120348046466e-05
02_linear,Linear,Logistic Regression,0,0,7.351202181213657e-05
02_linear,Linear,Logistic Regression,0,0,0.029743263160765834
02_linear,Linear,Logistic Regression,0,0,0.006688613100459214
02_linear,Linear,Logistic Regression,0,0,0.0016268564165876048
02_linear,Linear,Logistic Regression,0,0,0.00021216529737596895
02_linear,Linear,Logistic Regression,0,0,0.12525814516770084
02_linear,Linear,Logistic Regression,0,0,0.04890113427287358
02_linear,Linear,Logistic Regression,0,0,0.0030898638319572596
02_linear,Linear,Logistic Regression,0,0,5.993664554299459e-05
02_linear,Linear,Logistic Regression,0,0,0.1813261126651368
02_linear,Linear,Logistic Regression,1,1,1.0
02_linear,Linear,Logistic Regression,1,1,0.7803116116939439
02_linear,Linear,Logistic Regression,0,0,0.0005323252015731137
02_linear,Linear,Logistic Regression,1,1,0.9999997526273411
02_linear,Linear,Logistic Regression,0,0,7.536849462675916e-10
02_linear,Linear,Logistic Regression,0,0,0.00015116765606867872
02_linear,Linear,Logistic Regression,0,0,0.00743448387158368
02_linear,Linear,Logistic Regression,0,0,3.5658313852074435e-06
02_linear,Linear,Logistic Regression,0,0,0.005920135560068552
02_linear,Linear,Logistic Regression,0,0,0.05134963150566554
02_linear,Linear,Logistic Regression,1,1,0.9999993476160172
02_linear,Linear,Logistic Regression,0,0,2.2527423340157397e-06
02_linear,Linear,Logistic Regression,0,0,0.0011031242215331955
02_linear,Linear,Logistic Regression,1,1,0.9999995077490996
02_linear,Linear,Logistic Regression,1,0,0.3867315752316087
02_linear,Linear,Logistic Regression,0,0,0.018964021218662835
02_linear,Linear,Logistic Regression,0,0,0.009820626164243323
02_linear,Linear,Logistic Regression,1,1,1.0
02_linear,Linear,Logistic Regression,1,1,0.9999994631264637
02_linear,Linear,Logistic Regression,1,1,0.9999996954322545
02_linear,Linear,Logistic Regression,0,0,0.0012523881855594507
02_linear,Linear,Logistic Regression,0,0,3.761201027249983e-06
02_linear,Linear,Logistic Regression,0,0,0.005565453795982206
02_linear,Linear,Logistic Regression,0,0,0.25375028195561206
02_linear,Linear,Logistic Regression,0,1,0.5221841498731414
02_linear,Linear,Logistic Regression,0,0,3.865590957642534e-05
02_linear,Linear,Logistic Regression,0,0,0.4805898464795046
02_linear,Linear,Logistic Regression,1,0,0.24335108078630102
02_linear,Linear,Logistic Regression,0,0,0.020655949984982647
02_linear,Linear,Logistic Regression,0,0,0.007949444029112938
02_linear,Linear,Logistic Regression,1,1,0.9999991132612271
02_linear,Linear,Logistic Regression,0,0,0.03577743890369533
02_linear,Linear,Logistic Regression,0,0,0.004168572228131906
02_linear,Linear,Logistic Regression,0,0,0.0011641025770539224
02_linear,Linear,Logistic Regression,1,1,0.9999998229741354
02_linear,Linear,Logistic Regression,0,0,0.00012187017221388212
02_linear,Linear,Logistic Regression,1,0,0.3232496104765567
02_linear,Linear,Logistic Regression,0,0,0.03499323494872389
02_linear,Linear,Logistic Regression,0,0,0.012680618350581908
02_linear,Linear,Logistic Regression,0,0,0.0077926407654753645
02_linear,Linear,Logistic Regression,0,0,7.179251592011229e-06
02_linear,Linear,Logistic Regression,1,1,0.9999992417172227
02_linear,Linear,Logistic Regression,0,0,8.575886609972366e-06
02_linear,Linear,Logistic Regression,0,0,8.522966628323613e-11
02_linear,Linear,Logistic Regression,0,0,0.07045048441368221
02_linear,Linear,Logistic Regression,0,0,0.0015588295763863955
02_linear,Linear,Logistic Regression,1,1,1.0
02_linear,Linear,Logistic Regression,1,1,0.9999983132107961
02_linear,Linear,Logistic Regression,0,0,5.221525372207909e-14
02_linear,Linear,Logistic Regression,1,1,0.9999998724133902
02_linear,Linear,Logistic Regression,0,0,0.00048162667829732236
02_linear,Linear,Logistic Regression,0,0,0.07678312018944632
02_linear,Linear,Logistic Regression,1,1,0.9999982712779578
02_linear,Linear,Logistic Regression,0,0,3.6650408681398757e-06
02_linear,Linear,Logistic Regression,0,0,0.0067417596058766864
02_linear,Linear,Logistic Regression,0,0,0.3503654179243557
02_linear,Linear,Logistic Regression,1,1,0.9999976295647842
02_linear,Linear,Logistic Regression,0,0,0.0034770394642959462
02_linear,Linear,Logistic Regression,0,0,0.05299271492705922
02_linear,Linear,Logistic Regression,0,0,0.003047007863343577
02_linear,Linear,Logistic Regression,0,0,3.387167926489352e-47
02_linear,Linear,Logistic Regression,0,0,0.005490886741871364
02_linear,Linear,Logistic Regression,1,1,0.9999999982433376
02_linear,Linear,Logistic Regression,0,0,1.0180046972218427e-05
02_linear,Linear,Logistic Regression,0,0,9.098187852530542e-05
02_linear,Linear,Logistic Regression,0,0,0.008157609643527053
02_linear,Linear,Logistic Regression,0,0,0.005711421144743192
02_linear,Linear,Logistic Regression,0,0,0.005705173058474045
02_linear,Linear,Logistic Regression,0,0,0.0025038934111550164
02_linear,Linear,Logistic Regression,0,0,0.05356803273809625
02_linear,Linear,Logistic Regression,0,0,0.014967991751038995
02_linear,Linear,Logistic Regression,0,0,0.48961978353257407
02_linear,Linear,Logistic Regression,1,1,0.8508202923737286
02_linear,Linear,Logistic Regression,0,0,0.0068465469364387445
02_linear,Linear,Logistic Regression,0,0,0.018858743043246896
02_linear,Linear,Logistic Regression,0,0,0.004495091001295752
02_linear,Linear,Logistic Regression,0,0,0.17847447181749967
02_linear,Linear,Logistic Regression,0,0,0.0009148424732467887
02_linear,Linear,Logistic Regression,1,0,0.39141843541112886
02_linear,Linear,Logistic Regression,1,1,0.9999935923806411
02_linear,Linear,Logistic Regression,0,0,0.004516983233761003
02_linear,Linear,Logistic Regression,1,1,0.9999996486038665
02_linear,Linear,Logistic Regression,0,0,0.006065974755827303
02_linear,Linear,Logistic Regression,0,0,0.0004317747432103883
02_linear,Linear,Logistic Regression,1,1,1.0
02_linear,Linear,Logistic Regression,0,1,0.5690439901849154
02_linear,Linear,Logistic Regression,1,1,1.0
02_linear,Linear,Logistic Regression,1,1,0.9999999160440441
02_linear,Linear,Logistic Regression,0,0,0.499520070233328
02_linear,Linear,Logistic Regression,0,0,0.060287269942353776
02_linear,Linear,Logistic Regression,0,0,0.15364414223781447
02_linear,Linear,Logistic Regression,0,0,0.009388184790780211
02_linear,Linear,Logistic Regression,0,0,0.018469610026062247
02_linear,Linear,Logistic Regression,0,0,0.000771094584493529
02_linear,Linear,Logistic Regression,0,0,0.008581556349117916
02_linear,Linear,Logistic Regression,0,0,0.22371828894034512
02_linear,Linear,Logistic Regression,1,1,0.9999998509897123
02_linear,Linear,Logistic Regression,0,0,2.454448392268556e-09
02_linear,Linear,Logistic Regression,0,0,0.0040929872852322625
02_linear,Linear,Logistic Regression,0,0,3.868731233256851e-06
02_linear,Linear,Logistic Regression,0,0,3.3671229847142767e-05
02_linear,Linear,Logistic Regression,0,0,0.12342228587167471
02_linear,Linear,Logistic Regression,1,1,0.9999998623484764
02_linear,Linear,Logistic Regression,0,0,0.012872358656177788
02_linear,Linear,Logistic Regression,0,0,0.005317837078254475
02_linear,Linear,Logistic Regression,0,0,0.18159575000223124
02_linear,Linear,Logistic Regression,0,0,0.004714547922603303
02_linear,Linear,Logistic Regression,0,0,0.0012755782638747672
02_linear,Linear,Logistic Regression,0,0,0.0014103447604745215
02_linear,Linear,Logistic Regression,1,1,0.6718753202700767
02_linear,Linear,Logistic Regression,0,0,0.015316004298888571
02_linear,Linear,Logistic Regression,1,1,0.9999998487272461
02_linear,Linear,Logistic Regression,1,1,0.9999991277361097
02_linear,Linear,Logistic Regression,1,1,0.9999992021116964
02_linear,Linear,Logistic Regression,1,1,0.9999988496871909
02_linear,Linear,Logistic Regression,0,0,0.0035860194264003783
02_linear,Linear,Logistic Regression,1,1,0.9999997217464894
02_linear,Linear,Logistic Regression,1,1,0.9999998424021808
02_linear,Linear,Logistic Regression,0,0,0.012407927747094993
02_linear,Linear,Logistic Regression,0,0,0.0004599983959203051
02_linear,Linear,Logistic Regression,0,0,0.013462077753508333
02_linear,Linear,Logistic Regression,0,0,0.010509515026497888
02_linear,Linear,Logistic Regression,1,1,0.6453855451518694
02_linear,Linear,Logistic Regression,0,0,0.02378700721444625
02_linear,Linear,Logistic Regression,0,0,0.00037297030658493173
02_linear,Linear,Logistic Regression,0,0,0.12619872524974907
02_linear,Linear,Logistic Regression,0,0,0.02154214065384811
02_linear,Linear,Logistic Regression,0,0,0.00012905973980571829
02_linear,Linear,Logistic Regression,0,0,0.010672201084742308
02_linear,Linear,Logistic Regression,1,1,0.9999999123875333
02_linear,Linear,Logistic Regression,0,0,0.04094077744228555
02_linear,Linear,Logistic Regression,1,1,0.9999993952797381
02_linear,Linear,Logistic Regression,0,0,0.00010913637841897466
02_linear,Linear,Logistic Regression,0,0,0.0005130582056802234
02_linear,Linear,Logistic Regression,0,0,0.0031315038020567234
02_linear,Linear,Logistic Regression,0,0,0.2749620866510087
02_linear,Linear,Logistic Regression,1,1,0.502254137436393
02_linear,Linear,Logistic Regression,0,0,0.0026121816906354684
02_linear,Linear,Logistic Regression,0,0,0.0009395035372595532
02_linear,Linear,Logistic Regression,1,1,0.999988421766122
02_linear,Linear,Logistic Regression,1,1,0.9999994701901174
02_linear,Linear,Logistic Regression,0,0,9.833484646370301e-06
02_linear,Linear,Logistic Regression,0,0,3.7455199362188092e-06
02_linear,Linear,Logistic Regression,1,1,0.7777221708148837
02_linear,Linear,Logistic Regression,0,0,0.3571146954724198
02_linear,Linear,Logistic Regression,0,1,0.5511940432006872
02_linear,Linear,Logistic Regression,0,0,0.039486522117267546
02_linear,Linear,Logistic Regression,0,0,0.05064237747111796
02_linear,Linear,Logistic Regression,1,1,0.7399809295022679
02_linear,Linear,Logistic Regression,0,0,0.18339316450176282
02_linear,Linear,Logistic Regression,0,0,0.0027804662961005773
02_linear,Linear,Logistic Regression,0,0,0.02683954721919112
02_linear,Linear,Logistic Regression,0,0,0.03544015917410875
02_linear,Linear,Logistic Regression,0,0,0.0080109545013377
02_linear,Linear,Logistic Regression,0,0,0.026001913975664225
02_linear,Linear,Logistic Regression,1,0,0.1798308179246471
02_linear,Linear,Logistic Regression,0,0,0.00019474010660124172
02_linear,Linear,Logistic Regression,0,0,0.014396499694417149
02_linear,Linear,Logistic Regression,1,1,0.9999988612322592
02_linear,Linear,Logistic Regression,1,0,0.404166532866515
02_linear,Linear,Logistic Regression,0,0,0.3740720432402466
02_linear,Linear,Logistic Regression,0,0,1.6513007287055383e-06
02_linear,Linear,Logistic Regression,1,1,0.9999997115713822
02_linear,Linear,Logistic Regression,0,0,0.00306001944635397
02_linear,Linear,Logistic Regression,1,1,0.6716426917791518
02_linear,Linear,Logistic Regression,0,0,0.0006451590801425438
02_linear,Linear,Logistic Regression,1,0,0.4255809662086229
02_linear,Linear,Logistic Regression,0,0,0.00013033154231306815
02_linear,Linear,Logistic Regression,0,0,0.1885901284217593
02_linear,Linear,Logistic Regression,0,0,0.08431214896443345
02_linear,Linear,Logistic Regression,1,1,0.9999920648264321
02_linear,Linear,Logistic Regression,0,0,0.176167338302677
02_linear,Linear,Logistic Regression,0,0,0.005266344775976014
02_linear,Linear,Logistic Regression,1,0,0.4998364601620197
02_linear,Linear,Logistic Regression,0,0,0.0004753420982944002
02_linear,Linear,Logistic Regression,0,0,0.0036503644211199463
02_linear,Linear,Logistic Regression,0,0,0.03134687678146049
02_linear,Linear,Logistic Regression,0,0,0.004560041718582015
02_linear,Linear,Logistic Regression,1,1,0.9999999060368552
02_linear,Linear,Logistic Regression,1,1,0.6373689256588018
02_linear,Linear,Logistic Regression,0,0,0.05463957810058589
02_linear,Linear,Logistic Regression,0,0,0.06609216922427151
02_linear,Linear,Logistic Regression,0,0,0.017529505270687112
02_linear,Linear,Logistic Regression,0,0,4.650727667243794e-08
02_linear,Linear,Logistic Regression,0,0,8.269345413785994e-05
02_linear,Linear,Logistic Regression,0,0,1.0877408477542548e-15
02_linear,Linear,Logistic Regression,1,1,0.999999326348862
02_linear,Linear,Logistic Regression,1,1,0.9999995199084497
02_linear,Linear,Logistic Regression,1,0,0.4051477847770387
02_linear,Linear,Logistic Regression,0,0,0.0015708534015393932
02_linear,Linear,Logistic Regression,0,0,0.2110697402565302
02_linear,Linear,Logistic Regression,1,1,0.9999997426050421
02_linear,Linear,Logistic Regression,0,0,7.878613829945856e-17
02_linear,Linear,Logistic Regression,0,0,0.20622713710556312
02_linear,Linear,Logistic Regression,0,0,9.340925508218299e-07
02_linear,Linear,Logistic Regression,0,0,7.560581280654985e-156
02_linear,Linear,Logistic Regression,1,1,0.9999887511772014
02_linear,Linear,Logistic Regression,0,0,0.011651262088795397
02_linear,Linear,Logistic Regression,0,0,0.00014671478330960524
02_linear,Linear,Logistic Regression,1,1,0.9999999500159945
02_linear,Linear,Logistic Regression,0,0,0.001528045244531346
02_linear,Linear,Logistic Regression,0,0,0.008441546179566616
02_linear,Linear,Logistic Regression,0,0,0.15308433653190195
02_linear,Linear,Logistic Regression,0,0,6.092503048752427e-05
02_linear,Linear,Logistic Regression,1,1,0.9999998077495514
02_linear,Linear,Logistic Regression,0,0,1.066033833221294e-11
02_linear,Linear,Logistic Regression,0,0,0.006515846941858897
02_linear,Linear,Logistic Regression,0,0,0.0025463925200161657
02_linear,Linear,Logistic Regression,0,0,0.0006656833386963958
02_linear,Linear,Logistic Regression,0,0,0.06806448600773224
02_linear,Linear,Logistic Regression,0,0,0.04433851381216244
02_linear,Linear,Logistic Regression,0,0,1.0220650884598103e-05
02_linear,Linear,Logistic Regression,0,0,2.4030536665385232e-14
02_linear,Linear,Logistic Regression,0,0,1.9349083923853385e-05
02_linear,Linear,Logistic Regression,1,1,0.9999999999871902
02_linear,Linear,Logistic Regression,0,0,1.1490519592572601e-14
02_linear,Linear,Logistic Regression,1,1,0.9999990031807788
02_linear,Linear,Logistic Regression,0,0,3.3054348123401123e-06
02_linear,Linear,Logistic Regression,0,0,4.662919658557066e-18
02_linear,Linear,Logistic Regression,1,1,0.9999993834185799
02_linear,Linear,Logistic Regression,1,0,0.44620426895358056
02_linear,Linear,Logistic Regression,1,1,0.9999996320319413
02_linear,Linear,Logistic Regression,0,0,3.05603792397845e-05
02_linear,Linear,Logistic Regression,0,0,0.19019285579400863
02_linear,Linear,Logistic Regression,0,0,0.18131350040043903
02_linear,Linear,Logistic Regression,0,0,0.0007849719998621009
02_linear,Linear,Logistic Regression,0,0,0.13046013954566144
02_linear,Linear,Logistic Regression,0,0,0.4106695732143963
02_linear,Linear,Logistic Regression,0,0,0.009851563787150368
02_linear,Linear,Logistic Regression,0,0,0.005946788648308756
02_linear,Linear,Logistic Regression,0,0,0.0001639315035402002
02_linear,Linear,Logistic Regression,0,0,0.0006948611739673584
02_linear,Linear,Logistic Regression,0,0,0.006467758120468955
02_linear,Linear,Logistic Regression,0,0,0.006690629478356787
02_linear,Linear,Logistic Regression,0,0,5.29109488203857e-09
02_linear,Linear,Logistic Regression,1,0,0.1647128429372248
02_linear,Linear,Logistic Regression,1,1,0.9999990317445762
02_linear,Linear,Logistic Regression,0,0,0.00106244990544573
02_linear,Linear,Logistic Regression,0,0,0.0073405471565720455
02_linear,Linear,Logistic Regression,0,0,0.046228965799243314
02_linear,Linear,Logistic Regression,0,0,0.00042081106670580195
02_linear,Linear,Logistic Regression,0,0,0.007654287932782046
02_linear,Linear,Logistic Regression,1,1,0.9999992033984926
02_linear,Linear,Logistic Regression,1,1,0.9999996380960108
02_linear,Linear,Logistic Regression,0,0,0.01405069040427239
02_linear,Linear,Logistic Regression,0,0,0.027787281576340497
02_linear,Linear,Logistic Regression,0,0,0.38960324538945545
02_linear,Linear,Logistic Regression,1,1,0.9999995594584874
02_linear,Linear,Logistic Regression,1,1,0.9999998578349316
02_linear,Linear,Logistic Regression,0,0,0.0008250710564782356
02_linear,Linear,Logistic Regression,0,0,0.3648960951989341
02_linear,Linear,Logistic Regression,1,0,0.45452647149653636
02_linear,Linear,Logistic Regression,0,0,2.1351854067040306e-159
02_linear,Linear,Logistic Regression,0,0,0.002293704547672674
02_linear,Linear,Logistic Regression,0,0,6.189626881909547e-05
02_linear,Linear,Logistic Regression,0,0,0.003276771392946762
02_linear,Linear,Logistic Regression,0,0,0.012294161262287762
02_linear,Linear,Logistic Regression,0,0,0.4018248404610038
02_linear,Linear,Logistic Regression,0,1,0.508466353374359
02_linear,Linear,Logistic Regression,0,0,0.0008913854011009597
02_linear,Linear,Logistic Regression,0,0,0.0032849084735438175
02_linear,Linear,Logistic Regression,0,0,0.20935576358237762
02_linear,Linear,Logistic Regression,1,1,0.9999999361911706
02_linear,Linear,Logistic Regression,1,0,0.4017672334817786
02_linear,Linear,Logistic Regression,0,0,0.23963816613536987
02_linear,Linear,Logistic Regression,1,1,0.9999992833333777
02_linear,Linear,Logistic Regression,0,0,0.15160136949316871
02_linear,Linear,Logistic Regression,1,1,0.9999998884236714
02_linear,Linear,Logistic Regression,0,0,0.10717242138433405
02_linear,Linear,Logistic Regression,0,0,0.005614617240929293
02_linear,Linear,Logistic Regression,0,0,0.06597869213986006
02_linear,Linear,Logistic Regression,0,0,0.02465386209029563
02_linear,Linear,Logistic Regression,0,0,0.032334042374321935
02_linear,Linear,Logistic Regression,0,0,0.369332448042111
02_linear,Linear,Logistic Regression,1,0,0.073326168780218
02_linear,Linear,Logistic Regression,0,0,0.017618948666823835
02_linear,Linear,Logistic Regression,0,0,0.16320154690456973
02_linear,Linear,Logistic Regression,0,0,5.594901143716301e-05
02_linear,Linear,Logistic Regression,1,1,0.9999987158090546
02_linear,Linear,Logistic Regression,0,0,0.2589183258732572
02_linear,Linear,Logistic Regression,0,0,6.206840293729787e-05
02_linear,Linear,Logistic Regression,1,1,1.0
02_linear,Linear,Logistic Regression,0,0,0.003434009604466836
02_linear,Linear,Logistic Regression,0,0,0.011443456507352746
02_linear,Linear,Logistic Regression,0,0,0.004755758214658257
02_linear,Linear,Logistic Regression,0,0,5.2841547066724045e-09
02_linear,Linear,Logistic Regression,0,0,0.04585571810739119
02_linear,Linear,Logistic Regression,0,0,0.00011406959600042492
02_linear,Linear,Logistic Regression,0,0,0.025785596488601636
02_linear,Linear,Logistic Regression,0,0,0.006109509382552442
02_linear,Linear,Logistic Regression,0,0,6.67714200994573e-07
02_linear,Linear,Logistic Regression,0,0,0.0025393828553880583
02_linear,Linear,Logistic Regression,0,0,5.4398980176596047e-05
02_linear,Linear,Logistic Regression,1,1,0.9999821615059649
02_linear,Linear,Logistic Regression,0,0,1.5810889214463832e-07
02_linear,Linear,Logistic Regression,1,1,0.9999999639773927
02_linear,Linear,Logistic Regression,0,0,6.661070591796826e-05
02_linear,Linear,Logistic Regression,0,0,0.008243380425939952
02_linear,Linear,Logistic Regression,0,0,0.0029793202741330896
02_linear,Linear,Logistic Regression,0,0,8.170995401535293e-10
02_linear,Linear,Logistic Regression,0,0,0.004270394521304686
02_linear,Linear,Logistic Regression,1,1,0.9999986300726724
02_linear,Linear,Logistic Regression,0,0,0.006360371424924714
02_linear,Linear,Logistic Regression,0,0,0.09673143393008565
02_linear,Linear,Logistic Regression,0,0,0.0420291200938626
02_linear,Linear,Logistic Regression,0,0,0.13962379293917107
02_linear,Linear,Logistic Regression,0,0,0.18929736618810192
02_linear,Linear,Logistic Regression,0,0,0.019541129958095965
02_linear,Linear,Logistic Regression,0,0,0.15707516720054457
02_linear,Linear,Logistic Regression,0,0,0.0010357958174411189
02_linear,Linear,Logistic Regression,0,0,0.00039402816756125777
02_linear,Linear,Logistic Regression,0,0,4.903140254505342e-05
02_linear,Linear,Logistic Regression,1,0,0.3064287610141148
02_linear,Linear,Logistic Regression,0,0,0.0007972569482391544
02_linear,Linear,Logistic Regression,0,0,0.03391952760102071
02_linear,Linear,Logistic Regression,1,1,0.9999990737503435
02_linear,Linear,Logistic Regression,1,1,0.9999999125149693
02_linear,Linear,Logistic Regression,0,0,0.0028004000748052564
02_linear,Linear,Logistic Regression,0,0,6.017688923789204e-07
02_linear,Linear,Logistic Regression,1,0,0.22962484496784283
02_linear,Linear,Logistic Regression,1,1,0.9999985925146783
02_linear,Linear,Logistic Regression,0,0,0.031184877923436133
02_linear,Linear,Logistic Regression,0,0,0.010693619557728434
02_linear,Linear,Logistic Regression,0,0,0.010375545520425706
02_linear,Linear,Logistic Regression,0,0,4.498349431238253e-06
02_linear,Linear,Logistic Regression,0,0,1.893795490880628e-42
02_linear,Linear,Logistic Regression,0,0,0.004091697456448972
02_linear,Linear,Logistic Regression,0,0,0.024168435665765667
02_linear,Linear,Logistic Regression,0,0,0.28471331115224147
02_linear,Linear,Logistic Regression,1,1,0.5975212610376353
02_linear,Linear,Logistic Regression,0,0,0.008681794870125489
02_linear,Linear,Logistic Regression,0,0,0.2610609163048223
02_linear,Linear,Logistic Regression,0,0,0.00035769571624829163
02_linear,Linear,Logistic Regression,1,1,0.9999970594436072
02_linear,Linear,Logistic Regression,0,0,4.0062435463456225e-06
02_linear,Linear,Logistic Regression,0,0,2.2800005534082322e-05
02_linear,Linear,Logistic Regression,0,0,0.02310783116329393
02_linear,Linear,Logistic Regression,0,0,0.1088790571562361
02_linear,Linear,Logistic Regression,0,1,0.8192977711083301
02_linear,Linear,Logistic Regression,0,0,0.0011700957230138314
02_linear,Linear,Logistic Regression,0,0,0.0020003714498007925
02_linear,Linear,Logistic Regression,0,0,0.3994057168907718
02_linear,Linear,Logistic Regression,0,0,0.0030851142280855373
02_linear,Linear,Logistic Regression,0,0,0.09059572438478425
02_linear,Linear,Logistic Regression,1,1,0.9999997536402868
02_linear,Linear,Logistic Regression,0,0,0.0004523367095163415
02_linear,Linear,Logistic Regression,0,0,0.009273322851200114
02_linear,Linear,Logistic Regression,1,1,0.9999991857393051
02_linear,Linear,Logistic Regression,1,1,0.9999995587612078
02_linear,Linear,Logistic Regression,0,0,1.6688743182480814e-06
02_linear,Linear,Logistic Regression,0,0,2.6192892412558177e-11
02_linear,Linear,Logistic Regression,0,0,0.057365270515273056
02_linear,Linear,Logistic Regression,0,0,1.7961446322997688e-36
02_linear,Linear,Logistic Regression,1,1,0.9999998941203162
02_linear,Linear,Logistic Regression,1,0,0.34919163325506053
02_linear,Linear,Logistic Regression,1,1,0.999999517627324
02_linear,Linear,Logistic Regression,0,0,0.01262841166259929
02_linear,Linear,Logistic Regression,1,0,0.2281401532248512
02_linear,Linear,Logistic Regression,0,0,5.6073554166989177e-05
02_linear,Linear,Logistic Regression,0,0,0.00011863097976860927
02_linear,Linear,Logistic Regression,1,0,0.3546448166893257
02_linear,Linear,Logistic Regression,1,0,0.43585938695951504
02_linear,Linear,Logistic Regression,1,1,0.9999996642259816
02_linear,Linear,Logistic Regression,0,0,0.023738645040812665
02_linear,Linear,Logistic Regression,1,1,0.9999937704427946
02_linear,Linear,Logistic Regression,1,1,0.9999998633091207
02_linear,Linear,Logistic Regression,1,1,0.9999992734573345
02_linear,Linear,Logistic Regression,1,0,0.0755232905046288
02_linear,Linear,Logistic Regression,0,0,0.07821725831364451
02_linear,Linear,Logistic Regression,0,0,0.002672733874878744
02_linear,Linear,Logistic Regression,0,0,0.012058005208431066
02_linear,Linear,Logistic Regression,0,0,0.018653368768558155
02_linear,Linear,Logistic Regression,0,0,0.00019318477735026678
02_linear,Linear,Logistic Regression,0,0,0.20128839214168237
02_linear,Linear,Logistic Regression,0,0,0.28521218039006807
02_linear,Linear,Logistic Regression,0,0,0.06238451994389062
02_linear,Linear,Logistic Regression,1,0,0.265002377533214
02_linear,Linear,Logistic Regression,0,0,0.13523969584313883
02_linear,Linear,Logistic Regression,0,0,0.006288063133025648
02_linear,Linear,Logistic Regression,0,0,0.012036661978238062
02_linear,Linear,Logistic Regression,0,0,1.043724860066927e-07
02_linear,Linear,Logistic Regression,0,0,0.051630505787344405
02_linear,Linear,Logistic Regression,0,0,0.2237468571538921
02_linear,Linear,Logistic Regression,0,0,5.640349629777682e-13
02_linear,Linear,Logistic Regression,0,0,0.002939054822723401
02_linear,Linear,Logistic Regression,0,0,0.005107749390096982
02_linear,Linear,Logistic Regression,0,0,0.011668101786315384
02_linear,Linear,Logistic Regression,0,0,0.034195105020315926
02_linear,Linear,Logistic Regression,0,0,0.011240983588044384
02_linear,Linear,Logistic Regression,1,0,0.4073488673297695
02_linear,Linear,Logistic Regression,0,0,0.005951335155047591
02_linear,Linear,Logistic Regression,0,0,0.0005575767608589464
02_linear,Linear,Logistic Regression,0,0,5.1255517511997874e-20
02_linear,Linear,Logistic Regression,0,0,8.339260852750981e-05
02_linear,Linear,Logistic Regression,1,1,1.0
02_linear,Linear,Logistic Regression,1,1,0.731026288922528
02_linear,Linear,Logistic Regression,0,0,0.06323644559511281
02_linear,Linear,Logistic Regression,0,0,0.1611866480625789
02_linear,Linear,Logistic Regression,1,1,0.9999999088706916
02_linear,Linear,Logistic Regression,0,0,0.004100657594289801
02_linear,Linear,Logistic Regression,0,0,0.011319082044530736
02_linear,Linear,Logistic Regression,0,0,8.648372466651201e-15
02_linear,Linear,Logistic Regression,1,1,0.9999998476391233
02_linear,Linear,Logistic Regression,0,0,0.019976923006864097
02_linear,Linear,Logistic Regression,1,1,0.9999993673137157
02_linear,Linear,Logistic Regression,0,0,0.003301522898316624
02_linear,Linear,Logistic Regression,0,0,0.09761036334383437
02_linear,Linear,Logistic Regression,0,0,0.010048439208963776
02_linear,Linear,Logistic Regression,0,0,7.096970637961229e-07
02_linear,Linear,Logistic Regression,0,0,0.00019584999375317697
02_linear,Linear,Logistic Regression,0,0,0.0006959815689699348
02_linear,Linear,Logistic Regression,0,0,0.005907681189516616
02_linear,Linear,Logistic Regression,0,0,0.0035452777924510175
02_linear,Linear,Logistic Regression,0,0,1.8547202126342245e-05
02_linear,Linear,Logistic Regression,0,0,0.10363326341106617
02_linear,Linear,Logistic Regression,0,0,0.022763755637201524
02_linear,Linear,Logistic Regression,0,0,0.20168249265010496
02_linear,Linear,Logistic Regression,1,0,0.49581162428486775
02_linear,Linear,Logistic Regression,0,0,0.0042795707415624155
02_linear,Linear,Logistic Regression,0,0,0.18520264255547683
02_linear,Linear,Logistic Regression,0,0,0.03339616942350292
02_linear,Linear,Logistic Regression,0,0,0.1418078966621818
02_linear,Linear,Logistic Regression,0,0,0.00015554971669926718
02_linear,Linear,Logistic Regression,1,1,0.9999991178123258
02_linear,Linear,Logistic Regression,0,0,0.13104937780918763
02_linear,Linear,Logistic Regression,0,0,0.013342864020032116
02_linear,Linear,Logistic Regression,0,0,0.004859451691977541
02_linear,Linear,Logistic Regression,1,1,0.9999998546139734
02_linear,Linear,Logistic Regression,0,0,0.04471930219091594
02_linear,Linear,Logistic Regression,0,0,0.0016653646800450553
02_linear,Linear,Logistic Regression,0,0,0.21990385896553893
02_linear,Linear,Logistic Regression,0,0,0.051733235124943176
02_linear,Linear,Logistic Regression,0,0,0.012605752569110848
02_linear,Linear,Logistic Regression,0,0,0.0320524963411943
02_linear,Linear,Logistic Regression,0,0,1.7599387910842725e-09
02_linear,Linear,Logistic Regression,0,0,0.0912918410275762
02_linear,Linear,Logistic Regression,1,0,0.3047067656968902
02_linear,Linear,Logistic Regression,0,0,0.01691622467781487
02_linear,Linear,Logistic Regression,0,0,0.003352080069898687
02_linear,Linear,Logistic Regression,1,1,0.9999998731182623
02_linear,Linear,Logistic Regression,0,0,0.004548789506600975
02_linear,Linear,Logistic Regression,0,0,0.004351671443883773
02_linear,Linear,Logistic Regression,0,0,0.12503314106694854
02_linear,Linear,Logistic Regression,0,0,0.00017322603628780567
02_linear,Linear,Logistic Regression,0,0,0.0046623480372565375
02_linear,Linear,Logistic Regression,1,1,0.5171150282750459
02_linear,Linear,Logistic Regression,0,0,0.014191576078375694
02_linear,Linear,Logistic Regression,0,0,0.03270436796121812
02_linear,Linear,Logistic Regression,0,0,0.0009843609227178811
02_linear,Linear,Logistic Regression,0,0,0.08570041450555596
02_linear,Linear,Logistic Regression,1,0,0.26270346604565786
02_linear,Linear,Logistic Regression,0,0,0.001167104483509785
02_linear,Linear,Logistic Regression,0,0,0.0035661717003844704
02_linear,Linear,Logistic Regression,0,0,0.02884585463002624
02_linear,Linear,Logistic Regression,1,1,0.999999854824515
02_linear,Linear,Logistic Regression,0,0,0.12106969881377994
02_linear,Linear,Logistic Regression,0,0,5.942992352105189e-05
02_linear,Linear,Logistic Regression,0,0,0.014921409519766579
02_linear,Linear,Logistic Regression,0,0,0.1117077492368185
02_linear,Linear,Logistic Regression,0,0,0.00015923716463992545
02_linear,Linear,Logistic Regression,1,1,0.6779564256306208
02_linear,Linear,Logistic Regression,0,0,0.0003254477154993656
02_linear,Linear,Logistic Regression,0,0,0.019582801618656564
02_linear,Linear,Logistic Regression,0,0,0.06678947421207004
02_linear,Linear,Logistic Regression,0,0,0.3261274815051658
02_linear,Linear,Logistic Regression,1,1,0.999998097808246
02_linear,Linear,Logistic Regression,0,0,0.08289917401737465
02_linear,Linear,Logistic Regression,0,0,0.00013269968864729813
02_linear,Linear,Logistic Regression,0,0,0.007048425576077024
02_linear,Linear,Logistic Regression,0,0,0.2152984801581871
02_linear,Linear,Logistic Regression,0,0,0.00016933514123642564
02_linear,Linear,Logistic Regression,0,1,0.6816592231443908
02_linear,Linear,Logistic Regression,0,0,0.03684522733549831
02_linear,Linear,Logistic Regression,0,0,0.439544368974859
02_linear,Linear,Logistic Regression,0,0,0.007574110651241819
02_linear,Linear,Logistic Regression,0,0,0.0005218461589333932
02_linear,Linear,Logistic Regression,0,0,0.1697654839354893
02_linear,Linear,Logistic Regression,0,0,0.04175196788024044
02_linear,Linear,Logistic Regression,0,0,7.192261736219372e-60
02_linear,Linear,Logistic Regression,0,0,0.01527801962265892
02_linear,Linear,Logistic Regression,1,1,0.9999998571382973
02_linear,Linear,Logistic Regression,0,0,0.003861890201485194
02_linear,Linear,Logistic Regression,0,0,0.057687492860598995
02_linear,Linear,Logistic Regression,1,1,0.9999997202839955
02_linear,Linear,Logistic Regression,0,0,0.0019235285648573463
02_linear,Linear,Logistic Regression,0,0,5.0979134365841066e-05
02_linear,Linear,Logistic Regression,0,0,0.00020502806753660134
02_linear,Linear,Logistic Regression,0,0,0.004479334625260252
02_linear,Linear,Logistic Regression,0,0,0.05113954856142449
02_linear,Linear,Logistic Regression,0,0,0.0054814457424590835
02_linear,Linear,Logistic Regression,0,0,0.0027536563839330717
02_linear,Linear,Logistic Regression,0,0,0.05629300000633508
02_linear,Linear,Logistic Regression,1,1,0.9999995906629128
02_linear,Linear,Logistic Regression,0,0,3.0217413892299287e-06
02_linear,Linear,Logistic Regression,1,1,0.8470805134967143
02_linear,Linear,Logistic Regression,0,0,0.378527854323306
02_linear,Linear,Logistic Regression,0,0,0.002443210424194216
02_linear,Linear,Logistic Regression,0,0,5.1489343460843726e-14
02_linear,Linear,Logistic Regression,0,0,0.1833576317734365
02_linear,Linear,Logistic Regression,1,1,0.999999454110795
02_linear,Linear,Logistic Regression,0,0,0.2050851403592829
02_linear,Linear,Logistic Regression,1,1,0.9999996305739235
02_linear,Linear,Logistic Regression,0,0,0.05367738029541729
02_linear,Linear,Logistic Regression,0,0,5.521276063615614e-05
02_linear,Linear,Logistic Regression,1,1,0.9999992693268748
02_linear,Linear,Logistic Regression,0,0,0.00018355829147000314
02_linear,Linear,Logistic Regression,0,0,0.0033836044507093623
02_linear,Linear,Logistic Regression,0,0,0.0002570200307845224
02_linear,Linear,Logistic Regression,0,0,0.20352248813118567
02_linear,Linear,Logistic Regression,0,0,0.19568182955123867
02_linear,Linear,Logistic Regression,0,0,0.0003068526569145126
02_linear,Linear,Logistic Regression,0,0,0.3827416163883165
02_linear,Linear,Logistic Regression,0,0,0.003444511479892196
02_linear,Linear,Logistic Regression,0,0,0.015932978429886554
02_linear,Linear,Logistic Regression,0,0,0.030988992944597966
02_linear,Linear,Logistic Regression,0,0,6.463633535205189e-09
02_linear,Linear,Logistic Regression,0,0,0.10019614611027398
02_linear,Linear,Logistic Regression,0,0,0.008890649224004975
02_linear,Linear,Logistic Regression,0,0,4.655294620352248e-06
02_linear,Linear,Logistic Regression,1,1,0.9999998810380469
02_linear,Linear,Logistic Regression,1,1,0.8079641484136072
02_linear,Linear,Logistic Regression,1,1,0.9999995502437196
02_linear,Linear,Logistic Regression,1,1,0.5353162213524739
02_linear,Linear,Logistic Regression,0,0,1.2178542740960551e-05
02_linear,Linear,Logistic Regression,0,0,0.0003779833428256479
02_linear,Linear,Logistic Regression,0,0,0.14410495606049079
02_linear,Linear,Logistic Regression,0,0,0.0030704730194136254
02_linear,Linear,Logistic Regression,1,1,0.655752955549427
02_linear,Linear,Logistic Regression,0,0,1.4441915073608597e-10
02_linear,Linear,Logistic Regression,1,1,0.9999998589194773
02_linear,Linear,Logistic Regression,0,0,0.39640133125557997
02_linear,Linear,Logistic Regression,1,1,0.6115447756065553
02_linear,Linear,Logistic Regression,1,1,0.99999883113286
02_linear,Linear,Logistic Regression,0,0,0.007517156539882611
02_linear,Linear,Logistic Regression,1,1,0.9999980073052692
02_linear,Linear,Logistic Regression,0,0,0.0019071747970935064
02_linear,Linear,Logistic Regression,1,1,0.9999993846076195
02_linear,Linear,Logistic Regression,1,1,0.9999988456875082
02_linear,Linear,Logistic Regression,0,0,0.2859657936611755
02_linear,Linear,Logistic Regression,0,0,2.9703638255231226e-05
02_linear,Linear,Logistic Regression,0,0,0.15345292569843258
02_linear,Linear,Logistic Regression,0,0,0.04164764602749506
02_linear,Linear,Logistic Regression,0,0,0.10418684831523944
02_linear,Linear,Logistic Regression,0,0,6.773447501462042e-05
02_linear,Linear,Logistic Regression,0,0,6.9311294981524665e-18
02_linear,Linear,Logistic Regression,1,1,0.9999995832473587
02_linear,Linear,Logistic Regression,0,0,0.2329112810925085
02_linear,Linear,Logistic Regression,1,1,0.7910177615098903
02_linear,Linear,Logistic Regression,0,0,0.0017474564725985763
02_linear,Linear,Logistic Regression,0,0,0.029812771741169086
02_linear,Linear,Logistic Regression,0,0,0.16651714604391232
02_linear,Linear,Logistic Regression,1,1,0.9999991379426385
02_linear,Linear,Logistic Regression,0,0,0.2368838503088504
02_linear,Linear,Logistic Regression,1,0,0.36637007018547785
02_linear,Linear,Logistic Regression,0,0,0.11302457417371292
02_linear,Linear,Logistic Regression,0,0,0.0530244699605213
02_linear,Linear,Logistic Regression,0,0,0.03446513550432351
02_linear,Linear,Logistic Regression,0,0,0.00024405902737385901
02_linear,Linear,Logistic Regression,0,0,0.3745007105378463
02_linear,Linear,Logistic Regression,0,0,0.010157142720320051
02_linear,Linear,Logistic Regression,1,1,0.9999919184510109
02_linear,Linear,Logistic Regression,0,0,0.0030930769839866983
02_linear,Linear,Logistic Regression,1,1,0.9999999999324021
02_linear,Linear,Logistic Regression,0,0,0.021709018046011042
02_linear,Linear,Logistic Regression,0,0,0.0037826572762364764
02_linear,Linear,Logistic Regression,0,0,0.0023292307904023623
02_linear,Linear,Logistic Regression,1,1,0.9999998820473016
02_linear,Linear,Logistic Regression,0,0,2.0528177978887446e-14
02_linear,Linear,Logistic Regression,0,1,0.5123289662187566
02_linear,Linear,Logistic Regression,0,0,0.0005496787237387098
02_linear,Linear,Logistic Regression,0,0,0.10417724159153516
02_linear,Linear,Logistic Regression,0,0,0.3109180866071657
02_linear,Linear,Logistic Regression,0,0,6.102304460230423e-05
02_linear,Linear,Logistic Regression,1,0,0.2570095708122912
02_linear,Linear,Logistic Regression,0,0,7.297011178304265e-05
02_linear,Linear,Logistic Regression,0,0,0.0012414030245134337
02_linear,Linear,Logistic Regression,0,0,0.3051493159410761
02_linear,Linear,Logistic Regression,0,0,0.015852481756208927
02_linear,Linear,Logistic Regression,1,0,0.49574246197680033
02_linear,Linear,Logistic Regression,0,0,6.054829643650756e-06
02_linear,Linear,Logistic Regression,0,0,0.006864074211637587
02_linear,Linear,Logistic Regression,0,0,0.10354926612231216
02_linear,Linear,Logistic Regression,0,0,0.03441655827630702
02_linear,Linear,Logistic Regression,1,1,0.6683327678074776
02_linear,Linear,Logistic Regression,0,0,0.023731961813534246
02_linear,Linear,Logistic Regression,0,0,0.46154736659220164
02_linear,Linear,Logistic Regression,0,0,0.005194559489139471
02_linear,Linear,Logistic Regression,0,0,0.0030063485303491204
02_linear,Linear,Logistic Regression,1,1,0.999999584175466
02_linear,Linear,Logistic Regression,0,0,0.0010822633748705439
02_linear,Linear,Logistic Regression,0,0,0.001142432460765749
02_linear,Linear,Logistic Regression,0,0,0.000754779455838071
02_linear,Linear,Logistic Regression,0,0,6.132307083341298e-05
02_linear,Linear,Logistic Regression,0,0,0.021828113983969822
02_linear,Linear,Logistic Regression,0,0,0.08065342897252602
02_linear,Linear,Logistic Regression,0,0,0.0007203623429558086
02_linear,Linear,Logistic Regression,0,0,0.2278238702066166
02_linear,Linear,Logistic Regression,0,0,0.0017878309271365874
02_linear,Linear,Logistic Regression,0,0,0.0893724106037935
02_linear,Linear,Logistic Regression,0,0,0.00024874811773498563
02_linear,Linear,Logistic Regression,0,0,0.0016834911104455287
02_linear,Linear,Logistic Regression,0,0,0.015254027245231552
02_linear,Linear,Logistic Regression,0,0,0.002376966628409696
02_linear,Linear,Logistic Regression,0,0,0.00219530315450179
02_linear,Linear,Logistic Regression,0,0,2.2442881548105593e-08
02_linear,Linear,Logistic Regression,1,1,0.7205287005659908
02_linear,Linear,Logistic Regression,1,1,0.6829580646108371
02_linear,Linear,Logistic Regression,0,0,0.00028747722421187743
02_linear,Linear,Logistic Regression,1,0,0.31690411956215725
02_linear,Linear,Logistic Regression,0,0,0.07722209101822951
02_linear,Linear,Logistic Regression,0,0,4.912044251081447e-07
02_linear,Linear,Logistic Regression,0,0,7.077318810168485e-20
02_linear,Linear,Logistic Regression,0,0,4.719378077070329e-19
02_linear,Linear,Logistic Regression,0,0,0.0018355537831512946
02_linear,Linear,Logistic Regression,0,0,0.0038309013403003776
02_linear,Linear,Logistic Regression,0,0,0.00679592797974197
02_linear,Linear,Logistic Regression,0,0,5.386785512983578e-05
02_linear,Linear,Logistic Regression,0,0,0.0012371783814779877
02_linear,Linear,Logistic Regression,1,1,0.9999994695786756
02_linear,Linear,Logistic Regression,0,0,0.00958997989704379
02_linear,Linear,Logistic Regression,0,0,2.9504466950000697e-06
02_linear,Linear,Logistic Regression,0,0,0.20064051000506067
02_linear,Linear,Logistic Regression,0,0,0.0005792007582142051
02_linear,Linear,Logistic Regression,0,0,0.0032230769609992234
02_linear,Linear,Logistic Regression,0,0,0.006040616286477099
02_linear,Linear,Logistic Regression,0,0,0.0034688733997722083
02_linear,Linear,Logistic Regression,0,0,0.0001474185069397231
02_linear,Linear,Logistic Regression,0,0,0.010295232782611437
02_linear,Linear,Logistic Regression,0,0,0.016941245941137977
02_linear,Linear,Logistic Regression,0,0,0.0005028981594958848
02_linear,Linear,Logistic Regression,1,1,0.9999982903035057
02_linear,Linear,Logistic Regression,1,0,0.3900008512918274
02_linear,Linear,Logistic Regression,0,0,0.0322100652536504
02_linear,Linear,Logistic Regression,0,0,0.013776698092482382
02_linear,Linear,Logistic Regression,0,0,0.09583292603086359
02_linear,Linear,Logistic Regression,0,0,0.0013060155706130917
02_linear,Linear,Logistic Regression,0,0,0.0006622404931708822
02_linear,Linear,Logistic Regression,0,0,0.008800458651090786
02_linear,Linear,Logistic Regression,0,0,0.19646762449135552
02_linear,Linear,Logistic Regression,0,0,0.0001373257652157559
02_linear,Linear,Logistic Regression,1,1,0.9999971791484479
02_linear,Linear,Logistic Regression,0,0,1.5301762476755003e-08
02_linear,Linear,Logistic Regression,0,0,0.029829986641277915
02_linear,Linear,Logistic Regression,0,0,0.23239012030548375
02_linear,Linear,Logistic Regression,0,0,0.0041149778997618975
02_linear,Linear,Logistic Regression,0,0,0.0940752884509305
02_linear,Linear,Logistic Regression,0,0,0.028599098436624164
02_linear,Linear,Logistic Regression,0,0,0.16091321263920652
02_linear,Linear,Logistic Regression,0,0,0.027238075161343703
02_linear,Linear,Logistic Regression,1,1,0.999999368693401
02_linear,Linear,Logistic Regression,0,0,0.041148661753625186
02_linear,Linear,Logistic Regression,0,0,0.00020268465517829203
02_linear,Linear,Logistic Regression,1,1,0.999999688500262
02_linear,Linear,Logistic Regression,0,0,0.01345841915738898
02_linear,Linear,Logistic Regression,1,1,0.9999993517502114
02_linear,Linear,Logistic Regression,0,0,0.024037285762576247
02_linear,Linear,Logistic Regression,0,0,0.0709558534876952
02_linear,Linear,Logistic Regression,0,0,5.972475520213617e-05
02_linear,Linear,Logistic Regression,0,0,0.000647963535678166
02_linear,Linear,Logistic Regression,0,0,0.01755128921508042
02_linear,Linear,Logistic Regression,0,0,0.09664691139157534
02_linear,Linear,Logistic Regression,0,0,0.00850106740719023
02_linear,Linear,Logistic Regression,0,0,7.422825393991888e-05
02_linear,Linear,Logistic Regression,0,0,0.07890300026101475
02_linear,Linear,Logistic Regression,0,0,0.001028685850497907
02_linear,Linear,Logistic Regression,0,0,0.006040957506197686
02_linear,Linear,Logistic Regression,0,0,0.12800618329095742
02_linear,Linear,Logistic Regression,0,0,0.4409833868484035
02_linear,Linear,Logistic Regression,0,0,8.694853298217174e-05
02_linear,Linear,Logistic Regression,1,1,0.9999999430342569
02_linear,Linear,Logistic Regression,0,0,0.0024749022897234286
02_linear,Linear,Logistic Regression,0,0,0.09282180983687166
02_linear,Linear,Logistic Regression,1,0,0.40391957634833237
02_linear,Linear,Logistic Regression,0,0,1.7266059297879847e-07
02_linear,Linear,Logistic Regression,1,1,0.83026044565164
02_linear,Linear,Logistic Regression,1,0,0.43734731876747346
02_linear,Linear,Logistic Regression,1,1,0.9999996023444848
02_linear,Linear,Logistic Regression,0,0,0.010360855073836094
02_linear,Linear,Logistic Regression,0,0,6.363256813792675e-06
02_linear,Linear,Logistic Regression,1,1,0.9999999999916034
02_linear,Linear,Logistic Regression,0,0,0.05320693620237284
02_linear,Linear,Logistic Regression,0,0,0.05587700006590017
02_linear,Linear,Logistic Regression,0,0,3.1853642453638644e-06
02_linear,Linear,Logistic Regression,0,0,0.027919544113170273
02_linear,Linear,Logistic Regression,0,0,0.30415691068899364
02_linear,Linear,Logistic Regression,0,0,0.07064723790400149
02_linear,Linear,Logistic Regression,0,0,0.0350039368110424
02_linear,Linear,Logistic Regression,0,0,0.006865920514724522
02_linear,Linear,Logistic Regression,1,1,0.9999995930138932
02_linear,Linear,Logistic Regression,0,0,3.3714329479461323e-18
02_linear,Linear,Logistic Regression,0,0,0.4047055412578832
02_linear,Linear,Logistic Regression,0,0,0.013314599145716427
02_linear,Linear,Logistic Regression,0,0,0.012527980333295361
02_linear,Linear,Logistic Regression,0,0,0.025208096372956935
02_linear,Linear,Logistic Regression,0,0,0.16028841017906928
02_linear,Linear,Logistic Regression,0,0,0.2656822695247958
02_linear,Linear,Logistic Regression,0,0,0.0755931401209846
02_linear,Linear,Logistic Regression,0,0,0.004872959894463037
02_linear,Linear,Logistic Regression,0,0,5.376205368739844e-07
02_linear,Linear,Logistic Regression,0,0,0.00952410399157864
02_linear,Linear,Logistic Regression,0,0,0.011902605529879087
02_linear,Linear,Logistic Regression,0,0,0.06538249334540447
02_linear,Linear,Logistic Regression,0,0,0.008888251112439866
02_linear,Linear,Logistic Regression,0,0,0.00024136198832457354
02_linear,Linear,Logistic Regression,1,1,0.7661525615045776
02_linear,Linear,Logistic Regression,0,0,0.023253516042653802
02_linear,Linear,Logistic Regression,0,0,0.4425337509109238
02_linear,Linear,Logistic Regression,0,0,0.09763124562167101
02_linear,Linear,Logistic Regression,0,0,0.0023262124623594687
02_linear,Linear,Logistic Regression,0,0,0.001274611128005334
02_linear,Linear,Logistic Regression,1,1,0.9999993193051692
02_linear,Linear,Logistic Regression,0,0,0.01305358516489309
02_linear,Linear,Logistic Regression,0,0,0.09832781195170064
02_linear,Linear,Logistic Regression,0,0,0.18514117756988696
02_linear,Linear,Logistic Regression,1,1,0.9999993497199599
02_linear,Linear,Logistic Regression,0,0,7.485597891542e-06
02_linear,Linear,Logistic Regression,0,0,0.03985242273394807
02_linear,Linear,Logistic Regression,0,0,0.002863587329603828
02_linear,Linear,Logistic Regression,1,1,0.9999994480090189
02_linear,Linear,Logistic Regression,0,0,3.01519232276189e-06
02_linear,Linear,Logistic Regression,1,0,0.4728179923007771
02_linear,Linear,Logistic Regression,1,1,0.9999998480597176
02_linear,Linear,Logistic Regression,0,0,7.912398963616599e-06
02_linear,Linear,Logistic Regression,0,0,0.06427742021464804
02_linear,Linear,Logistic Regression,1,1,0.7533877197630262
02_linear,Linear,Logistic Regression,0,0,0.000856725838216939
02_linear,Linear,Logistic Regression,0,0,0.36182214814834773
02_linear,Linear,Logistic Regression,0,0,0.4969659546682817
02_linear,Linear,Logistic Regression,0,0,0.004824673504874661
02_linear,Linear,Logistic Regression,0,0,0.15581811639022994
02_linear,Linear,Logistic Regression,0,0,0.0018248728601276871
02_linear,Linear,Logistic Regression,0,0,0.008031263265175732
02_linear,Linear,Logistic Regression,0,0,0.4262865604858552
02_linear,Linear,Logistic Regression,1,1,0.999999898631713
02_linear,Linear,Logistic Regression,0,0,0.00012127725241908292
02_linear,Linear,Logistic Regression,0,0,0.009243981932699402
02_linear,Linear,Logistic Regression,1,1,0.9999997688082997
02_linear,Linear,Logistic Regression,0,0,0.000689230235319839
02_linear,Linear,Logistic Regression,0,0,0.0023026954710408166
02_linear,Linear,Logistic Regression,0,0,0.00016638810689816448
02_linear,Linear,Logistic Regression,1,1,0.9999995529466859
02_linear,Linear,Logistic Regression,0,0,0.10448341492642003
02_linear,Linear,Logistic Regression,0,0,0.24742052462165978
02_linear,Linear,Logistic Regression,0,0,0.01836120636949566
02_linear,Linear,Logistic Regression,0,0,0.4435765418526859
02_linear,Linear,Logistic Regression,0,0,0.007910554628365969
02_linear,Linear,Logistic Regression,0,0,0.10673441784748099
02_linear,Linear,Logistic Regression,0,0,0.010505376964938373
02_linear,Linear,Logistic Regression,0,0,0.19775355762382618
02_linear,Linear,Logistic Regression,0,0,0.00574550860345376
02_linear,Linear,Logistic Regression,0,0,0.45227379901552217
02_linear,Linear,Logistic Regression,0,0,0.25771456859337466
02_linear,Linear,Logistic Regression,0,0,0.00845588881529539
02_linear,Linear,Logistic Regression,0,0,2.2613990181802154e-05
02_linear,Linear,Logistic Regression,1,1,0.999999440658119
02_linear,Linear,Logistic Regression,0,0,0.01780628975608514
02_linear,Linear,Logistic Regression,0,0,4.043507524350343e-06
02_linear,Linear,Logistic Regression,1,1,0.9999999444043677
02_linear,Linear,Logistic Regression,1,1,0.9999972774762739
02_linear,Linear,Logistic Regression,0,0,2.532630487376149e-40
02_linear,Linear,Logistic Regression,1,1,0.9999999337637226
02_linear,Linear,Logistic Regression,0,0,0.00147526954459477
02_linear,Linear,Logistic Regression,0,0,6.502225303122465e-05
02_linear,Linear,Logistic Regression,0,0,5.9960397358315e-05
02_linear,Linear,Logistic Regression,1,1,0.8090306495009185
02_linear,Linear,Logistic Regression,1,0,0.307629810156927
02_linear,Linear,Logistic Regression,0,0,0.014176541980446421
02_linear,Linear,Logistic Regression,0,0,0.1554748365111918
02_linear,Linear,Logistic Regression,1,1,0.9999997369547614
02_linear,Linear,Logistic Regression,0,0,0.009069801920833457
02_linear,Linear,Logistic Regression,0,0,0.13189510962029674
02_linear,Linear,Logistic Regression,0,0,0.11469089244387183
02_linear,Linear,Logistic Regression,0,0,0.0057267681875297505
02_linear,Linear,Logistic Regression,1,0,0.34707360605547966
02_linear,Linear,Logistic Regression,1,0,0.39871531427705653
02_linear,Linear,Logistic Regression,0,0,0.3976276714386853
02_linear,Linear,Logistic Regression,0,0,0.11423183490392186
02_linear,Linear,Logistic Regression,0,0,0.013448729720687351
02_linear,Linear,Logistic Regression,0,0,0.00026486862549912697
02_linear,Linear,Logistic Regression,1,1,0.9999999370166059
02_linear,Linear,Logistic Regression,0,0,0.0076557682623893
02_linear,Linear,Logistic Regression,0,0,1.0738392489586151e-15
02_linear,Linear,Logistic Regression,1,1,0.9999999995032467
02_linear,Linear,Logistic Regression,1,1,0.9999966557040263
02_linear,Linear,Logistic Regression,0,0,0.000922988231690187
02_linear,Linear,Logistic Regression,0,1,0.7071192187164145
02_linear,Linear,Logistic Regression,0,1,0.6178370022477849
02_linear,Linear,Logistic Regression,1,0,0.19468086860836722
02_linear,Linear,Logistic Regression,0,0,0.0028624818548705256
02_linear,Linear,Logistic Regression,0,1,0.7216948084979303
02_linear,Linear,Logistic Regression,1,1,0.9999999986028338
02_linear,Linear,Logistic Regression,1,1,0.9999999513701289
02_linear,Linear,Logistic Regression,0,1,0.5680562656523241
02_linear,Linear,Logistic Regression,1,1,0.7374671760045038
02_linear,Linear,Logistic Regression,1,1,0.999997971666763
02_linear,Linear,Logistic Regression,0,0,7.741116647672632e-05
02_linear,Linear,Logistic Regression,1,1,0.99999916271095
02_linear,Linear,Logistic Regression,0,0,1.0015209646306243e-09
02_linear,Linear,Logistic Regression,1,0,0.49323669582558793
02_linear,Linear,Logistic Regression,0,0,0.0016184571084871245
02_linear,Linear,Logistic Regression,0,0,0.41277045205209223
02_linear,Linear,Logistic Regression,1,1,0.8559183165545249
02_linear,Linear,Logistic Regression,0,0,0.0007541697444368977
02_linear,Linear,Logistic Regression,1,1,0.9999934487879955
02_linear,Linear,Logistic Regression,0,0,0.17892600215856555
02_linear,Linear,Logistic Regression,0,0,6.217025876882989e-05
02_linear,Linear,Logistic Regression,0,0,0.027835194827734132
02_linear,Linear,Logistic Regression,1,1,0.9999997680647971
02_linear,Linear,Logistic Regression,0,0,0.46237508943779004
02_linear,Linear,Logistic Regression,0,0,0.1438718200854696
02_linear,Linear,Logistic Regression,0,0,5.670183152712082e-05
02_linear,Linear,Logistic Regression,0,0,0.00029495587337587825
02_linear,Linear,Logistic Regression,0,0,0.13575917362772408
02_linear,Linear,Logistic Regression,1,0,0.0725681198310112
02_linear,Linear,Logistic Regression,0,0,0.0031626441022438133
02_linear,Linear,Logistic Regression,0,0,1.2966436314986734e-09
02_linear,Linear,Logistic Regression,1,1,0.9999995538591774
02_linear,Linear,Logistic Regression,1,1,0.9999999565737158
02_linear,Linear,Logistic Regression,1,1,0.561946603097177
02_linear,Linear,Logistic Regression,1,0,0.36916459972753696
02_linear,Linear,Logistic Regression,0,0,0.003988670773130603
02_linear,Linear,Logistic Regression,0,0,0.002287259440973619
02_linear,Linear,Logistic Regression,0,0,0.032825077294093015
02_linear,Linear,Logistic Regression,0,0,0.0007501614400710409
02_linear,Linear,Logistic Regression,1,1,0.9999999073836784
02_linear,Linear,Logistic Regression,0,0,0.0011576833965333089
02_linear,Linear,Logistic Regression,0,0,0.003358366096325986
02_linear,Linear,Logistic Regression,1,0,0.48066468709822474
02_linear,Linear,Logistic Regression,0,0,0.00020664543430257381
02_linear,Linear,Logistic Regression,0,0,0.0018485503314018767
02_linear,Linear,Logistic Regression,0,0,0.0036374604047096446
02_linear,Linear,Logistic Regression,0,0,0.0003867828243031101
02_linear,Linear,Logistic Regression,0,0,0.0022955374755117735
02_linear,Linear,Logistic Regression,0,0,0.0016555524798241373
02_linear,Linear,Logistic Regression,0,0,5.900810223893397e-17
02_linear,Linear,Logistic Regression,0,0,0.19271202304559465
02_linear,Linear,Logistic Regression,0,0,0.0024287111613045843
02_linear,Linear,Logistic Regression,0,0,0.007419440806881578
02_linear,Linear,Logistic Regression,1,0,0.23847340897035757
02_linear,Linear,Logistic Regression,0,0,0.0008206136624496359
02_linear,Linear,Logistic Regression,0,0,0.03221979192639817
02_linear,Linear,Logistic Regression,0,0,0.00011198777302148806
02_linear,Linear,Logistic Regression,0,0,0.008405912644548702
02_linear,Linear,Logistic Regression,0,1,0.6550546156929467
02_linear,Linear,Logistic Regression,1,1,0.9999996550902888
02_linear,Linear,Logistic Regression,0,0,9.01931948778201e-16
02_linear,Linear,Logistic Regression,0,0,0.00388705943388464
02_linear,Linear,Logistic Regression,0,0,0.43100961244368474
02_linear,Linear,Logistic Regression,1,1,0.8653040913914241
02_linear,Linear,Logistic Regression,0,0,0.005954475858819761
02_linear,Linear,Logistic Regression,0,0,0.024114858649835657
02_linear,Linear,Logistic Regression,0,0,0.0020001292619964105
02_linear,Linear,Logistic Regression,0,0,0.002980507498435459
02_linear,Linear,Logistic Regression,1,1,0.9999996097974692
02_linear,Linear,Logistic Regression,0,0,0.0009528248202946321
02_linear,Linear,Logistic Regression,0,0,3.2384742874972233e-12
02_linear,Linear,Logistic Regression,1,1,0.9999957922241468
02_linear,Linear,Logistic Regression,0,0,0.26204221974613245
02_linear,Linear,Logistic Regression,0,0,2.0327173486488168e-24
02_linear,Linear,Logistic Regression,1,1,0.999999895010632
02_linear,Linear,Logistic Regression,0,0,0.02658125697155974
02_linear,Linear,Logistic Regression,0,0,0.09018324180183356
02_linear,Linear,Logistic Regression,0,0,0.06219312618343969
02_linear,Linear,Logistic Regression,0,0,6.910131079741205e-05
02_linear,Linear,Logistic Regression,0,0,1.1160832026998429e-05
02_linear,Linear,Logistic Regression,1,1,0.9999996643078614
02_linear,Linear,Logistic Regression,0,0,0.024959535521034314
02_linear,Linear,Logistic Regression,0,0,0.031295010785990826
02_linear,Linear,Logistic Regression,0,0,0.011274731454907158
02_linear,Linear,Logistic Regression,0,0,0.013437621280917876
02_linear,Linear,Logistic Regression,0,0,0.010238810221188123
02_linear,Linear,Logistic Regression,0,0,8.766845151368728e-06
02_linear,Linear,Logistic Regression,0,0,0.023229480838933447
02_linear,Linear,Logistic Regression,0,0,0.13032046458671045
02_linear,Linear,Logistic Regression,1,1,0.9999999996596569
02_linear,Linear,Logistic Regression,1,1,0.9999998562394656
02_linear,Linear,Logistic Regression,0,0,0.4327822400017268
02_linear,Linear,Logistic Regression,1,1,0.9999992256893191
02_linear,Linear,Logistic Regression,0,0,0.056766658987297325
02_linear,Linear,Logistic Regression,0,0,0.333994067086002
02_linear,Linear,Logistic Regression,0,0,0.011302883651559596
02_linear,Linear,Logistic Regression,1,1,0.5638214320183095
02_linear,Linear,Logistic Regression,1,1,0.9999998416666567
02_linear,Linear,Logistic Regression,0,0,0.003076245823913406
02_linear,Linear,Logistic Regression,0,0,0.0024288692713934595
02_linear,Linear,Logistic Regression,0,0,9.089840939825921e-05
02_linear,Linear,Logistic Regression,0,0,0.07496448422300418
02_linear,Linear,Logistic Regression,0,0,0.10160788244509728
02_linear,Linear,Logistic Regression,0,0,0.3167380494172459
02_linear,Linear,Logistic Regression,0,0,0.023768553125896513
02_linear,Linear,Logistic Regression,0,0,4.8460631788202776e-18
02_linear,Linear,Logistic Regression,1,1,0.9999999998826512
02_linear,Linear,Logistic Regression,0,0,0.013381738013626092
02_linear,Linear,Logistic Regression,0,0,0.26482261353282494
02_linear,Linear,Logistic Regression,0,0,0.1016917773646668
02_linear,Linear,Logistic Regression,0,0,0.06209187376869933
02_linear,Linear,Logistic Regression,0,0,0.17189416299645446
02_linear,Linear,Logistic Regression,0,0,0.2207447945048847
02_linear,Linear,Logistic Regression,1,1,0.9999996144141065
02_linear,Linear,Logistic Regression,0,0,0.0002785631562548424
02_linear,Linear,Logistic Regression,1,1,0.9999993125124432
02_linear,Linear,Logistic Regression,1,1,0.9999998668974768
02_linear,Linear,Logistic Regression,0,0,7.971221035888308e-06
02_linear,Linear,Logistic Regression,0,0,0.2487665710632992
02_linear,Linear,Logistic Regression,0,0,0.13892298402950876
02_linear,Linear,Logistic Regression,0,0,1.3901762375838648e-54
02_linear,Linear,Logistic Regression,0,0,0.0004079330178694586
02_linear,Linear,Logistic Regression,0,0,0.017418265644344014
02_linear,Linear,Logistic Regression,0,0,0.0010112589358232664
02_linear,Linear,Logistic Regression,1,1,0.9999994685395084
02_linear,Linear,Logistic Regression,1,0,0.22997470788894234
02_linear,Linear,Logistic Regression,0,0,0.004526737003216879
02_linear,Linear,Logistic Regression,0,0,0.008687016724051755
02_linear,Linear,Logistic Regression,0,1,0.8451520048351027
02_linear,Linear,Logistic Regression,1,1,0.9999991552494236
02_linear,Linear,Logistic Regression,0,0,0.025683434426558443
02_linear,Linear,Logistic Regression,0,0,4.2134330119014217e-10
02_linear,Linear,Logistic Regression,0,0,0.003508473084706479
02_linear,Linear,Logistic Regression,0,0,0.03671368804964009
02_linear,Linear,Logistic Regression,1,1,0.9999982794370397
02_linear,Linear,Logistic Regression,0,0,0.27761794244482674
02_linear,Linear,Logistic Regression,0,0,0.1710426082248984
02_linear,Linear,Logistic Regression,0,0,6.046866365600532e-17
02_linear,Linear,Logistic Regression,1,1,0.9999999999944391
02_linear,Linear,Logistic Regression,1,1,0.999992564882551
02_linear,Linear,Logistic Regression,1,1,0.9999999999950191
02_linear,Linear,Logistic Regression,0,0,0.1477267239404984
02_linear,Linear,Logistic Regression,0,0,2.3349780657450556e-08
02_linear,Linear,Logistic Regression,0,0,0.37265881604366047
02_linear,Linear,Logistic Regression,0,0,0.059606327917681896
02_linear,Linear,Logistic Regression,0,0,0.0142120278749967
02_linear,Linear,Logistic Regression,0,0,0.0020650491325091363
02_linear,Linear,Logistic Regression,1,1,0.9999888986893911
02_linear,Linear,Logistic Regression,1,1,0.6004557987349841
02_linear,Linear,Logistic Regression,0,0,0.000244906719258004
02_linear,Linear,Logistic Regression,0,0,0.054237460852695984
02_linear,Linear,Logistic Regression,0,0,0.003120210963021448
02_linear,Linear,Logistic Regression,0,0,0.4771251809188998
02_linear,Linear,Logistic Regression,1,1,0.6849938582491231
02_linear,Linear,Logistic Regression,0,0,0.24389374159593358
02_linear,Linear,Logistic Regression,0,0,0.007161268027588357
02_linear,Linear,Logistic Regression,1,0,0.24810782368965162
02_linear,Linear,Logistic Regression,0,0,6.867857880852736e-10
02_linear,Linear,Logistic Regression,0,0,0.008890175643136374
02_linear,Linear,Logistic Regression,0,0,0.006758348843682423
02_linear,Linear,Logistic Regression,1,1,0.9999993048658102
02_linear,Linear,Logistic Regression,0,0,0.012438440262541227
02_linear,Linear,Logistic Regression,0,0,0.0014432857365832272
02_linear,Linear,Logistic Regression,0,0,0.0068406249277661365
02_linear,Linear,Logistic Regression,1,1,0.9999998244274226
02_linear,Linear,Logistic Regression,1,1,0.9999996409120689
02_linear,Linear,Logistic Regression,0,0,0.08809857973541184
02_linear,Linear,Logistic Regression,0,0,0.06976374447129659
02_linear,Linear,Logistic Regression,0,0,0.06680505494225031
02_linear,Linear,Logistic Regression,1,1,0.9999982887564844
02_linear,Linear,Logistic Regression,0,0,0.005232954993942281
02_linear,Linear,Logistic Regression,0,0,0.012991734983337173
02_linear,Linear,Logistic Regression,0,0,0.043236844334878184
02_linear,Linear,Logistic Regression,0,0,0.024290424305480958
02_linear,Linear,Logistic Regression,0,0,0.052855125409482874
02_linear,Linear,Logistic Regression,0,0,0.029359327978031747
02_linear,Linear,Logistic Regression,1,1,0.9999990730736018
02_linear,Linear,Logistic Regression,0,0,0.003245295594030333
02_linear,Linear,Logistic Regression,0,0,1.2257323636307413e-18
02_linear,Linear,Logistic Regression,0,0,4.564960477610323e-05
02_linear,Linear,Logistic Regression,1,1,0.9999990457182732
02_linear,Linear,Logistic Regression,0,0,3.302848763475321e-07
02_linear,Linear,Logistic Regression,1,1,0.9999978978887971
02_linear,Linear,Logistic Regression,1,1,0.9999993652143045
02_linear,Linear,Logistic Regression,0,0,0.0007138171648176987
02_linear,Linear,Logistic Regression,0,0,6.546989476120355e-07
02_linear,Linear,Logistic Regression,0,0,1.7612028217524763e-06
02_linear,Linear,Logistic Regression,0,0,0.006120000124808375
02_linear,Linear,Logistic Regression,0,0,0.001435615346610317
02_linear,Linear,Logistic Regression,0,0,3.6866790230169386e-06
02_linear,Linear,Logistic Regression,0,0,0.0015451893018175178
02_linear,Linear,Logistic Regression,0,0,3.0242063557282128e-05
02_linear,Linear,Logistic Regression,0,0,0.05034378795382323
02_linear,Linear,Logistic Regression,0,0,0.05509392376036219
02_linear,Linear,Logistic Regression,0,0,0.01170105620998897
02_linear,Linear,Logistic Regression,0,0,0.07249777832022863
02_linear,Linear,Logistic Regression,0,0,0.008977551891352418
02_linear,Linear,Logistic Regression,0,0,0.004045557031987822
02_linear,Linear,Logistic Regression,0,0,0.02320857763128904
02_linear,Linear,Logistic Regression,0,1,0.5900138213104577
02_linear,Linear,Logistic Regression,0,0,0.027342841870092047
02_linear,Linear,Logistic Regression,1,1,0.9999982999165659
02_linear,Linear,Logistic Regression,0,0,0.008361657718100799
02_linear,Linear,Logistic Regression,0,0,0.14234092752513675
02_linear,Linear,Logistic Regression,0,0,0.03937829999914364
02_linear,Linear,Logistic Regression,0,1,0.5386867222916207
02_linear,Linear,Logistic Regression,0,0,0.005624553610399992
02_linear,Linear,Logistic Regression,0,0,1.855308087272743e-05
02_linear,Linear,Logistic Regression,0,0,0.002331090037866577
02_linear,Linear,Logistic Regression,0,0,0.03339742702643725
02_linear,Linear,Logistic Regression,0,0,0.00016098767873687315
02_linear,Linear,Logistic Regression,0,0,0.44911783514920867
02_linear,Linear,Logistic Regression,0,0,0.19393458041336226
02_linear,Linear,Logistic Regression,0,0,0.010185434150747324
02_linear,Linear,Logistic Regression,0,0,0.03748258480832246
02_linear,Linear,Logistic Regression,0,0,0.016134851063121496
02_linear,Linear,Logistic Regression,0,0,0.04707269144157738
02_linear,Linear,Logistic Regression,0,0,0.007865352156394109
02_linear,Linear,Logistic Regression,0,0,0.024349974593088238
02_linear,Linear,Logistic Regression,0,0,0.1092769372940397
02_linear,Linear,Logistic Regression,1,1,0.5077644650868519
02_linear,Linear,Logistic Regression,0,0,2.1872748507096605e-44
02_linear,Linear,Logistic Regression,0,0,0.18545307448789455
02_linear,Linear,Logistic Regression,1,0,0.49574210871068947
02_linear,Linear,Logistic Regression,0,0,0.0373586447056475
02_linear,Linear,Logistic Regression,0,0,1.6254846399456168e-08
02_linear,Linear,Logistic Regression,0,0,1.9013274751289377e-09
02_linear,Linear,Logistic Regression,1,1,0.9999990309518285
02_linear,Linear,Logistic Regression,0,0,0.1038505871489872
02_linear,Linear,Logistic Regression,0,0,0.02410691566965265
02_linear,Linear,Logistic Regression,0,0,1.274457407778725e-05
02_linear,Linear,Logistic Regression,0,0,0.003345094482229093
02_linear,Linear,Logistic Regression,1,1,0.9999996199508728
02_linear,Linear,Logistic Regression,0,0,0.0010105290107539125
02_linear,Linear,Logistic Regression,1,1,0.6821818556743207
02_linear,Linear,Logistic Regression,0,0,0.0028487554338472274
02_linear,Linear,Logistic Regression,0,0,0.021114901862272568
02_linear,Linear,Logistic Regression,0,0,0.03316916981610451
02_linear,Linear,Logistic Regression,0,0,0.02010391926751265
02_linear,Linear,Logistic Regression,0,0,0.15318299797099996
02_linear,Linear,Logistic Regression,1,1,0.9999998899388697
02_linear,Linear,Logistic Regression,1,0,0.3740630914437515
02_linear,Linear,Logistic Regression,0,0,0.00885997513896273
02_linear,Linear,Logistic Regression,1,1,0.9999996824699933
02_linear,Linear,Logistic Regression,0,0,0.056900806687958404
02_linear,Linear,Logistic Regression,1,1,0.9999992511189247
02_linear,Linear,Logistic Regression,0,0,5.953808758673131e-09
02_linear,Linear,Logistic Regression,0,0,0.07001593494839715
02_linear,Linear,Logistic Regression,0,0,0.004048010421404622
02_linear,Linear,Logistic Regression,0,0,0.000499929402448738
02_linear,Linear,Logistic Regression,1,1,0.999999740156051
02_linear,Linear,Logistic Regression,0,0,1.4862701252392544e-05
02_linear,Linear,Logistic Regression,0,0,0.01389102104958686
02_linear,Linear,Logistic Regression,0,0,0.00011577100986559239
02_linear,Linear,Logistic Regression,0,0,8.66195208514368e-05
02_linear,Linear,Logistic Regression,1,1,0.9999991473006932
02_linear,Linear,Logistic Regression,0,0,8.747234946600396e-05
02_linear,Linear,Logistic Regression,1,1,0.6148024721214235
02_linear,Linear,Logistic Regression,1,0,0.38092306275826804
02_linear,Linear,Logistic Regression,1,1,1.0
02_linear,Linear,Logistic Regression,1,0,0.4248982809237456
02_linear,Linear,Logistic Regression,0,0,0.002292417232647
02_linear,Linear,Logistic Regression,0,0,0.005947196172242522
02_linear,Linear,Logistic Regression,0,0,5.607030690104464e-22
02_linear,Linear,Logistic Regression,0,0,0.2623078532283623
02_linear,Linear,Logistic Regression,0,0,0.002018446657775121
02_linear,Linear,Logistic Regression,0,0,0.027329087614224867
02_linear,Linear,Logistic Regression,1,1,0.9999989353080296
02_linear,Linear,Logistic Regression,1,1,0.9999990510142884
02_linear,Linear,Logistic Regression,1,0,0.030122901359288735
02_linear,Linear,Logistic Regression,1,1,0.9999998117078926
02_linear,Linear,Logistic Regression,0,0,3.8215778569314e-07
02_linear,Linear,Logistic Regression,1,0,0.48745257139102477
02_linear,Linear,Logistic Regression,0,0,1.0648452050644562e-38
02_linear,Linear,Logistic Regression,0,0,0.0001885356791103917
02_linear,Linear,Logistic Regression,0,0,4.594735670653347e-05
02_linear,Linear,Logistic Regression,0,0,0.05565071613746453
02_linear,Linear,Logistic Regression,1,1,0.9999987461637716
02_linear,Linear,Logistic Regression,0,0,0.19905750015993015
02_linear,Linear,Logistic Regression,1,1,0.9999996585208477
02_linear,Linear,Logistic Regression,1,1,0.9999996532054428
02_linear,Linear,Logistic Regression,0,0,0.13703699506144207
02_linear,Linear,Logistic Regression,0,0,1.4038047463035773e-09
02_linear,Linear,Logistic Regression,0,0,0.00018541741558090124
02_linear,Linear,Logistic Regression,0,0,0.010273749717644741
02_linear,Linear,Logistic Regression,0,0,0.40947146342284496
02_linear,Linear,Logistic Regression,0,0,0.32809715317424354
02_linear,Linear,Logistic Regression,1,1,0.8128732535475943
02_linear,Linear,Logistic Regression,0,0,0.2766171949865624
02_linear,Linear,Logistic Regression,0,0,0.01192388901326299
02_linear,Linear,Logistic Regression,0,0,0.025589611940803784
02_linear,Linear,Logistic Regression,0,0,0.0028551747550797256
02_linear,Linear,Logistic Regression,0,0,0.005526022808236394
02_linear,Linear,Logistic Regression,0,0,0.0016681899275626214
02_linear,Linear,Logistic Regression,0,0,0.00016592123298224195
02_linear,Linear,Logistic Regression,0,0,0.00011816272682738884
02_linear,Linear,Logistic Regression,0,0,3.3287829620004806e-29
02_linear,Linear,Logistic Regression,0,0,0.22180096315287282
02_linear,Linear,Logistic Regression,1,1,0.9999993253315969
02_linear,Linear,Logistic Regression,0,0,0.365998197289056
02_linear,Linear,Logistic Regression,0,0,0.22174756916180555
02_linear,Linear,Logistic Regression,0,0,0.06023078870701786
02_linear,Linear,Logistic Regression,0,0,0.010047751776052665
02_linear,Linear,Logistic Regression,0,0,0.19862670666004187
02_linear,Linear,Logistic Regression,1,1,0.7626546069873145
02_linear,Linear,Logistic Regression,0,0,0.2952424898904278
02_linear,Linear,Logistic Regression,0,0,0.00021049904509133838
02_linear,Linear,Logistic Regression,0,0,0.0024786392981954795
02_linear,Linear,Logistic Regression,0,0,2.412017063994026e-09
02_linear,Linear,Logistic Regression,0,0,0.012332765111739658
02_linear,Linear,Logistic Regression,0,0,0.0008443203924053716
02_linear,Linear,Logistic Regression,1,1,0.9999999999952434
02_linear,Linear,Logistic Regression,0,1,0.7025764607095808
02_linear,Linear,Logistic Regression,0,0,0.07434037358369969
02_linear,Linear,Logistic Regression,0,0,0.0010265799544241323
02_linear,Linear,Logistic Regression,0,0,0.13036855065456882
02_linear,Linear,Logistic Regression,0,0,0.0013623304798899445
02_linear,Linear,Logistic Regression,0,0,0.3706935023654439
02_linear,Linear,Logistic Regression,0,0,3.973172663467098e-06
02_linear,Linear,Logistic Regression,0,0,0.0001374313340188355
02_linear,Linear,Logistic Regression,0,0,0.082627066123928
02_linear,Linear,Logistic Regression,1,1,0.9999998470695749
02_linear,Linear,Logistic Regression,0,0,0.0006372871862184935
02_linear,Linear,Logistic Regression,0,0,0.20407049969597918
02_linear,Linear,Logistic Regression,0,0,0.010715528762022027
02_linear,Linear,Logistic Regression,0,0,0.002183878973120117
02_linear,Linear,Logistic Regression,1,0,0.3123866692366468
02_linear,Linear,Logistic Regression,0,0,0.010279230961260835
02_linear,Linear,Logistic Regression,0,0,0.0022296566338513655
02_linear,Linear,Logistic Regression,0,0,0.3330433029114789
02_linear,Linear,Logistic Regression,0,1,0.8175148138775001
02_linear,Linear,Logistic Regression,0,0,2.3210838337199617e-06
02_linear,Linear,Logistic Regression,0,0,5.49443948412584e-26
02_linear,Linear,Logistic Regression,0,0,2.264501730307608e-05
02_linear,Linear,Logistic Regression,1,1,0.9999988557233908
02_linear,Linear,Logistic Regression,0,0,0.10748297793236981
02_linear,Linear,Logistic Regression,1,1,0.9999986060943403
02_linear,Linear,Logistic Regression,0,0,0.15409881992591376
02_linear,Linear,Logistic Regression,0,0,1.320035670524102e-30
02_linear,Linear,Logistic Regression,0,0,0.00018286367551192186
02_linear,Linear,Logistic Regression,0,0,0.26907104088067274
02_linear,Linear,Logistic Regression,1,1,0.5225066501077822
02_linear,Linear,Logistic Regression,0,0,0.023911617942768058
02_linear,Linear,Logistic Regression,0,0,0.08449054782078597
02_linear,Linear,Logistic Regression,0,0,5.860567338936072e-05
02_linear,Linear,Logistic Regression,1,1,0.9999996048083947
02_linear,Linear,Logistic Regression,0,0,3.279957736712213e-17
02_linear,Linear,Logistic Regression,0,0,0.1206526614341624
02_linear,Linear,Logistic Regression,0,0,0.07673035024814549
02_linear,Linear,Logistic Regression,1,1,0.9999991369301874
02_linear,Linear,Logistic Regression,0,0,0.003659165370871937
02_linear,Linear,Logistic Regression,0,0,0.11440679558503589
02_linear,Linear,Logistic Regression,1,1,0.9999996101803833
02_linear,Linear,Logistic Regression,0,0,0.026924365413546283
02_linear,Linear,Logistic Regression,0,0,0.013523264047339624
02_linear,Linear,Logistic Regression,0,0,0.02857033800015402
02_linear,Linear,Logistic Regression,1,1,0.9999999192889714
02_linear,Linear,Logistic Regression,0,0,0.1712924072530455
02_linear,Linear,Logistic Regression,1,1,0.5468055793955762
02_linear,Linear,Logistic Regression,0,0,2.3431565116565216e-152
02_linear,Linear,Logistic Regression,0,0,0.00903961940568124
02_linear,Linear,Logistic Regression,1,0,0.4248479414462058
02_linear,Linear,Logistic Regression,0,0,0.09253475154441371
02_linear,Linear,Logistic Regression,0,0,8.096964841075859e-05
02_linear,Linear,Logistic Regression,1,1,0.9999999918972434
02_linear,Linear,Logistic Regression,0,0,0.23376173422891663
02_linear,Linear,Logistic Regression,0,0,0.004469636175391218
02_linear,Linear,Logistic Regression,0,0,0.0020100220959419356
02_linear,Linear,Logistic Regression,0,0,0.10506880589640626
02_linear,Linear,Logistic Regression,1,1,0.9999998748235345
02_linear,Linear,Logistic Regression,0,0,0.00027260700303483244
02_linear,Linear,Logistic Regression,0,0,0.10440595201358682
02_linear,Linear,Logistic Regression,1,1,0.5114065316347759
02_linear,Linear,Logistic Regression,0,0,0.00321274883968836
02_linear,Linear,Logistic Regression,0,0,1.111191142542297e-05
02_linear,Linear,Logistic Regression,0,0,0.02515946972046151
02_linear,Linear,Logistic Regression,0,0,0.003494086284737449
02_linear,Linear,Logistic Regression,1,1,0.9999999999988773
02_linear,Linear,Logistic Regression,0,0,3.3847042222523965e-44
02_linear,Linear,Logistic Regression,0,0,0.029005728161649414
02_linear,Linear,Logistic Regression,0,0,0.003243760712098687
02_linear,Linear,Logistic Regression,0,0,0.003245942977906071
02_linear,Linear,Logistic Regression,0,0,0.02989697429182369
02_linear,Linear,Logistic Regression,0,0,0.0005873441943907467
02_linear,Linear,Logistic Regression,0,0,0.2977266288331965
02_linear,Linear,Logistic Regression,0,0,5.410730588669224e-17
02_linear,Linear,Logistic Regression,0,0,0.032583354802399794
02_linear,Linear,Logistic Regression,0,0,0.4127627389462493
02_linear,Linear,Logistic Regression,0,0,4.673769307201095e-06
02_linear,Linear,Logistic Regression,0,0,4.64236819292381e-05
02_linear,Linear,Logistic Regression,0,0,0.008474601319767787
02_linear,Linear,Logistic Regression,0,0,0.10007060374580586
02_linear,Linear,Logistic Regression,0,0,0.19495071037029787
02_linear,Linear,Logistic Regression,0,0,0.0010577193508125645
02_linear,Linear,Logistic Regression,0,0,0.0005953655107514258
02_linear,Linear,Logistic Regression,0,0,7.504717033090238e-06
02_linear,Linear,Logistic Regression,0,0,8.165971096343698e-05
02_linear,Linear,Logistic Regression,1,0,0.2614958838147436
02_linear,Linear,Logistic Regression,0,0,0.17718651610082792
02_linear,Linear,Logistic Regression,0,0,1.2764364575859496e-06
02_linear,Linear,Logistic Regression,0,0,0.18363407840813248
02_linear,Linear,Logistic Regression,0,0,0.008291478465617697
02_linear,Linear,Logistic Regression,0,0,0.001260011215353788
02_linear,Linear,Logistic Regression,0,0,0.36610644156582844
02_linear,Linear,Logistic Regression,0,0,0.005814555606509866
02_linear,Linear,Logistic Regression,0,0,0.4140509183081727
02_linear,Linear,Logistic Regression,0,0,0.00043116959833745875
02_linear,Linear,Logistic Regression,1,0,0.42916295800794396
02_linear,Linear,Logistic Regression,0,0,0.018293521902356447
02_linear,Linear,Logistic Regression,0,0,0.018722228041418973
02_linear,Linear,Logistic Regression,0,0,0.06456242945914277
02_linear,Linear,Logistic Regression,0,0,7.859289467527034e-16
02_linear,Linear,Logistic Regression,0,0,0.2184593576428719
02_linear,Linear,Logistic Regression,0,0,0.09513753771868631
02_linear,Linear,Logistic Regression,0,0,0.022153092189744143
02_linear,Linear,Logistic Regression,0,0,0.015929774053697613
02_linear,Linear,Logistic Regression,0,0,1.3539438355541926e-05
02_linear,Linear,Logistic Regression,1,1,0.9999986204433056
02_linear,Linear,Logistic Regression,0,0,0.0011262862636524423
02_linear,Linear,Logistic Regression,1,1,0.9999998838011233
02_linear,Linear,Logistic Regression,1,1,0.9999990089517258
02_linear,Linear,Logistic Regression,0,0,0.0006685789184929773
02_linear,Linear,Logistic Regression,0,0,0.022586403075765416
02_linear,Linear,Logistic Regression,1,1,0.9999999776397263
02_linear,Linear,Logistic Regression,0,0,0.08418810378931937
02_linear,Linear,Logistic Regression,1,1,0.9999992048871291
02_linear,Linear,Logistic Regression,0,0,0.010528445441263747
02_linear,Linear,Logistic Regression,0,0,0.0013826702121179165
02_linear,Linear,Logistic Regression,1,1,0.8195053364013549
02_linear,Linear,Logistic Regression,0,0,0.000301340466100521
02_linear,Linear,Logistic Regression,1,1,0.588534151334307
02_linear,Linear,Logistic Regression,0,0,0.010850917897806624
02_linear,Linear,Logistic Regression,0,0,2.202999036906806e-06
02_linear,Linear,Logistic Regression,0,0,0.0032181909684810203
02_linear,Linear,Logistic Regression,1,1,0.9999993513467758
02_linear,Linear,Logistic Regression,0,0,0.027378284567832666
02_linear,Linear,Logistic Regression,0,0,0.03276659578982462
02_linear,Linear,Logistic Regression,0,0,0.0011864117758427631
02_linear,Linear,Logistic Regression,0,0,9.175916928012216e-05
02_linear,Linear,Logistic Regression,0,0,0.08909725206660572
02_linear,Linear,Logistic Regression,0,0,0.05443332904884266
02_linear,Linear,Logistic Regression,1,0,0.25496484822979754
02_linear,Linear,Logistic Regression,0,0,0.0035291425079411903
02_linear,Linear,Logistic Regression,0,0,0.0018458184902982793
02_linear,Linear,Logistic Regression,0,0,0.000369366916880783
02_linear,Linear,Logistic Regression,0,0,0.00051101638953687
02_linear,Linear,Logistic Regression,0,0,0.01965806706211938
02_linear,Linear,Logistic Regression,1,1,0.8636309650196194
02_linear,Linear,Logistic Regression,0,0,0.47351755203558427
02_linear,Linear,Logistic Regression,0,0,0.39598906388099253
02_linear,Linear,Logistic Regression,0,0,0.0016857764468773957
02_linear,Linear,Logistic Regression,0,0,0.10336359097831603
02_linear,Linear,Logistic Regression,1,1,0.9999974478021567
02_linear,Linear,Logistic Regression,1,1,0.9999996330288242
02_linear,Linear,Logistic Regression,0,0,2.207725166451356e-20
02_linear,Linear,Logistic Regression,0,0,0.00010654304547818846
02_linear,Linear,Logistic Regression,0,0,0.0058053558926538015
02_linear,Linear,Logistic Regression,0,0,0.00015276735571834976
02_linear,Linear,Logistic Regression,1,0,0.4077068450124224
02_linear,Linear,Logistic Regression,1,0,0.46894905193188247
02_linear,Linear,Logistic Regression,1,1,0.9999790861609056
02_linear,Linear,Logistic Regression,0,0,0.20632253083108856
02_linear,Linear,Logistic Regression,0,0,0.15907724852938948
02_linear,Linear,Logistic Regression,0,0,0.018855035292084314
02_linear,Linear,Logistic Regression,0,0,0.041300906267866935
02_linear,Linear,Logistic Regression,0,0,0.003049721710837849
02_linear,Linear,Logistic Regression,1,1,0.9999987107711249
02_linear,Linear,Logistic Regression,0,0,0.0010949345488295782
02_linear,Linear,Logistic Regression,0,0,0.293143118623777
02_linear,Linear,Logistic Regression,0,0,0.00016221911170621772
02_linear,Linear,Logistic Regression,0,0,6.39307112457013e-09
02_linear,Linear,Logistic Regression,0,0,0.00994702992848853
02_linear,Linear,Logistic Regression,1,1,0.9999998598862087
02_linear,Linear,Logistic Regression,0,0,0.017126950617291754
02_linear,Linear,Logistic Regression,0,0,1.885975091974016e-09
02_linear,Linear,Logistic Regression,1,1,0.9999995106611649
02_linear,Linear,Logistic Regression,0,0,1.3115347511841045e-16
02_linear,Linear,Logistic Regression,0,0,0.008993160647243944
02_linear,Linear,Logistic Regression,1,1,0.5978037001128974
02_linear,Linear,Logistic Regression,0,0,0.0781189361681563
02_linear,Linear,Logistic Regression,0,0,4.9163289576736165e-61
02_linear,Linear,Logistic Regression,1,1,0.9999987179329536
02_linear,Linear,Logistic Regression,0,0,7.251626217292047e-05
02_linear,Linear,Logistic Regression,0,0,0.019359464170971008
02_linear,Linear,Logistic Regression,1,0,0.3713406124574369
02_linear,Linear,Logistic Regression,1,1,0.5410887746873508
02_linear,Linear,Logistic Regression,1,0,0.33145698787159183
02_linear,Linear,Logistic Regression,0,0,0.006722783846419062
02_linear,Linear,Logistic Regression,0,0,0.07180668738853063
02_linear,Linear,Logistic Regression,1,1,0.9999990238293225
02_linear,Linear,Logistic Regression,1,1,0.9999994479988324
02_linear,Linear,Logistic Regression,0,0,6.424174595106807e-18
02_linear,Linear,Logistic Regression,1,0,0.32181131104556104
02_linear,Linear,Logistic Regression,0,0,0.002752059981316767
02_linear,Linear,Logistic Regression,1,0,0.46396303363375385
02_linear,Linear,Logistic Regression,0,0,1.3601668894004244e-06
02_linear,Linear,Logistic Regression,1,1,0.9999996965969918
02_linear,Linear,Logistic Regression,0,0,0.10730082820300615
02_linear,Linear,Logistic Regression,0,0,0.17653394289767516
02_linear,Linear,Logistic Regression,0,0,0.003154629449795925
02_linear,Linear,Logistic Regression,0,0,0.010778066652988437
02_linear,Linear,Logistic Regression,0,0,0.03337284656755823
02_linear,Linear,Logistic Regression,1,1,0.9999990882566107
02_linear,Linear,Logistic Regression,0,0,0.020111360913949605
02_linear,Linear,Logistic Regression,1,1,0.9999984722144875
02_linear,Linear,Logistic Regression,0,0,0.024355869526557054
02_linear,Linear,Logistic Regression,0,0,0.00011744999239691433
02_linear,Linear,Logistic Regression,1,0,0.44630083248762514
02_linear,Linear,Logistic Regression,0,0,0.03238646488237165
02_linear,Linear,Logistic Regression,0,0,0.11759568370507287
02_linear,Linear,Logistic Regression,0,0,0.10652989086347603
02_linear,Linear,Logistic Regression,0,0,0.06712218803829603
02_linear,Linear,Logistic Regression,0,0,0.010541228524508124
02_linear,Linear,Logistic Regression,0,0,0.04102556933421062
02_linear,Linear,Logistic Regression,0,0,0.14126597810593458
02_linear,Linear,Logistic Regression,0,0,0.041396701584732645
02_linear,Linear,Logistic Regression,1,1,0.9999994210812834
02_linear,Linear,Logistic Regression,0,0,0.05295240629184522
02_linear,Linear,Logistic Regression,0,0,0.09073969758484021
02_linear,Linear,Logistic Regression,1,1,0.9999996585708755
02_linear,Linear,Logistic Regression,0,0,0.008875109163941991
02_linear,Linear,Logistic Regression,1,1,0.9999991755155405
02_linear,Linear,Logistic Regression,1,1,0.9999999288551953
02_linear,Linear,Logistic Regression,0,0,0.005934968211874872
02_linear,Linear,Logistic Regression,1,0,0.23679151643965246
02_linear,Linear,Logistic Regression,0,0,0.03548374692331685
02_linear,Linear,Logistic Regression,0,0,0.0005784782632939905
02_linear,Linear,Logistic Regression,0,0,0.01238869109623501
02_linear,Linear,Logistic Regression,1,1,0.9999999925897955
02_linear,Linear,Logistic Regression,0,0,0.005773411489991034
02_linear,Linear,Logistic Regression,0,0,0.0035570743878618285
02_linear,Linear,Logistic Regression,0,0,0.06561585627063894
02_linear,Linear,Logistic Regression,0,0,9.920606088876653e-05
02_linear,Linear,Logistic Regression,0,0,0.08623381822029817
02_linear,Linear,Logistic Regression,0,0,0.06922974387108284
02_linear,Linear,Logistic Regression,0,0,0.25855888656216025
02_linear,Linear,Logistic Regression,0,0,9.313312448804944e-08
02_linear,Linear,Logistic Regression,1,0,0.199162000876351
02_linear,Linear,Logistic Regression,0,0,0.12500999783477246
02_linear,Linear,Logistic Regression,0,0,0.2551030239444641
02_linear,Linear,Logistic Regression,0,0,0.00920906765213479
02_linear,Linear,Logistic Regression,1,1,0.9999906161451855
02_linear,Linear,Logistic Regression,0,0,0.035107889206778375
02_linear,Linear,Logistic Regression,0,0,0.2097809146047741
02_linear,Linear,Logistic Regression,0,0,0.2748725556183135
02_linear,Linear,Logistic Regression,1,1,0.9999996663551368
02_linear,Linear,Logistic Regression,0,0,0.020223430690866885
02_linear,Linear,Logistic Regression,0,0,0.0014451732463552417
02_linear,Linear,Logistic Regression,1,1,0.9999991973453813
02_linear,Linear,Logistic Regression,1,0,0.35351521962531435
02_linear,Linear,Logistic Regression,0,0,0.037011419180744916
02_linear,Linear,Logistic Regression,1,1,0.9999986355367075
02_linear,Linear,Logistic Regression,0,0,0.015754500133576863
02_linear,Linear,Logistic Regression,0,0,0.10041538825461123
02_linear,Linear,Logistic Regression,1,1,0.9999983318276652
02_linear,Linear,Logistic Regression,0,0,0.0019948204911838107
02_linear,Linear,Logistic Regression,1,1,0.999998469162372
02_linear,Linear,Logistic Regression,1,1,0.9999986779761514
02_linear,Linear,Logistic Regression,0,0,0.32247889489601506
02_linear,Linear,Logistic Regression,1,1,0.9999926327768471
02_linear,Linear,Logistic Regression,0,0,1.354471886146253e-09
02_linear,Linear,Logistic Regression,0,0,0.003423208747059767
02_linear,Linear,Logistic Regression,0,0,0.13819234175330763
02_linear,Linear,Logistic Regression,0,0,0.0022771402993203792
02_linear,Linear,Logistic Regression,0,0,0.003128243361320849
02_linear,Linear,Logistic Regression,0,0,0.11860623406639668
02_linear,Linear,Logistic Regression,0,0,0.027724455503265147
02_linear,Linear,Logistic Regression,0,0,0.010853766941176268
02_linear,Linear,Logistic Regression,0,0,0.02262867698333967
02_linear,Linear,Logistic Regression,0,0,0.01311933572421897
02_linear,Linear,Logistic Regression,0,0,0.000929580757924405
02_linear,Linear,Logistic Regression,0,0,0.3234570901224997
02_linear,Linear,Logistic Regression,0,0,0.00519174520993721
02_linear,Linear,Logistic Regression,0,0,0.18066719669846174
02_linear,Linear,Logistic Regression,1,1,0.9999994910724249
02_linear,Linear,Logistic Regression,0,0,0.004623690387028335
02_linear,Linear,Logistic Regression,0,0,0.003448766942842964
02_linear,Linear,Logistic Regression,0,0,0.10045024876932643
02_linear,Linear,Logistic Regression,0,0,0.3396641008365962
02_linear,Linear,Logistic Regression,1,1,0.9999999283112881
02_linear,Linear,Logistic Regression,0,0,0.00439860836263296
02_linear,Linear,Logistic Regression,0,0,2.2175743740314416e-06
02_linear,Linear,Logistic Regression,0,0,0.0854153353602971
02_linear,Linear,Logistic Regression,0,0,0.0027625507032143287
02_linear,Linear,Logistic Regression,1,1,0.9999999999944937
02_linear,Linear,Logistic Regression,0,0,0.09337689314271434
02_linear,Linear,Logistic Regression,0,0,0.05764009358839296
02_linear,Linear,Logistic Regression,0,0,0.00012940608870503752
02_linear,Linear,Logistic Regression,0,0,0.2482758855036208
02_linear,Linear,Logistic Regression,0,0,0.003922924363591659
02_linear,Linear,Logistic Regression,0,0,0.025115232988901424
02_linear,Linear,Logistic Regression,0,0,0.009776991259007963
02_linear,Linear,Logistic Regression,1,1,0.999999999999994
02_linear,Linear,Logistic Regression,0,0,0.001257984723445965
02_linear,Linear,Logistic Regression,0,0,0.003230686129116544
02_linear,Linear,Logistic Regression,0,0,0.12308869424131529
02_linear,Linear,Logistic Regression,0,0,0.0027490747864873225
02_linear,Linear,Logistic Regression,0,0,0.014596051665096135
02_linear,Linear,Logistic Regression,0,0,7.165156977573633e-05
02_linear,Linear,Logistic Regression,1,1,0.9999977826726993
02_linear,Linear,Logistic Regression,1,1,1.0
02_linear,Linear,Logistic Regression,0,0,0.08471848594850917
02_linear,Linear,Logistic Regression,1,1,0.9999986142217584
02_linear,Linear,Logistic Regression,0,0,0.003805911225463381
02_linear,Linear,Logistic Regression,1,0,0.3512445308291614
02_linear,Linear,Logistic Regression,1,1,0.999999491956128
02_linear,Linear,Logistic Regression,0,0,0.010140005598396269
02_linear,Linear,Logistic Regression,1,0,0.34872587303197844
02_linear,Linear,Logistic Regression,0,0,0.0029780444329799596
02_linear,Linear,Logistic Regression,0,0,0.0025171970818922062
02_linear,Linear,Logistic Regression,1,1,0.9999997931532772
02_linear,Linear,Logistic Regression,0,0,0.0017695216272635233
02_linear,Linear,Logistic Regression,1,1,0.9999997810762429
02_linear,Linear,Logistic Regression,0,0,0.0003031699101786917
02_linear,Linear,Logistic Regression,0,0,0.1737209588243525
02_linear,Linear,Logistic Regression,0,0,0.009628670152669883
02_linear,Linear,Logistic Regression,0,0,0.00925252437197754
02_linear,Linear,Logistic Regression,0,0,0.05111858770982311
02_linear,Linear,Logistic Regression,1,1,0.9999994417518351
02_linear,Linear,Logistic Regression,0,0,0.0008621388386546852
02_linear,Linear,Logistic Regression,0,0,0.00015609434993470075
02_linear,Linear,Logistic Regression,0,0,0.06141333495674646
02_linear,Linear,Logistic Regression,0,0,0.001219351922029823
02_linear,Linear,Logistic Regression,0,0,0.19829705677424084
02_linear,Linear,Logistic Regression,0,0,0.005210038563671753
02_linear,Linear,Logistic Regression,0,0,0.013995682148359119
02_linear,Linear,Logistic Regression,0,0,0.47033524943241356
02_linear,Linear,Logistic Regression,1,1,0.7881549511050682
02_linear,Linear,Logistic Regression,1,1,0.9999994257159092
02_linear,Linear,Logistic Regression,0,0,0.018444802130143607
02_linear,Linear,Logistic Regression,0,0,0.4251883685137053
02_linear,Linear,Logistic Regression,0,0,0.013113884222802104
02_linear,Linear,Logistic Regression,0,0,0.016666756510259586
02_linear,Linear,Logistic Regression,0,0,1.477353812790191e-36
02_linear,Linear,Logistic Regression,0,0,0.0009700643225587344
02_linear,Linear,Logistic Regression,1,0,0.45356728072019853
02_linear,Linear,Logistic Regression,0,0,0.00021903501443854822
02_linear,Linear,Logistic Regression,0,0,0.008024402109913889
02_linear,Linear,Logistic Regression,0,0,0.09430124973554366
02_linear,Linear,Logistic Regression,0,0,0.003108414144959895
02_linear,Linear,Logistic Regression,0,0,0.0022864875646328637
02_linear,Linear,Logistic Regression,1,0,0.4485309914985769
02_linear,Linear,Logistic Regression,0,0,0.19691288224305584
02_linear,Linear,Logistic Regression,0,0,0.203320410436912
02_linear,Linear,Logistic Regression,0,0,0.002986810763286424
02_linear,Linear,Logistic Regression,0,0,0.12317999245661522
02_linear,Linear,Logistic Regression,0,0,0.014662160958440721
02_linear,Linear,Logistic Regression,0,0,0.2933873887356138
02_linear,Linear,Logistic Regression,0,1,0.6036616846587438
02_linear,Linear,Logistic Regression,0,0,0.00957003725544346
02_linear,Linear,Logistic Regression,0,0,0.2779744906141637
02_linear,Linear,Logistic Regression,0,0,0.009139218597537573
02_linear,Linear,Logistic Regression,0,0,6.943819057421617e-17
02_linear,Linear,Logistic Regression,0,0,8.223767084450285e-06
02_linear,Linear,Logistic Regression,0,0,0.003291641095095091
02_linear,Linear,Logistic Regression,0,0,0.003308442940801781
02_linear,Linear,Logistic Regression,1,0,0.43064788286008404
02_linear,Linear,Logistic Regression,0,0,0.0341917575119899
02_linear,Linear,Logistic Regression,0,0,0.024598443448261446
02_linear,Linear,Logistic Regression,1,1,0.9999998748756372
02_linear,Linear,Logistic Regression,0,0,0.01996210195544583
02_linear,Linear,Logistic Regression,0,0,0.0673254383393619
02_linear,Linear,Logistic Regression,0,0,0.13301636201473468
02_linear,Linear,Logistic Regression,0,0,0.2082960944812286
02_linear,Linear,Logistic Regression,1,0,0.30405522625490833
02_linear,Linear,Logistic Regression,0,0,0.00018559289953914347
02_linear,Linear,Logistic Regression,0,0,0.00017032145180818385
02_linear,Linear,Logistic Regression,0,0,0.007896042354826794
02_linear,Linear,Logistic Regression,0,0,0.0008362813191235478
02_linear,Linear,Logistic Regression,0,0,0.0013027294458656804
02_linear,Linear,Logistic Regression,0,0,0.24394706062312912
02_linear,Linear,Logistic Regression,0,0,0.0008257072053815021
02_linear,Linear,Logistic Regression,0,0,0.031031638837768466
02_linear,Linear,Logistic Regression,0,0,4.7700681657574625e-06
02_linear,Linear,Logistic Regression,0,0,1.4930735565557022e-19
02_linear,Linear,Logistic Regression,0,0,0.0007516330736584468
02_linear,Linear,Logistic Regression,0,0,0.2573314340399656
02_linear,Linear,Logistic Regression,1,0,0.09991618025072162
02_linear,Linear,Logistic Regression,0,0,0.44995098612905154
02_linear,Linear,Logistic Regression,1,0,0.2627422811504919
02_linear,Linear,Logistic Regression,0,0,0.0004229387752028598
02_linear,Linear,Logistic Regression,1,1,0.9999912455030148
02_linear,Linear,Logistic Regression,0,0,0.02405549712003538
02_linear,Linear,Logistic Regression,0,0,0.003428465222789919
02_linear,Linear,Logistic Regression,0,0,9.368210265188434e-05
02_linear,Linear,Logistic Regression,1,1,0.9999990152746971
02_linear,Linear,Logistic Regression,0,0,0.006583977521767628
02_linear,Linear,Logistic Regression,0,0,0.02111091846513804
02_linear,Linear,Logistic Regression,0,0,0.000643830460310297
02_linear,Linear,Logistic Regression,0,0,0.0010117137208627584
02_linear,Linear,Logistic Regression,1,0,0.40371650989168745
02_linear,Linear,Logistic Regression,1,0,0.37931180973158396
02_linear,Linear,Logistic Regression,0,0,0.04175927553511992
02_linear,Linear,Logistic Regression,0,0,1.464517030889776e-21
02_linear,Linear,Logistic Regression,0,0,0.0291723532088354
02_linear,Linear,Logistic Regression,0,0,0.058826615021845684
02_linear,Linear,Logistic Regression,0,0,0.0032628116208909632
02_linear,Linear,Logistic Regression,1,1,0.9999990328087063
02_linear,Linear,Logistic Regression,0,0,4.716556459740131e-06
02_linear,Linear,Logistic Regression,0,0,0.02740284394828042
02_linear,Linear,Logistic Regression,0,0,0.00521008070050738
02_linear,Linear,Logistic Regression,1,1,0.9999997127626984
02_linear,Linear,Logistic Regression,0,0,0.10752737671651369
02_linear,Linear,Logistic Regression,1,1,0.6958212972764062
02_linear,Linear,Logistic Regression,0,0,2.266858442754808e-12
02_linear,Linear,Logistic Regression,0,0,0.006310037409029711
02_linear,Linear,Logistic Regression,0,0,0.0011855435766240574
02_linear,Linear,Logistic Regression,0,0,0.015320452801431001
02_linear,Linear,Logistic Regression,1,1,0.9999983431730114
02_linear,Linear,Logistic Regression,0,0,1.1773017901591336e-08
02_linear,Linear,Logistic Regression,0,0,1.3936071120884446e-39
02_linear,Linear,Logistic Regression,0,0,0.009607807538414788
02_linear,Linear,Logistic Regression,0,0,0.01538743201243253
02_linear,Linear,Logistic Regression,0,0,0.01466920867890544
02_linear,Linear,Logistic Regression,0,0,0.00020775059126776777
02_linear,Linear,Logistic Regression,0,0,0.1165755730852821
02_linear,Linear,Logistic Regression,0,0,0.26511346060960905
02_linear,Linear,Logistic Regression,0,0,0.00013368778753646666
02_linear,Linear,Logistic Regression,0,0,0.0001319618408133962
02_linear,Linear,Logistic Regression,0,0,0.07433020894847847
02_linear,Linear,Logistic Regression,0,0,0.0005553377081260372
02_linear,Linear,Logistic Regression,0,0,0.06495823753604599
02_linear,Linear,Logistic Regression,0,0,0.011659529307471467
02_linear,Linear,Logistic Regression,0,0,0.012482516335096259
02_linear,Linear,Logistic Regression,0,0,0.019422218890075626
02_linear,Linear,Logistic Regression,0,0,0.30002519348948553
02_linear,Linear,Logistic Regression,1,0,0.15083205339132497
02_linear,Linear,Logistic Regression,1,1,0.9999997939840206
02_linear,Linear,Logistic Regression,0,0,0.0008514549306795197
02_linear,Linear,Logistic Regression,1,1,0.9999991220046497
02_linear,Linear,Logistic Regression,1,1,0.9999982582517072
02_linear,Linear,Logistic Regression,0,0,5.6002448191918e-18
02_linear,Linear,Logistic Regression,0,0,0.004406364145801181
02_linear,Linear,Logistic Regression,0,0,0.041191192941980856
02_linear,Linear,Logistic Regression,0,0,3.735728964551887e-14
02_linear,Linear,Logistic Regression,0,0,0.007636821946499722
02_linear,Linear,Logistic Regression,1,1,0.6363515751252694
02_linear,Linear,Logistic Regression,0,0,0.00460157820730629
02_linear,Linear,Logistic Regression,0,0,8.82602133577775e-09
02_linear,Linear,Logistic Regression,0,0,0.18868008998533892
02_linear,Linear,Logistic Regression,1,1,0.9999989412342193
02_linear,Linear,Logistic Regression,0,0,0.08092945519326429
02_linear,Linear,Logistic Regression,0,0,0.23605151464400045
02_linear,Linear,Logistic Regression,0,0,0.00016254745476389074
02_linear,Linear,Logistic Regression,0,0,0.05808079846868447
02_linear,Linear,Logistic Regression,0,0,0.004156351175328928
02_linear,Linear,Logistic Regression,0,0,0.026792151654424057
02_linear,Linear,Logistic Regression,0,0,0.003788262334556954
02_linear,Linear,Logistic Regression,1,1,0.9999997774662712
02_linear,Linear,Logistic Regression,1,1,0.9999847870213194
02_linear,Linear,Logistic Regression,1,0,0.3292994901714975
02_linear,Linear,Logistic Regression,0,0,0.001180338440493416
02_linear,Linear,Logistic Regression,0,0,1.3312334949824126e-12
02_linear,Linear,Logistic Regression,0,0,0.03029949900544193
02_linear,Linear,Logistic Regression,0,0,0.003779484187346326
02_linear,Linear,Logistic Regression,0,0,0.0028352780245845394
02_linear,Linear,Logistic Regression,0,0,0.22467329740897038
02_linear,Linear,Logistic Regression,0,0,0.016995179691699405
02_linear,Linear,Logistic Regression,1,0,0.012177069408131729
02_linear,Linear,Logistic Regression,1,1,0.9999997062365437
02_linear,Linear,Logistic Regression,0,0,8.496762664264566e-06
02_linear,Linear,Logistic Regression,1,1,1.0
02_linear,Linear,Logistic Regression,0,0,8.915869522462489e-05
02_linear,Linear,Logistic Regression,0,0,0.02305058983682603
02_linear,Linear,Logistic Regression,1,1,0.9999999273006073
02_linear,Linear,Logistic Regression,0,0,0.011847186701763537
02_linear,Linear,Logistic Regression,0,0,0.12781249624648178
02_linear,Linear,Logistic Regression,0,0,0.26272594641514957
02_linear,Linear,Logistic Regression,0,0,0.49238843167560464
02_linear,Linear,Logistic Regression,0,0,0.07297257439301122
02_linear,Linear,Logistic Regression,0,0,0.035065417774061414
02_linear,Linear,Logistic Regression,1,1,0.9999907067235374
02_linear,Linear,Logistic Regression,0,0,0.00042387003591578295
02_linear,Linear,Logistic Regression,0,0,0.016415333442934412
02_linear,Linear,Logistic Regression,0,0,0.0042390285472537785
02_linear,Linear,Logistic Regression,0,0,0.0001377483583009495
02_linear,Linear,Logistic Regression,0,0,0.035731288487187735
02_linear,Linear,Logistic Regression,1,0,0.26475928687906586
02_linear,Linear,Logistic Regression,0,0,0.0018355491264571626
02_linear,Linear,Logistic Regression,0,0,0.003653670300442923
02_linear,Linear,Logistic Regression,0,0,0.25433924511705697
02_linear,Linear,Logistic Regression,0,0,0.42279578037706367
02_linear,Linear,Logistic Regression,0,0,0.009106007701092069
02_linear,Linear,Logistic Regression,0,0,5.821850399829476e-08
02_linear,Linear,Logistic Regression,0,1,0.722031309170897
02_linear,Linear,Logistic Regression,0,0,0.004081154116325121
02_linear,Linear,Logistic Regression,1,1,0.9999992921507986
02_linear,Linear,Logistic Regression,0,0,0.0028060911330075136
02_linear,Linear,Logistic Regression,1,1,0.9999988471954924
02_linear,Linear,Logistic Regression,0,0,0.000498708746502988
02_linear,Linear,Logistic Regression,0,0,0.000290451263921786
02_linear,Linear,Logistic Regression,0,0,0.029503350537636464
02_linear,Linear,Logistic Regression,0,0,0.06925269132644613
02_linear,Linear,Logistic Regression,0,0,0.010962738283448565
02_linear,Linear,Logistic Regression,0,0,0.0016266773960506493
02_linear,Linear,Logistic Regression,1,1,0.9999999980869001
02_linear,Linear,Logistic Regression,0,0,0.04264873524295103
02_linear,Linear,Logistic Regression,0,0,0.00018469529068508185
02_linear,Linear,Logistic Regression,0,0,0.00045004357101524427
02_linear,Linear,Logistic Regression,0,0,0.09911413526284452
02_linear,Linear,Logistic Regression,1,1,0.9999982803638381
02_linear,Linear,Logistic Regression,0,0,0.007648073756070348
02_linear,Linear,Logistic Regression,0,0,0.0033855880167946413
02_linear,Linear,Logistic Regression,0,0,0.21709834952739593
02_linear,Linear,Logistic Regression,0,0,0.00019213193814786187
02_linear,Linear,Logistic Regression,0,0,0.0017774787263746983
02_linear,Linear,Logistic Regression,0,0,5.191355179362079e-05
02_linear,Linear,Logistic Regression,0,0,6.958073407059242e-08
02_linear,Linear,Logistic Regression,0,0,0.014745090794547012
02_linear,Linear,Logistic Regression,0,0,0.3361051307567352
02_linear,Linear,Logistic Regression,0,0,0.00017960453313606913
02_linear,Linear,Logistic Regression,0,0,0.053611499977001965
02_linear,Linear,Logistic Regression,0,0,3.4369934561160134e-15
02_linear,Linear,Logistic Regression,0,0,0.003190357888499739
02_linear,Linear,Logistic Regression,0,0,0.006542796735214826
02_linear,Linear,Logistic Regression,0,0,0.0034021812728615803
02_linear,Linear,Logistic Regression,0,0,0.05176184252433384
02_linear,Linear,Logistic Regression,0,0,0.00466465012989099
02_linear,Linear,Logistic Regression,0,0,0.005877517149536253
02_linear,Linear,Logistic Regression,0,0,0.014687553481021952
02_linear,Linear,Logistic Regression,0,0,1.5386360114890158e-08
02_linear,Linear,Logistic Regression,0,0,0.003503120077492635
02_linear,Linear,Logistic Regression,0,0,0.30621319895645305
02_linear,Linear,Logistic Regression,0,0,0.03713450637800112
02_linear,Linear,Logistic Regression,0,0,0.005925472536310613
02_linear,Linear,Logistic Regression,0,0,0.00044227046748017385
02_linear,Linear,Logistic Regression,0,0,0.000685708364934111
02_linear,Linear,Logistic Regression,0,0,0.0016237500739694356
02_linear,Linear,Logistic Regression,0,0,0.16952400334420617
02_linear,Linear,Logistic Regression,0,0,0.19911794856033918
02_linear,Linear,Logistic Regression,0,0,3.6831916104393933e-06
02_linear,Linear,Logistic Regression,0,0,0.37436572400627455
02_linear,Linear,Logistic Regression,0,0,0.03863108188691409
02_linear,Linear,Logistic Regression,0,0,3.99273726868532e-06
02_linear,Linear,Logistic Regression,1,1,0.9999974206243095
02_linear,Linear,Logistic Regression,1,1,0.999998591859304
02_linear,Linear,Logistic Regression,0,0,0.0018945408460707038
02_linear,Linear,Logistic Regression,0,0,4.216371716381374e-36
02_linear,Linear,Logistic Regression,0,0,0.007668098116096748
02_linear,Linear,Logistic Regression,0,0,0.012060796439534555
02_linear,Linear,Logistic Regression,1,1,0.5504043199242111
02_linear,Linear,Logistic Regression,1,1,0.6925159106492572
02_linear,Linear,Logistic Regression,0,0,0.006291593498410657
02_linear,Linear,Logistic Regression,0,0,0.0007144778995882716
02_linear,Linear,Logistic Regression,0,1,0.5162761821368383
02_linear,Linear,Logistic Regression,0,0,7.310593402062079e-16
02_linear,Linear,Logistic Regression,0,0,0.0826746847522866
02_linear,Linear,Logistic Regression,0,0,0.10943878100991787
02_linear,Linear,Logistic Regression,0,0,8.194819853982112e-05
02_linear,Linear,Logistic Regression,1,1,0.9999996052082945
02_linear,Linear,Logistic Regression,0,0,0.00603069497526196
02_linear,Linear,Logistic Regression,0,0,0.01128885384516714
02_linear,Linear,Logistic Regression,0,0,0.2604620197484373
02_linear,Linear,Logistic Regression,1,0,0.3715968144554436
02_linear,Linear,Logistic Regression,1,0,0.2599150496262432
02_linear,Linear,Logistic Regression,0,0,1.713653296403328e-07
02_linear,Linear,Logistic Regression,0,0,0.004075030620524987
02_linear,Linear,Logistic Regression,0,0,0.0030250605354117457
02_linear,Linear,Logistic Regression,0,0,0.065398110826024
02_linear,Linear,Logistic Regression,1,1,0.9999993051753803
02_linear,Linear,Logistic Regression,1,1,0.9999999317109107
02_linear,Linear,Logistic Regression,0,1,0.6354896501619696
02_linear,Linear,Logistic Regression,0,0,0.23976605071692353
02_linear,Linear,Logistic Regression,0,0,0.03788445926344605
02_linear,Linear,Logistic Regression,0,0,0.3679740908167471
02_linear,Linear,Logistic Regression,0,0,0.00014967240380335615
02_linear,Linear,Logistic Regression,1,0,0.4161314736236422
02_linear,Linear,Logistic Regression,0,0,0.008592773775632294
02_linear,Linear,Logistic Regression,0,0,0.006927927732675288
02_linear,Linear,Logistic Regression,0,0,6.588820180364255e-05
02_linear,Linear,Logistic Regression,0,0,0.2754809054818709
02_linear,Linear,Logistic Regression,0,0,0.010005171011788895
02_linear,Linear,Logistic Regression,0,0,0.00847365075398989
02_linear,Linear,Logistic Regression,0,0,0.00024914645790966397
02_linear,Linear,Logistic Regression,0,0,8.109606426294892e-05
02_linear,Linear,Logistic Regression,1,1,0.9999994348050755
02_linear,Linear,Logistic Regression,0,0,0.038127077234580684
02_linear,Linear,Logistic Regression,1,1,0.9999996762701531
02_linear,Linear,Logistic Regression,1,1,0.9999909308199731
02_linear,Linear,Logistic Regression,0,0,0.007995880445073211
02_linear,Linear,Logistic Regression,0,0,0.009931587437795224
02_linear,Linear,Logistic Regression,0,0,0.12436335195594796
02_linear,Linear,Logistic Regression,0,0,0.026527550588726877
02_linear,Linear,Logistic Regression,1,1,0.9999999231768882
02_linear,Linear,Logistic Regression,0,0,0.3447981657960349
02_linear,Linear,Logistic Regression,1,1,0.9999956413557094
02_linear,Linear,Logistic Regression,1,1,0.8171593194002461
02_linear,Linear,Logistic Regression,0,0,0.012520760807252935
02_linear,Linear,Logistic Regression,0,0,0.04593967227009849
02_linear,Linear,Logistic Regression,0,0,0.07282771573095802
02_linear,Linear,Logistic Regression,1,1,0.9999998265698097
02_linear,Linear,Logistic Regression,0,0,0.00020734976217308906
02_linear,Linear,Logistic Regression,0,0,0.00790295210536723
02_linear,Linear,Logistic Regression,0,0,0.002401290429309723
02_linear,Linear,Logistic Regression,0,0,0.018385262802226715
02_linear,Linear,Logistic Regression,0,0,0.21733012356503534
02_linear,Linear,Logistic Regression,0,0,0.16054237509243402
02_linear,Linear,Logistic Regression,0,0,0.08076759767775596
02_linear,Linear,Logistic Regression,0,0,0.0029802976695920917
02_linear,Linear,Logistic Regression,0,0,0.009516458241884919
02_linear,Linear,Logistic Regression,0,0,0.0013321213855063106
02_linear,Linear,Logistic Regression,0,0,0.3431985097654436
02_linear,Linear,Logistic Regression,1,1,1.0
02_linear,Linear,Logistic Regression,0,0,8.969237961076468e-16
02_linear,Linear,Logistic Regression,0,0,3.4455879893770936e-06
02_linear,Linear,Logistic Regression,1,1,0.9999999442235268
02_linear,Linear,Logistic Regression,0,1,0.5766979632691663
02_linear,Linear,Logistic Regression,0,0,0.004046229740355466
02_linear,Linear,Logistic Regression,0,0,0.001097408221311063
02_linear,Linear,Logistic Regression,0,0,0.008998295680797337
02_linear,Linear,Logistic Regression,0,0,0.00152157180430893
02_linear,Linear,Logistic Regression,0,0,1.967835161104711e-08
02_linear,Linear,Logistic Regression,0,0,0.0009692187901489662
02_linear,Linear,Logistic Regression,0,0,0.016723661091177296
02_linear,Linear,Logistic Regression,0,0,0.0013539771082940288
02_linear,Linear,Logistic Regression,0,0,0.016751778135895616
02_linear,Linear,Logistic Regression,0,1,0.6378606878801331
02_linear,Linear,Logistic Regression,1,1,0.9999963836477775
02_linear,Linear,Logistic Regression,0,0,0.004031607291802048
02_linear,Linear,Logistic Regression,1,1,0.9999998977541309
02_linear,Linear,Logistic Regression,1,0,0.3748319203811185
02_linear,Linear,Logistic Regression,0,0,0.00898712199190822
02_linear,Linear,Logistic Regression,1,1,0.9999998507278652
02_linear,Linear,Logistic Regression,0,0,0.004777404475007279
02_linear,Linear,Logistic Regression,0,0,0.007817621451655404
02_linear,Linear,Logistic Regression,0,0,0.002047745203552577
02_linear,Linear,Logistic Regression,0,0,0.038312198473316544
02_linear,Linear,Logistic Regression,0,0,0.06253473769144692
02_linear,Linear,Logistic Regression,0,0,0.0021221367070295045
02_linear,Linear,Logistic Regression,0,0,0.00040864598571805396
02_linear,Linear,Logistic Regression,0,0,1.381470575761404e-09
02_linear,Linear,Logistic Regression,0,0,0.03288354953713271
02_linear,Linear,Logistic Regression,1,0,0.43635342609007066
02_linear,Linear,Logistic Regression,0,1,0.5361318842654808
02_linear,Linear,Logistic Regression,0,0,0.0017561542338105037
02_linear,Linear,Logistic Regression,0,0,0.49467603121316944
02_linear,Linear,Logistic Regression,0,0,0.10076554111962245
02_linear,Linear,Logistic Regression,0,0,0.0020062989463858548
02_linear,Linear,Logistic Regression,1,1,0.999999605121149
02_linear,Linear,Logistic Regression,1,1,0.6575367905463199
02_linear,Linear,Logistic Regression,0,0,1.0140625247664096e-05
02_linear,Linear,Logistic Regression,0,0,0.060609915974581104
02_linear,Linear,Logistic Regression,0,0,0.47724578554629915
02_linear,Linear,Logistic Regression,1,1,0.9999997427949661
02_linear,Linear,Logistic Regression,0,0,0.00032009613426929785
02_linear,Linear,Logistic Regression,0,0,0.08518976064295804
02_linear,Linear,Logistic Regression,1,1,0.9999994251356593
02_linear,Linear,Logistic Regression,0,0,0.1656761364522557
02_linear,Linear,Logistic Regression,0,0,0.19988573261056958
02_linear,Linear,Logistic Regression,0,0,0.00010966263051185907
02_linear,Linear,Logistic Regression,0,0,0.0184042076700978
02_linear,Linear,Logistic Regression,0,0,0.1948189888219894
02_linear,Linear,Logistic Regression,0,0,0.005389793608701826
02_linear,Linear,Logistic Regression,0,0,0.0302761441047328
02_linear,Linear,Logistic Regression,0,0,0.027304827530068628
02_linear,Linear,Logistic Regression,0,0,0.0015263873389209806
02_linear,Linear,Logistic Regression,0,0,0.006236916255173455
02_linear,Linear,Logistic Regression,0,0,0.3253979650099535
02_linear,Linear,Logistic Regression,0,0,0.009783181219400233
02_linear,Linear,Logistic Regression,0,0,0.11227604669122043
02_linear,Linear,Logistic Regression,0,0,0.0030830784846581118
02_linear,Linear,Logistic Regression,0,0,4.85451862437428e-05
02_linear,Linear,Logistic Regression,0,0,0.15426715722616194
02_linear,Linear,Logistic Regression,0,0,7.810634921973361e-33
02_linear,Linear,Logistic Regression,0,0,0.00020895583310304985
02_linear,Linear,Logistic Regression,0,0,0.048907507497771396
02_linear,Linear,Logistic Regression,0,0,1.761889053198342e-05
02_linear,Linear,Logistic Regression,0,0,0.11496115846345621
02_linear,Linear,Logistic Regression,1,1,0.9999996276893953
02_linear,Linear,Logistic Regression,0,0,0.00863441035717365
02_linear,Linear,Logistic Regression,0,0,0.21094149164443915
02_linear,Linear,Logistic Regression,0,0,0.10012188620864967
02_linear,Linear,Logistic Regression,0,0,0.0007633692790518091
02_linear,Linear,Logistic Regression,0,0,0.0028011792463230206
02_linear,Linear,Logistic Regression,0,0,0.28812332588490175
02_linear,Linear,Logistic Regression,0,0,0.0001690161343324624
02_linear,Linear,Logistic Regression,0,0,4.403296402697514e-05
02_linear,Linear,Logistic Regression,0,0,0.19163906399612407
02_linear,Linear,Logistic Regression,0,0,0.00018765113875582616
02_linear,Linear,Logistic Regression,0,0,0.0009236808688888303
02_linear,Linear,Logistic Regression,1,1,0.9999997257375293
02_linear,Linear,Logistic Regression,1,1,0.9999991721465037
02_linear,Linear,Logistic Regression,0,0,0.0014890400316944976
02_linear,Linear,Logistic Regression,0,0,0.0031476490148176104
02_linear,Linear,Logistic Regression,0,0,0.16131482347069073
02_linear,Linear,Logistic Regression,0,0,5.855226343994692e-05
02_linear,Linear,Logistic Regression,0,0,0.00813021356052634
02_linear,Linear,Logistic Regression,0,0,0.1585006265233712
02_linear,Linear,Logistic Regression,0,0,0.008603268573901824
02_linear,Linear,Logistic Regression,0,0,0.005677751554921691
02_linear,Linear,Logistic Regression,1,0,0.3953751084405628
02_linear,Linear,Logistic Regression,0,0,0.08015733418416761
02_linear,Linear,Logistic Regression,0,0,0.09491472877931417
02_linear,Linear,Logistic Regression,0,0,0.024701844427095134
02_linear,Linear,Logistic Regression,0,0,0.0002287420344366786
02_linear,Linear,Logistic Regression,0,0,0.002960949932350089
02_linear,Linear,Logistic Regression,1,1,0.9999993508318452
02_linear,Linear,Logistic Regression,0,0,0.058681621184198146
02_linear,Linear,Logistic Regression,0,0,0.00011272226123082431
02_linear,Linear,Logistic Regression,0,0,0.0020023134567258146
02_linear,Linear,Logistic Regression,0,0,0.015231979443626958
02_linear,Linear,Logistic Regression,1,1,0.9999998416014388
02_linear,Linear,Logistic Regression,0,0,0.2854968983447421
02_linear,Linear,Logistic Regression,0,0,0.1125634677255996
02_linear,Linear,Logistic Regression,0,0,0.000882492614738356
02_linear,Linear,Logistic Regression,0,0,0.41713329725161213
02_linear,Linear,Logistic Regression,1,1,0.9999999997808131
02_linear,Linear,Logistic Regression,0,0,0.20208769472503835
02_linear,Linear,Logistic Regression,1,1,0.6400998402259079
02_linear,Linear,Logistic Regression,0,0,6.098603484014141e-05
02_linear,Linear,Logistic Regression,0,0,0.01720828946245545
02_linear,Linear,Logistic Regression,1,1,0.517300444376384
02_linear,Linear,Logistic Regression,0,0,0.002029298674800812
02_linear,Linear,Logistic Regression,1,1,0.9999998516259465
02_linear,Linear,Logistic Regression,0,0,5.079694125176543e-07
02_linear,Linear,Logistic Regression,1,1,0.9999992583232152
02_linear,Linear,Logistic Regression,0,0,9.92640516109773e-05
02_linear,Linear,Logistic Regression,0,0,0.004023201679276736
02_linear,Linear,Logistic Regression,0,0,0.0011058619011042063
02_linear,Linear,Logistic Regression,0,0,0.08351344268102226
02_linear,Linear,Logistic Regression,1,1,0.9999996029875982
02_linear,Linear,Logistic Regression,0,0,0.0061673233383648576
02_linear,Linear,Logistic Regression,0,0,0.39767010765046207
02_linear,Linear,Logistic Regression,0,0,0.0011144778635266783
02_linear,Linear,Logistic Regression,0,0,0.08420125624439748
02_linear,Linear,Logistic Regression,0,0,0.012222464355019438
02_linear,Linear,Logistic Regression,0,0,0.11301034765548863
02_linear,Linear,Logistic Regression,0,0,0.04504928420402966
02_linear,Linear,Logistic Regression,0,0,0.00044120012588927973
02_linear,Linear,Logistic Regression,0,0,0.00386048439568064
02_linear,Linear,Logistic Regression,1,1,0.9999992945456092
02_linear,Linear,Logistic Regression,0,0,0.04699575466388083
02_linear,Linear,Logistic Regression,1,1,0.9999998300483366
02_linear,Linear,Logistic Regression,0,0,0.00012757018123536217
02_linear,Linear,Logistic Regression,0,0,0.06448772074442359
02_linear,Linear,Logistic Regression,0,0,0.0017578918756739046
02_linear,Linear,Logistic Regression,0,0,0.16527608952319478
02_linear,Linear,Logistic Regression,0,0,0.03594117654258073
02_linear,Linear,Logistic Regression,0,0,8.315794959152814e-06
02_linear,Linear,Logistic Regression,1,1,0.9999974867456727
02_linear,Linear,Logistic Regression,0,0,0.4643570170717148
02_linear,Linear,Logistic Regression,0,0,0.2757705432902997
02_linear,Linear,Logistic Regression,0,0,0.056347847680239545
02_linear,Linear,Logistic Regression,0,0,3.9260086856678154e-05
02_linear,Linear,Logistic Regression,1,1,0.9999992543766656
02_linear,Linear,Logistic Regression,0,0,0.023332884126023447
02_linear,Linear,Logistic Regression,1,0,0.48937456980456284
02_linear,Linear,Logistic Regression,0,0,0.27176350362843865
02_linear,Linear,Logistic Regression,0,0,5.702427344673365e-05
02_linear,Linear,Logistic Regression,1,1,0.6242327299243703
02_linear,Linear,Logistic Regression,0,0,0.00021726094721493143
02_linear,Linear,Logistic Regression,0,0,4.979798487159022e-05
02_linear,Linear,Logistic Regression,0,0,8.28666252218968e-05
02_linear,Linear,Logistic Regression,0,0,9.613642154774225e-05
02_linear,Linear,Logistic Regression,0,0,8.911619392728226e-05
02_linear,Linear,Logistic Regression,0,1,0.6461454906018573
02_linear,Linear,Logistic Regression,1,0,0.14073679493263624
02_linear,Linear,Logistic Regression,1,1,0.999999875550136
02_linear,Linear,Logistic Regression,0,0,0.003658701777272688
02_linear,Linear,Logistic Regression,0,0,0.11447396143402776
02_linear,Linear,Logistic Regression,0,0,0.0015025082916887867
02_linear,Linear,Logistic Regression,1,1,0.9999995677684271
02_linear,Linear,Logistic Regression,0,0,9.982016577430779e-05
02_linear,Linear,Logistic Regression,0,0,0.10943261448199332
02_linear,Linear,Logistic Regression,1,1,0.9999982019278556
02_linear,Linear,Logistic Regression,0,0,0.008077123058418756
02_linear,Linear,Logistic Regression,0,0,8.84502602848206e-06
02_linear,Linear,Logistic Regression,0,0,0.0005039946200236372
02_linear,Linear,Logistic Regression,0,0,0.024994641188600075
02_linear,Linear,Logistic Regression,0,0,0.268790452457755
02_linear,Linear,Logistic Regression,0,0,0.009201174111928173
02_linear,Linear,Logistic Regression,0,0,0.009211314251181647
02_linear,Linear,Logistic Regression,1,1,0.9999978589261836
02_linear,Linear,Logistic Regression,0,0,6.104827990533957e-162
02_linear,Linear,Logistic Regression,0,0,0.004382275770310627
02_linear,Linear,Logistic Regression,0,0,6.852847708793581e-08
02_linear,Linear,Logistic Regression,1,1,0.5306874681841414
02_linear,Linear,Logistic Regression,1,1,0.8831182377954008
02_linear,Linear,Logistic Regression,0,0,0.0024040007385659964
02_linear,Linear,Logistic Regression,0,0,0.012395168699881038
02_linear,Linear,Logistic Regression,0,0,0.035504176472021004
02_linear,Linear,Logistic Regression,0,0,1.1648541799333973e-07
02_linear,Linear,Logistic Regression,0,0,0.00872764825634465
02_linear,Linear,Logistic Regression,0,0,0.0034625855777554804
02_linear,Linear,Logistic Regression,1,1,0.9999989861377715
02_linear,Linear,Logistic Regression,0,0,0.05497033508634108
02_linear,Linear,Logistic Regression,0,0,0.00807003383843835
02_linear,Linear,Logistic Regression,1,0,0.3402252833815753
02_linear,Linear,Logistic Regression,0,0,0.007786501643981601
02_linear,Linear,Logistic Regression,1,1,0.9999995445442946
02_linear,Linear,Logistic Regression,0,0,0.0026657214216805267
02_linear,Linear,Logistic Regression,1,0,0.09611996307492936
02_linear,Linear,Logistic Regression,0,0,0.08897642568165672
02_linear,Linear,Logistic Regression,0,0,5.616220675018737e-05
02_linear,Linear,Logistic Regression,0,0,0.01685916013516081
02_linear,Linear,Logistic Regression,0,0,0.0029151039674209507
02_linear,Linear,Logistic Regression,0,0,0.01411377370839128
02_linear,Linear,Logistic Regression,1,1,0.9999996905334366
02_linear,Linear,Logistic Regression,0,0,0.1531310656094589
02_linear,Linear,Logistic Regression,1,1,0.9999985808254742
02_linear,Linear,Logistic Regression,0,0,1.0308181717049564e-05
02_linear,Linear,Logistic Regression,1,1,0.9999993412200644
02_linear,Linear,Logistic Regression,0,0,6.821883545403967e-05
02_linear,Linear,Logistic Regression,0,0,0.33966717679022385
02_linear,Linear,Logistic Regression,0,0,0.20087962734292328
02_linear,Linear,Logistic Regression,1,0,0.34776146846058126
02_linear,Linear,Logistic Regression,0,0,0.0006470748816643313
02_linear,Linear,Logistic Regression,0,0,0.04433680393992325
02_linear,Linear,Logistic Regression,0,0,0.0015162561765135678
02_linear,Linear,Logistic Regression,0,0,0.008551435252418351
02_linear,Linear,Logistic Regression,0,0,0.03634557858535857
02_linear,Linear,Logistic Regression,1,1,0.9999999998742888
02_linear,Linear,Logistic Regression,0,0,8.705888151112868e-08
02_linear,Linear,Logistic Regression,0,0,0.3637994959146813
02_linear,Linear,Logistic Regression,0,0,0.1219374214080669
02_linear,Linear,Logistic Regression,0,0,5.85502773059183e-05
02_linear,Linear,Logistic Regression,1,1,0.6176587670148264
02_linear,Linear,Logistic Regression,0,0,0.0005722936455902568
02_linear,Linear,Logistic Regression,0,1,0.6004390198601655
02_linear,Linear,Logistic Regression,0,0,0.09125027678148062
02_linear,Linear,Logistic Regression,0,0,0.18629895467166468
02_linear,Linear,Logistic Regression,0,0,3.1702606700712214e-05
02_linear,Linear,Logistic Regression,0,0,0.16314048231179404
02_linear,Linear,Logistic Regression,0,0,0.0019262579822633232
02_linear,Linear,Logistic Regression,0,0,3.923058918402132e-13
02_linear,Linear,Logistic Regression,1,0,0.43077747116076087
02_linear,Linear,Logistic Regression,0,0,2.0687987493460536e-06
02_linear,Linear,Logistic Regression,0,0,0.3624058267127831
02_linear,Linear,Logistic Regression,0,0,0.06884008774073354
02_linear,Linear,Logistic Regression,0,0,0.0014452290690287353
02_linear,Linear,Logistic Regression,0,0,0.23124978191489134
02_linear,Linear,Logistic Regression,0,0,0.0071611137288904595
02_linear,Linear,Logistic Regression,1,1,0.9999869800918084
02_linear,Linear,Logistic Regression,0,0,4.207618880043549e-16
02_linear,Linear,Logistic Regression,0,0,0.2081041789779236
02_linear,Linear,Logistic Regression,0,0,0.0012125803589209468
02_linear,Linear,Logistic Regression,0,0,0.35528013892765137
02_linear,Linear,Logistic Regression,0,0,0.00018551829637896493
02_linear,Linear,Logistic Regression,0,0,0.0767910908587744
02_linear,Linear,Logistic Regression,0,0,0.009707082744959943
02_linear,Linear,Logistic Regression,0,0,0.017203675870401638
02_linear,Linear,Logistic Regression,1,1,0.9999996756948665
02_linear,Linear,Logistic Regression,0,0,0.007573703138377408
02_linear,Linear,Logistic Regression,0,0,0.10828434525105983
02_linear,Linear,Logistic Regression,0,0,0.07765889516376118
02_linear,Linear,Logistic Regression,0,0,0.0005992255953069833
02_linear,Linear,Logistic Regression,1,1,0.9999992311386755
02_linear,Linear,Logistic Regression,0,0,0.08574707111102009
02_linear,Linear,Logistic Regression,0,0,0.01680287705361093
02_linear,Linear,Logistic Regression,0,0,0.022247050393838
02_linear,Linear,Logistic Regression,0,0,0.0001448205707991307
02_linear,Linear,Logistic Regression,1,1,0.999980657122684
02_linear,Linear,Logistic Regression,0,0,0.2702037183017339
02_linear,Linear,Logistic Regression,0,0,0.0025800817005381237
02_linear,Linear,Logistic Regression,0,0,0.07089576931904783
02_linear,Linear,Logistic Regression,0,1,0.6306275442108258
02_linear,Linear,Logistic Regression,1,1,0.9999999038635247
02_linear,Linear,Logistic Regression,0,0,7.415760838575387e-08
02_linear,Linear,Logistic Regression,0,0,0.0060797379044231215
02_linear,Linear,Logistic Regression,0,0,3.596687702532563e-05
02_linear,Linear,Logistic Regression,1,0,0.3305782185311414
02_linear,Linear,Logistic Regression,0,0,0.005799474706030295
02_linear,Linear,Logistic Regression,0,0,9.624494707810809e-05
02_linear,Linear,Logistic Regression,0,0,0.05886098077436277
02_linear,Linear,Logistic Regression,0,0,1.09945912643963e-05
02_linear,Linear,Logistic Regression,0,0,0.003480622674487388
02_linear,Linear,Logistic Regression,0,0,0.002907308506494803
02_linear,Linear,Logistic Regression,1,1,0.9999996936468672
02_linear,Linear,Logistic Regression,0,0,0.1774458438109507
02_linear,Linear,Logistic Regression,0,0,7.23789387960209e-24
02_linear,Linear,Logistic Regression,0,0,0.052825508160728216
02_linear,Linear,Logistic Regression,0,0,0.015504017807723645
02_linear,Linear,Logistic Regression,0,0,0.015311154538577785
02_linear,Linear,Logistic Regression,0,0,7.373136535642165e-16
02_linear,Linear,Logistic Regression,0,0,2.2843962890185916e-10
02_linear,Linear,Logistic Regression,1,1,0.9999995205112079
02_linear,Linear,Logistic Regression,0,0,0.0048217567265890875
02_linear,Linear,Logistic Regression,1,1,0.9999997441629234
02_linear,Linear,Logistic Regression,0,0,0.004613658644352052
02_linear,Linear,Logistic Regression,1,1,0.5157220509606757
02_linear,Linear,Logistic Regression,0,0,0.0007565854960881347
02_linear,Linear,Logistic Regression,1,1,0.9999987163958012
02_linear,Linear,Logistic Regression,0,0,0.05728954843162859
02_linear,Linear,Logistic Regression,0,0,0.011716102923714045
02_linear,Linear,Logistic Regression,0,0,0.0029463726720076067
02_linear,Linear,Logistic Regression,0,0,0.22125914338907723
02_linear,Linear,Logistic Regression,0,0,0.0012288109275312015
02_linear,Linear,Logistic Regression,1,0,0.04362727605254672
02_linear,Linear,Logistic Regression,0,0,0.007746684320197648
02_linear,Linear,Logistic Regression,0,0,0.007681803774909088
02_linear,Linear,Logistic Regression,0,0,3.5817159792694653e-06
02_linear,Linear,Logistic Regression,0,0,0.08714334803789202
02_linear,Linear,Logistic Regression,0,0,2.9010799223088336e-47
02_linear,Linear,Logistic Regression,0,0,0.23405716506791122
02_linear,Linear,Logistic Regression,0,0,3.590053276799641e-11
02_linear,Linear,Logistic Regression,0,0,0.20096181938132537
02_linear,Linear,Logistic Regression,1,1,0.9999992287814471
02_linear,Linear,Logistic Regression,0,1,0.7030440048553297
02_linear,Linear,Logistic Regression,0,0,0.004086728985601268
02_linear,Linear,Logistic Regression,0,0,0.3867001912659146
02_linear,Linear,Logistic Regression,0,0,5.150655635886707e-05
02_linear,Linear,Logistic Regression,1,1,0.9999999996372142
02_linear,Linear,Logistic Regression,0,1,0.5102826745161037
02_linear,Linear,Logistic Regression,0,0,0.03461637579862208
02_linear,Linear,Logistic Regression,0,0,0.028504918917057226
02_linear,Linear,Logistic Regression,0,0,5.703243062858083e-10
02_linear,Linear,Logistic Regression,1,1,0.9999984885613282
02_linear,Linear,Logistic Regression,0,0,0.00027191492013498356
02_linear,Linear,Logistic Regression,0,0,6.550045922299074e-05
02_linear,Linear,Logistic Regression,1,1,0.9999981813706916
02_linear,Linear,Logistic Regression,0,0,0.0017160758193010966
02_linear,Linear,Logistic Regression,0,0,5.77736419134905e-05
02_linear,Linear,Logistic Regression,0,0,0.008796510328088062
02_linear,Linear,Logistic Regression,0,0,0.005375568178673864
02_linear,Linear,Logistic Regression,0,0,3.6204087641732335e-23
02_linear,Linear,Logistic Regression,1,1,0.7309042619022694
02_linear,Linear,Logistic Regression,0,0,0.0025865914523858172
02_linear,Linear,Logistic Regression,1,1,0.9999995831868077
02_linear,Linear,Logistic Regression,0,0,0.12152038033681355
02_linear,Linear,Logistic Regression,0,0,0.011623193125302267
02_linear,Linear,Logistic Regression,0,0,0.0354917077463635
02_linear,Linear,Logistic Regression,0,0,0.00842523140770241
02_linear,Linear,Logistic Regression,0,0,0.03388648091637949
02_linear,Linear,Logistic Regression,0,0,0.0009638176036240108
02_linear,Linear,Logistic Regression,1,0,0.4135716489522862
02_linear,Linear,Logistic Regression,0,0,2.834710909433344e-47
02_linear,Linear,Logistic Regression,1,1,0.9999993468734905
02_linear,Linear,Logistic Regression,0,0,0.3035751632711445
02_linear,Linear,Logistic Regression,1,1,0.8752404853842356
02_linear,Linear,Logistic Regression,1,1,0.9999992101701513
02_linear,Linear,Logistic Regression,0,0,0.02837847257739983
02_linear,Linear,Logistic Regression,1,1,0.9999995281983195
02_linear,Linear,Logistic Regression,0,0,0.04627901289287926
02_linear,Linear,Logistic Regression,1,1,0.999998669259495
02_linear,Linear,Logistic Regression,0,0,0.1543413762146314
02_linear,Linear,Logistic Regression,0,0,4.100083086471581e-15
02_linear,Linear,Logistic Regression,0,0,8.926488505054288e-06
02_linear,Linear,Logistic Regression,1,1,0.9999998658007192
02_linear,Linear,Logistic Regression,0,0,0.11369712636607597
02_linear,Linear,Logistic Regression,0,0,0.0771112465061764
02_linear,Linear,Logistic Regression,0,0,0.01817753190382794
02_linear,Linear,Logistic Regression,0,0,0.08109736623562071
02_linear,Linear,Logistic Regression,0,0,0.1498385004860957
02_linear,Linear,Logistic Regression,0,0,0.014535199635447596
02_linear,Linear,Logistic Regression,0,0,0.016657553670632375
02_linear,Linear,Logistic Regression,0,0,1.5952619379886265e-06
02_linear,Linear,Logistic Regression,0,0,4.323309056578311e-16
02_linear,Linear,Logistic Regression,1,1,0.6777027510810804
02_linear,Linear,Logistic Regression,0,0,3.391113034315644e-09
02_linear,Linear,Logistic Regression,0,0,0.30432709632435717
02_linear,Linear,Logistic Regression,0,0,0.016417932959629407
02_linear,Linear,Logistic Regression,0,0,0.0009630069757920779
02_linear,Linear,Logistic Regression,1,1,0.9999998182269758
02_linear,Linear,Logistic Regression,0,0,0.3391347905361111
02_linear,Linear,Logistic Regression,0,0,0.018101380875347215
02_linear,Linear,Logistic Regression,1,0,0.42544652834898716
02_linear,Linear,Logistic Regression,0,0,2.0395985399015993e-35
02_linear,Linear,Logistic Regression,0,0,7.936650736289277e-05
02_linear,Linear,Logistic Regression,1,1,0.999998718769652
02_linear,Linear,Logistic Regression,1,0,0.34690483396627864
02_linear,Linear,Logistic Regression,0,0,1.4741883899255374e-44
02_linear,Linear,Logistic Regression,0,0,0.020991321737882693
02_linear,Linear,Logistic Regression,0,0,0.0592897958612596
02_linear,Linear,Logistic Regression,0,0,0.0010782088497431651
02_linear,Linear,Logistic Regression,0,0,9.699620870288567e-05
02_linear,Linear,Logistic Regression,0,0,0.027766009159184986
02_linear,Linear,Logistic Regression,0,0,0.11886717408848335
02_linear,Linear,Logistic Regression,0,0,0.05605692983298455
02_linear,Linear,Logistic Regression,0,0,0.12957193554617
02_linear,Linear,Logistic Regression,0,0,5.095861139100034e-05
02_linear,Linear,Logistic Regression,1,1,0.9999989456108405
02_linear,Linear,Logistic Regression,1,1,0.9999999999999944
02_linear,Linear,Logistic Regression,0,0,8.78338906056391e-06
02_linear,Linear,Logistic Regression,0,0,0.05608908817892904
02_linear,Linear,Logistic Regression,0,0,0.05534770783517148
02_linear,Linear,Logistic Regression,1,1,0.9999998132760104
02_linear,Linear,Logistic Regression,0,0,0.08206304911947473
02_linear,Linear,Logistic Regression,0,0,7.071921982094556e-05
02_linear,Linear,Logistic Regression,1,1,0.9999910541821732
02_linear,Linear,Logistic Regression,1,1,0.9999996850580971
02_linear,Linear,Logistic Regression,0,0,0.18498009641710939
02_linear,Linear,Logistic Regression,0,0,0.2917535980165234
02_linear,Linear,Logistic Regression,0,0,0.07268897590373512
02_linear,Linear,Logistic Regression,1,1,0.9999983387703927
02_linear,Linear,Logistic Regression,0,0,0.0021741332054561035
02_linear,Linear,Logistic Regression,0,0,1.4315084077669595e-16
02_linear,Linear,Logistic Regression,0,0,0.005732073752866352
02_linear,Linear,Logistic Regression,0,0,1.2179627023823247e-06
02_linear,Linear,Logistic Regression,0,0,0.0018739540409774315
02_linear,Linear,Logistic Regression,0,0,0.21432551492774546
02_linear,Linear,Logistic Regression,0,0,2.2197271154205883e-13
02_linear,Linear,Logistic Regression,0,1,0.6625847952681684
02_linear,Linear,Logistic Regression,1,1,0.9999991745096277
02_linear,Linear,Logistic Regression,0,0,0.13812762315550092
02_linear,Linear,Logistic Regression,1,1,0.9999990082542521
02_linear,Linear,Logistic Regression,0,0,0.2135515810231942
02_linear,Linear,Logistic Regression,0,0,5.2609142143853806e-08
02_linear,Linear,Logistic Regression,0,0,0.16412462414067275
02_linear,Linear,Logistic Regression,0,0,0.0006991232848829776
02_linear,Linear,Logistic Regression,1,1,0.9999999111627974
02_linear,Linear,Logistic Regression,1,1,0.9999994264152462
02_linear,Linear,Logistic Regression,0,0,0.00010756191999430998
02_linear,Linear,Logistic Regression,1,1,0.6858493547316387
02_linear,Linear,Logistic Regression,0,0,0.00019752923551710625
02_linear,Linear,Logistic Regression,0,0,0.00850578471292428
02_linear,Linear,Logistic Regression,1,1,0.9999999291210134
02_linear,Linear,Logistic Regression,0,0,0.07769359029723573
02_linear,Linear,Logistic Regression,0,0,0.007405136498909485
02_linear,Linear,Logistic Regression,0,0,0.009460585843070284
02_linear,Linear,Logistic Regression,0,0,0.003938108224728988
02_linear,Linear,Logistic Regression,1,1,0.9999992317778974
02_linear,Linear,Logistic Regression,0,0,0.03266271320156276
02_linear,Linear,Logistic Regression,0,0,0.014545602457192558
02_linear,Linear,Logistic Regression,0,0,1.4553820937925634e-08
02_linear,Linear,Logistic Regression,0,0,0.02395614063737352
02_linear,Linear,Logistic Regression,0,0,0.009940921908133515
02_linear,Linear,Logistic Regression,0,0,0.006329954082284747
02_linear,Linear,Logistic Regression,1,1,0.696857799428965
02_linear,Linear,Logistic Regression,0,0,0.024488312024014285
02_linear,Linear,Logistic Regression,0,0,0.000921197651635559
02_linear,Linear,Logistic Regression,0,0,0.002296446843452152
02_linear,Linear,Logistic Regression,0,0,0.028430808823016712
02_linear,Linear,Logistic Regression,0,0,0.00013524744952279235
02_linear,Linear,Logistic Regression,0,0,0.23426834694101709
02_linear,Linear,Logistic Regression,0,0,0.0020823191774365477
02_linear,Linear,Logistic Regression,0,0,1.164436660865218e-06
02_linear,Linear,Logistic Regression,1,0,0.4461281545237484
02_linear,Linear,Logistic Regression,0,0,0.2384103745100469
02_linear,Linear,Logistic Regression,0,0,7.806771239636348e-05
02_linear,Linear,Logistic Regression,0,0,0.060004749596084345
02_linear,Linear,Logistic Regression,0,0,9.810131621070581e-05
02_linear,Linear,Logistic Regression,0,0,9.972220068992023e-23
02_linear,Linear,Logistic Regression,0,0,0.04558320187083818
02_linear,Linear,Logistic Regression,0,0,0.13792840233881218
02_linear,Linear,Logistic Regression,0,0,4.878099041708021e-06
02_linear,Linear,Logistic Regression,1,1,0.9999997625027714
02_linear,Linear,Logistic Regression,0,0,8.677582685884494e-05
02_linear,Linear,Logistic Regression,1,1,0.9999988550123484
02_linear,Linear,Logistic Regression,0,0,0.22825790924843417
02_linear,Linear,Logistic Regression,1,0,0.3148190472952786
02_linear,Linear,Logistic Regression,1,0,0.3982861043382937
02_linear,Linear,Logistic Regression,0,0,0.010534201305201303
02_linear,Linear,Logistic Regression,0,0,8.888058734386766e-05
02_linear,Linear,Logistic Regression,1,0,0.2951016865072846
02_linear,Linear,Logistic Regression,0,0,5.906775421120136e-06
02_linear,Linear,Logistic Regression,0,0,0.0009528756045601377
02_linear,Linear,Logistic Regression,0,0,0.06761471376112566
02_linear,Linear,Logistic Regression,0,0,6.560252310146571e-17
02_linear,Linear,Logistic Regression,0,0,0.32377265809081945
02_linear,Linear,Logistic Regression,0,0,0.0006671761096408717
02_linear,Linear,Logistic Regression,1,1,0.6616489546899477
02_linear,Linear,Logistic Regression,0,0,0.024230897721427495
02_linear,Linear,Logistic Regression,0,0,0.026311090791139097
02_linear,Linear,Logistic Regression,0,0,0.004479871436147106
02_linear,Linear,Logistic Regression,1,0,0.2897746285925164
02_linear,Linear,Logistic Regression,0,0,0.02158297295604309
02_linear,Linear,Logistic Regression,0,0,0.0018437902728343802
02_linear,Linear,Logistic Regression,0,0,6.153973771317484e-06
02_linear,Linear,Logistic Regression,1,0,0.48091317769689496
02_linear,Linear,Logistic Regression,0,0,0.021606414557776326
02_linear,Linear,Logistic Regression,1,1,0.9999993340401773
02_linear,Linear,Logistic Regression,1,1,0.99999897593175
02_linear,Linear,Logistic Regression,1,0,0.4894505388080158
02_linear,Linear,Logistic Regression,1,0,0.21308891302720936
02_linear,Linear,Logistic Regression,1,1,0.9999992308156868
02_linear,Linear,Logistic Regression,1,1,0.9999981549129755
02_linear,Linear,Logistic Regression,1,1,1.0
02_linear,Linear,Logistic Regression,0,0,0.04233853487772819
02_linear,Linear,Logistic Regression,0,0,4.497890641706879e-18
02_linear,Linear,Logistic Regression,0,0,6.811089373823266e-12
02_linear,Linear,Logistic Regression,0,0,0.0015183789657400198
02_linear,Linear,Logistic Regression,0,0,0.000431172235893622
02_linear,Linear,Logistic Regression,0,0,0.028676164137020174
02_linear,Linear,Logistic Regression,0,0,0.01929664754932093
02_linear,Linear,Logistic Regression,0,0,5.2087381310037064e-05
02_linear,Linear,Logistic Regression,0,0,0.298160864166498
02_linear,Linear,Logistic Regression,1,1,0.9999997802687303
02_linear,Linear,Logistic Regression,1,0,0.42970271358055445
02_linear,Linear,Logistic Regression,0,0,0.12780450934001694
02_linear,Linear,Logistic Regression,0,0,6.12554062053142e-07
02_linear,Linear,Logistic Regression,0,0,0.009100363738527623
02_linear,Linear,Logistic Regression,1,0,0.18340999485434792
02_linear,Linear,Logistic Regression,1,1,0.9999999889158583
02_linear,Linear,Logistic Regression,0,0,0.1402772035108971
02_linear,Linear,Logistic Regression,0,0,0.20163682716922854
02_linear,Linear,Logistic Regression,0,0,0.010152784863361929
02_linear,Linear,Logistic Regression,0,0,0.006371434116890605
02_linear,Linear,Logistic Regression,0,0,1.8730551729478783e-06
02_linear,Linear,Logistic Regression,0,0,7.887076187366249e-05
02_linear,Linear,Logistic Regression,1,1,0.9999994208854251
02_linear,Linear,Logistic Regression,0,0,4.3874883523550205e-11
02_linear,Linear,Logistic Regression,0,0,0.24636206508705422
02_linear,Linear,Logistic Regression,0,0,0.0009091095383537039
02_linear,Linear,Logistic Regression,0,0,0.04493280410624471
02_linear,Linear,Logistic Regression,0,0,0.048265201723412705
02_linear,Linear,Logistic Regression,0,0,8.192607284641632e-12
02_linear,Linear,Logistic Regression,0,0,0.005117519663152056
02_linear,Linear,Logistic Regression,1,0,0.43208720889971874
02_linear,Linear,Logistic Regression,1,1,0.9999994597128553
02_linear,Linear,Logistic Regression,1,0,0.3461747016593958
02_linear,Linear,Logistic Regression,0,0,0.018034202252344093
02_linear,Linear,Logistic Regression,0,0,1.6517632732598082e-42
02_linear,Linear,Logistic Regression,0,0,5.289203702915981e-05
02_linear,Linear,Logistic Regression,1,1,0.9999989170789442
02_linear,Linear,Logistic Regression,0,1,0.7284821711934064
02_linear,Linear,Logistic Regression,1,0,0.34996253353772366
02_linear,Linear,Logistic Regression,1,1,1.0
02_linear,Linear,Logistic Regression,1,1,0.9999995285444658
02_linear,Linear,Logistic Regression,1,1,0.9999975444435497
02_linear,Linear,Logistic Regression,0,0,0.008580754362532634
02_linear,Linear,Logistic Regression,0,0,0.25376716169488334
02_linear,Linear,Logistic Regression,0,0,0.0016712292899440481
02_linear,Linear,Logistic Regression,0,0,0.04146098703568423
02_linear,Linear,Logistic Regression,0,0,0.4839790890617731
02_linear,Linear,Logistic Regression,0,0,0.3742695224538793
02_linear,Linear,Logistic Regression,0,0,0.0001857154043956657
02_linear,Linear,Logistic Regression,0,0,8.0213750118385e-11
02_linear,Linear,Logistic Regression,0,0,0.005609469529642365
02_linear,Linear,Logistic Regression,0,0,0.005536920990588355
02_linear,Linear,Logistic Regression,0,0,0.00020070709666566468
02_linear,Linear,Logistic Regression,1,1,0.9999996232930475
02_linear,Linear,Logistic Regression,0,0,0.037225679888219954
02_linear,Linear,Logistic Regression,1,1,0.9999998928026677
02_linear,Linear,Logistic Regression,0,0,0.004991857028448323
02_linear,Linear,Logistic Regression,0,0,0.06377456628280444
02_linear,Linear,Logistic Regression,0,0,1.700192887542231e-05
02_linear,Linear,Logistic Regression,0,0,0.02583667723716792
02_linear,Linear,Logistic Regression,0,0,0.0032631956958175724
02_linear,Linear,Logistic Regression,1,1,0.999999714573544
02_linear,Linear,Logistic Regression,0,0,0.0626208524306169
02_linear,Linear,Logistic Regression,1,1,0.9999999129020531
02_linear,Linear,Logistic Regression,0,0,0.007204303496769987
02_linear,Linear,Logistic Regression,0,0,5.492482062959957e-05
02_linear,Linear,Logistic Regression,0,0,9.934280976014163e-05
02_linear,Linear,Logistic Regression,0,0,0.0004937016042792634
02_linear,Linear,Logistic Regression,0,0,1.679330376598652e-07
02_linear,Linear,Logistic Regression,1,1,0.8616074171908821
02_linear,Linear,Logistic Regression,0,0,5.867703477248939e-05
02_linear,Linear,Logistic Regression,0,0,0.015408074129785804
02_linear,Linear,Logistic Regression,0,1,0.8508081065434314
02_linear,Linear,Logistic Regression,0,0,0.0008681339137471172
02_linear,Linear,Logistic Regression,0,0,0.00044330676736521144
02_linear,Linear,Logistic Regression,0,0,0.23298752084077537
02_linear,Linear,Logistic Regression,0,0,0.14295333686365505
02_linear,Linear,Logistic Regression,0,0,0.07636386253077618
02_linear,Linear,Logistic Regression,0,0,0.006020262029484942
02_linear,Linear,Logistic Regression,0,0,0.1379950985393463
02_linear,Linear,Logistic Regression,0,0,0.025311457129545856
02_linear,Linear,Logistic Regression,0,0,0.03905364267882012
02_linear,Linear,Logistic Regression,0,0,2.0976248704769262e-58
02_linear,Linear,Logistic Regression,0,1,0.7517874442767529
02_linear,Linear,Logistic Regression,0,0,0.00014562133779938972
02_linear,Linear,Logistic Regression,0,0,0.0010308537967758178
02_linear,Linear,Logistic Regression,0,0,0.004198762796078833
02_linear,Linear,Logistic Regression,0,0,5.732371442695236e-06
02_linear,Linear,Logistic Regression,1,0,0.31571587726634054
02_linear,Linear,Logistic Regression,1,1,0.9999991138299312
02_linear,Linear,Logistic Regression,0,0,2.8498452057981917e-08
02_linear,Linear,Logistic Regression,0,0,0.006196086600780612
02_linear,Linear,Logistic Regression,0,0,0.018629906773721654
02_linear,Linear,Logistic Regression,0,0,7.451469216344128e-06
02_linear,Linear,Logistic Regression,0,0,0.2234143020544837
02_linear,Linear,Logistic Regression,0,0,0.005153487582772675
02_linear,Linear,Logistic Regression,0,0,0.05492411980823452
02_linear,Linear,Logistic Regression,0,0,0.013462907646312652
02_linear,Linear,Logistic Regression,1,1,0.7293883079549234
02_linear,Linear,Logistic Regression,0,0,0.010804864669470742
02_linear,Linear,Logistic Regression,0,0,0.013381874667638698
02_linear,Linear,Logistic Regression,0,0,0.015621866997071732
02_linear,Linear,Logistic Regression,0,0,0.015792427311878285
02_linear,Linear,Logistic Regression,0,0,9.420930983322576e-05
02_linear,Linear,Logistic Regression,1,0,0.44018087349264506
02_linear,Linear,Logistic Regression,0,0,0.030361420972408265
02_linear,Linear,Logistic Regression,0,0,1.0131161390588648e-21
02_linear,Linear,Logistic Regression,0,0,0.1746588642420045
02_linear,Linear,Logistic Regression,0,0,0.0010012161034864706
02_linear,Linear,Logistic Regression,0,0,0.0028214745743385347
02_linear,Linear,Logistic Regression,0,0,0.004543604510101966
02_linear,Linear,Logistic Regression,0,0,1.3097189349026426e-08
02_linear,Linear,Logistic Regression,0,0,0.0020679794434207825
02_linear,Linear,Logistic Regression,0,0,0.004823017874787395
02_linear,Linear,Logistic Regression,0,0,0.00889380563307414
02_linear,Linear,Logistic Regression,1,1,0.9999999282001872
02_linear,Linear,Logistic Regression,0,0,2.5645128437206272e-23
02_linear,Linear,Logistic Regression,0,0,0.002580978749692212
02_linear,Linear,Logistic Regression,1,1,0.9999997096612333
02_linear,Linear,Logistic Regression,0,0,0.03703586501367624
02_linear,Linear,Logistic Regression,1,0,0.43078553447081086
02_linear,Linear,Logistic Regression,1,1,0.9999999484734667
02_linear,Linear,Logistic Regression,0,0,0.03413133730701338
02_linear,Linear,Logistic Regression,0,0,0.001912396623011878
02_linear,Linear,Logistic Regression,0,0,0.3134087682675173
02_linear,Linear,Logistic Regression,1,0,0.3441035557464274
02_linear,Linear,Logistic Regression,0,0,0.0162229040491131
02_linear,Linear,Logistic Regression,1,0,0.4403786777697871
02_linear,Linear,Logistic Regression,0,0,0.06866575130657535
02_linear,Linear,Logistic Regression,0,0,0.008431132621066964
02_linear,Linear,Logistic Regression,0,0,0.00292124304899391
02_linear,Linear,Logistic Regression,0,0,0.10733782826853451
02_linear,Linear,Logistic Regression,0,0,1.2934509099090436e-08
02_linear,Linear,Logistic Regression,1,1,0.9999987033211032
02_linear,Linear,Logistic Regression,0,0,0.04424513332179651
02_linear,Linear,Logistic Regression,1,1,0.5414208807705092
02_linear,Linear,Logistic Regression,0,0,0.0024273618792725197
02_linear,Linear,Logistic Regression,1,1,0.999999226487985
02_linear,Linear,Logistic Regression,0,0,0.028322904628054625
02_linear,Linear,Logistic Regression,0,0,0.0008713531992104958
02_linear,Linear,Logistic Regression,0,0,0.09545733398739194
02_linear,Linear,Logistic Regression,0,0,0.0124792253383032
02_linear,Linear,Logistic Regression,0,0,0.03853575916327618
02_linear,Linear,Logistic Regression,0,0,5.783735190466163e-07
02_linear,Linear,Logistic Regression,0,0,0.03761877979072176
02_linear,Linear,Logistic Regression,1,1,0.9999995666705302
02_linear,Linear,Logistic Regression,0,0,0.010080103159691342
02_linear,Linear,Logistic Regression,0,0,0.003675030147742833
02_linear,Linear,Logistic Regression,0,0,0.10059394045706929
02_linear,Linear,Logistic Regression,0,0,0.01629359633017808
02_linear,Linear,Logistic Regression,0,0,3.5735077207690214e-06
02_linear,Linear,Logistic Regression,0,0,0.0018840822253223817
02_linear,Linear,Logistic Regression,0,0,0.29772769479009364
02_linear,Linear,Logistic Regression,1,1,0.9999998625020177
02_linear,Linear,Logistic Regression,0,0,0.14401298342495988
02_linear,Linear,Logistic Regression,0,0,0.02289045408221989
02_linear,Linear,Logistic Regression,1,1,0.9999999711640345
02_linear,Linear,Logistic Regression,0,0,0.0035582190620319907
02_linear,Linear,Logistic Regression,0,0,0.00043225768605302376
02_linear,Linear,Logistic Regression,0,0,0.005942017175848137
02_linear,Linear,Logistic Regression,0,0,0.4145339102716724
02_linear,Linear,Logistic Regression,1,1,0.5823191097769899
02_linear,Linear,Logistic Regression,0,0,0.17435553366876136
02_linear,Linear,Logistic Regression,0,0,1.6964805809446983e-05
02_linear,Linear,Logistic Regression,1,1,0.9999994700756224
02_linear,Linear,Logistic Regression,0,0,0.0008633671050161003
02_linear,Linear,Logistic Regression,1,1,0.6770027212443935
02_linear,Linear,Logistic Regression,1,1,0.999999842625544
02_linear,Linear,Logistic Regression,1,1,0.9999998901122192
02_linear,Linear,Logistic Regression,0,0,0.002104126495120066
02_linear,Linear,Logistic Regression,0,0,3.205324776124963e-15
02_linear,Linear,Logistic Regression,0,0,0.03866730517008724
02_linear,Linear,Logistic Regression,1,1,0.999999684547795
02_linear,Linear,Logistic Regression,0,0,0.0015120862378614763
02_linear,Linear,Logistic Regression,0,0,0.17496135246477063
02_linear,Linear,Logistic Regression,1,1,0.9999996829002897
02_linear,Linear,Logistic Regression,0,0,2.988822868081115e-09
02_linear,Linear,Logistic Regression,0,0,0.006236595927536109
02_linear,Linear,Logistic Regression,1,1,0.9999952860674718
02_linear,Linear,Logistic Regression,1,1,0.999999319684452
02_linear,Linear,Logistic Regression,0,0,0.046196961275079614
02_linear,Linear,Logistic Regression,1,0,0.26128508192705946
02_linear,Linear,Logistic Regression,0,0,0.2279852240427818
02_linear,Linear,Logistic Regression,1,1,0.9999998955768485
02_linear,Linear,Logistic Regression,0,0,0.0001247095236080149
02_linear,Linear,Logistic Regression,0,0,0.045053674878220304
02_linear,Linear,Logistic Regression,0,0,0.294273612826149
02_linear,Linear,Logistic Regression,0,0,0.0034291614653268014
02_linear,Linear,Logistic Regression,0,0,0.007643872828282644
02_linear,Linear,Logistic Regression,0,0,0.11702945124259106
02_linear,Linear,Logistic Regression,0,0,0.0006160969468461174
02_linear,Linear,Logistic Regression,1,1,0.9999991660856349
02_linear,Linear,Logistic Regression,0,0,5.0654649814044614e-05
02_linear,Linear,Logistic Regression,0,0,0.008857525862004344
02_linear,Linear,Logistic Regression,0,0,0.017292982751268664
02_linear,Linear,Logistic Regression,0,0,8.768590896510606e-21
02_linear,Linear,Logistic Regression,0,0,7.105692544196387e-06
02_linear,Linear,Logistic Regression,1,1,0.9999991605696202
02_linear,Linear,Logistic Regression,0,0,0.0004930139411760464
02_linear,Linear,Logistic Regression,1,1,0.9999991195141077
02_linear,Linear,Logistic Regression,0,0,4.307967390778631e-05
02_linear,Linear,Logistic Regression,0,0,0.014213411216766988
02_linear,Linear,Logistic Regression,0,0,0.00719305730774892
02_linear,Linear,Logistic Regression,0,0,0.07039976220464987
02_linear,Linear,Logistic Regression,0,0,0.01957431103678975
02_linear,Linear,Logistic Regression,1,1,0.9999996630557421
02_linear,Linear,Logistic Regression,0,0,0.007105706982722649
02_linear,Linear,Logistic Regression,0,0,0.09274445574074028
02_linear,Linear,Logistic Regression,1,1,0.7478487757970448
02_linear,Linear,Logistic Regression,0,0,0.013627634412454992
02_linear,Linear,Logistic Regression,0,0,0.004664485358702484
02_linear,Linear,Logistic Regression,0,0,0.03868580848276966
02_linear,Linear,Logistic Regression,1,0,0.09681254409663076
02_linear,Linear,Logistic Regression,0,0,0.18946307050025188
02_linear,Linear,Logistic Regression,1,1,0.999997779386057
02_linear,Linear,Logistic Regression,0,0,0.013786884186036337
02_linear,Linear,Logistic Regression,0,0,0.004868155419776577
02_linear,Linear,Logistic Regression,1,1,0.9999998789201521
02_linear,Linear,Logistic Regression,0,0,0.00214340614081176
02_linear,Linear,Logistic Regression,0,0,0.017879452885596732
02_linear,Linear,Logistic Regression,1,1,0.9999974812700312
02_linear,Linear,Logistic Regression,0,0,0.10658119817756155
02_linear,Linear,Logistic Regression,0,0,0.00206122967514603
02_linear,Linear,Logistic Regression,0,0,1.3806153948652456e-39
02_linear,Linear,Logistic Regression,0,0,2.054903759796311e-09
02_linear,Linear,Logistic Regression,1,1,0.9999988715577561
02_linear,Linear,Logistic Regression,0,0,0.016555115961790857
02_linear,Linear,Logistic Regression,0,0,0.10839458982242212
02_linear,Linear,Logistic Regression,0,1,0.62716238994783
02_linear,Linear,Logistic Regression,0,0,0.13626191758141204
02_linear,Linear,Logistic Regression,0,0,0.0015161569239327786
02_linear,Linear,Logistic Regression,1,1,0.9999987728354034
02_linear,Linear,Logistic Regression,1,0,0.3528639777191458
02_linear,Linear,Logistic Regression,1,1,0.9999984915570234
02_linear,Linear,Logistic Regression,0,0,0.09367139334613954
02_linear,Linear,Logistic Regression,0,0,0.019343029672129156
02_linear,Linear,Logistic Regression,0,0,0.0881093165693109
02_linear,Linear,Logistic Regression,0,0,0.003641778757425799
02_linear,Linear,Logistic Regression,0,0,2.2859280729372646e-08
02_linear,Linear,Logistic Regression,0,0,0.24141808028781683
02_linear,Linear,Logistic Regression,0,1,0.6165473471158548
02_linear,Linear,Logistic Regression,0,0,1.2940122116386932e-05
02_linear,Linear,Logistic Regression,0,0,0.007946689878480177
02_linear,Linear,Logistic Regression,1,0,0.32880054976924766
02_linear,Linear,Logistic Regression,0,0,1.1340269413219948e-10
02_linear,Linear,Logistic Regression,1,1,0.9999988961584182
02_linear,Linear,Logistic Regression,1,1,0.9999991042723558
02_linear,Linear,Logistic Regression,0,0,0.005780233993947896
02_linear,Linear,Logistic Regression,1,1,0.9999983410377485
02_linear,Linear,Logistic Regression,0,0,0.004937514893941492
02_linear,Linear,Logistic Regression,0,0,0.07545411525393128
02_linear,Linear,Logistic Regression,0,0,0.07969921933008402
02_linear,Linear,Logistic Regression,1,1,0.9999999959477746
02_linear,Linear,Logistic Regression,0,0,9.202729467229276e-05
02_linear,Linear,Logistic Regression,0,0,1.295001443859901e-09
02_linear,Linear,Logistic Regression,0,0,0.0008609536055467485
02_linear,Linear,Logistic Regression,1,1,0.9999994386897917
02_linear,Linear,Logistic Regression,0,0,5.518828000039725e-05
02_linear,Linear,Logistic Regression,1,1,0.9999995557011385
02_linear,Linear,Logistic Regression,1,1,0.999999260671557
02_linear,Linear,Logistic Regression,0,0,0.17091930542051353
02_linear,Linear,Logistic Regression,1,1,0.9999999156418979
02_linear,Linear,Logistic Regression,1,1,0.9999999704299041
02_linear,Linear,Logistic Regression,0,0,0.0023453772375870508
02_linear,Linear,Logistic Regression,0,0,0.01573542347884424
02_linear,Linear,Logistic Regression,0,0,0.0004549366239732375
02_linear,Linear,Logistic Regression,0,0,0.0006337459758369653
02_linear,Linear,Logistic Regression,1,1,0.9999998626169333
02_linear,Linear,Logistic Regression,0,0,0.013513475114027104
02_linear,Linear,Logistic Regression,1,0,0.3768290904805355
02_linear,Linear,Logistic Regression,0,1,0.5972893404017475
02_linear,Linear,Logistic Regression,0,0,0.1800542794778224
02_linear,Linear,Logistic Regression,0,0,0.011087987695389226
02_linear,Linear,Logistic Regression,0,0,0.3753014589158803
02_linear,Linear,Logistic Regression,1,1,0.9999998396630276
02_linear,Linear,Logistic Regression,0,0,0.003794069634746462
02_linear,Linear,Logistic Regression,1,0,0.32088077852766206
02_linear,Linear,Logistic Regression,0,0,0.1498471000323232
02_linear,Linear,Logistic Regression,0,0,0.056053581025193054
02_linear,Linear,Logistic Regression,0,0,0.0013451736226817565
02_linear,Linear,Logistic Regression,0,0,0.024511969879394004
02_linear,Linear,Logistic Regression,0,0,0.0018340054372166837
02_linear,Linear,Logistic Regression,0,0,5.191525965207703e-14
02_linear,Linear,Logistic Regression,1,1,0.9999999739887988
02_linear,Linear,Logistic Regression,0,0,0.001351225688947182
02_linear,Linear,Logistic Regression,0,0,0.016893015560012447
02_linear,Linear,Logistic Regression,1,1,0.9999999357302075
02_linear,Linear,Logistic Regression,0,0,0.1095965253011235
02_linear,Linear,Logistic Regression,0,0,0.003908044611435087
02_linear,Linear,Logistic Regression,0,0,0.02682419185280528
02_linear,Linear,Logistic Regression,0,0,0.0003552730581749609
02_linear,Linear,Logistic Regression,0,0,0.006024805274251015
02_linear,Linear,Logistic Regression,1,0,0.3353172488451241
02_linear,Linear,Logistic Regression,0,0,0.03347637956193555
02_linear,Linear,Logistic Regression,0,0,0.0662588106454343
02_linear,Linear,Logistic Regression,1,1,0.9999989928100123
02_linear,Linear,Logistic Regression,0,0,0.033776576697382994
02_linear,Linear,Logistic Regression,0,0,0.0005695224910602156
02_linear,Linear,Logistic Regression,1,1,0.9999995569823488
02_linear,Linear,Logistic Regression,0,0,0.012217005799096594
02_linear,Linear,Logistic Regression,1,1,0.9999999983402366
02_linear,Linear,Logistic Regression,0,0,0.16241350962354217
02_linear,Linear,Logistic Regression,0,0,2.5350326856372358e-06
02_linear,Linear,Logistic Regression,0,0,0.01686685630759439
02_linear,Linear,Logistic Regression,0,0,0.10520596519698891
02_linear,Linear,Logistic Regression,1,1,0.9999995748148542
02_linear,Linear,Logistic Regression,0,0,0.0038281727266879346
02_linear,Linear,Logistic Regression,1,1,0.9999999425273947
02_linear,Linear,Logistic Regression,0,0,0.007503472201073086
02_linear,Linear,Logistic Regression,0,0,2.8080673773598173e-10
02_linear,Linear,Logistic Regression,0,0,0.1414418194967483
02_linear,Linear,Logistic Regression,0,0,0.1025363284338108
02_linear,Linear,Logistic Regression,0,0,0.00685325630467342
02_linear,Linear,Logistic Regression,1,1,0.9999983257091566
02_linear,Linear,Logistic Regression,0,0,0.36825276552707603
02_linear,Linear,Logistic Regression,0,0,0.22052816187917307
02_linear,Linear,Logistic Regression,1,1,0.9999920443856134
02_linear,Linear,Logistic Regression,0,0,0.2907669493263272
02_linear,Linear,Logistic Regression,0,0,0.0015718966118281493
02_linear,Linear,Logistic Regression,1,1,0.9999997906019328
02_linear,Linear,Logistic Regression,0,0,0.026552800983582498
02_linear,Linear,Logistic Regression,0,0,1.559276163421271e-52
02_linear,Linear,Logistic Regression,0,0,2.9025537635179835e-08
02_linear,Linear,Logistic Regression,0,0,0.0004845170898694138
02_linear,Linear,Logistic Regression,0,0,0.3742694680423752
02_linear,Linear,Logistic Regression,0,0,1.2980651267270828e-05
02_linear,Linear,Logistic Regression,0,0,7.461731670210825e-19
02_linear,Linear,Logistic Regression,0,0,0.12479841645821164
02_linear,Linear,Logistic Regression,0,0,0.12564104296951475
02_linear,Linear,Logistic Regression,0,0,0.00021605367431988624
02_linear,Linear,Logistic Regression,0,0,0.013626194214231687
02_linear,Linear,Logistic Regression,0,0,0.1948961240511854
02_linear,Linear,Logistic Regression,0,0,0.009921755710117
02_linear,Linear,Logistic Regression,0,0,0.04653457191409028
02_linear,Linear,Logistic Regression,1,1,0.9999993785107938
02_linear,Linear,Logistic Regression,0,0,1.1327510742843853e-08
02_linear,Linear,Logistic Regression,0,0,0.0012150801777536893
02_linear,Linear,Logistic Regression,1,1,0.9999992962757026
02_linear,Linear,Logistic Regression,1,1,0.999999254094906
02_linear,Linear,Logistic Regression,0,0,0.005741970552066208
02_linear,Linear,Logistic Regression,0,0,0.004764201943936267
02_linear,Linear,Logistic Regression,0,0,0.0017816156742592965
02_linear,Linear,Logistic Regression,0,1,0.7338760350842607
02_linear,Linear,Logistic Regression,0,0,4.4511277320014626e-07
02_linear,Linear,Logistic Regression,1,1,0.9999993200832029
02_linear,Linear,Logistic Regression,0,0,0.39859645429052215
02_linear,Linear,Logistic Regression,1,1,0.9999999949583633
02_linear,Linear,Logistic Regression,0,0,0.018022222837545586
02_linear,Linear,Logistic Regression,0,0,0.0003866670372063883
02_linear,Linear,Logistic Regression,1,1,0.6208688851362449
02_linear,Linear,Logistic Regression,0,0,1.0516391912722555e-05
02_linear,Linear,Logistic Regression,1,1,0.9999997421037162
02_linear,Linear,Logistic Regression,0,0,1.1257931886706717e-06
02_linear,Linear,Logistic Regression,0,0,7.798293929277273e-12
02_linear,Linear,Logistic Regression,1,1,0.9999996190123178
02_linear,Linear,Logistic Regression,0,0,0.023065192104927284
02_linear,Linear,Logistic Regression,0,0,0.010249277149453688
02_linear,Linear,Logistic Regression,0,0,0.26974045421162063
02_linear,Linear,Logistic Regression,0,0,0.40823035122799084
02_linear,Linear,Logistic Regression,0,0,0.013382911551839845
02_linear,Linear,Logistic Regression,0,0,4.7154204102317766e-05
02_linear,Linear,Logistic Regression,0,0,0.004210102980541961
02_linear,Linear,Logistic Regression,1,1,0.9999991005834232
02_linear,Linear,Logistic Regression,0,0,0.0012423512184584447
02_linear,Linear,Logistic Regression,0,0,4.6115419783398827e-07
02_linear,Linear,Logistic Regression,0,0,2.2672359136139421e-07
02_linear,Linear,Logistic Regression,0,0,4.239557891847605e-06
02_linear,Linear,Logistic Regression,0,0,0.0012858191339042441
02_linear,Linear,Logistic Regression,0,1,0.5384094074581143
02_linear,Linear,Logistic Regression,0,0,0.008574184490398817
02_linear,Linear,Logistic Regression,0,1,0.7175988629506044
02_linear,Linear,Logistic Regression,0,0,0.06946988219343392
02_linear,Linear,Logistic Regression,0,0,0.14488481632625552
02_linear,Linear,Logistic Regression,1,1,0.9999995749197974
02_linear,Linear,Logistic Regression,1,1,0.9999998317139837
02_linear,Linear,Logistic Regression,1,1,0.999998605314961
02_linear,Linear,Logistic Regression,1,1,0.5680776874396164
02_linear,Linear,Logistic Regression,1,1,0.999999878462643
02_linear,Linear,Logistic Regression,0,0,9.63109819840163e-05
02_linear,Linear,Logistic Regression,1,1,0.682934016494285
02_linear,Linear,Logistic Regression,0,0,0.03795711770342101
02_linear,Linear,Logistic Regression,0,0,2.8316508439071795e-07
02_linear,Linear,Logistic Regression,0,0,0.05908207060643926
02_linear,Linear,Logistic Regression,0,0,0.000410188239955549
02_linear,Linear,Logistic Regression,0,0,0.1425989257893019
02_linear,Linear,Logistic Regression,0,0,7.133694929907226e-05
02_linear,Linear,Logistic Regression,0,0,0.024225353320514918
02_linear,Linear,Logistic Regression,0,0,0.008795638395002286
02_linear,Linear,Logistic Regression,1,1,0.9999999136498491
02_linear,Linear,Logistic Regression,0,0,0.00014889833849007327
02_linear,Linear,Logistic Regression,1,1,0.9999950850853541
02_linear,Linear,Logistic Regression,1,1,0.9999999033558116
02_linear,Linear,Logistic Regression,1,1,0.7318246366743135
02_linear,Linear,Logistic Regression,0,0,0.15060895403396035
02_linear,Linear,Logistic Regression,0,1,0.5692310271718607
02_linear,Linear,Logistic Regression,0,0,8.732047793619183e-05
02_linear,Linear,Logistic Regression,0,0,0.014503902156855042
02_linear,Linear,Logistic Regression,0,0,0.00031203246938947456
02_linear,Linear,Logistic Regression,0,0,5.42523751835649e-07
02_linear,Linear,Logistic Regression,0,0,0.006751094278388464
02_linear,Linear,Logistic Regression,0,0,0.0006066499393373058
02_linear,Linear,Logistic Regression,0,0,1.505080530813324e-05
02_linear,Linear,Logistic Regression,0,0,9.852636454863618e-06
02_linear,Linear,Logistic Regression,0,0,0.0009896517700969305
02_linear,Linear,Logistic Regression,0,0,0.10192851442896976
02_linear,Linear,Logistic Regression,0,0,0.2336450047073041
02_linear,Linear,Logistic Regression,0,0,0.12606253664617964
02_linear,Linear,Logistic Regression,0,0,0.0907753427962409
02_linear,Linear,Logistic Regression,1,1,0.9999993794697761
02_linear,Linear,Logistic Regression,0,0,0.003986312396089756
02_linear,Linear,Logistic Regression,0,0,0.19576843761072188
02_linear,Linear,Logistic Regression,0,0,0.0015750256247010457
02_linear,Linear,Logistic Regression,0,0,0.11858456581375489
02_linear,Linear,Logistic Regression,0,0,0.014206038827199627
02_linear,Linear,Logistic Regression,1,1,0.6034768354804934
02_linear,Linear,Logistic Regression,0,0,0.2165069018473093
02_linear,Linear,Logistic Regression,0,0,0.006770770565083541
02_linear,Linear,Logistic Regression,0,0,5.016799296935442e-09
02_linear,Linear,Logistic Regression,0,0,0.01411700319003572
02_linear,Linear,Logistic Regression,0,0,0.0063748745919717876
02_linear,Linear,Logistic Regression,0,1,0.9999986746443386
02_linear,Linear,Logistic Regression,1,1,0.9999992152361007
02_linear,Linear,Logistic Regression,0,0,6.073167173045909e-05
02_linear,Linear,Logistic Regression,0,0,0.03072974311655357
02_linear,Linear,Logistic Regression,0,0,0.0021126166435389993
02_linear,Linear,Logistic Regression,0,0,0.27346825098297733
02_linear,Linear,Logistic Regression,0,0,0.00112502875805865
02_linear,Linear,Logistic Regression,1,1,0.9999989588733985
02_linear,Linear,Logistic Regression,1,1,0.999998987275865
02_linear,Linear,Logistic Regression,1,1,0.9999987639895921
02_linear,Linear,Logistic Regression,0,0,0.012687604567707463
02_linear,Linear,Logistic Regression,1,1,0.9999999154057688
02_linear,Linear,Logistic Regression,0,0,0.07014077512623833
02_linear,Linear,Logistic Regression,0,0,0.0063415696249404215
02_linear,Linear,Logistic Regression,0,0,0.0608803732283694
02_linear,Linear,Logistic Regression,0,0,0.0023010271295119357
02_linear,Linear,Logistic Regression,0,0,0.013077960877898788
02_linear,Linear,Logistic Regression,0,0,0.04953258743908005
02_linear,Linear,Logistic Regression,0,0,0.08635183687169971
02_linear,Linear,Logistic Regression,0,0,0.0016172154275795464
02_linear,Linear,Logistic Regression,0,0,0.15577330046197005
02_linear,Linear,Logistic Regression,1,1,0.9999998445008211
02_linear,Linear,Logistic Regression,1,1,0.9999994229137201
02_linear,Linear,Logistic Regression,0,0,0.03436458022025564
02_linear,Linear,Logistic Regression,1,1,0.9999994754595776
02_linear,Linear,Logistic Regression,0,0,0.004591147288822218
02_linear,Linear,Logistic Regression,0,0,0.0016347702101019168
02_linear,Linear,Logistic Regression,0,0,0.22582908030028537
02_linear,Linear,Logistic Regression,0,0,9.168520190871766e-05
02_linear,Linear,Logistic Regression,0,0,0.0004949246893753639
02_linear,Linear,Logistic Regression,0,0,8.257711815921792e-09
02_linear,Linear,Logistic Regression,0,0,0.010256440715883657
02_linear,Linear,Logistic Regression,0,0,0.03236777698098105
02_linear,Linear,Logistic Regression,0,0,0.006437268633770348
02_linear,Linear,Logistic Regression,0,0,0.29787085525509727
02_linear,Linear,Logistic Regression,0,0,0.28765855623644815
02_linear,Linear,Logistic Regression,0,0,0.03691279524469323
02_linear,Linear,Logistic Regression,0,0,2.2417730301154012e-05
02_linear,Linear,Logistic Regression,0,0,0.22812230078305173
02_linear,Linear,Logistic Regression,0,0,0.0028358798862460365
02_linear,Linear,Logistic Regression,0,0,0.003598615767107916
02_linear,Linear,Logistic Regression,0,0,0.0008055722895167613
02_linear,Linear,Logistic Regression,0,0,0.09024476924569888
02_linear,Linear,Logistic Regression,0,0,5.228542791834046e-28
02_linear,Linear,Logistic Regression,0,0,6.051206927621057e-05
02_linear,Linear,Logistic Regression,0,0,0.0007523141665369638
02_linear,Linear,Logistic Regression,0,0,0.0023971226242981477
02_linear,Linear,Logistic Regression,1,1,0.9999985171771012
02_linear,Linear,Logistic Regression,0,0,0.0004564441355193527
02_linear,Linear,Logistic Regression,0,0,0.03324868345367553
02_linear,Linear,Logistic Regression,0,0,0.013652385353622775
02_linear,Linear,Logistic Regression,0,0,1.8671098094505307e-16
02_linear,Linear,Logistic Regression,0,1,0.594372386946008
02_linear,Linear,Logistic Regression,0,0,2.8951350236458807e-41
02_linear,Linear,Logistic Regression,0,0,4.932084183474388e-12
02_linear,Linear,Logistic Regression,0,0,0.0014151191756890823
02_linear,Linear,Logistic Regression,0,0,0.16963123215567416
02_linear,Linear,Logistic Regression,0,1,0.5707391591560156
02_linear,Linear,Logistic Regression,0,0,0.26594858948018985
02_linear,Linear,Logistic Regression,1,1,0.9999999681970818
02_linear,Linear,Logistic Regression,0,0,0.013748892196650883
02_linear,Linear,Logistic Regression,1,1,0.9999956077756795
02_linear,Linear,Logistic Regression,0,0,0.21079486123293165
02_linear,Linear,Logistic Regression,0,0,0.04174582249931346
02_linear,Linear,Logistic Regression,1,1,0.641924451665268
02_linear,Linear,Logistic Regression,1,1,0.9999984706021632
02_linear,Linear,Logistic Regression,1,1,0.9999998223531992
02_linear,Linear,Logistic Regression,0,0,1.3001632911512426e-05
02_linear,Linear,Logistic Regression,0,0,5.521026067590454e-05
02_linear,Linear,Logistic Regression,1,1,0.9999999213273296
02_linear,Linear,Logistic Regression,0,0,0.0024099441405794537
02_linear,Linear,Logistic Regression,0,0,0.005242784035145386
02_linear,Linear,Logistic Regression,0,0,0.0207246519654017
02_linear,Linear,Logistic Regression,0,0,8.127948666473764e-05
02_linear,Linear,Logistic Regression,0,0,8.586388717511347e-05
02_linear,Linear,Logistic Regression,0,0,0.00010018752716968775
02_linear,Linear,Logistic Regression,0,0,0.009829306371512444
02_linear,Linear,Logistic Regression,0,0,0.03218658355939592
02_linear,Linear,Logistic Regression,0,0,5.5060700789474984e-05
02_linear,Linear,Logistic Regression,0,0,0.007443019334886545
02_linear,Linear,Logistic Regression,0,0,2.401945274484513e-15
02_linear,Linear,Logistic Regression,1,1,0.9999888448860973
02_linear,Linear,Logistic Regression,1,1,0.9999997343403964
02_linear,Linear,Logistic Regression,0,0,0.013264633763264956
02_linear,Linear,Logistic Regression,0,0,0.0009695137670475194
02_linear,Linear,Logistic Regression,0,1,0.7213201226240068
02_linear,Linear,Logistic Regression,1,0,0.431339375443883
02_linear,Linear,Logistic Regression,1,1,0.9999995021151254
02_linear,Linear,Logistic Regression,0,0,0.004090566718498906
02_linear,Linear,Logistic Regression,0,0,0.07947250739056826
02_linear,Linear,Logistic Regression,0,0,0.14755773789861798
02_linear,Linear,Logistic Regression,0,0,0.0279565392269003
02_linear,Linear,Logistic Regression,0,0,0.00011983557565059625
02_linear,Linear,Logistic Regression,1,1,0.9999984580450998
02_linear,Linear,Logistic Regression,1,1,0.7275216434017321
02_linear,Linear,Logistic Regression,0,0,0.07190721911635911
02_linear,Linear,Logistic Regression,1,1,0.9999989066217259
02_linear,Linear,Logistic Regression,0,0,0.0005994548943380315
02_linear,Linear,Logistic Regression,0,0,0.0705300596600271
02_linear,Linear,Logistic Regression,0,0,0.06731979921611327
02_linear,Linear,Logistic Regression,0,0,0.15321085243396917
02_linear,Linear,Logistic Regression,0,0,0.0006035450513419306
02_linear,Linear,Logistic Regression,0,0,0.0009137262486489956
02_linear,Linear,Logistic Regression,0,0,0.11005257120592005
02_linear,Linear,Logistic Regression,1,1,0.9999989632065742
02_linear,Linear,Logistic Regression,0,0,0.10238752301102243
02_linear,Linear,Logistic Regression,0,0,0.0071636992142032575
02_linear,Linear,Logistic Regression,0,0,0.0037069571310672793
02_linear,Linear,Logistic Regression,0,0,0.34096023711758283
02_linear,Linear,Logistic Regression,0,0,0.00032968121250477394
02_linear,Linear,Logistic Regression,1,1,0.999999999971656
02_linear,Linear,Logistic Regression,0,0,0.011400778240769014
02_linear,Linear,Logistic Regression,0,0,0.0016289995724273637
02_linear,Linear,Logistic Regression,0,0,0.0002054172172143443
02_linear,Linear,Logistic Regression,1,1,0.9999992834003698
02_linear,Linear,Logistic Regression,0,0,0.0009049526929672758
02_linear,Linear,Logistic Regression,0,0,0.007447333255347612
02_linear,Linear,Logistic Regression,0,0,0.157760803424668
02_linear,Linear,Logistic Regression,0,1,0.6999407848076109
02_linear,Linear,Logistic Regression,0,0,0.0025191968307784396
02_linear,Linear,Logistic Regression,0,0,0.009712991324618756
02_linear,Linear,Logistic Regression,0,0,8.827905436854541e-19
02_linear,Linear,Logistic Regression,1,1,0.9999999773440097
02_linear,Linear,Logistic Regression,0,0,0.00246676790249559
02_linear,Linear,Logistic Regression,0,0,3.0507004959234133e-14
02_linear,Linear,Logistic Regression,1,1,0.5103988845445676
02_linear,Linear,Logistic Regression,0,0,0.4588219382689311
02_linear,Linear,Logistic Regression,0,0,0.07730070956344612
02_linear,Linear,Logistic Regression,0,0,0.027790022187438073
02_linear,Linear,Logistic Regression,0,1,0.5559288477748079
02_linear,Linear,Logistic Regression,0,0,3.405722004572895e-05
02_linear,Linear,Logistic Regression,0,0,0.28406651819431894
02_linear,Linear,Logistic Regression,0,0,0.16382371522628975
02_linear,Linear,Logistic Regression,0,0,0.006469333236604809
02_linear,Linear,Logistic Regression,0,0,2.4133242142658178e-33
02_linear,Linear,Logistic Regression,0,0,9.852092607657703e-08
02_linear,Linear,Logistic Regression,0,0,0.10318066316266711
02_linear,Linear,Logistic Regression,0,0,0.07682502802214508
02_linear,Linear,Logistic Regression,0,0,0.1362882767831271
02_linear,Linear,Logistic Regression,0,0,0.17438458059672113
02_linear,Linear,Logistic Regression,0,0,4.9020649028852545e-06
02_linear,Linear,Logistic Regression,0,0,0.016658906930413636
02_linear,Linear,Logistic Regression,1,1,0.999999974731032
02_linear,Linear,Logistic Regression,0,0,0.011312671060190078
02_linear,Linear,Logistic Regression,0,0,0.0028367890430472382
02_linear,Linear,Logistic Regression,0,0,0.17981845486727122
02_linear,Linear,Logistic Regression,0,0,9.527830769982942e-05
02_linear,Linear,Logistic Regression,0,1,0.6835580007184607
02_linear,Linear,Logistic Regression,0,0,0.0070402627828128495
02_linear,Linear,Logistic Regression,0,0,0.04146558372097969
02_linear,Linear,Logistic Regression,0,0,0.0015482889827116543
02_linear,Linear,Logistic Regression,1,0,0.3801788120828311
02_linear,Linear,Logistic Regression,0,0,1.1191761198688935e-09
02_linear,Linear,Logistic Regression,1,1,0.9999999965986299
02_linear,Linear,Logistic Regression,0,0,0.004202955340243969
02_linear,Linear,Logistic Regression,0,0,0.08231269561025949
02_linear,Linear,Logistic Regression,1,1,0.9999990407570374
02_linear,Linear,Logistic Regression,1,0,0.41007288630700706
02_linear,Linear,Logistic Regression,0,0,0.09996486615816212
02_linear,Linear,Logistic Regression,0,0,0.18914950385619655
02_linear,Linear,Logistic Regression,0,0,2.1696663008349503e-05
02_linear,Linear,Logistic Regression,1,1,0.9999987867272989
02_linear,Linear,Logistic Regression,0,0,0.00015548272250638848
02_linear,Linear,Logistic Regression,0,0,0.009651991762904906
02_linear,Linear,Logistic Regression,1,1,0.9999995773125926
02_linear,Linear,Logistic Regression,1,1,0.9093677009135455
02_linear,Linear,Logistic Regression,0,0,3.512621015158625e-221
02_linear,Linear,Logistic Regression,0,0,0.0013525963891573719
02_linear,Linear,Logistic Regression,1,1,0.9999999034687312
02_linear,Linear,Logistic Regression,1,1,0.999997731465213
02_linear,Linear,Logistic Regression,1,1,0.9999975925799122
02_linear,Linear,Logistic Regression,0,0,0.008426972037813538
02_linear,Linear,Logistic Regression,0,0,0.005912216510203794
02_linear,Linear,Logistic Regression,1,0,0.3453751513003622
02_linear,Linear,Logistic Regression,0,0,0.20694598074563453
02_linear,Linear,Logistic Regression,0,0,0.31694381784526926
02_linear,Linear,Logistic Regression,0,0,0.00026964088307391713
02_linear,Linear,Logistic Regression,0,0,0.2568229326391982
02_linear,Linear,Logistic Regression,0,0,0.09050578813017822
02_linear,Linear,Logistic Regression,0,0,0.00367637331345019
02_linear,Linear,Logistic Regression,0,0,0.0029282857504417995
02_linear,Linear,Logistic Regression,0,0,2.3184957210515085e-23
02_linear,Linear,Logistic Regression,0,0,0.0030466912943088926
02_linear,Linear,Logistic Regression,0,0,0.1936055057314372
02_linear,Linear,Logistic Regression,0,0,0.07249958081652319
02_linear,Linear,Logistic Regression,0,0,1.2833827160945628e-05
02_linear,Linear,Logistic Regression,0,0,3.2681083432833036e-07
02_linear,Linear,Logistic Regression,1,1,0.9999933451499413
02_linear,Linear,Logistic Regression,1,1,0.9999993578352795
02_linear,Linear,Logistic Regression,0,0,0.0057213444900192124
02_linear,Linear,Logistic Regression,0,0,0.019419497640854936
02_linear,Linear,Logistic Regression,0,0,0.08007466858920745
02_linear,Linear,Logistic Regression,1,1,0.9999998276752459
02_linear,Linear,Logistic Regression,0,0,0.06357628768176124
02_linear,Linear,Logistic Regression,1,1,0.9999981007858995
02_linear,Linear,Logistic Regression,0,0,0.45196777413105915
02_linear,Linear,Logistic Regression,0,1,0.5007601799658492
02_linear,Linear,Logistic Regression,0,0,0.4653611661968766
02_linear,Linear,Logistic Regression,0,0,0.02325540612445307
02_linear,Linear,Logistic Regression,0,0,0.0686321042148678
02_linear,Linear,Logistic Regression,0,0,0.0013391184936043798
02_linear,Linear,Logistic Regression,0,0,0.015421640781913134
02_linear,Linear,Logistic Regression,0,0,6.708621375810607e-05
02_linear,Linear,Logistic Regression,0,0,0.002064224997281682
02_linear,Linear,Logistic Regression,1,1,0.9999995316132129
02_linear,Linear,Logistic Regression,1,1,1.0
02_linear,Linear,Logistic Regression,0,0,0.49999441388201254
02_linear,Linear,Logistic Regression,0,0,0.3423317040452333
02_linear,Linear,Logistic Regression,1,1,0.9999998926405655
02_linear,Linear,Logistic Regression,0,0,0.00010133280341480589
02_linear,Linear,Logistic Regression,1,1,0.9999990267898046
02_linear,Linear,Logistic Regression,1,1,0.6108855503278194
02_linear,Linear,Logistic Regression,0,0,1.1706966447347324e-09
02_linear,Linear,Logistic Regression,0,0,0.009752481134717255
02_linear,Linear,Logistic Regression,0,0,1.9437104495838256e-16
02_linear,Linear,Logistic Regression,0,0,0.005475908944719311
02_linear,Linear,Logistic Regression,0,0,1.1169028348476349e-05
02_linear,Linear,Logistic Regression,0,0,0.04901725274883029
02_linear,Linear,Logistic Regression,0,0,8.666998870714009e-05
02_linear,Linear,Logistic Regression,0,0,5.1096273827229144e-06
02_linear,Linear,Logistic Regression,0,0,0.0024636917995037844
02_linear,Linear,Logistic Regression,0,0,0.0045053469204269685
02_linear,Linear,Logistic Regression,0,0,0.19918991108874634
02_linear,Linear,Logistic Regression,0,0,5.173791039642558e-09
02_linear,Linear,Logistic Regression,1,1,0.9999981408317158
02_linear,Linear,Logistic Regression,1,1,0.9999985720974346
02_linear,Linear,Logistic Regression,0,0,0.4608312778973543
02_linear,Linear,Logistic Regression,0,0,1.3996893517933513e-08
02_linear,Linear,Logistic Regression,0,0,0.0028269426835817874
02_linear,Linear,Logistic Regression,0,0,1.0321237297299087e-06
02_linear,Linear,Logistic Regression,0,0,0.3622576265934564
02_linear,Linear,Logistic Regression,0,0,0.002715712185896581
02_linear,Linear,Logistic Regression,0,0,0.019536036315248723
02_linear,Linear,Logistic Regression,0,0,0.153592108307695
02_linear,Linear,Logistic Regression,0,0,2.076490484596749e-11
02_linear,Linear,Logistic Regression,0,0,0.0004014993985392032
02_linear,Linear,Logistic Regression,0,0,0.00453803080413108
02_linear,Linear,Logistic Regression,0,0,0.15704254714259164
02_linear,Linear,Logistic Regression,0,0,1.5840517730083925e-06
02_linear,Linear,Logistic Regression,0,0,0.000126208753795462
02_linear,Linear,Logistic Regression,0,0,0.008301366790293519
02_linear,Linear,Logistic Regression,0,0,0.08265570985797337
02_linear,Linear,Logistic Regression,1,0,0.3086568995396677
02_linear,Linear,Logistic Regression,0,0,0.11391207743553464
02_linear,Linear,Logistic Regression,0,0,3.2537176122848236e-19
02_linear,Linear,Logistic Regression,0,0,0.08555348327092797
02_linear,Linear,Logistic Regression,0,0,2.234364028473596e-05
02_linear,Linear,Logistic Regression,0,0,0.13302378222004768
02_linear,Linear,Logistic Regression,0,0,0.007204996274932303
02_linear,Linear,Logistic Regression,0,0,0.3812367413820129
02_linear,Linear,Logistic Regression,1,1,0.5898187537107252
02_linear,Linear,Logistic Regression,1,1,0.5422693127658333
02_linear,Linear,Logistic Regression,0,0,7.877544370769936e-05
02_linear,Linear,Logistic Regression,0,0,0.0015925510237487397
02_linear,Linear,Logistic Regression,0,0,0.07718032085527114
02_linear,Linear,Logistic Regression,0,1,0.6109241729997346
02_linear,Linear,Logistic Regression,1,1,0.7401017062933839
02_linear,Linear,Logistic Regression,0,0,0.003391280612470911
02_linear,Linear,Logistic Regression,0,0,0.0035239032224827125
02_linear,Linear,Logistic Regression,1,1,0.5599460785327762
02_linear,Linear,Logistic Regression,0,0,0.0001517590166737595
02_linear,Linear,Logistic Regression,0,0,1.5508301107700983e-07
02_linear,Linear,Logistic Regression,0,0,0.007861115987217782
02_linear,Linear,Logistic Regression,0,0,2.26944050503289e-16
02_linear,Linear,Logistic Regression,0,0,0.011348605423426443
02_linear,Linear,Logistic Regression,0,0,8.27903231647646e-05
02_linear,Linear,Logistic Regression,1,1,0.9999998234707593
02_linear,Linear,Logistic Regression,0,0,0.03215885066248812
02_linear,Linear,Logistic Regression,1,1,0.999999830616624
02_linear,Linear,Logistic Regression,0,0,0.08870275526882684
02_linear,Linear,Logistic Regression,0,0,0.00018630302620051856
02_linear,Linear,Logistic Regression,0,0,0.0008774515458143877
02_linear,Linear,Logistic Regression,1,1,0.5451780212657829
02_linear,Linear,Logistic Regression,0,0,1.576604470640529e-08
02_linear,Linear,Logistic Regression,0,0,0.012596983468299997
02_linear,Linear,Logistic Regression,0,0,1.0458455406341966e-05
02_linear,Linear,Logistic Regression,1,1,0.9999986325761108
02_linear,Linear,Logistic Regression,0,0,0.002930262043863407
02_linear,Linear,Logistic Regression,1,1,0.9999996574881714
02_linear,Linear,Logistic Regression,0,0,0.0009862642881061593
02_linear,Linear,Logistic Regression,0,0,1.8445692937981107e-28
02_linear,Linear,Logistic Regression,0,0,0.00040208741810683765
02_linear,Linear,Logistic Regression,0,0,3.1090118442553143e-06
02_linear,Linear,Logistic Regression,1,0,0.4102085870561541
02_linear,Linear,Logistic Regression,1,1,0.9999995543477974
02_linear,Linear,Logistic Regression,0,0,0.009510866401906529
02_linear,Linear,Logistic Regression,0,0,0.0041435853157368065
02_linear,Linear,Logistic Regression,0,0,9.485057582716993e-06
02_linear,Linear,Logistic Regression,0,0,0.08832196508058157
02_linear,Linear,Logistic Regression,0,0,0.0037476847294578043
02_linear,Linear,Logistic Regression,0,0,0.025669976515009532
02_linear,Linear,Logistic Regression,0,0,1.0525184923423767e-05
02_linear,Linear,Logistic Regression,0,0,0.11435817855192909
02_linear,Linear,Logistic Regression,0,0,0.053217168826934065
02_linear,Linear,Logistic Regression,0,0,3.596032818634774e-09
02_linear,Linear,Logistic Regression,1,1,0.9999988702707494
02_linear,Linear,Logistic Regression,0,0,0.02929793838200575
02_linear,Linear,Logistic Regression,0,0,0.12438570762044794
02_linear,Linear,Logistic Regression,0,0,0.00681464135915848
02_linear,Linear,Logistic Regression,0,0,0.009121059358966004
02_linear,Linear,Logistic Regression,1,1,0.9999986944069207
02_linear,Linear,Logistic Regression,0,0,0.013452984740717383
02_linear,Linear,Logistic Regression,0,0,0.02442253815782846
02_linear,Linear,Logistic Regression,0,0,0.004231268488274635
02_linear,Linear,Logistic Regression,0,0,0.1484420783866417
02_linear,Linear,Logistic Regression,0,0,0.00031926190632739745
02_linear,Linear,Logistic Regression,1,0,0.11623198577573962
02_linear,Linear,Logistic Regression,0,1,0.6744861415137291
02_linear,Linear,Logistic Regression,0,0,0.003829023152078164
02_linear,Linear,Logistic Regression,0,0,6.698529630938955e-52
02_linear,Linear,Logistic Regression,0,0,1.1120738578579936e-05
02_linear,Linear,Logistic Regression,0,0,0.012014108548824863
02_linear,Linear,Logistic Regression,1,0,0.49673460541008296
02_linear,Linear,Logistic Regression,1,1,0.9999998211786842
02_linear,Linear,Logistic Regression,1,1,0.9999992540886676
02_linear,Linear,Logistic Regression,0,0,0.014870385192508946
02_linear,Linear,Logistic Regression,0,0,0.0050564682009713174
02_linear,Linear,Logistic Regression,0,0,0.15699498817731172
02_linear,Linear,Logistic Regression,1,1,0.9999990428816389
02_linear,Linear,Logistic Regression,0,1,0.8474484488798198
02_linear,Linear,Logistic Regression,0,0,0.002964207551534025
02_linear,Linear,Logistic Regression,1,1,0.9999993070222105
02_linear,Linear,Logistic Regression,0,0,6.975091042200921e-05
02_linear,Linear,Logistic Regression,0,0,0.03192051061360847
02_linear,Linear,Logistic Regression,0,0,0.02072132336273535
02_linear,Linear,Logistic Regression,0,0,0.02916088199202521
02_linear,Linear,Logistic Regression,0,0,8.073801662932106e-10
02_linear,Linear,Logistic Regression,0,0,4.739940243963097e-16
02_linear,Linear,Logistic Regression,0,0,0.16170723046762728
02_linear,Linear,Logistic Regression,0,0,4.3504004589949015e-05
02_linear,Linear,Logistic Regression,1,1,0.9999985168823694
02_linear,Linear,Logistic Regression,0,0,3.875554666257168e-08
02_linear,Linear,Logistic Regression,0,0,0.01180628137018824
02_linear,Linear,Logistic Regression,0,0,0.01943643120661693
02_linear,Linear,Logistic Regression,0,0,0.000293129773054227
02_linear,Linear,Logistic Regression,1,1,0.6164951852559541
02_linear,Linear,Logistic Regression,0,0,0.003571360498209841
02_linear,Linear,Logistic Regression,0,0,0.024919379609886216
02_linear,Linear,Logistic Regression,0,0,0.15198889935759727
02_linear,Linear,Logistic Regression,0,0,0.3165036654622435
02_linear,Linear,Logistic Regression,1,0,0.4511858655079734
02_linear,Linear,Logistic Regression,0,0,0.23041734877310607
02_linear,Linear,Logistic Regression,1,1,0.999999504608476
02_linear,Linear,Logistic Regression,0,0,0.001164778079206692
02_linear,Linear,Logistic Regression,0,0,4.487654129437193e-09
02_linear,Linear,Logistic Regression,0,0,0.00016172939010839206
02_linear,Linear,Logistic Regression,1,1,0.9999999308321074
02_linear,Linear,Logistic Regression,1,1,0.9999999987955868
02_linear,Linear,Logistic Regression,0,0,0.047078170006613365
02_linear,Linear,Logistic Regression,0,0,6.059474399268758e-05
02_linear,Linear,Logistic Regression,0,1,0.7157047320240152
02_linear,Linear,Logistic Regression,0,0,0.0015297770046823046
02_linear,Linear,Logistic Regression,0,0,1.4131605216679714e-05
02_linear,Linear,Logistic Regression,0,1,0.6104433244203852
02_linear,Linear,Logistic Regression,0,0,0.022374391624997637
02_linear,Linear,Logistic Regression,0,0,0.06278343920495039
02_linear,Linear,Logistic Regression,0,0,0.015627941660688215
02_linear,Linear,Logistic Regression,0,0,0.0008629225679474642
02_linear,Linear,Logistic Regression,0,0,0.06892297561170799
02_linear,Linear,Logistic Regression,0,0,0.022730099071044146
02_linear,Linear,Logistic Regression,0,0,0.135569331262088
02_linear,Linear,Logistic Regression,0,0,0.41762794418895777
02_linear,Linear,Logistic Regression,0,0,0.00035092151620571443
02_linear,Linear,Logistic Regression,1,1,0.9999999616796403
02_linear,Linear,Logistic Regression,0,0,7.421185020475912e-09
02_linear,Linear,Logistic Regression,1,1,0.9999994842532298
02_linear,Linear,Logistic Regression,0,0,0.0020278398917282473
02_linear,Linear,Logistic Regression,0,0,0.009357230167885085
02_linear,Linear,Logistic Regression,0,0,0.0011635903983737415
02_linear,Linear,Logistic Regression,0,0,0.00034739025476567063
02_linear,Linear,Logistic Regression,0,0,0.0164786002206683
02_linear,Linear,Logistic Regression,1,1,0.9999998532376302
02_linear,Linear,Logistic Regression,0,0,1.4580696268391152e-21
02_linear,Linear,Logistic Regression,0,0,0.034320486046236644
02_linear,Linear,Logistic Regression,0,0,0.007135370793196851
02_linear,Linear,Logistic Regression,0,0,0.011315084481546858
02_linear,Linear,Logistic Regression,1,1,0.9999991624349279
02_linear,Linear,Logistic Regression,0,0,0.0002214693726198787
02_linear,Linear,Logistic Regression,0,0,1.3488131273721357e-08
02_linear,Linear,Logistic Regression,0,0,0.2075671461557228
02_linear,Linear,Logistic Regression,1,1,0.7014350994182131
02_linear,Linear,Logistic Regression,0,0,1.3976866946091979e-62
02_linear,Linear,Logistic Regression,0,0,4.566745299849634e-05
02_linear,Linear,Logistic Regression,1,1,0.9999995537184543
02_linear,Linear,Logistic Regression,1,1,0.9999988144285041
02_linear,Linear,Logistic Regression,1,0,0.1450232263621198
02_linear,Linear,Logistic Regression,1,1,0.9999948615345413
02_linear,Linear,Logistic Regression,0,0,0.01410890880797535
02_linear,Linear,Logistic Regression,0,0,0.13729107057678902
02_linear,Linear,Logistic Regression,0,0,0.0764721029770118
02_linear,Linear,Logistic Regression,0,0,0.00832248801657507
02_linear,Linear,Logistic Regression,0,0,0.00034620488370657555
02_linear,Linear,Logistic Regression,0,0,9.462681639573526e-06
02_linear,Linear,Logistic Regression,0,0,0.36937869144106883
02_linear,Linear,Logistic Regression,0,0,0.001797125431931867
02_linear,Linear,Logistic Regression,0,0,8.767707673701581e-06
02_linear,Linear,Logistic Regression,0,0,0.008686885412710234
02_linear,Linear,Logistic Regression,0,0,5.178271748528732e-06
02_linear,Linear,Logistic Regression,0,0,0.42728282353079766
02_linear,Linear,Logistic Regression,0,0,0.00011577612340159252
02_linear,Linear,Logistic Regression,1,1,0.9999980017893337
02_linear,Linear,Logistic Regression,0,0,1.7468972538515537e-05
02_linear,Linear,Logistic Regression,0,0,4.319903343638972e-06
02_linear,Linear,Logistic Regression,0,0,0.2303262922584135
02_linear,Linear,Logistic Regression,1,1,0.9999956529838971
02_linear,Linear,Logistic Regression,0,1,0.7534342959051507
02_linear,Linear,Logistic Regression,0,0,1.3008538170487214e-05
02_linear,Linear,Logistic Regression,1,1,0.999999762992785
02_linear,Linear,Logistic Regression,0,0,0.0007389187596934912
02_linear,Linear,Logistic Regression,0,0,0.02699958360944379
02_linear,Linear,Logistic Regression,0,0,1.2276477423588675e-08
02_linear,Linear,Logistic Regression,0,0,0.08376115300668695
02_linear,Linear,Logistic Regression,1,1,0.9999814663372124
02_linear,Linear,Logistic Regression,0,0,0.0986142324202166
02_linear,Linear,Logistic Regression,0,0,4.350901563837971e-06
02_linear,Linear,Logistic Regression,0,0,0.0057025563498380024
02_linear,Linear,Logistic Regression,1,1,0.9999994477777764
02_linear,Linear,Logistic Regression,0,0,0.011400228320884505
02_linear,Linear,Logistic Regression,0,0,0.014340819764042887
02_linear,Linear,Logistic Regression,1,1,0.9999991424726796
02_linear,Linear,Logistic Regression,0,0,0.39189063369922084
02_linear,Linear,Logistic Regression,0,0,0.0059322702857514155
02_linear,Linear,Logistic Regression,0,0,1.5073689502241612e-05
02_linear,Linear,Logistic Regression,0,0,0.006212059135751959
02_linear,Linear,Logistic Regression,0,0,7.256532281335821e-13
02_linear,Linear,Logistic Regression,0,0,1.6338714072896513e-06
02_linear,Linear,Logistic Regression,1,1,0.9999989613166322
02_linear,Linear,Logistic Regression,0,0,0.01860738999504499
02_linear,Linear,Logistic Regression,0,0,0.00011442054553106983
02_linear,Linear,Logistic Regression,0,0,0.012289462337194166
02_linear,Linear,Logistic Regression,0,0,0.07192523908099922
02_linear,Linear,Logistic Regression,1,1,0.9999988516802184
02_linear,Linear,Logistic Regression,0,0,0.004403310318273948
02_linear,Linear,Logistic Regression,1,1,0.999998334861157
02_linear,Linear,Logistic Regression,0,0,0.006036723825603615
02_linear,Linear,Logistic Regression,0,0,1.0152763702364571e-05
02_linear,Linear,Logistic Regression,0,0,0.008817202077116953
02_linear,Linear,Logistic Regression,0,0,0.0026600653931255777
02_linear,Linear,Logistic Regression,0,0,0.01211810447240438
02_linear,Linear,Logistic Regression,1,0,0.31981705896947055
02_linear,Linear,Logistic Regression,0,0,0.002021806697610914
02_linear,Linear,Logistic Regression,0,0,0.0032735732980357767
02_linear,Linear,Logistic Regression,1,1,0.9999991326494146
02_linear,Linear,Logistic Regression,0,0,0.00032632134352409087
02_linear,Linear,Logistic Regression,0,0,0.0026112312348586368
02_linear,Linear,Logistic Regression,0,0,0.46962344746426765
02_linear,Linear,Logistic Regression,0,0,0.0008795666359405314
02_linear,Linear,Logistic Regression,1,1,0.9999994934185371
02_linear,Linear,Logistic Regression,1,1,0.9999998440172285
02_linear,Linear,Logistic Regression,0,0,0.08533992807022167
02_linear,Linear,Logistic Regression,0,0,0.21048914830702956
02_linear,Linear,Logistic Regression,0,0,0.04236265935349805
02_linear,Linear,Logistic Regression,0,0,0.0001811223137125995
02_linear,Linear,Logistic Regression,1,1,0.9999998506925801
02_linear,Linear,Logistic Regression,1,1,0.9999982395695923
02_linear,Linear,Logistic Regression,0,0,0.00341976009750571
02_linear,Linear,Logistic Regression,0,0,0.0001716969188335256
02_linear,Linear,Logistic Regression,0,0,0.03537928867724404
02_linear,Linear,Logistic Regression,0,0,0.009845800810451368
02_linear,Linear,Logistic Regression,1,0,0.34931439998999836
02_linear,Linear,Logistic Regression,1,0,0.06399605846224672
02_linear,Linear,Logistic Regression,0,0,0.0569888135248821
02_linear,Linear,Logistic Regression,0,0,0.001002098755850196
02_linear,Linear,Logistic Regression,0,0,0.0013875774891374366
02_linear,Linear,Logistic Regression,0,0,0.004281250123894605
02_linear,Linear,Logistic Regression,0,0,0.20650329074055948
02_linear,Linear,Logistic Regression,0,0,0.013284211629373953
02_linear,Linear,Logistic Regression,0,0,0.1364427840686024
02_linear,Linear,Logistic Regression,0,0,0.0009017281903074844
02_linear,Linear,Logistic Regression,0,0,0.07324134200033279
02_linear,Linear,Logistic Regression,0,0,1.357621669554736e-05
02_linear,Linear,Logistic Regression,0,0,0.016559581762659068
02_linear,Linear,Logistic Regression,0,0,0.0006210590370371831
02_linear,Linear,Logistic Regression,0,0,0.4902171771157289
02_linear,Linear,Logistic Regression,0,0,0.002811064505587206
02_linear,Linear,Logistic Regression,1,1,0.9999910003221885
02_linear,Linear,Logistic Regression,0,0,0.0012006361611174219
02_linear,Linear,Logistic Regression,0,0,0.14120598013033347
02_linear,Linear,Logistic Regression,1,1,0.9999992073815259
02_linear,Linear,Logistic Regression,0,0,0.0041196995105447845
02_linear,Linear,Logistic Regression,0,0,0.0009636119866905954
02_linear,Linear,Logistic Regression,0,0,0.4295218174852044
02_linear,Linear,Logistic Regression,0,0,0.0002195960416129434
02_linear,Linear,Logistic Regression,0,1,0.6302342541815638
02_linear,Linear,Logistic Regression,1,1,0.9999998647918443
02_linear,Linear,Logistic Regression,0,0,0.2755046319841278
02_linear,Linear,Logistic Regression,1,0,0.3413892104977882
02_linear,Linear,Logistic Regression,0,0,0.00307945414510939
02_linear,Linear,Logistic Regression,1,1,0.9999995224430034
02_linear,Linear,Logistic Regression,0,0,0.00010672507352543579
02_linear,Linear,Logistic Regression,0,0,0.011006978808509855
02_linear,Linear,Logistic Regression,0,0,0.005204757826158676
02_linear,Linear,Logistic Regression,1,1,0.9999996412149522
02_linear,Linear,Logistic Regression,0,0,0.0017842657082530618
02_linear,Linear,Logistic Regression,0,0,1.587758170309927e-06
02_linear,Linear,Logistic Regression,1,1,0.9999992002655628
02_linear,Linear,Logistic Regression,1,0,0.34222703650886765
02_linear,Linear,Logistic Regression,1,1,0.8553651376861289
02_linear,Linear,Logistic Regression,0,0,0.0033244433891916284
02_linear,Linear,Logistic Regression,0,0,0.0016822722726937708
02_linear,Linear,Logistic Regression,0,0,0.008351295995443972
02_linear,Linear,Logistic Regression,0,0,0.03691318367330032
02_linear,Linear,Logistic Regression,0,0,0.20648196076470357
02_linear,Linear,Logistic Regression,1,1,0.61005036725756
02_linear,Linear,Logistic Regression,0,0,8.260168690414382e-52
02_linear,Linear,Logistic Regression,0,0,0.008644310049356046
02_linear,Linear,Logistic Regression,0,0,0.1348691454451341
02_linear,Linear,Logistic Regression,0,0,0.10952071880370115
02_linear,Linear,Logistic Regression,0,0,0.025137275523062802
02_linear,Linear,Logistic Regression,0,0,0.0018482157812693817
02_linear,Linear,Logistic Regression,0,0,0.3812058223375392
02_linear,Linear,Logistic Regression,0,0,0.0013262576968433673
02_linear,Linear,Logistic Regression,0,0,0.09378100246197822
02_linear,Linear,Logistic Regression,0,0,0.007231027177450055
02_linear,Linear,Logistic Regression,0,0,0.02938775433266131
02_linear,Linear,Logistic Regression,0,0,0.08690745352588447
02_linear,Linear,Logistic Regression,0,0,0.01223750416477592
02_linear,Linear,Logistic Regression,0,0,0.0008898713090028453
02_linear,Linear,Logistic Regression,0,0,0.07936574237759884
02_linear,Linear,Logistic Regression,0,0,3.027410506243833e-13
02_linear,Linear,Logistic Regression,0,0,0.003145914548130246
02_linear,Linear,Logistic Regression,0,0,0.00287414601440028
02_linear,Linear,Logistic Regression,0,0,0.0052985501463598825
02_linear,Linear,Logistic Regression,1,1,0.9999995926340118
02_linear,Linear,Logistic Regression,1,1,0.9999998489244133
02_linear,Linear,Logistic Regression,0,0,0.00586049468133059
02_linear,Linear,Logistic Regression,0,0,0.25165506594815035
02_linear,Linear,Logistic Regression,0,0,0.0008063590383794692
02_linear,Linear,Logistic Regression,0,0,9.637590099245013e-05
02_linear,Linear,Logistic Regression,0,0,0.009294879315091115
02_linear,Linear,Logistic Regression,1,0,0.29438207752600354
02_linear,Linear,Logistic Regression,0,1,0.5999157354267629
02_linear,Linear,Logistic Regression,0,0,0.013691914068097678
02_linear,Linear,Logistic Regression,1,0,0.12045631630739383
02_linear,Linear,Logistic Regression,0,0,4.955621849331338e-211
02_linear,Linear,Logistic Regression,1,0,0.3963424620256765
02_linear,Linear,Logistic Regression,1,1,0.6754120576624534
02_linear,Linear,Logistic Regression,0,0,0.0007408349329849175
02_linear,Linear,Logistic Regression,1,1,0.5536953132005837
02_linear,Linear,Logistic Regression,0,0,0.002036526325465947
02_linear,Linear,Logistic Regression,0,0,0.10899465046647111
02_linear,Linear,Logistic Regression,0,0,0.026933553252026333
02_linear,Linear,Logistic Regression,0,0,0.010899867790276319
02_linear,Linear,Logistic Regression,0,1,0.5656146565281264
02_linear,Linear,Logistic Regression,0,0,0.004316755112243487
02_linear,Linear,Logistic Regression,0,0,0.0179968454975952
02_linear,Linear,Logistic Regression,0,0,0.24068469531244557
02_linear,Linear,Logistic Regression,0,0,0.05672700601999696
02_linear,Linear,Logistic Regression,0,0,0.03960301531183072
02_linear,Linear,Logistic Regression,0,0,0.022720950548942267
02_linear,Linear,Logistic Regression,0,0,2.6694603809418716e-05
02_linear,Linear,Logistic Regression,0,0,0.033488864287246164
02_linear,Linear,Logistic Regression,0,0,0.0015199407943771225
02_linear,Linear,Logistic Regression,0,0,2.5657085312035758e-05
02_linear,Linear,Logistic Regression,0,0,0.01067276777609024
02_linear,Linear,Logistic Regression,0,0,0.0006380467793301524
02_linear,Linear,Logistic Regression,0,0,0.3520006355049258
02_linear,Linear,Logistic Regression,0,0,3.908430700643308e-05
02_linear,Linear,Logistic Regression,1,1,0.9999996260719198
02_linear,Linear,Logistic Regression,0,0,0.010248677891423048
02_linear,Linear,Logistic Regression,0,0,7.734200477248305e-05
02_linear,Linear,Logistic Regression,1,1,1.0
02_linear,Linear,Logistic Regression,0,0,0.08539485635496284
02_linear,Linear,Logistic Regression,1,1,0.9999993484075547
02_linear,Linear,Logistic Regression,0,0,0.09961377085042561
02_linear,Linear,Logistic Regression,0,0,0.010693155233804416
02_linear,Linear,Logistic Regression,0,0,0.010450220783506972
02_linear,Linear,Logistic Regression,0,0,0.25550963649369196
02_linear,Linear,Logistic Regression,0,0,0.008418721354719822
02_linear,Linear,Logistic Regression,1,1,0.999997519640579
02_linear,Linear,Logistic Regression,0,0,0.35779775538791075
02_linear,Linear,Logistic Regression,1,0,0.24613040867381156
02_linear,Linear,Logistic Regression,1,1,0.9999999596842702
02_linear,Linear,Logistic Regression,0,0,0.1759500289894031
02_linear,Linear,Logistic Regression,0,0,5.4043308938559966e-05
02_linear,Linear,Logistic Regression,0,0,7.704271745478787e-06
02_linear,Linear,Logistic Regression,0,0,0.2668261346379678
02_linear,Linear,Logistic Regression,0,0,0.0818713790465281
02_linear,Linear,Logistic Regression,0,0,0.00010001013070216347
02_linear,Linear,Logistic Regression,0,0,1.864403759824347e-09
02_linear,Linear,Logistic Regression,1,1,0.9999995414148384
02_linear,Linear,Logistic Regression,0,0,0.0074278547840231106
02_linear,Linear,Logistic Regression,0,0,0.0033761400470941516
02_linear,Linear,Logistic Regression,1,1,0.9999968981976137
02_linear,Linear,Logistic Regression,0,0,5.820854244752825e-70
02_linear,Linear,Logistic Regression,0,0,0.16375514162191132
02_linear,Linear,Logistic Regression,0,0,0.24261557643093842
02_linear,Linear,Logistic Regression,0,0,0.006671919974607857
02_linear,Linear,Logistic Regression,0,0,0.07236685685243942
02_linear,Linear,Logistic Regression,0,0,0.01400603531552696
02_linear,Linear,Logistic Regression,0,0,0.11003351322326231
02_linear,Linear,Logistic Regression,1,1,0.859989973722594
02_linear,Linear,Logistic Regression,0,0,2.1991911082002196e-23
02_linear,Linear,Logistic Regression,0,0,0.0002689020765800715
02_linear,Linear,Logistic Regression,1,1,0.9999921077580709
02_linear,Linear,Logistic Regression,0,0,0.02275323501287694
02_linear,Linear,Logistic Regression,1,1,0.7615284836678633
02_linear,Linear,Logistic Regression,0,0,0.3284603482458153
02_linear,Linear,Logistic Regression,0,0,0.004789350633188476
02_linear,Linear,Logistic Regression,0,0,0.0011579869119510522
02_linear,Linear,Logistic Regression,0,0,0.006777596126356536
02_linear,Linear,Logistic Regression,0,0,0.009533080560434738
02_linear,Linear,Logistic Regression,0,0,0.10714288787237902
02_linear,Linear,Logistic Regression,1,0,0.30355538621907724
02_linear,Linear,Logistic Regression,0,0,0.0010258459029619871
02_linear,Linear,Logistic Regression,0,0,5.877206243344703e-18
02_linear,Linear,Logistic Regression,0,0,0.12674084526200421
02_linear,Linear,Logistic Regression,0,0,0.00021469872650641255
02_linear,Linear,Logistic Regression,1,1,0.9999999463270752
02_linear,Linear,Logistic Regression,0,0,9.737033137871861e-05
02_linear,Linear,Logistic Regression,0,0,0.45276739792657394
02_linear,Linear,Logistic Regression,0,0,0.0012508070222997298
02_linear,Linear,Logistic Regression,0,0,3.3546274124329866e-12
02_linear,Linear,Logistic Regression,1,1,0.9999996254339616
02_linear,Linear,Logistic Regression,0,0,0.006328783367646035
02_linear,Linear,Logistic Regression,0,0,0.004462861992171757
02_linear,Linear,Logistic Regression,0,0,0.0014152842145606192
02_linear,Linear,Logistic Regression,0,0,3.433394429946581e-06
02_linear,Linear,Logistic Regression,0,0,0.12945857518519088
02_linear,Linear,Logistic Regression,1,1,0.6466728997252454
02_linear,Linear,Logistic Regression,0,0,0.0037889768717815566
02_linear,Linear,Logistic Regression,0,0,0.010270480371985663
02_linear,Linear,Logistic Regression,0,0,0.2804844915911059
02_linear,Linear,Logistic Regression,0,0,0.26813604978555333
02_linear,Linear,Logistic Regression,0,0,0.0003618518884952625
02_linear,Linear,Logistic Regression,1,1,0.9999973543900884
02_linear,Linear,Logistic Regression,1,1,0.8351252398258592
02_linear,Linear,Logistic Regression,1,1,0.6084975254803295
02_linear,Linear,Logistic Regression,0,0,0.006424340878479699
02_linear,Linear,Logistic Regression,0,1,0.6315994124329652
02_linear,Linear,Logistic Regression,0,0,0.001189055730841551
02_linear,Linear,Logistic Regression,1,1,0.9999999999999998
02_linear,Linear,Logistic Regression,1,1,0.9999985767998523
02_linear,Linear,Logistic Regression,0,0,0.03540030146412945
02_linear,Linear,Logistic Regression,0,0,0.07093301437224062
02_linear,Linear,Logistic Regression,0,0,0.07668777123440251
02_linear,Linear,Logistic Regression,1,1,0.9999999999352995
02_linear,Linear,Logistic Regression,0,0,0.4432054296004011
02_linear,Linear,Logistic Regression,0,0,8.606307475831685e-11
02_linear,Linear,Logistic Regression,1,1,0.9999995360155746
02_linear,Linear,Logistic Regression,0,0,0.012207814898813105
02_linear,Linear,Logistic Regression,0,0,0.23237329634974677
02_linear,Linear,Logistic Regression,1,1,0.9999999361122064
02_linear,Linear,Logistic Regression,0,0,6.530638752010887e-10
02_linear,Linear,Logistic Regression,0,0,9.838518363788806e-10
02_linear,Linear,Logistic Regression,0,0,0.00032913623954407636
02_linear,Linear,Logistic Regression,0,0,0.023302768607419075
02_linear,Linear,Logistic Regression,0,0,0.0025941592773355894
02_linear,Linear,Logistic Regression,0,0,0.17647811441151132
02_linear,Linear,Logistic Regression,0,0,5.344244958443979e-10
02_linear,Linear,Logistic Regression,0,0,0.37483218185455913
02_linear,Linear,Logistic Regression,1,1,0.9999988476113346
02_linear,Linear,Logistic Regression,1,1,0.7306887702630201
02_linear,Linear,Logistic Regression,1,1,0.9999993443498958
02_linear,Linear,Logistic Regression,0,0,0.009906156520862
02_linear,Linear,Logistic Regression,0,0,0.28985688306968077
02_linear,Linear,Logistic Regression,1,1,0.9999999923940458
02_linear,Linear,Logistic Regression,0,0,0.008503040892983151
02_linear,Linear,Logistic Regression,1,1,0.5805217831955763
02_linear,Linear,Logistic Regression,0,0,0.0010903410529492206
02_linear,Linear,Logistic Regression,0,0,1.1013487931036188e-05
02_linear,Linear,Logistic Regression,0,0,3.07943788985788e-10
02_linear,Linear,Logistic Regression,0,0,0.019426524119544358
02_linear,Linear,Logistic Regression,0,0,0.2775407005050641
02_linear,Linear,Logistic Regression,0,0,0.06485687759858683
02_linear,Linear,Logistic Regression,1,1,0.9999956226352763
02_linear,Linear,Logistic Regression,0,0,0.11339709620745252
02_linear,Linear,Logistic Regression,0,0,5.581616172207079e-05
02_linear,Linear,Logistic Regression,1,1,0.9999860911585687
02_linear,Linear,Logistic Regression,0,0,0.00010655661547619617
02_linear,Linear,Logistic Regression,0,0,3.0675707983819815e-10
02_linear,Linear,Logistic Regression,1,0,0.4150047636442361
02_linear,Linear,Logistic Regression,0,0,0.00341255714723181
02_linear,Linear,Logistic Regression,1,1,0.9999995004261331
02_linear,Linear,Logistic Regression,0,0,0.062167455446909686
02_linear,Linear,Logistic Regression,1,1,0.6094332260482384
02_linear,Linear,Logistic Regression,0,0,2.853939960401901e-32
02_linear,Linear,Logistic Regression,1,1,0.9999991198585877
02_linear,Linear,Logistic Regression,0,0,0.4173728132287002
02_linear,Linear,Logistic Regression,0,0,0.03625551369213334
02_linear,Linear,Logistic Regression,0,0,0.34547856430490903
02_linear,Linear,Logistic Regression,0,0,8.410532796733854e-18
02_linear,Linear,Logistic Regression,0,0,0.048804495500516826
02_linear,Linear,Logistic Regression,0,0,1.2729374444849261e-163
02_linear,Linear,Logistic Regression,1,1,0.9999998841863317
02_linear,Linear,Logistic Regression,0,0,0.041236299831102934
02_linear,Linear,Logistic Regression,0,1,0.5584826371532866
02_linear,Linear,Logistic Regression,0,0,0.00272989344181632
02_linear,Linear,Logistic Regression,1,1,0.9999981955912846
02_linear,Linear,Logistic Regression,0,0,0.010785808252415268
02_linear,Linear,Logistic Regression,1,1,0.9999999729930776
02_linear,Linear,Logistic Regression,0,0,0.22588486241536104
02_linear,Linear,Logistic Regression,0,0,0.009783264148483146
02_linear,Linear,Logistic Regression,0,0,0.16171794115399832
02_linear,Linear,Logistic Regression,0,0,6.99118628632273e-06
02_linear,Linear,Logistic Regression,0,0,0.014133542921455184
02_linear,Linear,Logistic Regression,0,0,0.0006400534078801884
02_linear,Linear,Logistic Regression,0,0,0.004927566431312076
02_linear,Linear,Logistic Regression,0,0,0.011686163692028078
02_linear,Linear,Logistic Regression,1,0,0.37158563670062145
02_linear,Linear,Logistic Regression,0,0,0.0012363110378405561
02_linear,Linear,Logistic Regression,0,0,0.011095975600242393
02_linear,Linear,Logistic Regression,1,1,0.999999386552378
02_linear,Linear,Logistic Regression,0,0,0.3690027191545439
02_linear,Linear,Logistic Regression,1,1,0.9999999340873286
02_linear,Linear,Logistic Regression,1,0,0.07161116417486178
02_linear,Linear,Logistic Regression,0,0,5.431344686908231e-05
02_linear,Linear,Logistic Regression,0,0,0.13013195914523776
02_linear,Linear,Logistic Regression,0,0,0.20667125454970295
02_linear,Linear,Logistic Regression,0,0,2.6243894198725e-16
02_linear,Linear,Logistic Regression,1,1,0.9999994915288509
02_linear,Linear,Logistic Regression,1,1,0.9999998451684362
02_linear,Linear,Logistic Regression,1,1,0.9999963622599926
02_linear,Linear,Logistic Regression,1,1,0.9999995332943834
02_linear,Linear,Logistic Regression,0,0,0.14213852821225947
02_linear,Linear,Logistic Regression,0,0,0.16741292671926267
02_linear,Linear,Logistic Regression,0,0,0.39774535449552406
02_linear,Linear,Logistic Regression,0,0,0.004064798111286908
02_linear,Linear,Logistic Regression,0,0,0.0004392736556028509
02_linear,Linear,Logistic Regression,1,1,0.999999893027714
02_linear,Linear,Logistic Regression,0,0,0.0009608073106138111
02_linear,Linear,Logistic Regression,0,0,0.0011889254986405737
02_linear,Linear,Logistic Regression,0,0,9.037913751005936e-19
02_linear,Linear,Logistic Regression,1,1,0.9999994131262957
02_linear,Linear,Logistic Regression,0,0,0.3413153351015289
02_linear,Linear,Logistic Regression,0,0,0.11794221678871641
02_linear,Linear,Logistic Regression,1,1,0.9999997081368815
02_linear,Linear,Logistic Regression,1,0,0.24779052870602727
02_linear,Linear,Logistic Regression,0,0,0.008509794046736414
02_linear,Linear,Logistic Regression,0,0,0.48743224296662563
02_linear,Linear,Logistic Regression,0,0,0.15975629944296255
02_linear,Linear,Logistic Regression,0,0,0.0021860028448122374
02_linear,Linear,Logistic Regression,0,0,0.38428778083275644
02_linear,Linear,Logistic Regression,0,0,0.0738229054029204
02_linear,Linear,Logistic Regression,0,0,0.0629087596628499
02_linear,Linear,Logistic Regression,0,0,0.025382191208253625
02_linear,Linear,Logistic Regression,0,0,0.0235455428896052
02_linear,Linear,Logistic Regression,0,0,0.0005220849318420554
02_linear,Linear,Logistic Regression,1,1,0.702248822877797
02_linear,Linear,Logistic Regression,0,0,0.01240474873985987
02_linear,Linear,Logistic Regression,0,0,2.8859780178638365e-09
02_linear,Linear,Logistic Regression,0,0,1.8121386962703238e-15
02_linear,Linear,Logistic Regression,0,0,1.1089209133726892e-05
02_linear,Linear,Logistic Regression,0,0,0.3989847821068315
02_linear,Linear,Logistic Regression,0,0,0.018569038510003574
02_linear,Linear,Logistic Regression,1,1,0.9999999110289445
02_linear,Linear,Logistic Regression,1,1,0.5956467609510017
02_linear,Linear,Logistic Regression,1,1,0.9999992147036286
02_linear,Linear,Logistic Regression,0,0,0.02755805832525527
02_linear,Linear,Logistic Regression,0,0,0.0013723677947852625
02_linear,Linear,Logistic Regression,1,1,0.9999975059140286
02_linear,Linear,Logistic Regression,0,0,0.09901415688989706
02_linear,Linear,Logistic Regression,0,0,0.0023424464698557504
02_linear,Linear,Logistic Regression,0,0,0.1336620313123917
02_linear,Linear,Logistic Regression,0,0,0.00695782930569869
02_linear,Linear,Logistic Regression,0,0,0.00044499005237247315
02_linear,Linear,Logistic Regression,0,0,0.0021768812920647117
02_linear,Linear,Logistic Regression,0,0,0.06344072364212928
02_linear,Linear,Logistic Regression,0,0,0.2484456608813144
02_linear,Linear,Logistic Regression,0,0,4.148919445813428e-26
02_linear,Linear,Logistic Regression,0,0,4.93251015294828e-05
02_linear,Linear,Logistic Regression,0,0,0.09685696627741765
02_linear,Linear,Logistic Regression,0,0,4.266727033841807e-05
02_linear,Linear,Logistic Regression,0,0,0.14449691987159607
02_linear,Linear,Logistic Regression,0,0,0.3012023999966017
02_linear,Linear,Logistic Regression,0,0,0.024985604242493794
02_linear,Linear,Logistic Regression,1,1,0.9999968652037865
02_linear,Linear,Logistic Regression,0,0,0.040996661004481
02_linear,Linear,Logistic Regression,0,0,0.007888188054790057
02_linear,Linear,Logistic Regression,0,0,0.014538748472823266
02_linear,Linear,Logistic Regression,0,0,0.0007974039751401376
02_linear,Linear,Logistic Regression,0,0,0.005668982078937119
02_linear,Linear,Logistic Regression,0,0,0.05996084337892925
02_linear,Linear,Logistic Regression,1,1,0.9999998906937699
02_linear,Linear,Logistic Regression,0,0,0.003262565178235516
02_linear,Linear,Logistic Regression,1,0,0.1887890889351769
02_linear,Linear,Logistic Regression,0,0,0.001743042236850517
02_linear,Linear,Logistic Regression,1,1,0.9999998891057919
02_linear,Linear,Logistic Regression,0,0,0.009387716770743376
02_linear,Linear,Logistic Regression,1,1,0.999999275081262
02_linear,Linear,Logistic Regression,1,1,0.999999997189098
02_linear,Linear,Logistic Regression,1,0,0.22450555536537634
02_linear,Linear,Logistic Regression,0,0,0.006397763551162683
02_linear,Linear,Logistic Regression,1,1,0.9999993359876015
02_linear,Linear,Logistic Regression,0,0,0.0005637767983198837
02_linear,Linear,Logistic Regression,0,0,0.005186622948575708
02_linear,Linear,Logistic Regression,0,0,0.06877662674505898
02_linear,Linear,Logistic Regression,0,0,0.00019761470919803155
02_linear,Linear,Logistic Regression,1,1,0.9999993446201464
02_linear,Linear,Logistic Regression,0,0,0.0009128159287631675
02_linear,Linear,Logistic Regression,0,0,2.915924497486862e-11
02_linear,Linear,Logistic Regression,0,0,0.45530058882034674
02_linear,Linear,Logistic Regression,0,0,0.024675733271941284
02_linear,Linear,Logistic Regression,0,0,0.30720679613757257
02_linear,Linear,Logistic Regression,0,0,0.00015338098518269218
02_linear,Linear,Logistic Regression,1,1,0.9999990872005778
02_linear,Linear,Logistic Regression,0,0,0.0018224105103891572
02_linear,Linear,Logistic Regression,0,0,0.004109526194738342
02_linear,Linear,Logistic Regression,0,0,2.050197139019117e-06
02_linear,Linear,Logistic Regression,1,1,0.9999996555821438
02_linear,Linear,Logistic Regression,1,1,0.9999998621330649
02_linear,Linear,Logistic Regression,0,0,0.008067195198911031
02_linear,Linear,Logistic Regression,1,1,0.5117664484059138
02_linear,Linear,Logistic Regression,1,1,1.0
02_linear,Linear,Logistic Regression,0,0,0.013642566048284411
02_linear,Linear,Logistic Regression,0,0,0.0776784547985431
02_linear,Linear,Logistic Regression,0,0,0.0023989496300845753
02_linear,Linear,Logistic Regression,0,0,4.2465714305709125e-14
02_linear,Linear,Logistic Regression,0,0,0.05589731594330251
02_linear,Linear,Logistic Regression,0,0,0.08253776097362747
02_linear,Linear,Logistic Regression,0,0,0.0019293540628000376
02_linear,Linear,Logistic Regression,1,1,0.9999986986438691
02_linear,Linear,Logistic Regression,0,0,0.08491597378316273
02_linear,Linear,Logistic Regression,1,1,0.9101502404671341
02_linear,Linear,Logistic Regression,1,1,0.5244589288800219
02_linear,Linear,Logistic Regression,0,0,0.1694446088103925
02_linear,Linear,Logistic Regression,0,0,0.0063545957037789555
02_linear,Linear,Logistic Regression,0,0,0.19909254119643424
02_linear,Linear,Logistic Regression,0,0,0.006174233983894644
02_linear,Linear,Logistic Regression,0,0,0.10916815887936064
02_linear,Linear,Logistic Regression,0,0,1.7424592465699218e-09
02_linear,Linear,Logistic Regression,0,0,3.759313077878298e-05
02_linear,Linear,Logistic Regression,0,0,0.0016672010932630651
02_linear,Linear,Logistic Regression,0,0,0.00555733687096245
02_linear,Linear,Logistic Regression,0,0,0.0020831314815645324
02_linear,Linear,Logistic Regression,0,0,0.011890431015889743
02_linear,Linear,Logistic Regression,0,0,3.2990671302798786e-06
02_linear,Linear,Logistic Regression,1,1,0.751467473152535
02_linear,Linear,Logistic Regression,0,0,0.1041244913031091
02_linear,Linear,Logistic Regression,0,0,0.00010509926704848112
02_linear,Linear,Logistic Regression,0,0,0.0026955290669342835
02_linear,Linear,Logistic Regression,1,1,0.6060504517781458
02_linear,Linear,Logistic Regression,1,1,0.9999999163073879
02_linear,Linear,Logistic Regression,0,0,0.1976877703956986
02_linear,Linear,Logistic Regression,1,1,0.7481628969075129
02_linear,Linear,Logistic Regression,0,0,0.09562302453482559
02_linear,Linear,Logistic Regression,0,0,6.442332153990469e-05
02_linear,Linear,Logistic Regression,0,0,0.00029694107622916415
02_linear,Linear,Logistic Regression,0,0,6.766904113096061e-05
02_linear,Linear,Logistic Regression,0,1,0.5050437385357621
02_linear,Linear,Logistic Regression,0,0,0.011844783729665997
02_linear,Linear,Logistic Regression,0,0,0.13929365141108696
02_linear,Linear,Logistic Regression,0,1,0.6046619485026241
02_linear,Linear,Logistic Regression,0,0,2.5262289265695705e-06
02_linear,Linear,Logistic Regression,0,0,0.2517674650478294
02_linear,Linear,Logistic Regression,0,0,0.007597561199905964
02_linear,Linear,Logistic Regression,0,0,0.0035636111387554775
02_linear,Linear,Logistic Regression,0,0,0.008955442164420154
02_linear,Linear,Logistic Regression,0,0,2.2706791842812757e-08
02_linear,Linear,Logistic Regression,0,0,0.00010003889488726346
02_linear,Linear,Logistic Regression,1,1,0.9999998466539806
02_linear,Linear,Logistic Regression,0,0,0.06180485629449443
02_linear,Linear,Logistic Regression,0,0,8.305089248587742e-06
02_linear,Linear,Logistic Regression,0,0,1.227293326054086e-70
02_linear,Linear,Logistic Regression,0,0,0.4308636084851804
02_linear,Linear,Logistic Regression,0,0,0.00016528922496772327
02_linear,Linear,Logistic Regression,0,0,0.007845144911442595
02_linear,Linear,Logistic Regression,0,0,0.0007627757159873243
02_linear,Linear,Logistic Regression,0,0,0.0006493095184753118
02_linear,Linear,Logistic Regression,0,0,0.0018472377486114574
02_linear,Linear,Logistic Regression,0,0,0.27927608028628587
02_linear,Linear,Logistic Regression,0,0,0.01205712393371618
02_linear,Linear,Logistic Regression,0,0,0.04038288066817186
02_linear,Linear,Logistic Regression,0,0,0.22641726353108216
02_linear,Linear,Logistic Regression,0,0,0.010697167188166216
02_linear,Linear,Logistic Regression,0,0,0.46971002951159413
02_linear,Linear,Logistic Regression,0,0,0.005018673114710578
02_linear,Linear,Logistic Regression,1,1,0.9999999997763682
02_linear,Linear,Logistic Regression,0,0,0.011697137993182137
02_linear,Linear,Logistic Regression,0,0,1.0205622654142884e-05
02_linear,Linear,Logistic Regression,0,0,0.007278076666707556
02_linear,Linear,Logistic Regression,0,0,0.45725912418587256
02_linear,Linear,Logistic Regression,0,0,0.1220254810204457
02_linear,Linear,Logistic Regression,0,0,0.0005356295046473401
02_linear,Linear,Logistic Regression,0,0,0.3572844245483593
02_linear,Linear,Logistic Regression,0,0,0.29036158250683747
02_linear,Linear,Logistic Regression,0,1,0.6294294721209313
02_linear,Linear,Logistic Regression,0,0,0.0809449774467546
02_linear,Linear,Logistic Regression,0,0,0.0010023405723445606
02_linear,Linear,Logistic Regression,0,0,0.10384784373028183
02_linear,Linear,Logistic Regression,0,0,2.4701545479619245e-13
02_linear,Linear,Logistic Regression,0,0,0.004841133961395001
02_linear,Linear,Logistic Regression,0,0,0.01680825264086127
02_linear,Linear,Logistic Regression,0,0,0.08838856985182575
02_linear,Linear,Logistic Regression,0,0,0.008880337160555474
02_linear,Linear,Logistic Regression,0,0,0.008795410844087496
02_linear,Linear,Logistic Regression,0,0,0.13885889954253705
02_linear,Linear,Logistic Regression,0,0,0.2961063743462089
02_linear,Linear,Logistic Regression,0,0,0.003634854480796037
02_linear,Linear,Logistic Regression,0,0,0.13244806563924574
02_linear,Linear,Logistic Regression,1,0,0.3201738283243176
02_linear,Linear,Logistic Regression,0,0,5.303339148023558e-05
02_linear,Linear,Logistic Regression,0,0,0.03302361347180803
02_linear,Linear,Logistic Regression,0,0,0.1315166630156926
02_linear,Linear,Logistic Regression,0,0,0.21544133445865302
02_linear,Linear,Logistic Regression,0,0,5.5622902328020134e-05
02_linear,Linear,Logistic Regression,0,0,0.01838040858772585
02_linear,Linear,Logistic Regression,0,0,1.6059411752088855e-50
02_linear,Linear,Logistic Regression,1,1,0.9999995126757296
02_linear,Linear,Logistic Regression,0,0,0.0008654069320497349
02_linear,Linear,Logistic Regression,0,0,0.16689127244219176
02_linear,Linear,Logistic Regression,1,1,0.999998050854545
02_linear,Linear,Logistic Regression,0,0,0.014288166324391555
02_linear,Linear,Logistic Regression,0,0,0.03501569255411781
02_linear,Linear,Logistic Regression,0,0,0.010938558881360253
02_linear,Linear,Logistic Regression,1,1,1.0
02_linear,Linear,Logistic Regression,1,1,0.9999993747467545
02_linear,Linear,Logistic Regression,0,0,1.356338261255413e-05
02_linear,Linear,Logistic Regression,1,1,0.9999995488241262
02_linear,Linear,Logistic Regression,0,0,0.00010414030255013944
02_linear,Linear,Logistic Regression,0,0,0.03827124008665252
02_linear,Linear,Logistic Regression,0,0,0.18517106957243587
02_linear,Linear,Logistic Regression,0,0,0.004007201189898342
02_linear,Linear,Logistic Regression,0,0,0.030866967642598938
02_linear,Linear,Logistic Regression,1,1,0.9999992339598258
02_linear,Linear,Logistic Regression,1,0,0.1816168249276841
02_linear,Linear,Logistic Regression,0,0,0.12965657550644513
02_linear,Linear,Logistic Regression,0,0,0.06258734374853031
02_linear,Linear,Logistic Regression,0,0,0.0011844549621765682
02_linear,Linear,Logistic Regression,0,0,0.12418593642518141
02_linear,Linear,Logistic Regression,0,0,0.11924862451752101
02_linear,Linear,Logistic Regression,1,1,0.9999999947738931
02_linear,Linear,Logistic Regression,0,0,0.04760328375858166
02_linear,Linear,Logistic Regression,0,0,4.337597534075114e-46
02_linear,Linear,Logistic Regression,0,0,0.012397266501053623
02_linear,Linear,Logistic Regression,0,1,0.7230606198586601
02_linear,Linear,Logistic Regression,0,0,0.010915708369759539
02_linear,Linear,Logistic Regression,1,1,0.9999996905841331
02_linear,Linear,Logistic Regression,0,0,0.008843213026531214
02_linear,Linear,Logistic Regression,1,1,0.9999999999869242
02_linear,Linear,Logistic Regression,0,0,0.00012516256496224195
02_linear,Linear,Logistic Regression,0,0,0.00021407561375455796
02_linear,Linear,Logistic Regression,0,0,0.2391253203967099
02_linear,Linear,Logistic Regression,0,0,0.002042210926278701
02_linear,Linear,Logistic Regression,0,0,0.00017313365507665894
02_linear,Linear,Logistic Regression,0,0,0.06377335193307236
02_linear,Linear,Logistic Regression,1,1,0.9999998560922115
02_linear,Linear,Logistic Regression,0,0,0.0003700817659036516
02_linear,Linear,Logistic Regression,0,0,0.013743701455864144
02_linear,Linear,Logistic Regression,0,0,0.010153147273002707
02_linear,Linear,Logistic Regression,0,0,5.1585843380552666e-05
02_linear,Linear,Logistic Regression,0,0,0.05948485165065811
02_linear,Linear,Logistic Regression,0,0,4.253719727976242e-05
02_linear,Linear,Logistic Regression,1,0,0.10894591466692112
02_linear,Linear,Logistic Regression,0,0,0.005539479884377197
02_linear,Linear,Logistic Regression,0,0,0.007386274771248639
02_linear,Linear,Logistic Regression,1,0,0.40345453338862874
02_linear,Linear,Logistic Regression,0,0,0.006460116410754656
02_linear,Linear,Logistic Regression,1,1,0.9999996017335228
02_linear,Linear,Logistic Regression,1,1,0.99999943031788
02_linear,Linear,Logistic Regression,0,0,3.755739044464614e-05
02_linear,Linear,Logistic Regression,0,1,0.5976505290463088
02_linear,Linear,Logistic Regression,0,0,0.00047270662069257913
02_linear,Linear,Logistic Regression,0,0,0.08256946735833182
02_linear,Linear,Logistic Regression,1,1,0.9999992742747992
02_linear,Linear,Logistic Regression,0,0,0.0027942267511480074
02_linear,Linear,Logistic Regression,0,0,0.055595424497224336
02_linear,Linear,Logistic Regression,1,1,0.9999992170476322
02_linear,Linear,Logistic Regression,0,0,5.268313978753438e-06
02_linear,Linear,Logistic Regression,1,1,0.9999997802293731
02_linear,Linear,Logistic Regression,0,0,0.0005030932283579209
02_linear,Linear,Logistic Regression,0,0,0.06656793147491635
02_linear,Linear,Logistic Regression,0,0,8.135941486392743e-36
02_linear,Linear,Logistic Regression,0,0,0.01563321184719233
02_linear,Linear,Logistic Regression,1,1,0.999998533555152
02_linear,Linear,Logistic Regression,0,0,0.019970942249960627
02_linear,Linear,Logistic Regression,1,1,0.9999995220629051
02_linear,Linear,Logistic Regression,0,0,0.2315531808896162
02_linear,Linear,Logistic Regression,0,0,0.02025086476210716
02_linear,Linear,Logistic Regression,0,0,0.1325424339071673
02_linear,Linear,Logistic Regression,0,0,0.0007295180272672713
02_linear,Linear,Logistic Regression,0,0,0.0416195599697195
02_linear,Linear,Logistic Regression,0,0,0.007731577109304862
02_linear,Linear,Logistic Regression,1,1,0.999987392019689
02_linear,Linear,Logistic Regression,0,0,0.0031372246973758785
02_linear,Linear,Logistic Regression,0,0,0.0009168243499499348
02_linear,Linear,Logistic Regression,0,0,0.0018799599314523103
02_linear,Linear,Logistic Regression,1,1,1.0
02_linear,Linear,Logistic Regression,1,1,0.9999991831787818
02_linear,Linear,Logistic Regression,0,0,0.0013313736880252388
02_linear,Linear,Logistic Regression,0,0,0.018216680838924897
02_linear,Linear,Logistic Regression,1,1,0.7059375800289
02_linear,Linear,Logistic Regression,1,1,0.999999352860206
02_linear,Linear,Logistic Regression,0,0,7.438629446141955e-07
02_linear,Linear,Logistic Regression,0,0,9.407670230685576e-05
02_linear,Linear,Logistic Regression,1,1,0.9999993627324972
02_linear,Linear,Logistic Regression,0,0,0.37288117562460943
02_linear,Linear,Logistic Regression,0,0,0.014998951982737152
02_linear,Linear,Logistic Regression,1,1,1.0
02_linear,Linear,Logistic Regression,0,0,0.03685558640244853
02_linear,Linear,Logistic Regression,0,0,0.003763363033286728
02_linear,Linear,Logistic Regression,0,0,0.04353623696463
02_linear,Linear,Logistic Regression,1,1,0.9999982126478769
02_linear,Linear,Logistic Regression,1,0,0.2399527294210764
02_linear,Linear,Logistic Regression,1,1,0.8689298576034155
02_linear,Linear,Logistic Regression,0,0,0.03796032394023093
02_linear,Linear,Logistic Regression,1,1,0.9999997531365455
02_linear,Linear,Logistic Regression,0,0,3.752375722307561e-10
02_linear,Linear,Logistic Regression,1,0,0.03641085432014267
02_linear,Linear,Logistic Regression,0,0,9.708077905377555e-05
02_linear,Linear,Logistic Regression,0,0,0.30436524525445036
02_linear,Linear,Logistic Regression,0,0,0.0023015293798448497
02_linear,Linear,Logistic Regression,1,1,0.7083124130227733
02_linear,Linear,Logistic Regression,1,1,0.9999998548316509
02_linear,Linear,Logistic Regression,0,0,0.0023050796224766057
02_linear,Linear,Logistic Regression,0,0,0.011756961178930976
02_linear,Linear,Logistic Regression,1,1,0.9999999557651624
02_linear,Linear,Logistic Regression,0,0,0.040464515744222794
02_linear,Linear,Logistic Regression,0,0,0.020767553955485383
02_linear,Linear,Logistic Regression,0,0,0.00018583405517879796
02_linear,Linear,Logistic Regression,1,1,0.9999986454177855
02_linear,Linear,Logistic Regression,0,0,2.04762273563359e-06
02_linear,Linear,Logistic Regression,1,0,0.3791836449228648
02_linear,Linear,Logistic Regression,0,0,5.610123930776519e-06
02_linear,Linear,Logistic Regression,1,1,0.9999997919761512
02_linear,Linear,Logistic Regression,0,0,0.00043505379276955505
02_linear,Linear,Logistic Regression,0,0,0.004421120943851056
02_linear,Linear,Logistic Regression,0,0,0.020385234030939173
02_linear,Linear,Logistic Regression,0,0,0.32628658202900374
02_linear,Linear,Logistic Regression,0,0,0.0024405728173807423
02_linear,Linear,Logistic Regression,0,0,1.3836327681213334e-18
02_linear,Linear,Logistic Regression,0,0,0.021387556189155298
02_linear,Linear,Logistic Regression,0,0,0.17581885307712927
02_linear,Linear,Logistic Regression,0,0,0.0027290184082555905
02_linear,Linear,Logistic Regression,0,0,0.02025742836352188
02_linear,Linear,Logistic Regression,0,0,0.020453839253623755
02_linear,Linear,Logistic Regression,0,0,4.584796178956274e-05
02_linear,Linear,Logistic Regression,0,0,6.692995129053182e-06
02_linear,Linear,Logistic Regression,0,0,0.29674467052829334
02_linear,Linear,Logistic Regression,0,0,0.009660799747407257
02_linear,Linear,Logistic Regression,1,1,0.9999994350907198
02_linear,Linear,Logistic Regression,0,0,0.0004909922685659489
02_linear,Linear,Logistic Regression,0,0,0.02398687495301386
02_linear,Linear,Logistic Regression,1,1,0.9999999581093604
02_linear,Linear,Logistic Regression,0,0,0.005481991866136648
02_linear,Linear,Logistic Regression,0,0,0.3373047884916392
02_linear,Linear,Logistic Regression,0,0,1.3297249252630566e-05
02_linear,Linear,Logistic Regression,0,0,0.01203057732755955
02_linear,Linear,Logistic Regression,0,0,0.30898061707325103
02_linear,Linear,Logistic Regression,0,0,0.059751212262323765
02_linear,Linear,Logistic Regression,0,0,0.016165834883890555
02_linear,Linear,Logistic Regression,0,0,0.2030550029754309
02_linear,Linear,Logistic Regression,0,0,0.020712343177921304
02_linear,Linear,Logistic Regression,0,0,5.620106094429321e-05
02_linear,Linear,Logistic Regression,0,0,0.04330792909431623
02_linear,Linear,Logistic Regression,0,0,7.519705960331453e-05
02_linear,Linear,Logistic Regression,0,0,1.3649354320553074e-09
02_linear,Linear,Logistic Regression,0,0,0.00023448392312027083
02_linear,Linear,Logistic Regression,0,0,0.006088119885421308
02_linear,Linear,Logistic Regression,0,0,0.0027900796551156267
02_linear,Linear,Logistic Regression,0,0,3.4039191712555496e-21
02_linear,Linear,Logistic Regression,0,0,0.007365798528239585
02_linear,Linear,Logistic Regression,0,0,0.007219910464346945
02_linear,Linear,Logistic Regression,0,0,0.006355080399678919
02_linear,Linear,Logistic Regression,0,0,6.961828508155008e-22
02_linear,Linear,Logistic Regression,1,1,0.9999997435366854
02_linear,Linear,Logistic Regression,0,0,0.01259187239367695
02_linear,Linear,Logistic Regression,0,0,0.23908683465850386
02_linear,Linear,Logistic Regression,0,0,0.04262542904757657
02_linear,Linear,Logistic Regression,0,0,0.01906122301224872
02_linear,Linear,Logistic Regression,1,1,0.6065351458909928
02_linear,Linear,Logistic Regression,0,0,0.008044846680295805
02_linear,Linear,Logistic Regression,0,0,0.09833925733360498
02_linear,Linear,Logistic Regression,0,0,4.1304157525879036e-05
02_linear,Linear,Logistic Regression,0,0,1.5928613626406842e-12
02_linear,Linear,Logistic Regression,0,0,0.45540692421836093
02_linear,Linear,Logistic Regression,1,1,0.9999982359568212
02_linear,Linear,Logistic Regression,0,0,0.02289496337877301
02_linear,Linear,Logistic Regression,0,0,0.010174147621916327
02_linear,Linear,Logistic Regression,0,0,0.08736691225065213
02_linear,Linear,Logistic Regression,1,0,0.4003993804795587
02_linear,Linear,Logistic Regression,0,0,0.005396126049259404
02_linear,Linear,Logistic Regression,0,0,7.085578153415966e-27
02_linear,Linear,Logistic Regression,0,1,0.6405807697576946
02_linear,Linear,Logistic Regression,1,1,0.9999999581568091
02_linear,Linear,Logistic Regression,0,0,0.2316645857331671
02_linear,Linear,Logistic Regression,0,0,0.0006480340804567137
02_linear,Linear,Logistic Regression,0,0,0.0023865652728049546
02_linear,Linear,Logistic Regression,0,0,0.007561992982285552
02_linear,Linear,Logistic Regression,0,0,0.24498394734706552
02_linear,Linear,Logistic Regression,1,1,0.9999992164722458
02_linear,Linear,Logistic Regression,0,0,0.03405172071547833
02_linear,Linear,Logistic Regression,0,0,0.003175989127261286
02_linear,Linear,Logistic Regression,1,0,0.43278403519871284
02_linear,Linear,Logistic Regression,1,1,0.9999983213370147
02_linear,Linear,Logistic Regression,1,0,0.28796768017709956
02_linear,Linear,Logistic Regression,1,0,0.2448490489738161
02_linear,Linear,Logistic Regression,0,0,0.0019576581990566723
02_linear,Linear,Logistic Regression,1,1,0.9999993559824796
02_linear,Linear,Logistic Regression,1,1,0.9999999363533534
02_linear,Linear,Logistic Regression,0,1,0.6666456360170876
02_linear,Linear,Logistic Regression,1,0,0.2803677671519657
02_linear,Linear,Logistic Regression,0,0,4.14377273044182e-06
02_linear,Linear,Logistic Regression,0,0,0.020397965978823072
02_linear,Linear,Logistic Regression,1,0,0.4485279600128635
02_linear,Linear,Logistic Regression,0,0,0.21909440575161848
02_linear,Linear,Logistic Regression,1,1,0.9999988985264361
02_linear,Linear,Logistic Regression,0,0,0.16695075418019084
02_linear,Linear,Logistic Regression,0,0,0.0013390084088538892
02_linear,Linear,Logistic Regression,0,0,8.308760885719014e-06
02_linear,Linear,Logistic Regression,0,0,1.169477297566901e-16
02_linear,Linear,Logistic Regression,0,0,0.0002512407316620401
02_linear,Linear,Logistic Regression,0,0,0.0012683952797923894
02_linear,Linear,Logistic Regression,0,0,2.946422456601023e-09
02_linear,Linear,Logistic Regression,1,1,0.9999993331140886
02_linear,Linear,Logistic Regression,1,1,0.9999995660916783
02_linear,Linear,Logistic Regression,0,0,1.6541974474975183e-05
02_linear,Linear,Logistic Regression,1,1,0.9999993763271235
02_linear,Linear,Logistic Regression,0,0,0.004658150666819623
02_linear,Linear,Logistic Regression,0,0,0.025076107616963123
02_linear,Linear,Logistic Regression,0,0,8.38146150985138e-05
02_linear,Linear,Logistic Regression,0,0,0.010993550873753373
02_linear,Linear,Logistic Regression,0,0,1.1733436087117379e-07
02_linear,Linear,Logistic Regression,0,0,0.003330504218419356
02_linear,Linear,Logistic Regression,0,0,0.019819144716909914
02_linear,Linear,Logistic Regression,0,0,0.06431754208198084
02_linear,Linear,Logistic Regression,0,0,1.7799238713322166e-10
02_linear,Linear,Logistic Regression,0,0,0.021085060812605288
02_linear,Linear,Logistic Regression,0,0,0.28275508174883635
02_linear,Linear,Logistic Regression,0,0,0.19162570188650818
02_linear,Linear,Logistic Regression,0,0,0.00148250278614311
02_linear,Linear,Logistic Regression,0,0,0.3674130937762971
02_linear,Linear,Logistic Regression,0,0,0.010500018149339138
02_linear,Linear,Logistic Regression,0,0,0.005234828936870913
02_linear,Linear,Logistic Regression,0,0,0.004424349452637215
02_linear,Linear,Logistic Regression,0,0,0.1870746762518821
02_linear,Linear,Logistic Regression,0,0,0.00668303535766084
02_linear,Linear,Logistic Regression,0,0,0.00940054259669715
02_linear,Linear,Logistic Regression,1,0,0.48094414574383626
02_linear,Linear,Logistic Regression,0,0,0.028284460197351945
02_linear,Linear,Logistic Regression,1,1,0.9999993033630233
02_linear,Linear,Logistic Regression,0,0,0.16723236173047304
02_linear,Linear,Logistic Regression,0,0,0.00224242915469887
02_linear,Linear,Logistic Regression,1,1,0.9999970527098935
02_linear,Linear,Logistic Regression,0,0,0.013843133608857243
02_linear,Linear,Logistic Regression,0,0,0.382123021715265
02_linear,Linear,Logistic Regression,1,1,0.9999998742362315
02_linear,Linear,Logistic Regression,0,0,0.027160133055861273
02_linear,Linear,Logistic Regression,0,0,0.01109432696965825
02_linear,Linear,Logistic Regression,0,0,0.07609845647170403
02_linear,Linear,Logistic Regression,0,0,0.43440469866079606
02_linear,Linear,Logistic Regression,0,0,0.0008310216309778795
02_linear,Linear,Logistic Regression,0,0,0.019178421383304185
02_linear,Linear,Logistic Regression,1,1,0.999991482945606
02_linear,Linear,Logistic Regression,0,0,0.003218015570812088
02_linear,Linear,Logistic Regression,0,0,0.007714102219462831
02_linear,Linear,Logistic Regression,0,0,0.005852009694832044
02_linear,Linear,Logistic Regression,0,0,0.008955812890400263
02_linear,Linear,Logistic Regression,0,0,0.004777714272284433
02_linear,Linear,Logistic Regression,0,0,0.37455648853509116
02_linear,Linear,Logistic Regression,0,0,0.33270043766439855
02_linear,Linear,Logistic Regression,0,0,0.19084378271642727
02_linear,Linear,Logistic Regression,1,0,0.2243352264724963
02_linear,Linear,Logistic Regression,0,0,0.0015614816092331164
02_linear,Linear,Logistic Regression,1,0,0.3946143197437016
02_linear,Linear,Logistic Regression,0,0,0.00015507110985166437
02_linear,Linear,Logistic Regression,0,0,0.20886684436490266
02_linear,Linear,Logistic Regression,0,0,0.04441690343651344
02_linear,Linear,Logistic Regression,1,1,0.9999951755536107
02_linear,Linear,Logistic Regression,0,0,7.362824267406524e-05
02_linear,Linear,Logistic Regression,0,0,0.0001160429359146081
02_linear,Linear,Logistic Regression,0,0,0.02007373389083846
02_linear,Linear,Logistic Regression,0,0,0.044058184388320945
02_linear,Linear,Logistic Regression,1,1,0.9999995872978771
02_linear,Linear,Logistic Regression,0,0,0.033357003588785565
02_linear,Linear,Logistic Regression,0,0,0.02540247147566609
02_linear,Linear,Logistic Regression,0,0,0.0533587644553424
02_linear,Linear,Logistic Regression,0,0,0.11367939053863599
02_linear,Linear,Logistic Regression,1,1,0.9999992951397735
02_linear,Linear,Logistic Regression,0,0,0.006462494059733851
02_linear,Linear,Logistic Regression,0,0,0.21256129428807943
02_linear,Linear,Logistic Regression,0,0,0.0009685684141438907
02_linear,Linear,Logistic Regression,0,0,9.633127092767512e-06
02_linear,Linear,Logistic Regression,0,0,0.007852985729061861
02_linear,Linear,Logistic Regression,0,0,0.030552020418543636
02_linear,Linear,Logistic Regression,1,0,0.3436429554839685
02_linear,Linear,Logistic Regression,0,0,0.13482168733159086
02_linear,Linear,Logistic Regression,0,0,0.007137310963132433
02_linear,Linear,Logistic Regression,0,0,0.004579389415648278
02_linear,Linear,Logistic Regression,0,0,0.0022200056751939565
02_linear,Linear,Logistic Regression,1,1,0.999999691359462
02_linear,Linear,Logistic Regression,0,0,0.37275888516614697
02_linear,Linear,Logistic Regression,1,1,0.9999999034897502
02_linear,Linear,Logistic Regression,0,0,1.6216467511170087e-13
02_linear,Linear,Logistic Regression,0,0,0.09245124161059123
02_linear,Linear,Logistic Regression,0,0,0.07311270707584866
02_linear,Linear,Logistic Regression,0,0,0.0022326079060917946
02_linear,Linear,Logistic Regression,0,0,0.0038236366482975173
02_linear,Linear,Logistic Regression,1,1,0.9999997829428979
02_linear,Linear,Logistic Regression,1,1,0.7553606068656716
02_linear,Linear,Logistic Regression,0,0,2.442694298936033e-06
02_linear,Linear,Logistic Regression,1,1,0.9999998569316522
02_linear,Linear,Logistic Regression,0,0,0.0023829844047317935
02_linear,Linear,Logistic Regression,0,0,0.08206150694612599
02_linear,Linear,Logistic Regression,1,1,0.5685479270769417
02_linear,Linear,Logistic Regression,0,0,0.006789139985602378
02_linear,Linear,Logistic Regression,0,0,3.760592773105827e-07
02_linear,Linear,Logistic Regression,0,0,0.00470749125100923
02_linear,Linear,Logistic Regression,0,0,0.037413971058788194
02_linear,Linear,Logistic Regression,0,0,0.07955322369885143
02_linear,Linear,Logistic Regression,0,0,0.001077276090208585
02_linear,Linear,Logistic Regression,0,0,0.01148929632029545
02_linear,Linear,Logistic Regression,0,0,0.0037249866342091097
02_linear,Linear,Logistic Regression,1,0,0.21053726154506863
02_linear,Linear,Logistic Regression,1,1,0.9999993905521645
02_linear,Linear,Logistic Regression,0,0,8.20390938322563e-05
02_linear,Linear,Logistic Regression,0,0,0.027366357720598963
02_linear,Linear,Logistic Regression,0,0,0.01590612644082301
02_linear,Linear,Logistic Regression,0,0,3.5084252714609017e-05
02_linear,Linear,Logistic Regression,0,0,0.0013074623870913315
02_linear,Linear,Logistic Regression,0,0,0.006626107094763152
02_linear,Linear,Logistic Regression,0,0,0.23254405444570714
02_linear,Linear,Logistic Regression,0,0,0.015371366528786772
02_linear,Linear,Logistic Regression,0,0,1.4548401976229426e-05
02_linear,Linear,Logistic Regression,0,0,0.035244861609313595
02_linear,Linear,Logistic Regression,0,0,0.0715814056026014
02_linear,Linear,Logistic Regression,1,1,0.9999997612231728
02_linear,Linear,Logistic Regression,0,0,0.21338141047754133
02_linear,Linear,Logistic Regression,0,0,5.842527278069377e-05
02_linear,Linear,Logistic Regression,0,0,0.0022501000218429655
02_linear,Linear,Logistic Regression,1,1,0.9999999555460277
02_linear,Linear,Logistic Regression,0,0,0.01765405399959175
02_linear,Linear,Logistic Regression,0,0,2.4144460479229485e-08
02_linear,Linear,Logistic Regression,0,0,0.003314051635016582
02_linear,Linear,Logistic Regression,0,0,0.07251597443616015
02_linear,Linear,Logistic Regression,0,0,6.0384665845733e-15
02_linear,Linear,Logistic Regression,1,1,0.9999999418452663
02_linear,Linear,Logistic Regression,0,0,0.10327283040195043
02_linear,Linear,Logistic Regression,1,1,0.9999994153736912
02_linear,Linear,Logistic Regression,0,0,0.09865704406068525
02_linear,Linear,Logistic Regression,0,0,0.0007683380745685105
02_linear,Linear,Logistic Regression,0,0,0.06503923828866648
02_linear,Linear,Logistic Regression,1,1,0.9999998963145896
02_linear,Linear,Logistic Regression,0,0,0.044965731325310114
02_linear,Linear,Logistic Regression,0,0,7.572504532812901e-05
02_linear,Linear,Logistic Regression,0,0,0.010915384479909432
02_linear,Linear,Logistic Regression,0,0,0.05913979978697024
02_linear,Linear,Logistic Regression,1,0,0.2832132894015187
02_linear,Linear,Logistic Regression,0,0,0.0012187459375044378
02_linear,Linear,Logistic Regression,1,1,0.6881751016073815
02_linear,Linear,Logistic Regression,0,0,0.0036807782559042084
02_linear,Linear,Logistic Regression,0,0,0.007311788911752854
02_linear,Linear,Logistic Regression,0,0,3.1858283602510103e-18
02_linear,Linear,Logistic Regression,1,0,0.4980161198423295
02_linear,Linear,Logistic Regression,1,1,0.999999658337216
02_linear,Linear,Logistic Regression,0,0,0.00012195435460642012
02_linear,Linear,Logistic Regression,0,0,0.43928178950009006
02_linear,Linear,Logistic Regression,0,0,0.20961259130279014
02_linear,Linear,Logistic Regression,0,0,0.01785847066073254
02_linear,Linear,Logistic Regression,0,0,0.0071006319737423424
02_linear,Linear,Logistic Regression,0,0,3.1205288970543758e-21
02_linear,Linear,Logistic Regression,0,0,0.24785246103426678
02_linear,Linear,Logistic Regression,0,0,0.058295079661546505
02_linear,Linear,Logistic Regression,0,0,0.0030610426972700827
02_linear,Linear,Logistic Regression,0,0,0.0016903314163167298
02_linear,Linear,Logistic Regression,0,0,2.3680875952914658e-09
02_linear,Linear,Logistic Regression,0,0,0.34992347731475604
02_linear,Linear,Logistic Regression,1,1,0.9999988469956516
02_linear,Linear,Logistic Regression,0,0,0.036582316541351426
02_linear,Linear,Logistic Regression,0,0,0.3838970514248874
02_linear,Linear,Logistic Regression,0,0,0.3770917264778598
02_linear,Linear,Logistic Regression,1,1,0.9999987311923906
02_linear,Linear,Logistic Regression,0,0,0.00015644237694570793
02_linear,Linear,Logistic Regression,0,0,0.000618568056987391
02_linear,Linear,Logistic Regression,0,0,0.0057673770863478045
02_linear,Linear,Logistic Regression,0,0,0.09309239950176271
02_linear,Linear,Logistic Regression,0,0,0.15111860476339262
02_linear,Linear,Logistic Regression,0,0,0.004714855121220093
02_linear,Linear,Logistic Regression,0,0,0.2428646577845134
02_linear,Linear,Logistic Regression,0,0,0.17631568703215902
02_linear,Linear,Logistic Regression,0,0,6.455641442552593e-10
02_linear,Linear,Logistic Regression,0,0,0.3679696411348823
02_linear,Linear,Logistic Regression,1,1,0.746378862862217
02_linear,Linear,Logistic Regression,0,0,0.020049069754139743
02_linear,Linear,Logistic Regression,0,0,0.1497070109548966
02_linear,Linear,Logistic Regression,1,1,0.9999999275223369
02_linear,Linear,Logistic Regression,0,0,0.013975729599196685
02_linear,Linear,Logistic Regression,1,1,0.9999993598080532
02_linear,Linear,Logistic Regression,0,0,0.0027568335141645705
02_linear,Linear,Logistic Regression,0,0,0.4623456714351268
02_linear,Linear,Logistic Regression,0,0,0.462510335085037
02_linear,Linear,Logistic Regression,1,1,0.9999995294483337
02_linear,Linear,Logistic Regression,1,1,0.5214208928222289
02_linear,Linear,Logistic Regression,1,0,0.25669795536104983
02_linear,Linear,Logistic Regression,0,0,0.014180750337305464
02_linear,Linear,Logistic Regression,0,0,0.000997615702320859
02_linear,Linear,Logistic Regression,1,1,0.5568192507369258
02_linear,Linear,Logistic Regression,0,0,0.008734224133609495
02_linear,Linear,Logistic Regression,0,0,0.0005210445335506578
02_linear,Linear,Logistic Regression,0,0,0.2493246103588384
02_linear,Linear,Logistic Regression,0,0,0.008317608425058857
02_linear,Linear,Logistic Regression,0,0,0.0017287488583222798
02_linear,Linear,Logistic Regression,0,1,0.6742896188128525
02_linear,Linear,Logistic Regression,0,0,0.01664778207817909
02_linear,Linear,Logistic Regression,0,0,0.019353901500371078
02_linear,Linear,Logistic Regression,0,0,0.12279788459754598
02_linear,Linear,Logistic Regression,0,0,1.2316301081422438e-07
02_linear,Linear,Logistic Regression,0,0,0.007075317255921011
02_linear,Linear,Logistic Regression,1,1,0.5308790888647763
02_linear,Linear,Logistic Regression,0,0,0.008521457745648189
02_linear,Linear,Logistic Regression,0,0,0.04364625121530805
02_linear,Linear,Logistic Regression,0,0,7.097609086372727e-18
02_linear,Linear,Logistic Regression,0,0,0.0002329209515962806
02_linear,Linear,Logistic Regression,1,1,0.9999998227335559
02_linear,Linear,Logistic Regression,0,0,0.3675647076251793
02_linear,Linear,Logistic Regression,0,0,0.1499289120066909
02_linear,Linear,Logistic Regression,0,0,0.08305956409843601
02_linear,Linear,Logistic Regression,0,0,0.03043505316809711
02_linear,Linear,Logistic Regression,0,0,0.011894681675271053
02_linear,Linear,Logistic Regression,0,0,0.2502779948646552
02_linear,Linear,Logistic Regression,1,0,0.3624213155758574
02_linear,Linear,Logistic Regression,0,0,0.3307044857501247
02_linear,Linear,Logistic Regression,0,0,0.0005917395468943425
02_linear,Linear,Logistic Regression,0,0,7.506130417634891e-05
02_linear,Linear,Logistic Regression,0,0,0.12645011648980894
02_linear,Linear,Logistic Regression,0,0,0.4348357077391661
02_linear,Linear,Logistic Regression,0,0,0.002794166640168143
02_linear,Linear,Logistic Regression,0,0,0.003712555214964642
02_linear,Linear,Logistic Regression,0,0,2.8942163295249464e-13
02_linear,Linear,Logistic Regression,0,0,0.07668108137149493
02_linear,Linear,Logistic Regression,1,1,0.5593279944416379
02_linear,Linear,Logistic Regression,0,0,0.2723182164932581
02_linear,Linear,Logistic Regression,0,0,1.3026096113221188e-08
02_linear,Linear,Logistic Regression,0,0,9.709962294006231e-18
02_linear,Linear,Logistic Regression,0,1,0.5886900657686155
02_linear,Linear,Logistic Regression,1,1,0.9999998877713
02_linear,Linear,Logistic Regression,1,0,0.49993870662636536
02_linear,Linear,Logistic Regression,0,0,3.6283571439780513e-08
02_linear,Linear,Logistic Regression,0,0,0.015512376430634408
02_linear,Linear,Logistic Regression,0,0,0.005602240499589686
02_linear,Linear,Logistic Regression,1,1,0.7245963866750811
02_linear,Linear,Logistic Regression,0,0,0.0005095109327476182
02_linear,Linear,Logistic Regression,0,0,0.006931932122331365
02_linear,Linear,Logistic Regression,0,0,0.012590855337625809
02_linear,Linear,Logistic Regression,1,0,0.2912290118610884
02_linear,Linear,Logistic Regression,1,1,0.6850602734426555
02_linear,Linear,Logistic Regression,0,0,0.1473810854472985
02_linear,Linear,Logistic Regression,0,0,0.2841013166107454
02_linear,Linear,Logistic Regression,0,0,4.8903379315537255e-05
02_linear,Linear,Logistic Regression,0,0,0.0033475453381501042
02_linear,Linear,Logistic Regression,0,0,0.24438134125983674
02_linear,Linear,Logistic Regression,0,0,0.0012927869880381398
02_linear,Linear,Logistic Regression,1,1,0.9999996647449669
02_linear,Linear,Logistic Regression,0,0,0.08734494890115743
02_linear,Linear,Logistic Regression,0,0,0.02774096259373707
02_linear,Linear,Logistic Regression,0,0,3.027027147307384e-08
02_linear,Linear,Logistic Regression,0,0,0.0027485469022311497
02_linear,Linear,Logistic Regression,0,0,0.00208106266267872
02_linear,Linear,Logistic Regression,0,0,0.0313768518999453
02_linear,Linear,Logistic Regression,1,1,0.9999999935125603
02_linear,Linear,Logistic Regression,0,0,0.0030914835961570577
02_linear,Linear,Logistic Regression,0,0,0.00011277137664057219
02_linear,Linear,Logistic Regression,1,1,0.9999950588992234
02_linear,Linear,Logistic Regression,1,1,0.999990212819132
02_linear,Linear,Logistic Regression,0,0,0.09352886987949613
02_linear,Linear,Logistic Regression,1,0,0.27054588699902815
02_linear,Linear,Logistic Regression,0,0,0.00035696844526249873
02_linear,Linear,Logistic Regression,0,0,0.002171128953588273
02_linear,Linear,Logistic Regression,0,0,0.0004186513943452842
02_linear,Linear,Logistic Regression,0,0,0.0004177515802172638
02_linear,Linear,Logistic Regression,0,0,0.46076636265090154
02_linear,Linear,Logistic Regression,0,0,0.029535757389790054
02_linear,Linear,Logistic Regression,0,0,0.004742518532728325
02_linear,Linear,Logistic Regression,0,0,1.8134174280526342e-08
02_linear,Linear,Logistic Regression,0,0,0.09159431992482067
02_linear,Linear,Logistic Regression,1,1,0.9999991670507392
02_linear,Linear,Logistic Regression,0,1,0.6436805172850864
02_linear,Linear,Logistic Regression,0,0,0.021555402290335042
02_linear,Linear,Logistic Regression,0,0,0.008315992872636378
02_linear,Linear,Logistic Regression,1,1,0.9999983172932985
02_linear,Linear,Logistic Regression,0,0,0.11431815007185221
02_linear,Linear,Logistic Regression,0,0,0.21571968454707383
02_linear,Linear,Logistic Regression,0,0,0.27266648236447877
02_linear,Linear,Logistic Regression,0,0,0.03669220189303099
02_linear,Linear,Logistic Regression,0,0,0.002997962836733816
02_linear,Linear,Logistic Regression,0,0,0.001430023157886702
02_linear,Linear,Logistic Regression,0,0,4.469542313993487e-05
02_linear,Linear,Logistic Regression,0,0,0.00031803545319903894
02_linear,Linear,Logistic Regression,0,0,0.06332528498260206
02_linear,Linear,Logistic Regression,0,0,8.671732335695247e-10
02_linear,Linear,Logistic Regression,0,0,0.038154969469873366
02_linear,Linear,Logistic Regression,0,0,0.007068239986301426
02_linear,Linear,Logistic Regression,0,0,0.36436830730769787
02_linear,Linear,Logistic Regression,1,0,0.399692283330819
02_linear,Linear,Logistic Regression,0,0,0.10783469272442554
02_linear,Linear,Logistic Regression,0,0,0.011589714444210784
02_linear,Linear,Logistic Regression,0,0,0.0063152055474679615
02_linear,Linear,Logistic Regression,1,0,0.31436513948269607
02_linear,Linear,Logistic Regression,0,0,0.00011695725255270493
02_linear,Linear,Logistic Regression,0,0,0.0217662972850913
02_linear,Linear,Logistic Regression,1,1,0.9999974113686478
02_linear,Linear,Logistic Regression,1,1,0.9999999251364251
02_linear,Linear,Logistic Regression,0,0,0.2694729895862999
02_linear,Linear,Logistic Regression,0,0,1.4508989998088874e-05
02_linear,Linear,Logistic Regression,1,1,0.6292278485647845
02_linear,Linear,Logistic Regression,0,0,0.15668759570706933
02_linear,Linear,Logistic Regression,0,0,3.0591178189107907e-10
02_linear,Linear,Logistic Regression,1,1,0.9999999053844514
02_linear,Linear,Logistic Regression,0,0,1.3739980433548584e-05
02_linear,Linear,Logistic Regression,0,0,0.0031395109209237065
02_linear,Linear,Logistic Regression,0,0,0.149762436278122
02_linear,Linear,Logistic Regression,0,0,0.07092882405879568
02_linear,Linear,Logistic Regression,1,1,0.9999998281953051
02_linear,Linear,Logistic Regression,0,0,0.385356945234198
02_linear,Linear,Logistic Regression,1,1,0.9999991314062062
02_linear,Linear,Logistic Regression,1,1,0.868068457885047
02_linear,Linear,Logistic Regression,1,1,0.9999992571687315
02_linear,Linear,Logistic Regression,0,0,1.6349273970608762e-147
02_linear,Linear,Logistic Regression,0,0,0.18518802149693353
02_linear,Linear,Logistic Regression,1,1,0.9999996964037561
02_linear,Linear,Logistic Regression,1,1,0.9999991470757316
02_linear,Linear,Logistic Regression,0,0,0.04623533948617336
02_linear,Linear,Logistic Regression,0,0,5.861768235628311e-06
02_linear,Linear,Logistic Regression,0,0,0.009459852842508202
02_linear,Linear,Logistic Regression,0,0,0.009855362121943918
02_linear,Linear,Logistic Regression,0,0,0.00917070493745257
02_linear,Linear,Logistic Regression,0,0,0.17553699174507592
02_linear,Linear,Logistic Regression,0,0,0.09446285753808442
02_linear,Linear,Logistic Regression,1,1,0.9999990031851134
02_linear,Linear,Logistic Regression,0,0,0.00029228577892829696
02_linear,Linear,Logistic Regression,0,0,6.940324232621934e-06
02_linear,Linear,Logistic Regression,0,0,0.006232154540237629
02_linear,Linear,Logistic Regression,0,0,4.666406984553857e-05
02_linear,Linear,Logistic Regression,0,0,0.008015266556835201
02_linear,Linear,Logistic Regression,0,0,0.1381608042327566
02_linear,Linear,Logistic Regression,0,0,0.19695348948839708
02_linear,Linear,Logistic Regression,0,0,0.07500187675306391
02_linear,Linear,Logistic Regression,0,0,0.0032067443855233824
02_linear,Linear,Logistic Regression,0,0,0.033019083849363806
02_linear,Linear,Logistic Regression,0,0,0.1201215991485129
02_linear,Linear,Logistic Regression,0,0,0.01824041366133747
02_linear,Linear,Logistic Regression,0,0,0.052831463713665275
02_linear,Linear,Logistic Regression,0,0,0.006220232737321139
02_linear,Linear,Logistic Regression,1,0,0.10920222769406297
02_linear,Linear,Logistic Regression,0,0,0.12309700785821578
02_linear,Linear,Logistic Regression,1,0,0.40645422635779704
02_linear,Linear,Logistic Regression,1,1,0.9999994382331766
02_linear,Linear,Logistic Regression,1,1,0.6771056068330837
02_linear,Linear,Logistic Regression,0,0,0.002133672723923898
02_linear,Linear,Logistic Regression,0,0,0.011532082506132366
02_linear,Linear,Logistic Regression,0,0,0.013830332241185109
02_linear,Linear,Logistic Regression,0,0,0.012909133898913001
02_linear,Linear,Logistic Regression,1,0,0.18264672235369023
02_linear,Linear,Logistic Regression,0,0,0.0016384854819817267
02_linear,Linear,Logistic Regression,0,0,0.008894392167046274
02_linear,Linear,Logistic Regression,1,1,0.9999888502163025
02_linear,Linear,Logistic Regression,0,0,0.017180529637191987
02_linear,Linear,Logistic Regression,0,0,0.01602226297251149
02_linear,Linear,Logistic Regression,1,0,0.46483322562404455
02_linear,Linear,Logistic Regression,0,0,0.0012140723560692217
02_linear,Linear,Logistic Regression,0,0,0.025813588960514017
02_linear,Linear,Logistic Regression,1,1,0.6560785965510437
02_linear,Linear,Logistic Regression,1,0,0.44482570417464307
02_linear,Linear,Logistic Regression,0,0,0.018959769151437256
02_linear,Linear,Logistic Regression,0,0,0.0003845675796030028
02_linear,Linear,Logistic Regression,0,0,0.014385951916249069
02_linear,Linear,Logistic Regression,0,0,0.00018123666239749928
02_linear,Linear,Logistic Regression,0,0,0.024935665992866337
02_linear,Linear,Logistic Regression,0,0,1.3985737949586647e-05
02_linear,Linear,Logistic Regression,0,0,0.0010402955658126265
02_linear,Linear,Logistic Regression,0,0,1.0265488427262453e-08
02_linear,Linear,Logistic Regression,1,1,0.681771314391008
02_linear,Linear,Logistic Regression,0,0,0.009106521764422585
02_linear,Linear,Logistic Regression,0,0,0.0017472501979566325
02_linear,Linear,Logistic Regression,0,0,1.0136328293235928e-14
02_linear,Linear,Logistic Regression,0,0,0.02985980569303798
02_linear,Linear,Logistic Regression,0,0,5.415671965830642e-05
02_linear,Linear,Logistic Regression,0,0,0.01868558893791056
02_linear,Linear,Logistic Regression,0,0,0.0005210103668906361
02_linear,Linear,Logistic Regression,0,0,0.22318181201414775
02_linear,Linear,Logistic Regression,0,0,0.008258688360794365
02_linear,Linear,Logistic Regression,0,0,0.028869385916733888
02_linear,Linear,Logistic Regression,0,0,0.003409566410230283
02_linear,Linear,Logistic Regression,0,0,0.07291836491937641
02_linear,Linear,Logistic Regression,0,0,0.00456337886281387
02_linear,Linear,Logistic Regression,0,0,0.06022016614324102
02_linear,Linear,Logistic Regression,1,1,0.9999991857197914
02_linear,Linear,Logistic Regression,0,0,0.41785703142642444
02_linear,Linear,Logistic Regression,1,1,0.9999984723360208
02_linear,Linear,Logistic Regression,0,0,0.0024711900962483676
02_linear,Linear,Logistic Regression,0,1,0.9999996252005884
02_linear,Linear,Logistic Regression,0,0,0.1725527805318626
02_linear,Linear,Logistic Regression,1,1,0.9999996322057603
02_linear,Linear,Logistic Regression,0,0,0.006676239706004647
02_linear,Linear,Logistic Regression,0,0,0.00447830355420666
02_linear,Linear,Logistic Regression,0,0,1.4220914061151029e-08
02_linear,Linear,Logistic Regression,0,0,0.002820358411964522
02_linear,Linear,Logistic Regression,0,1,1.0
02_linear,Linear,Logistic Regression,0,0,0.015528691452660484
02_linear,Linear,Logistic Regression,0,0,4.867260051919606e-07
02_linear,Linear,Logistic Regression,0,0,6.38868152014884e-05
02_linear,Linear,Logistic Regression,0,0,0.0007812284180990912
02_linear,Linear,Logistic Regression,0,0,0.00017167977743159837
02_linear,Linear,Logistic Regression,0,0,0.009288387012423066
02_linear,Linear,Logistic Regression,0,0,0.001671895545487725
02_linear,Linear,Logistic Regression,1,1,0.6292402542088119
02_linear,Linear,Logistic Regression,1,1,0.6101755541359083
02_linear,Linear,Logistic Regression,0,0,0.11042865518876055
02_linear,Linear,Logistic Regression,0,0,0.0030820705772212306
02_linear,Linear,Logistic Regression,0,0,4.729031290052619e-49
02_linear,Linear,Logistic Regression,0,0,0.0006514465306928468
02_linear,Linear,Logistic Regression,0,0,0.0002809957773478742
02_linear,Linear,Logistic Regression,0,0,0.004280051703969258
02_linear,Linear,Logistic Regression,0,0,0.0022888444915466007
02_linear,Linear,Logistic Regression,0,0,0.006908343757680539
02_linear,Linear,Logistic Regression,1,1,0.9999984691968179
02_linear,Linear,Logistic Regression,0,0,0.007632644793665986
02_linear,Linear,Logistic Regression,0,0,0.23762603781123012
02_linear,Linear,Logistic Regression,0,0,0.04474177102268543
02_linear,Linear,Logistic Regression,1,1,0.9999997649935254
02_linear,Linear,Logistic Regression,0,0,0.016580980327881994
02_linear,Linear,Logistic Regression,0,0,0.07394842465477004
02_linear,Linear,Logistic Regression,0,0,4.510574155200043e-05
02_linear,Linear,Logistic Regression,1,1,0.9999998934551242
02_linear,Linear,Logistic Regression,1,0,0.3721826006490995
02_linear,Linear,Logistic Regression,0,0,0.3023669160860782
02_linear,Linear,Logistic Regression,0,0,0.15510716124062487
02_linear,Linear,Logistic Regression,0,0,0.0022573127084768024
02_linear,Linear,Logistic Regression,0,0,0.474757815800135
02_linear,Linear,Logistic Regression,0,1,0.5176236100013959
02_linear,Linear,Logistic Regression,0,0,0.001821226221074317
02_linear,Linear,Logistic Regression,0,0,5.707913768875796e-09
02_linear,Linear,Logistic Regression,1,1,0.9999997584995225
02_linear,Linear,Logistic Regression,0,0,0.10627079903549687
02_linear,Linear,Logistic Regression,0,0,0.006952428459077061
02_linear,Linear,Logistic Regression,1,1,0.999999925669127
02_linear,Linear,Logistic Regression,1,1,0.9999999999843265
02_linear,Linear,Logistic Regression,1,1,0.9999999517753998
02_linear,Linear,Logistic Regression,0,0,0.048478066735931774
02_linear,Linear,Logistic Regression,0,0,0.336441550769041
02_linear,Linear,Logistic Regression,0,0,0.0018650097296253622
02_linear,Linear,Logistic Regression,1,1,0.9999999178040307
02_linear,Linear,Logistic Regression,0,0,0.004903956563550692
02_linear,Linear,Logistic Regression,0,0,0.030292606096165117
02_linear,Linear,Logistic Regression,0,0,0.007119026830283627
02_linear,Linear,Logistic Regression,0,0,0.35731132012378647
02_linear,Linear,Logistic Regression,1,1,0.999998407182132
02_linear,Linear,Logistic Regression,0,0,0.006637567360491513
02_linear,Linear,Logistic Regression,0,0,0.21430907143367364
02_linear,Linear,Logistic Regression,0,0,3.890828854542766e-06
02_linear,Linear,Logistic Regression,0,0,0.03566491656442253
02_linear,Linear,Logistic Regression,0,0,0.005185425831537899
02_linear,Linear,Logistic Regression,0,0,0.00012070282040274532
02_linear,Linear,Logistic Regression,0,0,1.7998384023521457e-09
02_linear,Linear,Logistic Regression,1,1,0.999999843797146
02_linear,Linear,Logistic Regression,1,1,0.9999999339146174
02_linear,Linear,Logistic Regression,0,0,8.56921689770708e-05
02_linear,Linear,Logistic Regression,0,0,0.0002690664993419202
02_linear,Linear,Logistic Regression,0,0,0.005576638673121359
02_linear,Linear,Logistic Regression,1,0,0.4672404249836081
02_linear,Linear,Logistic Regression,1,1,0.6451839924866004
02_linear,Linear,Logistic Regression,0,0,0.02786322615741547
02_linear,Linear,Logistic Regression,1,1,0.999997439114536
02_linear,Linear,Logistic Regression,0,0,3.359302605100743e-06
02_linear,Linear,Logistic Regression,1,1,0.9999839585922091
02_linear,Linear,Logistic Regression,1,1,0.9999975823414264
02_linear,Linear,Logistic Regression,1,1,0.9999797153421592
02_linear,Linear,Logistic Regression,0,0,0.4369456253150532
02_linear,Linear,Logistic Regression,0,0,0.014305137116650955
02_linear,Linear,Logistic Regression,0,0,0.0037479868854859324
02_linear,Linear,Logistic Regression,0,0,0.011149421256037673
02_linear,Linear,Logistic Regression,0,0,1.351202483331571e-05
02_linear,Linear,Logistic Regression,1,0,0.454931935361401
02_linear,Linear,Logistic Regression,0,0,0.006261028990231945
02_linear,Linear,Logistic Regression,0,0,0.02237313748223098
02_linear,Linear,Logistic Regression,0,0,0.004518088157522134
02_linear,Linear,Logistic Regression,0,0,0.4240642996821118
02_linear,Linear,Logistic Regression,0,0,0.08408004003547295
02_linear,Linear,Logistic Regression,1,1,0.9999987764031709
02_linear,Linear,Logistic Regression,0,0,0.01457493265893097
02_linear,Linear,Logistic Regression,0,0,0.1492944973205538
02_linear,Linear,Logistic Regression,0,0,0.012867979051914393
02_linear,Linear,Logistic Regression,1,0,0.2651382306292274
02_linear,Linear,Logistic Regression,0,0,0.06646095206356006
02_linear,Linear,Logistic Regression,0,0,0.01833977895652977
02_linear,Linear,Logistic Regression,0,0,0.007050033951204159
02_linear,Linear,Logistic Regression,0,0,0.003843557170798101
02_linear,Linear,Logistic Regression,0,0,0.1823840011891389
02_linear,Linear,Logistic Regression,1,1,0.9999994519829826
02_linear,Linear,Logistic Regression,1,1,0.9999980686133728
02_linear,Linear,Logistic Regression,1,1,0.9999998151302933
02_linear,Linear,Logistic Regression,0,0,1.2753654710875175e-09
02_linear,Linear,Logistic Regression,0,0,0.009447936961557471
02_linear,Linear,Logistic Regression,0,0,0.05097988424658794
02_linear,Linear,Logistic Regression,0,0,0.0097999708938291
02_linear,Linear,Logistic Regression,1,1,0.9999998905521603
02_linear,Linear,Logistic Regression,1,1,0.9999994172608303
02_linear,Linear,Logistic Regression,0,0,0.4879523364129999
02_linear,Linear,Logistic Regression,0,0,0.00023811286393363664
02_linear,Linear,Logistic Regression,0,0,0.14496157679754046
02_linear,Linear,Logistic Regression,0,0,0.043174371882241984
02_linear,Linear,Logistic Regression,0,0,0.01752716695258731
02_linear,Linear,Logistic Regression,0,0,0.009305911567964176
02_linear,Linear,Logistic Regression,0,0,0.0009392737515013666
02_linear,Linear,Logistic Regression,0,0,5.62547306626459e-05
02_linear,Linear,Logistic Regression,0,0,0.011552341685398641
02_linear,Linear,Logistic Regression,0,0,0.002116791919833896
02_linear,Linear,Logistic Regression,1,1,0.622627174431663
02_linear,Linear,Logistic Regression,0,0,0.3876743461628424
02_linear,Linear,Logistic Regression,0,0,0.241128811229376
02_linear,Linear,Logistic Regression,0,0,0.0560776071657097
02_linear,Linear,Logistic Regression,1,1,0.9999996301494376
02_linear,Linear,Logistic Regression,0,0,0.0031807456677670235
02_linear,Linear,Logistic Regression,0,0,1.7214135877738643e-12
02_linear,Linear,Logistic Regression,0,0,0.35656855142995136
02_linear,Linear,Logistic Regression,0,0,0.0416716277942764
02_linear,Linear,Logistic Regression,0,0,0.05208243637663172
02_linear,Linear,Logistic Regression,0,0,0.015066385145937946
02_linear,Linear,Logistic Regression,0,0,0.1138782853595011
02_linear,Linear,Logistic Regression,0,0,0.0020890306867292086
02_linear,Linear,Logistic Regression,0,0,7.828112946303382e-05
02_linear,Linear,Logistic Regression,1,1,0.9999996561446968
02_linear,Linear,Logistic Regression,0,0,0.2839249452079013
02_linear,Linear,Logistic Regression,0,0,2.831870170351845e-06
02_linear,Linear,Logistic Regression,0,0,0.001181887443628785
02_linear,Linear,Logistic Regression,0,0,0.006203972640025578
02_linear,Linear,Logistic Regression,0,0,0.001283539976265227
02_linear,Linear,Logistic Regression,0,0,0.004777693572681303
02_linear,Linear,Logistic Regression,0,0,0.0004306342191191397
02_linear,Linear,Logistic Regression,0,0,0.01402729407672907
02_linear,Linear,Logistic Regression,0,0,0.00025817902573365466
02_linear,Linear,Logistic Regression,1,1,0.7238239697852805
02_linear,Linear,Logistic Regression,0,0,7.870245123966498e-06
02_linear,Linear,Logistic Regression,0,0,0.024659417256904917
02_linear,Linear,Logistic Regression,0,0,0.2158416865277887
02_linear,Linear,Logistic Regression,0,0,2.9477609656340647e-08
02_linear,Linear,Logistic Regression,0,0,0.010378931967222775
02_linear,Linear,Logistic Regression,0,0,0.06259440738744802
02_linear,Linear,Logistic Regression,0,0,0.07317519331154404
02_linear,Linear,Logistic Regression,0,0,6.898044920612673e-06
02_linear,Linear,Logistic Regression,0,0,0.003988602188219225
02_linear,Linear,Logistic Regression,0,0,0.24860623476975643
02_linear,Linear,Logistic Regression,0,0,4.855884868583873e-13
02_linear,Linear,Logistic Regression,0,0,0.00407836750420496
02_linear,Linear,Logistic Regression,0,0,9.802604369920532e-05
02_linear,Linear,Logistic Regression,0,0,0.2611780480075319
02_linear,Linear,Logistic Regression,0,0,0.13608273254571135
02_linear,Linear,Logistic Regression,0,0,0.21161953540252043
02_linear,Linear,Logistic Regression,0,0,0.0387906934500952
02_linear,Linear,Logistic Regression,1,1,0.9999993964321258
02_linear,Linear,Logistic Regression,0,0,0.019125178947831067
02_linear,Linear,Logistic Regression,0,0,4.4727215290444e-05
02_linear,Linear,Logistic Regression,0,0,0.004748724312834908
02_linear,Linear,Logistic Regression,0,0,0.009391784056736106
02_linear,Linear,Logistic Regression,1,1,0.9999996814594292
02_linear,Linear,Logistic Regression,0,0,0.1581096795817824
02_linear,Linear,Logistic Regression,0,0,0.039780295554721935
02_linear,Linear,Logistic Regression,0,0,0.20335669709360707
02_linear,Linear,Logistic Regression,1,1,0.9999990619748927
02_linear,Linear,Logistic Regression,0,0,0.010350176484199688
02_linear,Linear,Logistic Regression,1,1,0.9999972704810662
02_linear,Linear,Logistic Regression,1,1,0.6364604099942682
02_linear,Linear,Logistic Regression,0,0,0.0011424439281097808
02_linear,Linear,Logistic Regression,0,0,0.009590007494741913
02_linear,Linear,Logistic Regression,1,1,0.9999993376398395
02_linear,Linear,Logistic Regression,0,0,6.634844807734118e-05
02_linear,Linear,Logistic Regression,0,0,0.0003168480765700047
02_linear,Linear,Logistic Regression,0,0,0.0016952043396347043
02_linear,Linear,Logistic Regression,0,0,2.967542909480953e-09
02_linear,Linear,Logistic Regression,1,1,0.9999991780066224
02_linear,Linear,Logistic Regression,0,0,0.01207693470537265
02_linear,Linear,Logistic Regression,0,0,0.006597303123219933
02_linear,Linear,Logistic Regression,0,0,0.0001783111699068904
02_linear,Linear,Logistic Regression,0,0,0.3620792576722116
02_linear,Linear,Logistic Regression,0,0,0.0006430839655353425
02_linear,Linear,Logistic Regression,1,0,0.2773544146756361
02_linear,Linear,Logistic Regression,0,0,0.012575140612480017
02_linear,Linear,Logistic Regression,1,1,0.9999981088697886
02_linear,Linear,Logistic Regression,0,0,0.017619118765593345
02_linear,Linear,Logistic Regression,0,0,0.09322119699831721
02_linear,Linear,Logistic Regression,1,0,0.14324059425706817
02_linear,Linear,Logistic Regression,0,0,0.0012919687626542704
02_linear,Linear,Logistic Regression,0,0,1.196861987609905e-15
02_linear,Linear,Logistic Regression,0,0,0.17773883831616347
02_linear,Linear,Logistic Regression,0,1,0.6510412765657219
02_linear,Linear,Logistic Regression,0,0,0.002868195986008159
02_linear,Linear,Logistic Regression,0,0,0.0973955956767612
02_linear,Linear,Logistic Regression,1,1,0.9999986460715641
02_linear,Linear,Logistic Regression,0,0,0.0011353503157856513
02_linear,Linear,Logistic Regression,0,0,0.03071189574273995
02_linear,Linear,Logistic Regression,0,0,0.4623730108588367
02_linear,Linear,Logistic Regression,0,0,0.01236726509258421
02_linear,Linear,Logistic Regression,0,0,0.002766280063883807
02_linear,Linear,Logistic Regression,1,1,0.9999994645031344
02_linear,Linear,Logistic Regression,1,1,0.5037107118352436
02_linear,Linear,Logistic Regression,1,0,0.19109851999539892
02_linear,Linear,Logistic Regression,0,0,0.012115388288833363
02_linear,Linear,Logistic Regression,0,0,0.18413407948700644
02_linear,Linear,Logistic Regression,1,1,0.546310039259019
02_linear,Linear,Logistic Regression,0,0,0.04008629476881475
02_linear,Linear,Logistic Regression,0,0,0.07759358783541863
02_linear,Linear,Logistic Regression,0,0,0.00042968717446805003
02_linear,Linear,Logistic Regression,1,1,0.9999993037681572
02_linear,Linear,Logistic Regression,0,0,4.309885485881254e-05
02_linear,Linear,Logistic Regression,1,0,0.38665638666652125
02_linear,Linear,Logistic Regression,0,0,0.09035008500660544
02_linear,Linear,Logistic Regression,0,0,0.29475053753662905
02_linear,Linear,Logistic Regression,0,0,0.005115046558106876
02_linear,Linear,Logistic Regression,0,0,0.009362136889579684
02_linear,Linear,Logistic Regression,0,0,0.033921715790750824
02_linear,Linear,Logistic Regression,1,0,0.2314702273634645
02_linear,Linear,Logistic Regression,0,0,5.322641041032862e-08
02_linear,Linear,Logistic Regression,0,0,0.0005244723686698593
02_linear,Linear,Logistic Regression,0,0,0.03197483565663801
02_linear,Linear,Logistic Regression,0,0,0.04036213818987303
02_linear,Linear,Logistic Regression,0,0,0.07640170888161683
02_linear,Linear,Logistic Regression,0,0,0.0018814325456389753
02_linear,Linear,Logistic Regression,0,0,0.041204621640162864
02_linear,Linear,Logistic Regression,0,0,0.005043231307094872
02_linear,Linear,Logistic Regression,0,0,0.004172734298175445
02_linear,Linear,Logistic Regression,1,1,0.9999992455890536
02_linear,Linear,Logistic Regression,1,0,0.4808963367055506
02_linear,Linear,Logistic Regression,1,1,0.9999989276603274
02_linear,Linear,Logistic Regression,0,0,0.0007744809741421286
02_linear,Linear,Logistic Regression,0,0,1.5857454952099998e-09
02_linear,Linear,Logistic Regression,0,0,0.016568458054457325
02_linear,Linear,Logistic Regression,0,0,0.10555529199348856
02_linear,Linear,Logistic Regression,1,1,0.9999996322218103
02_linear,Linear,Logistic Regression,1,1,0.9999997273255286
02_linear,Linear,Logistic Regression,0,0,0.003380192483653533
02_linear,Linear,Logistic Regression,1,1,0.9999985404075952
02_linear,Linear,Logistic Regression,0,0,0.1248105619125711
02_linear,Linear,Logistic Regression,0,0,0.003173874616110106
02_linear,Linear,Logistic Regression,0,0,4.702663513256882e-05
02_linear,Linear,Logistic Regression,0,0,0.07038351089834649
02_linear,Linear,Logistic Regression,0,0,0.40239640524668685
02_linear,Linear,Logistic Regression,0,0,0.41087156139713193
02_linear,Linear,Logistic Regression,1,0,0.33393991089672914
02_linear,Linear,Logistic Regression,0,0,0.0934959541013269
02_linear,Linear,Logistic Regression,1,1,0.9999817564289211
02_linear,Linear,Logistic Regression,1,0,0.10533815058730865
02_linear,Linear,Logistic Regression,0,0,6.93725577178313e-05
02_linear,Linear,Logistic Regression,0,0,0.008884482887914519
02_linear,Linear,Logistic Regression,0,0,0.002682846619036439
02_linear,Linear,Logistic Regression,1,1,1.0
02_linear,Linear,Logistic Regression,1,1,0.999998662149014
02_linear,Linear,Logistic Regression,1,1,0.7680419154184709
02_linear,Linear,Logistic Regression,1,1,0.9999989171371702
02_linear,Linear,Logistic Regression,0,0,3.907369501772501e-06
02_linear,Linear,Logistic Regression,1,1,0.9999996419144687
02_linear,Linear,Logistic Regression,1,1,0.9999990081887473
02_linear,Linear,Logistic Regression,0,0,0.0007806291599192303
02_linear,Linear,Logistic Regression,0,0,0.002152189366249504
02_linear,Linear,Logistic Regression,0,0,0.007688985611471454
02_linear,Linear,Logistic Regression,0,0,0.29781729966725606
02_linear,Linear,Logistic Regression,0,0,0.23891565526354247
02_linear,Linear,Logistic Regression,1,1,0.9999989016228316
02_linear,Linear,Logistic Regression,0,0,0.198969300424989
02_linear,Linear,Logistic Regression,0,0,0.0012695289587234266
02_linear,Linear,Logistic Regression,0,0,0.027287943553783296
02_linear,Linear,Logistic Regression,0,0,0.0004609425340372687
02_linear,Linear,Logistic Regression,0,0,0.03327894105745922
02_linear,Linear,Logistic Regression,0,0,1.095990696033519e-05
02_linear,Linear,Logistic Regression,0,0,0.010306898107098951
02_linear,Linear,Logistic Regression,0,0,0.11989877390913296
02_linear,Linear,Logistic Regression,0,0,0.36514717842232824
02_linear,Linear,Logistic Regression,1,0,0.23896373569864002
02_linear,Linear,Logistic Regression,0,0,1.2541172111155542e-05
02_linear,Linear,Logistic Regression,0,0,0.06166812508999735
02_linear,Linear,Logistic Regression,1,1,0.9999999998998808
02_linear,Linear,Logistic Regression,0,0,4.53678428989454e-17
02_linear,Linear,Logistic Regression,0,0,0.10720885726010858
02_linear,Linear,Logistic Regression,1,1,0.9999998366588618
02_linear,Linear,Logistic Regression,0,0,0.000494688165681241
02_linear,Linear,Logistic Regression,0,0,3.273240837253994e-16
02_linear,Linear,Logistic Regression,0,0,0.24835112540415533
02_linear,Linear,Logistic Regression,0,0,1.156313974697616e-06
02_linear,Linear,Logistic Regression,1,1,0.9999919325678475
02_linear,Linear,Logistic Regression,1,1,0.9999998853684553
02_linear,Linear,Logistic Regression,0,0,0.0020365218322841504
02_linear,Linear,Logistic Regression,0,0,0.00014174959991354992
02_linear,Linear,Logistic Regression,0,0,0.0023755755977847644
02_linear,Linear,Logistic Regression,0,0,6.177427960237155e-05
02_linear,Linear,Logistic Regression,0,0,0.08128859248703571
02_linear,Linear,Logistic Regression,1,1,0.9999992599717961
02_linear,Linear,Logistic Regression,0,0,0.005239397845848939
02_linear,Linear,Logistic Regression,0,0,0.00046770502433205987
02_linear,Linear,Logistic Regression,0,0,0.026543725515138714
02_linear,Linear,Logistic Regression,1,1,0.9999976084693369
02_linear,Linear,Logistic Regression,1,1,0.9999999329827818
02_linear,Linear,Logistic Regression,1,1,0.9999982831048463
02_linear,Linear,Logistic Regression,0,0,0.011272358671182063
02_linear,Linear,Logistic Regression,0,0,8.213072006802104e-05
02_linear,Linear,Logistic Regression,0,0,0.2685151060519564
02_linear,Linear,Logistic Regression,1,1,0.999999888883948
02_linear,Linear,Logistic Regression,0,0,0.008397642852603408
02_linear,Linear,Logistic Regression,0,1,0.5006428864682266
02_linear,Linear,Logistic Regression,0,0,0.004700312996748594
02_linear,Linear,Logistic Regression,1,1,0.9999991156998271
02_linear,Linear,Logistic Regression,0,0,0.03716302538895345
02_linear,Linear,Logistic Regression,1,0,0.29268516813956263
02_linear,Linear,Logistic Regression,0,0,0.0005503149099670226
02_linear,Linear,Logistic Regression,0,0,1.0540339940719544e-06
02_linear,Linear,Logistic Regression,1,1,0.9999995880749468
02_linear,Linear,Logistic Regression,1,1,0.9999992206556193
02_linear,Linear,Logistic Regression,1,1,0.9999996868258537
02_linear,Linear,Logistic Regression,0,0,0.04423945530580236
02_linear,Linear,Logistic Regression,0,0,0.0027761616720918714
02_linear,Linear,Logistic Regression,0,0,0.0017835736474086123
02_linear,Linear,Logistic Regression,0,0,0.28359593612402134
02_linear,Linear,Logistic Regression,0,0,0.06117721663422281
02_linear,Linear,Logistic Regression,0,0,0.11296054839959345
02_linear,Linear,Logistic Regression,0,0,0.40519166697243686
02_linear,Linear,Logistic Regression,0,0,0.18064760567069743
02_linear,Linear,Logistic Regression,0,0,0.14429950915703954
02_linear,Linear,Logistic Regression,0,0,0.00016874835032530412
02_linear,Linear,Logistic Regression,1,1,0.9999995557759921
02_linear,Linear,Logistic Regression,1,1,0.9999926956885299
02_linear,Linear,Logistic Regression,0,0,0.007577842830490838
02_linear,Linear,Logistic Regression,0,0,0.0005262163361295666
02_linear,Linear,Logistic Regression,0,0,0.0003301711868978568
02_linear,Linear,Logistic Regression,0,0,0.003558357761578446
02_linear,Linear,Logistic Regression,1,1,0.9999992186858664
02_linear,Linear,Logistic Regression,0,0,0.10336309832987656
02_linear,Linear,Logistic Regression,1,1,0.9999995713150581
02_linear,Linear,Logistic Regression,0,0,0.0064008690570042815
02_linear,Linear,Logistic Regression,1,1,0.7388878880242697
02_linear,Linear,Logistic Regression,0,0,0.0038699140667680953
02_linear,Linear,Logistic Regression,1,1,0.9999988673107265
02_linear,Linear,Logistic Regression,0,0,0.0625027412633099
02_linear,Linear,Logistic Regression,0,0,0.0551668984213154
02_linear,Linear,Logistic Regression,0,1,0.6056431649678305
02_linear,Linear,Logistic Regression,0,0,0.002450004381708567
02_linear,Linear,Logistic Regression,0,1,0.7610101021063895
02_linear,Linear,Logistic Regression,1,0,0.39593411502516807
02_linear,Linear,Logistic Regression,0,0,0.016474680229149823
02_linear,Linear,Logistic Regression,0,0,7.341301208149486e-07
02_linear,Linear,Logistic Regression,0,0,1.6224627112315122e-35
02_linear,Linear,Logistic Regression,1,1,0.9999997550620883
02_linear,Linear,Logistic Regression,0,0,9.619915565364778e-13
02_linear,Linear,Logistic Regression,0,0,0.0074762405642963044
02_linear,Linear,Logistic Regression,0,0,0.008352236257693853
02_linear,Linear,Logistic Regression,0,0,0.01221636669026991
02_linear,Linear,Logistic Regression,0,0,0.002828327476576174
02_linear,Linear,Logistic Regression,0,0,0.00011710226833223586
02_linear,Linear,Logistic Regression,1,0,0.30387663544367194
02_linear,Linear,Logistic Regression,0,0,0.0025842440085584997
02_linear,Linear,Logistic Regression,0,0,0.006883248814095675
02_linear,Linear,Logistic Regression,0,0,1.9136063313146264e-21
02_linear,Linear,Logistic Regression,1,0,0.2268048935121819
02_linear,Linear,Logistic Regression,0,0,1.868572847912089e-12
02_linear,Linear,Logistic Regression,1,1,0.9999998729441427
02_linear,Linear,Logistic Regression,0,0,0.0042462108254206635
02_linear,Linear,Logistic Regression,0,0,3.4787439459664684e-18
02_linear,Linear,Logistic Regression,0,0,1.3539163216960924e-09
02_linear,Linear,Logistic Regression,0,0,0.00037909321388291685
02_linear,Linear,Logistic Regression,0,0,4.907556786546662e-15
02_linear,Linear,Logistic Regression,0,0,0.008427955601686344
02_linear,Linear,Logistic Regression,0,0,5.251036043226275e-05
02_linear,Linear,Logistic Regression,0,0,0.07595291184903107
02_linear,Linear,Logistic Regression,0,0,0.05625059994721857
02_linear,Linear,Logistic Regression,0,0,0.22924598821428965
02_linear,Linear,Logistic Regression,1,1,0.999999516543341
02_linear,Linear,Logistic Regression,1,1,0.9999993791682433
02_linear,Linear,Logistic Regression,0,0,0.018026912860619256
02_linear,Linear,Logistic Regression,0,0,0.0003704190173480012
02_linear,Linear,Logistic Regression,0,0,0.005747157696568298
02_linear,Linear,Logistic Regression,0,0,0.009652456179892611
02_linear,Linear,Logistic Regression,1,0,0.48662863246240556
02_linear,Linear,Logistic Regression,0,0,0.03946516924523527
02_linear,Linear,Logistic Regression,0,0,0.013301531979500555
02_linear,Linear,Logistic Regression,1,1,0.9999994570427119
02_linear,Linear,Logistic Regression,0,0,0.07139361673485319
02_linear,Linear,Logistic Regression,0,0,0.07942529265453602
02_linear,Linear,Logistic Regression,1,1,0.9999985604035194
02_linear,Linear,Logistic Regression,0,0,0.002187276076130176
02_linear,Linear,Logistic Regression,0,0,0.2360101954846414
02_linear,Linear,Logistic Regression,0,0,0.006837697591810508
02_linear,Linear,Logistic Regression,0,0,0.3769397085558228
02_linear,Linear,Logistic Regression,1,1,0.9999996687667985
02_linear,Linear,Logistic Regression,1,0,0.40866365177652275
02_linear,Linear,Logistic Regression,0,0,0.0007890854289172726
02_linear,Linear,Logistic Regression,0,0,0.10456362674310038
02_linear,Linear,Logistic Regression,0,0,0.25780642545454857
02_linear,Linear,Logistic Regression,0,0,0.0329074095826826
02_linear,Linear,Logistic Regression,1,0,0.35319789567475035
02_linear,Linear,Logistic Regression,0,0,0.0018380224658910826
02_linear,Linear,Logistic Regression,1,1,0.999999361620259
02_linear,Linear,Logistic Regression,0,0,0.000209220680274766
02_linear,Linear,Logistic Regression,1,0,0.04414284648230955
02_linear,Linear,Logistic Regression,0,0,0.0015200551288031636
02_linear,Linear,Logistic Regression,0,0,0.029510396373552003
02_linear,Linear,Logistic Regression,0,0,7.645434578433463e-05
02_linear,Linear,Logistic Regression,0,0,0.003745994002485298
02_linear,Linear,Logistic Regression,0,0,0.001477122734836717
02_linear,Linear,Logistic Regression,0,0,0.0031920090303407408
02_linear,Linear,Logistic Regression,0,0,0.002428540602746743
02_linear,Linear,Logistic Regression,0,0,0.20695322198742183
02_linear,Linear,Logistic Regression,0,0,6.09617197564809e-05
02_linear,Linear,Logistic Regression,0,0,0.3881931679487928
02_linear,Linear,Logistic Regression,0,0,2.6977803112719163e-06
02_linear,Linear,Logistic Regression,0,0,0.02062906248863318
02_linear,Linear,Logistic Regression,0,1,0.6160262765099058
02_linear,Linear,Logistic Regression,1,0,0.39639160924980404
02_linear,Linear,Logistic Regression,0,0,0.0018438162083896097
02_linear,Linear,Logistic Regression,1,1,0.8925884720408491
02_linear,Linear,Logistic Regression,1,1,0.9999998845391027
02_linear,Linear,Logistic Regression,0,0,1.3111595328499433e-05
02_linear,Linear,Logistic Regression,0,0,0.018632953751166106
02_linear,Linear,Logistic Regression,0,0,0.0012692427084695745
02_linear,Linear,Logistic Regression,0,0,0.08689951117594714
02_linear,Linear,Logistic Regression,1,1,0.9053076505979394
02_linear,Linear,Logistic Regression,0,0,0.007483561831682288
02_linear,Linear,Logistic Regression,0,0,3.4538565348636755e-05
02_linear,Linear,Logistic Regression,0,0,0.07650739417015356
02_linear,Linear,Logistic Regression,0,0,3.7981372671286036e-16
02_linear,Linear,Logistic Regression,1,1,0.9999988651423708
02_linear,Linear,Logistic Regression,0,0,0.19615875142709185
02_linear,Linear,Logistic Regression,0,0,0.003991176534119811
02_linear,Linear,Logistic Regression,0,0,0.003604794623633032
02_linear,Linear,Logistic Regression,0,0,0.03723995723311852
02_linear,Linear,Logistic Regression,0,0,0.0046480862458028694
02_linear,Linear,Logistic Regression,0,0,0.02432225955250968
02_linear,Linear,Logistic Regression,0,0,0.027217195360386963
02_linear,Linear,Logistic Regression,0,0,0.00016905608617723836
02_linear,Linear,Logistic Regression,1,1,0.9999998340506902
02_linear,Linear,Logistic Regression,0,0,0.11134800360557896
02_linear,Linear,Logistic Regression,0,0,0.10875872887499739
02_linear,Linear,Logistic Regression,0,0,0.0933480117510707
02_linear,Linear,Logistic Regression,1,1,0.9999990218588803
02_linear,Linear,Logistic Regression,0,0,0.08292936652271682
02_linear,Linear,Logistic Regression,1,1,0.9999999070666554
02_linear,Linear,Logistic Regression,0,0,0.0007308019857416911
02_linear,Linear,Logistic Regression,1,1,0.9999987043582457
02_linear,Linear,Logistic Regression,0,0,2.3058598895423205e-10
02_linear,Linear,Logistic Regression,0,0,0.0037843072078889116
02_linear,Linear,Logistic Regression,0,0,0.002226552015973016
02_linear,Linear,Logistic Regression,0,0,0.003716327763464204
02_linear,Linear,Logistic Regression,1,1,0.9999995914693703
02_linear,Linear,Logistic Regression,0,0,0.2088515560664654
02_linear,Linear,Logistic Regression,0,0,7.909927187794225e-06
02_linear,Linear,Logistic Regression,0,0,0.012176680586032882
02_linear,Linear,Logistic Regression,0,0,0.2695041029212533
02_linear,Linear,Logistic Regression,0,0,0.00505808442631976
02_linear,Linear,Logistic Regression,0,0,8.247462794039634e-07
02_linear,Linear,Logistic Regression,0,0,0.03513276546133792
02_linear,Linear,Logistic Regression,1,0,0.41475798933676605
02_linear,Linear,Logistic Regression,0,0,0.13467068745558686
02_linear,Linear,Logistic Regression,0,0,0.04908745841059045
02_linear,Linear,Logistic Regression,0,0,0.1780826335350887
02_linear,Linear,Logistic Regression,0,0,0.019590340561519988
02_linear,Linear,Logistic Regression,0,0,0.005235158308452314
02_linear,Linear,Logistic Regression,0,0,0.20084507129492277
02_linear,Linear,Logistic Regression,0,0,0.0005812925185151325
02_linear,Linear,Logistic Regression,1,1,0.999997618164944
02_linear,Linear,Logistic Regression,0,0,0.24910566684956556
02_linear,Linear,Logistic Regression,0,0,0.062197051825710545
02_linear,Linear,Logistic Regression,0,0,8.013131909576374e-17
02_linear,Linear,Logistic Regression,0,0,0.13013074290298463
02_linear,Linear,Logistic Regression,0,0,0.008628050467716229
02_linear,Linear,Logistic Regression,0,0,5.0723082344253116e-05
02_linear,Linear,Logistic Regression,0,0,1.017797525206566e-05
02_linear,Linear,Logistic Regression,0,0,0.027535688241265788
02_linear,Linear,Logistic Regression,0,0,0.031016617724355263
02_linear,Linear,Logistic Regression,0,0,0.05129304507709205
02_linear,Linear,Logistic Regression,0,0,0.27232022569857617
02_linear,Linear,Logistic Regression,1,1,0.999999916235809
02_linear,Linear,Logistic Regression,0,0,0.1163323405444351
02_linear,Linear,Logistic Regression,1,1,0.9999984667709527
02_linear,Linear,Logistic Regression,0,0,0.038262044555246386
02_linear,Linear,Logistic Regression,0,0,0.22878869522688963
02_linear,Linear,Logistic Regression,0,0,0.09829809106992998
02_linear,Linear,Logistic Regression,0,0,0.0016340484208156563
02_linear,Linear,Logistic Regression,0,0,0.1494109222918786
02_linear,Linear,Logistic Regression,0,0,0.0014683129524455758
02_linear,Linear,Logistic Regression,0,0,4.396497695888286e-06
02_linear,Linear,Logistic Regression,0,0,0.13306202114374913
02_linear,Linear,Logistic Regression,1,1,0.9999991232285947
02_linear,Linear,Logistic Regression,1,1,0.9999993835600028
02_linear,Linear,Logistic Regression,0,0,0.06706787458902713
02_linear,Linear,Logistic Regression,0,0,0.37025054968141663
02_linear,Linear,Logistic Regression,0,0,0.03667068894783574
02_linear,Linear,Logistic Regression,0,0,9.475212690448206e-05
02_linear,Linear,Logistic Regression,0,0,0.0635344118959114
02_linear,Linear,Logistic Regression,1,0,0.3392617615056233
02_linear,Linear,Logistic Regression,0,0,6.486845179732831e-06
02_linear,Linear,Logistic Regression,0,0,0.031243837004228794
02_linear,Linear,Logistic Regression,0,0,0.35918149457253606
02_linear,Linear,Logistic Regression,0,0,0.0006690413029590816
02_linear,Linear,Logistic Regression,0,0,0.0021675529778428537
02_linear,Linear,Logistic Regression,1,1,0.9999992116309957
02_linear,Linear,Logistic Regression,0,0,0.02616696554120136
02_linear,Linear,Logistic Regression,0,0,6.548172919104652e-06
02_linear,Linear,Logistic Regression,1,1,0.9999992480226417
02_linear,Linear,Logistic Regression,0,0,0.4290993886800863
02_linear,Linear,Logistic Regression,1,0,0.42594361782715845
02_linear,Linear,Logistic Regression,0,0,0.0014240046996354678
02_linear,Linear,Logistic Regression,0,0,1.773230793560045e-08
02_linear,Linear,Logistic Regression,0,0,0.0030080256241671655
02_linear,Linear,Logistic Regression,0,0,0.0019529631994686077
02_linear,Linear,Logistic Regression,0,0,4.758705035505864e-05
02_linear,Linear,Logistic Regression,0,0,0.1418469597267974
02_linear,Linear,Logistic Regression,0,0,0.020257301453422964
02_linear,Linear,Logistic Regression,0,0,0.18892114637571522
02_linear,Linear,Logistic Regression,0,0,0.0021278540725096157
02_linear,Linear,Logistic Regression,0,0,0.0006717102487396832
02_linear,Linear,Logistic Regression,0,0,0.013565803537734216
02_linear,Linear,Logistic Regression,0,0,0.0012170517714283364
02_linear,Linear,Logistic Regression,0,0,0.02532972516979261
02_linear,Linear,Logistic Regression,0,0,0.005109263667406356
02_linear,Linear,Logistic Regression,1,1,0.9999982659425104
02_linear,Linear,Logistic Regression,0,0,0.036356879502154646
02_linear,Linear,Logistic Regression,0,0,9.164086843622719e-06
02_linear,Linear,Logistic Regression,0,0,0.05032437412390865
02_linear,Linear,Logistic Regression,0,0,0.04911537890152179
02_linear,Linear,Logistic Regression,1,1,0.9999987495689485
02_linear,Linear,Logistic Regression,0,0,0.1157858717098698
02_linear,Linear,Logistic Regression,0,0,0.007148457150178455
02_linear,Linear,Logistic Regression,0,0,0.017701177722239156
02_linear,Linear,Logistic Regression,0,0,0.19199807231942215
02_linear,Linear,Logistic Regression,0,0,0.012506901563762583
02_linear,Linear,Logistic Regression,0,0,0.010271192207192165
02_linear,Linear,Logistic Regression,0,0,0.4271827271049324
02_linear,Linear,Logistic Regression,0,0,0.0013652251883449723
02_linear,Linear,Logistic Regression,0,0,1.586083305845342e-36
02_linear,Linear,Logistic Regression,0,0,0.014175253159204766
02_linear,Linear,Logistic Regression,1,1,0.999999841844552
02_linear,Linear,Logistic Regression,0,0,0.012071793678098953
02_linear,Linear,Logistic Regression,0,0,4.606990723520281e-05
02_linear,Linear,Logistic Regression,0,0,0.1995871593112793
02_linear,Linear,Logistic Regression,1,0,0.46386350011119304
02_linear,Linear,Logistic Regression,0,0,0.004032305696650896
02_linear,Linear,Logistic Regression,0,0,0.004024538672170797
02_linear,Linear,Logistic Regression,0,0,0.1226911243710403
02_linear,Linear,Logistic Regression,0,0,0.03687963840078661
02_linear,Linear,Logistic Regression,0,0,0.004172632273741156
02_linear,Linear,Logistic Regression,1,1,0.9999999173723703
02_linear,Linear,Logistic Regression,0,0,0.007126340438755671
02_linear,Linear,Logistic Regression,0,0,0.08482279595276922
02_linear,Linear,Logistic Regression,0,0,0.0001500529845917461
02_linear,Linear,Logistic Regression,0,0,0.007568191971116821
02_linear,Linear,Logistic Regression,1,0,0.2506629877332748
02_linear,Linear,Logistic Regression,0,0,0.38667224560524077
02_linear,Linear,Logistic Regression,1,1,0.9999930147340106
02_linear,Linear,Logistic Regression,0,0,0.07808235724865097
02_linear,Linear,Logistic Regression,0,0,0.1570248753254535
02_linear,Linear,Logistic Regression,1,1,0.9999983821222099
02_linear,Linear,Logistic Regression,1,1,1.0
02_linear,Linear,Logistic Regression,0,0,0.14378138969967516
02_linear,Linear,Logistic Regression,1,1,0.9999997088589031
02_linear,Linear,Logistic Regression,1,1,0.999999452499567
02_linear,Linear,Logistic Regression,0,0,0.21526189285352462
02_linear,Linear,Logistic Regression,1,1,0.999998639720901
02_linear,Linear,Logistic Regression,1,1,0.9999997200694131
02_linear,Linear,Logistic Regression,0,0,0.000726457397705991
02_linear,Linear,Logistic Regression,0,0,0.24859305742323654
02_linear,Linear,Logistic Regression,0,0,0.0124758992441706
02_linear,Linear,Logistic Regression,0,0,0.0096395613712037
02_linear,Linear,Logistic Regression,1,1,0.9999991726239466
02_linear,Linear,Logistic Regression,0,0,0.06323823108388248
02_linear,Linear,Logistic Regression,0,0,0.02637092822024735
02_linear,Linear,Logistic Regression,0,0,0.11237401802801628
02_linear,Linear,Logistic Regression,0,0,0.001446981695444341
02_linear,Linear,Logistic Regression,0,0,0.00014842389863340628
02_linear,Linear,Logistic Regression,0,0,0.019352064111818182
02_linear,Linear,Logistic Regression,0,0,0.004249294650953278
02_linear,Linear,Logistic Regression,1,1,0.9999999974277123
02_linear,Linear,Logistic Regression,0,0,0.0041155818494223746
02_linear,Linear,Logistic Regression,0,0,0.008527581215530048
02_linear,Linear,Logistic Regression,1,1,0.9999994453255311
02_linear,Linear,Logistic Regression,0,0,0.002389919159282589
02_linear,Linear,Logistic Regression,0,0,0.00011203195234929594
02_linear,Linear,Logistic Regression,0,0,7.472649093473457e-05
02_linear,Linear,Logistic Regression,0,0,0.013612196263654232
02_linear,Linear,Logistic Regression,0,0,0.02550966708163259
02_linear,Linear,Logistic Regression,0,0,0.19198588563149346
02_linear,Linear,Logistic Regression,0,0,0.052809933994959916
02_linear,Linear,Logistic Regression,1,0,9.912812860886974e-21
02_linear,Linear,Logistic Regression,0,0,0.0008345963140721626
02_linear,Linear,Logistic Regression,0,0,0.028421246741484274
02_linear,Linear,Logistic Regression,1,1,0.8569608763040624
02_linear,Linear,Logistic Regression,0,0,0.0017564993905549592
02_linear,Linear,Logistic Regression,0,0,0.04854312272917642
02_linear,Linear,Logistic Regression,0,0,0.07864406640119882
02_linear,Linear,Logistic Regression,1,1,0.6760348547949476
02_linear,Linear,Logistic Regression,0,0,0.0005528253942605812
02_linear,Linear,Logistic Regression,0,0,0.2039840320827709
02_linear,Linear,Logistic Regression,0,0,0.07155732074384892
02_linear,Linear,Logistic Regression,1,1,0.9999915789598522
02_linear,Linear,Logistic Regression,0,0,0.013711410915396216
02_linear,Linear,Logistic Regression,0,1,0.5426745496414493
02_linear,Linear,Logistic Regression,0,0,0.0003380087098618334
02_linear,Linear,Logistic Regression,0,0,0.12411086032150337
02_linear,Linear,Logistic Regression,1,1,0.9999998493130208
02_linear,Linear,Logistic Regression,1,1,0.999999902658718
02_linear,Linear,Logistic Regression,0,0,0.08096421458039156
02_linear,Linear,Logistic Regression,0,0,2.7532317643943822e-05
02_linear,Linear,Logistic Regression,0,0,0.007444470492535011
02_linear,Linear,Logistic Regression,0,0,0.12232444224372085
02_linear,Linear,Logistic Regression,0,0,0.0006533063646939728
02_linear,Linear,Logistic Regression,0,0,0.46338405982739045
02_linear,Linear,Logistic Regression,0,0,1.2181290736792026e-06
02_linear,Linear,Logistic Regression,0,0,0.28639127883018817
02_linear,Linear,Logistic Regression,0,0,0.001980896275235758
02_linear,Linear,Logistic Regression,0,0,0.03488403966437963
02_linear,Linear,Logistic Regression,0,0,0.0012207718148298547
02_linear,Linear,Logistic Regression,1,1,0.9999989721480429
02_linear,Linear,Logistic Regression,0,0,0.13784996543848793
02_linear,Linear,Logistic Regression,1,1,0.7087253606189988
02_linear,Linear,Logistic Regression,0,0,0.02174081326128807
02_linear,Linear,Logistic Regression,0,0,0.003769477880845784
02_linear,Linear,Logistic Regression,0,0,0.06223385734039842
02_linear,Linear,Logistic Regression,1,1,0.9999993815623013
02_linear,Linear,Logistic Regression,0,0,0.0034584341572590992
02_linear,Linear,Logistic Regression,0,0,0.00012817513983132868
02_linear,Linear,Logistic Regression,0,0,0.03192576891432758
02_linear,Linear,Logistic Regression,0,0,0.00037461419642926457
02_linear,Linear,Logistic Regression,0,0,0.12226899740428124
02_linear,Linear,Logistic Regression,1,0,0.33684850132810323
02_linear,Linear,Logistic Regression,0,0,0.007935468936151928
02_linear,Linear,Logistic Regression,0,0,0.2029973669832039
02_linear,Linear,Logistic Regression,0,0,0.017926209011190904
02_linear,Linear,Logistic Regression,0,0,0.0004894383775772745
02_linear,Linear,Logistic Regression,0,0,0.0002657822940606805
02_linear,Linear,Logistic Regression,0,0,0.025398979954697122
02_linear,Linear,Logistic Regression,1,1,1.0
02_linear,Linear,Logistic Regression,0,0,0.009723307877155772
02_linear,Linear,Logistic Regression,0,0,0.009131157637407903
02_linear,Linear,Logistic Regression,0,0,0.022388538508631536
02_linear,Linear,Logistic Regression,0,0,0.28966124423919704
02_linear,Linear,Logistic Regression,0,0,0.0333062326667576
02_linear,Linear,Logistic Regression,0,0,0.01804996932999934
02_linear,Linear,Logistic Regression,1,1,0.9999997917013431
02_linear,Linear,Logistic Regression,0,0,0.021656706842422914
02_linear,Linear,Logistic Regression,0,0,0.09072203244393237
02_linear,Linear,Logistic Regression,0,0,0.15525034476095104
02_linear,Linear,Logistic Regression,0,0,0.09799397876189404
02_linear,Linear,Logistic Regression,0,0,0.05599393012391084
02_linear,Linear,Logistic Regression,0,0,0.21238120299253838
02_linear,Linear,Logistic Regression,1,1,0.9999996055067022
02_linear,Linear,Logistic Regression,0,0,0.00020160474026765168
02_linear,Linear,Logistic Regression,0,0,0.01528806213219405
02_linear,Linear,Logistic Regression,0,0,2.1499687084763745e-08
02_linear,Linear,Logistic Regression,0,0,0.014824848703408545
02_linear,Linear,Logistic Regression,1,1,0.9999986405659675
02_linear,Linear,Logistic Regression,0,0,0.22166477278293487
02_linear,Linear,Logistic Regression,0,0,0.031031909649272105
02_linear,Linear,Logistic Regression,0,0,0.07989584232758629
02_linear,Linear,Logistic Regression,0,0,0.0005154056450626417
02_linear,Linear,Logistic Regression,0,0,0.11565472864722354
02_linear,Linear,Logistic Regression,1,1,0.999999362472164
02_linear,Linear,Logistic Regression,0,0,0.25205742873189024
02_linear,Linear,Logistic Regression,0,0,1.1884219163757585e-05
02_linear,Linear,Logistic Regression,1,1,0.9999995559492458
02_linear,Linear,Logistic Regression,0,0,0.054030489248533084
02_linear,Linear,Logistic Regression,0,0,0.0035169185036722683
02_linear,Linear,Logistic Regression,0,0,4.860011872427408e-06
02_linear,Linear,Logistic Regression,0,0,0.03962279387004228
02_linear,Linear,Logistic Regression,0,0,0.004987303086042227
02_linear,Linear,Logistic Regression,0,0,0.09608628818844937
02_linear,Linear,Logistic Regression,0,0,0.0009718327519820153
02_linear,Linear,Logistic Regression,1,1,0.999999348233386
02_linear,Linear,Logistic Regression,0,0,1.8655615919246185e-05
02_linear,Linear,Logistic Regression,0,0,0.00013275840342351995
02_linear,Linear,Logistic Regression,1,1,0.5928253683235737
02_linear,Linear,Logistic Regression,0,0,0.004041615596574067
02_linear,Linear,Logistic Regression,0,0,0.057261602527749325
02_linear,Linear,Logistic Regression,1,1,0.8653139399327265
02_linear,Linear,Logistic Regression,0,0,0.0063273361596149
02_linear,Linear,Logistic Regression,1,0,0.007345482207810783
02_linear,Linear,Logistic Regression,0,0,2.119986779638828e-14
02_linear,Linear,Logistic Regression,0,0,0.029564941168345227
02_linear,Linear,Logistic Regression,0,0,5.187984452622776e-15
02_linear,Linear,Logistic Regression,0,0,2.3686843771121066e-27
02_linear,Linear,Logistic Regression,1,1,0.9999993284390298
02_linear,Linear,Logistic Regression,1,1,0.9999992975454347
02_linear,Linear,Logistic Regression,0,0,0.1429746094464089
02_linear,Linear,Logistic Regression,0,0,0.02402258623552452
02_linear,Linear,Logistic Regression,0,0,0.004176090170572581
02_linear,Linear,Logistic Regression,0,0,0.0072239881844116186
02_linear,Linear,Logistic Regression,0,0,0.03209782943636134
02_linear,Linear,Logistic Regression,0,0,0.0012078251573933811
02_linear,Linear,Logistic Regression,0,0,0.3446667299775206
02_linear,Linear,Logistic Regression,1,0,0.07110864470654156
02_linear,Linear,Logistic Regression,0,0,0.026351930703583874
02_linear,Linear,Logistic Regression,0,0,0.03446783280754903
02_linear,Linear,Logistic Regression,0,0,0.10178328445197375
02_linear,Linear,Logistic Regression,0,0,0.47799213412803676
02_linear,Linear,Logistic Regression,0,0,0.09295795542248833
02_linear,Linear,Logistic Regression,0,0,0.038713200795194455
02_linear,Linear,Logistic Regression,0,0,0.03774515672207211
02_linear,Linear,Logistic Regression,0,0,0.42172768475507033
02_linear,Linear,Logistic Regression,1,1,0.9999993139533953
02_linear,Linear,Logistic Regression,0,0,0.019914141569580397
02_linear,Linear,Logistic Regression,0,0,0.005324886739910508
02_linear,Linear,Logistic Regression,0,0,0.02508782195046388
02_linear,Linear,Logistic Regression,0,0,0.002633042963786102
02_linear,Linear,Logistic Regression,0,0,0.13684452807287695
02_linear,Linear,Logistic Regression,0,0,6.038384733709186e-05
02_linear,Linear,Logistic Regression,0,0,0.04286053663352178
02_linear,Linear,Logistic Regression,0,0,0.011462535611828164
02_linear,Linear,Logistic Regression,0,0,1.0409560758902317e-06
02_linear,Linear,Logistic Regression,0,0,0.03907876926539408
02_linear,Linear,Logistic Regression,1,0,0.33043805706845775
02_linear,Linear,Logistic Regression,1,1,0.9999997454043037
02_linear,Linear,Logistic Regression,1,1,0.999996775173191
02_linear,Linear,Logistic Regression,1,1,0.9999996395946018
02_linear,Linear,Logistic Regression,0,0,0.05727069854790529
02_linear,Linear,Logistic Regression,0,0,0.32551527323672846
02_linear,Linear,Logistic Regression,0,0,0.04596294696272183
02_linear,Linear,Logistic Regression,0,0,0.006104887722413773
02_linear,Linear,Logistic Regression,0,0,0.0015732295747423462
02_linear,Linear,Logistic Regression,0,0,0.023593798608128765
02_linear,Linear,Logistic Regression,0,0,0.40560963319969434
02_linear,Linear,Logistic Regression,0,0,0.4661999904618784
02_linear,Linear,Logistic Regression,0,0,0.024780563637059314
02_linear,Linear,Logistic Regression,0,0,0.30212430222216624
02_linear,Linear,Logistic Regression,0,0,1.0097956958309768e-17
02_linear,Linear,Logistic Regression,1,1,0.9999994422437202
02_linear,Linear,Logistic Regression,1,1,0.9999998083602669
02_linear,Linear,Logistic Regression,0,0,0.2989142574828303
02_linear,Linear,Logistic Regression,1,1,0.7130484971753406
02_linear,Linear,Logistic Regression,0,0,0.00017997592160312714
02_linear,Linear,Logistic Regression,1,1,0.5553887329849014
02_linear,Linear,Logistic Regression,0,0,8.303299076490472e-05
02_linear,Linear,Logistic Regression,0,0,0.0029097617834281256
02_linear,Linear,Logistic Regression,0,0,0.006090726131810293
02_linear,Linear,Logistic Regression,1,1,0.9999989835148938
02_linear,Linear,Logistic Regression,0,0,5.50174024289691e-13
02_linear,Linear,Logistic Regression,0,0,0.3554192136392521
02_linear,Linear,Logistic Regression,0,0,0.20698978686920788
02_linear,Linear,Logistic Regression,0,0,0.07538010030704183
02_linear,Linear,Logistic Regression,0,0,0.04024074582246845
02_linear,Linear,Logistic Regression,0,0,0.003918061583264853
02_linear,Linear,Logistic Regression,0,1,0.5288042565095278
02_linear,Linear,Logistic Regression,0,0,0.0021415366630926215
02_linear,Linear,Logistic Regression,0,0,0.03117638885039301
02_linear,Linear,Logistic Regression,0,0,0.014697454799887228
02_linear,Linear,Logistic Regression,1,1,0.9999999999004971
02_linear,Linear,Logistic Regression,0,0,0.007031050883091492
02_linear,Linear,Logistic Regression,0,0,0.49588070977927073
02_linear,Linear,Logistic Regression,1,1,0.9999994557297778
02_linear,Linear,Logistic Regression,0,0,0.0036419708139128412
02_linear,Linear,Logistic Regression,1,1,0.9999996300989962
02_linear,Linear,Logistic Regression,0,0,0.0014612922651747466
02_linear,Linear,Logistic Regression,0,0,0.02808242066307596
02_linear,Linear,Logistic Regression,0,0,0.03803219073863319
02_linear,Linear,Logistic Regression,0,0,0.2699670490640531
02_linear,Linear,Logistic Regression,0,0,0.14565626893646574
02_linear,Linear,Logistic Regression,0,0,0.036108522617443184
02_linear,Linear,Logistic Regression,0,0,0.29201615644062145
02_linear,Linear,Logistic Regression,1,1,1.0
02_linear,Linear,Logistic Regression,0,0,0.0009952706327737866
02_linear,Linear,Logistic Regression,0,0,0.00024313790304445943
02_linear,Linear,Logistic Regression,0,0,0.0004019860003870279
02_linear,Linear,Logistic Regression,1,1,0.9999995204133301
02_linear,Linear,Logistic Regression,0,0,0.005318884748668646
02_linear,Linear,Logistic Regression,0,0,0.0009949188192382417
02_linear,Linear,Logistic Regression,0,0,0.23656653479379713
02_linear,Linear,Logistic Regression,0,0,0.0047900124207389035
02_linear,Linear,Logistic Regression,0,0,0.009593285646180833
02_linear,Linear,Logistic Regression,1,1,0.9999990953706862
02_linear,Linear,Logistic Regression,0,0,5.200052012353572e-12
02_linear,Linear,Logistic Regression,1,0,0.3654391925745463
02_linear,Linear,Logistic Regression,1,1,0.9999997854099613
02_linear,Linear,Logistic Regression,0,0,0.11936410025038204
02_linear,Linear,Logistic Regression,0,1,0.819063136298866
02_linear,Linear,Logistic Regression,0,0,0.006742646942838072
02_linear,Linear,Logistic Regression,0,0,0.002981176020071405
02_linear,Linear,Logistic Regression,1,1,0.9999993236095727
02_linear,Linear,Logistic Regression,0,0,0.012023540721055239
02_linear,Linear,Logistic Regression,1,0,0.14929378703195884
02_linear,Linear,Logistic Regression,0,0,0.00010066273133855754
02_linear,Linear,Logistic Regression,0,0,0.003058222696072932
02_linear,Linear,Logistic Regression,0,0,0.00309755391397449
02_linear,Linear,Logistic Regression,0,0,0.1608192832905534
02_linear,Linear,Logistic Regression,1,1,0.9999992132090918
02_linear,Linear,Logistic Regression,0,0,0.382822254988259
02_linear,Linear,Logistic Regression,0,0,0.017388769443158068
02_linear,Linear,Logistic Regression,0,0,0.007957394078786224
02_linear,Linear,Logistic Regression,0,0,0.0018218794350545928
02_linear,Linear,Logistic Regression,0,0,5.786759786546176e-09
02_linear,Linear,Logistic Regression,0,0,0.35608121020951594
02_linear,Linear,Logistic Regression,1,0,0.06683108144338142
02_linear,Linear,Logistic Regression,0,0,0.006310410559390558
02_linear,Linear,Logistic Regression,0,0,0.1638233102302375
02_linear,Linear,Logistic Regression,0,0,0.00029113787554513
02_linear,Linear,Logistic Regression,0,0,0.03497076054702706
02_linear,Linear,Logistic Regression,0,0,8.490594765008187e-10
02_linear,Linear,Logistic Regression,0,0,3.855119228604865e-05
02_linear,Linear,Logistic Regression,0,0,0.1511570398772121
02_linear,Linear,Logistic Regression,0,0,0.4097588660524191
02_linear,Linear,Logistic Regression,1,1,0.99999999999995
02_linear,Linear,Logistic Regression,0,0,0.001932340729329064
02_linear,Linear,Logistic Regression,0,0,0.0016936629322965688
02_linear,Linear,Logistic Regression,0,0,0.27038577001079434
02_linear,Linear,Logistic Regression,0,0,0.03935943294266036
02_linear,Linear,Logistic Regression,1,1,0.9999992293455727
02_linear,Linear,Logistic Regression,0,0,0.018804413460312436
02_linear,Linear,Logistic Regression,1,1,0.9999997415709827
02_linear,Linear,Logistic Regression,0,0,7.509894035549232e-05
02_linear,Linear,Logistic Regression,0,0,0.41627633143698395
02_linear,Linear,Logistic Regression,0,0,0.03709041348426093
02_linear,Linear,Logistic Regression,1,1,0.5346718452209396
02_linear,Linear,Logistic Regression,0,0,3.2445917667965136e-06
02_linear,Linear,Logistic Regression,1,1,0.9999998204790801
02_linear,Linear,Logistic Regression,0,0,0.0009824643286482112
02_linear,Linear,Logistic Regression,0,0,0.19213539012643716
02_linear,Linear,Logistic Regression,0,0,0.000818764400123751
02_linear,Linear,Logistic Regression,1,0,0.36432889673134006
02_linear,Linear,Logistic Regression,0,0,0.0008767382624776986
02_linear,Linear,Logistic Regression,0,0,0.00017833685673229692
02_linear,Linear,Logistic Regression,0,0,0.4347914993083147
02_linear,Linear,Logistic Regression,0,0,0.0019135843725092408
02_linear,Linear,Logistic Regression,0,0,0.00017679267247190238
02_linear,Linear,Logistic Regression,0,0,5.2112290621163236e-12
02_linear,Linear,Logistic Regression,0,0,0.010172766621117444
02_linear,Linear,Logistic Regression,0,0,0.008360328053342022
02_linear,Linear,Logistic Regression,0,0,0.04035525178319469
02_linear,Linear,Logistic Regression,1,1,0.999999873833661
02_linear,Linear,Logistic Regression,0,0,0.11048527590196228
02_linear,Linear,Logistic Regression,0,0,2.6457890850727432e-14
02_linear,Linear,Logistic Regression,1,0,0.40277767741451237
02_linear,Linear,Logistic Regression,0,0,0.033764711709712895
02_linear,Linear,Logistic Regression,0,0,8.67950884248366e-05
02_linear,Linear,Logistic Regression,0,0,0.22370758151896103
02_linear,Linear,Logistic Regression,1,0,0.4942412743337895
02_linear,Linear,Logistic Regression,1,1,0.5686338028461984
02_linear,Linear,Logistic Regression,1,0,0.2947040986133747
02_linear,Linear,Logistic Regression,0,0,0.0004144864502211357
02_linear,Linear,Logistic Regression,0,0,0.0014929548271525913
02_linear,Linear,Logistic Regression,0,0,0.0013229703343528587
02_linear,Linear,Logistic Regression,0,0,3.137442883296118e-05
02_linear,Linear,Logistic Regression,1,1,0.9999998214254947
02_linear,Linear,Logistic Regression,0,0,0.0029027586090592233
02_linear,Linear,Logistic Regression,1,1,0.9999997670905717
02_linear,Linear,Logistic Regression,0,0,0.0010537374369934919
02_linear,Linear,Logistic Regression,0,0,0.01251833488772347
02_linear,Linear,Logistic Regression,1,1,0.999997378608327
02_linear,Linear,Logistic Regression,0,0,0.00020479704791232612
02_linear,Linear,Logistic Regression,0,0,0.022245025653958094
02_linear,Linear,Logistic Regression,0,0,0.01184088035842357
02_linear,Linear,Logistic Regression,0,0,1.065876738893584e-11
02_linear,Linear,Logistic Regression,0,0,4.256298410352222e-05
02_linear,Linear,Logistic Regression,0,0,0.2904208136405789
02_linear,Linear,Logistic Regression,0,0,0.017391921080710488
02_linear,Linear,Logistic Regression,0,0,0.32755007017341675
02_linear,Linear,Logistic Regression,0,0,0.008118513353877914
02_linear,Linear,Logistic Regression,0,0,0.00181213363138215
02_linear,Linear,Logistic Regression,1,1,0.6092349362993084
02_linear,Linear,Logistic Regression,0,0,1.9769548474482023e-12
02_linear,Linear,Logistic Regression,0,0,0.03170224442850589
02_linear,Linear,Logistic Regression,0,0,0.014579440178778944
02_linear,Linear,Logistic Regression,0,0,0.00013783416159953677
02_linear,Linear,Logistic Regression,0,0,0.04910620132259355
02_linear,Linear,Logistic Regression,1,0,0.17801438855474291
02_linear,Linear,Logistic Regression,0,0,0.14842517646793418
02_linear,Linear,Logistic Regression,0,0,1.3154444458558987e-05
02_linear,Linear,Logistic Regression,1,1,0.9999999678161738
02_linear,Linear,Logistic Regression,0,0,1.3356273162069182e-06
02_linear,Linear,Logistic Regression,0,0,0.00024214978666260223
02_linear,Linear,Logistic Regression,0,0,0.006471644349326307
02_linear,Linear,Logistic Regression,0,0,0.0037050129092698406
02_linear,Linear,Logistic Regression,0,0,0.0009192826869867242
02_linear,Linear,Logistic Regression,1,1,0.9999972582353671
02_linear,Linear,Logistic Regression,1,1,0.9999996565519553
02_linear,Linear,Logistic Regression,1,1,0.8331973443600443
02_linear,Linear,Logistic Regression,0,0,0.12134285808432256
02_linear,Linear,Logistic Regression,1,1,0.7392091607978775
02_linear,Linear,Logistic Regression,0,0,0.006334534293522088
02_linear,Linear,Logistic Regression,1,1,0.9999986811181152
02_linear,Linear,Logistic Regression,0,0,0.07912197082612807
02_linear,Linear,Logistic Regression,1,0,0.22747236756417785
02_linear,Linear,Logistic Regression,0,0,0.037479256871644155
02_linear,Linear,Logistic Regression,1,0,0.02519302855389421
02_linear,Linear,Logistic Regression,0,0,0.060230704682009584
02_linear,Linear,Logistic Regression,0,1,0.5644673362813283
02_linear,Linear,Logistic Regression,1,0,0.47249558395959024
02_linear,Linear,Logistic Regression,0,0,0.009338792587949594
02_linear,Linear,Logistic Regression,1,1,0.9999995022182693
02_linear,Linear,Logistic Regression,1,1,0.9999897304598742
02_linear,Linear,Logistic Regression,0,0,0.059957272731198705
02_linear,Linear,Logistic Regression,0,0,2.216444489102416e-12
02_linear,Linear,Logistic Regression,0,0,0.016109572518168976
02_linear,Linear,Logistic Regression,0,0,0.0011561721265743055
02_linear,Linear,Logistic Regression,0,0,0.04340208993459485
02_linear,Linear,Logistic Regression,1,0,0.3157704264884014
02_linear,Linear,Logistic Regression,1,0,0.2393151796937115
02_linear,Linear,Logistic Regression,0,0,8.076487678642309e-06
02_linear,Linear,Logistic Regression,0,1,0.8003011665053844
02_linear,Linear,Logistic Regression,0,0,0.21515551044831951
02_linear,Linear,Logistic Regression,0,0,0.39707979237675894
02_linear,Linear,Logistic Regression,0,0,0.009093515362621164
02_linear,Linear,Logistic Regression,1,1,0.5016668744552303
02_linear,Linear,Logistic Regression,1,1,0.9999986316810794
02_linear,Linear,Logistic Regression,1,1,0.9999975555999158
02_linear,Linear,Logistic Regression,0,0,0.006467214646934825
02_linear,Linear,Logistic Regression,0,0,0.008404030251645146
02_linear,Linear,Logistic Regression,0,0,0.012059510451687185
02_linear,Linear,Logistic Regression,1,1,0.9999997631188061
02_linear,Linear,Logistic Regression,0,0,0.010620951513988024
02_linear,Linear,Logistic Regression,1,1,0.669217416187806
02_linear,Linear,Logistic Regression,0,0,0.09430720599137796
02_linear,Linear,Logistic Regression,0,0,0.3281922468662105
02_linear,Linear,Logistic Regression,1,0,0.43020405909826054
02_linear,Linear,Logistic Regression,1,1,0.9999992309152306
02_linear,Linear,Logistic Regression,1,1,0.8313165239289196
02_linear,Linear,Logistic Regression,0,0,0.007377889718047135
02_linear,Linear,Logistic Regression,1,1,0.9999982668189765
02_linear,Linear,Logistic Regression,0,0,2.639010001431539e-07
02_linear,Linear,Logistic Regression,0,0,0.08353750057563505
02_linear,Linear,Logistic Regression,1,1,0.9999997630160613
02_linear,Linear,Logistic Regression,0,0,0.005869086374366181
02_linear,Linear,Logistic Regression,0,0,3.16942776455833e-05
02_linear,Linear,Logistic Regression,0,0,0.06499531674921155
02_linear,Linear,Logistic Regression,0,0,0.00022370040312054206
02_linear,Linear,Logistic Regression,0,0,0.0029284416705732553
02_linear,Linear,Logistic Regression,0,1,0.6530221279783252
02_linear,Linear,Logistic Regression,0,0,0.004681888198476046
02_linear,Linear,Logistic Regression,0,0,0.0006182373667827379
02_linear,Linear,Logistic Regression,1,1,0.7915245596416242
02_linear,Linear,Logistic Regression,0,0,0.0008425540627053667
02_linear,Linear,Logistic Regression,0,0,0.05662812668617197
02_linear,Linear,Logistic Regression,0,0,0.0021808626412166405
02_linear,Linear,Logistic Regression,0,0,0.16720136997850088
02_linear,Linear,Logistic Regression,1,1,0.9999967258479214
02_linear,Linear,Logistic Regression,0,0,0.0093635811063259
02_linear,Linear,Logistic Regression,0,0,0.008208815560213922
02_linear,Linear,Logistic Regression,1,1,0.7405293201717829
02_linear,Linear,Logistic Regression,0,0,0.032628482278688406
02_linear,Linear,Logistic Regression,0,0,3.889104325430525e-10
02_linear,Linear,Logistic Regression,0,0,0.014639127426663926
02_linear,Linear,Logistic Regression,1,0,0.4241575247126513
02_linear,Linear,Logistic Regression,1,1,0.9999999156507362
02_linear,Linear,Logistic Regression,1,1,0.9999997393316316
02_linear,Linear,Logistic Regression,0,0,0.001240051176483112
02_linear,Linear,Logistic Regression,0,0,1.7802834145942096e-09
02_linear,Linear,Logistic Regression,0,0,0.0008047262900132318
02_linear,Linear,Logistic Regression,0,0,0.20945228962725554
02_linear,Linear,Logistic Regression,1,1,0.6539555794937674
02_linear,Linear,Logistic Regression,1,1,0.9999990876319234
02_linear,Linear,Logistic Regression,0,0,0.46993746524005636
02_linear,Linear,Logistic Regression,0,0,3.543277257898285e-07
02_linear,Linear,Logistic Regression,0,0,0.003331766156388661
02_linear,Linear,Logistic Regression,1,1,0.9999998771572025
02_linear,Linear,Logistic Regression,0,0,0.0024262851655998756
02_linear,Linear,Logistic Regression,0,0,0.0367524602078387
02_linear,Linear,Logistic Regression,1,1,0.9999994884947129
02_linear,Linear,Logistic Regression,0,0,0.011673549543756276
02_linear,Linear,Logistic Regression,0,0,0.03741736167361745
02_linear,Linear,Logistic Regression,0,0,0.0556289956630156
02_linear,Linear,Logistic Regression,0,0,0.0041608620839998995
02_linear,Linear,Logistic Regression,0,0,0.0002950991856635172
02_linear,Linear,Logistic Regression,0,0,0.007285513313870759
02_linear,Linear,Logistic Regression,1,1,0.9999998794034642
02_linear,Linear,Logistic Regression,0,0,0.35035973229173134
02_linear,Linear,Logistic Regression,0,0,0.17636077729155267
02_linear,Linear,Logistic Regression,0,0,0.10694437494451406
02_linear,Linear,Logistic Regression,0,0,0.003116574731081846
02_linear,Linear,Logistic Regression,0,0,0.010376581535907217
02_linear,Linear,Logistic Regression,0,0,9.343617563514206e-14
02_linear,Linear,Logistic Regression,1,1,0.7977672433489735
02_linear,Linear,Logistic Regression,0,0,0.006467461295876045
02_linear,Linear,Logistic Regression,0,0,0.005287925861976376
02_linear,Linear,Logistic Regression,0,0,0.0006714394383657816
02_linear,Linear,Logistic Regression,0,0,0.016455734044601638
02_linear,Linear,Logistic Regression,0,0,0.34175688374632
02_linear,Linear,Logistic Regression,1,1,0.9999953765522024
02_linear,Linear,Logistic Regression,0,0,0.01700811299508314
02_linear,Linear,Logistic Regression,0,0,0.03495460356841494
02_linear,Linear,Logistic Regression,0,0,0.19953395085459522
02_linear,Linear,Logistic Regression,0,0,0.206770090558892
02_linear,Linear,Logistic Regression,0,0,0.040787558053161505
02_linear,Linear,Logistic Regression,0,0,0.00280483887181135
02_linear,Linear,Logistic Regression,0,0,9.704130828500426e-10
02_linear,Linear,Logistic Regression,0,0,0.3458337751587543
02_linear,Linear,Logistic Regression,0,0,4.89767854707155e-05
02_linear,Linear,Logistic Regression,0,0,0.001392316808981427
02_linear,Linear,Logistic Regression,0,0,0.00016930699362680164
02_linear,Linear,Logistic Regression,0,0,0.007968956434027981
02_linear,Linear,Logistic Regression,0,0,0.0001866977337084253
02_linear,Linear,Logistic Regression,0,0,0.00018128902863586414
02_linear,Linear,Logistic Regression,0,0,0.00031749387224389144
02_linear,Linear,Logistic Regression,0,0,0.11641094626123381
02_linear,Linear,Logistic Regression,1,1,0.9999998608875476
02_linear,Linear,Logistic Regression,0,0,0.005569493712269669
02_linear,Linear,Logistic Regression,0,0,0.0032636016673716272
02_linear,Linear,Logistic Regression,1,1,0.9999992824203048
02_linear,Linear,Logistic Regression,0,0,0.016366860620056246
02_linear,Linear,Logistic Regression,0,0,5.212019343095892e-06
02_linear,Linear,Logistic Regression,0,0,0.13506682960616556
02_linear,Linear,Logistic Regression,0,0,2.5850717864951038e-05
02_linear,Linear,Logistic Regression,0,0,0.07243791505949183
02_linear,Linear,Logistic Regression,0,0,0.00023056475835905808
02_linear,Linear,Logistic Regression,0,0,0.12989370547112916
02_linear,Linear,Logistic Regression,0,0,0.03143460292670052
02_linear,Linear,Logistic Regression,0,0,0.16222888033324787
02_linear,Linear,Logistic Regression,1,1,0.9999998289916868
02_linear,Linear,Logistic Regression,0,0,0.08163446129782162
02_linear,Linear,Logistic Regression,1,1,0.9999978708453996
02_linear,Linear,Logistic Regression,1,1,0.9999992849196697
02_linear,Linear,Logistic Regression,0,0,0.04262007264773235
02_linear,Linear,Logistic Regression,1,0,0.4579860977261597
02_linear,Linear,Logistic Regression,0,0,0.026456355345051166
02_linear,Linear,Logistic Regression,1,1,0.7996076108315762
02_linear,Linear,Logistic Regression,1,1,0.9999977665601882
02_linear,Linear,Logistic Regression,1,1,0.9999985160243956
02_linear,Linear,Logistic Regression,0,0,0.37188037559894643
02_linear,Linear,Logistic Regression,1,0,0.32965432733454625
02_linear,Linear,Logistic Regression,0,0,0.060532269671851484
02_linear,Linear,Logistic Regression,0,0,0.0033048532224736623
02_linear,Linear,Logistic Regression,0,0,0.011322370781447723
02_linear,Linear,Logistic Regression,0,0,1.0942605861025789e-05
02_linear,Linear,Logistic Regression,0,0,0.0026901810092715573
02_linear,Linear,Logistic Regression,0,0,7.589435753921975e-150
02_linear,Linear,Logistic Regression,0,0,0.10839123893085695
02_linear,Linear,Logistic Regression,0,0,8.760608536305933e-06
02_linear,Linear,Logistic Regression,1,1,0.9999994225799748
02_linear,Linear,Logistic Regression,0,0,0.0032350802646927655
02_linear,Linear,Logistic Regression,0,0,4.754152829138992e-06
02_linear,Linear,Logistic Regression,0,0,0.04102137694513095
02_linear,Linear,Logistic Regression,1,0,0.37054730622100907
02_linear,Linear,Logistic Regression,0,0,0.152381922193356
02_linear,Linear,Logistic Regression,1,0,0.3573599467907495
02_linear,Linear,Logistic Regression,0,0,0.0022571321184605506
02_linear,Linear,Logistic Regression,1,1,0.9999986474137089
02_linear,Linear,Logistic Regression,0,0,0.39652169675976034
02_linear,Linear,Logistic Regression,0,0,2.9649729419196803e-05
02_linear,Linear,Logistic Regression,1,1,0.9999993458420908
02_linear,Linear,Logistic Regression,0,1,0.6432703216160127
02_linear,Linear,Logistic Regression,0,0,0.0010525990752756358
02_linear,Linear,Logistic Regression,1,1,0.9999988508352252
02_linear,Linear,Logistic Regression,0,0,0.004263850250596526
02_linear,Linear,Logistic Regression,0,0,1.886011467594471e-09
02_linear,Linear,Logistic Regression,0,0,0.036048722780556985
02_linear,Linear,Logistic Regression,0,0,0.044896480917227935
02_linear,Linear,Logistic Regression,1,1,0.6597262046597874
02_linear,Linear,Logistic Regression,0,0,0.11451098722623053
02_linear,Linear,Logistic Regression,0,0,0.08241607936630768
02_linear,Linear,Logistic Regression,0,0,0.4321314073112885
02_linear,Linear,Logistic Regression,0,0,0.006440093236578645
02_linear,Linear,Logistic Regression,1,0,0.42311698453996194
02_linear,Linear,Logistic Regression,0,0,0.00029098655577722884
02_linear,Linear,Logistic Regression,0,0,0.002099018708219713
02_linear,Linear,Logistic Regression,0,0,0.0017611490107946686
02_linear,Linear,Logistic Regression,1,1,0.9999997730308166
02_linear,Linear,Logistic Regression,0,0,0.011635456105520301
02_linear,Linear,Logistic Regression,1,1,0.9999883573106614
02_linear,Linear,Logistic Regression,0,0,0.12473678627775353
02_linear,Linear,Logistic Regression,0,0,0.011750156852138201
02_linear,Linear,Logistic Regression,0,0,0.00044324902371841633
02_linear,Linear,Logistic Regression,0,0,0.0671840558718277
02_linear,Linear,Logistic Regression,0,0,0.0006246123126238983
02_linear,Linear,Logistic Regression,1,1,0.999999242833288
02_linear,Linear,Logistic Regression,0,0,0.2203543276137786
02_linear,Linear,Logistic Regression,1,1,0.9999999787377596
02_linear,Linear,Logistic Regression,0,0,0.3461996279279801
02_linear,Linear,Logistic Regression,1,1,0.501003166411028
02_linear,Linear,Logistic Regression,0,0,0.08568567327189097
02_linear,Linear,Logistic Regression,1,1,0.9999892173128743
02_linear,Linear,Logistic Regression,1,1,0.9999991688165429
02_linear,Linear,Logistic Regression,0,0,0.45836390560188106
02_linear,Linear,Logistic Regression,0,0,0.0003857294264588832
02_linear,Linear,Logistic Regression,1,1,0.999999393550704
02_linear,Linear,Logistic Regression,0,0,0.014800582487358492
02_linear,Linear,Logistic Regression,0,0,0.0037505229434961905
02_linear,Linear,Logistic Regression,0,0,0.0068858901276611754
02_linear,Linear,Logistic Regression,0,0,5.4365704055179696e-12
02_linear,Linear,Logistic Regression,1,1,0.9999988050345441
02_linear,Linear,Logistic Regression,1,1,0.9999995333043283
02_linear,Linear,Logistic Regression,0,0,0.0005948593754345573
02_linear,Linear,Logistic Regression,0,0,0.010487709342456065
02_linear,Linear,Logistic Regression,1,0,0.4989556821443825
02_linear,Linear,Logistic Regression,0,0,0.0040686303696024825
02_linear,Linear,Logistic Regression,0,0,5.777378218134401e-06
02_linear,Linear,Logistic Regression,1,1,0.9999991726895318
02_linear,Linear,Logistic Regression,1,1,0.999999740852385
02_linear,Linear,Logistic Regression,0,0,0.01894546377924113
02_linear,Linear,Logistic Regression,1,1,0.999999478067896
02_linear,Linear,Logistic Regression,0,0,0.0199426030598472
02_linear,Linear,Logistic Regression,1,1,0.9999999444413208
02_linear,Linear,Logistic Regression,0,0,0.39757828689494706
02_linear,Linear,Logistic Regression,0,0,0.061773324335798394
02_linear,Linear,Logistic Regression,0,0,2.2455466457358103e-07
02_linear,Linear,Logistic Regression,0,0,0.2783538945056921
02_linear,Linear,Logistic Regression,0,0,0.412909264802246
02_linear,Linear,Logistic Regression,0,0,0.0013787360594170778
02_linear,Linear,Logistic Regression,1,1,0.5594681424206767
02_linear,Linear,Logistic Regression,0,0,0.10948387993978077
02_linear,Linear,Logistic Regression,0,0,0.004713298705719591
02_linear,Linear,Logistic Regression,0,0,0.005923501527927311
02_linear,Linear,Logistic Regression,1,1,0.9999994299982269
02_linear,Linear,Logistic Regression,1,1,0.9999998812177137
02_linear,Linear,Logistic Regression,0,0,0.0018815192938015225
02_linear,Linear,Logistic Regression,0,0,0.0005850965809918069
02_linear,Linear,Logistic Regression,0,0,0.07533964442607713
02_linear,Linear,Logistic Regression,0,0,2.985401788431131e-06
02_linear,Linear,Logistic Regression,1,1,0.9999998811746368
02_linear,Linear,Logistic Regression,0,0,0.0013500282012313795
02_linear,Linear,Logistic Regression,0,0,0.0001588842921193693
02_linear,Linear,Logistic Regression,0,0,5.441803582866588e-07
02_linear,Linear,Logistic Regression,0,0,0.0008500105272545138
02_linear,Linear,Logistic Regression,0,0,6.112962650482948e-05
02_linear,Linear,Logistic Regression,0,0,0.004228654521022029
02_linear,Linear,Logistic Regression,0,0,0.036532947671149535
02_linear,Linear,Logistic Regression,0,0,0.11509608649520435
02_linear,Linear,Logistic Regression,0,0,0.30221271750852075
02_linear,Linear,Logistic Regression,0,0,0.0031975534143782558
02_linear,Linear,Logistic Regression,0,0,0.03865671013818589
02_linear,Linear,Logistic Regression,0,0,6.725577328165378e-05
02_linear,Linear,Logistic Regression,0,0,0.06614988651202854
02_linear,Linear,Logistic Regression,0,0,0.03489084881145466
02_linear,Linear,Logistic Regression,0,0,0.2057952582554527
02_linear,Linear,Logistic Regression,0,0,0.11463391501637668
02_linear,Linear,Logistic Regression,0,0,9.456306187480028e-05
02_linear,Linear,Logistic Regression,0,0,0.00013380066707142867
02_linear,Linear,Logistic Regression,0,0,0.0038780894719194804
02_linear,Linear,Logistic Regression,0,0,0.0034876691817641663
02_linear,Linear,Logistic Regression,0,0,1.0579643695512739e-13
02_linear,Linear,Logistic Regression,0,0,0.016292616886661122
02_linear,Linear,Logistic Regression,0,0,0.007447569388897415
02_linear,Linear,Logistic Regression,0,0,0.00886086314923175
02_linear,Linear,Logistic Regression,0,0,0.0005487298397302209
02_linear,Linear,Logistic Regression,0,0,0.28347475871166317
02_linear,Linear,Logistic Regression,0,0,0.0011740703794647415
02_linear,Linear,Logistic Regression,0,0,0.003573255955083925
02_linear,Linear,Logistic Regression,1,1,0.9999993309444588
02_linear,Linear,Logistic Regression,0,0,0.001712225661585104
02_linear,Linear,Logistic Regression,0,0,1.9946325891272135e-20
02_linear,Linear,Logistic Regression,0,0,0.009075352473848688
02_linear,Linear,Logistic Regression,0,0,0.0015002945277544334
02_linear,Linear,Logistic Regression,0,0,0.00018768326160369765
02_linear,Linear,Logistic Regression,1,0,0.30497711213717466
02_linear,Linear,Logistic Regression,0,0,0.013333184628772317
02_linear,Linear,Logistic Regression,0,0,7.324384050275116e-05
02_linear,Linear,Logistic Regression,1,1,1.0
02_linear,Linear,Logistic Regression,1,1,0.9999992156569658
02_linear,Linear,Logistic Regression,0,0,0.0062930110335217
02_linear,Linear,Logistic Regression,0,0,0.46417236215896757
02_linear,Linear,Logistic Regression,0,0,0.011717326383757514
02_linear,Linear,Logistic Regression,1,1,0.9999992531129384
02_linear,Linear,Logistic Regression,0,0,0.010260490997583565
02_linear,Linear,Logistic Regression,0,0,0.2692310859284625
02_linear,Linear,Logistic Regression,0,0,0.43155597629493336
02_linear,Linear,Logistic Regression,0,0,9.869018918644311e-05
02_linear,Linear,Logistic Regression,0,0,0.033485091306120936
02_linear,Linear,Logistic Regression,0,0,0.005028072889957085
02_linear,Linear,Logistic Regression,0,0,0.1249802734459325
02_linear,Linear,Logistic Regression,0,0,0.002134464992108799
02_linear,Linear,Logistic Regression,0,0,0.1118341841115223
02_linear,Linear,Logistic Regression,0,0,0.08195320433346402
02_linear,Linear,Logistic Regression,0,1,0.5872869004016281
02_linear,Linear,Logistic Regression,0,0,0.08571672350500005
02_linear,Linear,Logistic Regression,0,0,1.419266035462703e-05
02_linear,Linear,Logistic Regression,1,1,0.9999998341965461
02_linear,Linear,Logistic Regression,1,1,0.9999999996086484
02_linear,Linear,Logistic Regression,0,0,0.014818603341047053
02_linear,Linear,Logistic Regression,1,1,0.9999996217989828
02_linear,Linear,Logistic Regression,0,0,0.2891700155031376
02_linear,Linear,Logistic Regression,0,0,0.01458335626985382
02_linear,Linear,Logistic Regression,1,1,0.999999710268116
02_linear,Linear,Logistic Regression,0,0,0.05688836210453508
02_linear,Linear,Logistic Regression,0,0,0.01373867431627776
02_linear,Linear,Logistic Regression,0,0,0.018251320071207694
02_linear,Linear,Logistic Regression,0,0,1.2964074165218912e-09
02_linear,Linear,Logistic Regression,0,0,0.013242191914677091
02_linear,Linear,Logistic Regression,0,0,0.0692848405168382
02_linear,Linear,Logistic Regression,0,0,0.32235517189986596
02_linear,Linear,Logistic Regression,0,0,2.2793799375757044e-17
02_linear,Linear,Logistic Regression,0,0,3.008441365798065e-08
02_linear,Linear,Logistic Regression,0,0,0.00043286054293595165
02_linear,Linear,Logistic Regression,0,0,0.0006774921779009435
02_linear,Linear,Logistic Regression,0,0,0.004709266911660308
02_linear,Linear,Logistic Regression,0,0,0.03392573355453473
02_linear,Linear,Logistic Regression,0,0,0.013485559411752881
02_linear,Linear,Logistic Regression,0,0,0.06093927325774514
02_linear,Linear,Logistic Regression,0,0,0.0002503879724372218
02_linear,Linear,Logistic Regression,0,0,0.01815539830613393
02_linear,Linear,Logistic Regression,0,0,0.02507828952301222
02_linear,Linear,Logistic Regression,0,0,9.062111623353985e-05
02_linear,Linear,Logistic Regression,1,1,0.9999993233326834
02_linear,Linear,Logistic Regression,0,0,0.03644403426594479
02_linear,Linear,Logistic Regression,1,1,0.999997716848542
02_linear,Linear,Logistic Regression,0,0,0.029650487984887293
02_linear,Linear,Logistic Regression,0,0,0.33920473738681783
02_linear,Linear,Logistic Regression,0,0,0.3463882513187102
02_linear,Linear,Logistic Regression,0,0,0.03144043260056411
02_linear,Linear,Logistic Regression,0,0,0.3026775796747005
02_linear,Linear,Logistic Regression,0,0,0.02676439571197155
02_linear,Linear,Logistic Regression,0,0,0.03119097680074856
02_linear,Linear,Logistic Regression,1,1,0.9999979625849575
02_linear,Linear,Logistic Regression,0,0,0.0019672010789079956
02_linear,Linear,Logistic Regression,0,0,0.15307510588247403
02_linear,Linear,Logistic Regression,0,0,0.07036312885691548
02_linear,Linear,Logistic Regression,1,1,0.9999989699506474
02_linear,Linear,Logistic Regression,0,0,0.0072952700638144645
02_linear,Linear,Logistic Regression,1,1,0.9999983286285289
02_linear,Linear,Logistic Regression,0,0,0.0011996603048238753
02_linear,Linear,Logistic Regression,0,0,0.10138800099017872
02_linear,Linear,Logistic Regression,0,0,1.7282101621160257e-28
02_linear,Linear,Logistic Regression,1,1,0.9999998442587859
02_linear,Linear,Logistic Regression,0,0,2.6998147794914078e-11
02_linear,Linear,Logistic Regression,0,0,0.004774577913938224
02_linear,Linear,Logistic Regression,0,0,0.267651805463626
02_linear,Linear,Logistic Regression,0,0,0.004379588589411051
02_linear,Linear,Logistic Regression,1,1,0.8689272092273722
02_linear,Linear,Logistic Regression,0,0,0.0006590636478874052
02_linear,Linear,Logistic Regression,0,0,0.27327062751370756
02_linear,Linear,Logistic Regression,0,0,4.619732333669711e-05
02_linear,Linear,Logistic Regression,1,1,0.9999990194252554
02_linear,Linear,Logistic Regression,0,0,0.3197507515725752
02_linear,Linear,Logistic Regression,0,0,0.001917031694512879
02_linear,Linear,Logistic Regression,1,1,0.9999999540712187
02_linear,Linear,Logistic Regression,0,0,9.285242374161012e-46
02_linear,Linear,Logistic Regression,0,0,4.0217888290641345e-05
02_linear,Linear,Logistic Regression,1,1,0.9999993808292295
02_linear,Linear,Logistic Regression,1,1,0.9999989886263948
02_linear,Linear,Logistic Regression,0,1,0.5705032729139645
02_linear,Linear,Logistic Regression,0,0,0.0033365234899409234
02_linear,Linear,Logistic Regression,0,0,0.001263607597874296
02_linear,Linear,Logistic Regression,0,0,7.854612923441487e-05
02_linear,Linear,Logistic Regression,0,0,1.597989067496365e-05
02_linear,Linear,Logistic Regression,0,0,0.0001619630743951648
02_linear,Linear,Logistic Regression,0,0,0.002021751945944211
02_linear,Linear,Logistic Regression,0,0,0.019439189504685535
02_linear,Linear,Logistic Regression,1,1,0.9999975070520133
02_linear,Linear,Logistic Regression,0,0,3.4513626108757173e-09
02_linear,Linear,Logistic Regression,0,0,0.008975176843715703
02_linear,Linear,Logistic Regression,0,0,0.022477197942287034
02_linear,Linear,Logistic Regression,1,1,0.9999996136144816
02_linear,Linear,Logistic Regression,0,0,0.012416706714537101
02_linear,Linear,Logistic Regression,1,1,0.9999993402170696
02_linear,Linear,Logistic Regression,0,0,0.03176652347285021
02_linear,Linear,Logistic Regression,1,1,0.999999984894542
02_linear,Linear,Logistic Regression,0,0,0.038670980339708116
02_linear,Linear,Logistic Regression,0,0,0.028966279758969607
02_linear,Linear,Logistic Regression,0,0,0.2130845066657711
02_linear,Linear,Logistic Regression,0,0,0.00015749341799639849
02_linear,Linear,Logistic Regression,0,0,0.40029796868297
02_linear,Linear,Logistic Regression,0,0,0.001030845475665622
02_linear,Linear,Logistic Regression,0,1,0.525742908997671
02_linear,Linear,Logistic Regression,1,1,0.999992386046924
02_linear,Linear,Logistic Regression,1,1,0.9999989985959031
02_linear,Linear,Logistic Regression,0,0,0.10387130568231252
02_linear,Linear,Logistic Regression,0,0,0.0002512773221438519
02_linear,Linear,Logistic Regression,1,1,1.0
02_linear,Linear,Logistic Regression,0,0,1.6770829581451342e-06
02_linear,Linear,Logistic Regression,0,0,0.0009742922021021683
02_linear,Linear,Logistic Regression,0,0,0.024388847709286614
02_linear,Linear,Logistic Regression,1,1,0.9999963726005764
02_linear,Linear,Logistic Regression,0,0,6.80457154457725e-05
02_linear,Linear,Logistic Regression,0,0,0.11768924452809998
02_linear,Linear,Logistic Regression,1,1,0.999999099817351
02_linear,Linear,Logistic Regression,0,0,0.0024667276944599264
02_linear,Linear,Logistic Regression,0,0,0.0007288304879959535
02_linear,Linear,Logistic Regression,0,0,0.06993465775884167
02_linear,Linear,Logistic Regression,0,0,0.008960909240457067
02_linear,Linear,Logistic Regression,0,0,0.40033942818439067
02_linear,Linear,Logistic Regression,0,0,0.0021277270031666517
02_linear,Linear,Logistic Regression,0,0,7.120248818604636e-05
02_linear,Linear,Logistic Regression,0,0,0.0070938426290277695
02_linear,Linear,Logistic Regression,0,0,0.15568147710573219
02_linear,Linear,Logistic Regression,1,1,0.9999999213934323
02_linear,Linear,Logistic Regression,0,0,0.010854816643244971
02_linear,Linear,Logistic Regression,1,1,0.9999999999741365
02_linear,Linear,Logistic Regression,0,0,0.00940324906919323
02_linear,Linear,Logistic Regression,0,0,0.3454595910708124
02_linear,Linear,Logistic Regression,0,0,0.010670937228999719
02_linear,Linear,Logistic Regression,0,0,0.02639347462171135
02_linear,Linear,Logistic Regression,1,1,0.673874457220116
02_linear,Linear,Logistic Regression,0,0,0.07866620042278205
02_linear,Linear,Logistic Regression,1,1,0.9999992743611917
02_linear,Linear,Logistic Regression,0,0,0.030190620006486497
02_linear,Linear,Logistic Regression,0,0,0.02195938511022488
02_linear,Linear,Logistic Regression,1,1,0.9999984808267175
02_linear,Linear,Logistic Regression,0,0,0.0020666413771444677
02_linear,Linear,Logistic Regression,0,1,0.5455998891464807
02_linear,Linear,Logistic Regression,0,0,0.006495800971175184
02_linear,Linear,Logistic Regression,0,0,0.26502772618827247
02_linear,Linear,Logistic Regression,0,0,0.003172252115042927
02_linear,Linear,Logistic Regression,0,0,0.12558740729568776
02_linear,Linear,Logistic Regression,0,0,0.0012799605015072204
02_linear,Linear,Logistic Regression,0,0,0.003230576050661948
02_linear,Linear,Logistic Regression,1,1,0.9999997223079499
02_linear,Linear,Logistic Regression,0,0,0.009213251523225913
02_linear,Linear,Logistic Regression,0,0,0.18435338925967779
02_linear,Linear,Logistic Regression,0,0,0.0030079095658377217
02_linear,Linear,Logistic Regression,0,0,0.002107152492742238
02_linear,Linear,Logistic Regression,0,0,0.03164270276257819
02_linear,Linear,Logistic Regression,0,0,9.255051404873912e-05
02_linear,Linear,Logistic Regression,0,0,0.002964554830107745
02_linear,Linear,Logistic Regression,1,1,0.9999883230355852
02_linear,Linear,Logistic Regression,0,0,0.023963330993453987
02_linear,Linear,Logistic Regression,0,0,3.917764487985052e-56
02_linear,Linear,Logistic Regression,0,0,0.1003281740454885
02_linear,Linear,Logistic Regression,0,0,0.024847073121018682
02_linear,Linear,Logistic Regression,1,1,0.9999969856236453
02_linear,Linear,Logistic Regression,0,0,0.0045739443850731625
02_linear,Linear,Logistic Regression,1,1,0.999998216843845
02_linear,Linear,Logistic Regression,0,0,0.038082633937955856
02_linear,Linear,Logistic Regression,0,0,3.970448235890954e-06
02_linear,Linear,Logistic Regression,1,0,0.36135979425174714
02_linear,Linear,Logistic Regression,0,0,0.027687775507304863
02_linear,Linear,Logistic Regression,1,1,0.9999994093522573
02_linear,Linear,Logistic Regression,0,0,0.03744090894854302
02_linear,Linear,Logistic Regression,1,1,0.9999997585605774
02_linear,Linear,Logistic Regression,0,0,0.018316288732006168
02_linear,Linear,Logistic Regression,0,0,0.12899215644039735
02_linear,Linear,Logistic Regression,0,0,0.040736143537239734
02_linear,Linear,Logistic Regression,0,0,1.4983845386079846e-31
02_linear,Linear,Logistic Regression,0,0,0.02023208109246536
02_linear,Linear,Logistic Regression,0,0,0.007208622549842575
02_linear,Linear,Logistic Regression,1,1,0.9999995714427616
02_linear,Linear,Logistic Regression,0,0,0.011358684398828978
02_linear,Linear,Logistic Regression,0,0,5.369455700353635e-31
02_linear,Linear,Logistic Regression,0,0,0.014875736503140974
02_linear,Linear,Logistic Regression,1,0,0.2216779356610822
02_linear,Linear,Logistic Regression,1,1,0.7580266209415699
02_linear,Linear,Logistic Regression,0,0,0.011996602679400847
02_linear,Linear,Logistic Regression,0,0,0.016142048370694398
02_linear,Linear,Logistic Regression,0,0,0.2243835706024177
02_linear,Linear,Logistic Regression,0,0,4.427853368059949e-05
02_linear,Linear,Logistic Regression,0,0,0.003748688738242363
02_linear,Linear,Logistic Regression,0,0,5.973026813294022e-05
02_linear,Linear,Logistic Regression,0,0,0.025927064459378393
02_linear,Linear,Logistic Regression,0,0,0.020367304420484886
02_linear,Linear,Logistic Regression,0,0,0.005510984039248405
02_linear,Linear,Logistic Regression,1,1,0.5365028621914167
02_linear,Linear,Logistic Regression,0,0,0.010995630891658262
02_linear,Linear,Logistic Regression,0,0,0.0017561916676738325
02_linear,Linear,Logistic Regression,0,0,0.0934300801476803
02_linear,Linear,Logistic Regression,1,1,0.9999974555502195
02_linear,Linear,Logistic Regression,0,0,0.10518230220761206
02_linear,Linear,Logistic Regression,0,0,0.24574825856774632
02_linear,Linear,Logistic Regression,1,1,0.999998381201637
02_linear,Linear,Logistic Regression,0,0,0.006730504428695791
02_linear,Linear,Logistic Regression,0,0,0.0038017128091091213
02_linear,Linear,Logistic Regression,1,1,0.7860910958342983
02_linear,Linear,Logistic Regression,0,0,0.3708357215882305
02_linear,Linear,Logistic Regression,0,0,0.014087245220474427
02_linear,Linear,Logistic Regression,1,1,0.9999998434563727
02_linear,Linear,Logistic Regression,0,0,0.0001422784994175471
02_linear,Linear,Logistic Regression,0,0,0.0027596564328080443
02_linear,Linear,Logistic Regression,0,0,0.0038992812133243158
02_linear,Linear,Logistic Regression,0,0,0.005541904703544733
02_linear,Linear,Logistic Regression,0,0,0.10184278772557662
02_linear,Linear,Logistic Regression,0,0,1.249534395740221e-06
02_linear,Linear,Logistic Regression,0,0,0.00010341563517893606
02_linear,Linear,Logistic Regression,0,0,0.045281367258769474
02_linear,Linear,Logistic Regression,0,0,0.020282781840336248
02_linear,Linear,Logistic Regression,0,0,0.008774845174925902
02_linear,Linear,Logistic Regression,0,0,0.2103154074590362
02_linear,Linear,Logistic Regression,1,1,0.9999999022679589
02_linear,Linear,Logistic Regression,0,0,0.005527467056429203
02_linear,Linear,Logistic Regression,0,0,0.011085193516986473
02_linear,Linear,Logistic Regression,0,0,0.002429326857836472
02_linear,Linear,Logistic Regression,0,0,0.006504542258231126
02_linear,Linear,Logistic Regression,0,0,1.5981787737574533e-06
02_linear,Linear,Logistic Regression,0,0,1.0433361134289853e-05
02_linear,Linear,Logistic Regression,0,0,0.0009732629260994662
02_linear,Linear,Logistic Regression,0,0,0.007430857450486286
02_linear,Linear,Logistic Regression,1,1,0.9999996327748591
02_linear,Linear,Logistic Regression,1,1,1.0
02_linear,Linear,Logistic Regression,0,0,0.0013534025053390589
02_linear,Linear,Logistic Regression,1,1,0.649561456618743
02_linear,Linear,Logistic Regression,1,1,0.9999996926892466
02_linear,Linear,Logistic Regression,0,0,0.005021513451287156
02_linear,Linear,Logistic Regression,1,1,0.7523979885608705
02_linear,Linear,Logistic Regression,1,1,0.516509298014783
02_linear,Linear,Logistic Regression,0,0,0.007819092206411143
02_linear,Linear,Logistic Regression,0,0,0.00027037150221269487
02_linear,Linear,Logistic Regression,0,0,0.1674589940873823
02_linear,Linear,Logistic Regression,0,0,0.16876485522174256
02_linear,Linear,Logistic Regression,0,0,0.010071406286718383
02_linear,Linear,Logistic Regression,0,0,0.004448014579845702
02_linear,Linear,Logistic Regression,0,0,0.054758942679808006
02_linear,Linear,Logistic Regression,0,0,3.82687542945522e-07
02_linear,Linear,Logistic Regression,0,0,3.2939743829150274e-06
02_linear,Linear,Logistic Regression,1,1,0.5628234037148373
02_linear,Linear,Logistic Regression,1,1,0.9999988176555794
02_linear,Linear,Logistic Regression,0,0,0.061951035960046266
02_linear,Linear,Logistic Regression,0,0,0.0012855673503873847
02_linear,Linear,Logistic Regression,1,1,0.5739794548033742
02_linear,Linear,Logistic Regression,0,0,0.03151511676579571
02_linear,Linear,Logistic Regression,0,0,0.003014271989956739
02_linear,Linear,Logistic Regression,0,0,0.0029808552758721894
02_linear,Linear,Logistic Regression,0,0,0.002598667631646062
02_linear,Linear,Logistic Regression,0,0,3.51428659242331e-09
02_linear,Linear,Logistic Regression,1,1,0.9999998058459978
02_linear,Linear,Logistic Regression,0,0,2.5282185608202064e-34
02_linear,Linear,Logistic Regression,1,1,0.5791619920606562
02_linear,Linear,Logistic Regression,0,0,0.1268758335134689
02_linear,Linear,Logistic Regression,1,1,0.9999987858392099
02_linear,Linear,Logistic Regression,0,0,0.261546111743594
02_linear,Linear,Logistic Regression,0,0,0.13728463505138944
02_linear,Linear,Logistic Regression,0,0,1.1491850501280351e-12
02_linear,Linear,Logistic Regression,0,0,0.04680820062935305
02_linear,Linear,Logistic Regression,0,0,0.0016904927358082505
02_linear,Linear,Logistic Regression,0,0,0.013769829304182123
02_linear,Linear,Logistic Regression,0,0,0.2194659759941139
02_linear,Linear,Logistic Regression,1,1,0.9999995419422003
02_linear,Linear,Logistic Regression,0,0,0.006293045652866977
02_linear,Linear,Logistic Regression,1,1,0.7613932085318562
02_linear,Linear,Logistic Regression,0,0,0.4151213743681469
02_linear,Linear,Logistic Regression,0,0,0.08674278876854928
02_linear,Linear,Logistic Regression,0,0,0.008760219988165884
02_linear,Linear,Logistic Regression,0,0,0.18006498829462422
02_linear,Linear,Logistic Regression,1,1,0.6348521542300211
02_linear,Linear,Logistic Regression,0,0,0.0002833845769678388
02_linear,Linear,Logistic Regression,0,0,0.03484712180613381
02_linear,Linear,Logistic Regression,0,0,0.0008114376449619055
02_linear,Linear,Logistic Regression,0,0,0.0027584558842996187
02_linear,Linear,Logistic Regression,1,0,0.3150210674704398
02_linear,Linear,Logistic Regression,0,0,0.026950059947704556
02_linear,Linear,Logistic Regression,0,0,0.009557222753025674
02_linear,Linear,Logistic Regression,0,0,0.0013327496405629892
02_linear,Linear,Logistic Regression,0,0,0.1524967962424375
02_linear,Linear,Logistic Regression,1,0,0.050650083176637696
02_linear,Linear,Logistic Regression,0,0,0.01617988480287437
02_linear,Linear,Logistic Regression,0,0,9.578671684140293e-06
02_linear,Linear,Logistic Regression,0,0,0.014741257769541972
02_linear,Linear,Logistic Regression,0,1,0.6918245937617638
02_linear,Linear,Logistic Regression,1,1,0.9999996123773657
02_linear,Linear,Logistic Regression,0,0,0.04459310554240979
02_linear,Linear,Logistic Regression,0,0,0.001961696337979541
02_linear,Linear,Logistic Regression,0,0,0.18305041634637986
02_linear,Linear,Logistic Regression,0,0,0.00013324150831658477
02_linear,Linear,Logistic Regression,1,1,0.83284253450697
02_linear,Linear,Logistic Regression,0,0,4.2930991018669395e-06
02_linear,Linear,Logistic Regression,0,0,0.2501700334240323
02_linear,Linear,Logistic Regression,0,0,0.05873403852194491
02_linear,Linear,Logistic Regression,0,0,3.5951222242550944e-16
02_linear,Linear,Logistic Regression,0,0,0.02757587158650569
02_linear,Linear,Logistic Regression,1,0,0.32420440276623125
02_linear,Linear,Logistic Regression,0,0,0.048006639952809745
02_linear,Linear,Logistic Regression,1,1,0.9999997168967374
02_linear,Linear,Logistic Regression,0,0,0.01076098265893927
02_linear,Linear,Logistic Regression,1,1,1.0
02_linear,Linear,Logistic Regression,0,0,0.39407168586182734
02_linear,Linear,Logistic Regression,0,0,0.005897182143096488
02_linear,Linear,Logistic Regression,0,0,0.04176628233218717
02_linear,Linear,Logistic Regression,0,0,0.00019821004479435314
02_linear,Linear,Logistic Regression,0,1,0.5378337804204109
02_linear,Linear,Logistic Regression,0,0,0.013468701075212575
02_linear,Linear,Logistic Regression,0,0,0.00035733919098009716
02_linear,Linear,Logistic Regression,0,0,0.0005472094407094597
02_linear,Linear,Logistic Regression,0,0,0.34112548225220246
02_linear,Linear,Logistic Regression,0,0,0.1187118764333843
02_linear,Linear,Logistic Regression,0,0,1.089704923573162e-12
02_linear,Linear,Logistic Regression,1,1,0.9999996238597724
02_linear,Linear,Logistic Regression,0,0,0.009026415922047984
02_linear,Linear,Logistic Regression,1,1,0.999998420696673
02_linear,Linear,Logistic Regression,0,0,0.03239427667309371
02_linear,Linear,Logistic Regression,1,1,1.0
02_linear,Linear,Logistic Regression,0,0,0.3176504310076104
02_linear,Linear,Logistic Regression,0,0,0.013588198920320036
02_linear,Linear,Logistic Regression,1,1,0.999999356397531
02_linear,Linear,Logistic Regression,0,0,0.3462065196613385
02_linear,Linear,Logistic Regression,0,0,0.002608241745373526
02_linear,Linear,Logistic Regression,0,0,0.12359856712963925
02_linear,Linear,Logistic Regression,0,0,0.20330573606584482
02_linear,Linear,Logistic Regression,0,0,0.029306869557961544
02_linear,Linear,Logistic Regression,0,0,0.035599485263546116
02_linear,Linear,Logistic Regression,0,0,0.027199328840959252
02_linear,Linear,Logistic Regression,1,1,0.9999959616183743
02_linear,Linear,Logistic Regression,0,0,0.00044820960166771807
02_linear,Linear,Logistic Regression,0,0,0.23466738071284074
02_linear,Linear,Logistic Regression,0,0,0.17134994005278642
02_linear,Linear,Logistic Regression,0,0,0.005441018203333589
02_linear,Linear,Logistic Regression,0,0,0.0620396999033306
02_linear,Linear,Logistic Regression,1,1,0.6729809324174963
02_linear,Linear,Logistic Regression,0,0,8.933264789836386e-15
02_linear,Linear,Logistic Regression,0,0,0.11182400771437351
02_linear,Linear,Logistic Regression,0,0,0.2979193157654356
02_linear,Linear,Logistic Regression,0,0,0.010071924669680793
02_linear,Linear,Logistic Regression,0,0,0.000344366258617224
02_linear,Linear,Logistic Regression,0,0,0.007948041600164258
02_linear,Linear,Logistic Regression,0,0,1.1120772666727216e-06
02_linear,Linear,Logistic Regression,1,1,0.9999999049200888
02_linear,Linear,Logistic Regression,1,1,0.9999998516085213
02_linear,Linear,Logistic Regression,1,1,0.9999991253724705
02_linear,Linear,Logistic Regression,0,0,0.0001572489578537109
02_linear,Linear,Logistic Regression,1,1,0.7444353167107715
02_linear,Linear,Logistic Regression,0,0,0.0016696996120269764
02_linear,Linear,Logistic Regression,0,0,1.020618555829435e-27
02_linear,Linear,Logistic Regression,0,0,0.0006569819163501994
02_linear,Linear,Logistic Regression,0,0,5.073672985050996e-05
02_linear,Linear,Logistic Regression,0,0,3.2458609665689354e-41
02_linear,Linear,Logistic Regression,0,0,0.00012336720732044988
02_linear,Linear,Logistic Regression,0,0,0.0009975766133477012
02_linear,Linear,Logistic Regression,0,0,0.04177360010500341
02_linear,Linear,Logistic Regression,0,0,3.9937387507678605e-06
02_linear,Linear,Logistic Regression,0,0,0.13014753933537188
02_linear,Linear,Logistic Regression,1,1,0.9999992951480224
02_linear,Linear,Logistic Regression,0,0,0.022227595971800913
02_linear,Linear,Logistic Regression,0,0,0.002354106650116967
02_linear,Linear,Logistic Regression,0,0,5.6641749874678847e-05
02_linear,Linear,Logistic Regression,1,1,0.9999998064792891
02_linear,Linear,Logistic Regression,0,0,0.011074891356550707
02_linear,Linear,Logistic Regression,0,0,0.24413884225838386
02_linear,Linear,Logistic Regression,0,0,0.013037464069163375
02_linear,Linear,Logistic Regression,0,0,0.33312830931072845
02_linear,Linear,Logistic Regression,0,0,0.02757660882039043
02_linear,Linear,Logistic Regression,1,0,0.42945948035135706
02_linear,Linear,Logistic Regression,0,0,0.026654393376543087
02_linear,Linear,Logistic Regression,0,0,0.00033580782068950564
02_linear,Linear,Logistic Regression,0,0,0.2402937364043016
02_linear,Linear,Logistic Regression,1,0,0.41700210832753365
02_linear,Linear,Logistic Regression,0,0,0.32845925307085677
02_linear,Linear,Logistic Regression,0,0,7.038133038332725e-05
02_linear,Linear,Logistic Regression,0,0,0.03877505603695408
02_linear,Linear,Logistic Regression,0,0,0.016583675390566627
02_linear,Linear,Logistic Regression,0,0,0.05756079347007009
02_linear,Linear,Logistic Regression,0,0,0.07904031625435491
02_linear,Linear,Logistic Regression,0,0,0.19716524866325663
02_linear,Linear,Logistic Regression,0,0,0.17093718817083525
02_linear,Linear,Logistic Regression,0,0,0.0019409134057663635
02_linear,Linear,Logistic Regression,0,0,0.002100443127885678
02_linear,Linear,Logistic Regression,0,0,0.04190717304323159
02_linear,Linear,Logistic Regression,0,0,0.014343820779291652
02_linear,Linear,Logistic Regression,0,0,0.0047205081501205705
02_linear,Linear,Logistic Regression,0,0,6.076456822996096e-05
02_linear,Linear,Logistic Regression,1,1,0.9999990514613295
02_linear,Linear,Logistic Regression,0,0,0.014434692657314655
02_linear,Linear,Logistic Regression,0,0,0.005510515706122199
02_linear,Linear,Logistic Regression,0,0,0.003831321118965722
02_linear,Linear,Logistic Regression,0,0,0.08215044571747417
02_linear,Linear,Logistic Regression,1,1,0.9999981589679369
02_linear,Linear,Logistic Regression,1,1,0.9999997310036932
02_linear,Linear,Logistic Regression,0,0,0.09675950619754632
02_linear,Linear,Logistic Regression,0,0,0.02856700819426351
02_linear,Linear,Logistic Regression,0,0,0.03167833752423272
02_linear,Linear,Logistic Regression,0,0,0.001400390654374443
02_linear,Linear,Logistic Regression,0,0,0.006362365156410458
02_linear,Linear,Logistic Regression,0,0,0.4023604470831357
02_linear,Linear,Logistic Regression,0,0,0.002508459802799476
02_linear,Linear,Logistic Regression,0,0,0.0015249305774334945
02_linear,Linear,Logistic Regression,0,0,0.05669025176574951
02_linear,Linear,Logistic Regression,0,1,0.5125476132647572
02_linear,Linear,Logistic Regression,0,0,0.002235367630030871
02_linear,Linear,Logistic Regression,0,0,0.01074257800172986
02_linear,Linear,Logistic Regression,0,0,0.005428324992055039
02_linear,Linear,Logistic Regression,0,0,2.0943750174198967e-05
02_linear,Linear,Logistic Regression,0,0,0.0369190912991041
02_linear,Linear,Logistic Regression,1,1,0.999999457056684
02_linear,Linear,Logistic Regression,1,0,0.3793274782564626
02_linear,Linear,Logistic Regression,0,0,0.13456034359004293
02_linear,Linear,Logistic Regression,1,1,0.9999995276604394
02_linear,Linear,Logistic Regression,1,1,0.9999987286189359
02_linear,Linear,Logistic Regression,1,1,0.9999985507378628
02_linear,Linear,Logistic Regression,0,0,0.0001326697194045299
02_linear,Linear,Logistic Regression,0,0,1.9746546001286236e-07
02_linear,Linear,Logistic Regression,1,1,0.9999995445729017
02_linear,Linear,Logistic Regression,1,1,0.9999999769345899
02_linear,Linear,Logistic Regression,0,0,4.533392342074744e-14
02_linear,Linear,Logistic Regression,0,0,0.00020982468354097654
02_linear,Linear,Logistic Regression,0,0,0.1245875554369084
02_linear,Linear,Logistic Regression,1,1,0.9999990755840621
02_linear,Linear,Logistic Regression,0,0,0.03249110322827479
02_linear,Linear,Logistic Regression,0,0,0.00014591940851128976
02_linear,Linear,Logistic Regression,0,0,0.1437432953363281
02_linear,Linear,Logistic Regression,0,0,6.915909712863514e-05
02_linear,Linear,Logistic Regression,1,1,0.6318700271623806
02_linear,Linear,Logistic Regression,0,0,0.07630334432132216
02_linear,Linear,Logistic Regression,0,0,0.004100607830845585
02_linear,Linear,Logistic Regression,0,0,0.002039948490317535
02_linear,Linear,Logistic Regression,0,0,0.43124333502045986
02_linear,Linear,Logistic Regression,0,0,0.01859852817002021
02_linear,Linear,Logistic Regression,0,0,0.0018224389953416232
02_linear,Linear,Logistic Regression,1,1,0.999999981602011
02_linear,Linear,Logistic Regression,0,0,0.2943802694131639
02_linear,Linear,Logistic Regression,0,0,0.10812380869548749
02_linear,Linear,Logistic Regression,0,0,0.038423430528288095
02_linear,Linear,Logistic Regression,0,0,4.3420348397094423e-13
02_linear,Linear,Logistic Regression,1,1,0.999999314755949
02_linear,Linear,Logistic Regression,1,1,0.9999998853639445
02_linear,Linear,Logistic Regression,1,1,0.9999995387184063
02_linear,Linear,Logistic Regression,0,0,3.171089851687151e-09
02_linear,Linear,Logistic Regression,0,0,0.022147377422930943
02_linear,Linear,Logistic Regression,0,0,0.18686524862783316
02_linear,Linear,Logistic Regression,0,0,0.04163681911404264
02_linear,Linear,Logistic Regression,0,0,0.04460669118716025
02_linear,Linear,Logistic Regression,0,0,0.001233009059301239
02_linear,Linear,Logistic Regression,0,0,0.0011527362711411678
02_linear,Linear,Logistic Regression,1,1,0.9999996625543421
02_linear,Linear,Logistic Regression,1,1,0.9999994133103682
02_linear,Linear,Logistic Regression,0,1,0.741562996277444
02_linear,Linear,Logistic Regression,0,0,0.41189552271963875
02_linear,Linear,Logistic Regression,0,0,0.0011121783011107493
02_linear,Linear,Logistic Regression,0,0,0.006595059913040716
02_linear,Linear,Logistic Regression,0,0,0.06734861077974623
02_linear,Linear,Logistic Regression,0,0,0.001905673799851366
02_linear,Linear,Logistic Regression,0,0,0.011407298443700522
02_linear,Linear,Logistic Regression,0,0,2.7547093029847674e-06
02_linear,Linear,Logistic Regression,1,1,1.0
02_linear,Linear,Logistic Regression,0,0,0.21158467648189158
02_linear,Linear,Logistic Regression,0,0,0.0006354225388119282
02_linear,Linear,Logistic Regression,0,0,0.23605396660400677
02_linear,Linear,Logistic Regression,0,0,0.004907207904231333
02_linear,Linear,Logistic Regression,0,0,0.012939525157552768
02_linear,Linear,Logistic Regression,0,0,0.3264558347817341
02_linear,Linear,Logistic Regression,0,0,8.07895821746006e-06
02_linear,Linear,Logistic Regression,0,0,0.011024119318037966
02_linear,Linear,Logistic Regression,0,0,0.013885052769746786
02_linear,Linear,Logistic Regression,0,0,0.0022802769715400215
02_linear,Linear,Logistic Regression,0,0,1.0021650167306244e-12
02_linear,Linear,Logistic Regression,0,0,0.0030674221559850506
02_linear,Linear,Logistic Regression,0,0,0.05194114505776886
02_linear,Linear,Logistic Regression,0,0,0.024098510482025378
02_linear,Linear,Logistic Regression,0,1,0.5141453900453469
02_linear,Linear,Logistic Regression,0,0,4.711200892046121e-06
02_linear,Linear,Logistic Regression,0,0,0.006161805153894627
02_linear,Linear,Logistic Regression,0,0,0.04869959053526663
02_linear,Linear,Logistic Regression,0,0,0.06018646733484362
02_linear,Linear,Logistic Regression,1,1,0.9999985720242094
02_linear,Linear,Logistic Regression,1,1,0.9999981073809674
02_linear,Linear,Logistic Regression,0,0,0.1837187068194552
02_linear,Linear,Logistic Regression,1,1,0.9999997605495097
02_linear,Linear,Logistic Regression,0,0,0.012524513893423196
02_linear,Linear,Logistic Regression,0,0,0.0052561857078054315
02_linear,Linear,Logistic Regression,0,0,0.015235585647754622
02_linear,Linear,Logistic Regression,0,0,0.00020590476502448227
02_linear,Linear,Logistic Regression,0,0,0.01659491785603166
02_linear,Linear,Logistic Regression,0,0,0.009244171626511845
02_linear,Linear,Logistic Regression,0,0,0.10528943226410832
02_linear,Linear,Logistic Regression,0,0,1.8428688167692229e-59
02_linear,Linear,Logistic Regression,0,0,0.14720867710680294
02_linear,Linear,Logistic Regression,0,0,5.0522243598948937e-05
02_linear,Linear,Logistic Regression,0,0,0.0030499274040958076
02_linear,Linear,Logistic Regression,0,0,0.14452202850984952
02_linear,Linear,Logistic Regression,0,0,8.98789930704811e-21
02_linear,Linear,Logistic Regression,0,0,0.010135050541757331
02_linear,Linear,Logistic Regression,0,0,0.00935176222048886
02_linear,Linear,Logistic Regression,0,0,0.005370249273390878
02_linear,Linear,Logistic Regression,0,0,0.07311664786711643
02_linear,Linear,Logistic Regression,0,0,0.029784192845450485
02_linear,Linear,Logistic Regression,0,0,0.042284665242785104
02_linear,Linear,Logistic Regression,0,0,9.17023458551206e-06
02_linear,Linear,Logistic Regression,0,0,0.007190062230863043
02_linear,Linear,Logistic Regression,0,0,0.13446737254517552
02_linear,Linear,Logistic Regression,1,1,0.6557503736932588
02_linear,Linear,Logistic Regression,0,0,0.3248682138255782
02_linear,Linear,Logistic Regression,0,0,0.4970832407932965
02_linear,Linear,Logistic Regression,0,0,1.0610032096347215e-05
02_linear,Linear,Logistic Regression,0,0,0.0035264520491238636
02_linear,Linear,Logistic Regression,0,0,1.1352769019997241e-05
02_linear,Linear,Logistic Regression,0,0,0.10974592904306409
02_linear,Linear,Logistic Regression,0,0,0.08381003570524886
02_linear,Linear,Logistic Regression,1,1,0.9999997644482881
02_linear,Linear,Logistic Regression,0,0,0.00340077538612261
02_linear,Linear,Logistic Regression,0,0,1.7441338749276053e-15
02_linear,Linear,Logistic Regression,0,0,0.006501254557897549
02_linear,Linear,Logistic Regression,0,0,0.001915597864940142
02_linear,Linear,Logistic Regression,0,0,0.0035661856524941906
02_linear,Linear,Logistic Regression,0,0,0.002345478109964594
02_linear,Linear,Logistic Regression,0,0,0.4507812162670513
02_linear,Linear,Logistic Regression,0,0,0.12098311566016912
02_linear,Linear,Logistic Regression,0,0,0.25314523261932825
02_linear,Linear,Logistic Regression,0,0,8.737332684917123e-139
02_linear,Linear,Logistic Regression,1,0,0.2890465268191775
02_linear,Linear,Logistic Regression,0,0,0.14918499419323247
02_linear,Linear,Logistic Regression,0,0,0.34164858356622485
02_linear,Linear,Logistic Regression,0,0,0.41773119573018397
02_linear,Linear,Logistic Regression,0,0,0.008569096663183902
02_linear,Linear,Logistic Regression,1,1,0.9999992918389352
02_linear,Linear,Logistic Regression,0,0,8.826896799537957e-09
02_linear,Linear,Logistic Regression,1,1,0.9999986302875891
02_linear,Linear,Logistic Regression,0,0,0.021340947169564514
02_linear,Linear,Logistic Regression,0,0,0.0027918877486600778
02_linear,Linear,Logistic Regression,0,0,0.0004468110514932018
02_linear,Linear,Logistic Regression,1,1,0.999999792546939
02_linear,Linear,Logistic Regression,0,0,0.10065442577906196
02_linear,Linear,Logistic Regression,0,0,0.05814630521000064
02_linear,Linear,Logistic Regression,0,0,0.015258604135717233
02_linear,Linear,Logistic Regression,0,0,0.009407315449982481
02_linear,Linear,Logistic Regression,0,0,0.0029829266052815964
02_linear,Linear,Logistic Regression,0,0,3.1387845447318464e-11
02_linear,Linear,Logistic Regression,0,0,0.01622125757348332
02_linear,Linear,Logistic Regression,0,0,0.11701210902690753
02_linear,Linear,Logistic Regression,0,0,1.5569147272198294e-06
02_linear,Linear,Logistic Regression,0,0,0.009207240531993927
02_linear,Linear,Logistic Regression,1,1,0.9999994366991236
02_linear,Linear,Logistic Regression,1,0,0.37388052491017515
02_linear,Linear,Logistic Regression,0,0,0.005744666444956668
02_linear,Linear,Logistic Regression,0,0,5.17204002784482e-43
02_linear,Linear,Logistic Regression,0,0,0.4108446273298738
02_linear,Linear,Logistic Regression,0,0,0.38017084930254236
02_linear,Linear,Logistic Regression,0,0,0.004271347608561993
02_linear,Linear,Logistic Regression,0,0,0.07847892362941494
02_linear,Linear,Logistic Regression,0,0,0.004393855640210881
02_linear,Linear,Logistic Regression,0,0,0.03666974500657082
02_linear,Linear,Logistic Regression,0,1,0.5180373398400032
02_linear,Linear,Logistic Regression,0,0,0.11269478726969795
02_linear,Linear,Logistic Regression,1,0,0.39751312533056093
02_linear,Linear,Logistic Regression,0,0,0.03956268004406536
02_linear,Linear,Logistic Regression,0,0,1.4716299351616499e-08
02_linear,Linear,Logistic Regression,1,1,0.657666708240994
02_linear,Linear,Logistic Regression,0,0,0.06963606942051717
02_linear,Linear,Logistic Regression,0,0,0.011213172364600794
02_linear,Linear,Logistic Regression,0,0,0.005243667611358923
02_linear,Linear,Logistic Regression,0,0,0.00014610148038145373
02_linear,Linear,Logistic Regression,1,1,0.9999999999620324
02_linear,Linear,Logistic Regression,0,0,0.0029203418770756186
02_linear,Linear,Logistic Regression,0,0,0.00698791773892488
02_linear,Linear,Logistic Regression,0,0,4.6852993944830015e-07
02_linear,Linear,Logistic Regression,0,0,4.884178419487615e-06
02_linear,Linear,Logistic Regression,0,0,0.16041441217119104
02_linear,Linear,Logistic Regression,0,0,0.005444447260571524
02_linear,Linear,Logistic Regression,0,0,0.2229777106951316
02_linear,Linear,Logistic Regression,1,1,0.9999996673516612
02_linear,Linear,Logistic Regression,0,0,9.86354701287449e-06
02_linear,Linear,Logistic Regression,0,0,0.008785727098020809
02_linear,Linear,Logistic Regression,0,0,0.06702091873318348
02_linear,Linear,Logistic Regression,1,1,0.6623198873524411
02_linear,Linear,Logistic Regression,0,0,0.07006904111635195
02_linear,Linear,Logistic Regression,0,0,0.009573654999631401
02_linear,Linear,Logistic Regression,0,0,7.312769288877613e-05
02_linear,Linear,Logistic Regression,0,0,6.998749501689677e-06
02_linear,Linear,Logistic Regression,0,0,0.18021281276828963
02_linear,Linear,Logistic Regression,0,0,0.16440830212670382
02_linear,Linear,Logistic Regression,0,0,0.38888702880357556
02_linear,Linear,Logistic Regression,0,0,0.1539425395463715
02_linear,Linear,Logistic Regression,0,0,0.004449082257894907
02_linear,Linear,Logistic Regression,1,1,0.9999997077132982
02_linear,Linear,Logistic Regression,0,0,0.06601624489154723
02_linear,Linear,Logistic Regression,0,0,0.004836920742798538
02_linear,Linear,Logistic Regression,0,0,0.008315166502647787
02_linear,Linear,Logistic Regression,0,0,0.00023145941829133621
02_linear,Linear,Logistic Regression,0,0,0.00011554177182810196
02_linear,Linear,Logistic Regression,1,0,0.24761758438683357
02_linear,Linear,Logistic Regression,0,0,0.006360389450424472
02_linear,Linear,Logistic Regression,0,1,0.634224089142582
02_linear,Linear,Logistic Regression,0,0,0.06255335701789172
02_linear,Linear,Logistic Regression,0,0,0.26670341501724226
02_linear,Linear,Logistic Regression,0,0,0.008373468504865984
02_linear,Linear,Logistic Regression,1,0,0.26365508057088904
02_linear,Linear,Logistic Regression,1,1,0.9999999555830512
02_linear,Linear,Logistic Regression,1,1,0.9999999090213113
02_linear,Linear,Logistic Regression,1,0,0.3990769946327472
02_linear,Linear,Logistic Regression,0,0,1.8071913360017265e-24
02_linear,Linear,Logistic Regression,1,1,1.0
02_linear,Linear,Logistic Regression,1,1,1.0
02_linear,Linear,Logistic Regression,0,0,0.019292443514798585
02_linear,Linear,Logistic Regression,0,0,0.04253901858710287
02_linear,Linear,Logistic Regression,0,0,0.006862840484049676
02_linear,Linear,Logistic Regression,0,0,0.10741841099958166
02_linear,Linear,Logistic Regression,0,0,0.013465262030958986
02_linear,Linear,Logistic Regression,1,0,0.06659196732190806
02_linear,Linear,Logistic Regression,0,0,0.0013687200163429668
02_linear,Linear,Logistic Regression,0,0,0.016261138725813307
02_linear,Linear,Logistic Regression,0,0,6.716498323178585e-11
02_linear,Linear,Logistic Regression,0,0,0.002303656053535103
02_linear,Linear,Logistic Regression,1,1,0.9999998851420145
02_linear,Linear,Logistic Regression,0,0,0.05334168273776501
02_linear,Linear,Logistic Regression,0,0,0.04927488235800503
02_linear,Linear,Logistic Regression,0,0,0.10903714821755064
02_linear,Linear,Logistic Regression,1,1,0.7420104058539355
02_linear,Linear,Logistic Regression,0,0,0.0001309346077930487
02_linear,Linear,Logistic Regression,0,0,0.39218442325770203
02_linear,Linear,Logistic Regression,0,0,5.3520656740816077e-05
02_linear,Linear,Logistic Regression,0,0,0.0003395302872920747
02_linear,Linear,Logistic Regression,0,0,2.744003740830737e-06
02_linear,Linear,Logistic Regression,0,0,0.022182074534716007
02_linear,Linear,Logistic Regression,0,0,0.05978923532877835
02_linear,Linear,Logistic Regression,1,1,0.9999995462531119
02_linear,Linear,Logistic Regression,0,0,0.05109613512194988
02_linear,Linear,Logistic Regression,0,0,0.0001574609162774375
02_linear,Linear,Logistic Regression,0,0,0.20069967503185396
02_linear,Linear,Logistic Regression,0,0,0.00016451723479111806
02_linear,Linear,Logistic Regression,0,0,1.6763567404030987e-06
02_linear,Linear,Logistic Regression,1,0,0.3908436652913254
02_linear,Linear,Logistic Regression,0,0,6.435935519341796e-05
02_linear,Linear,Logistic Regression,1,1,0.9999996309845981
02_linear,Linear,Logistic Regression,0,0,0.00935966371425217
02_linear,Linear,Logistic Regression,1,1,0.999999621751034
02_linear,Linear,Logistic Regression,0,0,0.002372093338419843
02_linear,Linear,Logistic Regression,1,1,0.999999821049741
02_linear,Linear,Logistic Regression,1,1,0.9999982655272087
02_linear,Linear,Logistic Regression,0,0,0.003673812197607729
02_linear,Linear,Logistic Regression,0,0,0.0009804676188987875
02_linear,Linear,Logistic Regression,0,0,0.005125107799128598
02_linear,Linear,Logistic Regression,0,0,0.01933568250279912
02_linear,Linear,Logistic Regression,0,0,0.01630068120218584
02_linear,Linear,Logistic Regression,0,0,0.017075294692956808
02_linear,Linear,Logistic Regression,0,0,0.00010118197498717591
02_linear,Linear,Logistic Regression,0,0,8.888786480382206e-34
02_linear,Linear,Logistic Regression,0,0,0.42285890866509196
02_linear,Linear,Logistic Regression,0,0,0.002151706308573807
02_linear,Linear,Logistic Regression,0,0,0.12738506540480724
02_linear,Linear,Logistic Regression,0,0,0.20537477525954767
02_linear,Linear,Logistic Regression,0,0,0.3624880212859079
02_linear,Linear,Logistic Regression,0,1,0.6599215808776704
02_linear,Linear,Logistic Regression,0,0,0.004391376270420636
02_linear,Linear,Logistic Regression,0,0,0.08305159138899759
02_linear,Linear,Logistic Regression,0,0,0.36895477479173044
02_linear,Linear,Logistic Regression,0,0,0.002346133230606503
02_linear,Linear,Logistic Regression,1,1,0.9999972305021616
02_linear,Linear,Logistic Regression,1,0,0.4962571071553719
02_linear,Linear,Logistic Regression,0,0,0.0008200923441612878
02_linear,Linear,Logistic Regression,1,1,1.0
02_linear,Linear,Logistic Regression,0,0,0.006667912616355687
02_linear,Linear,Logistic Regression,0,0,1.7972355218009917e-05
02_linear,Linear,Logistic Regression,1,1,0.999999744682675
02_linear,Linear,Logistic Regression,0,0,0.396038178137105
02_linear,Linear,Logistic Regression,0,0,0.004668409433622853
02_linear,Linear,Logistic Regression,0,0,0.1911907273515117
02_linear,Linear,Logistic Regression,0,0,0.007132375112059571
02_linear,Linear,Logistic Regression,1,1,0.9999995803314734
02_linear,Linear,Logistic Regression,0,0,0.20095729007739374
02_linear,Linear,Logistic Regression,0,0,0.11174699746727501
02_linear,Linear,Logistic Regression,0,0,0.030108205973715593
02_linear,Linear,Logistic Regression,0,0,0.0004625692631682665
02_linear,Linear,Logistic Regression,1,1,0.7494557490127693
02_linear,Linear,Logistic Regression,0,0,0.034171289845522625
02_linear,Linear,Logistic Regression,0,0,0.015229391817024018
02_linear,Linear,Logistic Regression,0,0,0.012595303573823895
02_linear,Linear,Logistic Regression,0,0,0.06682326446188669
02_linear,Linear,Logistic Regression,0,0,8.381359425945656e-06
02_linear,Linear,Logistic Regression,1,0,0.47925219819764825
02_linear,Linear,Logistic Regression,0,0,0.0005642321255719128
02_linear,Linear,Logistic Regression,0,0,0.007933872618251552
02_linear,Linear,Logistic Regression,0,0,0.06829221368085743
02_linear,Linear,Logistic Regression,0,0,0.0033812104610015754
02_linear,Linear,Logistic Regression,1,1,0.7673606533688782
02_linear,Linear,Logistic Regression,0,0,4.409127977136381e-06
02_linear,Linear,Logistic Regression,0,0,0.007437484599209126
02_linear,Linear,Logistic Regression,0,0,0.000461364667790537
02_linear,Linear,Logistic Regression,1,1,0.9999855008990395
02_linear,Linear,Logistic Regression,1,1,0.9999993162193755
02_linear,Linear,Logistic Regression,0,0,0.18378107766555632
02_linear,Linear,Logistic Regression,0,0,0.33653754426811566
02_linear,Linear,Logistic Regression,0,0,0.036850251120557335
02_linear,Linear,Logistic Regression,0,0,5.27185704872298e-06
02_linear,Linear,Logistic Regression,0,0,0.03134459159262618
02_linear,Linear,Logistic Regression,0,0,1.8311213121733884e-06
02_linear,Linear,Logistic Regression,0,0,0.1841325625187698
02_linear,Linear,Logistic Regression,0,0,0.011749286942103967
02_linear,Linear,Logistic Regression,0,0,0.023055685752487096
02_linear,Linear,Logistic Regression,0,0,0.0018105311305709314
02_linear,Linear,Logistic Regression,1,1,0.525334426011782
02_linear,Linear,Logistic Regression,0,0,0.0001513057849935961
02_linear,Linear,Logistic Regression,0,0,0.0014896504704772875
02_linear,Linear,Logistic Regression,0,0,6.203178843355845e-08
02_linear,Linear,Logistic Regression,0,0,0.013168608598408266
02_linear,Linear,Logistic Regression,0,0,0.025002584453456163
02_linear,Linear,Logistic Regression,0,0,1.1941579743162214e-12
02_linear,Linear,Logistic Regression,0,0,0.002933711012672747
02_linear,Linear,Logistic Regression,1,1,0.9999995704530646
02_linear,Linear,Logistic Regression,0,0,0.05249777070800528
02_linear,Linear,Logistic Regression,0,0,0.022295522375905593
02_linear,Linear,Logistic Regression,0,0,0.13598201753175101
02_linear,Linear,Logistic Regression,0,0,0.006986532977759387
02_linear,Linear,Logistic Regression,0,0,0.00011728739631526506
02_linear,Linear,Logistic Regression,1,0,0.23810467358073303
02_linear,Linear,Logistic Regression,1,1,0.9999999030965695
02_linear,Linear,Logistic Regression,1,1,0.9999990832853295
02_linear,Linear,Logistic Regression,0,0,0.014860335638376757
02_linear,Linear,Logistic Regression,1,1,0.999999083027673
02_linear,Linear,Logistic Regression,1,1,0.9999992979671625
02_linear,Linear,Logistic Regression,0,0,0.058509942372960796
02_linear,Linear,Logistic Regression,1,1,0.9999996731509708
02_linear,Linear,Logistic Regression,1,0,0.3694867540347944
02_linear,Linear,Logistic Regression,0,0,0.1381067044240463
02_linear,Linear,Logistic Regression,0,0,0.004439400407256672
02_linear,Linear,Logistic Regression,1,1,0.9999980258093243
02_linear,Linear,Logistic Regression,0,0,0.026811948196462054
02_linear,Linear,Logistic Regression,0,0,0.23302139164749994
02_linear,Linear,Logistic Regression,0,0,8.518769483096064e-05
02_linear,Linear,Logistic Regression,0,0,8.229870059623876e-05
02_linear,Linear,Logistic Regression,1,1,0.999999316558735
02_linear,Linear,Logistic Regression,0,0,0.044732530772808435
02_linear,Linear,Logistic Regression,0,1,0.5176324444994159
02_linear,Linear,Logistic Regression,0,0,0.0371950805270316
02_linear,Linear,Logistic Regression,0,0,0.17349291409011042
02_linear,Linear,Logistic Regression,0,0,0.002172422475225181
02_linear,Linear,Logistic Regression,1,1,0.9999998692355763
02_linear,Linear,Logistic Regression,0,0,0.32353489765613486
02_linear,Linear,Logistic Regression,0,0,0.03579800556901267
02_linear,Linear,Logistic Regression,0,0,0.0005698301753226849
02_linear,Linear,Logistic Regression,0,0,0.0013071250586452106
02_linear,Linear,Logistic Regression,0,0,0.003993886347569423
02_linear,Linear,Logistic Regression,0,0,0.00642032904975538
02_linear,Linear,Logistic Regression,0,0,0.2968962269049523
02_linear,Linear,Logistic Regression,0,0,0.0033312798061871816
02_linear,Linear,Logistic Regression,1,1,0.9999999331452376
02_linear,Linear,Logistic Regression,0,0,1.6036468379855842e-06
02_linear,Linear,Logistic Regression,0,0,0.19294081560536588
02_linear,Linear,Logistic Regression,0,1,0.5815403270278181
02_linear,Linear,Logistic Regression,0,0,0.00013507984083686191
02_linear,Linear,Logistic Regression,1,1,0.7277876224381415
02_linear,Linear,Logistic Regression,1,0,0.4252337207191169
02_linear,Linear,Logistic Regression,0,0,0.027816020666455304
02_linear,Linear,Logistic Regression,1,1,0.9999978245808105
02_linear,Linear,Logistic Regression,0,0,0.013260595235434137
02_linear,Linear,Logistic Regression,0,0,0.1284236245708129
02_linear,Linear,Logistic Regression,1,1,0.9999985071576948
02_linear,Linear,Logistic Regression,0,0,0.00068412441191883
02_linear,Linear,Logistic Regression,0,0,0.05262242588622674
02_linear,Linear,Logistic Regression,0,0,0.0012850343978837516
02_linear,Linear,Logistic Regression,1,1,0.9999991258305793
02_linear,Linear,Logistic Regression,0,0,0.0008085781085854371
02_linear,Linear,Logistic Regression,0,0,0.0013701435662588238
02_linear,Linear,Logistic Regression,0,0,0.008649508112049701
02_linear,Linear,Logistic Regression,0,0,0.22116197575141866
02_linear,Linear,Logistic Regression,0,0,2.3799777644872934e-12
02_linear,Linear,Logistic Regression,0,0,0.17311234539585107
02_linear,Linear,Logistic Regression,0,0,0.1368949972365976
02_linear,Linear,Logistic Regression,0,0,0.03662147774064917
02_linear,Linear,Logistic Regression,0,0,0.002455374273871289
02_linear,Linear,Logistic Regression,0,0,0.09152144752717392
02_linear,Linear,Logistic Regression,0,0,0.030956971788305043
02_linear,Linear,Logistic Regression,0,0,0.0029911032336447474
02_linear,Linear,Logistic Regression,1,1,0.9999993568005883
02_linear,Linear,Logistic Regression,1,0,0.45094882112354695
02_linear,Linear,Logistic Regression,0,0,0.00428283576090614
02_linear,Linear,Logistic Regression,0,0,0.0010590546029595408
02_linear,Linear,Logistic Regression,1,0,0.3720754604607365
02_linear,Linear,Logistic Regression,0,0,0.0003212310313914818
02_linear,Linear,Logistic Regression,0,0,0.006116057026596071
02_linear,Linear,Logistic Regression,0,0,0.08232461464013303
02_linear,Linear,Logistic Regression,0,0,0.10242556561645869
02_linear,Linear,Logistic Regression,1,1,0.9999992772362777
02_linear,Linear,Logistic Regression,0,0,4.231102200489482e-12
02_linear,Linear,Logistic Regression,0,0,2.635783021551726e-09
02_linear,Linear,Logistic Regression,1,1,0.9999995130522377
02_linear,Linear,Logistic Regression,0,0,0.0005112654372985495
02_linear,Linear,Logistic Regression,0,0,0.1811882217784003
02_linear,Linear,Logistic Regression,0,0,0.002535899886217939
02_linear,Linear,Logistic Regression,0,0,0.000589729083172553
02_linear,Linear,Logistic Regression,1,1,0.9999999894713311
02_linear,Linear,Logistic Regression,1,1,0.9999980223420053
02_linear,Linear,Logistic Regression,0,0,0.009613218523610998
02_linear,Linear,Logistic Regression,1,1,0.9999999930818693
02_linear,Linear,Logistic Regression,0,0,0.02527019520233493
02_linear,Linear,Logistic Regression,0,0,0.0011598454989159726
02_linear,Linear,Logistic Regression,0,0,0.0017331762229717714
02_linear,Linear,Logistic Regression,0,1,0.5823210494239605
02_linear,Linear,Logistic Regression,0,0,0.01680403606032844
02_linear,Linear,Logistic Regression,0,0,0.0021142200931094576
02_linear,Linear,Logistic Regression,1,1,0.9999988266776434
02_linear,Linear,Logistic Regression,1,1,0.5588959339373707
02_linear,Linear,Logistic Regression,0,0,0.017015695684581795
02_linear,Linear,Logistic Regression,0,0,0.14275657237062836
02_linear,Linear,Logistic Regression,0,0,0.47117154672567907
02_linear,Linear,Logistic Regression,0,0,8.31317208836707e-17
02_linear,Linear,Logistic Regression,0,0,0.004915628655457736
02_linear,Linear,Logistic Regression,0,0,2.635798134370623e-06
02_linear,Linear,Logistic Regression,0,0,0.00038875717491133996
02_linear,Linear,Logistic Regression,0,0,0.0009329314968189084
02_linear,Linear,Logistic Regression,1,0,0.43506635590784326
02_linear,Linear,Logistic Regression,0,0,4.703663475586533e-05
02_linear,Linear,Logistic Regression,1,1,0.5745287708398961
02_linear,Linear,Logistic Regression,0,0,0.0007455638883728912
02_linear,Linear,Logistic Regression,1,1,0.9999987571963989
02_linear,Linear,Logistic Regression,0,0,0.0002784428698312117
02_linear,Linear,Logistic Regression,0,0,0.28329777452719257
02_linear,Linear,Logistic Regression,1,1,0.7156651346862567
02_linear,Linear,Logistic Regression,0,0,0.014617003000261485
02_linear,Linear,Logistic Regression,0,0,0.027574340359510435
02_linear,Linear,Logistic Regression,1,1,0.7267523084561844
02_linear,Linear,Logistic Regression,0,0,0.0022408690889870538
02_linear,Linear,Logistic Regression,0,0,0.0704653776356137
02_linear,Linear,Logistic Regression,0,0,0.001398589153941753
02_linear,Linear,Logistic Regression,0,0,0.06676066618856497
02_linear,Linear,Logistic Regression,0,0,0.1024177271793186
02_linear,Linear,Logistic Regression,0,0,3.695302539061646e-07
02_linear,Linear,Logistic Regression,0,1,0.5581692196389689
02_linear,Linear,Logistic Regression,0,0,0.0027130242884924444
02_linear,Linear,Logistic Regression,0,0,0.20265100291240618
02_linear,Linear,Logistic Regression,0,0,4.134608151502436e-08
02_linear,Linear,Logistic Regression,0,0,0.013194090389622617
02_linear,Linear,Logistic Regression,1,1,0.9999995719487531
02_linear,Linear,Logistic Regression,0,0,0.08984941552702988
02_linear,Linear,Logistic Regression,1,0,0.33809293239516447
02_linear,Linear,Logistic Regression,0,0,0.00011081300946039504
02_linear,Linear,Logistic Regression,0,0,0.13604235960274202
