notebook,family,model,y_true,y_pred,residual
02_linear,Linear,Gradient Boosting Regressor,1.0,2.0291536737007796,-1.0291536737007796
02_linear,Linear,Gradient Boosting Regressor,3.5,3.743939805010042,-0.24393980501004187
02_linear,Linear,Gradient Boosting Regressor,1.5,2.3594175413142517,-0.8594175413142517
02_linear,Linear,Gradient Boosting Regressor,11.5,10.404996672611997,1.095003327388003
02_linear,Linear,Gradient Boosting Regressor,3.0,2.7181764973370495,0.28182350266295053
02_linear,Linear,Gradient Boosting Regressor,3.0,2.3594175413142517,0.6405824586857483
02_linear,Linear,Gradient Boosting Regressor,0.5,1.937726280265946,-1.437726280265946
02_linear,Linear,Gradient Boosting Regressor,25.0,19.404931926439456,5.595068073560544
02_linear,Linear,Gradient Boosting Regressor,107.0,94.76402545937168,12.23597454062832
02_linear,Linear,Gradient Boosting Regressor,404.0,443.15712970855054,-39.15712970855054
02_linear,Linear,Gradient Boosting Regressor,33.0,34.186510267518145,-1.1865102675181447
02_linear,Linear,Gradient Boosting Regressor,2.0,4.406237844328404,-2.4062378443284036
02_linear,Linear,Gradient Boosting Regressor,1.0,2.0291536737007796,-1.0291536737007796
02_linear,Linear,Gradient Boosting Regressor,18.0,31.783746293962455,-13.783746293962455
02_linear,Linear,Gradient Boosting Regressor,3.5,4.406237844328404,-0.9062378443284036
02_linear,Linear,Gradient Boosting Regressor,0.5,1.937726280265946,-1.437726280265946
02_linear,Linear,Gradient Boosting Regressor,0.5,2.2679901478794173,-1.7679901478794173
02_linear,Linear,Gradient Boosting Regressor,3.5,4.406237844328404,-0.9062378443284036
02_linear,Linear,Gradient Boosting Regressor,4.5,3.515074102928854,0.9849258970711459
02_linear,Linear,Gradient Boosting Regressor,0.5,2.2679901478794173,-1.7679901478794173
02_linear,Linear,Gradient Boosting Regressor,27.0,19.404931926439456,7.595068073560544
02_linear,Linear,Gradient Boosting Regressor,0.5,3.279736374652677,-2.779736374652677
02_linear,Linear,Gradient Boosting Regressor,30.0,22.330581470253446,7.6694185297465545
02_linear,Linear,Gradient Boosting Regressor,11.5,9.914372179941514,1.5856278200584857
02_linear,Linear,Gradient Boosting Regressor,11.5,7.072109380159332,4.427890619840668
02_linear,Linear,Gradient Boosting Regressor,3.5,5.32514781248305,-1.82514781248305
02_linear,Linear,Gradient Boosting Regressor,11.5,18.924651443732603,-7.424651443732603
02_linear,Linear,Gradient Boosting Regressor,8.0,16.31449911019177,-8.314499110191768
02_linear,Linear,Gradient Boosting Regressor,3.0,2.7181764973370495,0.28182350266295053
02_linear,Linear,Gradient Boosting Regressor,9.5,6.138797621165143,3.3612023788348573
02_linear,Linear,Gradient Boosting Regressor,10.0,7.747844187871896,2.2521558121281036
02_linear,Linear,Gradient Boosting Regressor,36.5,45.040979866782344,-8.540979866782344
02_linear,Linear,Gradient Boosting Regressor,4.0,3.810304810750206,0.189695189249794
02_linear,Linear,Gradient Boosting Regressor,103.5,135.36824263790797,-31.86824263790797
02_linear,Linear,Gradient Boosting Regressor,2.0,2.885078871753679,-0.885078871753679
02_linear,Linear,Gradient Boosting Regressor,10.0,7.072109380159332,2.9278906198406682
02_linear,Linear,Gradient Boosting Regressor,141.5,97.16024704689687,44.33975295310313
02_linear,Linear,Gradient Boosting Regressor,0.5,2.7836807062213946,-2.2836807062213946
02_linear,Linear,Gradient Boosting Regressor,3.0,4.406237844328404,-1.4062378443284036
02_linear,Linear,Gradient Boosting Regressor,3.0,24.896309313719115,-21.896309313719115
02_linear,Linear,Gradient Boosting Regressor,0.5,2.2679901478794173,-1.7679901478794173
02_linear,Linear,Gradient Boosting Regressor,1.0,3.4091752816562177,-2.4091752816562177
02_linear,Linear,Gradient Boosting Regressor,36.0,20.53247151701242,15.467528482987579
02_linear,Linear,Gradient Boosting Regressor,39.5,20.53247151701242,18.96752848298758
02_linear,Linear,Gradient Boosting Regressor,0.5,1.937726280265946,-1.437726280265946
02_linear,Linear,Gradient Boosting Regressor,1.0,2.0291536737007796,-1.0291536737007796
02_linear,Linear,Gradient Boosting Regressor,11.5,4.6626116735347605,6.8373883264652395
02_linear,Linear,Gradient Boosting Regressor,6.0,4.406237844328404,1.5937621556715964
02_linear,Linear,Gradient Boosting Regressor,0.5,1.937726280265946,-1.437726280265946
02_linear,Linear,Gradient Boosting Regressor,1.5,5.630826904327607,-4.130826904327607
02_linear,Linear,Gradient Boosting Regressor,4.0,3.743939805010042,0.25606019498995813
02_linear,Linear,Gradient Boosting Regressor,2.5,2.5882832433954395,-0.08828324339543947
02_linear,Linear,Gradient Boosting Regressor,10.0,5.32514781248305,4.67485218751695
02_linear,Linear,Gradient Boosting Regressor,4.5,8.697618984724443,-4.197618984724443
02_linear,Linear,Gradient Boosting Regressor,3135.0,2531.0605066063176,603.9394933936824
02_linear,Linear,Gradient Boosting Regressor,24.0,34.39480637705891,-10.394806377058913
02_linear,Linear,Gradient Boosting Regressor,2.0,3.4091752816562177,-1.4091752816562177
02_linear,Linear,Gradient Boosting Regressor,8.0,8.59454166722095,-0.59454166722095
02_linear,Linear,Gradient Boosting Regressor,1.5,2.554815004140207,-1.054815004140207
02_linear,Linear,Gradient Boosting Regressor,1.5,2.3594175413142517,-0.8594175413142517
02_linear,Linear,Gradient Boosting Regressor,197.0,141.1688403378872,55.83115966211281
02_linear,Linear,Gradient Boosting Regressor,30.5,14.588756075687034,15.911243924312966
02_linear,Linear,Gradient Boosting Regressor,5.5,6.277784674507122,-0.7777846745071217
02_linear,Linear,Gradient Boosting Regressor,0.5,2.2679901478794173,-1.7679901478794173
02_linear,Linear,Gradient Boosting Regressor,7.0,9.463988058532513,-2.4639880585325127
02_linear,Linear,Gradient Boosting Regressor,5.0,6.277784674507122,-1.2777846745071217
02_linear,Linear,Gradient Boosting Regressor,7.0,5.855356184942261,1.144643815057739
02_linear,Linear,Gradient Boosting Regressor,16.5,13.516707910034407,2.983292089965593
02_linear,Linear,Gradient Boosting Regressor,0.5,1.937726280265946,-1.437726280265946
02_linear,Linear,Gradient Boosting Regressor,6.5,4.6626116735347605,1.8373883264652395
02_linear,Linear,Gradient Boosting Regressor,5.0,9.233593351344258,-4.233593351344258
02_linear,Linear,Gradient Boosting Regressor,0.5,2.2679901478794173,-1.7679901478794173
02_linear,Linear,Gradient Boosting Regressor,0.5,2.0291536737007796,-1.5291536737007796
02_linear,Linear,Gradient Boosting Regressor,20.0,18.842729725795365,1.1572702742046346
02_linear,Linear,Gradient Boosting Regressor,28.0,27.464583872072332,0.5354161279276681
02_linear,Linear,Gradient Boosting Regressor,27.5,18.591282117757366,8.908717882242634
02_linear,Linear,Gradient Boosting Regressor,9.5,4.891477375615947,4.608522624384053
02_linear,Linear,Gradient Boosting Regressor,4.0,2.7181764973370495,1.2818235026629505
02_linear,Linear,Gradient Boosting Regressor,2.5,4.0391705128313955,-1.5391705128313955
02_linear,Linear,Gradient Boosting Regressor,2.0,6.653830232908766,-4.653830232908766
02_linear,Linear,Gradient Boosting Regressor,0.5,1.937726280265946,-1.437726280265946
02_linear,Linear,Gradient Boosting Regressor,0.5,2.2679901478794173,-1.7679901478794173
02_linear,Linear,Gradient Boosting Regressor,9.0,14.240213210526889,-5.240213210526889
02_linear,Linear,Gradient Boosting Regressor,6.5,4.177372142247217,2.3226278577527832
02_linear,Linear,Gradient Boosting Regressor,0.5,2.2679901478794173,-1.7679901478794173
02_linear,Linear,Gradient Boosting Regressor,3.0,3.1599078098451043,-0.15990780984510433
02_linear,Linear,Gradient Boosting Regressor,9.5,9.511268793406536,-0.011268793406536304
02_linear,Linear,Gradient Boosting Regressor,19.0,17.7151901352224,1.2848098647775998
02_linear,Linear,Gradient Boosting Regressor,0.5,2.0291536737007796,-1.5291536737007796
02_linear,Linear,Gradient Boosting Regressor,0.5,1.937726280265946,-1.437726280265946
02_linear,Linear,Gradient Boosting Regressor,1.0,2.0291536737007796,-1.0291536737007796
02_linear,Linear,Gradient Boosting Regressor,12.0,89.86847440144972,-77.86847440144972
02_linear,Linear,Gradient Boosting Regressor,153.5,95.50500951214423,57.99499048785577
02_linear,Linear,Gradient Boosting Regressor,8.0,16.64314196956977,-8.643141969569768
02_linear,Linear,Gradient Boosting Regressor,4.0,6.277784674507122,-2.2777846745071217
02_linear,Linear,Gradient Boosting Regressor,1.0,2.2679901478794173,-1.2679901478794173
02_linear,Linear,Gradient Boosting Regressor,1.0,2.2679901478794173,-1.2679901478794173
02_linear,Linear,Gradient Boosting Regressor,0.5,2.2679901478794173,-1.7679901478794173
02_linear,Linear,Gradient Boosting Regressor,39.5,27.916642524694367,11.583357475305633
02_linear,Linear,Gradient Boosting Regressor,139.0,99.09877682289,39.90122317711
02_linear,Linear,Gradient Boosting Regressor,12.0,11.039950743982123,0.9600492560178768
02_linear,Linear,Gradient Boosting Regressor,268.0,368.73095731947797,-100.73095731947797
02_linear,Linear,Gradient Boosting Regressor,0.5,1.937726280265946,-1.437726280265946
02_linear,Linear,Gradient Boosting Regressor,0.5,2.2679901478794173,-1.7679901478794173
02_linear,Linear,Gradient Boosting Regressor,9.0,5.897805302692132,3.1021946973078682
02_linear,Linear,Gradient Boosting Regressor,6.5,4.891477375615947,1.6085226243840527
02_linear,Linear,Gradient Boosting Regressor,2.0,3.113944573834867,-1.1139445738348668
02_linear,Linear,Gradient Boosting Regressor,0.5,2.2679901478794173,-1.7679901478794173
02_linear,Linear,Gradient Boosting Regressor,0.5,2.2679901478794173,-1.7679901478794173
02_linear,Linear,Gradient Boosting Regressor,1.5,3.0789114140427456,-1.5789114140427456
02_linear,Linear,Gradient Boosting Regressor,1.5,2.3594175413142517,-0.8594175413142517
02_linear,Linear,Gradient Boosting Regressor,3.0,2.3594175413142517,0.6405824586857483
02_linear,Linear,Gradient Boosting Regressor,25.5,26.321981206103036,-0.821981206103036
02_linear,Linear,Gradient Boosting Regressor,1.5,2.0291536737007796,-0.5291536737007796
02_linear,Linear,Gradient Boosting Regressor,7.0,10.39748937713209,-3.3974893771320893
02_linear,Linear,Gradient Boosting Regressor,0.5,11.629264900762157,-11.129264900762157
02_linear,Linear,Gradient Boosting Regressor,0.5,2.2679901478794173,-1.7679901478794173
02_linear,Linear,Gradient Boosting Regressor,4.0,4.177372142247217,-0.17737214224721676
02_linear,Linear,Gradient Boosting Regressor,10.0,15.402405884369127,-5.402405884369127
02_linear,Linear,Gradient Boosting Regressor,138.5,142.23043809621637,-3.730438096216375
02_linear,Linear,Gradient Boosting Regressor,4.5,6.413909662677575,-1.9139096626775753
02_linear,Linear,Gradient Boosting Regressor,24.0,22.330581470253446,1.6694185297465545
02_linear,Linear,Gradient Boosting Regressor,1.5,2.885078871753679,-1.385078871753679
02_linear,Linear,Gradient Boosting Regressor,0.5,1.937726280265946,-1.437726280265946
02_linear,Linear,Gradient Boosting Regressor,0.5,2.2679901478794173,-1.7679901478794173
02_linear,Linear,Gradient Boosting Regressor,1.5,2.616778331804765,-1.116778331804765
02_linear,Linear,Gradient Boosting Regressor,1.0,2.2679901478794173,-1.2679901478794173
02_linear,Linear,Gradient Boosting Regressor,6.0,4.6626116735347605,1.3373883264652395
02_linear,Linear,Gradient Boosting Regressor,31.0,25.709959122401205,5.290040877598795
02_linear,Linear,Gradient Boosting Regressor,1.0,2.2679901478794173,-1.2679901478794173
02_linear,Linear,Gradient Boosting Regressor,2.5,6.277784674507122,-3.7777846745071217
02_linear,Linear,Gradient Boosting Regressor,550.0,467.07943720828496,82.92056279171504
02_linear,Linear,Gradient Boosting Regressor,36.0,27.523192748728814,8.476807251271186
02_linear,Linear,Gradient Boosting Regressor,31.5,28.3624963219631,3.1375036780369
02_linear,Linear,Gradient Boosting Regressor,2.5,5.427451742235762,-2.927451742235762
02_linear,Linear,Gradient Boosting Regressor,0.5,2.0291536737007796,-1.5291536737007796
02_linear,Linear,Gradient Boosting Regressor,20.5,19.71882170833033,0.7811782916696686
02_linear,Linear,Gradient Boosting Regressor,5.5,6.847580099544678,-1.347580099544678
02_linear,Linear,Gradient Boosting Regressor,2.5,3.743939805010042,-1.2439398050100419
02_linear,Linear,Gradient Boosting Regressor,20.5,21.221423564079423,-0.7214235640794229
02_linear,Linear,Gradient Boosting Regressor,1.0,2.2679901478794173,-1.2679901478794173
02_linear,Linear,Gradient Boosting Regressor,0.5,2.2679901478794173,-1.7679901478794173
02_linear,Linear,Gradient Boosting Regressor,1.0,2.2679901478794173,-1.2679901478794173
02_linear,Linear,Gradient Boosting Regressor,0.5,1.937726280265946,-1.437726280265946
02_linear,Linear,Gradient Boosting Regressor,3.0,11.728902791049123,-8.728902791049123
02_linear,Linear,Gradient Boosting Regressor,0.5,1.937726280265946,-1.437726280265946
02_linear,Linear,Gradient Boosting Regressor,0.5,2.2679901478794173,-1.7679901478794173
02_linear,Linear,Gradient Boosting Regressor,2.0,4.978895334537485,-2.9788953345374853
02_linear,Linear,Gradient Boosting Regressor,1.0,2.2679901478794173,-1.2679901478794173
02_linear,Linear,Gradient Boosting Regressor,5.5,10.24020750718649,-4.74020750718649
02_linear,Linear,Gradient Boosting Regressor,29.5,26.540492631575106,2.9595073684248945
02_linear,Linear,Gradient Boosting Regressor,1.0,2.2679901478794173,-1.2679901478794173
02_linear,Linear,Gradient Boosting Regressor,44.0,45.89927768385808,-1.899277683858081
02_linear,Linear,Gradient Boosting Regressor,0.5,2.649859031198333,-2.149859031198333
02_linear,Linear,Gradient Boosting Regressor,1.0,11.039950743982123,-10.039950743982123
02_linear,Linear,Gradient Boosting Regressor,1.0,2.2679901478794173,-1.2679901478794173
02_linear,Linear,Gradient Boosting Regressor,0.5,1.937726280265946,-1.437726280265946
02_linear,Linear,Gradient Boosting Regressor,1.5,2.373716003581043,-0.873716003581043
02_linear,Linear,Gradient Boosting Regressor,0.5,1.937726280265946,-1.437726280265946
02_linear,Linear,Gradient Boosting Regressor,0.5,1.937726280265946,-1.437726280265946
02_linear,Linear,Gradient Boosting Regressor,1.0,2.3594175413142517,-1.3594175413142517
02_linear,Linear,Gradient Boosting Regressor,1691.0,2114.6320441693038,-423.63204416930375
02_linear,Linear,Gradient Boosting Regressor,0.5,1.937726280265946,-1.437726280265946
02_linear,Linear,Gradient Boosting Regressor,1.5,3.113944573834867,-1.6139445738348668
02_linear,Linear,Gradient Boosting Regressor,1.5,2.885078871753679,-1.385078871753679
02_linear,Linear,Gradient Boosting Regressor,1.0,2.2679901478794173,-1.2679901478794173
02_linear,Linear,Gradient Boosting Regressor,0.5,1.937726280265946,-1.437726280265946
02_linear,Linear,Gradient Boosting Regressor,0.5,1.937726280265946,-1.437726280265946
02_linear,Linear,Gradient Boosting Regressor,6.0,7.78350327702685,-1.78350327702685
02_linear,Linear,Gradient Boosting Regressor,1.5,2.0291536737007796,-0.5291536737007796
02_linear,Linear,Gradient Boosting Regressor,0.5,1.937726280265946,-1.437726280265946
02_linear,Linear,Gradient Boosting Regressor,3.0,3.810304810750206,-0.810304810750206
02_linear,Linear,Gradient Boosting Regressor,0.5,1.937726280265946,-1.437726280265946
02_linear,Linear,Gradient Boosting Regressor,23.5,18.842729725795365,4.657270274204635
02_linear,Linear,Gradient Boosting Regressor,1.0,1.937726280265946,-0.9377262802659461
02_linear,Linear,Gradient Boosting Regressor,2.5,2.885078871753679,-0.38507887175367905
02_linear,Linear,Gradient Boosting Regressor,0.5,2.2679901478794173,-1.7679901478794173
02_linear,Linear,Gradient Boosting Regressor,0.5,2.5263199157308813,-2.0263199157308813
02_linear,Linear,Gradient Boosting Regressor,4.0,3.882141434425863,0.11785856557413688
02_linear,Linear,Gradient Boosting Regressor,41.0,33.65318601259024,7.34681398740976
02_linear,Linear,Gradient Boosting Regressor,0.5,1.937726280265946,-1.437726280265946
02_linear,Linear,Gradient Boosting Regressor,0.5,1.937726280265946,-1.437726280265946
02_linear,Linear,Gradient Boosting Regressor,23.0,23.221691195588644,-0.2216911955886438
02_linear,Linear,Gradient Boosting Regressor,3.0,4.891477375615947,-1.8914773756159473
02_linear,Linear,Gradient Boosting Regressor,0.5,2.2679901478794173,-1.7679901478794173
02_linear,Linear,Gradient Boosting Regressor,1.0,2.2679901478794173,-1.2679901478794173
02_linear,Linear,Gradient Boosting Regressor,0.5,2.2679901478794173,-1.7679901478794173
02_linear,Linear,Gradient Boosting Regressor,8.5,16.10664715964228,-7.606647159642279
02_linear,Linear,Gradient Boosting Regressor,1.5,8.264277799607479,-6.764277799607479
02_linear,Linear,Gradient Boosting Regressor,2.0,3.743939805010042,-1.7439398050100419
02_linear,Linear,Gradient Boosting Regressor,0.5,2.2679901478794173,-1.7679901478794173
02_linear,Linear,Gradient Boosting Regressor,4.0,4.0391705128313955,-0.0391705128313955
02_linear,Linear,Gradient Boosting Regressor,0.5,2.2679901478794173,-1.7679901478794173
02_linear,Linear,Gradient Boosting Regressor,13.5,6.428013675151343,7.071986324848657
02_linear,Linear,Gradient Boosting Regressor,7.0,4.891477375615947,2.1085226243840527
02_linear,Linear,Gradient Boosting Regressor,1.0,2.616778331804765,-1.616778331804765
02_linear,Linear,Gradient Boosting Regressor,1.5,2.2679901478794173,-0.7679901478794173
02_linear,Linear,Gradient Boosting Regressor,0.5,2.2679901478794173,-1.7679901478794173
02_linear,Linear,Gradient Boosting Regressor,10.0,5.32514781248305,4.67485218751695
02_linear,Linear,Gradient Boosting Regressor,5.0,4.6626116735347605,0.33738832646523953
02_linear,Linear,Gradient Boosting Regressor,0.5,2.2679901478794173,-1.7679901478794173
02_linear,Linear,Gradient Boosting Regressor,0.5,2.2679901478794173,-1.7679901478794173
02_linear,Linear,Gradient Boosting Regressor,1.5,2.2679901478794173,-0.7679901478794173
02_linear,Linear,Gradient Boosting Regressor,5.5,5.464134865825029,0.03586513417497095
02_linear,Linear,Gradient Boosting Regressor,4.5,2.3594175413142517,2.1405824586857483
02_linear,Linear,Gradient Boosting Regressor,3.0,4.406237844328404,-1.4062378443284036
02_linear,Linear,Gradient Boosting Regressor,3.5,5.70512718429804,-2.20512718429804
02_linear,Linear,Gradient Boosting Regressor,129.0,134.52015334727886,-5.520153347278864
02_linear,Linear,Gradient Boosting Regressor,1.0,2.2679901478794173,-1.2679901478794173
02_linear,Linear,Gradient Boosting Regressor,3598.0,2251.0574993199934,1346.9425006800066
02_linear,Linear,Gradient Boosting Regressor,3.0,6.413909662677575,-3.4139096626775753
02_linear,Linear,Gradient Boosting Regressor,0.5,2.2679901478794173,-1.7679901478794173
02_linear,Linear,Gradient Boosting Regressor,24.0,26.620512806684733,-2.620512806684733
02_linear,Linear,Gradient Boosting Regressor,24.5,27.365196657153838,-2.865196657153838
02_linear,Linear,Gradient Boosting Regressor,1.0,2.2679901478794173,-1.2679901478794173
02_linear,Linear,Gradient Boosting Regressor,5.0,5.464134865825029,-0.46413486582502905
02_linear,Linear,Gradient Boosting Regressor,2.0,2.755185617812069,-0.755185617812069
02_linear,Linear,Gradient Boosting Regressor,2.0,2.885078871753679,-0.885078871753679
02_linear,Linear,Gradient Boosting Regressor,10.0,7.747844187871896,2.2521558121281036
02_linear,Linear,Gradient Boosting Regressor,199.0,107.8043647247847,91.1956352752153
02_linear,Linear,Gradient Boosting Regressor,7.0,4.891477375615947,2.1085226243840527
02_linear,Linear,Gradient Boosting Regressor,2.0,2.3594175413142517,-0.35941754131425174
02_linear,Linear,Gradient Boosting Regressor,10.5,17.595948847543742,-7.095948847543742
02_linear,Linear,Gradient Boosting Regressor,19.5,14.3303577187165,5.169642281283499
02_linear,Linear,Gradient Boosting Regressor,0.5,1.937726280265946,-1.437726280265946
02_linear,Linear,Gradient Boosting Regressor,5.0,4.891477375615947,0.10852262438405269
02_linear,Linear,Gradient Boosting Regressor,2.0,2.7181764973370495,-0.7181764973370495
02_linear,Linear,Gradient Boosting Regressor,5.0,5.464134865825029,-0.46413486582502905
02_linear,Linear,Gradient Boosting Regressor,0.5,1.937726280265946,-1.437726280265946
02_linear,Linear,Gradient Boosting Regressor,0.5,1.937726280265946,-1.437726280265946
02_linear,Linear,Gradient Boosting Regressor,0.5,2.2679901478794173,-1.7679901478794173
02_linear,Linear,Gradient Boosting Regressor,0.5,2.2679901478794173,-1.7679901478794173
02_linear,Linear,Gradient Boosting Regressor,1.5,2.755185617812069,-1.255185617812069
02_linear,Linear,Gradient Boosting Regressor,4.5,9.027882852337914,-4.527882852337914
02_linear,Linear,Gradient Boosting Regressor,456.0,410.29519660566393,45.70480339433607
02_linear,Linear,Gradient Boosting Regressor,13.5,10.95519211221859,2.5448078877814098
02_linear,Linear,Gradient Boosting Regressor,5.0,9.463988058532513,-4.463988058532513
02_linear,Linear,Gradient Boosting Regressor,3.0,3.4091752816562177,-0.40917528165621775
02_linear,Linear,Gradient Boosting Regressor,23.0,16.90154032654031,6.09845967345969
02_linear,Linear,Gradient Boosting Regressor,15.0,20.776814625181338,-5.776814625181338
02_linear,Linear,Gradient Boosting Regressor,463.0,382.2723942933969,80.72760570660307
02_linear,Linear,Gradient Boosting Regressor,0.5,2.2679901478794173,-1.7679901478794173
02_linear,Linear,Gradient Boosting Regressor,0.5,2.2679901478794173,-1.7679901478794173
02_linear,Linear,Gradient Boosting Regressor,0.5,2.554815004140207,-2.054815004140207
02_linear,Linear,Gradient Boosting Regressor,0.5,2.2679901478794173,-1.7679901478794173
02_linear,Linear,Gradient Boosting Regressor,4.0,4.177372142247217,-0.17737214224721676
02_linear,Linear,Gradient Boosting Regressor,7.0,7.440911350261747,-0.44091135026174744
02_linear,Linear,Gradient Boosting Regressor,0.5,2.2679901478794173,-1.7679901478794173
02_linear,Linear,Gradient Boosting Regressor,338.0,379.1248140313599,-41.124814031359904
02_linear,Linear,Gradient Boosting Regressor,1.5,17.502187749509194,-16.002187749509194
02_linear,Linear,Gradient Boosting Regressor,28.5,17.89295492894281,10.60704507105719
02_linear,Linear,Gradient Boosting Regressor,0.5,2.2679901478794173,-1.7679901478794173
02_linear,Linear,Gradient Boosting Regressor,14.5,8.391939892879886,6.108060107120114
02_linear,Linear,Gradient Boosting Regressor,61.5,65.09468176931068,-3.5946817693106823
02_linear,Linear,Gradient Boosting Regressor,11.0,13.440469973731256,-2.440469973731256
02_linear,Linear,Gradient Boosting Regressor,1.0,1.937726280265946,-0.9377262802659461
02_linear,Linear,Gradient Boosting Regressor,2.0,2.3594175413142517,-0.35941754131425174
02_linear,Linear,Gradient Boosting Regressor,11.0,5.897805302692132,5.102194697307868
02_linear,Linear,Gradient Boosting Regressor,1939.0,1957.6002614376073,-18.600261437607287
02_linear,Linear,Gradient Boosting Regressor,93.0,408.4982807090255,-315.4982807090255
02_linear,Linear,Gradient Boosting Regressor,22.0,12.752491951230887,9.247508048769113
02_linear,Linear,Gradient Boosting Regressor,2.5,4.406237844328404,-1.9062378443284036
02_linear,Linear,Gradient Boosting Regressor,11.5,14.588756075687034,-3.0887560756870336
02_linear,Linear,Gradient Boosting Regressor,1.5,2.0291536737007796,-0.5291536737007796
02_linear,Linear,Gradient Boosting Regressor,13.5,18.576445969824917,-5.076445969824917
02_linear,Linear,Gradient Boosting Regressor,4.5,11.16919168862267,-6.66919168862267
02_linear,Linear,Gradient Boosting Regressor,5.5,4.406237844328404,1.0937621556715964
02_linear,Linear,Gradient Boosting Regressor,2.5,2.885078871753679,-0.38507887175367905
02_linear,Linear,Gradient Boosting Regressor,0.5,2.2679901478794173,-1.7679901478794173
02_linear,Linear,Gradient Boosting Regressor,28.0,18.074787295221913,9.925212704778087
02_linear,Linear,Gradient Boosting Regressor,2.0,2.0291536737007796,-0.029153673700779592
02_linear,Linear,Gradient Boosting Regressor,24.5,18.252552088942323,6.247447911057677
02_linear,Linear,Gradient Boosting Regressor,9.0,7.6447668703684135,1.3552331296315865
02_linear,Linear,Gradient Boosting Regressor,3.0,4.994883944869578,-1.9948839448695779
02_linear,Linear,Gradient Boosting Regressor,2.0,2.5882832433954395,-0.5882832433954395
02_linear,Linear,Gradient Boosting Regressor,11.5,5.32514781248305,6.17485218751695
02_linear,Linear,Gradient Boosting Regressor,12.5,13.426563401844795,-0.9265634018447955
02_linear,Linear,Gradient Boosting Regressor,4.0,6.356100254028953,-2.356100254028953
02_linear,Linear,Gradient Boosting Regressor,2.5,14.240213210526889,-11.740213210526889
02_linear,Linear,Gradient Boosting Regressor,0.5,2.2679901478794173,-1.7679901478794173
02_linear,Linear,Gradient Boosting Regressor,0.5,1.937726280265946,-1.437726280265946
02_linear,Linear,Gradient Boosting Regressor,0.5,2.2679901478794173,-1.7679901478794173
02_linear,Linear,Gradient Boosting Regressor,2.0,2.196056048117409,-0.19605604811740918
02_linear,Linear,Gradient Boosting Regressor,4.5,4.561213508002475,-0.06121350800247516
02_linear,Linear,Gradient Boosting Regressor,22.0,19.404931926439456,2.595068073560544
02_linear,Linear,Gradient Boosting Regressor,28.5,20.55607839794617,7.94392160205383
02_linear,Linear,Gradient Boosting Regressor,24.0,19.20232688579488,4.797673114205121
02_linear,Linear,Gradient Boosting Regressor,1.0,1.937726280265946,-0.9377262802659461
02_linear,Linear,Gradient Boosting Regressor,7.0,7.072109380159332,-0.07210938015933177
02_linear,Linear,Gradient Boosting Regressor,1.5,2.755185617812069,-1.255185617812069
02_linear,Linear,Gradient Boosting Regressor,1.5,3.0789114140427456,-1.5789114140427456
02_linear,Linear,Gradient Boosting Regressor,2.0,4.978895334537485,-2.9788953345374853
02_linear,Linear,Gradient Boosting Regressor,14.0,18.591282117757366,-4.591282117757366
02_linear,Linear,Gradient Boosting Regressor,27.0,28.74535206206696,-1.74535206206696
02_linear,Linear,Gradient Boosting Regressor,23.5,25.709959122401205,-2.209959122401205
02_linear,Linear,Gradient Boosting Regressor,149.5,130.56367009136213,18.936329908637873
02_linear,Linear,Gradient Boosting Regressor,2.5,4.0391705128313955,-1.5391705128313955
02_linear,Linear,Gradient Boosting Regressor,0.5,2.2679901478794173,-1.7679901478794173
02_linear,Linear,Gradient Boosting Regressor,1.0,2.0291536737007796,-1.0291536737007796
02_linear,Linear,Gradient Boosting Regressor,1.0,2.2679901478794173,-1.2679901478794173
02_linear,Linear,Gradient Boosting Regressor,3.5,15.417695112575279,-11.917695112575279
02_linear,Linear,Gradient Boosting Regressor,1.0,2.2679901478794173,-1.2679901478794173
02_linear,Linear,Gradient Boosting Regressor,3.0,3.113944573834867,-0.11394457383486678
02_linear,Linear,Gradient Boosting Regressor,9.0,4.891477375615947,4.108522624384053
02_linear,Linear,Gradient Boosting Regressor,4.0,6.847580099544678,-2.847580099544678
02_linear,Linear,Gradient Boosting Regressor,11.5,16.90154032654031,-5.40154032654031
02_linear,Linear,Gradient Boosting Regressor,0.5,2.0291536737007796,-1.5291536737007796
02_linear,Linear,Gradient Boosting Regressor,28.5,19.404931926439456,9.095068073560544
02_linear,Linear,Gradient Boosting Regressor,0.5,2.2580193757819673,-1.7580193757819673
02_linear,Linear,Gradient Boosting Regressor,0.5,2.2679901478794173,-1.7679901478794173
02_linear,Linear,Gradient Boosting Regressor,35.5,35.72876659981879,-0.22876659981879044
02_linear,Linear,Gradient Boosting Regressor,6.5,24.017120638726606,-17.517120638726606
02_linear,Linear,Gradient Boosting Regressor,3.5,2.7181764973370495,0.7818235026629505
02_linear,Linear,Gradient Boosting Regressor,539.0,380.9993215651569,158.0006784348431
02_linear,Linear,Gradient Boosting Regressor,2.0,2.3594175413142517,-0.35941754131425174
02_linear,Linear,Gradient Boosting Regressor,33.5,19.404931926439456,14.095068073560544
02_linear,Linear,Gradient Boosting Regressor,4.0,5.219887653010496,-1.2198876530104963
02_linear,Linear,Gradient Boosting Regressor,4.0,5.56754143507866,-1.5675414350786596
02_linear,Linear,Gradient Boosting Regressor,3.0,4.406237844328404,-1.4062378443284036
02_linear,Linear,Gradient Boosting Regressor,26.5,10.83785345650267,15.66214654349733
02_linear,Linear,Gradient Boosting Regressor,0.5,1.937726280265946,-1.437726280265946
02_linear,Linear,Gradient Boosting Regressor,4.5,7.608083746779147,-3.1080837467791467
02_linear,Linear,Gradient Boosting Regressor,1.5,2.554815004140207,-1.054815004140207
02_linear,Linear,Gradient Boosting Regressor,3.0,4.611828003040478,-1.6118280030404781
02_linear,Linear,Gradient Boosting Regressor,0.5,2.2679901478794173,-1.7679901478794173
02_linear,Linear,Gradient Boosting Regressor,0.5,2.2679901478794173,-1.7679901478794173
02_linear,Linear,Gradient Boosting Regressor,0.5,2.2679901478794173,-1.7679901478794173
02_linear,Linear,Gradient Boosting Regressor,1.0,2.2679901478794173,-1.2679901478794173
02_linear,Linear,Gradient Boosting Regressor,0.5,1.937726280265946,-1.437726280265946
02_linear,Linear,Gradient Boosting Regressor,3.0,6.277784674507122,-3.2777846745071217
02_linear,Linear,Gradient Boosting Regressor,0.5,1.937726280265946,-1.437726280265946
02_linear,Linear,Gradient Boosting Regressor,2.0,9.75369560111501,-7.753695601115011
02_linear,Linear,Gradient Boosting Regressor,1.0,3.0789114140427456,-2.0789114140427456
02_linear,Linear,Gradient Boosting Regressor,26.0,29.93850693169251,-3.9385069316925083
02_linear,Linear,Gradient Boosting Regressor,3.0,2.885078871753679,0.11492112824632095
02_linear,Linear,Gradient Boosting Regressor,22.0,18.5457236443963,3.4542763556036995
02_linear,Linear,Gradient Boosting Regressor,0.5,2.2679901478794173,-1.7679901478794173
02_linear,Linear,Gradient Boosting Regressor,17.5,22.635674869020665,-5.135674869020665
02_linear,Linear,Gradient Boosting Regressor,1.5,2.0291536737007796,-0.5291536737007796
02_linear,Linear,Gradient Boosting Regressor,0.5,1.937726280265946,-1.437726280265946
02_linear,Linear,Gradient Boosting Regressor,509.0,395.71437949907823,113.28562050092177
02_linear,Linear,Gradient Boosting Regressor,1.0,1.937726280265946,-0.9377262802659461
02_linear,Linear,Gradient Boosting Regressor,2.0,2.3594175413142517,-0.35941754131425174
02_linear,Linear,Gradient Boosting Regressor,25.0,19.89127893286188,5.10872106713812
02_linear,Linear,Gradient Boosting Regressor,2.0,3.3481717285122246,-1.3481717285122246
02_linear,Linear,Gradient Boosting Regressor,1.5,2.0291536737007796,-0.5291536737007796
02_linear,Linear,Gradient Boosting Regressor,2.0,2.3594175413142517,-0.35941754131425174
02_linear,Linear,Gradient Boosting Regressor,11.0,17.7151901352224,-6.7151901352224
02_linear,Linear,Gradient Boosting Regressor,0.5,1.937726280265946,-1.437726280265946
02_linear,Linear,Gradient Boosting Regressor,11.5,16.90154032654031,-5.40154032654031
02_linear,Linear,Gradient Boosting Regressor,0.5,1.937726280265946,-1.437726280265946
02_linear,Linear,Gradient Boosting Regressor,1.0,2.554815004140207,-1.554815004140207
02_linear,Linear,Gradient Boosting Regressor,1.0,2.2679901478794173,-1.2679901478794173
02_linear,Linear,Gradient Boosting Regressor,0.5,1.937726280265946,-1.437726280265946
02_linear,Linear,Gradient Boosting Regressor,12.5,11.095729475467488,1.404270524532512
02_linear,Linear,Gradient Boosting Regressor,35.5,20.53247151701242,14.967528482987579
02_linear,Linear,Gradient Boosting Regressor,21.0,18.4041421822894,2.5958578177105984
02_linear,Linear,Gradient Boosting Regressor,1.5,2.3594175413142517,-0.8594175413142517
02_linear,Linear,Gradient Boosting Regressor,5.5,14.195054939476968,-8.695054939476968
02_linear,Linear,Gradient Boosting Regressor,2.5,2.5263199157308813,-0.026319915730881327
02_linear,Linear,Gradient Boosting Regressor,0.5,2.2679901478794173,-1.7679901478794173
02_linear,Linear,Gradient Boosting Regressor,3.0,3.515074102928854,-0.5150741029288541
02_linear,Linear,Gradient Boosting Regressor,24.0,19.20232688579488,4.797673114205121
02_linear,Linear,Gradient Boosting Regressor,1.5,2.0291536737007796,-0.5291536737007796
02_linear,Linear,Gradient Boosting Regressor,4.5,4.891477375615947,-0.3914773756159473
02_linear,Linear,Gradient Boosting Regressor,0.5,1.937726280265946,-1.437726280265946
02_linear,Linear,Gradient Boosting Regressor,0.5,1.937726280265946,-1.437726280265946
02_linear,Linear,Gradient Boosting Regressor,26.5,29.43430410913396,-2.9343041091339614
02_linear,Linear,Gradient Boosting Regressor,1.5,2.7836807062213946,-1.2836807062213946
02_linear,Linear,Gradient Boosting Regressor,31.0,21.44302520129595,9.55697479870405
02_linear,Linear,Gradient Boosting Regressor,6.0,4.891477375615947,1.1085226243840527
02_linear,Linear,Gradient Boosting Regressor,22.5,17.7151901352224,4.7848098647776
02_linear,Linear,Gradient Boosting Regressor,0.5,2.2679901478794173,-1.7679901478794173
02_linear,Linear,Gradient Boosting Regressor,7.5,5.32514781248305,2.17485218751695
02_linear,Linear,Gradient Boosting Regressor,2.0,2.0291536737007796,-0.029153673700779592
02_linear,Linear,Gradient Boosting Regressor,3.0,3.113944573834867,-0.11394457383486678
02_linear,Linear,Gradient Boosting Regressor,36.0,18.017694700939597,17.982305299060403
02_linear,Linear,Gradient Boosting Regressor,0.5,2.2679901478794173,-1.7679901478794173
02_linear,Linear,Gradient Boosting Regressor,129.0,125.40231867502983,3.597681324970168
02_linear,Linear,Gradient Boosting Regressor,21.5,17.261137486539823,4.238862513460177
02_linear,Linear,Gradient Boosting Regressor,5.0,16.526853412359205,-11.526853412359205
02_linear,Linear,Gradient Boosting Regressor,0.5,1.937726280265946,-1.437726280265946
02_linear,Linear,Gradient Boosting Regressor,1.0,2.2068136291644134,-1.2068136291644134
02_linear,Linear,Gradient Boosting Regressor,1.5,2.3594175413142517,-0.8594175413142517
02_linear,Linear,Gradient Boosting Regressor,4.0,9.75369560111501,-5.753695601115011
02_linear,Linear,Gradient Boosting Regressor,1.5,1.937726280265946,-0.43772628026594607
02_linear,Linear,Gradient Boosting Regressor,0.5,1.937726280265946,-1.437726280265946
02_linear,Linear,Gradient Boosting Regressor,0.5,2.2679901478794173,-1.7679901478794173
02_linear,Linear,Gradient Boosting Regressor,5.0,4.891477375615947,0.10852262438405269
02_linear,Linear,Gradient Boosting Regressor,0.5,2.0291536737007796,-1.5291536737007796
02_linear,Linear,Gradient Boosting Regressor,3.0,3.743939805010042,-0.7439398050100419
02_linear,Linear,Gradient Boosting Regressor,0.5,2.2679901478794173,-1.7679901478794173
02_linear,Linear,Gradient Boosting Regressor,25.5,17.7151901352224,7.7848098647776
02_linear,Linear,Gradient Boosting Regressor,1.5,4.891477375615947,-3.3914773756159473
02_linear,Linear,Gradient Boosting Regressor,59.0,31.899870065685842,27.100129934314158
02_linear,Linear,Gradient Boosting Regressor,0.5,1.937726280265946,-1.437726280265946
02_linear,Linear,Gradient Boosting Regressor,9.5,6.461360413501507,3.038639586498493
02_linear,Linear,Gradient Boosting Regressor,0.5,1.937726280265946,-1.437726280265946
02_linear,Linear,Gradient Boosting Regressor,12.0,21.221423564079423,-9.221423564079423
02_linear,Linear,Gradient Boosting Regressor,154.0,110.11304947027809,43.886950529721915
02_linear,Linear,Gradient Boosting Regressor,0.5,2.2679901478794173,-1.7679901478794173
02_linear,Linear,Gradient Boosting Regressor,6.5,8.230784031780278,-1.7307840317802778
02_linear,Linear,Gradient Boosting Regressor,2.5,3.113944573834867,-0.6139445738348668
02_linear,Linear,Gradient Boosting Regressor,3.0,2.885078871753679,0.11492112824632095
02_linear,Linear,Gradient Boosting Regressor,7.0,5.464134865825029,1.535865134174971
02_linear,Linear,Gradient Boosting Regressor,2.0,2.3879126297235773,-0.3879126297235773
02_linear,Linear,Gradient Boosting Regressor,7.0,9.408191475903044,-2.4081914759030436
02_linear,Linear,Gradient Boosting Regressor,2.0,2.0291536737007796,-0.029153673700779592
02_linear,Linear,Gradient Boosting Regressor,25.5,13.638981278834487,11.861018721165513
02_linear,Linear,Gradient Boosting Regressor,1.5,4.406237844328404,-2.9062378443284036
02_linear,Linear,Gradient Boosting Regressor,13.5,18.053144273793208,-4.553144273793208
02_linear,Linear,Gradient Boosting Regressor,0.5,2.2679901478794173,-1.7679901478794173
02_linear,Linear,Gradient Boosting Regressor,46.0,43.856133778524296,2.1438662214757045
02_linear,Linear,Gradient Boosting Regressor,0.5,2.2679901478794173,-1.7679901478794173
02_linear,Linear,Gradient Boosting Regressor,1.0,2.2679901478794173,-1.2679901478794173
02_linear,Linear,Gradient Boosting Regressor,6.5,8.697618984724443,-2.1976189847244427
02_linear,Linear,Gradient Boosting Regressor,0.5,1.937726280265946,-1.437726280265946
02_linear,Linear,Gradient Boosting Regressor,24.5,16.76541533836984,7.734584661630159
02_linear,Linear,Gradient Boosting Regressor,0.5,1.937726280265946,-1.437726280265946
02_linear,Linear,Gradient Boosting Regressor,2.0,8.264277799607479,-6.264277799607479
02_linear,Linear,Gradient Boosting Regressor,2.5,2.885078871753679,-0.38507887175367905
02_linear,Linear,Gradient Boosting Regressor,130.5,94.34324927762297,36.156750722377026
02_linear,Linear,Gradient Boosting Regressor,3.0,2.3594175413142517,0.6405824586857483
02_linear,Linear,Gradient Boosting Regressor,0.5,1.937726280265946,-1.437726280265946
02_linear,Linear,Gradient Boosting Regressor,32.5,57.92760875306696,-25.427608753066963
02_linear,Linear,Gradient Boosting Regressor,17.0,20.53247151701242,-3.5324715170124215
02_linear,Linear,Gradient Boosting Regressor,0.5,2.7836807062213946,-2.2836807062213946
02_linear,Linear,Gradient Boosting Regressor,6.5,6.7114551113742245,-0.21145511137422446
02_linear,Linear,Gradient Boosting Regressor,0.5,2.2679901478794173,-1.7679901478794173
02_linear,Linear,Gradient Boosting Regressor,0.5,1.937726280265946,-1.437726280265946
02_linear,Linear,Gradient Boosting Regressor,7.0,13.426563401844795,-6.4265634018447955
02_linear,Linear,Gradient Boosting Regressor,2.5,2.3594175413142517,0.14058245868574826
02_linear,Linear,Gradient Boosting Regressor,1.0,2.2679901478794173,-1.2679901478794173
02_linear,Linear,Gradient Boosting Regressor,1.0,22.8718865630609,-21.8718865630609
02_linear,Linear,Gradient Boosting Regressor,5.0,4.891477375615947,0.10852262438405269
02_linear,Linear,Gradient Boosting Regressor,3.5,2.7181764973370495,0.7818235026629505
02_linear,Linear,Gradient Boosting Regressor,1.0,2.0291536737007796,-1.0291536737007796
02_linear,Linear,Gradient Boosting Regressor,0.5,1.937726280265946,-1.437726280265946
02_linear,Linear,Gradient Boosting Regressor,4.5,28.467676620004685,-23.967676620004685
02_linear,Linear,Gradient Boosting Regressor,1.0,2.0291536737007796,-1.0291536737007796
02_linear,Linear,Gradient Boosting Regressor,0.5,1.937726280265946,-1.437726280265946
02_linear,Linear,Gradient Boosting Regressor,3.0,3.515074102928854,-0.5150741029288541
02_linear,Linear,Gradient Boosting Regressor,3.5,14.726725116598368,-11.226725116598368
02_linear,Linear,Gradient Boosting Regressor,6.0,6.847580099544678,-0.8475800995446781
02_linear,Linear,Gradient Boosting Regressor,3.0,4.406237844328404,-1.4062378443284036
02_linear,Linear,Gradient Boosting Regressor,1.5,2.2679901478794173,-0.7679901478794173
02_linear,Linear,Gradient Boosting Regressor,0.5,2.2679901478794173,-1.7679901478794173
02_linear,Linear,Gradient Boosting Regressor,113.0,99.09877682289,13.901223177109998
02_linear,Linear,Gradient Boosting Regressor,0.5,2.2679901478794173,-1.7679901478794173
02_linear,Linear,Gradient Boosting Regressor,4.0,4.891477375615947,-0.8914773756159473
02_linear,Linear,Gradient Boosting Regressor,1.5,2.616778331804765,-1.116778331804765
02_linear,Linear,Gradient Boosting Regressor,3.0,4.177372142247217,-1.1773721422472168
02_linear,Linear,Gradient Boosting Regressor,83.0,92.97145154444121,-9.971451544441209
02_linear,Linear,Gradient Boosting Regressor,15.5,9.914372179941514,5.585627820058486
02_linear,Linear,Gradient Boosting Regressor,2.5,3.4091752816562177,-0.9091752816562177
02_linear,Linear,Gradient Boosting Regressor,15.5,27.39621083427747,-11.896210834277468
02_linear,Linear,Gradient Boosting Regressor,7.5,10.48023964155567,-2.98023964155567
02_linear,Linear,Gradient Boosting Regressor,3.5,10.24020750718649,-6.74020750718649
02_linear,Linear,Gradient Boosting Regressor,1.5,2.885078871753679,-1.385078871753679
02_linear,Linear,Gradient Boosting Regressor,4.0,4.406237844328404,-0.4062378443284036
02_linear,Linear,Gradient Boosting Regressor,181.5,141.1688403378872,40.33115966211281
02_linear,Linear,Gradient Boosting Regressor,0.5,2.2679901478794173,-1.7679901478794173
02_linear,Linear,Gradient Boosting Regressor,152.5,135.95224617317822,16.547753826821776
02_linear,Linear,Gradient Boosting Regressor,1.5,2.2679901478794173,-0.7679901478794173
02_linear,Linear,Gradient Boosting Regressor,0.5,1.937726280265946,-1.437726280265946
02_linear,Linear,Gradient Boosting Regressor,0.5,1.937726280265946,-1.437726280265946
02_linear,Linear,Gradient Boosting Regressor,0.5,1.937726280265946,-1.437726280265946
02_linear,Linear,Gradient Boosting Regressor,7.5,9.20558970156198,-1.7055897015619799
02_linear,Linear,Gradient Boosting Regressor,17.0,16.90154032654031,0.09845967345968987
02_linear,Linear,Gradient Boosting Regressor,0.5,2.2679901478794173,-1.7679901478794173
02_linear,Linear,Gradient Boosting Regressor,3.5,4.891477375615947,-1.3914773756159473
02_linear,Linear,Gradient Boosting Regressor,0.5,2.2679901478794173,-1.7679901478794173
02_linear,Linear,Gradient Boosting Regressor,0.5,2.2679901478794173,-1.7679901478794173
02_linear,Linear,Gradient Boosting Regressor,7.5,7.8857591888414245,-0.38575918884142446
02_linear,Linear,Gradient Boosting Regressor,4.5,3.515074102928854,0.9849258970711459
02_linear,Linear,Gradient Boosting Regressor,0.5,2.2679901478794173,-1.7679901478794173
02_linear,Linear,Gradient Boosting Regressor,0.5,1.937726280265946,-1.437726280265946
02_linear,Linear,Gradient Boosting Regressor,2.0,2.0291536737007796,-0.029153673700779592
02_linear,Linear,Gradient Boosting Regressor,1.0,2.3594175413142517,-1.3594175413142517
02_linear,Linear,Gradient Boosting Regressor,3.5,3.684004219747643,-0.18400421974764303
02_linear,Linear,Gradient Boosting Regressor,1.5,1.937726280265946,-0.43772628026594607
02_linear,Linear,Gradient Boosting Regressor,20.5,18.074787295221913,2.4252127047780867
02_linear,Linear,Gradient Boosting Regressor,0.5,1.937726280265946,-1.437726280265946
02_linear,Linear,Gradient Boosting Regressor,12.0,17.261137486539823,-5.261137486539823
02_linear,Linear,Gradient Boosting Regressor,1.5,2.885078871753679,-1.385078871753679
02_linear,Linear,Gradient Boosting Regressor,5.0,2.7181764973370495,2.2818235026629505
02_linear,Linear,Gradient Boosting Regressor,2.5,3.113944573834867,-0.6139445738348668
02_linear,Linear,Gradient Boosting Regressor,0.5,1.937726280265946,-1.437726280265946
02_linear,Linear,Gradient Boosting Regressor,0.5,1.937726280265946,-1.437726280265946
02_linear,Linear,Gradient Boosting Regressor,398.0,454.10898605431476,-56.108986054314755
02_linear,Linear,Gradient Boosting Regressor,0.5,1.937726280265946,-1.437726280265946
02_linear,Linear,Gradient Boosting Regressor,1.5,2.2679901478794173,-0.7679901478794173
02_linear,Linear,Gradient Boosting Regressor,4.0,16.90154032654031,-12.90154032654031
02_linear,Linear,Gradient Boosting Regressor,3.5,6.330959595722489,-2.830959595722489
02_linear,Linear,Gradient Boosting Regressor,1.5,2.5263199157308813,-1.0263199157308813
02_linear,Linear,Gradient Boosting Regressor,0.5,1.937726280265946,-1.437726280265946
02_linear,Linear,Gradient Boosting Regressor,8.0,6.138797621165143,1.8612023788348573
02_linear,Linear,Gradient Boosting Regressor,25.0,15.402405884369127,9.597594115630873
02_linear,Linear,Gradient Boosting Regressor,1.5,2.3594175413142517,-0.8594175413142517
02_linear,Linear,Gradient Boosting Regressor,1.5,2.0291536737007796,-0.5291536737007796
02_linear,Linear,Gradient Boosting Regressor,4.0,4.0391705128313955,-0.0391705128313955
02_linear,Linear,Gradient Boosting Regressor,6.5,3.6529508267882234,2.8470491732117766
02_linear,Linear,Gradient Boosting Regressor,142.0,100.53619199445824,41.463808005541765
02_linear,Linear,Gradient Boosting Regressor,30.0,15.402405884369127,14.597594115630873
02_linear,Linear,Gradient Boosting Regressor,2.5,2.554815004140207,-0.0548150041402069
02_linear,Linear,Gradient Boosting Regressor,5.5,2.947042199418237,2.552957800581763
02_linear,Linear,Gradient Boosting Regressor,0.5,2.2679901478794173,-1.7679901478794173
02_linear,Linear,Gradient Boosting Regressor,0.5,1.937726280265946,-1.437726280265946
02_linear,Linear,Gradient Boosting Regressor,4.0,6.847580099544678,-2.847580099544678
02_linear,Linear,Gradient Boosting Regressor,6.0,6.847580099544678,-0.8475800995446781
02_linear,Linear,Gradient Boosting Regressor,5.5,5.32514781248305,0.17485218751694998
02_linear,Linear,Gradient Boosting Regressor,1.0,2.2679901478794173,-1.2679901478794173
02_linear,Linear,Gradient Boosting Regressor,1.0,2.0291536737007796,-1.0291536737007796
02_linear,Linear,Gradient Boosting Regressor,0.5,1.937726280265946,-1.437726280265946
02_linear,Linear,Gradient Boosting Regressor,50.5,58.893894240752594,-8.393894240752594
02_linear,Linear,Gradient Boosting Regressor,2.0,2.3594175413142517,-0.35941754131425174
02_linear,Linear,Gradient Boosting Regressor,0.5,1.937726280265946,-1.437726280265946
02_linear,Linear,Gradient Boosting Regressor,76.0,147.80205566238274,-71.80205566238274
02_linear,Linear,Gradient Boosting Regressor,0.5,2.649859031198333,-2.149859031198333
02_linear,Linear,Gradient Boosting Regressor,0.5,1.937726280265946,-1.437726280265946
02_linear,Linear,Gradient Boosting Regressor,8.5,7.072109380159332,1.4278906198406682
02_linear,Linear,Gradient Boosting Regressor,31.0,37.63823752538302,-6.638237525383019
02_linear,Linear,Gradient Boosting Regressor,3.0,4.57514487945121,-1.5751448794512104
02_linear,Linear,Gradient Boosting Regressor,37.5,36.51964563244114,0.98035436755886
02_linear,Linear,Gradient Boosting Regressor,2.0,2.7181764973370495,-0.7181764973370495
02_linear,Linear,Gradient Boosting Regressor,15.5,27.464583872072332,-11.964583872072332
02_linear,Linear,Gradient Boosting Regressor,0.5,1.937726280265946,-1.437726280265946
02_linear,Linear,Gradient Boosting Regressor,6.0,9.666589832873576,-3.6665898328735764
02_linear,Linear,Gradient Boosting Regressor,0.5,1.937726280265946,-1.437726280265946
02_linear,Linear,Gradient Boosting Regressor,6.0,6.383998939583217,-0.3839989395832166
02_linear,Linear,Gradient Boosting Regressor,5.5,4.978895334537485,0.5211046654625147
02_linear,Linear,Gradient Boosting Regressor,3.0,4.891477375615947,-1.8914773756159473
02_linear,Linear,Gradient Boosting Regressor,0.5,1.937726280265946,-1.437726280265946
02_linear,Linear,Gradient Boosting Regressor,0.5,1.937726280265946,-1.437726280265946
02_linear,Linear,Gradient Boosting Regressor,2.5,2.3594175413142517,0.14058245868574826
02_linear,Linear,Gradient Boosting Regressor,0.5,2.2679901478794173,-1.7679901478794173
02_linear,Linear,Gradient Boosting Regressor,1.5,2.5263199157308813,-1.0263199157308813
02_linear,Linear,Gradient Boosting Regressor,30.0,25.430871480767838,4.569128519232162
02_linear,Linear,Gradient Boosting Regressor,17.5,21.751049211784107,-4.251049211784107
02_linear,Linear,Gradient Boosting Regressor,1.0,2.5882832433954395,-1.5882832433954395
02_linear,Linear,Gradient Boosting Regressor,0.5,1.937726280265946,-1.437726280265946
02_linear,Linear,Gradient Boosting Regressor,0.5,1.937726280265946,-1.437726280265946
02_linear,Linear,Gradient Boosting Regressor,1.0,1.937726280265946,-0.9377262802659461
02_linear,Linear,Gradient Boosting Regressor,17.5,16.90154032654031,0.5984596734596899
02_linear,Linear,Gradient Boosting Regressor,1.0,2.2679901478794173,-1.2679901478794173
02_linear,Linear,Gradient Boosting Regressor,1.0,2.0291536737007796,-1.0291536737007796
02_linear,Linear,Gradient Boosting Regressor,0.5,1.937726280265946,-1.437726280265946
02_linear,Linear,Gradient Boosting Regressor,1.5,2.3594175413142517,-0.8594175413142517
02_linear,Linear,Gradient Boosting Regressor,7.0,12.859676419007842,-5.859676419007842
02_linear,Linear,Gradient Boosting Regressor,4.5,4.177372142247217,0.32262785775278324
02_linear,Linear,Gradient Boosting Regressor,1.0,2.0291536737007796,-1.0291536737007796
02_linear,Linear,Gradient Boosting Regressor,4.5,4.891477375615947,-0.3914773756159473
02_linear,Linear,Gradient Boosting Regressor,3.5,4.891477375615947,-1.3914773756159473
02_linear,Linear,Gradient Boosting Regressor,0.5,2.2679901478794173,-1.7679901478794173
02_linear,Linear,Gradient Boosting Regressor,2.5,2.885078871753679,-0.38507887175367905
02_linear,Linear,Gradient Boosting Regressor,0.5,1.937726280265946,-1.437726280265946
02_linear,Linear,Gradient Boosting Regressor,78.5,55.20631525668326,23.29368474331674
02_linear,Linear,Gradient Boosting Regressor,0.5,1.937726280265946,-1.437726280265946
02_linear,Linear,Gradient Boosting Regressor,15.0,22.330581470253446,-7.3305814702534455
02_linear,Linear,Gradient Boosting Regressor,20.0,14.588756075687034,5.411243924312966
02_linear,Linear,Gradient Boosting Regressor,0.5,2.2679901478794173,-1.7679901478794173
02_linear,Linear,Gradient Boosting Regressor,1.0,1.937726280265946,-0.9377262802659461
02_linear,Linear,Gradient Boosting Regressor,5.0,4.406237844328404,0.5937621556715964
02_linear,Linear,Gradient Boosting Regressor,1.5,2.3594175413142517,-0.8594175413142517
02_linear,Linear,Gradient Boosting Regressor,2.0,4.891477375615947,-2.8914773756159473
02_linear,Linear,Gradient Boosting Regressor,6.5,4.177372142247217,2.3226278577527832
02_linear,Linear,Gradient Boosting Regressor,0.5,2.2679901478794173,-1.7679901478794173
02_linear,Linear,Gradient Boosting Regressor,1.0,2.755185617812069,-1.755185617812069
02_linear,Linear,Gradient Boosting Regressor,18.0,39.79709629903354,-21.79709629903354
02_linear,Linear,Gradient Boosting Regressor,160.0,117.84430942959173,42.15569057040827
02_linear,Linear,Gradient Boosting Regressor,134.5,259.6227379310276,-125.12273793102759
02_linear,Linear,Gradient Boosting Regressor,0.5,2.2679901478794173,-1.7679901478794173
02_linear,Linear,Gradient Boosting Regressor,2592.0,2937.8584240987057,-345.85842409870565
02_linear,Linear,Gradient Boosting Regressor,0.5,2.2679901478794173,-1.7679901478794173
02_linear,Linear,Gradient Boosting Regressor,0.5,1.937726280265946,-1.437726280265946
02_linear,Linear,Gradient Boosting Regressor,0.5,2.2679901478794173,-1.7679901478794173
02_linear,Linear,Gradient Boosting Regressor,2.5,12.246169410976997,-9.746169410976997
02_linear,Linear,Gradient Boosting Regressor,31.5,27.229444678642103,4.270555321357897
02_linear,Linear,Gradient Boosting Regressor,22.0,18.591282117757366,3.408717882242634
02_linear,Linear,Gradient Boosting Regressor,4.5,4.891477375615947,-0.3914773756159473
02_linear,Linear,Gradient Boosting Regressor,28.5,20.901512386796426,7.598487613203574
02_linear,Linear,Gradient Boosting Regressor,6.5,4.177372142247217,2.3226278577527832
02_linear,Linear,Gradient Boosting Regressor,1.5,2.7836807062213946,-1.2836807062213946
02_linear,Linear,Gradient Boosting Regressor,1.0,2.0291536737007796,-1.0291536737007796
02_linear,Linear,Gradient Boosting Regressor,0.5,1.937726280265946,-1.437726280265946
02_linear,Linear,Gradient Boosting Regressor,40.5,27.537792296384367,12.962207703615633
02_linear,Linear,Gradient Boosting Regressor,1.5,3.8471082746337437,-2.3471082746337437
02_linear,Linear,Gradient Boosting Regressor,1.0,1.7875005784662765,-0.7875005784662765
02_linear,Linear,Gradient Boosting Regressor,0.5,1.937726280265946,-1.437726280265946
02_linear,Linear,Gradient Boosting Regressor,2.0,2.2679901478794173,-0.26799014787941733
02_linear,Linear,Gradient Boosting Regressor,2.0,4.177372142247217,-2.1773721422472168
02_linear,Linear,Gradient Boosting Regressor,6.0,4.561213508002475,1.4387864919975248
02_linear,Linear,Gradient Boosting Regressor,0.5,1.937726280265946,-1.437726280265946
02_linear,Linear,Gradient Boosting Regressor,18.5,18.10143035097027,0.39856964902973147
02_linear,Linear,Gradient Boosting Regressor,2.0,2.3594175413142517,-0.35941754131425174
02_linear,Linear,Gradient Boosting Regressor,1.5,1.937726280265946,-0.43772628026594607
02_linear,Linear,Gradient Boosting Regressor,9.5,10.48023964155567,-0.98023964155567
02_linear,Linear,Gradient Boosting Regressor,0.5,1.937726280265946,-1.437726280265946
02_linear,Linear,Gradient Boosting Regressor,2.5,3.4091752816562177,-0.9091752816562177
02_linear,Linear,Gradient Boosting Regressor,5.0,11.800070154276234,-6.800070154276234
02_linear,Linear,Gradient Boosting Regressor,7.5,5.32514781248305,2.17485218751695
02_linear,Linear,Gradient Boosting Regressor,1.5,2.196056048117409,-0.6960560481174092
02_linear,Linear,Gradient Boosting Regressor,0.5,2.2679901478794173,-1.7679901478794173
02_linear,Linear,Gradient Boosting Regressor,12.0,5.897805302692132,6.102194697307868
02_linear,Linear,Gradient Boosting Regressor,2.5,2.5882832433954395,-0.08828324339543947
02_linear,Linear,Gradient Boosting Regressor,4.0,6.1035158016984745,-2.1035158016984745
02_linear,Linear,Gradient Boosting Regressor,4.5,42.53062277150683,-38.03062277150683
02_linear,Linear,Gradient Boosting Regressor,23.5,17.7151901352224,5.7848098647776
02_linear,Linear,Gradient Boosting Regressor,2826.0,2256.799422954934,569.200577045066
02_linear,Linear,Gradient Boosting Regressor,23.5,31.615092737733743,-8.115092737733743
02_linear,Linear,Gradient Boosting Regressor,22.5,14.588756075687034,7.911243924312966
02_linear,Linear,Gradient Boosting Regressor,0.5,1.937726280265946,-1.437726280265946
02_linear,Linear,Gradient Boosting Regressor,1.0,2.2679901478794173,-1.2679901478794173
02_linear,Linear,Gradient Boosting Regressor,0.5,2.2679901478794173,-1.7679901478794173
02_linear,Linear,Gradient Boosting Regressor,94.0,93.79615557001996,0.2038444299800375
02_linear,Linear,Gradient Boosting Regressor,0.5,2.2679901478794173,-1.7679901478794173
02_linear,Linear,Gradient Boosting Regressor,0.5,2.2679901478794173,-1.7679901478794173
02_linear,Linear,Gradient Boosting Regressor,1.5,2.2679901478794173,-0.7679901478794173
02_linear,Linear,Gradient Boosting Regressor,0.5,1.937726280265946,-1.437726280265946
02_linear,Linear,Gradient Boosting Regressor,1.5,2.3879126297235773,-0.8879126297235773
02_linear,Linear,Gradient Boosting Regressor,0.5,2.2679901478794173,-1.7679901478794173
02_linear,Linear,Gradient Boosting Regressor,2.0,4.108394617265979,-2.1083946172659793
02_linear,Linear,Gradient Boosting Regressor,0.5,1.937726280265946,-1.437726280265946
02_linear,Linear,Gradient Boosting Regressor,3.5,3.810304810750206,-0.310304810750206
02_linear,Linear,Gradient Boosting Regressor,23.0,41.5203162140648,-18.5203162140648
02_linear,Linear,Gradient Boosting Regressor,0.5,2.0291536737007796,-1.5291536737007796
02_linear,Linear,Gradient Boosting Regressor,1.0,2.2679901478794173,-1.2679901478794173
02_linear,Linear,Gradient Boosting Regressor,2.5,3.4091752816562177,-0.9091752816562177
02_linear,Linear,Gradient Boosting Regressor,26.5,21.221423564079423,5.278576435920577
02_linear,Linear,Gradient Boosting Regressor,6.5,40.74958175279404,-34.24958175279404
02_linear,Linear,Gradient Boosting Regressor,2.5,2.3594175413142517,0.14058245868574826
02_linear,Linear,Gradient Boosting Regressor,4.5,9.591346863929903,-5.091346863929903
02_linear,Linear,Gradient Boosting Regressor,7.0,5.32514781248305,1.67485218751695
02_linear,Linear,Gradient Boosting Regressor,560.0,379.70193666520606,180.29806333479394
02_linear,Linear,Gradient Boosting Regressor,16.0,27.229444678642103,-11.229444678642103
02_linear,Linear,Gradient Boosting Regressor,1.0,2.2679901478794173,-1.2679901478794173
02_linear,Linear,Gradient Boosting Regressor,32.0,20.53247151701242,11.467528482987579
02_linear,Linear,Gradient Boosting Regressor,4.5,10.448059457735972,-5.948059457735972
02_linear,Linear,Gradient Boosting Regressor,13.0,16.90154032654031,-3.90154032654031
02_linear,Linear,Gradient Boosting Regressor,0.5,1.937726280265946,-1.437726280265946
02_linear,Linear,Gradient Boosting Regressor,1.5,2.755185617812069,-1.255185617812069
02_linear,Linear,Gradient Boosting Regressor,0.5,1.937726280265946,-1.437726280265946
02_linear,Linear,Gradient Boosting Regressor,1.5,2.2679901478794173,-0.7679901478794173
02_linear,Linear,Gradient Boosting Regressor,3.5,3.113944573834867,0.3860554261651332
02_linear,Linear,Gradient Boosting Regressor,1.0,2.2679901478794173,-1.2679901478794173
02_linear,Linear,Gradient Boosting Regressor,0.5,2.2679901478794173,-1.7679901478794173
02_linear,Linear,Gradient Boosting Regressor,1.5,3.113944573834867,-1.6139445738348668
02_linear,Linear,Gradient Boosting Regressor,1.0,3.0789114140427456,-2.0789114140427456
02_linear,Linear,Gradient Boosting Regressor,3.0,5.464134865825029,-2.464134865825029
02_linear,Linear,Gradient Boosting Regressor,2.5,2.3594175413142517,0.14058245868574826
02_linear,Linear,Gradient Boosting Regressor,119.0,94.76402545937168,24.23597454062832
02_linear,Linear,Gradient Boosting Regressor,1.5,2.554815004140207,-1.054815004140207
02_linear,Linear,Gradient Boosting Regressor,1.0,2.616778331804765,-1.616778331804765
02_linear,Linear,Gradient Boosting Regressor,29.0,18.074787295221913,10.925212704778087
02_linear,Linear,Gradient Boosting Regressor,4.5,6.847580099544678,-2.347580099544678
02_linear,Linear,Gradient Boosting Regressor,16.5,16.433713001872608,0.06628699812739214
02_linear,Linear,Gradient Boosting Regressor,1.5,2.2679901478794173,-0.7679901478794173
02_linear,Linear,Gradient Boosting Regressor,32.5,24.340710171165764,8.159289828834236
02_linear,Linear,Gradient Boosting Regressor,2.0,3.743939805010042,-1.7439398050100419
02_linear,Linear,Gradient Boosting Regressor,2.5,3.684004219747643,-1.184004219747643
02_linear,Linear,Gradient Boosting Regressor,2.0,5.69139331661357,-3.6913933166135697
02_linear,Linear,Gradient Boosting Regressor,0.5,20.593164769054166,-20.093164769054166
02_linear,Linear,Gradient Boosting Regressor,1.0,6.191612908178085,-5.191612908178085
02_linear,Linear,Gradient Boosting Regressor,42.5,27.537792296384367,14.962207703615633
02_linear,Linear,Gradient Boosting Regressor,6.5,4.891477375615947,1.6085226243840527
02_linear,Linear,Gradient Boosting Regressor,8.0,12.60127806203731,-4.601278062037309
02_linear,Linear,Gradient Boosting Regressor,1.0,2.3594175413142517,-1.3594175413142517
02_linear,Linear,Gradient Boosting Regressor,1.0,1.937726280265946,-0.9377262802659461
02_linear,Linear,Gradient Boosting Regressor,8.5,13.426563401844795,-4.9265634018447955
02_linear,Linear,Gradient Boosting Regressor,5.5,7.072109380159332,-1.5721093801593318
02_linear,Linear,Gradient Boosting Regressor,32.0,19.158983978179602,12.841016021820398
02_linear,Linear,Gradient Boosting Regressor,2.0,2.3594175413142517,-0.35941754131425174
02_linear,Linear,Gradient Boosting Regressor,2.0,4.0759739767149314,-2.0759739767149314
02_linear,Linear,Gradient Boosting Regressor,15.0,21.06016946119209,-6.060169461192089
02_linear,Linear,Gradient Boosting Regressor,0.5,2.2679901478794173,-1.7679901478794173
02_linear,Linear,Gradient Boosting Regressor,2.5,3.4551385176664553,-0.9551385176664553
02_linear,Linear,Gradient Boosting Regressor,0.5,1.937726280265946,-1.437726280265946
02_linear,Linear,Gradient Boosting Regressor,57.5,95.65526726764044,-38.15526726764044
02_linear,Linear,Gradient Boosting Regressor,0.5,1.937726280265946,-1.437726280265946
02_linear,Linear,Gradient Boosting Regressor,0.5,2.196056048117409,-1.6960560481174092
02_linear,Linear,Gradient Boosting Regressor,3.0,2.5882832433954395,0.41171675660456053
02_linear,Linear,Gradient Boosting Regressor,2.5,2.885078871753679,-0.38507887175367905
02_linear,Linear,Gradient Boosting Regressor,5.5,6.277784674507122,-0.7777846745071217
02_linear,Linear,Gradient Boosting Regressor,1.5,2.3594175413142517,-0.8594175413142517
02_linear,Linear,Gradient Boosting Regressor,2.5,3.113944573834867,-0.6139445738348668
02_linear,Linear,Gradient Boosting Regressor,0.5,1.937726280265946,-1.437726280265946
02_linear,Linear,Gradient Boosting Regressor,0.5,2.2679901478794173,-1.7679901478794173
02_linear,Linear,Gradient Boosting Regressor,1.0,2.2679901478794173,-1.2679901478794173
02_linear,Linear,Gradient Boosting Regressor,8.0,18.4041421822894,-10.404142182289402
02_linear,Linear,Gradient Boosting Regressor,1.5,2.0291536737007796,-0.5291536737007796
02_linear,Linear,Gradient Boosting Regressor,3.0,4.0391705128313955,-1.0391705128313955
02_linear,Linear,Gradient Boosting Regressor,0.5,5.197156467460505,-4.697156467460505
02_linear,Linear,Gradient Boosting Regressor,2.0,4.9422122109482185,-2.9422122109482185
02_linear,Linear,Gradient Boosting Regressor,104.0,92.05496320632129,11.94503679367871
02_linear,Linear,Gradient Boosting Regressor,9.5,6.847580099544678,2.652419900455322
02_linear,Linear,Gradient Boosting Regressor,0.5,2.2679901478794173,-1.7679901478794173
02_linear,Linear,Gradient Boosting Regressor,1.5,2.554815004140207,-1.054815004140207
02_linear,Linear,Gradient Boosting Regressor,0.5,2.2679901478794173,-1.7679901478794173
02_linear,Linear,Gradient Boosting Regressor,0.5,1.937726280265946,-1.437726280265946
02_linear,Linear,Gradient Boosting Regressor,3.0,3.113944573834867,-0.11394457383486678
02_linear,Linear,Gradient Boosting Regressor,9.5,7.175186697662817,2.3248133023371826
02_linear,Linear,Gradient Boosting Regressor,0.5,2.2679901478794173,-1.7679901478794173
02_linear,Linear,Gradient Boosting Regressor,1.0,2.3594175413142517,-1.3594175413142517
02_linear,Linear,Gradient Boosting Regressor,5.5,4.406237844328404,1.0937621556715964
02_linear,Linear,Gradient Boosting Regressor,65.5,41.56323156147614,23.936768438523863
02_linear,Linear,Gradient Boosting Regressor,0.5,1.937726280265946,-1.437726280265946
02_linear,Linear,Gradient Boosting Regressor,22.0,19.404931926439456,2.595068073560544
02_linear,Linear,Gradient Boosting Regressor,1.5,2.196056048117409,-0.6960560481174092
02_linear,Linear,Gradient Boosting Regressor,5.5,4.6626116735347605,0.8373883264652395
02_linear,Linear,Gradient Boosting Regressor,7.0,9.70853733006509,-2.7085373300650897
02_linear,Linear,Gradient Boosting Regressor,1.0,2.2679901478794173,-1.2679901478794173
02_linear,Linear,Gradient Boosting Regressor,167.0,245.8508851817493,-78.8508851817493
02_linear,Linear,Gradient Boosting Regressor,9.5,14.588756075687034,-5.088756075687034
02_linear,Linear,Gradient Boosting Regressor,20.0,20.38939207099839,-0.38939207099839024
02_linear,Linear,Gradient Boosting Regressor,1.0,2.2679901478794173,-1.2679901478794173
02_linear,Linear,Gradient Boosting Regressor,1.0,3.4091752816562177,-2.4091752816562177
02_linear,Linear,Gradient Boosting Regressor,3.0,2.885078871753679,0.11492112824632095
02_linear,Linear,Gradient Boosting Regressor,4.5,4.406237844328404,0.0937621556715964
02_linear,Linear,Gradient Boosting Regressor,25.5,25.018060344513472,0.48193965548652784
02_linear,Linear,Gradient Boosting Regressor,3.0,5.70512718429804,-2.70512718429804
02_linear,Linear,Gradient Boosting Regressor,1.5,2.0291536737007796,-0.5291536737007796
02_linear,Linear,Gradient Boosting Regressor,32.5,26.540492631575106,5.9595073684248945
02_linear,Linear,Gradient Boosting Regressor,31.0,20.549355217504228,10.450644782495772
02_linear,Linear,Gradient Boosting Regressor,4.0,11.927428959673627,-7.927428959673627
02_linear,Linear,Gradient Boosting Regressor,0.5,1.937726280265946,-1.437726280265946
02_linear,Linear,Gradient Boosting Regressor,16.5,18.074787295221913,-1.5747872952219133
02_linear,Linear,Gradient Boosting Regressor,4.0,7.8857591888414245,-3.8857591888414245
02_linear,Linear,Gradient Boosting Regressor,6.0,8.129863397328748,-2.129863397328748
02_linear,Linear,Gradient Boosting Regressor,0.5,1.937726280265946,-1.437726280265946
02_linear,Linear,Gradient Boosting Regressor,0.5,1.937726280265946,-1.437726280265946
02_linear,Linear,Gradient Boosting Regressor,1.5,2.3879126297235773,-0.8879126297235773
02_linear,Linear,Gradient Boosting Regressor,0.5,1.937726280265946,-1.437726280265946
02_linear,Linear,Gradient Boosting Regressor,33.5,20.901512386796426,12.598487613203574
02_linear,Linear,Gradient Boosting Regressor,9.0,5.32514781248305,3.67485218751695
02_linear,Linear,Gradient Boosting Regressor,2.0,3.113944573834867,-1.1139445738348668
02_linear,Linear,Gradient Boosting Regressor,9.5,11.039950743982123,-1.5399507439821232
02_linear,Linear,Gradient Boosting Regressor,2.0,3.7134068115197794,-1.7134068115197794
02_linear,Linear,Gradient Boosting Regressor,2.5,2.885078871753679,-0.38507887175367905
02_linear,Linear,Gradient Boosting Regressor,2.5,5.219887653010496,-2.7198876530104963
02_linear,Linear,Gradient Boosting Regressor,1784.0,2315.9223136676374,-531.9223136676374
02_linear,Linear,Gradient Boosting Regressor,4.0,3.810304810750206,0.189695189249794
02_linear,Linear,Gradient Boosting Regressor,1.0,1.937726280265946,-0.9377262802659461
02_linear,Linear,Gradient Boosting Regressor,0.5,1.937726280265946,-1.437726280265946
02_linear,Linear,Gradient Boosting Regressor,43.0,46.712927492540175,-3.7129274925401745
02_linear,Linear,Gradient Boosting Regressor,16.0,25.585261360786117,-9.585261360786117
02_linear,Linear,Gradient Boosting Regressor,15.5,21.559450256739797,-6.059450256739797
02_linear,Linear,Gradient Boosting Regressor,3.5,3.743939805010042,-0.24393980501004187
02_linear,Linear,Gradient Boosting Regressor,12.0,9.961547551664493,2.038452448335507
02_linear,Linear,Gradient Boosting Regressor,3.0,3.1599078098451043,-0.15990780984510433
02_linear,Linear,Gradient Boosting Regressor,2.5,2.3879126297235773,0.11208737027642268
02_linear,Linear,Gradient Boosting Regressor,413.0,398.6019762748877,14.398023725112296
02_linear,Linear,Gradient Boosting Regressor,0.5,2.2679901478794173,-1.7679901478794173
02_linear,Linear,Gradient Boosting Regressor,0.5,2.2679901478794173,-1.7679901478794173
02_linear,Linear,Gradient Boosting Regressor,8.0,8.59454166722095,-0.59454166722095
02_linear,Linear,Gradient Boosting Regressor,9.5,11.787628253355216,-2.2876282533552157
02_linear,Linear,Gradient Boosting Regressor,3.5,5.096282110401863,-1.5962821104018632
02_linear,Linear,Gradient Boosting Regressor,51.0,31.86252577307316,19.13747422692684
02_linear,Linear,Gradient Boosting Regressor,2.0,2.554815004140207,-0.5548150041402069
02_linear,Linear,Gradient Boosting Regressor,1.5,2.196056048117409,-0.6960560481174092
02_linear,Linear,Gradient Boosting Regressor,7.0,6.413909662677575,0.5860903373224247
02_linear,Linear,Gradient Boosting Regressor,1.0,1.937726280265946,-0.9377262802659461
02_linear,Linear,Gradient Boosting Regressor,2.0,2.616778331804765,-0.616778331804765
02_linear,Linear,Gradient Boosting Regressor,31.0,28.74535206206696,2.25464793793304
02_linear,Linear,Gradient Boosting Regressor,0.5,2.2679901478794173,-1.7679901478794173
02_linear,Linear,Gradient Boosting Regressor,0.5,1.937726280265946,-1.437726280265946
02_linear,Linear,Gradient Boosting Regressor,6.0,8.577498730928912,-2.5774987309289124
02_linear,Linear,Gradient Boosting Regressor,0.5,1.937726280265946,-1.437726280265946
02_linear,Linear,Gradient Boosting Regressor,5.5,10.24020750718649,-4.74020750718649
02_linear,Linear,Gradient Boosting Regressor,0.5,2.5263199157308813,-2.0263199157308813
02_linear,Linear,Gradient Boosting Regressor,1.0,2.616778331804765,-1.616778331804765
02_linear,Linear,Gradient Boosting Regressor,8.0,6.138797621165143,1.8612023788348573
02_linear,Linear,Gradient Boosting Regressor,0.5,2.2679901478794173,-1.7679901478794173
02_linear,Linear,Gradient Boosting Regressor,2.5,3.113944573834867,-0.6139445738348668
02_linear,Linear,Gradient Boosting Regressor,22.0,41.581834966597725,-19.581834966597725
02_linear,Linear,Gradient Boosting Regressor,2.0,2.616778331804765,-0.616778331804765
02_linear,Linear,Gradient Boosting Regressor,0.5,2.2679901478794173,-1.7679901478794173
02_linear,Linear,Gradient Boosting Regressor,0.5,1.937726280265946,-1.437726280265946
02_linear,Linear,Gradient Boosting Regressor,36.0,36.13895705651677,-0.13895705651677304
02_linear,Linear,Gradient Boosting Regressor,43.5,43.17555374881743,0.32444625118257164
02_linear,Linear,Gradient Boosting Regressor,2.5,3.515074102928854,-1.0150741029288541
02_linear,Linear,Gradient Boosting Regressor,6.0,4.406237844328404,1.5937621556715964
02_linear,Linear,Gradient Boosting Regressor,0.5,2.2679901478794173,-1.7679901478794173
02_linear,Linear,Gradient Boosting Regressor,1.0,2.3594175413142517,-1.3594175413142517
02_linear,Linear,Gradient Boosting Regressor,0.5,1.937726280265946,-1.437726280265946
02_linear,Linear,Gradient Boosting Regressor,28.0,18.252552088942323,9.747447911057677
02_linear,Linear,Gradient Boosting Regressor,0.5,2.2679901478794173,-1.7679901478794173
02_linear,Linear,Gradient Boosting Regressor,33.5,20.53247151701242,12.967528482987579
02_linear,Linear,Gradient Boosting Regressor,1.5,2.3594175413142517,-0.8594175413142517
02_linear,Linear,Gradient Boosting Regressor,0.5,2.2679901478794173,-1.7679901478794173
02_linear,Linear,Gradient Boosting Regressor,6.0,8.230784031780278,-2.230784031780278
02_linear,Linear,Gradient Boosting Regressor,5.5,15.417695112575279,-9.917695112575279
02_linear,Linear,Gradient Boosting Regressor,8.0,5.32514781248305,2.67485218751695
02_linear,Linear,Gradient Boosting Regressor,25.5,19.404931926439456,6.095068073560544
02_linear,Linear,Gradient Boosting Regressor,5.0,7.580153615278783,-2.5801536152787827
02_linear,Linear,Gradient Boosting Regressor,0.5,2.2679901478794173,-1.7679901478794173
02_linear,Linear,Gradient Boosting Regressor,0.5,2.2679901478794173,-1.7679901478794173
02_linear,Linear,Gradient Boosting Regressor,14.0,13.302321311927296,0.6976786880727044
02_linear,Linear,Gradient Boosting Regressor,0.5,2.2679901478794173,-1.7679901478794173
02_linear,Linear,Gradient Boosting Regressor,12.0,7.648763300811232,4.351236699188768
02_linear,Linear,Gradient Boosting Regressor,8.0,5.32514781248305,2.67485218751695
02_linear,Linear,Gradient Boosting Regressor,9.0,8.458416679050506,0.5415833209494938
02_linear,Linear,Gradient Boosting Regressor,3.0,4.891477375615947,-1.8914773756159473
02_linear,Linear,Gradient Boosting Regressor,56.0,56.019965065365355,-0.019965065365354917
02_linear,Linear,Gradient Boosting Regressor,1.0,2.5882832433954395,-1.5882832433954395
02_linear,Linear,Gradient Boosting Regressor,3.0,4.978895334537485,-1.9788953345374853
02_linear,Linear,Gradient Boosting Regressor,1.5,2.7181764973370495,-1.2181764973370495
02_linear,Linear,Gradient Boosting Regressor,19.5,20.85756442054751,-1.3575644205475115
02_linear,Linear,Gradient Boosting Regressor,37.0,46.712927492540175,-9.712927492540175
02_linear,Linear,Gradient Boosting Regressor,1.0,2.2679901478794173,-1.2679901478794173
02_linear,Linear,Gradient Boosting Regressor,0.5,2.0291536737007796,-1.5291536737007796
02_linear,Linear,Gradient Boosting Regressor,11.5,5.897805302692132,5.602194697307868
02_linear,Linear,Gradient Boosting Regressor,2.0,2.7836807062213946,-0.7836807062213946
02_linear,Linear,Gradient Boosting Regressor,52.0,42.454510224220485,9.545489775779515
02_linear,Linear,Gradient Boosting Regressor,15.5,9.20558970156198,6.29441029843802
02_linear,Linear,Gradient Boosting Regressor,0.5,1.937726280265946,-1.437726280265946
02_linear,Linear,Gradient Boosting Regressor,1.0,2.2679901478794173,-1.2679901478794173
02_linear,Linear,Gradient Boosting Regressor,0.5,2.2679901478794173,-1.7679901478794173
02_linear,Linear,Gradient Boosting Regressor,97.0,63.887295471582455,33.112704528417545
02_linear,Linear,Gradient Boosting Regressor,6.0,4.891477375615947,1.1085226243840527
02_linear,Linear,Gradient Boosting Regressor,36.0,25.709959122401205,10.290040877598795
02_linear,Linear,Gradient Boosting Regressor,0.5,2.2679901478794173,-1.7679901478794173
02_linear,Linear,Gradient Boosting Regressor,24.0,19.404931926439456,4.595068073560544
02_linear,Linear,Gradient Boosting Regressor,0.5,2.2679901478794173,-1.7679901478794173
02_linear,Linear,Gradient Boosting Regressor,3.0,3.810304810750206,-0.810304810750206
02_linear,Linear,Gradient Boosting Regressor,2.0,2.3594175413142517,-0.35941754131425174
02_linear,Linear,Gradient Boosting Regressor,5.0,4.0391705128313955,0.9608294871686045
02_linear,Linear,Gradient Boosting Regressor,3.0,4.0391705128313955,-1.0391705128313955
02_linear,Linear,Gradient Boosting Regressor,91.0,64.50224022351208,26.497759776487925
02_linear,Linear,Gradient Boosting Regressor,0.5,1.937726280265946,-1.437726280265946
02_linear,Linear,Gradient Boosting Regressor,23.0,26.398911169468207,-3.3989111694682066
02_linear,Linear,Gradient Boosting Regressor,1.0,2.2679901478794173,-1.2679901478794173
02_linear,Linear,Gradient Boosting Regressor,1.5,2.3594175413142517,-0.8594175413142517
02_linear,Linear,Gradient Boosting Regressor,16.5,16.90154032654031,-0.40154032654031013
02_linear,Linear,Gradient Boosting Regressor,21.0,19.71882170833033,1.2811782916696686
02_linear,Linear,Gradient Boosting Regressor,2.0,3.1599078098451043,-1.1599078098451043
02_linear,Linear,Gradient Boosting Regressor,1.0,2.3879126297235773,-1.3879126297235773
02_linear,Linear,Gradient Boosting Regressor,2.0,2.7181764973370495,-0.7181764973370495
02_linear,Linear,Gradient Boosting Regressor,1.5,2.196056048117409,-0.6960560481174092
02_linear,Linear,Gradient Boosting Regressor,23.5,19.71882170833033,3.7811782916696686
02_linear,Linear,Gradient Boosting Regressor,0.5,2.2679901478794173,-1.7679901478794173
02_linear,Linear,Gradient Boosting Regressor,26.0,19.71882170833033,6.281178291669669
02_linear,Linear,Gradient Boosting Regressor,2.0,2.0291536737007796,-0.029153673700779592
02_linear,Linear,Gradient Boosting Regressor,2.0,4.0391705128313955,-2.0391705128313955
02_linear,Linear,Gradient Boosting Regressor,0.5,1.937726280265946,-1.437726280265946
02_linear,Linear,Gradient Boosting Regressor,4.0,2.7181764973370495,1.2818235026629505
02_linear,Linear,Gradient Boosting Regressor,1.5,2.3594175413142517,-0.8594175413142517
02_linear,Linear,Gradient Boosting Regressor,2.5,2.7181764973370495,-0.21817649733704947
02_linear,Linear,Gradient Boosting Regressor,6.5,9.778247191771062,-3.2782471917710616
02_linear,Linear,Gradient Boosting Regressor,5.0,34.186510267518145,-29.186510267518145
02_linear,Linear,Gradient Boosting Regressor,22.5,19.71882170833033,2.7811782916696686
02_linear,Linear,Gradient Boosting Regressor,2.0,2.5882832433954395,-0.5882832433954395
02_linear,Linear,Gradient Boosting Regressor,14.5,16.64314196956977,-2.1431419695697684
02_linear,Linear,Gradient Boosting Regressor,11.5,13.391630025828938,-1.8916300258289382
02_linear,Linear,Gradient Boosting Regressor,34.0,46.723981709436806,-12.723981709436806
02_linear,Linear,Gradient Boosting Regressor,2.0,2.3594175413142517,-0.35941754131425174
02_linear,Linear,Gradient Boosting Regressor,0.5,2.3879126297235773,-1.8879126297235773
02_linear,Linear,Gradient Boosting Regressor,0.5,2.2679901478794173,-1.7679901478794173
02_linear,Linear,Gradient Boosting Regressor,24.0,19.219210586286685,4.780789413713315
02_linear,Linear,Gradient Boosting Regressor,2.5,2.3594175413142517,0.14058245868574826
02_linear,Linear,Gradient Boosting Regressor,20.0,20.53247151701242,-0.5324715170124215
02_linear,Linear,Gradient Boosting Regressor,2.0,4.406237844328404,-2.4062378443284036
02_linear,Linear,Gradient Boosting Regressor,0.5,1.937726280265946,-1.437726280265946
02_linear,Linear,Gradient Boosting Regressor,5.0,7.072109380159332,-2.0721093801593318
02_linear,Linear,Gradient Boosting Regressor,11.0,11.651503265184763,-0.651503265184763
02_linear,Linear,Gradient Boosting Regressor,1.5,2.196056048117409,-0.6960560481174092
02_linear,Linear,Gradient Boosting Regressor,0.5,2.2679901478794173,-1.7679901478794173
02_linear,Linear,Gradient Boosting Regressor,10.5,7.072109380159332,3.4278906198406682
02_linear,Linear,Gradient Boosting Regressor,199.5,109.63873557850177,89.86126442149823
02_linear,Linear,Gradient Boosting Regressor,0.5,2.2679901478794173,-1.7679901478794173
02_linear,Linear,Gradient Boosting Regressor,47.5,45.06874417468418,2.431255825315823
02_linear,Linear,Gradient Boosting Regressor,0.5,1.937726280265946,-1.437726280265946
02_linear,Linear,Gradient Boosting Regressor,39.5,41.37873475195789,-1.878734751957893
02_linear,Linear,Gradient Boosting Regressor,18.5,19.904212721987165,-1.4042127219871645
02_linear,Linear,Gradient Boosting Regressor,54.5,74.83859556781495,-20.33859556781495
02_linear,Linear,Gradient Boosting Regressor,1.5,2.3594175413142517,-0.8594175413142517
02_linear,Linear,Gradient Boosting Regressor,2.0,2.0291536737007796,-0.029153673700779592
02_linear,Linear,Gradient Boosting Regressor,0.5,2.2679901478794173,-1.7679901478794173
02_linear,Linear,Gradient Boosting Regressor,8.5,8.59454166722095,-0.09454166722095003
02_linear,Linear,Gradient Boosting Regressor,1.0,1.937726280265946,-0.9377262802659461
02_linear,Linear,Gradient Boosting Regressor,22.0,19.20232688579488,2.7976731142051214
02_linear,Linear,Gradient Boosting Regressor,0.5,2.2679901478794173,-1.7679901478794173
02_linear,Linear,Gradient Boosting Regressor,14.0,12.740435131329196,1.2595648686708039
02_linear,Linear,Gradient Boosting Regressor,1.5,4.0759739767149314,-2.5759739767149314
02_linear,Linear,Gradient Boosting Regressor,29.5,21.516931661571356,7.9830683384286445
02_linear,Linear,Gradient Boosting Regressor,4.5,4.406237844328404,0.0937621556715964
02_linear,Linear,Gradient Boosting Regressor,23.0,20.53247151701242,2.4675284829875785
02_linear,Linear,Gradient Boosting Regressor,0.5,2.2679901478794173,-1.7679901478794173
02_linear,Linear,Gradient Boosting Regressor,3.5,6.7114551113742245,-3.2114551113742245
02_linear,Linear,Gradient Boosting Regressor,225.0,1715.4878755472976,-1490.4878755472976
02_linear,Linear,Gradient Boosting Regressor,27.5,18.591282117757366,8.908717882242634
02_linear,Linear,Gradient Boosting Regressor,5.0,6.413909662677575,-1.4139096626775753
02_linear,Linear,Gradient Boosting Regressor,0.5,1.937726280265946,-1.437726280265946
02_linear,Linear,Gradient Boosting Regressor,10.0,5.32514781248305,4.67485218751695
02_linear,Linear,Gradient Boosting Regressor,8.0,12.60127806203731,-4.601278062037309
02_linear,Linear,Gradient Boosting Regressor,0.5,1.937726280265946,-1.437726280265946
02_linear,Linear,Gradient Boosting Regressor,22.5,24.99569652863761,-2.495696528637609
02_linear,Linear,Gradient Boosting Regressor,19.5,20.776814625181338,-1.2768146251813377
02_linear,Linear,Gradient Boosting Regressor,1.0,1.937726280265946,-0.9377262802659461
02_linear,Linear,Gradient Boosting Regressor,2.0,2.0291536737007796,-0.029153673700779592
02_linear,Linear,Gradient Boosting Regressor,15.5,18.576445969824917,-3.076445969824917
02_linear,Linear,Gradient Boosting Regressor,1.0,2.2679901478794173,-1.2679901478794173
02_linear,Linear,Gradient Boosting Regressor,0.5,1.937726280265946,-1.437726280265946
02_linear,Linear,Gradient Boosting Regressor,6.0,5.464134865825029,0.535865134174971
02_linear,Linear,Gradient Boosting Regressor,3.0,5.219887653010496,-2.2198876530104963
02_linear,Linear,Gradient Boosting Regressor,0.5,1.937726280265946,-1.437726280265946
02_linear,Linear,Gradient Boosting Regressor,5.0,9.914372179941514,-4.914372179941514
02_linear,Linear,Gradient Boosting Regressor,1.5,2.2679901478794173,-0.7679901478794173
02_linear,Linear,Gradient Boosting Regressor,4.0,2.9930054354284747,1.0069945645715253
02_linear,Linear,Gradient Boosting Regressor,1.5,4.3520879361861855,-2.8520879361861855
02_linear,Linear,Gradient Boosting Regressor,0.5,1.937726280265946,-1.437726280265946
02_linear,Linear,Gradient Boosting Regressor,9.0,13.835178963067216,-4.835178963067216
02_linear,Linear,Gradient Boosting Regressor,1.5,2.885078871753679,-1.385078871753679
02_linear,Linear,Gradient Boosting Regressor,1.5,2.3594175413142517,-0.8594175413142517
02_linear,Linear,Gradient Boosting Regressor,34.0,17.125012498369355,16.874987501630645
02_linear,Linear,Gradient Boosting Regressor,16.0,16.64314196956977,-0.6431419695697684
02_linear,Linear,Gradient Boosting Regressor,0.5,1.937726280265946,-1.437726280265946
02_linear,Linear,Gradient Boosting Regressor,1.5,2.0291536737007796,-0.5291536737007796
02_linear,Linear,Gradient Boosting Regressor,1.0,2.5882832433954395,-1.5882832433954395
02_linear,Linear,Gradient Boosting Regressor,2.5,2.885078871753679,-0.38507887175367905
02_linear,Linear,Gradient Boosting Regressor,75.5,70.28977267273385,5.2102273272661535
02_linear,Linear,Gradient Boosting Regressor,16.5,25.709959122401205,-9.209959122401205
02_linear,Linear,Gradient Boosting Regressor,5.5,7.072109380159332,-1.5721093801593318
02_linear,Linear,Gradient Boosting Regressor,17.0,31.591522447943582,-14.591522447943582
02_linear,Linear,Gradient Boosting Regressor,0.5,2.2679901478794173,-1.7679901478794173
02_linear,Linear,Gradient Boosting Regressor,1.5,2.554815004140207,-1.054815004140207
02_linear,Linear,Gradient Boosting Regressor,6.5,5.70512718429804,0.79487281570196
02_linear,Linear,Gradient Boosting Regressor,10.5,6.433779669311947,4.066220330688053
02_linear,Linear,Gradient Boosting Regressor,1.5,2.0291536737007796,-0.5291536737007796
02_linear,Linear,Gradient Boosting Regressor,1.5,2.3594175413142517,-0.8594175413142517
02_linear,Linear,Gradient Boosting Regressor,0.5,2.2679901478794173,-1.7679901478794173
02_linear,Linear,Gradient Boosting Regressor,1.0,2.3594175413142517,-1.3594175413142517
02_linear,Linear,Gradient Boosting Regressor,0.5,2.2679901478794173,-1.7679901478794173
02_linear,Linear,Gradient Boosting Regressor,5.0,18.4041421822894,-13.404142182289402
02_linear,Linear,Gradient Boosting Regressor,0.5,2.2679901478794173,-1.7679901478794173
02_linear,Linear,Gradient Boosting Regressor,10.0,5.32514781248305,4.67485218751695
02_linear,Linear,Gradient Boosting Regressor,0.5,2.2679901478794173,-1.7679901478794173
02_linear,Linear,Gradient Boosting Regressor,7.0,4.177372142247217,2.8226278577527832
02_linear,Linear,Gradient Boosting Regressor,1.5,2.3594175413142517,-0.8594175413142517
02_linear,Linear,Gradient Boosting Regressor,0.5,2.0291536737007796,-1.5291536737007796
02_linear,Linear,Gradient Boosting Regressor,0.5,2.2679901478794173,-1.7679901478794173
02_linear,Linear,Gradient Boosting Regressor,0.5,2.2679901478794173,-1.7679901478794173
02_linear,Linear,Gradient Boosting Regressor,26.0,19.71882170833033,6.281178291669669
02_linear,Linear,Gradient Boosting Regressor,12.5,15.402405884369127,-2.902405884369127
02_linear,Linear,Gradient Boosting Regressor,0.5,2.2679901478794173,-1.7679901478794173
02_linear,Linear,Gradient Boosting Regressor,38.0,17.340503221041295,20.659496778958705
02_linear,Linear,Gradient Boosting Regressor,1.0,11.421412950212675,-10.421412950212675
02_linear,Linear,Gradient Boosting Regressor,17.0,20.093883973506458,-3.0938839735064576
02_linear,Linear,Gradient Boosting Regressor,0.5,2.2679901478794173,-1.7679901478794173
02_linear,Linear,Gradient Boosting Regressor,43.5,35.17267156883114,8.327328431168858
02_linear,Linear,Gradient Boosting Regressor,0.5,1.937726280265946,-1.437726280265946
02_linear,Linear,Gradient Boosting Regressor,7.5,4.891477375615947,2.6085226243840527
02_linear,Linear,Gradient Boosting Regressor,2.0,3.4091752816562177,-1.4091752816562177
02_linear,Linear,Gradient Boosting Regressor,1.0,2.2679901478794173,-1.2679901478794173
02_linear,Linear,Gradient Boosting Regressor,0.5,1.937726280265946,-1.437726280265946
02_linear,Linear,Gradient Boosting Regressor,4.5,14.294537514146826,-9.794537514146826
02_linear,Linear,Gradient Boosting Regressor,0.5,1.937726280265946,-1.437726280265946
02_linear,Linear,Gradient Boosting Regressor,4.5,4.0391705128313955,0.4608294871686045
02_linear,Linear,Gradient Boosting Regressor,10.5,14.588756075687034,-4.088756075687034
02_linear,Linear,Gradient Boosting Regressor,0.5,1.937726280265946,-1.437726280265946
02_linear,Linear,Gradient Boosting Regressor,7.0,27.3820774594716,-20.3820774594716
02_linear,Linear,Gradient Boosting Regressor,16.0,20.17322265784231,-4.1732226578423095
02_linear,Linear,Gradient Boosting Regressor,1.5,2.196056048117409,-0.6960560481174092
02_linear,Linear,Gradient Boosting Regressor,0.5,1.937726280265946,-1.437726280265946
02_linear,Linear,Gradient Boosting Regressor,1.5,2.3594175413142517,-0.8594175413142517
02_linear,Linear,Gradient Boosting Regressor,2981.0,2468.829596174975,512.170403825025
02_linear,Linear,Gradient Boosting Regressor,2.0,2.885078871753679,-0.885078871753679
02_linear,Linear,Gradient Boosting Regressor,0.5,2.2679901478794173,-1.7679901478794173
02_linear,Linear,Gradient Boosting Regressor,0.5,1.937726280265946,-1.437726280265946
02_linear,Linear,Gradient Boosting Regressor,16.0,17.7151901352224,-1.7151901352224002
02_linear,Linear,Gradient Boosting Regressor,7.0,4.891477375615947,2.1085226243840527
02_linear,Linear,Gradient Boosting Regressor,7.0,6.138797621165143,0.8612023788348573
02_linear,Linear,Gradient Boosting Regressor,7.5,14.195054939476968,-6.695054939476968
02_linear,Linear,Gradient Boosting Regressor,27.0,22.330581470253446,4.6694185297465545
02_linear,Linear,Gradient Boosting Regressor,1.0,1.937726280265946,-0.9377262802659461
02_linear,Linear,Gradient Boosting Regressor,0.5,1.937726280265946,-1.437726280265946
02_linear,Linear,Gradient Boosting Regressor,36.0,39.90799402672351,-3.9079940267235074
02_linear,Linear,Gradient Boosting Regressor,7.5,4.891477375615947,2.6085226243840527
02_linear,Linear,Gradient Boosting Regressor,1.0,2.616778331804765,-1.616778331804765
02_linear,Linear,Gradient Boosting Regressor,2.5,4.0391705128313955,-1.5391705128313955
02_linear,Linear,Gradient Boosting Regressor,2.5,14.240213210526889,-11.740213210526889
02_linear,Linear,Gradient Boosting Regressor,1.0,2.7836807062213946,-1.7836807062213946
02_linear,Linear,Gradient Boosting Regressor,289.0,315.86313859773,-26.86313859773003
02_linear,Linear,Gradient Boosting Regressor,0.5,3.4091752816562177,-2.9091752816562177
02_linear,Linear,Gradient Boosting Regressor,84.0,89.3325000348299,-5.332500034829906
02_linear,Linear,Gradient Boosting Regressor,11.5,16.64314196956977,-5.143141969569768
02_linear,Linear,Gradient Boosting Regressor,41.5,23.161114979427346,18.338885020572654
02_linear,Linear,Gradient Boosting Regressor,9.5,4.891477375615947,4.608522624384053
02_linear,Linear,Gradient Boosting Regressor,2.0,2.0291536737007796,-0.029153673700779592
02_linear,Linear,Gradient Boosting Regressor,7.0,4.111007136507053,2.8889928634929474
02_linear,Linear,Gradient Boosting Regressor,42.5,46.28370572686676,-3.7837057268667635
02_linear,Linear,Gradient Boosting Regressor,0.5,1.937726280265946,-1.437726280265946
02_linear,Linear,Gradient Boosting Regressor,0.5,2.2679901478794173,-1.7679901478794173
02_linear,Linear,Gradient Boosting Regressor,14.0,15.76200304436864,-1.7620030443686403
02_linear,Linear,Gradient Boosting Regressor,2.5,10.24020750718649,-7.74020750718649
02_linear,Linear,Gradient Boosting Regressor,2.5,2.9930054354284747,-0.49300543542847475
02_linear,Linear,Gradient Boosting Regressor,0.5,1.937726280265946,-1.437726280265946
02_linear,Linear,Gradient Boosting Regressor,0.5,2.2679901478794173,-1.7679901478794173
02_linear,Linear,Gradient Boosting Regressor,26.5,18.252552088942323,8.247447911057677
02_linear,Linear,Gradient Boosting Regressor,0.5,2.2679901478794173,-1.7679901478794173
02_linear,Linear,Gradient Boosting Regressor,25.0,22.330581470253446,2.6694185297465545
02_linear,Linear,Gradient Boosting Regressor,0.5,1.937726280265946,-1.437726280265946
02_linear,Linear,Gradient Boosting Regressor,1.5,2.3594175413142517,-0.8594175413142517
02_linear,Linear,Gradient Boosting Regressor,40.0,32.94288569423463,7.057114305765367
02_linear,Linear,Gradient Boosting Regressor,2.0,3.1894846491113302,-1.1894846491113302
02_linear,Linear,Gradient Boosting Regressor,0.5,2.2679901478794173,-1.7679901478794173
02_linear,Linear,Gradient Boosting Regressor,25.5,19.89127893286188,5.60872106713812
02_linear,Linear,Gradient Boosting Regressor,1.0,2.3594175413142517,-1.3594175413142517
02_linear,Linear,Gradient Boosting Regressor,2.5,4.406237844328404,-1.9062378443284036
02_linear,Linear,Gradient Boosting Regressor,1.0,2.2679901478794173,-1.2679901478794173
02_linear,Linear,Gradient Boosting Regressor,5.5,6.277784674507122,-0.7777846745071217
02_linear,Linear,Gradient Boosting Regressor,23.0,18.591282117757366,4.408717882242634
02_linear,Linear,Gradient Boosting Regressor,0.5,1.937726280265946,-1.437726280265946
02_linear,Linear,Gradient Boosting Regressor,2.5,2.0291536737007796,0.4708463262992204
02_linear,Linear,Gradient Boosting Regressor,32.5,22.88343953736507,9.61656046263493
02_linear,Linear,Gradient Boosting Regressor,17.0,25.8093463373197,-8.809346337319699
02_linear,Linear,Gradient Boosting Regressor,9.0,6.413909662677575,2.5860903373224247
02_linear,Linear,Gradient Boosting Regressor,0.5,2.2679901478794173,-1.7679901478794173
02_linear,Linear,Gradient Boosting Regressor,0.5,2.2679901478794173,-1.7679901478794173
02_linear,Linear,Gradient Boosting Regressor,20.5,17.125012498369355,3.3749875016306454
02_linear,Linear,Gradient Boosting Regressor,0.5,1.937726280265946,-1.437726280265946
02_linear,Linear,Gradient Boosting Regressor,44.5,29.57588557124086,14.92411442875914
02_linear,Linear,Gradient Boosting Regressor,1.0,2.2679901478794173,-1.2679901478794173
02_linear,Linear,Gradient Boosting Regressor,160.0,87.29943566105426,72.70056433894574
02_linear,Linear,Gradient Boosting Regressor,1.5,2.3879126297235773,-0.8879126297235773
02_linear,Linear,Gradient Boosting Regressor,21.5,16.90642633543342,4.593573664566581
02_linear,Linear,Gradient Boosting Regressor,1.0,2.2679901478794173,-1.2679901478794173
02_linear,Linear,Gradient Boosting Regressor,1.0,2.5882832433954395,-1.5882832433954395
02_linear,Linear,Gradient Boosting Regressor,43.0,29.809832950561116,13.190167049438884
02_linear,Linear,Gradient Boosting Regressor,13.0,10.728021988623608,2.271978011376392
02_linear,Linear,Gradient Boosting Regressor,0.5,1.937726280265946,-1.437726280265946
02_linear,Linear,Gradient Boosting Regressor,627.0,452.59949361447104,174.40050638552896
02_linear,Linear,Gradient Boosting Regressor,32.0,23.301251189663322,8.698748810336678
02_linear,Linear,Gradient Boosting Regressor,7.5,7.906431226644838,-0.40643122664483844
02_linear,Linear,Gradient Boosting Regressor,6.0,4.561213508002475,1.4387864919975248
02_linear,Linear,Gradient Boosting Regressor,1.0,2.554815004140207,-1.554815004140207
02_linear,Linear,Gradient Boosting Regressor,46.0,22.55674992154906,23.44325007845094
02_linear,Linear,Gradient Boosting Regressor,25.0,14.45263108751658,10.54736891248342
02_linear,Linear,Gradient Boosting Regressor,7.5,4.681052107475061,2.818947892524939
02_linear,Linear,Gradient Boosting Regressor,11.5,17.7151901352224,-6.2151901352224
02_linear,Linear,Gradient Boosting Regressor,139.0,94.62668907919385,44.37331092080615
02_linear,Linear,Gradient Boosting Regressor,0.5,1.937726280265946,-1.437726280265946
02_linear,Linear,Gradient Boosting Regressor,2.5,2.2679901478794173,0.23200985212058267
02_linear,Linear,Gradient Boosting Regressor,0.5,2.2679901478794173,-1.7679901478794173
02_linear,Linear,Gradient Boosting Regressor,299.0,436.16496492903514,-137.16496492903514
02_linear,Linear,Gradient Boosting Regressor,2.5,4.406237844328404,-1.9062378443284036
02_linear,Linear,Gradient Boosting Regressor,7.5,4.6626116735347605,2.8373883264652395
02_linear,Linear,Gradient Boosting Regressor,2.5,2.5263199157308813,-0.026319915730881327
02_linear,Linear,Gradient Boosting Regressor,5.5,6.010806276142597,-0.5108062761425973
02_linear,Linear,Gradient Boosting Regressor,68.0,47.81439121427538,20.185608785724618
02_linear,Linear,Gradient Boosting Regressor,17.5,19.89127893286188,-2.39127893286188
02_linear,Linear,Gradient Boosting Regressor,123.0,137.60748370793087,-14.607483707930868
02_linear,Linear,Gradient Boosting Regressor,10.5,13.516707910034407,-3.016707910034407
02_linear,Linear,Gradient Boosting Regressor,0.5,3.279736374652677,-2.779736374652677
02_linear,Linear,Gradient Boosting Regressor,0.5,1.937726280265946,-1.437726280265946
02_linear,Linear,Gradient Boosting Regressor,3.5,2.5882832433954395,0.9117167566045605
02_linear,Linear,Gradient Boosting Regressor,1.0,2.3594175413142517,-1.3594175413142517
02_linear,Linear,Gradient Boosting Regressor,5.5,4.891477375615947,0.6085226243840527
02_linear,Linear,Gradient Boosting Regressor,3.5,2.5882832433954395,0.9117167566045605
02_linear,Linear,Gradient Boosting Regressor,17.5,17.261137486539823,0.23886251346017673
02_linear,Linear,Gradient Boosting Regressor,11.0,9.778247191771062,1.2217528082289384
02_linear,Linear,Gradient Boosting Regressor,1.0,2.2679901478794173,-1.2679901478794173
02_linear,Linear,Gradient Boosting Regressor,10.0,20.24651965251,-10.246519652509999
02_linear,Linear,Gradient Boosting Regressor,526.0,457.77284298336406,68.22715701663594
02_linear,Linear,Gradient Boosting Regressor,9.0,10.744905689115415,-1.7449056891154147
02_linear,Linear,Gradient Boosting Regressor,1.0,2.7836807062213946,-1.7836807062213946
02_linear,Linear,Gradient Boosting Regressor,1.0,2.2679901478794173,-1.2679901478794173
02_linear,Linear,Gradient Boosting Regressor,2.0,2.5370774967778855,-0.5370774967778855
02_linear,Linear,Gradient Boosting Regressor,729.0,702.0181116236256,26.9818883763744
02_linear,Linear,Gradient Boosting Regressor,8.0,9.408191475903044,-1.4081914759030436
02_linear,Linear,Gradient Boosting Regressor,1.5,3.8471082746337437,-2.3471082746337437
02_linear,Linear,Gradient Boosting Regressor,6.0,7.175186697662817,-1.1751866976628174
02_linear,Linear,Gradient Boosting Regressor,25.5,18.029079917113275,7.470920082886725
02_linear,Linear,Gradient Boosting Regressor,8.0,10.401981899744657,-2.4019818997446567
02_linear,Linear,Gradient Boosting Regressor,6.0,8.697618984724443,-2.6976189847244427
02_linear,Linear,Gradient Boosting Regressor,27.0,19.404931926439456,7.595068073560544
02_linear,Linear,Gradient Boosting Regressor,44.0,57.47615102781261,-13.476151027812612
02_linear,Linear,Gradient Boosting Regressor,3.5,3.515074102928854,-0.015074102928854138
02_linear,Linear,Gradient Boosting Regressor,1.0,1.937726280265946,-0.9377262802659461
02_linear,Linear,Gradient Boosting Regressor,1.5,2.2679901478794173,-0.7679901478794173
02_linear,Linear,Gradient Boosting Regressor,4.0,3.113944573834867,0.8860554261651332
02_linear,Linear,Gradient Boosting Regressor,3.5,2.7181764973370495,0.7818235026629505
02_linear,Linear,Gradient Boosting Regressor,0.5,2.2679901478794173,-1.7679901478794173
02_linear,Linear,Gradient Boosting Regressor,1.0,3.05850964431282,-2.05850964431282
02_linear,Linear,Gradient Boosting Regressor,5.5,4.406237844328404,1.0937621556715964
02_linear,Linear,Gradient Boosting Regressor,0.5,1.937726280265946,-1.437726280265946
02_linear,Linear,Gradient Boosting Regressor,29.5,34.10086378166027,-4.600863781660273
02_linear,Linear,Gradient Boosting Regressor,33.0,18.576445969824917,14.423554030175083
02_linear,Linear,Gradient Boosting Regressor,21.5,21.590464433863428,-0.09046443386342773
02_linear,Linear,Gradient Boosting Regressor,6.0,4.111007136507053,1.8889928634929474
02_linear,Linear,Gradient Boosting Regressor,0.5,1.937726280265946,-1.437726280265946
02_linear,Linear,Gradient Boosting Regressor,1.0,2.616778331804765,-1.616778331804765
02_linear,Linear,Gradient Boosting Regressor,1.5,2.3594175413142517,-0.8594175413142517
02_linear,Linear,Gradient Boosting Regressor,2.0,2.885078871753679,-0.885078871753679
02_linear,Linear,Gradient Boosting Regressor,0.5,1.937726280265946,-1.437726280265946
02_linear,Linear,Gradient Boosting Regressor,1.0,1.937726280265946,-0.9377262802659461
02_linear,Linear,Gradient Boosting Regressor,25.0,19.404931926439456,5.595068073560544
02_linear,Linear,Gradient Boosting Regressor,0.5,2.2679901478794173,-1.7679901478794173
02_linear,Linear,Gradient Boosting Regressor,1.5,2.7181764973370495,-1.2181764973370495
02_linear,Linear,Gradient Boosting Regressor,2.0,2.3594175413142517,-0.35941754131425174
02_linear,Linear,Gradient Boosting Regressor,1.0,1.937726280265946,-0.9377262802659461
02_linear,Linear,Gradient Boosting Regressor,0.5,2.2679901478794173,-1.7679901478794173
02_linear,Linear,Gradient Boosting Regressor,10.0,11.787628253355216,-1.7876282533552157
02_linear,Linear,Gradient Boosting Regressor,1.0,2.7181764973370495,-1.7181764973370495
02_linear,Linear,Gradient Boosting Regressor,13.5,23.019533517320447,-9.519533517320447
02_linear,Linear,Gradient Boosting Regressor,0.5,1.937726280265946,-1.437726280265946
02_linear,Linear,Gradient Boosting Regressor,0.5,1.937726280265946,-1.437726280265946
02_linear,Linear,Gradient Boosting Regressor,1.0,2.2679901478794173,-1.2679901478794173
02_linear,Linear,Gradient Boosting Regressor,28.0,18.074787295221913,9.925212704778087
02_linear,Linear,Gradient Boosting Regressor,3.5,3.810304810750206,-0.310304810750206
02_linear,Linear,Gradient Boosting Regressor,0.5,1.937726280265946,-1.437726280265946
02_linear,Linear,Gradient Boosting Regressor,1.0,2.2679901478794173,-1.2679901478794173
02_linear,Linear,Gradient Boosting Regressor,21.5,15.120709682508132,6.3792903174918685
02_linear,Linear,Gradient Boosting Regressor,13.0,25.709959122401205,-12.709959122401205
02_linear,Linear,Gradient Boosting Regressor,14.0,7.377788472003879,6.622211527996121
02_linear,Linear,Gradient Boosting Regressor,28.5,17.261137486539823,11.238862513460177
02_linear,Linear,Gradient Boosting Regressor,0.5,1.937726280265946,-1.437726280265946
02_linear,Linear,Gradient Boosting Regressor,1.5,2.0291536737007796,-0.5291536737007796
02_linear,Linear,Gradient Boosting Regressor,8.5,5.928670131390032,2.5713298686099684
02_linear,Linear,Gradient Boosting Regressor,28.0,23.98581900500608,4.014180994993922
02_linear,Linear,Gradient Boosting Regressor,8.5,9.914372179941514,-1.4143721799415143
02_linear,Linear,Gradient Boosting Regressor,2.0,2.885078871753679,-0.885078871753679
02_linear,Linear,Gradient Boosting Regressor,0.5,2.2679901478794173,-1.7679901478794173
02_linear,Linear,Gradient Boosting Regressor,19.5,24.32021559068668,-4.820215590686679
02_linear,Linear,Gradient Boosting Regressor,1.5,2.7836807062213946,-1.2836807062213946
02_linear,Linear,Gradient Boosting Regressor,1.0,2.0291536737007796,-1.0291536737007796
02_linear,Linear,Gradient Boosting Regressor,0.5,1.937726280265946,-1.437726280265946
02_linear,Linear,Gradient Boosting Regressor,0.5,2.2679901478794173,-1.7679901478794173
02_linear,Linear,Gradient Boosting Regressor,3.0,3.113944573834867,-0.11394457383486678
02_linear,Linear,Gradient Boosting Regressor,8.0,4.6626116735347605,3.3373883264652395
02_linear,Linear,Gradient Boosting Regressor,1.5,2.3879126297235773,-0.8879126297235773
02_linear,Linear,Gradient Boosting Regressor,27.0,40.74958175279404,-13.749581752794043
02_linear,Linear,Gradient Boosting Regressor,0.5,2.2679901478794173,-1.7679901478794173
02_linear,Linear,Gradient Boosting Regressor,15.0,17.261137486539823,-2.2611374865398233
02_linear,Linear,Gradient Boosting Regressor,0.5,1.937726280265946,-1.437726280265946
02_linear,Linear,Gradient Boosting Regressor,3.5,6.586600713924284,-3.086600713924284
02_linear,Linear,Gradient Boosting Regressor,2.0,2.7836807062213946,-0.7836807062213946
02_linear,Linear,Gradient Boosting Regressor,43.5,19.62653727992489,23.87346272007511
02_linear,Linear,Gradient Boosting Regressor,1.0,2.2679901478794173,-1.2679901478794173
02_linear,Linear,Gradient Boosting Regressor,0.5,1.937726280265946,-1.437726280265946
02_linear,Linear,Gradient Boosting Regressor,0.5,1.937726280265946,-1.437726280265946
02_linear,Linear,Gradient Boosting Regressor,23.0,22.187709051765054,0.8122909482349456
02_linear,Linear,Gradient Boosting Regressor,30.5,20.62383694473415,9.876163055265849
02_linear,Linear,Gradient Boosting Regressor,1.5,2.196056048117409,-0.6960560481174092
02_linear,Linear,Gradient Boosting Regressor,1.0,3.8471082746337437,-2.8471082746337437
02_linear,Linear,Gradient Boosting Regressor,2.5,2.0291536737007796,0.4708463262992204
02_linear,Linear,Gradient Boosting Regressor,33.5,22.572612344428272,10.927387655571728
02_linear,Linear,Gradient Boosting Regressor,81.5,61.02789876358136,20.472101236418638
02_linear,Linear,Gradient Boosting Regressor,0.5,2.2679901478794173,-1.7679901478794173
02_linear,Linear,Gradient Boosting Regressor,26.5,21.20304187968048,5.29695812031952
02_linear,Linear,Gradient Boosting Regressor,0.5,1.937726280265946,-1.437726280265946
02_linear,Linear,Gradient Boosting Regressor,3.0,3.810304810750206,-0.810304810750206
02_linear,Linear,Gradient Boosting Regressor,7.0,4.406237844328404,2.5937621556715964
02_linear,Linear,Gradient Boosting Regressor,0.5,1.937726280265946,-1.437726280265946
02_linear,Linear,Gradient Boosting Regressor,1.0,2.0291536737007796,-1.0291536737007796
02_linear,Linear,Gradient Boosting Regressor,9.5,8.733278073879394,0.7667219261206064
02_linear,Linear,Gradient Boosting Regressor,28.0,25.447755181259645,2.5522448187403555
02_linear,Linear,Gradient Boosting Regressor,0.5,1.937726280265946,-1.437726280265946
02_linear,Linear,Gradient Boosting Regressor,1.0,2.2679901478794173,-1.2679901478794173
02_linear,Linear,Gradient Boosting Regressor,1.5,2.947042199418237,-1.4470421994182372
02_linear,Linear,Gradient Boosting Regressor,1.5,4.406237844328404,-2.9062378443284036
02_linear,Linear,Gradient Boosting Regressor,10.5,5.855356184942261,4.644643815057739
02_linear,Linear,Gradient Boosting Regressor,4.5,6.413909662677575,-1.9139096626775753
02_linear,Linear,Gradient Boosting Regressor,2.5,6.138797621165143,-3.6387976211651427
02_linear,Linear,Gradient Boosting Regressor,2.0,3.684004219747643,-1.684004219747643
02_linear,Linear,Gradient Boosting Regressor,0.5,2.2679901478794173,-1.7679901478794173
02_linear,Linear,Gradient Boosting Regressor,0.5,3.8157107412724915,-3.3157107412724915
02_linear,Linear,Gradient Boosting Regressor,37.5,17.340503221041295,20.159496778958705
02_linear,Linear,Gradient Boosting Regressor,26.0,22.13197724836295,3.8680227516370493
02_linear,Linear,Gradient Boosting Regressor,0.5,1.937726280265946,-1.437726280265946
02_linear,Linear,Gradient Boosting Regressor,1.0,5.235839098581408,-4.235839098581408
02_linear,Linear,Gradient Boosting Regressor,20.0,19.404931926439456,0.5950680735605438
02_linear,Linear,Gradient Boosting Regressor,0.5,1.937726280265946,-1.437726280265946
02_linear,Linear,Gradient Boosting Regressor,1.5,2.3879126297235773,-0.8879126297235773
02_linear,Linear,Gradient Boosting Regressor,30.0,22.028724653846382,7.971275346153618
02_linear,Linear,Gradient Boosting Regressor,0.5,1.937726280265946,-1.437726280265946
02_linear,Linear,Gradient Boosting Regressor,2.5,4.0391705128313955,-1.5391705128313955
02_linear,Linear,Gradient Boosting Regressor,4.5,4.406237844328404,0.0937621556715964
02_linear,Linear,Gradient Boosting Regressor,9.0,4.891477375615947,4.108522624384053
02_linear,Linear,Gradient Boosting Regressor,1.5,2.554815004140207,-1.054815004140207
02_linear,Linear,Gradient Boosting Regressor,1.5,2.7836807062213946,-1.2836807062213946
02_linear,Linear,Gradient Boosting Regressor,1.5,3.113944573834867,-1.6139445738348668
02_linear,Linear,Gradient Boosting Regressor,22.0,16.374648158936225,5.625351841063775
02_linear,Linear,Gradient Boosting Regressor,46.0,40.596946073790505,5.403053926209495
02_linear,Linear,Gradient Boosting Regressor,0.5,1.937726280265946,-1.437726280265946
02_linear,Linear,Gradient Boosting Regressor,2.5,4.406237844328404,-1.9062378443284036
02_linear,Linear,Gradient Boosting Regressor,29.5,20.53247151701242,8.967528482987579
02_linear,Linear,Gradient Boosting Regressor,164.5,105.87370246545026,58.626297534549735
02_linear,Linear,Gradient Boosting Regressor,39.0,43.28504373339439,-4.285043733394389
02_linear,Linear,Gradient Boosting Regressor,1.5,2.2679901478794173,-0.7679901478794173
02_linear,Linear,Gradient Boosting Regressor,7.0,4.978895334537485,2.0211046654625147
02_linear,Linear,Gradient Boosting Regressor,14.5,14.588756075687034,-0.08875607568703359
02_linear,Linear,Gradient Boosting Regressor,26.5,31.47129801560917,-4.971298015609172
02_linear,Linear,Gradient Boosting Regressor,0.5,1.937726280265946,-1.437726280265946
02_linear,Linear,Gradient Boosting Regressor,0.5,2.373716003581043,-1.873716003581043
02_linear,Linear,Gradient Boosting Regressor,1.0,2.2679901478794173,-1.2679901478794173
02_linear,Linear,Gradient Boosting Regressor,11.0,19.404931926439456,-8.404931926439456
02_linear,Linear,Gradient Boosting Regressor,0.5,2.2679901478794173,-1.7679901478794173
02_linear,Linear,Gradient Boosting Regressor,2.0,2.5882832433954395,-0.5882832433954395
02_linear,Linear,Gradient Boosting Regressor,0.5,1.937726280265946,-1.437726280265946
02_linear,Linear,Gradient Boosting Regressor,4.0,4.406237844328404,-0.4062378443284036
02_linear,Linear,Gradient Boosting Regressor,12.0,30.52947789338562,-18.52947789338562
02_linear,Linear,Gradient Boosting Regressor,1.0,2.2679901478794173,-1.2679901478794173
02_linear,Linear,Gradient Boosting Regressor,0.5,2.2679901478794173,-1.7679901478794173
02_linear,Linear,Gradient Boosting Regressor,26.5,14.588756075687034,11.911243924312966
02_linear,Linear,Gradient Boosting Regressor,1.0,2.7181764973370495,-1.7181764973370495
02_linear,Linear,Gradient Boosting Regressor,1.0,2.2679901478794173,-1.2679901478794173
02_linear,Linear,Gradient Boosting Regressor,1.5,2.0291536737007796,-0.5291536737007796
02_linear,Linear,Gradient Boosting Regressor,1.5,16.828700807618805,-15.328700807618805
02_linear,Linear,Gradient Boosting Regressor,1.5,2.3594175413142517,-0.8594175413142517
02_linear,Linear,Gradient Boosting Regressor,1.5,2.554815004140207,-1.054815004140207
02_linear,Linear,Gradient Boosting Regressor,3.0,2.7181764973370495,0.28182350266295053
02_linear,Linear,Gradient Boosting Regressor,13.5,15.829492160887673,-2.329492160887673
02_linear,Linear,Gradient Boosting Regressor,2.0,3.4551385176664553,-1.4551385176664553
02_linear,Linear,Gradient Boosting Regressor,2.5,4.406237844328404,-1.9062378443284036
02_linear,Linear,Gradient Boosting Regressor,1.0,2.0291536737007796,-1.0291536737007796
02_linear,Linear,Gradient Boosting Regressor,9.0,10.744905689115415,-1.7449056891154147
02_linear,Linear,Gradient Boosting Regressor,5.5,4.891477375615947,0.6085226243840527
02_linear,Linear,Gradient Boosting Regressor,0.5,1.937726280265946,-1.437726280265946
02_linear,Linear,Gradient Boosting Regressor,3.5,5.464134865825029,-1.964134865825029
02_linear,Linear,Gradient Boosting Regressor,2.5,21.669389381335034,-19.169389381335034
02_linear,Linear,Gradient Boosting Regressor,0.5,2.2679901478794173,-1.7679901478794173
02_linear,Linear,Gradient Boosting Regressor,3.0,4.406237844328404,-1.4062378443284036
02_linear,Linear,Gradient Boosting Regressor,0.5,1.937726280265946,-1.437726280265946
02_linear,Linear,Gradient Boosting Regressor,0.5,1.937726280265946,-1.437726280265946
02_linear,Linear,Gradient Boosting Regressor,4.0,4.994883944869578,-0.9948839448695779
02_linear,Linear,Gradient Boosting Regressor,1.5,3.743939805010042,-2.243939805010042
02_linear,Linear,Gradient Boosting Regressor,0.5,1.937726280265946,-1.437726280265946
02_linear,Linear,Gradient Boosting Regressor,3.0,7.400250522606377,-4.400250522606377
02_linear,Linear,Gradient Boosting Regressor,19.0,27.682709542342632,-8.682709542342632
02_linear,Linear,Gradient Boosting Regressor,0.5,2.0291536737007796,-1.5291536737007796
02_linear,Linear,Gradient Boosting Regressor,7.5,7.227559471359668,0.27244052864033197
02_linear,Linear,Gradient Boosting Regressor,1.0,2.2679901478794173,-1.2679901478794173
02_linear,Linear,Gradient Boosting Regressor,6.0,5.32514781248305,0.67485218751695
02_linear,Linear,Gradient Boosting Regressor,9.0,5.32514781248305,3.67485218751695
02_linear,Linear,Gradient Boosting Regressor,2.5,2.822417317614322,-0.32241731761432213
02_linear,Linear,Gradient Boosting Regressor,1.5,2.2679901478794173,-0.7679901478794173
02_linear,Linear,Gradient Boosting Regressor,0.5,3.279736374652677,-2.779736374652677
02_linear,Linear,Gradient Boosting Regressor,879.0,835.6145673018011,43.38543269819888
02_linear,Linear,Gradient Boosting Regressor,4.5,5.464134865825029,-0.964134865825029
02_linear,Linear,Gradient Boosting Regressor,9.0,13.426563401844795,-4.4265634018447955
02_linear,Linear,Gradient Boosting Regressor,0.5,2.2679901478794173,-1.7679901478794173
02_linear,Linear,Gradient Boosting Regressor,30.0,13.516707910034407,16.483292089965595
02_linear,Linear,Gradient Boosting Regressor,3.5,4.406237844328404,-0.9062378443284036
02_linear,Linear,Gradient Boosting Regressor,3.5,4.0391705128313955,-0.5391705128313955
02_linear,Linear,Gradient Boosting Regressor,0.5,1.937726280265946,-1.437726280265946
02_linear,Linear,Gradient Boosting Regressor,142.0,95.11886766223459,46.88113233776541
02_linear,Linear,Gradient Boosting Regressor,12.5,5.32514781248305,7.17485218751695
02_linear,Linear,Gradient Boosting Regressor,19.0,14.45263108751658,4.547368912483419
02_linear,Linear,Gradient Boosting Regressor,37.0,33.347144559949164,3.6528554400508355
02_linear,Linear,Gradient Boosting Regressor,2.0,2.885078871753679,-0.885078871753679
02_linear,Linear,Gradient Boosting Regressor,2.5,4.0391705128313955,-1.5391705128313955
02_linear,Linear,Gradient Boosting Regressor,18.5,33.57199130093028,-15.071991300930279
02_linear,Linear,Gradient Boosting Regressor,5.0,7.661229908226771,-2.6612299082267707
02_linear,Linear,Gradient Boosting Regressor,0.5,2.2679901478794173,-1.7679901478794173
02_linear,Linear,Gradient Boosting Regressor,5.0,6.413909662677575,-1.4139096626775753
02_linear,Linear,Gradient Boosting Regressor,1.0,2.0291536737007796,-1.0291536737007796
02_linear,Linear,Gradient Boosting Regressor,4.0,6.138797621165143,-2.1387976211651427
02_linear,Linear,Gradient Boosting Regressor,1.5,2.947042199418237,-1.4470421994182372
02_linear,Linear,Gradient Boosting Regressor,3.0,17.7151901352224,-14.7151901352224
02_linear,Linear,Gradient Boosting Regressor,6.0,20.53247151701242,-14.532471517012421
02_linear,Linear,Gradient Boosting Regressor,23.0,21.221423564079423,1.7785764359205771
02_linear,Linear,Gradient Boosting Regressor,4.0,3.810304810750206,0.189695189249794
02_linear,Linear,Gradient Boosting Regressor,2.5,2.3594175413142517,0.14058245868574826
02_linear,Linear,Gradient Boosting Regressor,13.0,25.8093463373197,-12.809346337319699
02_linear,Linear,Gradient Boosting Regressor,4.0,4.9422122109482185,-0.9422122109482185
02_linear,Linear,Gradient Boosting Regressor,1.0,2.0291536737007796,-1.0291536737007796
02_linear,Linear,Gradient Boosting Regressor,11.0,16.675062525610198,-5.675062525610198
02_linear,Linear,Gradient Boosting Regressor,9.0,7.440911350261747,1.5590886497382526
02_linear,Linear,Gradient Boosting Regressor,0.5,1.937726280265946,-1.437726280265946
02_linear,Linear,Gradient Boosting Regressor,0.5,3.18030957957503,-2.68030957957503
02_linear,Linear,Gradient Boosting Regressor,2.0,4.406237844328404,-2.4062378443284036
02_linear,Linear,Gradient Boosting Regressor,18.5,18.4041421822894,0.09585781771059843
02_linear,Linear,Gradient Boosting Regressor,1.5,2.373716003581043,-0.873716003581043
02_linear,Linear,Gradient Boosting Regressor,31.0,15.379108039478664,15.620891960521336
02_linear,Linear,Gradient Boosting Regressor,7.5,6.7114551113742245,0.7885448886257755
02_linear,Linear,Gradient Boosting Regressor,2.0,2.7181764973370495,-0.7181764973370495
02_linear,Linear,Gradient Boosting Regressor,1.0,2.0291536737007796,-1.0291536737007796
02_linear,Linear,Gradient Boosting Regressor,30.5,21.590464433863428,8.909535566136572
02_linear,Linear,Gradient Boosting Regressor,2.5,2.9930054354284747,-0.49300543542847475
02_linear,Linear,Gradient Boosting Regressor,3.5,8.331401130298353,-4.831401130298353
02_linear,Linear,Gradient Boosting Regressor,0.5,2.0291536737007796,-1.5291536737007796
02_linear,Linear,Gradient Boosting Regressor,13.5,11.918873480957597,1.581126519042403
02_linear,Linear,Gradient Boosting Regressor,30.0,17.261137486539823,12.738862513460177
02_linear,Linear,Gradient Boosting Regressor,25.0,66.67582867973209,-41.67582867973209
02_linear,Linear,Gradient Boosting Regressor,0.5,2.2679901478794173,-1.7679901478794173
02_linear,Linear,Gradient Boosting Regressor,23.5,16.90154032654031,6.59845967345969
02_linear,Linear,Gradient Boosting Regressor,6.5,4.406237844328404,2.0937621556715964
02_linear,Linear,Gradient Boosting Regressor,24.5,19.71882170833033,4.781178291669669
02_linear,Linear,Gradient Boosting Regressor,8.0,6.057721328217155,1.9422786717828453
02_linear,Linear,Gradient Boosting Regressor,3.5,4.406237844328404,-0.9062378443284036
02_linear,Linear,Gradient Boosting Regressor,1.0,2.424921750198597,-1.424921750198597
02_linear,Linear,Gradient Boosting Regressor,3.0,4.891477375615947,-1.8914773756159473
02_linear,Linear,Gradient Boosting Regressor,27.5,23.161114979427346,4.338885020572654
02_linear,Linear,Gradient Boosting Regressor,2.5,4.891477375615947,-2.3914773756159473
02_linear,Linear,Gradient Boosting Regressor,37.5,22.88343953736507,14.61656046263493
02_linear,Linear,Gradient Boosting Regressor,11.5,9.914372179941514,1.5856278200584857
02_linear,Linear,Gradient Boosting Regressor,0.5,1.937726280265946,-1.437726280265946
02_linear,Linear,Gradient Boosting Regressor,0.5,2.2679901478794173,-1.7679901478794173
02_linear,Linear,Gradient Boosting Regressor,5.0,7.072109380159332,-2.0721093801593318
02_linear,Linear,Gradient Boosting Regressor,9.0,7.440911350261747,1.5590886497382526
02_linear,Linear,Gradient Boosting Regressor,5.5,9.914372179941514,-4.414372179941514
02_linear,Linear,Gradient Boosting Regressor,0.5,2.2679901478794173,-1.7679901478794173
02_linear,Linear,Gradient Boosting Regressor,21.5,19.20232688579488,2.2976731142051214
02_linear,Linear,Gradient Boosting Regressor,2.5,4.0759739767149314,-1.5759739767149314
02_linear,Linear,Gradient Boosting Regressor,5.5,11.651503265184763,-6.151503265184763
02_linear,Linear,Gradient Boosting Regressor,0.5,2.0291536737007796,-1.5291536737007796
02_linear,Linear,Gradient Boosting Regressor,2.0,2.3594175413142517,-0.35941754131425174
02_linear,Linear,Gradient Boosting Regressor,1.0,2.2679901478794173,-1.2679901478794173
02_linear,Linear,Gradient Boosting Regressor,1091.0,1904.081038272824,-813.0810382728239
02_linear,Linear,Gradient Boosting Regressor,2.0,2.885078871753679,-0.885078871753679
02_linear,Linear,Gradient Boosting Regressor,5.5,7.661229908226771,-2.1612299082267707
02_linear,Linear,Gradient Boosting Regressor,5.5,6.057721328217155,-0.5577213282171547
02_linear,Linear,Gradient Boosting Regressor,0.5,2.2679901478794173,-1.7679901478794173
02_linear,Linear,Gradient Boosting Regressor,11.0,7.072109380159332,3.9278906198406682
02_linear,Linear,Gradient Boosting Regressor,80.5,64.58956766141188,15.910432338588123
02_linear,Linear,Gradient Boosting Regressor,0.5,2.2679901478794173,-1.7679901478794173
02_linear,Linear,Gradient Boosting Regressor,25.0,909.714133538443,-884.714133538443
02_linear,Linear,Gradient Boosting Regressor,9.5,6.586600713924284,2.913399286075716
02_linear,Linear,Gradient Boosting Regressor,1.0,1.937726280265946,-0.9377262802659461
02_linear,Linear,Gradient Boosting Regressor,12.5,21.89199392674748,-9.391993926747482
02_linear,Linear,Gradient Boosting Regressor,12.0,17.7151901352224,-5.7151901352224
02_linear,Linear,Gradient Boosting Regressor,42.0,27.08610901552047,14.91389098447953
02_linear,Linear,Gradient Boosting Regressor,3.5,2.885078871753679,0.614921128246321
02_linear,Linear,Gradient Boosting Regressor,51.0,54.92858340323021,-3.9285834032302134
02_linear,Linear,Gradient Boosting Regressor,5.0,6.847580099544678,-1.847580099544678
02_linear,Linear,Gradient Boosting Regressor,0.5,2.0291536737007796,-1.5291536737007796
02_linear,Linear,Gradient Boosting Regressor,429.0,463.17347352367824,-34.17347352367824
02_linear,Linear,Gradient Boosting Regressor,8.5,29.57588557124086,-21.07588557124086
02_linear,Linear,Gradient Boosting Regressor,3.0,3.810304810750206,-0.810304810750206
02_linear,Linear,Gradient Boosting Regressor,4.0,3.113944573834867,0.8860554261651332
02_linear,Linear,Gradient Boosting Regressor,1.5,2.2679901478794173,-0.7679901478794173
02_linear,Linear,Gradient Boosting Regressor,3.0,4.406237844328404,-1.4062378443284036
02_linear,Linear,Gradient Boosting Regressor,2.5,4.406237844328404,-1.9062378443284036
02_linear,Linear,Gradient Boosting Regressor,0.5,1.937726280265946,-1.437726280265946
02_linear,Linear,Gradient Boosting Regressor,8.5,14.195054939476968,-5.695054939476968
02_linear,Linear,Gradient Boosting Regressor,0.5,1.937726280265946,-1.437726280265946
02_linear,Linear,Gradient Boosting Regressor,1.5,2.2679901478794173,-0.7679901478794173
02_linear,Linear,Gradient Boosting Regressor,1.5,2.2679901478794173,-0.7679901478794173
02_linear,Linear,Gradient Boosting Regressor,1.0,2.7944968433651316,-1.7944968433651316
02_linear,Linear,Gradient Boosting Regressor,3.0,2.7181764973370495,0.28182350266295053
02_linear,Linear,Gradient Boosting Regressor,0.5,1.937726280265946,-1.437726280265946
02_linear,Linear,Gradient Boosting Regressor,17.5,18.074787295221913,-0.5747872952219133
02_linear,Linear,Gradient Boosting Regressor,0.5,2.2679901478794173,-1.7679901478794173
02_linear,Linear,Gradient Boosting Regressor,22.0,12.859676419007842,9.140323580992158
02_linear,Linear,Gradient Boosting Regressor,0.5,2.2679901478794173,-1.7679901478794173
02_linear,Linear,Gradient Boosting Regressor,3.5,4.0391705128313955,-0.5391705128313955
02_linear,Linear,Gradient Boosting Regressor,12.5,31.783746293962455,-19.283746293962455
02_linear,Linear,Gradient Boosting Regressor,1.0,2.554815004140207,-1.554815004140207
02_linear,Linear,Gradient Boosting Regressor,0.5,2.2679901478794173,-1.7679901478794173
02_linear,Linear,Gradient Boosting Regressor,130.0,100.1969910918647,29.803008908135297
02_linear,Linear,Gradient Boosting Regressor,5.5,4.891477375615947,0.6085226243840527
02_linear,Linear,Gradient Boosting Regressor,4.5,5.32514781248305,-0.82514781248305
02_linear,Linear,Gradient Boosting Regressor,2892.0,2182.720496283726,709.2795037162741
02_linear,Linear,Gradient Boosting Regressor,0.5,2.2679901478794173,-1.7679901478794173
02_linear,Linear,Gradient Boosting Regressor,11.5,9.222473402053787,2.2775265979462134
02_linear,Linear,Gradient Boosting Regressor,0.5,1.937726280265946,-1.437726280265946
02_linear,Linear,Gradient Boosting Regressor,30.5,14.588756075687034,15.911243924312966
02_linear,Linear,Gradient Boosting Regressor,1.5,2.3594175413142517,-0.8594175413142517
02_linear,Linear,Gradient Boosting Regressor,5.0,10.508280566860723,-5.508280566860723
02_linear,Linear,Gradient Boosting Regressor,1.5,2.3594175413142517,-0.8594175413142517
02_linear,Linear,Gradient Boosting Regressor,3.5,22.9889640369359,-19.4889640369359
02_linear,Linear,Gradient Boosting Regressor,186.0,156.42936129223136,29.570638707768637
02_linear,Linear,Gradient Boosting Regressor,1.0,2.2679901478794173,-1.2679901478794173
02_linear,Linear,Gradient Boosting Regressor,11.0,8.614082422105183,2.3859175778948174
02_linear,Linear,Gradient Boosting Regressor,0.5,1.937726280265946,-1.437726280265946
02_linear,Linear,Gradient Boosting Regressor,13.0,17.7151901352224,-4.7151901352224
02_linear,Linear,Gradient Boosting Regressor,4.0,15.417695112575279,-11.417695112575279
02_linear,Linear,Gradient Boosting Regressor,27.5,18.591282117757366,8.908717882242634
02_linear,Linear,Gradient Boosting Regressor,2.0,4.0759739767149314,-2.0759739767149314
02_linear,Linear,Gradient Boosting Regressor,4.0,10.24020750718649,-6.24020750718649
02_linear,Linear,Gradient Boosting Regressor,1.0,2.196056048117409,-1.1960560481174092
02_linear,Linear,Gradient Boosting Regressor,2.5,3.7089066452179225,-1.2089066452179225
02_linear,Linear,Gradient Boosting Regressor,1.0,2.2679901478794173,-1.2679901478794173
02_linear,Linear,Gradient Boosting Regressor,27.0,25.893608978528377,1.106391021471623
02_linear,Linear,Gradient Boosting Regressor,1.5,2.5882832433954395,-1.0882832433954395
02_linear,Linear,Gradient Boosting Regressor,3.0,2.0291536737007796,0.9708463262992204
02_linear,Linear,Gradient Boosting Regressor,0.5,1.937726280265946,-1.437726280265946
02_linear,Linear,Gradient Boosting Regressor,42.5,47.40187953960717,-4.901879539607172
02_linear,Linear,Gradient Boosting Regressor,2.0,3.113944573834867,-1.1139445738348668
02_linear,Linear,Gradient Boosting Regressor,0.5,2.2679901478794173,-1.7679901478794173
02_linear,Linear,Gradient Boosting Regressor,4.5,9.591346863929903,-5.091346863929903
02_linear,Linear,Gradient Boosting Regressor,9.0,7.747844187871896,1.2521558121281036
02_linear,Linear,Gradient Boosting Regressor,0.5,2.2679901478794173,-1.7679901478794173
02_linear,Linear,Gradient Boosting Regressor,0.5,1.937726280265946,-1.437726280265946
02_linear,Linear,Gradient Boosting Regressor,5.0,10.24020750718649,-5.24020750718649
02_linear,Linear,Gradient Boosting Regressor,0.5,1.937726280265946,-1.437726280265946
02_linear,Linear,Gradient Boosting Regressor,13.0,17.18829796761832,-4.188297967618318
02_linear,Linear,Gradient Boosting Regressor,1.0,2.2679901478794173,-1.2679901478794173
02_linear,Linear,Gradient Boosting Regressor,0.5,1.937726280265946,-1.437726280265946
02_linear,Linear,Gradient Boosting Regressor,9.5,14.726725116598368,-5.226725116598368
02_linear,Linear,Gradient Boosting Regressor,22.5,25.8093463373197,-3.309346337319699
02_linear,Linear,Gradient Boosting Regressor,3.0,3.743939805010042,-0.7439398050100419
02_linear,Linear,Gradient Boosting Regressor,3.5,4.406237844328404,-0.9062378443284036
02_linear,Linear,Gradient Boosting Regressor,1.0,2.2679901478794173,-1.2679901478794173
02_linear,Linear,Gradient Boosting Regressor,2.0,2.554815004140207,-0.5548150041402069
02_linear,Linear,Gradient Boosting Regressor,0.5,1.937726280265946,-1.437726280265946
02_linear,Linear,Gradient Boosting Regressor,3.0,2.885078871753679,0.11492112824632095
02_linear,Linear,Gradient Boosting Regressor,3.5,15.10818732282892,-11.60818732282892
02_linear,Linear,Gradient Boosting Regressor,13.5,11.787628253355216,1.7123717466447843
02_linear,Linear,Gradient Boosting Regressor,22.5,19.404931926439456,3.095068073560544
02_linear,Linear,Gradient Boosting Regressor,1.5,1.937726280265946,-0.43772628026594607
02_linear,Linear,Gradient Boosting Regressor,1.0,2.3594175413142517,-1.3594175413142517
02_linear,Linear,Gradient Boosting Regressor,2.0,2.0291536737007796,-0.029153673700779592
02_linear,Linear,Gradient Boosting Regressor,1.0,1.937726280265946,-0.9377262802659461
02_linear,Linear,Gradient Boosting Regressor,23.5,13.638981278834487,9.861018721165513
02_linear,Linear,Gradient Boosting Regressor,1.0,2.2679901478794173,-1.2679901478794173
02_linear,Linear,Gradient Boosting Regressor,0.5,1.937726280265946,-1.437726280265946
02_linear,Linear,Gradient Boosting Regressor,25.5,18.074787295221913,7.425212704778087
02_linear,Linear,Gradient Boosting Regressor,26.0,19.71882170833033,6.281178291669669
02_linear,Linear,Gradient Boosting Regressor,0.5,2.2679901478794173,-1.7679901478794173
02_linear,Linear,Gradient Boosting Regressor,25.0,26.540492631575106,-1.5404926315751055
02_linear,Linear,Gradient Boosting Regressor,8.0,8.007583737917706,-0.007583737917705946
02_linear,Linear,Gradient Boosting Regressor,1.0,2.2679901478794173,-1.2679901478794173
02_linear,Linear,Gradient Boosting Regressor,22.0,18.38867707711279,3.6113229228872115
02_linear,Linear,Gradient Boosting Regressor,1.0,2.3594175413142517,-1.3594175413142517
02_linear,Linear,Gradient Boosting Regressor,18.5,17.7151901352224,0.7848098647775998
02_linear,Linear,Gradient Boosting Regressor,0.5,2.2679901478794173,-1.7679901478794173
02_linear,Linear,Gradient Boosting Regressor,2.0,3.743939805010042,-1.7439398050100419
02_linear,Linear,Gradient Boosting Regressor,6.0,4.561213508002475,1.4387864919975248
02_linear,Linear,Gradient Boosting Regressor,7.0,7.747844187871896,-0.7478441878718964
02_linear,Linear,Gradient Boosting Regressor,0.5,2.2679901478794173,-1.7679901478794173
02_linear,Linear,Gradient Boosting Regressor,1.0,2.2679901478794173,-1.2679901478794173
02_linear,Linear,Gradient Boosting Regressor,12.0,11.039950743982123,0.9600492560178768
02_linear,Linear,Gradient Boosting Regressor,0.5,2.2679901478794173,-1.7679901478794173
02_linear,Linear,Gradient Boosting Regressor,1.5,1.937726280265946,-0.43772628026594607
02_linear,Linear,Gradient Boosting Regressor,0.5,1.937726280265946,-1.437726280265946
02_linear,Linear,Gradient Boosting Regressor,0.5,2.2679901478794173,-1.7679901478794173
02_linear,Linear,Gradient Boosting Regressor,2.0,2.2679901478794173,-0.26799014787941733
02_linear,Linear,Gradient Boosting Regressor,6.5,4.891477375615947,1.6085226243840527
02_linear,Linear,Gradient Boosting Regressor,28.0,27.464583872072332,0.5354161279276681
02_linear,Linear,Gradient Boosting Regressor,1.0,1.937726280265946,-0.9377262802659461
02_linear,Linear,Gradient Boosting Regressor,13.0,18.4041421822894,-5.404142182289402
02_linear,Linear,Gradient Boosting Regressor,14.5,22.330581470253446,-7.8305814702534455
02_linear,Linear,Gradient Boosting Regressor,0.5,2.2679901478794173,-1.7679901478794173
02_linear,Linear,Gradient Boosting Regressor,43.0,38.4505307789597,4.549469221040297
02_linear,Linear,Gradient Boosting Regressor,9.5,10.448059457735972,-0.9480594577359724
02_linear,Linear,Gradient Boosting Regressor,14.0,18.591282117757366,-4.591282117757366
02_linear,Linear,Gradient Boosting Regressor,1.5,2.885078871753679,-1.385078871753679
02_linear,Linear,Gradient Boosting Regressor,1.0,2.2679901478794173,-1.2679901478794173
02_linear,Linear,Gradient Boosting Regressor,5.0,5.897805302692132,-0.8978053026921318
02_linear,Linear,Gradient Boosting Regressor,1.5,2.5263199157308813,-1.0263199157308813
02_linear,Linear,Gradient Boosting Regressor,1.0,2.0291536737007796,-1.0291536737007796
02_linear,Linear,Gradient Boosting Regressor,0.5,2.2679901478794173,-1.7679901478794173
02_linear,Linear,Gradient Boosting Regressor,3.0,3.515074102928854,-0.5150741029288541
02_linear,Linear,Gradient Boosting Regressor,12.5,6.847580099544678,5.652419900455322
02_linear,Linear,Gradient Boosting Regressor,43.0,40.89288291953073,2.1071170804692727
02_linear,Linear,Gradient Boosting Regressor,1.5,2.554815004140207,-1.054815004140207
02_linear,Linear,Gradient Boosting Regressor,9.5,10.98642034559414,-1.4864203455941407
02_linear,Linear,Gradient Boosting Regressor,2.0,3.684004219747643,-1.684004219747643
02_linear,Linear,Gradient Boosting Regressor,45.0,33.652981204515484,11.347018795484516
02_linear,Linear,Gradient Boosting Regressor,3.5,3.810304810750206,-0.310304810750206
02_linear,Linear,Gradient Boosting Regressor,2.0,6.033025869405144,-4.033025869405144
02_linear,Linear,Gradient Boosting Regressor,734.0,411.40983410973735,322.59016589026265
02_linear,Linear,Gradient Boosting Regressor,3.5,4.406237844328404,-0.9062378443284036
02_linear,Linear,Gradient Boosting Regressor,7.0,8.458416679050506,-1.4584166790505062
02_linear,Linear,Gradient Boosting Regressor,1.0,2.2679901478794173,-1.2679901478794173
02_linear,Linear,Gradient Boosting Regressor,86.5,90.48271732925372,-3.982717329253717
02_linear,Linear,Gradient Boosting Regressor,0.5,2.2679901478794173,-1.7679901478794173
02_linear,Linear,Gradient Boosting Regressor,0.5,2.2679901478794173,-1.7679901478794173
02_linear,Linear,Gradient Boosting Regressor,8.0,5.861122179102865,2.138877820897135
02_linear,Linear,Gradient Boosting Regressor,0.5,2.2679901478794173,-1.7679901478794173
02_linear,Linear,Gradient Boosting Regressor,8.5,5.70512718429804,2.79487281570196
02_linear,Linear,Gradient Boosting Regressor,1.5,2.3594175413142517,-0.8594175413142517
02_linear,Linear,Gradient Boosting Regressor,0.5,2.2679901478794173,-1.7679901478794173
02_linear,Linear,Gradient Boosting Regressor,4.0,2.7181764973370495,1.2818235026629505
02_linear,Linear,Gradient Boosting Regressor,19.0,10.039762264221492,8.960237735778508
02_linear,Linear,Gradient Boosting Regressor,2.0,3.113944573834867,-1.1139445738348668
02_linear,Linear,Gradient Boosting Regressor,7.5,9.914372179941514,-2.4143721799415143
02_linear,Linear,Gradient Boosting Regressor,2.5,3.810304810750206,-1.310304810750206
02_linear,Linear,Gradient Boosting Regressor,17.5,8.59454166722095,8.90545833277905
02_linear,Linear,Gradient Boosting Regressor,2.0,4.0391705128313955,-2.0391705128313955
02_linear,Linear,Gradient Boosting Regressor,4.0,4.6626116735347605,-0.6626116735347605
02_linear,Linear,Gradient Boosting Regressor,8.0,7.072109380159332,0.9278906198406682
02_linear,Linear,Gradient Boosting Regressor,62.0,45.89927768385808,16.10072231614192
02_linear,Linear,Gradient Boosting Regressor,23.0,21.20304187968048,1.7969581203195197
02_linear,Linear,Gradient Boosting Regressor,0.5,2.2679901478794173,-1.7679901478794173
02_linear,Linear,Gradient Boosting Regressor,487.0,385.6184118473216,101.38158815267838
02_linear,Linear,Gradient Boosting Regressor,7.0,4.406237844328404,2.5937621556715964
02_linear,Linear,Gradient Boosting Regressor,10.5,5.897805302692132,4.602194697307868
02_linear,Linear,Gradient Boosting Regressor,50.0,24.36867474510994,25.63132525489006
02_linear,Linear,Gradient Boosting Regressor,81.0,99.76667997079888,-18.766679970798876
02_linear,Linear,Gradient Boosting Regressor,5.5,5.077915179781858,0.4220848202181422
02_linear,Linear,Gradient Boosting Regressor,0.5,2.2679901478794173,-1.7679901478794173
02_linear,Linear,Gradient Boosting Regressor,5.5,5.897805302692132,-0.39780530269213177
02_linear,Linear,Gradient Boosting Regressor,0.5,2.2679901478794173,-1.7679901478794173
02_linear,Linear,Gradient Boosting Regressor,13.0,19.404931926439456,-6.404931926439456
02_linear,Linear,Gradient Boosting Regressor,1.5,2.2679901478794173,-0.7679901478794173
02_linear,Linear,Gradient Boosting Regressor,5.5,4.924656945189145,0.5753430548108547
02_linear,Linear,Gradient Boosting Regressor,2.0,2.3879126297235773,-0.3879126297235773
02_linear,Linear,Gradient Boosting Regressor,3.0,2.3594175413142517,0.6405824586857483
02_linear,Linear,Gradient Boosting Regressor,0.5,2.2679901478794173,-1.7679901478794173
02_linear,Linear,Gradient Boosting Regressor,1.0,2.2679901478794173,-1.2679901478794173
02_linear,Linear,Gradient Boosting Regressor,1.5,2.3879126297235773,-0.8879126297235773
02_linear,Linear,Gradient Boosting Regressor,2.0,2.196056048117409,-0.19605604811740918
02_linear,Linear,Gradient Boosting Regressor,0.5,1.937726280265946,-1.437726280265946
02_linear,Linear,Gradient Boosting Regressor,0.5,9.027882852337914,-8.527882852337914
02_linear,Linear,Gradient Boosting Regressor,11.5,5.32514781248305,6.17485218751695
02_linear,Linear,Gradient Boosting Regressor,12.5,13.440469973731256,-0.9404699737312558
02_linear,Linear,Gradient Boosting Regressor,20.0,18.074787295221913,1.9252127047780867
02_linear,Linear,Gradient Boosting Regressor,22.0,19.404931926439456,2.595068073560544
02_linear,Linear,Gradient Boosting Regressor,1.0,2.5263199157308813,-1.5263199157308813
02_linear,Linear,Gradient Boosting Regressor,357.0,382.731387921796,-25.731387921796
02_linear,Linear,Gradient Boosting Regressor,0.5,1.937726280265946,-1.437726280265946
02_linear,Linear,Gradient Boosting Regressor,2.0,4.177372142247217,-2.1773721422472168
02_linear,Linear,Gradient Boosting Regressor,2.0,2.3879126297235773,-0.3879126297235773
02_linear,Linear,Gradient Boosting Regressor,0.5,1.937726280265946,-1.437726280265946
02_linear,Linear,Gradient Boosting Regressor,0.5,1.937726280265946,-1.437726280265946
02_linear,Linear,Gradient Boosting Regressor,13.0,6.847580099544678,6.152419900455322
02_linear,Linear,Gradient Boosting Regressor,1.5,2.0291536737007796,-0.5291536737007796
02_linear,Linear,Gradient Boosting Regressor,1.0,2.2679901478794173,-1.2679901478794173
02_linear,Linear,Gradient Boosting Regressor,0.5,1.937726280265946,-1.437726280265946
02_linear,Linear,Gradient Boosting Regressor,11.5,5.70512718429804,5.79487281570196
02_linear,Linear,Gradient Boosting Regressor,1.0,2.3594175413142517,-1.3594175413142517
02_linear,Linear,Gradient Boosting Regressor,6.5,14.994798176272601,-8.494798176272601
02_linear,Linear,Gradient Boosting Regressor,0.5,1.937726280265946,-1.437726280265946
02_linear,Linear,Gradient Boosting Regressor,1.5,2.3879126297235773,-0.8879126297235773
02_linear,Linear,Gradient Boosting Regressor,2.5,11.247802694531606,-8.747802694531606
02_linear,Linear,Gradient Boosting Regressor,0.5,2.2679901478794173,-1.7679901478794173
02_linear,Linear,Gradient Boosting Regressor,5.0,14.195054939476968,-9.195054939476968
02_linear,Linear,Gradient Boosting Regressor,19.0,25.8093463373197,-6.809346337319699
02_linear,Linear,Gradient Boosting Regressor,0.5,2.2679901478794173,-1.7679901478794173
02_linear,Linear,Gradient Boosting Regressor,252.0,251.19394822076137,0.8060517792386293
02_linear,Linear,Gradient Boosting Regressor,0.5,2.2679901478794173,-1.7679901478794173
02_linear,Linear,Gradient Boosting Regressor,8.5,14.222163535002839,-5.722163535002839
02_linear,Linear,Gradient Boosting Regressor,806.0,465.9507322871262,340.0492677128738
02_linear,Linear,Gradient Boosting Regressor,1.5,2.7181764973370495,-1.2181764973370495
02_linear,Linear,Gradient Boosting Regressor,2.0,2.3594175413142517,-0.35941754131425174
02_linear,Linear,Gradient Boosting Regressor,1.0,2.616778331804765,-1.616778331804765
02_linear,Linear,Gradient Boosting Regressor,23.0,18.591282117757366,4.408717882242634
02_linear,Linear,Gradient Boosting Regressor,1.0,2.2679901478794173,-1.2679901478794173
02_linear,Linear,Gradient Boosting Regressor,1.0,2.2679901478794173,-1.2679901478794173
02_linear,Linear,Gradient Boosting Regressor,1.5,2.2580193757819673,-0.7580193757819673
02_linear,Linear,Gradient Boosting Regressor,2.0,3.4091752816562177,-1.4091752816562177
02_linear,Linear,Gradient Boosting Regressor,8.0,5.32514781248305,2.67485218751695
02_linear,Linear,Gradient Boosting Regressor,1.0,1.937726280265946,-0.9377262802659461
02_linear,Linear,Gradient Boosting Regressor,22.0,25.8093463373197,-3.809346337319699
02_linear,Linear,Gradient Boosting Regressor,4.5,3.743939805010042,0.7560601949899581
02_linear,Linear,Gradient Boosting Regressor,5.0,4.978895334537485,0.02110466546251466
02_linear,Linear,Gradient Boosting Regressor,0.5,2.2679901478794173,-1.7679901478794173
02_linear,Linear,Gradient Boosting Regressor,1.0,2.2679901478794173,-1.2679901478794173
02_linear,Linear,Gradient Boosting Regressor,0.5,1.937726280265946,-1.437726280265946
02_linear,Linear,Gradient Boosting Regressor,6.5,9.463988058532513,-2.9639880585325127
02_linear,Linear,Gradient Boosting Regressor,0.5,2.2679901478794173,-1.7679901478794173
02_linear,Linear,Gradient Boosting Regressor,1.0,2.3594175413142517,-1.3594175413142517
02_linear,Linear,Gradient Boosting Regressor,8.5,6.138797621165143,2.3612023788348573
02_linear,Linear,Gradient Boosting Regressor,39.5,39.90799402672351,-0.4079940267235074
02_linear,Linear,Gradient Boosting Regressor,33.5,25.384902937880884,8.115097062119116
02_linear,Linear,Gradient Boosting Regressor,2.0,2.0291536737007796,-0.029153673700779592
02_linear,Linear,Gradient Boosting Regressor,53.0,49.92845081532801,3.071549184671987
02_linear,Linear,Gradient Boosting Regressor,1.5,2.2679901478794173,-0.7679901478794173
02_linear,Linear,Gradient Boosting Regressor,24.0,20.53247151701242,3.4675284829875785
02_linear,Linear,Gradient Boosting Regressor,0.5,2.2679901478794173,-1.7679901478794173
02_linear,Linear,Gradient Boosting Regressor,1.5,2.2679901478794173,-0.7679901478794173
02_linear,Linear,Gradient Boosting Regressor,11.5,10.98642034559414,0.5135796544058593
02_linear,Linear,Gradient Boosting Regressor,2832.0,2514.0964676576004,317.90353234239956
02_linear,Linear,Gradient Boosting Regressor,4.0,2.3594175413142517,1.6405824586857483
02_linear,Linear,Gradient Boosting Regressor,1.5,2.3594175413142517,-0.8594175413142517
02_linear,Linear,Gradient Boosting Regressor,0.5,2.2679901478794173,-1.7679901478794173
02_linear,Linear,Gradient Boosting Regressor,1.0,1.937726280265946,-0.9377262802659461
02_linear,Linear,Gradient Boosting Regressor,44.5,34.91283263830044,9.587167361699557
02_linear,Linear,Gradient Boosting Regressor,18.5,25.19384494353835,-6.693844943538348
02_linear,Linear,Gradient Boosting Regressor,28.0,24.76018432554866,3.2398156744513393
02_linear,Linear,Gradient Boosting Regressor,0.5,2.2679901478794173,-1.7679901478794173
02_linear,Linear,Gradient Boosting Regressor,15.0,16.90154032654031,-1.9015403265403101
02_linear,Linear,Gradient Boosting Regressor,4.0,3.113944573834867,0.8860554261651332
02_linear,Linear,Gradient Boosting Regressor,1.5,4.0759739767149314,-2.5759739767149314
02_linear,Linear,Gradient Boosting Regressor,1.0,2.2580193757819673,-1.2580193757819673
02_linear,Linear,Gradient Boosting Regressor,1.0,2.7836807062213946,-1.7836807062213946
02_linear,Linear,Gradient Boosting Regressor,80.0,93.66040359150821,-13.660403591508214
02_linear,Linear,Gradient Boosting Regressor,1.5,2.5263199157308813,-1.0263199157308813
02_linear,Linear,Gradient Boosting Regressor,0.5,1.937726280265946,-1.437726280265946
02_linear,Linear,Gradient Boosting Regressor,3.0,2.9930054354284747,0.0069945645715252525
02_linear,Linear,Gradient Boosting Regressor,0.5,1.937726280265946,-1.437726280265946
02_linear,Linear,Gradient Boosting Regressor,11.0,11.247802694531606,-0.24780269453160564
02_linear,Linear,Gradient Boosting Regressor,5.5,10.450754804342614,-4.950754804342614
02_linear,Linear,Gradient Boosting Regressor,2.5,3.113944573834867,-0.6139445738348668
02_linear,Linear,Gradient Boosting Regressor,3.5,5.133870998211557,-1.633870998211557
02_linear,Linear,Gradient Boosting Regressor,543.0,414.45976902024245,128.54023097975755
02_linear,Linear,Gradient Boosting Regressor,545.0,396.3390638883368,148.6609361116632
02_linear,Linear,Gradient Boosting Regressor,10.0,21.669389381335034,-11.669389381335034
02_linear,Linear,Gradient Boosting Regressor,21.5,19.20232688579488,2.2976731142051214
02_linear,Linear,Gradient Boosting Regressor,0.5,2.0291536737007796,-1.5291536737007796
02_linear,Linear,Gradient Boosting Regressor,5.5,4.891477375615947,0.6085226243840527
02_linear,Linear,Gradient Boosting Regressor,0.5,1.937726280265946,-1.437726280265946
02_linear,Linear,Gradient Boosting Regressor,46.0,34.75712069956172,11.242879300438283
02_linear,Linear,Gradient Boosting Regressor,1.5,2.2679901478794173,-0.7679901478794173
02_linear,Linear,Gradient Boosting Regressor,1.0,2.2679901478794173,-1.2679901478794173
02_linear,Linear,Gradient Boosting Regressor,5.5,6.138797621165143,-0.6387976211651427
02_linear,Linear,Gradient Boosting Regressor,11.5,15.172460669861099,-3.672460669861099
02_linear,Linear,Gradient Boosting Regressor,6.0,9.290432710333938,-3.2904327103339384
02_linear,Linear,Gradient Boosting Regressor,1346.0,1371.5743529916333,-25.574352991633305
02_linear,Linear,Gradient Boosting Regressor,0.5,2.2679901478794173,-1.7679901478794173
02_linear,Linear,Gradient Boosting Regressor,0.5,2.2679901478794173,-1.7679901478794173
02_linear,Linear,Gradient Boosting Regressor,2.0,2.0291536737007796,-0.029153673700779592
02_linear,Linear,Gradient Boosting Regressor,0.5,1.937726280265946,-1.437726280265946
02_linear,Linear,Gradient Boosting Regressor,1.5,2.0291536737007796,-0.5291536737007796
02_linear,Linear,Gradient Boosting Regressor,19.5,20.38939207099839,-0.8893920709983902
02_linear,Linear,Gradient Boosting Regressor,0.5,2.2679901478794173,-1.7679901478794173
02_linear,Linear,Gradient Boosting Regressor,1.0,2.0291536737007796,-1.0291536737007796
02_linear,Linear,Gradient Boosting Regressor,19.0,18.074787295221913,0.9252127047780867
02_linear,Linear,Gradient Boosting Regressor,7.5,11.039950743982123,-3.539950743982123
02_linear,Linear,Gradient Boosting Regressor,1.0,2.2679901478794173,-1.2679901478794173
02_linear,Linear,Gradient Boosting Regressor,0.5,2.2679901478794173,-1.7679901478794173
02_linear,Linear,Gradient Boosting Regressor,0.5,2.2679901478794173,-1.7679901478794173
02_linear,Linear,Gradient Boosting Regressor,1.5,2.885078871753679,-1.385078871753679
02_linear,Linear,Gradient Boosting Regressor,1.0,2.755185617812069,-1.755185617812069
02_linear,Linear,Gradient Boosting Regressor,0.5,1.937726280265946,-1.437726280265946
02_linear,Linear,Gradient Boosting Regressor,3.5,4.891477375615947,-1.3914773756159473
02_linear,Linear,Gradient Boosting Regressor,1.5,3.4091752816562177,-1.9091752816562177
02_linear,Linear,Gradient Boosting Regressor,43.5,43.1671817314573,0.33281826854270236
02_linear,Linear,Gradient Boosting Regressor,2.0,2.9930054354284747,-0.9930054354284747
02_linear,Linear,Gradient Boosting Regressor,1.5,2.3879126297235773,-0.8879126297235773
02_linear,Linear,Gradient Boosting Regressor,1.0,2.0291536737007796,-1.0291536737007796
02_linear,Linear,Gradient Boosting Regressor,0.5,2.2679901478794173,-1.7679901478794173
02_linear,Linear,Gradient Boosting Regressor,0.5,2.2679901478794173,-1.7679901478794173
02_linear,Linear,Gradient Boosting Regressor,0.5,2.2679901478794173,-1.7679901478794173
02_linear,Linear,Gradient Boosting Regressor,2.5,2.885078871753679,-0.38507887175367905
02_linear,Linear,Gradient Boosting Regressor,0.5,1.937726280265946,-1.437726280265946
02_linear,Linear,Gradient Boosting Regressor,1.5,3.8471082746337437,-2.3471082746337437
02_linear,Linear,Gradient Boosting Regressor,0.5,2.2679901478794173,-1.7679901478794173
02_linear,Linear,Gradient Boosting Regressor,1.5,2.3594175413142517,-0.8594175413142517
02_linear,Linear,Gradient Boosting Regressor,86.5,63.887295471582455,22.612704528417545
02_linear,Linear,Gradient Boosting Regressor,3.5,5.464134865825029,-1.964134865825029
02_linear,Linear,Gradient Boosting Regressor,20.5,75.02076973566447,-54.52076973566447
02_linear,Linear,Gradient Boosting Regressor,13.5,9.778247191771062,3.7217528082289384
02_linear,Linear,Gradient Boosting Regressor,0.5,1.937726280265946,-1.437726280265946
02_linear,Linear,Gradient Boosting Regressor,0.5,1.937726280265946,-1.437726280265946
02_linear,Linear,Gradient Boosting Regressor,11.5,17.82701512711277,-6.3270151271127695
02_linear,Linear,Gradient Boosting Regressor,3.5,4.406237844328404,-0.9062378443284036
02_linear,Linear,Gradient Boosting Regressor,6.5,11.927428959673627,-5.427428959673627
02_linear,Linear,Gradient Boosting Regressor,0.5,1.937726280265946,-1.437726280265946
02_linear,Linear,Gradient Boosting Regressor,3.5,3.113944573834867,0.3860554261651332
02_linear,Linear,Gradient Boosting Regressor,0.5,1.937726280265946,-1.437726280265946
