notebook,family,model,y_true,y_pred,residual
02_linear,Linear,XGBoost Regressor,1.0,0.8328663,0.16713368892669678
02_linear,Linear,XGBoost Regressor,3.5,3.95787,-0.4578700065612793
02_linear,Linear,XGBoost Regressor,1.5,1.3913894,0.10861063003540039
02_linear,Linear,XGBoost Regressor,11.5,5.692295,5.807704925537109
02_linear,Linear,XGBoost Regressor,3.0,2.2109644,0.7890355587005615
02_linear,Linear,XGBoost Regressor,3.0,1.3917837,1.6082162857055664
02_linear,Linear,XGBoost Regressor,0.5,0.5744457,-0.07444572448730469
02_linear,Linear,XGBoost Regressor,25.0,19.016861,5.9831390380859375
02_linear,Linear,XGBoost Regressor,107.0,101.16566,5.834342956542969
02_linear,Linear,XGBoost Regressor,404.0,463.4379,-59.437896728515625
02_linear,Linear,XGBoost Regressor,33.0,31.308596,1.6914043426513672
02_linear,Linear,XGBoost Regressor,2.0,3.926927,-1.926927089691162
02_linear,Linear,XGBoost Regressor,1.0,0.721453,0.2785469889640808
02_linear,Linear,XGBoost Regressor,18.0,20.73168,-2.731679916381836
02_linear,Linear,XGBoost Regressor,3.5,3.5463011,-0.04630112648010254
02_linear,Linear,XGBoost Regressor,0.5,0.51453567,-0.014535665512084961
02_linear,Linear,XGBoost Regressor,0.5,0.5412335,-0.04123347997665405
02_linear,Linear,XGBoost Regressor,3.5,3.63406,-0.13405990600585938
02_linear,Linear,XGBoost Regressor,4.5,2.5059786,1.9940214157104492
02_linear,Linear,XGBoost Regressor,0.5,0.6387146,-0.13871461153030396
02_linear,Linear,XGBoost Regressor,27.0,20.901175,6.098825454711914
02_linear,Linear,XGBoost Regressor,0.5,0.78173393,-0.2817339301109314
02_linear,Linear,XGBoost Regressor,30.0,25.542137,4.457862854003906
02_linear,Linear,XGBoost Regressor,11.5,12.913133,-1.413132667541504
02_linear,Linear,XGBoost Regressor,11.5,10.304704,1.195296287536621
02_linear,Linear,XGBoost Regressor,3.5,6.0456586,-2.545658588409424
02_linear,Linear,XGBoost Regressor,11.5,20.194887,-8.694887161254883
02_linear,Linear,XGBoost Regressor,8.0,19.502575,-11.502574920654297
02_linear,Linear,XGBoost Regressor,3.0,2.8070514,0.192948579788208
02_linear,Linear,XGBoost Regressor,9.5,5.9290175,3.5709824562072754
02_linear,Linear,XGBoost Regressor,10.0,3.4925334,6.507466554641724
02_linear,Linear,XGBoost Regressor,36.5,40.788174,-4.288173675537109
02_linear,Linear,XGBoost Regressor,4.0,3.1804101,0.8195898532867432
02_linear,Linear,XGBoost Regressor,103.5,185.62868,-82.12867736816406
02_linear,Linear,XGBoost Regressor,2.0,1.9395552,0.06044483184814453
02_linear,Linear,XGBoost Regressor,10.0,9.539285,0.46071529388427734
02_linear,Linear,XGBoost Regressor,141.5,97.94938,43.550621032714844
02_linear,Linear,XGBoost Regressor,0.5,0.9854426,-0.485442578792572
02_linear,Linear,XGBoost Regressor,3.0,3.2862475,-0.28624749183654785
02_linear,Linear,XGBoost Regressor,3.0,28.314249,-25.31424903869629
02_linear,Linear,XGBoost Regressor,0.5,0.37104097,0.1289590299129486
02_linear,Linear,XGBoost Regressor,1.0,2.000786,-1.0007860660552979
02_linear,Linear,XGBoost Regressor,36.0,19.510456,16.489543914794922
02_linear,Linear,XGBoost Regressor,39.5,31.206856,8.293144226074219
02_linear,Linear,XGBoost Regressor,0.5,0.3809461,0.1190539002418518
02_linear,Linear,XGBoost Regressor,1.0,1.2961658,-0.2961658239364624
02_linear,Linear,XGBoost Regressor,11.5,5.440949,6.059051036834717
02_linear,Linear,XGBoost Regressor,6.0,4.573849,1.4261507987976074
02_linear,Linear,XGBoost Regressor,0.5,0.3704008,0.1295992136001587
02_linear,Linear,XGBoost Regressor,1.5,4.260562,-2.760561943054199
02_linear,Linear,XGBoost Regressor,4.0,5.665686,-1.6656861305236816
02_linear,Linear,XGBoost Regressor,2.5,0.9091379,1.5908620953559875
02_linear,Linear,XGBoost Regressor,10.0,4.466587,5.533412933349609
02_linear,Linear,XGBoost Regressor,4.5,4.96787,-0.46787023544311523
02_linear,Linear,XGBoost Regressor,3135.0,2441.5732,693.4267578125
02_linear,Linear,XGBoost Regressor,24.0,45.922157,-21.922157287597656
02_linear,Linear,XGBoost Regressor,2.0,2.6467087,-0.6467087268829346
02_linear,Linear,XGBoost Regressor,8.0,7.287237,0.7127628326416016
02_linear,Linear,XGBoost Regressor,1.5,1.9861871,-0.4861871004104614
02_linear,Linear,XGBoost Regressor,1.5,0.8744868,0.6255131959915161
02_linear,Linear,XGBoost Regressor,197.0,144.77855,52.22145080566406
02_linear,Linear,XGBoost Regressor,30.5,17.406828,13.093172073364258
02_linear,Linear,XGBoost Regressor,5.5,5.392307,0.10769319534301758
02_linear,Linear,XGBoost Regressor,0.5,0.22830123,0.2716987729072571
02_linear,Linear,XGBoost Regressor,7.0,3.681646,3.3183538913726807
02_linear,Linear,XGBoost Regressor,5.0,5.549275,-0.5492749214172363
02_linear,Linear,XGBoost Regressor,7.0,5.1572094,1.8427906036376953
02_linear,Linear,XGBoost Regressor,16.5,14.821924,1.6780757904052734
02_linear,Linear,XGBoost Regressor,0.5,0.8359361,-0.33593612909317017
02_linear,Linear,XGBoost Regressor,6.5,4.599104,1.9008960723876953
02_linear,Linear,XGBoost Regressor,5.0,3.5311928,1.4688072204589844
02_linear,Linear,XGBoost Regressor,0.5,0.3182859,0.18171408772468567
02_linear,Linear,XGBoost Regressor,0.5,1.1772573,-0.6772572994232178
02_linear,Linear,XGBoost Regressor,20.0,17.332,2.667999267578125
02_linear,Linear,XGBoost Regressor,28.0,19.315428,8.684572219848633
02_linear,Linear,XGBoost Regressor,27.5,20.473242,7.026758193969727
02_linear,Linear,XGBoost Regressor,9.5,6.7842965,2.7157034873962402
02_linear,Linear,XGBoost Regressor,4.0,2.559862,1.4401381015777588
02_linear,Linear,XGBoost Regressor,2.5,3.350169,-0.8501689434051514
02_linear,Linear,XGBoost Regressor,2.0,5.489739,-3.489738941192627
02_linear,Linear,XGBoost Regressor,0.5,0.48067084,0.019329160451889038
02_linear,Linear,XGBoost Regressor,0.5,0.5411243,-0.04112428426742554
02_linear,Linear,XGBoost Regressor,9.0,11.117286,-2.11728572845459
02_linear,Linear,XGBoost Regressor,6.5,3.007211,3.4927890300750732
02_linear,Linear,XGBoost Regressor,0.5,0.7595966,-0.259596586227417
02_linear,Linear,XGBoost Regressor,3.0,2.7930882,0.20691180229187012
02_linear,Linear,XGBoost Regressor,9.5,7.899371,1.6006288528442383
02_linear,Linear,XGBoost Regressor,19.0,19.529654,-0.5296535491943359
02_linear,Linear,XGBoost Regressor,0.5,1.3668354,-0.866835355758667
02_linear,Linear,XGBoost Regressor,0.5,0.2606343,0.23936569690704346
02_linear,Linear,XGBoost Regressor,1.0,1.0565563,-0.0565563440322876
02_linear,Linear,XGBoost Regressor,12.0,77.18438,-65.18437957763672
02_linear,Linear,XGBoost Regressor,153.5,108.04396,45.45603942871094
02_linear,Linear,XGBoost Regressor,8.0,14.370074,-6.370074272155762
02_linear,Linear,XGBoost Regressor,4.0,6.459785,-2.459784984588623
02_linear,Linear,XGBoost Regressor,1.0,0.72728574,0.2727142572402954
02_linear,Linear,XGBoost Regressor,1.0,0.35089645,0.6491035521030426
02_linear,Linear,XGBoost Regressor,0.5,0.5801325,-0.08013248443603516
02_linear,Linear,XGBoost Regressor,39.5,30.839739,8.660261154174805
02_linear,Linear,XGBoost Regressor,139.0,142.01376,-3.013763427734375
02_linear,Linear,XGBoost Regressor,12.0,5.96943,6.030570030212402
02_linear,Linear,XGBoost Regressor,268.0,355.314,-87.31399536132812
02_linear,Linear,XGBoost Regressor,0.5,0.32150197,0.1784980297088623
02_linear,Linear,XGBoost Regressor,0.5,0.74898446,-0.2489844560623169
02_linear,Linear,XGBoost Regressor,9.0,6.913381,2.0866189002990723
02_linear,Linear,XGBoost Regressor,6.5,1.8185085,4.681491494178772
02_linear,Linear,XGBoost Regressor,2.0,2.449268,-0.449268102645874
02_linear,Linear,XGBoost Regressor,0.5,0.5625483,-0.06254827976226807
02_linear,Linear,XGBoost Regressor,0.5,0.53143835,-0.031438350677490234
02_linear,Linear,XGBoost Regressor,1.5,2.0496972,-0.5496971607208252
02_linear,Linear,XGBoost Regressor,1.5,1.5358666,-0.035866618156433105
02_linear,Linear,XGBoost Regressor,3.0,1.4950132,1.5049867630004883
02_linear,Linear,XGBoost Regressor,25.5,23.301472,2.198528289794922
02_linear,Linear,XGBoost Regressor,1.5,1.1420648,0.35793519020080566
02_linear,Linear,XGBoost Regressor,7.0,5.202575,1.7974247932434082
02_linear,Linear,XGBoost Regressor,0.5,5.0845923,-4.584592342376709
02_linear,Linear,XGBoost Regressor,0.5,0.43138438,0.0686156153678894
02_linear,Linear,XGBoost Regressor,4.0,3.5759459,0.4240541458129883
02_linear,Linear,XGBoost Regressor,10.0,14.716017,-4.71601676940918
02_linear,Linear,XGBoost Regressor,138.5,157.80573,-19.30572509765625
02_linear,Linear,XGBoost Regressor,4.5,4.161105,0.3388948440551758
02_linear,Linear,XGBoost Regressor,24.0,23.552973,0.44702720642089844
02_linear,Linear,XGBoost Regressor,1.5,1.7228483,-0.2228482961654663
02_linear,Linear,XGBoost Regressor,0.5,0.76818615,-0.26818615198135376
02_linear,Linear,XGBoost Regressor,0.5,0.53116214,-0.031162142753601074
02_linear,Linear,XGBoost Regressor,1.5,1.5217311,-0.021731138229370117
02_linear,Linear,XGBoost Regressor,1.0,0.5639869,0.4360131025314331
02_linear,Linear,XGBoost Regressor,6.0,4.3920255,1.6079745292663574
02_linear,Linear,XGBoost Regressor,31.0,30.76172,0.2382793426513672
02_linear,Linear,XGBoost Regressor,1.0,1.426103,-0.42610299587249756
02_linear,Linear,XGBoost Regressor,2.5,6.114595,-3.6145949363708496
02_linear,Linear,XGBoost Regressor,550.0,485.70093,64.299072265625
02_linear,Linear,XGBoost Regressor,36.0,22.065237,13.934762954711914
02_linear,Linear,XGBoost Regressor,31.5,35.395935,-3.89593505859375
02_linear,Linear,XGBoost Regressor,2.5,3.4563828,-0.9563827514648438
02_linear,Linear,XGBoost Regressor,0.5,0.5085404,-0.00854039192199707
02_linear,Linear,XGBoost Regressor,20.5,17.14163,3.358369827270508
02_linear,Linear,XGBoost Regressor,5.5,5.2479944,0.25200557708740234
02_linear,Linear,XGBoost Regressor,2.5,3.5627968,-1.0627968311309814
02_linear,Linear,XGBoost Regressor,20.5,23.603472,-3.1034717559814453
02_linear,Linear,XGBoost Regressor,1.0,0.999015,0.0009850263595581055
02_linear,Linear,XGBoost Regressor,0.5,1.9723725,-1.4723725318908691
02_linear,Linear,XGBoost Regressor,1.0,0.69568396,0.30431604385375977
02_linear,Linear,XGBoost Regressor,0.5,0.39569515,0.10430485010147095
02_linear,Linear,XGBoost Regressor,3.0,8.061254,-5.061253547668457
02_linear,Linear,XGBoost Regressor,0.5,0.25452775,0.245472252368927
02_linear,Linear,XGBoost Regressor,0.5,0.66664875,-0.1666487455368042
02_linear,Linear,XGBoost Regressor,2.0,3.3994446,-1.399444580078125
02_linear,Linear,XGBoost Regressor,1.0,0.57588756,0.4241124391555786
02_linear,Linear,XGBoost Regressor,5.5,5.7835927,-0.28359270095825195
02_linear,Linear,XGBoost Regressor,29.5,33.312195,-3.81219482421875
02_linear,Linear,XGBoost Regressor,1.0,1.7617108,-0.7617107629776001
02_linear,Linear,XGBoost Regressor,44.0,49.51149,-5.5114898681640625
02_linear,Linear,XGBoost Regressor,0.5,1.9877672,-1.487767219543457
02_linear,Linear,XGBoost Regressor,1.0,7.6314774,-6.631477355957031
02_linear,Linear,XGBoost Regressor,1.0,1.9930872,-0.9930871725082397
02_linear,Linear,XGBoost Regressor,0.5,0.8763954,-0.37639540433883667
02_linear,Linear,XGBoost Regressor,1.5,0.72644347,0.7735565304756165
02_linear,Linear,XGBoost Regressor,0.5,0.5582925,-0.058292508125305176
02_linear,Linear,XGBoost Regressor,0.5,0.5280512,-0.02805119752883911
02_linear,Linear,XGBoost Regressor,1.0,1.6924262,-0.6924262046813965
02_linear,Linear,XGBoost Regressor,1691.0,2086.6077,-395.607666015625
02_linear,Linear,XGBoost Regressor,0.5,1.3772767,-0.8772766590118408
02_linear,Linear,XGBoost Regressor,1.5,2.0228322,-0.5228321552276611
02_linear,Linear,XGBoost Regressor,1.5,2.1197374,-0.6197373867034912
02_linear,Linear,XGBoost Regressor,1.0,1.1774988,-0.17749881744384766
02_linear,Linear,XGBoost Regressor,0.5,0.6604284,-0.16042840480804443
02_linear,Linear,XGBoost Regressor,0.5,0.23218748,0.2678125202655792
02_linear,Linear,XGBoost Regressor,6.0,9.844273,-3.8442726135253906
02_linear,Linear,XGBoost Regressor,1.5,0.8547677,0.6452323198318481
02_linear,Linear,XGBoost Regressor,0.5,0.93441975,-0.43441975116729736
02_linear,Linear,XGBoost Regressor,3.0,3.32724,-0.327239990234375
02_linear,Linear,XGBoost Regressor,0.5,0.53968793,-0.039687931537628174
02_linear,Linear,XGBoost Regressor,23.5,15.833671,7.666329383850098
02_linear,Linear,XGBoost Regressor,1.0,1.1505373,-0.15053725242614746
02_linear,Linear,XGBoost Regressor,2.5,2.2913394,0.20866060256958008
02_linear,Linear,XGBoost Regressor,0.5,0.35994723,0.14005276560783386
02_linear,Linear,XGBoost Regressor,0.5,1.3451127,-0.845112681388855
02_linear,Linear,XGBoost Regressor,4.0,2.0607278,1.939272165298462
02_linear,Linear,XGBoost Regressor,41.0,36.613464,4.38653564453125
02_linear,Linear,XGBoost Regressor,0.5,0.3950098,0.10499021410942078
02_linear,Linear,XGBoost Regressor,0.5,0.105010964,0.3949890360236168
02_linear,Linear,XGBoost Regressor,23.0,32.98839,-9.988391876220703
02_linear,Linear,XGBoost Regressor,3.0,5.7899055,-2.789905548095703
02_linear,Linear,XGBoost Regressor,0.5,0.72144425,-0.2214442491531372
02_linear,Linear,XGBoost Regressor,1.0,0.73888934,0.26111066341400146
02_linear,Linear,XGBoost Regressor,0.5,0.7498429,-0.24984288215637207
02_linear,Linear,XGBoost Regressor,8.5,9.561615,-1.061614990234375
02_linear,Linear,XGBoost Regressor,1.5,3.7917686,-2.2917685508728027
02_linear,Linear,XGBoost Regressor,2.0,3.103089,-1.1030890941619873
02_linear,Linear,XGBoost Regressor,0.5,0.48461437,0.015385627746582031
02_linear,Linear,XGBoost Regressor,4.0,3.6525297,0.3474702835083008
02_linear,Linear,XGBoost Regressor,0.5,0.49819952,0.0018004775047302246
02_linear,Linear,XGBoost Regressor,13.5,4.5731626,8.92683744430542
02_linear,Linear,XGBoost Regressor,7.0,7.5224633,-0.522463321685791
02_linear,Linear,XGBoost Regressor,1.0,1.4314268,-0.4314267635345459
02_linear,Linear,XGBoost Regressor,1.5,0.59508747,0.904912531375885
02_linear,Linear,XGBoost Regressor,0.5,0.43554837,0.06445163488388062
02_linear,Linear,XGBoost Regressor,10.0,5.704453,4.295547008514404
02_linear,Linear,XGBoost Regressor,5.0,4.298734,0.701265811920166
02_linear,Linear,XGBoost Regressor,0.5,0.27082425,0.22917574644088745
02_linear,Linear,XGBoost Regressor,0.5,0.39914155,0.10085844993591309
02_linear,Linear,XGBoost Regressor,1.5,0.59629285,0.9037071466445923
02_linear,Linear,XGBoost Regressor,5.5,7.138973,-1.6389732360839844
02_linear,Linear,XGBoost Regressor,4.5,1.9080205,2.591979503631592
02_linear,Linear,XGBoost Regressor,3.0,5.001368,-2.0013680458068848
02_linear,Linear,XGBoost Regressor,3.5,5.167585,-1.6675848960876465
02_linear,Linear,XGBoost Regressor,129.0,118.60808,10.391921997070312
02_linear,Linear,XGBoost Regressor,1.0,1.2187166,-0.21871662139892578
02_linear,Linear,XGBoost Regressor,3598.0,2012.653,1585.3470458984375
02_linear,Linear,XGBoost Regressor,3.0,8.698583,-5.698582649230957
02_linear,Linear,XGBoost Regressor,0.5,0.97388166,-0.47388166189193726
02_linear,Linear,XGBoost Regressor,24.0,30.05886,-6.058860778808594
02_linear,Linear,XGBoost Regressor,24.5,35.394356,-10.894355773925781
02_linear,Linear,XGBoost Regressor,1.0,0.63931865,0.36068135499954224
02_linear,Linear,XGBoost Regressor,5.0,5.679966,-0.6799659729003906
02_linear,Linear,XGBoost Regressor,2.0,2.1509047,-0.15090465545654297
02_linear,Linear,XGBoost Regressor,2.0,2.768875,-0.7688748836517334
02_linear,Linear,XGBoost Regressor,10.0,5.795312,4.20468807220459
02_linear,Linear,XGBoost Regressor,199.0,136.97433,62.025665283203125
02_linear,Linear,XGBoost Regressor,7.0,4.6094966,2.390503406524658
02_linear,Linear,XGBoost Regressor,2.0,1.0343549,0.9656450748443604
02_linear,Linear,XGBoost Regressor,10.5,11.441881,-0.9418811798095703
02_linear,Linear,XGBoost Regressor,19.5,17.264288,2.2357120513916016
02_linear,Linear,XGBoost Regressor,0.5,1.006919,-0.5069190263748169
02_linear,Linear,XGBoost Regressor,5.0,4.1115465,0.888453483581543
02_linear,Linear,XGBoost Regressor,2.0,1.9418212,0.05817878246307373
02_linear,Linear,XGBoost Regressor,5.0,4.6722884,0.3277115821838379
02_linear,Linear,XGBoost Regressor,0.5,0.50303894,-0.003038942813873291
02_linear,Linear,XGBoost Regressor,0.5,0.18264948,0.31735052168369293
02_linear,Linear,XGBoost Regressor,0.5,0.9287347,-0.4287347197532654
02_linear,Linear,XGBoost Regressor,0.5,0.50234544,-0.002345442771911621
02_linear,Linear,XGBoost Regressor,1.5,1.3914148,0.10858523845672607
02_linear,Linear,XGBoost Regressor,4.5,7.7232823,-3.2232823371887207
02_linear,Linear,XGBoost Regressor,456.0,395.94843,60.05157470703125
02_linear,Linear,XGBoost Regressor,13.5,6.6341968,6.865803241729736
02_linear,Linear,XGBoost Regressor,5.0,8.617016,-3.617015838623047
02_linear,Linear,XGBoost Regressor,3.0,2.7367508,0.26324915885925293
02_linear,Linear,XGBoost Regressor,23.0,16.372011,6.627988815307617
02_linear,Linear,XGBoost Regressor,15.0,22.807163,-7.807163238525391
02_linear,Linear,XGBoost Regressor,463.0,333.19272,129.80728149414062
02_linear,Linear,XGBoost Regressor,0.5,0.30876574,0.1912342607975006
02_linear,Linear,XGBoost Regressor,0.5,0.2517893,0.24821069836616516
02_linear,Linear,XGBoost Regressor,0.5,2.00075,-1.5007500648498535
02_linear,Linear,XGBoost Regressor,0.5,0.5305555,-0.03055548667907715
02_linear,Linear,XGBoost Regressor,4.0,3.0994651,0.9005348682403564
02_linear,Linear,XGBoost Regressor,7.0,2.895319,4.104681015014648
02_linear,Linear,XGBoost Regressor,0.5,0.43936834,0.06063166260719299
02_linear,Linear,XGBoost Regressor,338.0,363.24222,-25.242218017578125
02_linear,Linear,XGBoost Regressor,1.5,18.489056,-16.989055633544922
02_linear,Linear,XGBoost Regressor,28.5,15.921845,12.578154563903809
02_linear,Linear,XGBoost Regressor,0.5,0.6626925,-0.16269248723983765
02_linear,Linear,XGBoost Regressor,14.5,10.102474,4.397525787353516
02_linear,Linear,XGBoost Regressor,61.5,73.64523,-12.145233154296875
02_linear,Linear,XGBoost Regressor,11.0,10.955311,0.044689178466796875
02_linear,Linear,XGBoost Regressor,1.0,0.37301373,0.6269862651824951
02_linear,Linear,XGBoost Regressor,2.0,1.49867,0.5013300180435181
02_linear,Linear,XGBoost Regressor,11.0,4.444493,6.555507183074951
02_linear,Linear,XGBoost Regressor,1939.0,1907.8436,31.1563720703125
02_linear,Linear,XGBoost Regressor,93.0,327.98407,-234.98406982421875
02_linear,Linear,XGBoost Regressor,22.0,14.930027,7.069972991943359
02_linear,Linear,XGBoost Regressor,2.5,3.5221412,-1.0221412181854248
02_linear,Linear,XGBoost Regressor,11.5,18.409403,-6.909402847290039
02_linear,Linear,XGBoost Regressor,1.5,1.1118991,0.38810086250305176
02_linear,Linear,XGBoost Regressor,13.5,20.01086,-6.510860443115234
02_linear,Linear,XGBoost Regressor,4.5,15.287673,-10.787672996520996
02_linear,Linear,XGBoost Regressor,5.5,4.081665,1.4183349609375
02_linear,Linear,XGBoost Regressor,2.5,2.9690614,-0.46906137466430664
02_linear,Linear,XGBoost Regressor,0.5,0.34853747,0.15146252512931824
02_linear,Linear,XGBoost Regressor,28.0,21.437063,6.562936782836914
02_linear,Linear,XGBoost Regressor,2.0,1.1552321,0.8447679281234741
02_linear,Linear,XGBoost Regressor,24.5,23.09662,1.4033794403076172
02_linear,Linear,XGBoost Regressor,9.0,6.56897,2.431029796600342
02_linear,Linear,XGBoost Regressor,3.0,4.2273045,-1.227304458618164
02_linear,Linear,XGBoost Regressor,2.0,1.6938363,0.3061636686325073
02_linear,Linear,XGBoost Regressor,11.5,6.4779606,5.022039413452148
02_linear,Linear,XGBoost Regressor,12.5,8.609109,3.8908910751342773
02_linear,Linear,XGBoost Regressor,4.0,14.191167,-10.191166877746582
02_linear,Linear,XGBoost Regressor,2.5,11.2311535,-8.73115348815918
02_linear,Linear,XGBoost Regressor,0.5,0.26361796,0.23638203740119934
02_linear,Linear,XGBoost Regressor,0.5,0.87226695,-0.372266948223114
02_linear,Linear,XGBoost Regressor,0.5,0.77292496,-0.2729249596595764
02_linear,Linear,XGBoost Regressor,2.0,1.0507773,0.9492226839065552
02_linear,Linear,XGBoost Regressor,4.5,3.3400383,1.1599617004394531
02_linear,Linear,XGBoost Regressor,22.0,26.753302,-4.753301620483398
02_linear,Linear,XGBoost Regressor,28.5,22.904673,5.595327377319336
02_linear,Linear,XGBoost Regressor,24.0,19.491957,4.50804328918457
02_linear,Linear,XGBoost Regressor,1.0,1.0308528,-0.030852794647216797
02_linear,Linear,XGBoost Regressor,7.0,10.843328,-3.8433284759521484
02_linear,Linear,XGBoost Regressor,1.5,2.3543382,-0.8543381690979004
02_linear,Linear,XGBoost Regressor,1.5,1.9581058,-0.45810580253601074
02_linear,Linear,XGBoost Regressor,2.0,3.1380138,-1.1380138397216797
02_linear,Linear,XGBoost Regressor,14.0,17.82995,-3.8299503326416016
02_linear,Linear,XGBoost Regressor,27.0,31.248775,-4.248775482177734
02_linear,Linear,XGBoost Regressor,23.5,32.55432,-9.0543212890625
02_linear,Linear,XGBoost Regressor,149.5,174.67395,-25.1739501953125
02_linear,Linear,XGBoost Regressor,2.5,4.48158,-1.9815797805786133
02_linear,Linear,XGBoost Regressor,0.5,0.72572577,-0.22572576999664307
02_linear,Linear,XGBoost Regressor,1.0,1.179071,-0.17907094955444336
02_linear,Linear,XGBoost Regressor,1.0,1.134481,-0.13448095321655273
02_linear,Linear,XGBoost Regressor,3.5,12.806421,-9.306421279907227
02_linear,Linear,XGBoost Regressor,1.0,0.9006837,0.0993162989616394
02_linear,Linear,XGBoost Regressor,3.0,2.6601446,0.339855432510376
02_linear,Linear,XGBoost Regressor,9.0,5.1935897,3.806410312652588
02_linear,Linear,XGBoost Regressor,4.0,4.6779346,-0.6779346466064453
02_linear,Linear,XGBoost Regressor,11.5,21.7322,-10.232200622558594
02_linear,Linear,XGBoost Regressor,0.5,1.9834961,-1.483496069908142
02_linear,Linear,XGBoost Regressor,28.5,24.281782,4.218217849731445
02_linear,Linear,XGBoost Regressor,0.5,1.7242839,-1.2242839336395264
02_linear,Linear,XGBoost Regressor,0.5,0.4875331,0.012466907501220703
02_linear,Linear,XGBoost Regressor,35.5,34.126713,1.3732872009277344
02_linear,Linear,XGBoost Regressor,6.5,4.98531,1.5146899223327637
02_linear,Linear,XGBoost Regressor,3.5,2.5432727,0.9567272663116455
02_linear,Linear,XGBoost Regressor,539.0,427.8397,111.16030883789062
02_linear,Linear,XGBoost Regressor,2.0,1.0530653,0.946934700012207
02_linear,Linear,XGBoost Regressor,33.5,30.544203,2.9557971954345703
02_linear,Linear,XGBoost Regressor,4.0,7.4650965,-3.4650964736938477
02_linear,Linear,XGBoost Regressor,4.0,2.691281,1.3087189197540283
02_linear,Linear,XGBoost Regressor,3.0,4.226165,-1.2261648178100586
02_linear,Linear,XGBoost Regressor,26.5,18.633076,7.866924285888672
02_linear,Linear,XGBoost Regressor,0.5,0.19320546,0.30679453909397125
02_linear,Linear,XGBoost Regressor,4.5,8.38476,-3.8847599029541016
02_linear,Linear,XGBoost Regressor,1.5,1.4258198,0.0741802453994751
02_linear,Linear,XGBoost Regressor,3.0,3.7206569,-0.7206568717956543
02_linear,Linear,XGBoost Regressor,0.5,0.35960597,0.14039403200149536
02_linear,Linear,XGBoost Regressor,0.5,0.42487988,0.07512012124061584
02_linear,Linear,XGBoost Regressor,0.5,0.71590483,-0.2159048318862915
02_linear,Linear,XGBoost Regressor,1.0,0.9158188,0.08418118953704834
02_linear,Linear,XGBoost Regressor,0.5,0.6533444,-0.15334439277648926
02_linear,Linear,XGBoost Regressor,3.0,5.0977488,-2.0977487564086914
02_linear,Linear,XGBoost Regressor,0.5,0.12110411,0.3788958936929703
02_linear,Linear,XGBoost Regressor,2.0,7.124445,-5.124444961547852
02_linear,Linear,XGBoost Regressor,1.0,1.8109589,-0.8109588623046875
02_linear,Linear,XGBoost Regressor,26.0,31.466436,-5.466436386108398
02_linear,Linear,XGBoost Regressor,3.0,1.9414724,1.0585275888442993
02_linear,Linear,XGBoost Regressor,22.0,26.550646,-4.55064582824707
02_linear,Linear,XGBoost Regressor,0.5,0.5940151,-0.09401512145996094
02_linear,Linear,XGBoost Regressor,17.5,9.598754,7.901246070861816
02_linear,Linear,XGBoost Regressor,1.5,1.02608,0.47391998767852783
02_linear,Linear,XGBoost Regressor,0.5,0.5208489,-0.020848870277404785
02_linear,Linear,XGBoost Regressor,509.0,430.77155,78.22845458984375
02_linear,Linear,XGBoost Regressor,1.0,0.798392,0.20160800218582153
02_linear,Linear,XGBoost Regressor,2.0,1.4441224,0.5558775663375854
02_linear,Linear,XGBoost Regressor,25.0,23.142199,1.8578014373779297
02_linear,Linear,XGBoost Regressor,2.0,2.125833,-0.12583303451538086
02_linear,Linear,XGBoost Regressor,1.5,0.7987905,0.7012094855308533
02_linear,Linear,XGBoost Regressor,2.0,2.0103624,-0.010362386703491211
02_linear,Linear,XGBoost Regressor,11.0,18.969255,-7.969255447387695
02_linear,Linear,XGBoost Regressor,0.5,0.4723553,0.027644693851470947
02_linear,Linear,XGBoost Regressor,11.5,18.317184,-6.8171844482421875
02_linear,Linear,XGBoost Regressor,0.5,0.425579,0.0744209885597229
02_linear,Linear,XGBoost Regressor,1.0,1.6000143,-0.600014328956604
02_linear,Linear,XGBoost Regressor,1.0,1.4257855,-0.42578554153442383
02_linear,Linear,XGBoost Regressor,0.5,0.7139223,-0.21392232179641724
02_linear,Linear,XGBoost Regressor,12.5,9.199526,3.300474166870117
02_linear,Linear,XGBoost Regressor,35.5,29.642977,5.857023239135742
02_linear,Linear,XGBoost Regressor,21.0,22.230673,-1.230672836303711
02_linear,Linear,XGBoost Regressor,1.5,1.0794693,0.42053067684173584
02_linear,Linear,XGBoost Regressor,5.5,16.15489,-10.654890060424805
02_linear,Linear,XGBoost Regressor,2.5,2.2206721,0.2793278694152832
02_linear,Linear,XGBoost Regressor,0.5,0.3959033,0.10409671068191528
02_linear,Linear,XGBoost Regressor,3.0,2.8837724,0.11622762680053711
02_linear,Linear,XGBoost Regressor,24.0,23.821653,0.1783466339111328
02_linear,Linear,XGBoost Regressor,1.5,1.7224978,-0.222497820854187
02_linear,Linear,XGBoost Regressor,4.5,5.967392,-1.4673919677734375
02_linear,Linear,XGBoost Regressor,0.5,0.32896456,0.17103543877601624
02_linear,Linear,XGBoost Regressor,0.5,1.4366206,-0.9366205930709839
02_linear,Linear,XGBoost Regressor,26.5,23.484251,3.015748977661133
02_linear,Linear,XGBoost Regressor,1.5,2.283864,-0.7838640213012695
02_linear,Linear,XGBoost Regressor,31.0,31.619118,-0.6191177368164062
02_linear,Linear,XGBoost Regressor,6.0,3.0851645,2.9148354530334473
02_linear,Linear,XGBoost Regressor,22.5,17.562593,4.937406539916992
02_linear,Linear,XGBoost Regressor,0.5,0.51690906,-0.01690906286239624
02_linear,Linear,XGBoost Regressor,7.5,5.555953,1.944046974182129
02_linear,Linear,XGBoost Regressor,2.0,0.8793821,1.120617926120758
02_linear,Linear,XGBoost Regressor,3.0,2.8621895,0.13781046867370605
02_linear,Linear,XGBoost Regressor,36.0,14.164395,21.835604667663574
02_linear,Linear,XGBoost Regressor,0.5,0.27142617,0.22857382893562317
02_linear,Linear,XGBoost Regressor,129.0,104.0713,24.92870330810547
02_linear,Linear,XGBoost Regressor,21.5,16.146997,5.353002548217773
02_linear,Linear,XGBoost Regressor,5.0,11.000553,-6.000553131103516
02_linear,Linear,XGBoost Regressor,0.5,0.33591786,0.1640821397304535
02_linear,Linear,XGBoost Regressor,1.0,2.1210883,-1.1210882663726807
02_linear,Linear,XGBoost Regressor,1.5,1.2688906,0.2311093807220459
02_linear,Linear,XGBoost Regressor,4.0,6.7331905,-2.7331905364990234
02_linear,Linear,XGBoost Regressor,1.5,0.84103155,0.658968448638916
02_linear,Linear,XGBoost Regressor,0.5,0.94121444,-0.4412144422531128
02_linear,Linear,XGBoost Regressor,0.5,0.4617919,0.03820809721946716
02_linear,Linear,XGBoost Regressor,5.0,3.6629994,1.3370006084442139
02_linear,Linear,XGBoost Regressor,0.5,0.6270414,-0.12704139947891235
02_linear,Linear,XGBoost Regressor,3.0,3.3315403,-0.3315403461456299
02_linear,Linear,XGBoost Regressor,0.5,0.88153124,-0.3815312385559082
02_linear,Linear,XGBoost Regressor,25.5,16.699255,8.800745010375977
02_linear,Linear,XGBoost Regressor,1.5,7.65892,-6.158919811248779
02_linear,Linear,XGBoost Regressor,59.0,38.688305,20.311695098876953
02_linear,Linear,XGBoost Regressor,0.5,0.98267627,-0.48267626762390137
02_linear,Linear,XGBoost Regressor,9.5,14.492553,-4.992552757263184
02_linear,Linear,XGBoost Regressor,0.5,0.79391646,-0.2939164638519287
02_linear,Linear,XGBoost Regressor,12.0,23.370403,-11.370403289794922
02_linear,Linear,XGBoost Regressor,154.0,102.845634,51.15436553955078
02_linear,Linear,XGBoost Regressor,0.5,0.4363105,0.06368950009346008
02_linear,Linear,XGBoost Regressor,6.5,17.094408,-10.59440803527832
02_linear,Linear,XGBoost Regressor,2.5,2.2780607,0.2219393253326416
02_linear,Linear,XGBoost Regressor,3.0,2.1815078,0.8184921741485596
02_linear,Linear,XGBoost Regressor,7.0,5.8061566,1.1938433647155762
02_linear,Linear,XGBoost Regressor,2.0,0.894878,1.1051220297813416
02_linear,Linear,XGBoost Regressor,7.0,9.488627,-2.4886274337768555
02_linear,Linear,XGBoost Regressor,2.0,1.112492,0.8875080347061157
02_linear,Linear,XGBoost Regressor,25.5,15.894515,9.605484962463379
02_linear,Linear,XGBoost Regressor,1.5,3.5565493,-2.056549310684204
02_linear,Linear,XGBoost Regressor,13.5,11.18215,2.317850112915039
02_linear,Linear,XGBoost Regressor,0.5,1.6641113,-1.1641112565994263
02_linear,Linear,XGBoost Regressor,46.0,46.536106,-0.5361061096191406
02_linear,Linear,XGBoost Regressor,0.5,0.767262,-0.26726198196411133
02_linear,Linear,XGBoost Regressor,1.0,0.89710456,0.10289543867111206
02_linear,Linear,XGBoost Regressor,6.5,6.442398,0.0576019287109375
02_linear,Linear,XGBoost Regressor,0.5,1.7819599,-1.281959891319275
02_linear,Linear,XGBoost Regressor,24.5,13.515132,10.984868049621582
02_linear,Linear,XGBoost Regressor,0.5,0.77034867,-0.2703486680984497
02_linear,Linear,XGBoost Regressor,2.0,4.8953032,-2.895303249359131
02_linear,Linear,XGBoost Regressor,2.5,2.5564003,-0.056400299072265625
02_linear,Linear,XGBoost Regressor,130.5,77.82536,52.67463684082031
02_linear,Linear,XGBoost Regressor,3.0,1.8278975,1.172102451324463
02_linear,Linear,XGBoost Regressor,0.5,-0.08607325,0.586073249578476
02_linear,Linear,XGBoost Regressor,32.5,60.802135,-28.302135467529297
02_linear,Linear,XGBoost Regressor,17.0,22.790358,-5.79035758972168
02_linear,Linear,XGBoost Regressor,0.5,3.5151377,-3.0151376724243164
02_linear,Linear,XGBoost Regressor,6.5,6.0402555,0.4597444534301758
02_linear,Linear,XGBoost Regressor,0.5,0.62429804,-0.12429803609848022
02_linear,Linear,XGBoost Regressor,0.5,0.35113153,0.14886847138404846
02_linear,Linear,XGBoost Regressor,7.0,12.554859,-5.554859161376953
02_linear,Linear,XGBoost Regressor,2.5,1.6561763,0.8438236713409424
02_linear,Linear,XGBoost Regressor,1.0,1.1623796,-0.16237962245941162
02_linear,Linear,XGBoost Regressor,1.0,11.493206,-10.493206024169922
02_linear,Linear,XGBoost Regressor,5.0,2.748679,2.2513210773468018
02_linear,Linear,XGBoost Regressor,3.5,2.7644851,0.7355148792266846
02_linear,Linear,XGBoost Regressor,1.0,0.6340023,0.36599767208099365
02_linear,Linear,XGBoost Regressor,0.5,0.32937893,0.17062106728553772
02_linear,Linear,XGBoost Regressor,4.5,27.401838,-22.901838302612305
02_linear,Linear,XGBoost Regressor,1.0,1.5848038,-0.5848038196563721
02_linear,Linear,XGBoost Regressor,0.5,0.933346,-0.4333459734916687
02_linear,Linear,XGBoost Regressor,3.0,2.1143134,0.8856866359710693
02_linear,Linear,XGBoost Regressor,3.5,15.867548,-12.367547988891602
02_linear,Linear,XGBoost Regressor,6.0,5.74975,0.25024986267089844
02_linear,Linear,XGBoost Regressor,3.0,3.1933794,-0.19337940216064453
02_linear,Linear,XGBoost Regressor,1.5,0.9351287,0.5648713111877441
02_linear,Linear,XGBoost Regressor,0.5,0.18352151,0.3164784908294678
02_linear,Linear,XGBoost Regressor,113.0,110.516556,2.4834442138671875
02_linear,Linear,XGBoost Regressor,0.5,0.61246806,-0.11246806383132935
02_linear,Linear,XGBoost Regressor,4.0,6.124993,-2.124992847442627
02_linear,Linear,XGBoost Regressor,1.5,1.449601,0.050398945808410645
02_linear,Linear,XGBoost Regressor,3.0,3.207083,-0.20708298683166504
02_linear,Linear,XGBoost Regressor,83.0,105.780624,-22.780624389648438
02_linear,Linear,XGBoost Regressor,15.5,10.190323,5.3096771240234375
02_linear,Linear,XGBoost Regressor,2.5,2.765004,-0.26500391960144043
02_linear,Linear,XGBoost Regressor,15.5,26.408401,-10.908401489257812
02_linear,Linear,XGBoost Regressor,7.5,9.25294,-1.7529401779174805
02_linear,Linear,XGBoost Regressor,3.5,7.4652896,-3.96528959274292
02_linear,Linear,XGBoost Regressor,1.5,2.5933754,-1.0933754444122314
02_linear,Linear,XGBoost Regressor,4.0,4.1884637,-0.18846368789672852
02_linear,Linear,XGBoost Regressor,181.5,166.13707,15.362930297851562
02_linear,Linear,XGBoost Regressor,0.5,0.7657472,-0.26574718952178955
02_linear,Linear,XGBoost Regressor,152.5,144.86273,7.63726806640625
02_linear,Linear,XGBoost Regressor,1.5,1.4952918,0.0047081708908081055
02_linear,Linear,XGBoost Regressor,0.5,0.3549487,0.14505130052566528
02_linear,Linear,XGBoost Regressor,0.5,0.29681066,0.20318934321403503
02_linear,Linear,XGBoost Regressor,0.5,-0.3194689,0.8194688856601715
02_linear,Linear,XGBoost Regressor,7.5,7.2883286,0.2116713523864746
02_linear,Linear,XGBoost Regressor,17.0,21.183552,-4.183551788330078
02_linear,Linear,XGBoost Regressor,0.5,0.48045692,0.019543081521987915
02_linear,Linear,XGBoost Regressor,3.5,4.853498,-1.3534979820251465
02_linear,Linear,XGBoost Regressor,0.5,0.19071953,0.30928047001361847
02_linear,Linear,XGBoost Regressor,0.5,0.4313498,0.06865018606185913
02_linear,Linear,XGBoost Regressor,7.5,9.448404,-1.948404312133789
02_linear,Linear,XGBoost Regressor,4.5,0.99424094,3.505759060382843
02_linear,Linear,XGBoost Regressor,0.5,0.9480082,-0.4480081796646118
02_linear,Linear,XGBoost Regressor,0.5,0.5073149,-0.007314920425415039
02_linear,Linear,XGBoost Regressor,2.0,1.0194386,0.980561375617981
02_linear,Linear,XGBoost Regressor,1.0,1.0685798,-0.0685797929763794
02_linear,Linear,XGBoost Regressor,3.5,3.8194005,-0.3194005489349365
02_linear,Linear,XGBoost Regressor,1.5,0.7704791,0.7295209169387817
02_linear,Linear,XGBoost Regressor,20.5,22.104073,-1.6040725708007812
02_linear,Linear,XGBoost Regressor,0.5,0.7593779,-0.2593778967857361
02_linear,Linear,XGBoost Regressor,12.0,17.103655,-5.103654861450195
02_linear,Linear,XGBoost Regressor,1.5,2.5055335,-1.0055334568023682
02_linear,Linear,XGBoost Regressor,5.0,2.0931878,2.9068121910095215
02_linear,Linear,XGBoost Regressor,2.5,2.8228843,-0.32288432121276855
02_linear,Linear,XGBoost Regressor,0.5,0.53968793,-0.039687931537628174
02_linear,Linear,XGBoost Regressor,0.5,0.702406,-0.20240598917007446
02_linear,Linear,XGBoost Regressor,398.0,364.82907,33.170928955078125
02_linear,Linear,XGBoost Regressor,0.5,0.4029708,0.09702920913696289
02_linear,Linear,XGBoost Regressor,1.5,2.3705444,-0.87054443359375
02_linear,Linear,XGBoost Regressor,4.0,15.552526,-11.552526473999023
02_linear,Linear,XGBoost Regressor,3.5,5.805161,-2.3051609992980957
02_linear,Linear,XGBoost Regressor,1.5,1.9421346,-0.4421346187591553
02_linear,Linear,XGBoost Regressor,0.5,0.996221,-0.49622100591659546
02_linear,Linear,XGBoost Regressor,8.0,7.9112835,0.08871650695800781
02_linear,Linear,XGBoost Regressor,25.0,19.47019,5.529809951782227
02_linear,Linear,XGBoost Regressor,1.5,2.2172096,-0.7172095775604248
02_linear,Linear,XGBoost Regressor,1.5,0.8257485,0.6742514967918396
02_linear,Linear,XGBoost Regressor,4.0,3.202044,0.7979559898376465
02_linear,Linear,XGBoost Regressor,6.5,15.226315,-8.726314544677734
02_linear,Linear,XGBoost Regressor,142.0,145.46304,-3.463043212890625
02_linear,Linear,XGBoost Regressor,30.0,19.303278,10.696722030639648
02_linear,Linear,XGBoost Regressor,2.5,1.8336002,0.6663998365402222
02_linear,Linear,XGBoost Regressor,5.5,3.4964957,2.0035042762756348
02_linear,Linear,XGBoost Regressor,0.5,0.72911334,-0.22911334037780762
02_linear,Linear,XGBoost Regressor,0.5,0.52296716,-0.022967159748077393
02_linear,Linear,XGBoost Regressor,4.0,9.024322,-5.024321556091309
02_linear,Linear,XGBoost Regressor,6.0,5.5417976,0.4582023620605469
02_linear,Linear,XGBoost Regressor,5.5,5.5957866,-0.09578657150268555
02_linear,Linear,XGBoost Regressor,1.0,0.64218235,0.3578176498413086
02_linear,Linear,XGBoost Regressor,1.0,0.55082047,0.4491795301437378
02_linear,Linear,XGBoost Regressor,0.5,0.49325868,0.006741315126419067
02_linear,Linear,XGBoost Regressor,50.5,67.90931,-17.40930938720703
02_linear,Linear,XGBoost Regressor,2.0,1.1553506,0.8446494340896606
02_linear,Linear,XGBoost Regressor,0.5,0.5851958,-0.08519577980041504
02_linear,Linear,XGBoost Regressor,76.0,166.6516,-90.65159606933594
02_linear,Linear,XGBoost Regressor,0.5,2.3788216,-1.878821611404419
02_linear,Linear,XGBoost Regressor,0.5,0.4774973,0.02250269055366516
02_linear,Linear,XGBoost Regressor,8.5,7.8383117,0.6616883277893066
02_linear,Linear,XGBoost Regressor,31.0,44.761723,-13.761722564697266
02_linear,Linear,XGBoost Regressor,3.0,4.585586,-1.5855860710144043
02_linear,Linear,XGBoost Regressor,37.5,56.415585,-18.915584564208984
02_linear,Linear,XGBoost Regressor,2.0,2.200907,-0.20090699195861816
02_linear,Linear,XGBoost Regressor,15.5,33.494144,-17.994144439697266
02_linear,Linear,XGBoost Regressor,0.5,0.88254184,-0.38254183530807495
02_linear,Linear,XGBoost Regressor,6.0,9.226098,-3.22609806060791
02_linear,Linear,XGBoost Regressor,0.5,0.04334736,0.4566526412963867
02_linear,Linear,XGBoost Regressor,6.0,5.3064785,0.6935214996337891
02_linear,Linear,XGBoost Regressor,5.5,4.2396708,1.260329246520996
02_linear,Linear,XGBoost Regressor,3.0,5.5403705,-2.540370464324951
02_linear,Linear,XGBoost Regressor,0.5,0.50881976,-0.008819758892059326
02_linear,Linear,XGBoost Regressor,0.5,0.63358414,-0.1335841417312622
02_linear,Linear,XGBoost Regressor,2.5,2.271723,0.22827696800231934
02_linear,Linear,XGBoost Regressor,0.5,0.8314396,-0.3314396142959595
02_linear,Linear,XGBoost Regressor,1.5,1.9199702,-0.41997015476226807
02_linear,Linear,XGBoost Regressor,30.0,22.437315,7.562685012817383
02_linear,Linear,XGBoost Regressor,17.5,16.16992,1.3300800323486328
02_linear,Linear,XGBoost Regressor,1.0,0.9304771,0.0695229172706604
02_linear,Linear,XGBoost Regressor,0.5,0.3197147,0.18028530478477478
02_linear,Linear,XGBoost Regressor,0.5,0.4872447,0.01275530457496643
02_linear,Linear,XGBoost Regressor,1.0,0.662943,0.3370569944381714
02_linear,Linear,XGBoost Regressor,17.5,20.13679,-2.636789321899414
02_linear,Linear,XGBoost Regressor,1.0,0.88030916,0.11969083547592163
02_linear,Linear,XGBoost Regressor,1.0,1.0488632,-0.04886317253112793
02_linear,Linear,XGBoost Regressor,0.5,0.33990052,0.16009947657585144
02_linear,Linear,XGBoost Regressor,1.5,1.0208017,0.4791983366012573
02_linear,Linear,XGBoost Regressor,7.0,11.847979,-4.847978591918945
02_linear,Linear,XGBoost Regressor,4.5,4.575867,-0.0758671760559082
02_linear,Linear,XGBoost Regressor,1.0,0.6734792,0.32652080059051514
02_linear,Linear,XGBoost Regressor,4.5,4.0451,0.45489978790283203
02_linear,Linear,XGBoost Regressor,3.5,5.534185,-2.0341849327087402
02_linear,Linear,XGBoost Regressor,0.5,0.77168745,-0.27168744802474976
02_linear,Linear,XGBoost Regressor,2.5,2.4644172,0.035582780838012695
02_linear,Linear,XGBoost Regressor,0.5,0.61239433,-0.11239433288574219
02_linear,Linear,XGBoost Regressor,78.5,65.359985,13.1400146484375
02_linear,Linear,XGBoost Regressor,0.5,0.7529669,-0.25296688079833984
02_linear,Linear,XGBoost Regressor,15.0,22.884274,-7.884273529052734
02_linear,Linear,XGBoost Regressor,20.0,14.494764,5.50523567199707
02_linear,Linear,XGBoost Regressor,0.5,0.59324557,-0.09324556589126587
02_linear,Linear,XGBoost Regressor,1.0,0.6475712,0.3524287939071655
02_linear,Linear,XGBoost Regressor,5.0,4.5505643,0.4494357109069824
02_linear,Linear,XGBoost Regressor,1.5,1.4212399,0.07876014709472656
02_linear,Linear,XGBoost Regressor,2.0,4.17451,-2.1745100021362305
02_linear,Linear,XGBoost Regressor,6.5,5.700331,0.7996687889099121
02_linear,Linear,XGBoost Regressor,0.5,0.5496338,-0.049633800983428955
02_linear,Linear,XGBoost Regressor,1.0,1.3091134,-0.30911338329315186
02_linear,Linear,XGBoost Regressor,18.0,23.762976,-5.762975692749023
02_linear,Linear,XGBoost Regressor,160.0,145.58485,14.415145874023438
02_linear,Linear,XGBoost Regressor,134.5,176.89021,-42.39021301269531
02_linear,Linear,XGBoost Regressor,0.5,0.18511231,0.3148876875638962
02_linear,Linear,XGBoost Regressor,2592.0,2636.5627,-44.562744140625
02_linear,Linear,XGBoost Regressor,0.5,0.51611763,-0.016117632389068604
02_linear,Linear,XGBoost Regressor,0.5,0.859291,-0.3592910170555115
02_linear,Linear,XGBoost Regressor,0.5,0.80479246,-0.30479246377944946
02_linear,Linear,XGBoost Regressor,2.5,3.7533686,-1.253368616104126
02_linear,Linear,XGBoost Regressor,31.5,23.055647,8.444353103637695
02_linear,Linear,XGBoost Regressor,22.0,17.671564,4.328435897827148
02_linear,Linear,XGBoost Regressor,4.5,6.6995287,-2.199528694152832
02_linear,Linear,XGBoost Regressor,28.5,26.750353,1.7496471405029297
02_linear,Linear,XGBoost Regressor,6.5,2.922818,3.5771820545196533
02_linear,Linear,XGBoost Regressor,1.5,1.5613444,-0.06134438514709473
02_linear,Linear,XGBoost Regressor,1.0,1.1837842,-0.18378424644470215
02_linear,Linear,XGBoost Regressor,0.5,0.23458333,0.2654166668653488
02_linear,Linear,XGBoost Regressor,40.5,30.974537,9.525463104248047
02_linear,Linear,XGBoost Regressor,1.5,2.8724887,-1.3724887371063232
02_linear,Linear,XGBoost Regressor,1.0,4.1683354,-3.168335437774658
02_linear,Linear,XGBoost Regressor,0.5,0.42368755,0.07631245255470276
02_linear,Linear,XGBoost Regressor,2.0,1.1745259,0.8254741430282593
02_linear,Linear,XGBoost Regressor,2.0,3.9705315,-1.9705314636230469
02_linear,Linear,XGBoost Regressor,6.0,1.6831247,4.316875338554382
02_linear,Linear,XGBoost Regressor,0.5,0.1660392,0.33396080136299133
02_linear,Linear,XGBoost Regressor,18.5,16.297768,2.2022323608398438
02_linear,Linear,XGBoost Regressor,2.0,1.8930647,0.10693526268005371
02_linear,Linear,XGBoost Regressor,1.5,0.80237836,0.6976216435432434
02_linear,Linear,XGBoost Regressor,9.5,14.234361,-4.734360694885254
02_linear,Linear,XGBoost Regressor,0.5,0.45986712,0.040132880210876465
02_linear,Linear,XGBoost Regressor,2.5,3.2903247,-0.7903246879577637
02_linear,Linear,XGBoost Regressor,5.0,10.340672,-5.340671539306641
02_linear,Linear,XGBoost Regressor,7.5,5.240705,2.2592949867248535
02_linear,Linear,XGBoost Regressor,1.5,1.4213145,0.07868552207946777
02_linear,Linear,XGBoost Regressor,0.5,0.97513217,-0.47513216733932495
02_linear,Linear,XGBoost Regressor,12.0,5.5414906,6.45850944519043
02_linear,Linear,XGBoost Regressor,2.5,1.8853667,0.614633321762085
02_linear,Linear,XGBoost Regressor,4.0,3.232207,0.7677929401397705
02_linear,Linear,XGBoost Regressor,4.5,3.0913181,1.408681869506836
02_linear,Linear,XGBoost Regressor,23.5,18.840364,4.659635543823242
02_linear,Linear,XGBoost Regressor,2826.0,2260.6724,565.32763671875
02_linear,Linear,XGBoost Regressor,23.5,37.25502,-13.755020141601562
02_linear,Linear,XGBoost Regressor,22.5,19.521921,2.978078842163086
02_linear,Linear,XGBoost Regressor,0.5,0.66964954,-0.16964954137802124
02_linear,Linear,XGBoost Regressor,1.0,1.1146523,-0.11465227603912354
02_linear,Linear,XGBoost Regressor,0.5,0.52298594,-0.02298593521118164
02_linear,Linear,XGBoost Regressor,94.0,127.26349,-33.26348876953125
02_linear,Linear,XGBoost Regressor,0.5,0.69420236,-0.19420236349105835
02_linear,Linear,XGBoost Regressor,0.5,0.6536604,-0.15366041660308838
02_linear,Linear,XGBoost Regressor,1.5,0.9073407,0.5926592946052551
02_linear,Linear,XGBoost Regressor,0.5,0.76952934,-0.2695293426513672
02_linear,Linear,XGBoost Regressor,1.5,1.5268642,-0.026864171028137207
02_linear,Linear,XGBoost Regressor,0.5,0.73358595,-0.23358595371246338
02_linear,Linear,XGBoost Regressor,2.0,0.7289396,1.2710604071617126
02_linear,Linear,XGBoost Regressor,0.5,0.7226577,-0.2226576805114746
02_linear,Linear,XGBoost Regressor,3.5,3.4941454,0.005854606628417969
02_linear,Linear,XGBoost Regressor,23.0,62.1744,-39.174400329589844
02_linear,Linear,XGBoost Regressor,0.5,1.0878549,-0.5878548622131348
02_linear,Linear,XGBoost Regressor,1.0,0.33870226,0.6612977385520935
02_linear,Linear,XGBoost Regressor,2.5,1.7042097,0.7957903146743774
02_linear,Linear,XGBoost Regressor,26.5,16.376324,10.123676300048828
02_linear,Linear,XGBoost Regressor,6.5,49.922665,-43.422664642333984
02_linear,Linear,XGBoost Regressor,2.5,1.8499839,0.6500160694122314
02_linear,Linear,XGBoost Regressor,4.5,5.636944,-1.1369438171386719
02_linear,Linear,XGBoost Regressor,7.0,4.2672706,2.732729434967041
02_linear,Linear,XGBoost Regressor,560.0,344.16556,215.83444213867188
02_linear,Linear,XGBoost Regressor,16.0,33.161915,-17.161914825439453
02_linear,Linear,XGBoost Regressor,1.0,1.8004766,-0.8004765510559082
02_linear,Linear,XGBoost Regressor,32.0,31.828348,0.17165184020996094
02_linear,Linear,XGBoost Regressor,4.5,5.3520217,-0.8520216941833496
02_linear,Linear,XGBoost Regressor,13.0,18.704357,-5.704357147216797
02_linear,Linear,XGBoost Regressor,0.5,0.84139156,-0.34139156341552734
02_linear,Linear,XGBoost Regressor,1.5,1.5603899,-0.06038987636566162
02_linear,Linear,XGBoost Regressor,0.5,0.5335022,-0.03350222110748291
02_linear,Linear,XGBoost Regressor,1.5,1.0014766,0.4985233545303345
02_linear,Linear,XGBoost Regressor,3.5,2.2386253,1.2613747119903564
02_linear,Linear,XGBoost Regressor,1.0,1.2906327,-0.2906327247619629
02_linear,Linear,XGBoost Regressor,0.5,0.8316644,-0.33166438341140747
02_linear,Linear,XGBoost Regressor,1.5,2.1841726,-0.6841726303100586
02_linear,Linear,XGBoost Regressor,1.0,1.3150066,-0.3150066137313843
02_linear,Linear,XGBoost Regressor,3.0,3.7021213,-0.7021212577819824
02_linear,Linear,XGBoost Regressor,2.5,1.3224746,1.1775254011154175
02_linear,Linear,XGBoost Regressor,119.0,102.9109,16.08910369873047
02_linear,Linear,XGBoost Regressor,1.5,1.2562864,0.2437136173248291
02_linear,Linear,XGBoost Regressor,1.0,1.531721,-0.5317209959030151
02_linear,Linear,XGBoost Regressor,29.0,16.835304,12.164695739746094
02_linear,Linear,XGBoost Regressor,4.5,5.675387,-1.175386905670166
02_linear,Linear,XGBoost Regressor,16.5,13.565746,2.934253692626953
02_linear,Linear,XGBoost Regressor,1.5,0.76728344,0.7327165603637695
02_linear,Linear,XGBoost Regressor,32.5,33.125755,-0.6257553100585938
02_linear,Linear,XGBoost Regressor,2.0,3.6279342,-1.627934217453003
02_linear,Linear,XGBoost Regressor,2.5,2.7874482,-0.2874481678009033
02_linear,Linear,XGBoost Regressor,2.0,4.7614174,-2.7614173889160156
02_linear,Linear,XGBoost Regressor,0.5,27.0698,-26.569799423217773
02_linear,Linear,XGBoost Regressor,1.0,7.0792103,-6.07921028137207
02_linear,Linear,XGBoost Regressor,42.5,37.50249,4.997509002685547
02_linear,Linear,XGBoost Regressor,6.5,3.913093,2.586906909942627
02_linear,Linear,XGBoost Regressor,8.0,21.945658,-13.945657730102539
02_linear,Linear,XGBoost Regressor,1.0,1.820593,-0.820592999458313
02_linear,Linear,XGBoost Regressor,1.0,0.57187134,0.4281286597251892
02_linear,Linear,XGBoost Regressor,8.5,12.91334,-4.413339614868164
02_linear,Linear,XGBoost Regressor,5.5,10.659541,-5.159541130065918
02_linear,Linear,XGBoost Regressor,32.0,17.493727,14.50627326965332
02_linear,Linear,XGBoost Regressor,2.0,1.2940619,0.7059381008148193
02_linear,Linear,XGBoost Regressor,2.0,2.7362826,-0.7362825870513916
02_linear,Linear,XGBoost Regressor,15.0,21.453405,-6.453405380249023
02_linear,Linear,XGBoost Regressor,0.5,0.662679,-0.1626790165901184
02_linear,Linear,XGBoost Regressor,2.5,2.9526713,-0.4526712894439697
02_linear,Linear,XGBoost Regressor,0.5,0.46580374,0.03419625759124756
02_linear,Linear,XGBoost Regressor,57.5,114.58216,-57.08216094970703
02_linear,Linear,XGBoost Regressor,0.5,0.36422387,0.13577613234519958
02_linear,Linear,XGBoost Regressor,0.5,1.2236645,-0.7236645221710205
02_linear,Linear,XGBoost Regressor,3.0,1.3009338,1.699066162109375
02_linear,Linear,XGBoost Regressor,2.5,1.9520512,0.5479488372802734
02_linear,Linear,XGBoost Regressor,5.5,7.462531,-1.9625310897827148
02_linear,Linear,XGBoost Regressor,1.5,0.94690037,0.5530996322631836
02_linear,Linear,XGBoost Regressor,2.5,2.5990279,-0.09902787208557129
02_linear,Linear,XGBoost Regressor,0.5,0.35683897,0.14316102862358093
02_linear,Linear,XGBoost Regressor,0.5,0.4699544,0.03004559874534607
02_linear,Linear,XGBoost Regressor,1.0,0.5562231,0.4437769055366516
02_linear,Linear,XGBoost Regressor,8.0,16.492956,-8.492956161499023
02_linear,Linear,XGBoost Regressor,1.5,0.6938199,0.8061801195144653
02_linear,Linear,XGBoost Regressor,3.0,3.2690516,-0.26905155181884766
02_linear,Linear,XGBoost Regressor,0.5,3.7227235,-3.2227234840393066
02_linear,Linear,XGBoost Regressor,2.0,4.3846965,-2.3846964836120605
02_linear,Linear,XGBoost Regressor,104.0,102.50861,1.4913864135742188
02_linear,Linear,XGBoost Regressor,9.5,7.532968,1.9670319557189941
02_linear,Linear,XGBoost Regressor,0.5,0.5882575,-0.08825749158859253
02_linear,Linear,XGBoost Regressor,1.5,1.5268642,-0.026864171028137207
02_linear,Linear,XGBoost Regressor,0.5,0.35994723,0.14005276560783386
02_linear,Linear,XGBoost Regressor,0.5,0.9613055,-0.46130549907684326
02_linear,Linear,XGBoost Regressor,3.0,2.2656102,0.7343897819519043
02_linear,Linear,XGBoost Regressor,9.5,7.845933,1.654067039489746
02_linear,Linear,XGBoost Regressor,0.5,0.261517,0.2384830117225647
02_linear,Linear,XGBoost Regressor,1.0,1.6061578,-0.6061577796936035
02_linear,Linear,XGBoost Regressor,5.5,4.5291085,0.9708914756774902
02_linear,Linear,XGBoost Regressor,65.5,56.87718,8.622821807861328
02_linear,Linear,XGBoost Regressor,0.5,0.5832353,-0.08323532342910767
02_linear,Linear,XGBoost Regressor,22.0,21.293375,0.7066249847412109
02_linear,Linear,XGBoost Regressor,1.5,1.042001,0.45799899101257324
02_linear,Linear,XGBoost Regressor,5.5,3.5244172,1.9755828380584717
02_linear,Linear,XGBoost Regressor,7.0,5.964309,1.0356907844543457
02_linear,Linear,XGBoost Regressor,1.0,1.0610442,-0.06104421615600586
02_linear,Linear,XGBoost Regressor,167.0,258.61536,-91.6153564453125
02_linear,Linear,XGBoost Regressor,9.5,15.051488,-5.551487922668457
02_linear,Linear,XGBoost Regressor,20.0,25.535007,-5.535007476806641
02_linear,Linear,XGBoost Regressor,1.0,0.30592495,0.6940750479698181
02_linear,Linear,XGBoost Regressor,1.0,1.9646709,-0.9646708965301514
02_linear,Linear,XGBoost Regressor,3.0,2.443363,0.5566370487213135
02_linear,Linear,XGBoost Regressor,4.5,3.9135106,0.5864894390106201
02_linear,Linear,XGBoost Regressor,25.5,26.192963,-0.692962646484375
02_linear,Linear,XGBoost Regressor,3.0,5.9921236,-2.992123603820801
02_linear,Linear,XGBoost Regressor,1.5,0.80969554,0.6903044581413269
02_linear,Linear,XGBoost Regressor,32.5,26.298782,6.2012176513671875
02_linear,Linear,XGBoost Regressor,31.0,27.789602,3.210397720336914
02_linear,Linear,XGBoost Regressor,4.0,4.8425326,-0.8425326347351074
02_linear,Linear,XGBoost Regressor,0.5,0.4606187,0.03938129544258118
02_linear,Linear,XGBoost Regressor,16.5,20.684587,-4.184587478637695
02_linear,Linear,XGBoost Regressor,4.0,12.046183,-8.046182632446289
02_linear,Linear,XGBoost Regressor,6.0,3.6578035,2.342196464538574
02_linear,Linear,XGBoost Regressor,0.5,0.05285387,0.44714612886309624
02_linear,Linear,XGBoost Regressor,0.5,0.38403198,0.1159680187702179
02_linear,Linear,XGBoost Regressor,1.5,1.5206784,-0.020678400993347168
02_linear,Linear,XGBoost Regressor,0.5,0.432583,0.06741699576377869
02_linear,Linear,XGBoost Regressor,33.5,25.782848,7.717151641845703
02_linear,Linear,XGBoost Regressor,9.0,7.8887844,1.111215591430664
02_linear,Linear,XGBoost Regressor,2.0,3.6043591,-1.6043591499328613
02_linear,Linear,XGBoost Regressor,9.5,5.3088717,4.191128253936768
02_linear,Linear,XGBoost Regressor,2.0,1.3639122,0.6360877752304077
02_linear,Linear,XGBoost Regressor,2.5,2.6154194,-0.11541938781738281
02_linear,Linear,XGBoost Regressor,2.5,5.9890885,-3.489088535308838
02_linear,Linear,XGBoost Regressor,1784.0,1862.7776,-78.777587890625
02_linear,Linear,XGBoost Regressor,4.0,2.9670777,1.0329222679138184
02_linear,Linear,XGBoost Regressor,1.0,0.4671152,0.532884806394577
02_linear,Linear,XGBoost Regressor,0.5,1.0565382,-0.5565382242202759
02_linear,Linear,XGBoost Regressor,43.0,46.75758,-3.757579803466797
02_linear,Linear,XGBoost Regressor,16.0,18.358372,-2.3583717346191406
02_linear,Linear,XGBoost Regressor,15.5,25.596497,-10.09649658203125
02_linear,Linear,XGBoost Regressor,3.5,5.6754537,-2.1754536628723145
02_linear,Linear,XGBoost Regressor,12.0,0.25472063,11.745279371738434
02_linear,Linear,XGBoost Regressor,3.0,2.3678074,0.6321926116943359
02_linear,Linear,XGBoost Regressor,2.5,1.7499669,0.7500331401824951
02_linear,Linear,XGBoost Regressor,413.0,355.08533,57.9146728515625
02_linear,Linear,XGBoost Regressor,0.5,0.78648806,-0.28648805618286133
02_linear,Linear,XGBoost Regressor,0.5,0.9828872,-0.4828872084617615
02_linear,Linear,XGBoost Regressor,8.0,5.278338,2.7216620445251465
02_linear,Linear,XGBoost Regressor,9.5,13.992767,-4.492767333984375
02_linear,Linear,XGBoost Regressor,3.5,5.026196,-1.526196002960205
02_linear,Linear,XGBoost Regressor,51.0,32.748108,18.25189208984375
02_linear,Linear,XGBoost Regressor,2.0,1.5588341,0.4411659240722656
02_linear,Linear,XGBoost Regressor,1.5,1.5389587,-0.03895866870880127
02_linear,Linear,XGBoost Regressor,7.0,6.8003793,0.19962072372436523
02_linear,Linear,XGBoost Regressor,1.0,0.61802095,0.3819790482521057
02_linear,Linear,XGBoost Regressor,2.0,1.320626,0.6793739795684814
02_linear,Linear,XGBoost Regressor,31.0,41.619427,-10.619426727294922
02_linear,Linear,XGBoost Regressor,0.5,0.28829974,0.21170026063919067
02_linear,Linear,XGBoost Regressor,0.5,0.3473653,0.15263471007347107
02_linear,Linear,XGBoost Regressor,6.0,5.029542,0.9704580307006836
02_linear,Linear,XGBoost Regressor,0.5,0.32407597,0.17592403292655945
02_linear,Linear,XGBoost Regressor,5.5,7.6417813,-2.1417813301086426
02_linear,Linear,XGBoost Regressor,0.5,1.3271683,-0.827168345451355
02_linear,Linear,XGBoost Regressor,1.0,1.4488856,-0.44888556003570557
02_linear,Linear,XGBoost Regressor,8.0,10.572845,-2.572845458984375
02_linear,Linear,XGBoost Regressor,0.5,0.9211847,-0.4211847186088562
02_linear,Linear,XGBoost Regressor,2.5,2.6910856,-0.1910855770111084
02_linear,Linear,XGBoost Regressor,22.0,34.085308,-12.085308074951172
02_linear,Linear,XGBoost Regressor,2.0,2.0329943,-0.03299427032470703
02_linear,Linear,XGBoost Regressor,0.5,0.8471271,-0.3471270799636841
02_linear,Linear,XGBoost Regressor,0.5,1.3116153,-0.8116153478622437
02_linear,Linear,XGBoost Regressor,36.0,46.805157,-10.805156707763672
02_linear,Linear,XGBoost Regressor,43.5,42.305878,1.194122314453125
02_linear,Linear,XGBoost Regressor,2.5,3.0356307,-0.5356307029724121
02_linear,Linear,XGBoost Regressor,6.0,5.8372207,0.1627793312072754
02_linear,Linear,XGBoost Regressor,0.5,0.4787499,0.021250098943710327
02_linear,Linear,XGBoost Regressor,1.0,0.84249836,0.15750163793563843
02_linear,Linear,XGBoost Regressor,0.5,0.987718,-0.48771798610687256
02_linear,Linear,XGBoost Regressor,28.0,16.057907,11.942092895507812
02_linear,Linear,XGBoost Regressor,0.5,0.16825245,0.33174754679203033
02_linear,Linear,XGBoost Regressor,33.5,18.729134,14.770866394042969
02_linear,Linear,XGBoost Regressor,1.5,1.400958,0.09904205799102783
02_linear,Linear,XGBoost Regressor,0.5,0.3884376,0.11156240105628967
02_linear,Linear,XGBoost Regressor,6.0,17.103443,-11.103443145751953
02_linear,Linear,XGBoost Regressor,5.5,14.230408,-8.73040771484375
02_linear,Linear,XGBoost Regressor,8.0,5.21468,2.7853198051452637
02_linear,Linear,XGBoost Regressor,25.5,18.189842,7.310157775878906
02_linear,Linear,XGBoost Regressor,5.0,9.809812,-4.809811592102051
02_linear,Linear,XGBoost Regressor,0.5,0.52298594,-0.02298593521118164
02_linear,Linear,XGBoost Regressor,0.5,0.49261838,0.007381618022918701
02_linear,Linear,XGBoost Regressor,14.0,12.014796,1.985203742980957
02_linear,Linear,XGBoost Regressor,0.5,0.55216974,-0.052169740200042725
02_linear,Linear,XGBoost Regressor,12.0,0.20337075,11.796629250049591
02_linear,Linear,XGBoost Regressor,8.0,6.4381065,1.5618934631347656
02_linear,Linear,XGBoost Regressor,9.0,10.452514,-1.4525136947631836
02_linear,Linear,XGBoost Regressor,3.0,5.292508,-2.292508125305176
02_linear,Linear,XGBoost Regressor,56.0,64.530655,-8.530654907226562
02_linear,Linear,XGBoost Regressor,1.0,0.8352681,0.1647319197654724
02_linear,Linear,XGBoost Regressor,3.0,3.8751926,-0.8751926422119141
02_linear,Linear,XGBoost Regressor,1.5,2.3580475,-0.8580474853515625
02_linear,Linear,XGBoost Regressor,19.5,25.573738,-6.073738098144531
02_linear,Linear,XGBoost Regressor,37.0,41.528725,-4.528724670410156
02_linear,Linear,XGBoost Regressor,1.0,2.0883408,-1.0883407592773438
02_linear,Linear,XGBoost Regressor,0.5,0.439284,0.06071600317955017
02_linear,Linear,XGBoost Regressor,11.5,13.041901,-1.541900634765625
02_linear,Linear,XGBoost Regressor,2.0,1.5385059,0.4614940881729126
02_linear,Linear,XGBoost Regressor,52.0,49.90459,2.095409393310547
02_linear,Linear,XGBoost Regressor,15.5,12.277518,3.2224817276000977
02_linear,Linear,XGBoost Regressor,0.5,1.0211827,-0.521182656288147
02_linear,Linear,XGBoost Regressor,1.0,0.672531,0.32746899127960205
02_linear,Linear,XGBoost Regressor,0.5,0.49639755,0.003602445125579834
02_linear,Linear,XGBoost Regressor,97.0,81.55685,15.443153381347656
02_linear,Linear,XGBoost Regressor,6.0,5.3270473,0.6729526519775391
02_linear,Linear,XGBoost Regressor,36.0,34.203075,1.7969245910644531
02_linear,Linear,XGBoost Regressor,0.5,0.46094412,0.03905588388442993
02_linear,Linear,XGBoost Regressor,24.0,24.832886,-0.8328857421875
02_linear,Linear,XGBoost Regressor,0.5,0.8270001,-0.32700008153915405
02_linear,Linear,XGBoost Regressor,3.0,2.8859982,0.11400175094604492
02_linear,Linear,XGBoost Regressor,2.0,1.7758259,0.2241741418838501
02_linear,Linear,XGBoost Regressor,5.0,1.7963204,3.2036795616149902
02_linear,Linear,XGBoost Regressor,3.0,3.2430816,-0.24308156967163086
02_linear,Linear,XGBoost Regressor,91.0,78.51229,12.487709045410156
02_linear,Linear,XGBoost Regressor,0.5,0.602565,-0.1025649905204773
02_linear,Linear,XGBoost Regressor,23.0,29.660044,-6.660043716430664
02_linear,Linear,XGBoost Regressor,1.0,1.117715,-0.11771500110626221
02_linear,Linear,XGBoost Regressor,1.5,0.87519395,0.6248060464859009
02_linear,Linear,XGBoost Regressor,16.5,14.512727,1.9872732162475586
02_linear,Linear,XGBoost Regressor,21.0,21.531021,-0.5310211181640625
02_linear,Linear,XGBoost Regressor,2.0,3.4916654,-1.4916653633117676
02_linear,Linear,XGBoost Regressor,1.0,1.5226419,-0.5226418972015381
02_linear,Linear,XGBoost Regressor,2.0,2.329455,-0.3294548988342285
02_linear,Linear,XGBoost Regressor,1.5,1.0702051,0.42979490756988525
02_linear,Linear,XGBoost Regressor,23.5,16.158972,7.341028213500977
02_linear,Linear,XGBoost Regressor,0.5,0.06329804,0.4367019608616829
02_linear,Linear,XGBoost Regressor,26.0,18.207277,7.792722702026367
02_linear,Linear,XGBoost Regressor,2.0,1.3646334,0.6353665590286255
02_linear,Linear,XGBoost Regressor,2.0,3.4169433,-1.4169433116912842
02_linear,Linear,XGBoost Regressor,0.5,0.41684157,0.08315843343734741
02_linear,Linear,XGBoost Regressor,4.0,2.1948931,1.8051068782806396
02_linear,Linear,XGBoost Regressor,1.5,1.958798,-0.45879805088043213
02_linear,Linear,XGBoost Regressor,2.5,1.9874538,0.512546181678772
02_linear,Linear,XGBoost Regressor,6.5,6.729117,-0.22911691665649414
02_linear,Linear,XGBoost Regressor,5.0,49.297646,-44.297645568847656
02_linear,Linear,XGBoost Regressor,22.5,17.343945,5.156055450439453
02_linear,Linear,XGBoost Regressor,2.0,2.5062194,-0.5062193870544434
02_linear,Linear,XGBoost Regressor,14.5,15.127853,-0.6278533935546875
02_linear,Linear,XGBoost Regressor,11.5,18.779245,-7.279245376586914
02_linear,Linear,XGBoost Regressor,34.0,53.834286,-19.834285736083984
02_linear,Linear,XGBoost Regressor,2.0,1.9927225,0.007277488708496094
02_linear,Linear,XGBoost Regressor,0.5,1.1811475,-0.6811474561691284
02_linear,Linear,XGBoost Regressor,0.5,1.0382264,-0.5382263660430908
02_linear,Linear,XGBoost Regressor,24.0,23.456873,0.5431270599365234
02_linear,Linear,XGBoost Regressor,2.5,1.6247718,0.8752281665802002
02_linear,Linear,XGBoost Regressor,20.0,30.25366,-10.253660202026367
02_linear,Linear,XGBoost Regressor,2.0,3.3483694,-1.3483693599700928
02_linear,Linear,XGBoost Regressor,0.5,0.5232523,-0.02325230836868286
02_linear,Linear,XGBoost Regressor,5.0,7.506787,-2.506786823272705
02_linear,Linear,XGBoost Regressor,11.0,14.749132,-3.7491321563720703
02_linear,Linear,XGBoost Regressor,1.5,1.0483482,0.45165181159973145
02_linear,Linear,XGBoost Regressor,0.5,0.82988214,-0.3298821449279785
02_linear,Linear,XGBoost Regressor,10.5,10.034517,0.4654827117919922
02_linear,Linear,XGBoost Regressor,199.5,152.31946,47.1805419921875
02_linear,Linear,XGBoost Regressor,0.5,0.68790513,-0.18790513277053833
02_linear,Linear,XGBoost Regressor,47.5,16.795048,30.704952239990234
02_linear,Linear,XGBoost Regressor,0.5,0.7644644,-0.2644643783569336
02_linear,Linear,XGBoost Regressor,39.5,55.308556,-15.808555603027344
02_linear,Linear,XGBoost Regressor,18.5,26.597363,-8.097362518310547
02_linear,Linear,XGBoost Regressor,54.5,85.72766,-31.2276611328125
02_linear,Linear,XGBoost Regressor,1.5,1.6092994,-0.1092994213104248
02_linear,Linear,XGBoost Regressor,2.0,0.8243092,1.1756908297538757
02_linear,Linear,XGBoost Regressor,0.5,0.37248766,0.12751233577728271
02_linear,Linear,XGBoost Regressor,8.5,6.277317,2.2226829528808594
02_linear,Linear,XGBoost Regressor,1.0,0.9565204,0.04347962141036987
02_linear,Linear,XGBoost Regressor,22.0,16.234041,5.765958786010742
02_linear,Linear,XGBoost Regressor,0.5,0.28448674,0.21551325917243958
02_linear,Linear,XGBoost Regressor,14.0,11.008725,2.991274833679199
02_linear,Linear,XGBoost Regressor,1.5,2.2585168,-0.758516788482666
02_linear,Linear,XGBoost Regressor,29.5,22.108969,7.391031265258789
02_linear,Linear,XGBoost Regressor,4.5,4.0796385,0.4203615188598633
02_linear,Linear,XGBoost Regressor,23.0,26.075266,-3.075265884399414
02_linear,Linear,XGBoost Regressor,0.5,0.3025543,0.19744569063186646
02_linear,Linear,XGBoost Regressor,3.5,6.4132814,-2.9132814407348633
02_linear,Linear,XGBoost Regressor,225.0,1387.0397,-1162.0396728515625
02_linear,Linear,XGBoost Regressor,27.5,22.632267,4.867733001708984
02_linear,Linear,XGBoost Regressor,5.0,5.6362634,-0.636263370513916
02_linear,Linear,XGBoost Regressor,0.5,0.91297644,-0.4129764437675476
02_linear,Linear,XGBoost Regressor,10.0,6.3156686,3.6843314170837402
02_linear,Linear,XGBoost Regressor,8.0,14.760021,-6.760021209716797
02_linear,Linear,XGBoost Regressor,0.5,0.055566337,0.44443366304039955
02_linear,Linear,XGBoost Regressor,22.5,11.236972,11.263028144836426
02_linear,Linear,XGBoost Regressor,19.5,22.553896,-3.053895950317383
02_linear,Linear,XGBoost Regressor,1.0,0.5083822,0.4916177988052368
02_linear,Linear,XGBoost Regressor,2.0,1.0613737,0.9386262893676758
02_linear,Linear,XGBoost Regressor,15.5,19.883078,-4.383077621459961
02_linear,Linear,XGBoost Regressor,1.0,1.3881162,-0.3881162405014038
02_linear,Linear,XGBoost Regressor,0.5,0.9610128,-0.4610127806663513
02_linear,Linear,XGBoost Regressor,6.0,6.0446744,-0.04467439651489258
02_linear,Linear,XGBoost Regressor,3.0,4.0131507,-1.013150691986084
02_linear,Linear,XGBoost Regressor,0.5,0.33129683,0.16870316863059998
02_linear,Linear,XGBoost Regressor,5.0,8.086037,-3.0860366821289062
02_linear,Linear,XGBoost Regressor,1.5,1.5993495,-0.0993494987487793
02_linear,Linear,XGBoost Regressor,4.0,2.5757906,1.4242093563079834
02_linear,Linear,XGBoost Regressor,1.5,3.987366,-2.487365961074829
02_linear,Linear,XGBoost Regressor,0.5,0.39484635,0.1051536500453949
02_linear,Linear,XGBoost Regressor,9.0,9.751296,-0.7512960433959961
02_linear,Linear,XGBoost Regressor,1.5,2.5055335,-1.0055334568023682
02_linear,Linear,XGBoost Regressor,1.5,0.9852443,0.5147557258605957
02_linear,Linear,XGBoost Regressor,34.0,22.401608,11.598392486572266
02_linear,Linear,XGBoost Regressor,16.0,14.906439,1.0935611724853516
02_linear,Linear,XGBoost Regressor,0.5,0.30524215,0.1947578489780426
02_linear,Linear,XGBoost Regressor,1.5,1.0942292,0.40577077865600586
02_linear,Linear,XGBoost Regressor,1.0,1.851264,-0.8512639999389648
02_linear,Linear,XGBoost Regressor,2.5,2.1315057,0.36849427223205566
02_linear,Linear,XGBoost Regressor,75.5,59.803562,15.69643783569336
02_linear,Linear,XGBoost Regressor,16.5,25.263687,-8.763687133789062
02_linear,Linear,XGBoost Regressor,5.5,9.185228,-3.6852283477783203
02_linear,Linear,XGBoost Regressor,17.0,21.804804,-4.804803848266602
02_linear,Linear,XGBoost Regressor,0.5,0.5861465,-0.08614647388458252
02_linear,Linear,XGBoost Regressor,1.5,1.4398326,0.06016743183135986
02_linear,Linear,XGBoost Regressor,6.5,6.02499,0.4750099182128906
02_linear,Linear,XGBoost Regressor,10.5,7.0015364,3.4984636306762695
02_linear,Linear,XGBoost Regressor,1.5,0.9704605,0.5295395255088806
02_linear,Linear,XGBoost Regressor,1.5,1.6150154,-0.11501538753509521
02_linear,Linear,XGBoost Regressor,0.5,0.8519183,-0.3519182801246643
02_linear,Linear,XGBoost Regressor,1.0,1.0071462,-0.007146239280700684
02_linear,Linear,XGBoost Regressor,0.5,0.24848697,0.2515130341053009
02_linear,Linear,XGBoost Regressor,5.0,21.051533,-16.051532745361328
02_linear,Linear,XGBoost Regressor,0.5,0.2722341,0.22776588797569275
02_linear,Linear,XGBoost Regressor,10.0,10.203332,-0.20333194732666016
02_linear,Linear,XGBoost Regressor,0.5,0.7072849,-0.20728492736816406
02_linear,Linear,XGBoost Regressor,7.0,2.633064,4.366935968399048
02_linear,Linear,XGBoost Regressor,1.5,1.444123,0.055876970291137695
02_linear,Linear,XGBoost Regressor,0.5,0.5813778,-0.08137780427932739
02_linear,Linear,XGBoost Regressor,0.5,0.5424927,-0.042492687702178955
02_linear,Linear,XGBoost Regressor,0.5,0.3528892,0.14711079001426697
02_linear,Linear,XGBoost Regressor,26.0,24.760918,1.2390823364257812
02_linear,Linear,XGBoost Regressor,12.5,17.776186,-5.276185989379883
02_linear,Linear,XGBoost Regressor,0.5,0.87818897,-0.37818896770477295
02_linear,Linear,XGBoost Regressor,38.0,25.975767,12.024232864379883
02_linear,Linear,XGBoost Regressor,1.0,2.8145518,-1.814551830291748
02_linear,Linear,XGBoost Regressor,17.0,24.156796,-7.156795501708984
02_linear,Linear,XGBoost Regressor,0.5,1.5300745,-1.0300744771957397
02_linear,Linear,XGBoost Regressor,43.5,56.21625,-12.716251373291016
02_linear,Linear,XGBoost Regressor,0.5,0.60719573,-0.10719573497772217
02_linear,Linear,XGBoost Regressor,7.5,4.3002133,3.19978666305542
02_linear,Linear,XGBoost Regressor,2.0,1.4628944,0.5371055603027344
02_linear,Linear,XGBoost Regressor,1.0,0.9150909,0.08490908145904541
02_linear,Linear,XGBoost Regressor,0.5,0.4222065,0.07779350876808167
02_linear,Linear,XGBoost Regressor,4.5,14.329326,-9.829325675964355
02_linear,Linear,XGBoost Regressor,0.5,0.45003012,0.049969881772994995
02_linear,Linear,XGBoost Regressor,4.5,4.7223606,-0.22236061096191406
02_linear,Linear,XGBoost Regressor,10.5,17.144432,-6.644432067871094
02_linear,Linear,XGBoost Regressor,0.5,0.35295105,0.1470489501953125
02_linear,Linear,XGBoost Regressor,7.0,22.946959,-15.946958541870117
02_linear,Linear,XGBoost Regressor,16.0,12.402262,3.597738265991211
02_linear,Linear,XGBoost Regressor,1.5,1.2934097,0.20659029483795166
02_linear,Linear,XGBoost Regressor,0.5,0.33411205,0.1658879518508911
02_linear,Linear,XGBoost Regressor,1.5,1.4485041,0.051495909690856934
02_linear,Linear,XGBoost Regressor,2981.0,1756.973,1224.0269775390625
02_linear,Linear,XGBoost Regressor,2.0,2.739278,-0.7392780780792236
02_linear,Linear,XGBoost Regressor,0.5,0.6987258,-0.19872581958770752
02_linear,Linear,XGBoost Regressor,0.5,0.8909321,-0.3909320831298828
02_linear,Linear,XGBoost Regressor,16.0,28.343325,-12.343324661254883
02_linear,Linear,XGBoost Regressor,7.0,4.2451086,2.7548913955688477
02_linear,Linear,XGBoost Regressor,7.0,6.3264713,0.6735286712646484
02_linear,Linear,XGBoost Regressor,7.5,15.120988,-7.620987892150879
02_linear,Linear,XGBoost Regressor,27.0,22.909698,4.090301513671875
02_linear,Linear,XGBoost Regressor,1.0,0.35164717,0.6483528316020966
02_linear,Linear,XGBoost Regressor,0.5,0.7035775,-0.20357751846313477
02_linear,Linear,XGBoost Regressor,36.0,47.44983,-11.4498291015625
02_linear,Linear,XGBoost Regressor,7.5,10.922444,-3.4224443435668945
02_linear,Linear,XGBoost Regressor,1.0,1.4689054,-0.4689054489135742
02_linear,Linear,XGBoost Regressor,2.5,3.2492306,-0.7492306232452393
02_linear,Linear,XGBoost Regressor,2.5,11.933535,-9.433534622192383
02_linear,Linear,XGBoost Regressor,1.0,1.5146867,-0.5146867036819458
02_linear,Linear,XGBoost Regressor,289.0,274.93228,14.067718505859375
02_linear,Linear,XGBoost Regressor,0.5,2.1069512,-1.6069512367248535
02_linear,Linear,XGBoost Regressor,84.0,102.721565,-18.72156524658203
02_linear,Linear,XGBoost Regressor,11.5,19.869028,-8.369028091430664
02_linear,Linear,XGBoost Regressor,41.5,29.631088,11.868911743164062
02_linear,Linear,XGBoost Regressor,9.5,8.32189,1.178110122680664
02_linear,Linear,XGBoost Regressor,2.0,1.0361599,0.963840126991272
02_linear,Linear,XGBoost Regressor,7.0,7.277698,-0.2776980400085449
02_linear,Linear,XGBoost Regressor,42.5,47.69184,-5.191841125488281
02_linear,Linear,XGBoost Regressor,0.5,0.81298184,-0.31298184394836426
02_linear,Linear,XGBoost Regressor,0.5,0.77034533,-0.2703453302383423
02_linear,Linear,XGBoost Regressor,14.0,19.789824,-5.789823532104492
02_linear,Linear,XGBoost Regressor,2.5,5.947995,-3.447995185852051
02_linear,Linear,XGBoost Regressor,2.5,2.2710123,0.2289876937866211
02_linear,Linear,XGBoost Regressor,0.5,0.5264337,-0.026433706283569336
02_linear,Linear,XGBoost Regressor,0.5,0.4474583,0.05254170298576355
02_linear,Linear,XGBoost Regressor,26.5,16.165655,10.334344863891602
02_linear,Linear,XGBoost Regressor,0.5,0.671286,-0.1712859869003296
02_linear,Linear,XGBoost Regressor,25.0,20.520842,4.479158401489258
02_linear,Linear,XGBoost Regressor,0.5,0.30123344,0.1987665593624115
02_linear,Linear,XGBoost Regressor,1.5,1.1120265,0.3879735469818115
02_linear,Linear,XGBoost Regressor,40.0,57.739212,-17.739212036132812
02_linear,Linear,XGBoost Regressor,2.0,2.5256078,-0.5256078243255615
02_linear,Linear,XGBoost Regressor,0.5,0.44766277,0.05233722925186157
02_linear,Linear,XGBoost Regressor,25.5,24.139645,1.3603553771972656
02_linear,Linear,XGBoost Regressor,1.0,1.4452081,-0.4452080726623535
02_linear,Linear,XGBoost Regressor,2.5,3.5494685,-1.0494685173034668
02_linear,Linear,XGBoost Regressor,1.0,0.8376084,0.16239160299301147
02_linear,Linear,XGBoost Regressor,5.5,7.3837376,-1.883737564086914
02_linear,Linear,XGBoost Regressor,23.0,17.47313,5.5268707275390625
02_linear,Linear,XGBoost Regressor,0.5,0.1682638,0.3317362070083618
02_linear,Linear,XGBoost Regressor,2.5,0.78161216,1.7183878421783447
02_linear,Linear,XGBoost Regressor,32.5,31.90039,0.599609375
02_linear,Linear,XGBoost Regressor,17.0,22.364609,-5.3646087646484375
02_linear,Linear,XGBoost Regressor,9.0,5.7497807,3.2502193450927734
02_linear,Linear,XGBoost Regressor,0.5,0.13854393,0.3614560663700104
02_linear,Linear,XGBoost Regressor,0.5,0.2662302,0.23376980423927307
02_linear,Linear,XGBoost Regressor,20.5,16.62961,3.870389938354492
02_linear,Linear,XGBoost Regressor,0.5,0.42200762,0.07799237966537476
02_linear,Linear,XGBoost Regressor,44.5,41.7979,2.702098846435547
02_linear,Linear,XGBoost Regressor,1.0,0.6292115,0.3707885146141052
02_linear,Linear,XGBoost Regressor,160.0,90.8164,69.18360137939453
02_linear,Linear,XGBoost Regressor,1.5,1.553499,-0.05349898338317871
02_linear,Linear,XGBoost Regressor,21.5,19.190487,2.3095130920410156
02_linear,Linear,XGBoost Regressor,1.0,0.67979467,0.32020533084869385
02_linear,Linear,XGBoost Regressor,1.0,1.0946634,-0.09466338157653809
02_linear,Linear,XGBoost Regressor,43.0,33.35012,9.649879455566406
02_linear,Linear,XGBoost Regressor,13.0,10.723575,2.276425361633301
02_linear,Linear,XGBoost Regressor,0.5,0.64448404,-0.1444840431213379
02_linear,Linear,XGBoost Regressor,627.0,438.06067,188.9393310546875
02_linear,Linear,XGBoost Regressor,32.0,24.106901,7.893098831176758
02_linear,Linear,XGBoost Regressor,7.5,8.601786,-1.101785659790039
02_linear,Linear,XGBoost Regressor,6.0,3.1175175,2.8824825286865234
02_linear,Linear,XGBoost Regressor,1.0,1.8040869,-0.8040869235992432
02_linear,Linear,XGBoost Regressor,46.0,22.016136,23.983863830566406
02_linear,Linear,XGBoost Regressor,25.0,19.527716,5.472284317016602
02_linear,Linear,XGBoost Regressor,7.5,3.5385273,3.961472749710083
02_linear,Linear,XGBoost Regressor,11.5,20.440348,-8.940347671508789
02_linear,Linear,XGBoost Regressor,139.0,113.46698,25.53302001953125
02_linear,Linear,XGBoost Regressor,0.5,0.21117744,0.28882256150245667
02_linear,Linear,XGBoost Regressor,2.5,1.4600792,1.0399208068847656
02_linear,Linear,XGBoost Regressor,0.5,0.654261,-0.15426099300384521
02_linear,Linear,XGBoost Regressor,299.0,323.87396,-24.87396240234375
02_linear,Linear,XGBoost Regressor,2.5,4.107754,-1.6077542304992676
02_linear,Linear,XGBoost Regressor,7.5,4.8196855,2.680314540863037
02_linear,Linear,XGBoost Regressor,2.5,2.6622064,-0.16220641136169434
02_linear,Linear,XGBoost Regressor,5.5,4.457019,1.0429811477661133
02_linear,Linear,XGBoost Regressor,68.0,70.10075,-2.1007537841796875
02_linear,Linear,XGBoost Regressor,17.5,22.324156,-4.824155807495117
02_linear,Linear,XGBoost Regressor,123.0,178.57542,-55.57542419433594
02_linear,Linear,XGBoost Regressor,10.5,16.298357,-5.798357009887695
02_linear,Linear,XGBoost Regressor,0.5,0.44817227,0.05182772874832153
02_linear,Linear,XGBoost Regressor,0.5,-0.12861542,0.6286154240369797
02_linear,Linear,XGBoost Regressor,3.5,1.9411869,1.5588130950927734
02_linear,Linear,XGBoost Regressor,1.0,1.2070342,-0.20703423023223877
02_linear,Linear,XGBoost Regressor,5.5,6.6484284,-1.1484284400939941
02_linear,Linear,XGBoost Regressor,3.5,2.8811483,0.6188516616821289
02_linear,Linear,XGBoost Regressor,17.5,17.37149,0.128509521484375
02_linear,Linear,XGBoost Regressor,11.0,11.123909,-0.12390899658203125
02_linear,Linear,XGBoost Regressor,1.0,1.0617415,-0.06174147129058838
02_linear,Linear,XGBoost Regressor,10.0,19.637527,-9.637527465820312
02_linear,Linear,XGBoost Regressor,526.0,461.5159,64.48410034179688
02_linear,Linear,XGBoost Regressor,9.0,12.398586,-3.3985862731933594
02_linear,Linear,XGBoost Regressor,1.0,1.9861871,-0.9861871004104614
02_linear,Linear,XGBoost Regressor,1.0,0.80781865,0.19218134880065918
02_linear,Linear,XGBoost Regressor,2.0,1.8665497,0.13345026969909668
02_linear,Linear,XGBoost Regressor,729.0,932.32666,-203.32666015625
02_linear,Linear,XGBoost Regressor,8.0,11.152613,-3.1526126861572266
02_linear,Linear,XGBoost Regressor,1.5,3.3925765,-1.8925764560699463
02_linear,Linear,XGBoost Regressor,6.0,5.0629535,0.9370465278625488
02_linear,Linear,XGBoost Regressor,25.5,17.735147,7.764852523803711
02_linear,Linear,XGBoost Regressor,8.0,10.582079,-2.5820789337158203
02_linear,Linear,XGBoost Regressor,6.0,5.908643,0.09135723114013672
02_linear,Linear,XGBoost Regressor,27.0,19.964968,7.035032272338867
02_linear,Linear,XGBoost Regressor,44.0,44.007435,-0.007434844970703125
02_linear,Linear,XGBoost Regressor,3.5,3.4274774,0.07252264022827148
02_linear,Linear,XGBoost Regressor,1.0,0.597202,0.40279799699783325
02_linear,Linear,XGBoost Regressor,1.5,1.1151977,0.38480234146118164
02_linear,Linear,XGBoost Regressor,4.0,2.6466985,1.3533015251159668
02_linear,Linear,XGBoost Regressor,3.5,2.8736684,0.6263315677642822
02_linear,Linear,XGBoost Regressor,0.5,0.618922,-0.11892199516296387
02_linear,Linear,XGBoost Regressor,1.0,2.3847022,-1.384702205657959
02_linear,Linear,XGBoost Regressor,5.5,4.825768,0.674232006072998
02_linear,Linear,XGBoost Regressor,0.5,0.62879795,-0.12879794836044312
02_linear,Linear,XGBoost Regressor,29.5,38.996407,-9.496406555175781
02_linear,Linear,XGBoost Regressor,33.0,19.937859,13.062141418457031
02_linear,Linear,XGBoost Regressor,21.5,20.589844,0.91015625
02_linear,Linear,XGBoost Regressor,6.0,3.1891816,2.8108184337615967
02_linear,Linear,XGBoost Regressor,0.5,0.8624315,-0.36243152618408203
02_linear,Linear,XGBoost Regressor,1.0,1.3242671,-0.3242671489715576
02_linear,Linear,XGBoost Regressor,1.5,2.0574892,-0.5574891567230225
02_linear,Linear,XGBoost Regressor,2.0,2.768875,-0.7688748836517334
02_linear,Linear,XGBoost Regressor,0.5,0.7533522,-0.25335222482681274
02_linear,Linear,XGBoost Regressor,1.0,1.4922193,-0.49221932888031006
02_linear,Linear,XGBoost Regressor,25.0,30.073477,-5.073476791381836
02_linear,Linear,XGBoost Regressor,0.5,0.7411917,-0.24119168519973755
02_linear,Linear,XGBoost Regressor,1.5,2.7611885,-1.2611885070800781
02_linear,Linear,XGBoost Regressor,2.0,1.4299678,0.5700322389602661
02_linear,Linear,XGBoost Regressor,1.0,0.55060256,0.4493974447250366
02_linear,Linear,XGBoost Regressor,0.5,1.7616829,-1.2616828680038452
02_linear,Linear,XGBoost Regressor,10.0,15.131419,-5.1314191818237305
02_linear,Linear,XGBoost Regressor,1.0,1.862744,-0.8627439737319946
02_linear,Linear,XGBoost Regressor,13.5,22.95736,-9.457359313964844
02_linear,Linear,XGBoost Regressor,0.5,0.13486157,0.3651384264230728
02_linear,Linear,XGBoost Regressor,0.5,0.14631318,0.3536868244409561
02_linear,Linear,XGBoost Regressor,1.0,1.4827163,-0.48271632194519043
02_linear,Linear,XGBoost Regressor,28.0,20.621502,7.378498077392578
02_linear,Linear,XGBoost Regressor,3.5,3.0115056,0.4884943962097168
02_linear,Linear,XGBoost Regressor,0.5,0.38189852,0.11810147762298584
02_linear,Linear,XGBoost Regressor,1.0,0.701094,0.29890602827072144
02_linear,Linear,XGBoost Regressor,21.5,19.027607,2.472393035888672
02_linear,Linear,XGBoost Regressor,13.0,22.405994,-9.405994415283203
02_linear,Linear,XGBoost Regressor,14.0,6.9190774,7.080922603607178
02_linear,Linear,XGBoost Regressor,28.5,22.636969,5.863031387329102
02_linear,Linear,XGBoost Regressor,0.5,0.59936637,-0.09936636686325073
02_linear,Linear,XGBoost Regressor,1.5,0.31376407,1.186235934495926
02_linear,Linear,XGBoost Regressor,8.5,8.594389,-0.09438896179199219
02_linear,Linear,XGBoost Regressor,28.0,21.017061,6.982938766479492
02_linear,Linear,XGBoost Regressor,8.5,4.6273785,3.872621536254883
02_linear,Linear,XGBoost Regressor,2.0,3.026478,-1.0264780521392822
02_linear,Linear,XGBoost Regressor,0.5,0.31155425,0.18844574689865112
02_linear,Linear,XGBoost Regressor,19.5,24.695908,-5.1959075927734375
02_linear,Linear,XGBoost Regressor,1.5,1.9736756,-0.47367560863494873
02_linear,Linear,XGBoost Regressor,1.0,1.0654919,-0.06549191474914551
02_linear,Linear,XGBoost Regressor,0.5,0.78183156,-0.2818315625190735
02_linear,Linear,XGBoost Regressor,0.5,0.79225284,-0.2922528386116028
02_linear,Linear,XGBoost Regressor,3.0,2.9402752,0.05972480773925781
02_linear,Linear,XGBoost Regressor,8.0,5.5913253,2.408674716949463
02_linear,Linear,XGBoost Regressor,1.5,1.2900491,0.20995092391967773
02_linear,Linear,XGBoost Regressor,27.0,37.264053,-10.264053344726562
02_linear,Linear,XGBoost Regressor,0.5,0.5052345,-0.005234479904174805
02_linear,Linear,XGBoost Regressor,15.0,18.215477,-3.2154769897460938
02_linear,Linear,XGBoost Regressor,0.5,0.7327139,-0.23271387815475464
02_linear,Linear,XGBoost Regressor,3.5,6.733449,-3.2334489822387695
02_linear,Linear,XGBoost Regressor,2.0,1.4770129,0.5229871273040771
02_linear,Linear,XGBoost Regressor,43.5,21.76279,21.73720932006836
02_linear,Linear,XGBoost Regressor,1.0,1.0563825,-0.05638253688812256
02_linear,Linear,XGBoost Regressor,0.5,0.5507807,-0.05078071355819702
02_linear,Linear,XGBoost Regressor,0.5,0.9148211,-0.4148210883140564
02_linear,Linear,XGBoost Regressor,23.0,23.727612,-0.7276115417480469
02_linear,Linear,XGBoost Regressor,30.5,24.822834,5.677165985107422
02_linear,Linear,XGBoost Regressor,1.5,0.74115795,0.7588420510292053
02_linear,Linear,XGBoost Regressor,1.0,3.1146412,-2.1146411895751953
02_linear,Linear,XGBoost Regressor,2.5,1.0136927,1.4863072633743286
02_linear,Linear,XGBoost Regressor,33.5,34.32686,-0.8268585205078125
02_linear,Linear,XGBoost Regressor,81.5,66.10242,15.3975830078125
02_linear,Linear,XGBoost Regressor,0.5,0.4129783,0.08702170848846436
02_linear,Linear,XGBoost Regressor,26.5,18.569443,7.9305572509765625
02_linear,Linear,XGBoost Regressor,0.5,0.24133822,0.25866177678108215
02_linear,Linear,XGBoost Regressor,3.0,1.999133,1.0008670091629028
02_linear,Linear,XGBoost Regressor,7.0,6.4058533,0.594146728515625
02_linear,Linear,XGBoost Regressor,0.5,0.5000851,-8.511543273925781e-05
02_linear,Linear,XGBoost Regressor,1.0,1.4867011,-0.4867011308670044
02_linear,Linear,XGBoost Regressor,9.5,12.62322,-3.123220443725586
02_linear,Linear,XGBoost Regressor,28.0,24.673962,3.326038360595703
02_linear,Linear,XGBoost Regressor,0.5,0.34667516,0.15332484245300293
02_linear,Linear,XGBoost Regressor,1.0,0.4985284,0.501471608877182
02_linear,Linear,XGBoost Regressor,1.5,1.6768606,-0.17686057090759277
02_linear,Linear,XGBoost Regressor,1.5,3.6523564,-2.1523563861846924
02_linear,Linear,XGBoost Regressor,10.5,5.526539,4.973461151123047
02_linear,Linear,XGBoost Regressor,4.5,4.988987,-0.4889869689941406
02_linear,Linear,XGBoost Regressor,2.5,5.6845326,-3.184532642364502
02_linear,Linear,XGBoost Regressor,2.0,2.6467087,-0.6467087268829346
02_linear,Linear,XGBoost Regressor,0.5,0.5624207,-0.06242072582244873
02_linear,Linear,XGBoost Regressor,0.5,0.5677008,-0.06770080327987671
02_linear,Linear,XGBoost Regressor,37.5,21.168476,16.331523895263672
02_linear,Linear,XGBoost Regressor,26.0,25.210749,0.7892513275146484
02_linear,Linear,XGBoost Regressor,0.5,1.0625776,-0.5625776052474976
02_linear,Linear,XGBoost Regressor,1.0,0.6632936,0.33670639991760254
02_linear,Linear,XGBoost Regressor,20.0,24.704842,-4.704841613769531
02_linear,Linear,XGBoost Regressor,0.5,0.29553172,0.2044682800769806
02_linear,Linear,XGBoost Regressor,1.5,2.0235512,-0.5235512256622314
02_linear,Linear,XGBoost Regressor,30.0,8.102743,21.89725685119629
02_linear,Linear,XGBoost Regressor,0.5,0.4816169,0.01838308572769165
02_linear,Linear,XGBoost Regressor,2.5,4.000444,-1.500443935394287
02_linear,Linear,XGBoost Regressor,4.5,4.9994006,-0.49940061569213867
02_linear,Linear,XGBoost Regressor,9.0,4.833751,4.166248798370361
02_linear,Linear,XGBoost Regressor,1.5,1.5529073,-0.052907347679138184
02_linear,Linear,XGBoost Regressor,1.5,1.3770653,0.12293469905853271
02_linear,Linear,XGBoost Regressor,1.5,2.2934206,-0.7934205532073975
02_linear,Linear,XGBoost Regressor,22.0,16.686481,5.313518524169922
02_linear,Linear,XGBoost Regressor,46.0,53.859997,-7.859996795654297
02_linear,Linear,XGBoost Regressor,0.5,0.5432944,-0.043294429779052734
02_linear,Linear,XGBoost Regressor,2.5,2.934993,-0.43499302864074707
02_linear,Linear,XGBoost Regressor,29.5,27.536533,1.9634666442871094
02_linear,Linear,XGBoost Regressor,164.5,112.46066,52.039337158203125
02_linear,Linear,XGBoost Regressor,39.0,37.682404,1.317596435546875
02_linear,Linear,XGBoost Regressor,1.5,0.979568,0.5204319953918457
02_linear,Linear,XGBoost Regressor,7.0,5.6462483,1.3537516593933105
02_linear,Linear,XGBoost Regressor,14.5,16.829653,-2.329652786254883
02_linear,Linear,XGBoost Regressor,26.5,35.468243,-8.968242645263672
02_linear,Linear,XGBoost Regressor,0.5,0.31208003,0.1879199743270874
02_linear,Linear,XGBoost Regressor,0.5,1.3731393,-0.8731392621994019
02_linear,Linear,XGBoost Regressor,1.0,1.4746081,-0.47460806369781494
02_linear,Linear,XGBoost Regressor,11.0,19.520693,-8.520692825317383
02_linear,Linear,XGBoost Regressor,0.5,0.3062948,0.19370520114898682
02_linear,Linear,XGBoost Regressor,2.0,2.289572,-0.28957200050354004
02_linear,Linear,XGBoost Regressor,0.5,0.9792126,-0.47921258211135864
02_linear,Linear,XGBoost Regressor,4.0,3.2638545,0.7361454963684082
02_linear,Linear,XGBoost Regressor,12.0,6.5144687,5.485531330108643
02_linear,Linear,XGBoost Regressor,1.0,0.55101675,0.44898325204849243
02_linear,Linear,XGBoost Regressor,0.5,0.5918316,-0.09183162450790405
02_linear,Linear,XGBoost Regressor,26.5,17.908142,8.59185791015625
02_linear,Linear,XGBoost Regressor,1.0,1.7658207,-0.7658207416534424
02_linear,Linear,XGBoost Regressor,1.0,0.4380875,0.5619125068187714
02_linear,Linear,XGBoost Regressor,1.5,0.46939203,1.0306079685688019
02_linear,Linear,XGBoost Regressor,1.5,16.904596,-15.404596328735352
02_linear,Linear,XGBoost Regressor,1.5,1.4106772,0.08932280540466309
02_linear,Linear,XGBoost Regressor,1.5,1.330289,0.16971099376678467
02_linear,Linear,XGBoost Regressor,3.0,2.986437,0.013562917709350586
02_linear,Linear,XGBoost Regressor,13.5,17.777851,-4.277851104736328
02_linear,Linear,XGBoost Regressor,2.0,2.5289562,-0.5289561748504639
02_linear,Linear,XGBoost Regressor,2.5,4.0313597,-1.5313596725463867
02_linear,Linear,XGBoost Regressor,1.0,1.1216042,-0.12160420417785645
02_linear,Linear,XGBoost Regressor,9.0,12.171029,-3.1710290908813477
02_linear,Linear,XGBoost Regressor,5.5,7.465664,-1.9656639099121094
02_linear,Linear,XGBoost Regressor,0.5,0.9752138,-0.47521382570266724
02_linear,Linear,XGBoost Regressor,3.5,4.993649,-1.4936490058898926
02_linear,Linear,XGBoost Regressor,2.5,5.1358285,-2.6358284950256348
02_linear,Linear,XGBoost Regressor,0.5,0.21434318,0.2856568247079849
02_linear,Linear,XGBoost Regressor,3.0,3.9696407,-0.9696407318115234
02_linear,Linear,XGBoost Regressor,0.5,0.35113153,0.14886847138404846
02_linear,Linear,XGBoost Regressor,0.5,0.4304391,0.06956088542938232
02_linear,Linear,XGBoost Regressor,4.0,3.591624,0.40837597846984863
02_linear,Linear,XGBoost Regressor,1.5,3.2662492,-1.766249179840088
02_linear,Linear,XGBoost Regressor,0.5,0.5438091,-0.04380911588668823
02_linear,Linear,XGBoost Regressor,3.0,6.285791,-3.2857909202575684
02_linear,Linear,XGBoost Regressor,19.0,26.650051,-7.650051116943359
02_linear,Linear,XGBoost Regressor,0.5,0.8862502,-0.38625019788742065
02_linear,Linear,XGBoost Regressor,7.5,6.400917,1.0990829467773438
02_linear,Linear,XGBoost Regressor,1.0,1.1261464,-0.12614643573760986
02_linear,Linear,XGBoost Regressor,6.0,5.0573516,0.9426484107971191
02_linear,Linear,XGBoost Regressor,9.0,3.606073,5.393927097320557
02_linear,Linear,XGBoost Regressor,2.5,1.5983964,0.9016035795211792
02_linear,Linear,XGBoost Regressor,1.5,1.3083183,0.19168174266815186
02_linear,Linear,XGBoost Regressor,0.5,0.9861022,-0.48610222339630127
02_linear,Linear,XGBoost Regressor,879.0,734.2013,144.7987060546875
02_linear,Linear,XGBoost Regressor,4.5,4.8712554,-0.37125539779663086
02_linear,Linear,XGBoost Regressor,9.0,10.623995,-1.6239948272705078
02_linear,Linear,XGBoost Regressor,0.5,0.74124736,-0.24124735593795776
02_linear,Linear,XGBoost Regressor,30.0,21.498777,8.501222610473633
02_linear,Linear,XGBoost Regressor,3.5,4.5519223,-1.05192232131958
02_linear,Linear,XGBoost Regressor,3.5,6.0802174,-2.5802173614501953
02_linear,Linear,XGBoost Regressor,0.5,0.42160735,0.07839265465736389
02_linear,Linear,XGBoost Regressor,142.0,154.23674,-12.236740112304688
02_linear,Linear,XGBoost Regressor,12.5,6.067971,6.432028770446777
02_linear,Linear,XGBoost Regressor,19.0,22.79416,-3.794160842895508
02_linear,Linear,XGBoost Regressor,37.0,52.950256,-15.95025634765625
02_linear,Linear,XGBoost Regressor,2.0,3.2441163,-1.2441163063049316
02_linear,Linear,XGBoost Regressor,2.5,3.4669032,-0.9669032096862793
02_linear,Linear,XGBoost Regressor,18.5,30.799175,-12.299175262451172
02_linear,Linear,XGBoost Regressor,5.0,9.86226,-4.862259864807129
02_linear,Linear,XGBoost Regressor,0.5,0.8572644,-0.3572643995285034
02_linear,Linear,XGBoost Regressor,5.0,6.57728,-1.577280044555664
02_linear,Linear,XGBoost Regressor,1.0,0.8008302,0.1991698145866394
02_linear,Linear,XGBoost Regressor,4.0,6.5919137,-2.5919137001037598
02_linear,Linear,XGBoost Regressor,1.5,2.3175619,-0.8175618648529053
02_linear,Linear,XGBoost Regressor,3.0,19.541887,-16.541887283325195
02_linear,Linear,XGBoost Regressor,6.0,18.48393,-12.483930587768555
02_linear,Linear,XGBoost Regressor,23.0,20.325073,2.6749267578125
02_linear,Linear,XGBoost Regressor,4.0,3.331028,0.6689720153808594
02_linear,Linear,XGBoost Regressor,2.5,2.088442,0.4115579128265381
02_linear,Linear,XGBoost Regressor,13.0,24.663788,-11.663787841796875
02_linear,Linear,XGBoost Regressor,4.0,4.93151,-0.9315099716186523
02_linear,Linear,XGBoost Regressor,1.0,0.69367635,0.3063236474990845
02_linear,Linear,XGBoost Regressor,11.0,20.33504,-9.335039138793945
02_linear,Linear,XGBoost Regressor,9.0,3.2804337,5.719566345214844
02_linear,Linear,XGBoost Regressor,0.5,0.98750305,-0.4875030517578125
02_linear,Linear,XGBoost Regressor,0.5,1.9531026,-1.4531025886535645
02_linear,Linear,XGBoost Regressor,2.0,2.5106664,-0.5106663703918457
02_linear,Linear,XGBoost Regressor,18.5,22.87501,-4.375009536743164
02_linear,Linear,XGBoost Regressor,1.5,0.6701441,0.8298559188842773
02_linear,Linear,XGBoost Regressor,31.0,15.515617,15.484382629394531
02_linear,Linear,XGBoost Regressor,7.5,6.89726,0.6027398109436035
02_linear,Linear,XGBoost Regressor,2.0,1.6790025,0.3209974765777588
02_linear,Linear,XGBoost Regressor,1.0,1.1872454,-0.18724536895751953
02_linear,Linear,XGBoost Regressor,30.5,17.20063,13.299369812011719
02_linear,Linear,XGBoost Regressor,2.5,2.3929362,0.10706377029418945
02_linear,Linear,XGBoost Regressor,3.5,4.472196,-0.972196102142334
02_linear,Linear,XGBoost Regressor,0.5,0.5550972,-0.055097222328186035
02_linear,Linear,XGBoost Regressor,13.5,8.484203,5.015796661376953
02_linear,Linear,XGBoost Regressor,30.0,15.391136,14.608863830566406
02_linear,Linear,XGBoost Regressor,25.0,53.83087,-28.83087158203125
02_linear,Linear,XGBoost Regressor,0.5,0.48321635,0.01678365468978882
02_linear,Linear,XGBoost Regressor,23.5,19.831497,3.6685028076171875
02_linear,Linear,XGBoost Regressor,6.5,5.2338405,1.2661595344543457
02_linear,Linear,XGBoost Regressor,24.5,20.180405,4.3195953369140625
02_linear,Linear,XGBoost Regressor,8.0,7.9602857,0.03971433639526367
02_linear,Linear,XGBoost Regressor,3.5,2.5622208,0.9377791881561279
02_linear,Linear,XGBoost Regressor,1.0,0.92030245,0.07969754934310913
02_linear,Linear,XGBoost Regressor,3.0,5.102135,-2.102135181427002
02_linear,Linear,XGBoost Regressor,27.5,20.61295,6.887050628662109
02_linear,Linear,XGBoost Regressor,2.5,5.278419,-2.778419017791748
02_linear,Linear,XGBoost Regressor,37.5,22.178364,15.321636199951172
02_linear,Linear,XGBoost Regressor,11.5,9.612203,1.8877973556518555
02_linear,Linear,XGBoost Regressor,0.5,0.49328643,0.006713569164276123
02_linear,Linear,XGBoost Regressor,0.5,0.50584227,-0.005842268466949463
02_linear,Linear,XGBoost Regressor,5.0,7.387878,-2.387877941131592
02_linear,Linear,XGBoost Regressor,9.0,3.5882432,5.411756753921509
02_linear,Linear,XGBoost Regressor,5.5,9.665067,-4.165066719055176
02_linear,Linear,XGBoost Regressor,0.5,0.79534847,-0.29534846544265747
02_linear,Linear,XGBoost Regressor,21.5,21.405754,0.09424591064453125
02_linear,Linear,XGBoost Regressor,2.5,3.2057085,-0.7057085037231445
02_linear,Linear,XGBoost Regressor,5.5,10.7838125,-5.283812522888184
02_linear,Linear,XGBoost Regressor,0.5,0.96502,-0.46502000093460083
02_linear,Linear,XGBoost Regressor,2.0,1.0437388,0.956261157989502
02_linear,Linear,XGBoost Regressor,1.0,0.90855914,0.09144085645675659
02_linear,Linear,XGBoost Regressor,1091.0,1738.2196,-647.2196044921875
02_linear,Linear,XGBoost Regressor,2.0,1.6931207,0.30687928199768066
02_linear,Linear,XGBoost Regressor,5.5,6.4324493,-0.9324493408203125
02_linear,Linear,XGBoost Regressor,5.5,4.753591,0.7464089393615723
02_linear,Linear,XGBoost Regressor,0.5,0.36468318,0.13531681895256042
02_linear,Linear,XGBoost Regressor,11.0,5.2024646,5.797535419464111
02_linear,Linear,XGBoost Regressor,80.5,64.25241,16.247589111328125
02_linear,Linear,XGBoost Regressor,0.5,0.9958642,-0.49586421251296997
02_linear,Linear,XGBoost Regressor,25.0,1910.3778,-1885.3778076171875
02_linear,Linear,XGBoost Regressor,9.5,4.3960376,5.103962421417236
02_linear,Linear,XGBoost Regressor,1.0,1.0428772,-0.042877197265625
02_linear,Linear,XGBoost Regressor,12.5,16.752909,-4.252908706665039
02_linear,Linear,XGBoost Regressor,12.0,17.6508,-5.650800704956055
02_linear,Linear,XGBoost Regressor,42.0,26.626602,15.373397827148438
02_linear,Linear,XGBoost Regressor,3.5,3.0203393,0.4796607494354248
02_linear,Linear,XGBoost Regressor,51.0,18.164637,32.83536338806152
02_linear,Linear,XGBoost Regressor,5.0,4.728128,0.27187204360961914
02_linear,Linear,XGBoost Regressor,0.5,1.1425781,-0.642578125
02_linear,Linear,XGBoost Regressor,429.0,408.20898,20.791015625
02_linear,Linear,XGBoost Regressor,8.5,34.75822,-26.258220672607422
02_linear,Linear,XGBoost Regressor,3.0,3.8443613,-0.8443613052368164
02_linear,Linear,XGBoost Regressor,4.0,2.4452953,1.5547046661376953
02_linear,Linear,XGBoost Regressor,1.5,1.0487373,0.4512627124786377
02_linear,Linear,XGBoost Regressor,3.0,3.604092,-0.6040918827056885
02_linear,Linear,XGBoost Regressor,2.5,3.5852518,-1.085251808166504
02_linear,Linear,XGBoost Regressor,0.5,0.32322574,0.176774263381958
02_linear,Linear,XGBoost Regressor,8.5,18.493452,-9.993452072143555
02_linear,Linear,XGBoost Regressor,0.5,0.27711397,0.22288602590560913
02_linear,Linear,XGBoost Regressor,1.5,0.6237266,0.8762733936309814
02_linear,Linear,XGBoost Regressor,1.5,1.0764623,0.4235377311706543
02_linear,Linear,XGBoost Regressor,1.0,0.58150333,0.41849666833877563
02_linear,Linear,XGBoost Regressor,3.0,2.7433646,0.2566354274749756
02_linear,Linear,XGBoost Regressor,0.5,0.6037037,-0.10370367765426636
02_linear,Linear,XGBoost Regressor,17.5,17.846281,-0.3462810516357422
02_linear,Linear,XGBoost Regressor,0.5,0.33634764,0.16365236043930054
02_linear,Linear,XGBoost Regressor,22.0,14.710065,7.289935111999512
02_linear,Linear,XGBoost Regressor,0.5,0.52673507,-0.02673506736755371
02_linear,Linear,XGBoost Regressor,3.5,3.9087765,-0.40877652168273926
02_linear,Linear,XGBoost Regressor,12.5,16.699389,-4.19938850402832
02_linear,Linear,XGBoost Regressor,1.0,1.2324739,-0.23247385025024414
02_linear,Linear,XGBoost Regressor,0.5,0.4670008,0.032999187707901
02_linear,Linear,XGBoost Regressor,130.0,106.73016,23.26983642578125
02_linear,Linear,XGBoost Regressor,5.5,5.0765734,0.42342662811279297
02_linear,Linear,XGBoost Regressor,4.5,5.67067,-1.1706700325012207
02_linear,Linear,XGBoost Regressor,2892.0,2416.6128,475.38720703125
02_linear,Linear,XGBoost Regressor,0.5,0.5217461,-0.02174609899520874
02_linear,Linear,XGBoost Regressor,11.5,8.410539,3.089461326599121
02_linear,Linear,XGBoost Regressor,0.5,0.31734028,0.18265971541404724
02_linear,Linear,XGBoost Regressor,30.5,17.362646,13.137353897094727
02_linear,Linear,XGBoost Regressor,1.5,1.5869362,-0.08693623542785645
02_linear,Linear,XGBoost Regressor,5.0,9.1498785,-4.14987850189209
02_linear,Linear,XGBoost Regressor,1.5,1.1124854,0.387514591217041
02_linear,Linear,XGBoost Regressor,3.5,30.849707,-27.349706649780273
02_linear,Linear,XGBoost Regressor,186.0,165.28438,20.715621948242188
02_linear,Linear,XGBoost Regressor,1.0,0.838356,0.16164398193359375
02_linear,Linear,XGBoost Regressor,11.0,6.4397173,4.5602827072143555
02_linear,Linear,XGBoost Regressor,0.5,0.4500406,0.049959391355514526
02_linear,Linear,XGBoost Regressor,13.0,22.721836,-9.72183609008789
02_linear,Linear,XGBoost Regressor,4.0,10.980216,-6.980216026306152
02_linear,Linear,XGBoost Regressor,27.5,21.36426,6.135740280151367
02_linear,Linear,XGBoost Regressor,2.0,2.5500882,-0.5500881671905518
02_linear,Linear,XGBoost Regressor,4.0,6.766444,-2.766444206237793
02_linear,Linear,XGBoost Regressor,1.0,1.9483982,-0.948398232460022
02_linear,Linear,XGBoost Regressor,2.5,2.6258004,-0.12580037117004395
02_linear,Linear,XGBoost Regressor,1.0,0.706807,0.293192982673645
02_linear,Linear,XGBoost Regressor,27.0,24.116129,2.883871078491211
02_linear,Linear,XGBoost Regressor,1.5,1.2976252,0.20237481594085693
02_linear,Linear,XGBoost Regressor,3.0,1.3892016,1.6107983589172363
02_linear,Linear,XGBoost Regressor,0.5,0.15144238,0.34855762124061584
02_linear,Linear,XGBoost Regressor,42.5,53.268948,-10.76894760131836
02_linear,Linear,XGBoost Regressor,2.0,2.540857,-0.5408570766448975
02_linear,Linear,XGBoost Regressor,0.5,0.9432169,-0.4432169198989868
02_linear,Linear,XGBoost Regressor,4.5,9.4858,-4.985799789428711
02_linear,Linear,XGBoost Regressor,9.0,5.5196166,3.4803833961486816
02_linear,Linear,XGBoost Regressor,0.5,0.9761526,-0.47615259885787964
02_linear,Linear,XGBoost Regressor,0.5,0.6945258,-0.19452577829360962
02_linear,Linear,XGBoost Regressor,5.0,4.7875633,0.21243667602539062
02_linear,Linear,XGBoost Regressor,0.5,0.6266466,-0.12664657831192017
02_linear,Linear,XGBoost Regressor,13.0,11.103583,1.8964166641235352
02_linear,Linear,XGBoost Regressor,1.0,2.3135426,-1.3135426044464111
02_linear,Linear,XGBoost Regressor,0.5,0.4430655,0.056934505701065063
02_linear,Linear,XGBoost Regressor,9.5,18.464712,-8.964712142944336
02_linear,Linear,XGBoost Regressor,22.5,23.254911,-0.7549114227294922
02_linear,Linear,XGBoost Regressor,3.0,3.4184346,-0.41843461990356445
02_linear,Linear,XGBoost Regressor,3.5,5.4363713,-1.9363713264465332
02_linear,Linear,XGBoost Regressor,1.0,0.61086494,0.38913506269454956
02_linear,Linear,XGBoost Regressor,2.0,1.3518022,0.6481977701187134
02_linear,Linear,XGBoost Regressor,0.5,0.4158596,0.08414039015769958
02_linear,Linear,XGBoost Regressor,3.0,2.3039973,0.696002721786499
02_linear,Linear,XGBoost Regressor,3.5,17.625374,-14.125373840332031
02_linear,Linear,XGBoost Regressor,13.5,18.131205,-4.631204605102539
02_linear,Linear,XGBoost Regressor,22.5,25.080124,-2.5801239013671875
02_linear,Linear,XGBoost Regressor,1.5,1.0153373,0.48466265201568604
02_linear,Linear,XGBoost Regressor,1.0,1.4606591,-0.4606591463088989
02_linear,Linear,XGBoost Regressor,2.0,1.0593061,0.9406938552856445
02_linear,Linear,XGBoost Regressor,1.0,0.21447022,0.7855297774076462
02_linear,Linear,XGBoost Regressor,23.5,17.278664,6.221336364746094
02_linear,Linear,XGBoost Regressor,1.0,0.44589978,0.5541002154350281
02_linear,Linear,XGBoost Regressor,0.5,0.05996252,0.44003748148679733
02_linear,Linear,XGBoost Regressor,25.5,18.292946,7.207054138183594
02_linear,Linear,XGBoost Regressor,26.0,22.449844,3.5501556396484375
02_linear,Linear,XGBoost Regressor,0.5,0.5291656,-0.02916562557220459
02_linear,Linear,XGBoost Regressor,25.0,35.772873,-10.772872924804688
02_linear,Linear,XGBoost Regressor,8.0,17.430569,-9.43056869506836
02_linear,Linear,XGBoost Regressor,1.0,0.98322684,0.01677316427230835
02_linear,Linear,XGBoost Regressor,22.0,22.320177,-0.3201770782470703
02_linear,Linear,XGBoost Regressor,1.0,0.87258846,0.12741154432296753
02_linear,Linear,XGBoost Regressor,18.5,18.615309,-0.11530876159667969
02_linear,Linear,XGBoost Regressor,0.5,1.0305238,-0.5305237770080566
02_linear,Linear,XGBoost Regressor,2.0,3.1398125,-1.1398124694824219
02_linear,Linear,XGBoost Regressor,6.0,3.4344733,2.5655267238616943
02_linear,Linear,XGBoost Regressor,7.0,7.93707,-0.9370698928833008
02_linear,Linear,XGBoost Regressor,0.5,1.1012278,-0.6012277603149414
02_linear,Linear,XGBoost Regressor,1.0,1.4056214,-0.40562140941619873
02_linear,Linear,XGBoost Regressor,12.0,9.550799,2.4492006301879883
02_linear,Linear,XGBoost Regressor,0.5,0.61577594,-0.1157759428024292
02_linear,Linear,XGBoost Regressor,1.5,0.87858236,0.6214176416397095
02_linear,Linear,XGBoost Regressor,0.5,0.68806964,-0.1880696415901184
02_linear,Linear,XGBoost Regressor,0.5,0.52996504,-0.02996504306793213
02_linear,Linear,XGBoost Regressor,2.0,0.6681659,1.331834077835083
02_linear,Linear,XGBoost Regressor,6.5,5.5841465,0.9158535003662109
02_linear,Linear,XGBoost Regressor,28.0,26.168133,1.8318672180175781
02_linear,Linear,XGBoost Regressor,1.0,1.2913734,-0.2913733720779419
02_linear,Linear,XGBoost Regressor,13.0,18.92418,-5.9241790771484375
02_linear,Linear,XGBoost Regressor,14.5,23.15617,-8.656169891357422
02_linear,Linear,XGBoost Regressor,0.5,0.72506624,-0.22506624460220337
02_linear,Linear,XGBoost Regressor,43.0,23.907583,19.092416763305664
02_linear,Linear,XGBoost Regressor,9.5,3.3083572,6.191642761230469
02_linear,Linear,XGBoost Regressor,14.0,17.1323,-3.1322994232177734
02_linear,Linear,XGBoost Regressor,1.5,2.526424,-1.0264239311218262
02_linear,Linear,XGBoost Regressor,1.0,1.6846848,-0.6846847534179688
02_linear,Linear,XGBoost Regressor,5.0,6.258095,-1.2580947875976562
02_linear,Linear,XGBoost Regressor,1.5,2.0661974,-0.566197395324707
02_linear,Linear,XGBoost Regressor,1.0,0.7237931,0.276206910610199
02_linear,Linear,XGBoost Regressor,0.5,0.55416226,-0.05416226387023926
02_linear,Linear,XGBoost Regressor,3.0,2.018318,0.9816820621490479
02_linear,Linear,XGBoost Regressor,12.5,7.3844867,5.115513324737549
02_linear,Linear,XGBoost Regressor,43.0,32.08806,10.911941528320312
02_linear,Linear,XGBoost Regressor,1.5,1.5293944,-0.02939438819885254
02_linear,Linear,XGBoost Regressor,9.5,11.081758,-1.5817575454711914
02_linear,Linear,XGBoost Regressor,2.0,2.9699075,-0.9699075222015381
02_linear,Linear,XGBoost Regressor,45.0,34.141685,10.858314514160156
02_linear,Linear,XGBoost Regressor,3.5,3.485714,0.014286041259765625
02_linear,Linear,XGBoost Regressor,2.0,1.1866586,0.8133413791656494
02_linear,Linear,XGBoost Regressor,734.0,454.64148,279.3585205078125
02_linear,Linear,XGBoost Regressor,3.5,5.415203,-1.9152030944824219
02_linear,Linear,XGBoost Regressor,7.0,9.960047,-2.9600467681884766
02_linear,Linear,XGBoost Regressor,1.0,1.2236041,-0.22360408306121826
02_linear,Linear,XGBoost Regressor,86.5,121.341736,-34.84173583984375
02_linear,Linear,XGBoost Regressor,0.5,0.116957635,0.3830423653125763
02_linear,Linear,XGBoost Regressor,0.5,0.40485397,0.09514603018760681
02_linear,Linear,XGBoost Regressor,8.0,8.980638,-0.9806375503540039
02_linear,Linear,XGBoost Regressor,0.5,0.38941133,0.1105886697769165
02_linear,Linear,XGBoost Regressor,8.5,6.1039386,2.396061420440674
02_linear,Linear,XGBoost Regressor,1.5,1.6102906,-0.11029064655303955
02_linear,Linear,XGBoost Regressor,0.5,0.30477172,0.19522827863693237
02_linear,Linear,XGBoost Regressor,4.0,2.070606,1.929394006729126
02_linear,Linear,XGBoost Regressor,19.0,8.965222,10.034777641296387
02_linear,Linear,XGBoost Regressor,2.0,2.1828015,-0.1828014850616455
02_linear,Linear,XGBoost Regressor,7.5,6.2361875,1.26381254196167
02_linear,Linear,XGBoost Regressor,2.5,3.020122,-0.5201220512390137
02_linear,Linear,XGBoost Regressor,17.5,8.436842,9.06315803527832
02_linear,Linear,XGBoost Regressor,2.0,3.4618704,-1.4618704319000244
02_linear,Linear,XGBoost Regressor,4.0,1.9701105,2.029889464378357
02_linear,Linear,XGBoost Regressor,8.0,8.219923,-0.2199230194091797
02_linear,Linear,XGBoost Regressor,62.0,40.151512,21.848487854003906
02_linear,Linear,XGBoost Regressor,23.0,22.352594,0.6474056243896484
02_linear,Linear,XGBoost Regressor,0.5,0.20598328,0.2940167188644409
02_linear,Linear,XGBoost Regressor,487.0,363.09082,123.9091796875
02_linear,Linear,XGBoost Regressor,7.0,4.6250772,2.374922752380371
02_linear,Linear,XGBoost Regressor,10.5,7.5972943,2.902705669403076
02_linear,Linear,XGBoost Regressor,50.0,34.467613,15.532386779785156
02_linear,Linear,XGBoost Regressor,81.0,142.1648,-61.164794921875
02_linear,Linear,XGBoost Regressor,5.5,15.4219885,-9.921988487243652
02_linear,Linear,XGBoost Regressor,0.5,0.5842666,-0.08426660299301147
02_linear,Linear,XGBoost Regressor,5.5,4.8025155,0.6974844932556152
02_linear,Linear,XGBoost Regressor,0.5,0.42904162,0.07095837593078613
02_linear,Linear,XGBoost Regressor,13.0,29.6389,-16.638900756835938
02_linear,Linear,XGBoost Regressor,1.5,1.3091204,0.19087958335876465
02_linear,Linear,XGBoost Regressor,5.5,4.5888457,0.9111542701721191
02_linear,Linear,XGBoost Regressor,2.0,0.24470378,1.755296215415001
02_linear,Linear,XGBoost Regressor,3.0,1.6448818,1.3551181554794312
02_linear,Linear,XGBoost Regressor,0.5,0.53743875,-0.03743875026702881
02_linear,Linear,XGBoost Regressor,1.0,0.5788456,0.4211543798446655
02_linear,Linear,XGBoost Regressor,1.5,1.1038469,0.3961530923843384
02_linear,Linear,XGBoost Regressor,2.0,0.8799201,1.1200798749923706
02_linear,Linear,XGBoost Regressor,0.5,0.5960021,-0.09600210189819336
02_linear,Linear,XGBoost Regressor,0.5,7.481818,-6.981818199157715
02_linear,Linear,XGBoost Regressor,11.5,6.398686,5.101314067840576
02_linear,Linear,XGBoost Regressor,12.5,11.771667,0.7283334732055664
02_linear,Linear,XGBoost Regressor,20.0,19.048185,0.9518146514892578
02_linear,Linear,XGBoost Regressor,22.0,21.323275,0.6767253875732422
02_linear,Linear,XGBoost Regressor,1.0,1.5851082,-0.5851081609725952
02_linear,Linear,XGBoost Regressor,357.0,314.96368,42.03631591796875
02_linear,Linear,XGBoost Regressor,0.5,0.5474784,-0.04747837781906128
02_linear,Linear,XGBoost Regressor,2.0,3.2275996,-1.2275996208190918
02_linear,Linear,XGBoost Regressor,2.0,0.9926123,1.0073876976966858
02_linear,Linear,XGBoost Regressor,0.5,0.33715573,0.16284427046775818
02_linear,Linear,XGBoost Regressor,0.5,0.27827933,0.22172066569328308
02_linear,Linear,XGBoost Regressor,13.0,6.9041586,6.095841407775879
02_linear,Linear,XGBoost Regressor,1.5,1.535924,-0.03592395782470703
02_linear,Linear,XGBoost Regressor,1.0,0.7846873,0.21531271934509277
02_linear,Linear,XGBoost Regressor,0.5,0.6959114,-0.19591140747070312
02_linear,Linear,XGBoost Regressor,11.5,5.6872873,5.812712669372559
02_linear,Linear,XGBoost Regressor,1.0,1.0640069,-0.06400692462921143
02_linear,Linear,XGBoost Regressor,6.5,13.679583,-7.179582595825195
02_linear,Linear,XGBoost Regressor,0.5,0.35411665,0.14588335156440735
02_linear,Linear,XGBoost Regressor,1.5,1.8896223,-0.3896223306655884
02_linear,Linear,XGBoost Regressor,2.5,4.7676125,-2.2676124572753906
02_linear,Linear,XGBoost Regressor,0.5,0.5890194,-0.08901941776275635
02_linear,Linear,XGBoost Regressor,5.0,17.841188,-12.841188430786133
02_linear,Linear,XGBoost Regressor,19.0,16.703009,2.2969913482666016
02_linear,Linear,XGBoost Regressor,0.5,0.40485397,0.09514603018760681
02_linear,Linear,XGBoost Regressor,252.0,186.05667,65.94332885742188
02_linear,Linear,XGBoost Regressor,0.5,0.7242412,-0.2242411971092224
02_linear,Linear,XGBoost Regressor,8.5,19.841955,-11.341955184936523
02_linear,Linear,XGBoost Regressor,806.0,454.79257,351.2074279785156
02_linear,Linear,XGBoost Regressor,1.5,2.537223,-1.0372231006622314
02_linear,Linear,XGBoost Regressor,2.0,1.5856998,0.41430020332336426
02_linear,Linear,XGBoost Regressor,1.0,1.5165862,-0.516586184501648
02_linear,Linear,XGBoost Regressor,23.0,16.62008,6.379919052124023
02_linear,Linear,XGBoost Regressor,1.0,0.5487029,0.4512971043586731
02_linear,Linear,XGBoost Regressor,1.0,1.7820925,-0.7820924520492554
02_linear,Linear,XGBoost Regressor,1.5,0.95811075,0.5418892502784729
02_linear,Linear,XGBoost Regressor,2.0,2.5411463,-0.5411462783813477
02_linear,Linear,XGBoost Regressor,8.0,13.188398,-5.188398361206055
02_linear,Linear,XGBoost Regressor,1.0,0.65963835,0.34036165475845337
02_linear,Linear,XGBoost Regressor,22.0,22.708397,-0.7083969116210938
02_linear,Linear,XGBoost Regressor,4.5,3.5392962,0.9607038497924805
02_linear,Linear,XGBoost Regressor,5.0,4.5622926,0.43770742416381836
02_linear,Linear,XGBoost Regressor,0.5,0.48723856,0.012761443853378296
02_linear,Linear,XGBoost Regressor,1.0,1.1319416,-0.131941556930542
02_linear,Linear,XGBoost Regressor,0.5,0.22677651,0.27322348952293396
02_linear,Linear,XGBoost Regressor,6.5,8.584344,-2.084343910217285
02_linear,Linear,XGBoost Regressor,0.5,0.5764852,-0.07648521661758423
02_linear,Linear,XGBoost Regressor,1.0,0.90161526,0.09838473796844482
02_linear,Linear,XGBoost Regressor,8.5,6.7999973,1.700002670288086
02_linear,Linear,XGBoost Regressor,39.5,49.984886,-10.484886169433594
02_linear,Linear,XGBoost Regressor,33.5,31.662207,1.8377933502197266
02_linear,Linear,XGBoost Regressor,2.0,1.0337442,0.966255784034729
02_linear,Linear,XGBoost Regressor,53.0,52.380905,0.6190948486328125
02_linear,Linear,XGBoost Regressor,1.5,1.0639957,0.43600428104400635
02_linear,Linear,XGBoost Regressor,24.0,23.525814,0.4741859436035156
02_linear,Linear,XGBoost Regressor,0.5,0.8063935,-0.30639350414276123
02_linear,Linear,XGBoost Regressor,1.5,0.40199637,1.098003625869751
02_linear,Linear,XGBoost Regressor,11.5,7.1006455,4.399354457855225
02_linear,Linear,XGBoost Regressor,2832.0,2267.4346,564.5654296875
02_linear,Linear,XGBoost Regressor,4.0,1.9810593,2.0189406871795654
02_linear,Linear,XGBoost Regressor,1.5,1.5510613,-0.051061272621154785
02_linear,Linear,XGBoost Regressor,0.5,0.5455319,-0.04553192853927612
02_linear,Linear,XGBoost Regressor,1.0,0.64104325,0.3589567542076111
02_linear,Linear,XGBoost Regressor,44.5,41.47799,3.0220108032226562
02_linear,Linear,XGBoost Regressor,18.5,6.1283903,12.371609687805176
02_linear,Linear,XGBoost Regressor,28.0,30.108889,-2.108888626098633
02_linear,Linear,XGBoost Regressor,0.5,0.748308,-0.248308002948761
02_linear,Linear,XGBoost Regressor,15.0,18.078382,-3.0783824920654297
02_linear,Linear,XGBoost Regressor,4.0,2.0724628,1.927537202835083
02_linear,Linear,XGBoost Regressor,1.5,2.8317778,-1.331777811050415
02_linear,Linear,XGBoost Regressor,1.0,0.87038773,0.1296122670173645
02_linear,Linear,XGBoost Regressor,1.0,1.513774,-0.513774037361145
02_linear,Linear,XGBoost Regressor,80.0,119.99661,-39.996612548828125
02_linear,Linear,XGBoost Regressor,1.5,2.3955517,-0.8955516815185547
02_linear,Linear,XGBoost Regressor,0.5,0.47937113,0.02062886953353882
02_linear,Linear,XGBoost Regressor,3.0,3.3171072,-0.3171072006225586
02_linear,Linear,XGBoost Regressor,0.5,0.12247914,0.3775208592414856
02_linear,Linear,XGBoost Regressor,11.0,0.75110936,10.24889063835144
02_linear,Linear,XGBoost Regressor,5.5,8.701063,-3.2010631561279297
02_linear,Linear,XGBoost Regressor,2.5,2.3803442,0.11965584754943848
02_linear,Linear,XGBoost Regressor,3.5,2.2557623,1.2442376613616943
02_linear,Linear,XGBoost Regressor,543.0,464.56314,78.43685913085938
02_linear,Linear,XGBoost Regressor,545.0,435.3966,109.6033935546875
02_linear,Linear,XGBoost Regressor,10.0,7.690496,2.3095040321350098
02_linear,Linear,XGBoost Regressor,21.5,19.927628,1.5723724365234375
02_linear,Linear,XGBoost Regressor,0.5,0.90632105,-0.40632104873657227
02_linear,Linear,XGBoost Regressor,5.5,4.687483,0.8125171661376953
02_linear,Linear,XGBoost Regressor,0.5,0.47630996,0.02369004487991333
02_linear,Linear,XGBoost Regressor,46.0,55.283752,-9.28375244140625
02_linear,Linear,XGBoost Regressor,1.5,0.955261,0.5447390079498291
02_linear,Linear,XGBoost Regressor,1.0,1.3370085,-0.3370084762573242
02_linear,Linear,XGBoost Regressor,5.5,8.400325,-2.900324821472168
02_linear,Linear,XGBoost Regressor,11.5,14.507626,-3.0076255798339844
02_linear,Linear,XGBoost Regressor,6.0,3.611776,2.388223886489868
02_linear,Linear,XGBoost Regressor,1346.0,957.9635,388.0364990234375
02_linear,Linear,XGBoost Regressor,0.5,0.3524684,0.14753159880638123
02_linear,Linear,XGBoost Regressor,0.5,0.57750946,-0.07750946283340454
02_linear,Linear,XGBoost Regressor,2.0,0.8962863,1.1037136912345886
02_linear,Linear,XGBoost Regressor,0.5,0.69672245,-0.19672244787216187
02_linear,Linear,XGBoost Regressor,1.5,0.8962863,0.6037136912345886
02_linear,Linear,XGBoost Regressor,19.5,18.910522,0.5894775390625
02_linear,Linear,XGBoost Regressor,0.5,0.28525907,0.21474093198776245
02_linear,Linear,XGBoost Regressor,1.0,0.85737616,0.14262384176254272
02_linear,Linear,XGBoost Regressor,19.0,20.368603,-1.3686027526855469
02_linear,Linear,XGBoost Regressor,7.5,3.8224232,3.677576780319214
02_linear,Linear,XGBoost Regressor,1.0,1.4285553,-0.4285552501678467
02_linear,Linear,XGBoost Regressor,0.5,0.295747,0.20425298810005188
02_linear,Linear,XGBoost Regressor,0.5,0.5319953,-0.031995296478271484
02_linear,Linear,XGBoost Regressor,1.5,2.6494877,-1.1494877338409424
02_linear,Linear,XGBoost Regressor,1.0,0.8835196,0.11648041009902954
02_linear,Linear,XGBoost Regressor,0.5,0.5009702,-0.0009701848030090332
02_linear,Linear,XGBoost Regressor,3.5,4.323366,-0.8233661651611328
02_linear,Linear,XGBoost Regressor,1.5,1.4807345,0.01926553249359131
02_linear,Linear,XGBoost Regressor,43.5,46.777267,-3.2772674560546875
02_linear,Linear,XGBoost Regressor,2.0,3.116041,-1.1160409450531006
02_linear,Linear,XGBoost Regressor,1.5,1.1894974,0.31050264835357666
02_linear,Linear,XGBoost Regressor,1.0,0.9008869,0.0991131067276001
02_linear,Linear,XGBoost Regressor,0.5,0.6417982,-0.141798198223114
02_linear,Linear,XGBoost Regressor,0.5,0.5997987,-0.09979867935180664
02_linear,Linear,XGBoost Regressor,0.5,0.52298594,-0.02298593521118164
02_linear,Linear,XGBoost Regressor,2.5,2.358094,0.1419060230255127
02_linear,Linear,XGBoost Regressor,0.5,0.47204748,0.027952522039413452
02_linear,Linear,XGBoost Regressor,1.5,2.5217328,-1.0217328071594238
02_linear,Linear,XGBoost Regressor,0.5,0.20507191,0.29492808878421783
02_linear,Linear,XGBoost Regressor,1.5,1.0204817,0.4795182943344116
02_linear,Linear,XGBoost Regressor,86.5,81.836716,4.6632843017578125
02_linear,Linear,XGBoost Regressor,3.5,5.3916707,-1.8916707038879395
02_linear,Linear,XGBoost Regressor,20.5,76.97506,-56.475059509277344
02_linear,Linear,XGBoost Regressor,13.5,10.422508,3.0774917602539062
02_linear,Linear,XGBoost Regressor,0.5,0.70846385,-0.2084638476371765
02_linear,Linear,XGBoost Regressor,0.5,0.33057,0.1694299876689911
02_linear,Linear,XGBoost Regressor,11.5,22.66469,-11.164690017700195
02_linear,Linear,XGBoost Regressor,3.5,1.9018294,1.5981706380844116
02_linear,Linear,XGBoost Regressor,6.5,10.287566,-3.7875661849975586
02_linear,Linear,XGBoost Regressor,0.5,1.1371188,-0.6371188163757324
02_linear,Linear,XGBoost Regressor,3.5,2.9300153,0.5699846744537354
02_linear,Linear,XGBoost Regressor,0.5,0.57073253,-0.07073253393173218
