notebook,family,model,y_true,y_pred,residual
03_tree_ensembles,Arvores,Random Forest Regressor,1.0,0.925,0.07499999999999996
03_tree_ensembles,Arvores,Random Forest Regressor,3.5,3.5,0.0
03_tree_ensembles,Arvores,Random Forest Regressor,1.5,1.175,0.32499999999999996
03_tree_ensembles,Arvores,Random Forest Regressor,11.5,9.455,2.045
03_tree_ensembles,Arvores,Random Forest Regressor,3.0,3.155,-0.1549999999999998
03_tree_ensembles,Arvores,Random Forest Regressor,3.0,1.86,1.14
03_tree_ensembles,Arvores,Random Forest Regressor,0.5,0.505,-0.0050000000000000044
03_tree_ensembles,Arvores,Random Forest Regressor,25.0,19.86,5.140000000000001
03_tree_ensembles,Arvores,Random Forest Regressor,107.0,96.86,10.14
03_tree_ensembles,Arvores,Random Forest Regressor,404.0,529.51,-125.50999999999999
03_tree_ensembles,Arvores,Random Forest Regressor,33.0,30.3,2.6999999999999993
03_tree_ensembles,Arvores,Random Forest Regressor,2.0,3.83,-1.83
03_tree_ensembles,Arvores,Random Forest Regressor,1.0,0.95,0.050000000000000044
03_tree_ensembles,Arvores,Random Forest Regressor,18.0,22.7,-4.699999999999999
03_tree_ensembles,Arvores,Random Forest Regressor,3.5,4.44,-0.9400000000000004
03_tree_ensembles,Arvores,Random Forest Regressor,0.5,0.545,-0.04500000000000004
03_tree_ensembles,Arvores,Random Forest Regressor,0.5,0.5,0.0
03_tree_ensembles,Arvores,Random Forest Regressor,3.5,4.41,-0.9100000000000001
03_tree_ensembles,Arvores,Random Forest Regressor,4.5,3.13,1.37
03_tree_ensembles,Arvores,Random Forest Regressor,0.5,0.5,0.0
03_tree_ensembles,Arvores,Random Forest Regressor,27.0,19.955,7.045000000000002
03_tree_ensembles,Arvores,Random Forest Regressor,0.5,2.25,-1.75
03_tree_ensembles,Arvores,Random Forest Regressor,30.0,27.475,2.5249999999999986
03_tree_ensembles,Arvores,Random Forest Regressor,11.5,14.31,-2.8100000000000005
03_tree_ensembles,Arvores,Random Forest Regressor,11.5,11.615,-0.11500000000000021
03_tree_ensembles,Arvores,Random Forest Regressor,3.5,6.145,-2.6449999999999996
03_tree_ensembles,Arvores,Random Forest Regressor,11.5,21.805,-10.305
03_tree_ensembles,Arvores,Random Forest Regressor,8.0,16.42,-8.420000000000002
03_tree_ensembles,Arvores,Random Forest Regressor,3.0,1.92,1.08
03_tree_ensembles,Arvores,Random Forest Regressor,9.5,6.235,3.2649999999999997
03_tree_ensembles,Arvores,Random Forest Regressor,10.0,6.22,3.7800000000000002
03_tree_ensembles,Arvores,Random Forest Regressor,36.5,53.28,-16.78
03_tree_ensembles,Arvores,Random Forest Regressor,4.0,3.87,0.1299999999999999
03_tree_ensembles,Arvores,Random Forest Regressor,103.5,190.05,-86.55000000000001
03_tree_ensembles,Arvores,Random Forest Regressor,2.0,2.01,-0.009999999999999787
03_tree_ensembles,Arvores,Random Forest Regressor,10.0,7.795,2.205
03_tree_ensembles,Arvores,Random Forest Regressor,141.5,86.975,54.525000000000006
03_tree_ensembles,Arvores,Random Forest Regressor,0.5,0.885,-0.385
03_tree_ensembles,Arvores,Random Forest Regressor,3.0,3.54,-0.54
03_tree_ensembles,Arvores,Random Forest Regressor,3.0,26.28,-23.28
03_tree_ensembles,Arvores,Random Forest Regressor,0.5,0.5,0.0
03_tree_ensembles,Arvores,Random Forest Regressor,1.0,1.55,-0.55
03_tree_ensembles,Arvores,Random Forest Regressor,36.0,24.06,11.940000000000001
03_tree_ensembles,Arvores,Random Forest Regressor,39.5,25.74,13.760000000000002
03_tree_ensembles,Arvores,Random Forest Regressor,0.5,0.535,-0.03500000000000003
03_tree_ensembles,Arvores,Random Forest Regressor,1.0,1.42,-0.41999999999999993
03_tree_ensembles,Arvores,Random Forest Regressor,11.5,7.33,4.17
03_tree_ensembles,Arvores,Random Forest Regressor,6.0,4.075,1.9249999999999998
03_tree_ensembles,Arvores,Random Forest Regressor,0.5,0.5,0.0
03_tree_ensembles,Arvores,Random Forest Regressor,1.5,4.22,-2.7199999999999998
03_tree_ensembles,Arvores,Random Forest Regressor,4.0,3.33,0.6699999999999999
03_tree_ensembles,Arvores,Random Forest Regressor,2.5,2.02,0.48
03_tree_ensembles,Arvores,Random Forest Regressor,10.0,7.95,2.05
03_tree_ensembles,Arvores,Random Forest Regressor,4.5,6.03,-1.5300000000000002
03_tree_ensembles,Arvores,Random Forest Regressor,3135.0,2292.39,842.6100000000001
03_tree_ensembles,Arvores,Random Forest Regressor,24.0,38.5,-14.5
03_tree_ensembles,Arvores,Random Forest Regressor,2.0,4.01,-2.01
03_tree_ensembles,Arvores,Random Forest Regressor,8.0,6.21,1.79
03_tree_ensembles,Arvores,Random Forest Regressor,1.5,1.825,-0.32499999999999996
03_tree_ensembles,Arvores,Random Forest Regressor,1.5,1.315,0.18500000000000005
03_tree_ensembles,Arvores,Random Forest Regressor,197.0,155.81,41.19
03_tree_ensembles,Arvores,Random Forest Regressor,30.5,17.815,12.684999999999999
03_tree_ensembles,Arvores,Random Forest Regressor,5.5,4.17,1.33
03_tree_ensembles,Arvores,Random Forest Regressor,0.5,0.5,0.0
03_tree_ensembles,Arvores,Random Forest Regressor,7.0,6.9,0.09999999999999964
03_tree_ensembles,Arvores,Random Forest Regressor,5.0,5.07,-0.07000000000000028
03_tree_ensembles,Arvores,Random Forest Regressor,7.0,7.155,-0.15500000000000025
03_tree_ensembles,Arvores,Random Forest Regressor,16.5,16.6,-0.10000000000000142
03_tree_ensembles,Arvores,Random Forest Regressor,0.5,0.565,-0.06499999999999995
03_tree_ensembles,Arvores,Random Forest Regressor,6.5,4.62,1.88
03_tree_ensembles,Arvores,Random Forest Regressor,5.0,6.125,-1.125
03_tree_ensembles,Arvores,Random Forest Regressor,0.5,0.505,-0.0050000000000000044
03_tree_ensembles,Arvores,Random Forest Regressor,0.5,1.0,-0.5
03_tree_ensembles,Arvores,Random Forest Regressor,20.0,17.09,2.91
03_tree_ensembles,Arvores,Random Forest Regressor,28.0,22.44,5.559999999999999
03_tree_ensembles,Arvores,Random Forest Regressor,27.5,19.795,7.704999999999998
03_tree_ensembles,Arvores,Random Forest Regressor,9.5,6.545,2.955
03_tree_ensembles,Arvores,Random Forest Regressor,4.0,3.23,0.77
03_tree_ensembles,Arvores,Random Forest Regressor,2.5,3.48,-0.98
03_tree_ensembles,Arvores,Random Forest Regressor,2.0,8.78,-6.779999999999999
03_tree_ensembles,Arvores,Random Forest Regressor,0.5,0.56,-0.06000000000000005
03_tree_ensembles,Arvores,Random Forest Regressor,0.5,0.5,0.0
03_tree_ensembles,Arvores,Random Forest Regressor,9.0,10.625,-1.625
03_tree_ensembles,Arvores,Random Forest Regressor,6.5,4.345,2.1550000000000002
03_tree_ensembles,Arvores,Random Forest Regressor,0.5,0.5,0.0
03_tree_ensembles,Arvores,Random Forest Regressor,3.0,3.645,-0.645
03_tree_ensembles,Arvores,Random Forest Regressor,9.5,6.82,2.6799999999999997
03_tree_ensembles,Arvores,Random Forest Regressor,19.0,19.92,-0.9200000000000017
03_tree_ensembles,Arvores,Random Forest Regressor,0.5,1.105,-0.605
03_tree_ensembles,Arvores,Random Forest Regressor,0.5,0.5,0.0
03_tree_ensembles,Arvores,Random Forest Regressor,1.0,0.825,0.17500000000000004
03_tree_ensembles,Arvores,Random Forest Regressor,12.0,102.625,-90.625
03_tree_ensembles,Arvores,Random Forest Regressor,153.5,93.625,59.875
03_tree_ensembles,Arvores,Random Forest Regressor,8.0,18.44,-10.440000000000001
03_tree_ensembles,Arvores,Random Forest Regressor,4.0,5.31,-1.3099999999999996
03_tree_ensembles,Arvores,Random Forest Regressor,1.0,1.005,-0.004999999999999893
03_tree_ensembles,Arvores,Random Forest Regressor,1.0,0.685,0.31499999999999995
03_tree_ensembles,Arvores,Random Forest Regressor,0.5,0.5,0.0
03_tree_ensembles,Arvores,Random Forest Regressor,39.5,28.625,10.875
03_tree_ensembles,Arvores,Random Forest Regressor,139.0,128.965,10.034999999999997
03_tree_ensembles,Arvores,Random Forest Regressor,12.0,8.635,3.365
03_tree_ensembles,Arvores,Random Forest Regressor,268.0,383.25,-115.25
03_tree_ensembles,Arvores,Random Forest Regressor,0.5,0.5,0.0
03_tree_ensembles,Arvores,Random Forest Regressor,0.5,0.5,0.0
03_tree_ensembles,Arvores,Random Forest Regressor,9.0,7.435,1.5650000000000004
03_tree_ensembles,Arvores,Random Forest Regressor,6.5,6.02,0.4800000000000004
03_tree_ensembles,Arvores,Random Forest Regressor,2.0,1.515,0.4850000000000001
03_tree_ensembles,Arvores,Random Forest Regressor,0.5,0.5,0.0
03_tree_ensembles,Arvores,Random Forest Regressor,0.5,0.5,0.0
03_tree_ensembles,Arvores,Random Forest Regressor,1.5,1.105,0.395
03_tree_ensembles,Arvores,Random Forest Regressor,1.5,1.47,0.030000000000000027
03_tree_ensembles,Arvores,Random Forest Regressor,3.0,1.54,1.46
03_tree_ensembles,Arvores,Random Forest Regressor,25.5,27.795,-2.2950000000000017
03_tree_ensembles,Arvores,Random Forest Regressor,1.5,1.2,0.30000000000000004
03_tree_ensembles,Arvores,Random Forest Regressor,7.0,9.46,-2.460000000000001
03_tree_ensembles,Arvores,Random Forest Regressor,0.5,4.68,-4.18
03_tree_ensembles,Arvores,Random Forest Regressor,0.5,0.505,-0.0050000000000000044
03_tree_ensembles,Arvores,Random Forest Regressor,4.0,3.955,0.04499999999999993
03_tree_ensembles,Arvores,Random Forest Regressor,10.0,15.45,-5.449999999999999
03_tree_ensembles,Arvores,Random Forest Regressor,138.5,166.55,-28.05000000000001
03_tree_ensembles,Arvores,Random Forest Regressor,4.5,4.645,-0.14499999999999957
03_tree_ensembles,Arvores,Random Forest Regressor,24.0,23.145,0.8550000000000004
03_tree_ensembles,Arvores,Random Forest Regressor,1.5,1.785,-0.2849999999999999
03_tree_ensembles,Arvores,Random Forest Regressor,0.5,0.52,-0.020000000000000018
03_tree_ensembles,Arvores,Random Forest Regressor,0.5,0.5,0.0
03_tree_ensembles,Arvores,Random Forest Regressor,1.5,1.66,-0.15999999999999992
03_tree_ensembles,Arvores,Random Forest Regressor,1.0,1.04,-0.040000000000000036
03_tree_ensembles,Arvores,Random Forest Regressor,6.0,4.735,1.2649999999999997
03_tree_ensembles,Arvores,Random Forest Regressor,31.0,29.075,1.9250000000000007
03_tree_ensembles,Arvores,Random Forest Regressor,1.0,1.2,-0.19999999999999996
03_tree_ensembles,Arvores,Random Forest Regressor,2.5,4.03,-1.5300000000000002
03_tree_ensembles,Arvores,Random Forest Regressor,550.0,456.66,93.33999999999997
03_tree_ensembles,Arvores,Random Forest Regressor,36.0,24.35,11.649999999999999
03_tree_ensembles,Arvores,Random Forest Regressor,31.5,33.465,-1.9650000000000034
03_tree_ensembles,Arvores,Random Forest Regressor,2.5,4.365,-1.8650000000000002
03_tree_ensembles,Arvores,Random Forest Regressor,0.5,0.805,-0.30500000000000005
03_tree_ensembles,Arvores,Random Forest Regressor,20.5,18.28,2.219999999999999
03_tree_ensembles,Arvores,Random Forest Regressor,5.5,3.955,1.545
03_tree_ensembles,Arvores,Random Forest Regressor,2.5,3.595,-1.0950000000000002
03_tree_ensembles,Arvores,Random Forest Regressor,20.5,25.615,-5.114999999999998
03_tree_ensembles,Arvores,Random Forest Regressor,1.0,0.905,0.09499999999999997
03_tree_ensembles,Arvores,Random Forest Regressor,0.5,0.515,-0.015000000000000013
03_tree_ensembles,Arvores,Random Forest Regressor,1.0,0.99,0.010000000000000009
03_tree_ensembles,Arvores,Random Forest Regressor,0.5,0.505,-0.0050000000000000044
03_tree_ensembles,Arvores,Random Forest Regressor,3.0,8.86,-5.859999999999999
03_tree_ensembles,Arvores,Random Forest Regressor,0.5,0.5,0.0
03_tree_ensembles,Arvores,Random Forest Regressor,0.5,0.5,0.0
03_tree_ensembles,Arvores,Random Forest Regressor,2.0,3.625,-1.625
03_tree_ensembles,Arvores,Random Forest Regressor,1.0,0.9,0.09999999999999998
03_tree_ensembles,Arvores,Random Forest Regressor,5.5,5.59,-0.08999999999999986
03_tree_ensembles,Arvores,Random Forest Regressor,29.5,30.235,-0.7349999999999994
03_tree_ensembles,Arvores,Random Forest Regressor,1.0,1.215,-0.21500000000000008
03_tree_ensembles,Arvores,Random Forest Regressor,44.0,46.52,-2.520000000000003
03_tree_ensembles,Arvores,Random Forest Regressor,0.5,2.8,-2.3
03_tree_ensembles,Arvores,Random Forest Regressor,1.0,13.235,-12.235
03_tree_ensembles,Arvores,Random Forest Regressor,1.0,2.26,-1.2599999999999998
03_tree_ensembles,Arvores,Random Forest Regressor,0.5,0.56,-0.06000000000000005
03_tree_ensembles,Arvores,Random Forest Regressor,1.5,0.91,0.59
03_tree_ensembles,Arvores,Random Forest Regressor,0.5,0.585,-0.08499999999999996
03_tree_ensembles,Arvores,Random Forest Regressor,0.5,0.75,-0.25
03_tree_ensembles,Arvores,Random Forest Regressor,1.0,2.185,-1.185
03_tree_ensembles,Arvores,Random Forest Regressor,1691.0,1972.71,-281.71000000000004
03_tree_ensembles,Arvores,Random Forest Regressor,0.5,0.945,-0.44499999999999995
03_tree_ensembles,Arvores,Random Forest Regressor,1.5,1.54,-0.040000000000000036
03_tree_ensembles,Arvores,Random Forest Regressor,1.5,1.77,-0.27
03_tree_ensembles,Arvores,Random Forest Regressor,1.0,0.885,0.11499999999999999
03_tree_ensembles,Arvores,Random Forest Regressor,0.5,0.52,-0.020000000000000018
03_tree_ensembles,Arvores,Random Forest Regressor,0.5,0.505,-0.0050000000000000044
03_tree_ensembles,Arvores,Random Forest Regressor,6.0,7.62,-1.62
03_tree_ensembles,Arvores,Random Forest Regressor,1.5,1.425,0.07499999999999996
03_tree_ensembles,Arvores,Random Forest Regressor,0.5,0.6,-0.09999999999999998
03_tree_ensembles,Arvores,Random Forest Regressor,3.0,3.79,-0.79
03_tree_ensembles,Arvores,Random Forest Regressor,0.5,0.5,0.0
03_tree_ensembles,Arvores,Random Forest Regressor,23.5,22.125,1.375
03_tree_ensembles,Arvores,Random Forest Regressor,1.0,1.12,-0.1200000000000001
03_tree_ensembles,Arvores,Random Forest Regressor,2.5,1.715,0.7849999999999999
03_tree_ensembles,Arvores,Random Forest Regressor,0.5,0.5,0.0
03_tree_ensembles,Arvores,Random Forest Regressor,0.5,1.595,-1.095
03_tree_ensembles,Arvores,Random Forest Regressor,4.0,4.175,-0.17499999999999982
03_tree_ensembles,Arvores,Random Forest Regressor,41.0,31.435,9.565000000000001
03_tree_ensembles,Arvores,Random Forest Regressor,0.5,0.5,0.0
03_tree_ensembles,Arvores,Random Forest Regressor,0.5,0.51,-0.010000000000000009
03_tree_ensembles,Arvores,Random Forest Regressor,23.0,22.51,0.48999999999999844
03_tree_ensembles,Arvores,Random Forest Regressor,3.0,5.935,-2.9349999999999996
03_tree_ensembles,Arvores,Random Forest Regressor,0.5,0.575,-0.07499999999999996
03_tree_ensembles,Arvores,Random Forest Regressor,1.0,0.955,0.04500000000000004
03_tree_ensembles,Arvores,Random Forest Regressor,0.5,0.5,0.0
03_tree_ensembles,Arvores,Random Forest Regressor,8.5,10.915,-2.414999999999999
03_tree_ensembles,Arvores,Random Forest Regressor,1.5,4.1,-2.5999999999999996
03_tree_ensembles,Arvores,Random Forest Regressor,2.0,3.345,-1.3450000000000002
03_tree_ensembles,Arvores,Random Forest Regressor,0.5,0.5,0.0
03_tree_ensembles,Arvores,Random Forest Regressor,4.0,3.425,0.5750000000000002
03_tree_ensembles,Arvores,Random Forest Regressor,0.5,0.5,0.0
03_tree_ensembles,Arvores,Random Forest Regressor,13.5,6.4,7.1
03_tree_ensembles,Arvores,Random Forest Regressor,7.0,6.09,0.9100000000000001
03_tree_ensembles,Arvores,Random Forest Regressor,1.0,1.405,-0.405
03_tree_ensembles,Arvores,Random Forest Regressor,1.5,1.07,0.42999999999999994
03_tree_ensembles,Arvores,Random Forest Regressor,0.5,0.5,0.0
03_tree_ensembles,Arvores,Random Forest Regressor,10.0,7.63,2.37
03_tree_ensembles,Arvores,Random Forest Regressor,5.0,3.85,1.15
03_tree_ensembles,Arvores,Random Forest Regressor,0.5,0.5,0.0
03_tree_ensembles,Arvores,Random Forest Regressor,0.5,0.5,0.0
03_tree_ensembles,Arvores,Random Forest Regressor,1.5,0.965,0.535
03_tree_ensembles,Arvores,Random Forest Regressor,5.5,6.48,-0.9800000000000004
03_tree_ensembles,Arvores,Random Forest Regressor,4.5,2.94,1.56
03_tree_ensembles,Arvores,Random Forest Regressor,3.0,4.925,-1.9249999999999998
03_tree_ensembles,Arvores,Random Forest Regressor,3.5,4.365,-0.8650000000000002
03_tree_ensembles,Arvores,Random Forest Regressor,129.0,161.87,-32.870000000000005
03_tree_ensembles,Arvores,Random Forest Regressor,1.0,0.97,0.030000000000000027
03_tree_ensembles,Arvores,Random Forest Regressor,3598.0,1943.09,1654.91
03_tree_ensembles,Arvores,Random Forest Regressor,3.0,6.47,-3.4699999999999998
03_tree_ensembles,Arvores,Random Forest Regressor,0.5,0.5,0.0
03_tree_ensembles,Arvores,Random Forest Regressor,24.0,31.265,-7.265000000000001
03_tree_ensembles,Arvores,Random Forest Regressor,24.5,31.715,-7.215
03_tree_ensembles,Arvores,Random Forest Regressor,1.0,0.745,0.255
03_tree_ensembles,Arvores,Random Forest Regressor,5.0,5.605,-0.6050000000000004
03_tree_ensembles,Arvores,Random Forest Regressor,2.0,2.43,-0.43000000000000016
03_tree_ensembles,Arvores,Random Forest Regressor,2.0,1.99,0.010000000000000009
03_tree_ensembles,Arvores,Random Forest Regressor,10.0,6.36,3.6399999999999997
03_tree_ensembles,Arvores,Random Forest Regressor,199.0,134.805,64.195
03_tree_ensembles,Arvores,Random Forest Regressor,7.0,5.21,1.79
03_tree_ensembles,Arvores,Random Forest Regressor,2.0,1.795,0.20500000000000007
03_tree_ensembles,Arvores,Random Forest Regressor,10.5,14.355,-3.8550000000000004
03_tree_ensembles,Arvores,Random Forest Regressor,19.5,23.745,-4.245000000000001
03_tree_ensembles,Arvores,Random Forest Regressor,0.5,0.53,-0.030000000000000027
03_tree_ensembles,Arvores,Random Forest Regressor,5.0,4.175,0.8250000000000002
03_tree_ensembles,Arvores,Random Forest Regressor,2.0,1.955,0.04499999999999993
03_tree_ensembles,Arvores,Random Forest Regressor,5.0,4.07,0.9299999999999997
03_tree_ensembles,Arvores,Random Forest Regressor,0.5,0.775,-0.275
03_tree_ensembles,Arvores,Random Forest Regressor,0.5,0.515,-0.015000000000000013
03_tree_ensembles,Arvores,Random Forest Regressor,0.5,0.51,-0.010000000000000009
03_tree_ensembles,Arvores,Random Forest Regressor,0.5,0.5,0.0
03_tree_ensembles,Arvores,Random Forest Regressor,1.5,1.66,-0.15999999999999992
03_tree_ensembles,Arvores,Random Forest Regressor,4.5,6.31,-1.8099999999999996
03_tree_ensembles,Arvores,Random Forest Regressor,456.0,418.21,37.79000000000002
03_tree_ensembles,Arvores,Random Forest Regressor,13.5,9.665,3.835000000000001
03_tree_ensembles,Arvores,Random Forest Regressor,5.0,5.965,-0.9649999999999999
03_tree_ensembles,Arvores,Random Forest Regressor,3.0,3.725,-0.7250000000000001
03_tree_ensembles,Arvores,Random Forest Regressor,23.0,16.525,6.475000000000001
03_tree_ensembles,Arvores,Random Forest Regressor,15.0,25.03,-10.030000000000001
03_tree_ensembles,Arvores,Random Forest Regressor,463.0,354.65,108.35000000000002
03_tree_ensembles,Arvores,Random Forest Regressor,0.5,0.53,-0.030000000000000027
03_tree_ensembles,Arvores,Random Forest Regressor,0.5,0.5,0.0
03_tree_ensembles,Arvores,Random Forest Regressor,0.5,1.37,-0.8700000000000001
03_tree_ensembles,Arvores,Random Forest Regressor,0.5,0.705,-0.20499999999999996
03_tree_ensembles,Arvores,Random Forest Regressor,4.0,3.2,0.7999999999999998
03_tree_ensembles,Arvores,Random Forest Regressor,7.0,7.965,-0.9649999999999999
03_tree_ensembles,Arvores,Random Forest Regressor,0.5,0.5,0.0
03_tree_ensembles,Arvores,Random Forest Regressor,338.0,361.1,-23.100000000000023
03_tree_ensembles,Arvores,Random Forest Regressor,1.5,18.66,-17.16
03_tree_ensembles,Arvores,Random Forest Regressor,28.5,24.115,4.385000000000002
03_tree_ensembles,Arvores,Random Forest Regressor,0.5,0.5,0.0
03_tree_ensembles,Arvores,Random Forest Regressor,14.5,10.165,4.335000000000001
03_tree_ensembles,Arvores,Random Forest Regressor,61.5,65.165,-3.6650000000000063
03_tree_ensembles,Arvores,Random Forest Regressor,11.0,12.61,-1.6099999999999994
03_tree_ensembles,Arvores,Random Forest Regressor,1.0,0.555,0.44499999999999995
03_tree_ensembles,Arvores,Random Forest Regressor,2.0,1.885,0.11499999999999999
03_tree_ensembles,Arvores,Random Forest Regressor,11.0,8.305,2.6950000000000003
03_tree_ensembles,Arvores,Random Forest Regressor,1939.0,1831.18,107.81999999999994
03_tree_ensembles,Arvores,Random Forest Regressor,93.0,400.34,-307.34
03_tree_ensembles,Arvores,Random Forest Regressor,22.0,14.9,7.1
03_tree_ensembles,Arvores,Random Forest Regressor,2.5,3.575,-1.0750000000000002
03_tree_ensembles,Arvores,Random Forest Regressor,11.5,16.94,-5.440000000000001
03_tree_ensembles,Arvores,Random Forest Regressor,1.5,1.63,-0.1299999999999999
03_tree_ensembles,Arvores,Random Forest Regressor,13.5,19.57,-6.07
03_tree_ensembles,Arvores,Random Forest Regressor,4.5,11.935,-7.4350000000000005
03_tree_ensembles,Arvores,Random Forest Regressor,5.5,4.365,1.1349999999999998
03_tree_ensembles,Arvores,Random Forest Regressor,2.5,3.39,-0.8900000000000001
03_tree_ensembles,Arvores,Random Forest Regressor,0.5,0.5,0.0
03_tree_ensembles,Arvores,Random Forest Regressor,28.0,17.77,10.23
03_tree_ensembles,Arvores,Random Forest Regressor,2.0,1.495,0.5049999999999999
03_tree_ensembles,Arvores,Random Forest Regressor,24.5,19.92,4.579999999999998
03_tree_ensembles,Arvores,Random Forest Regressor,9.0,8.125,0.875
03_tree_ensembles,Arvores,Random Forest Regressor,3.0,4.115,-1.1150000000000002
03_tree_ensembles,Arvores,Random Forest Regressor,2.0,2.21,-0.20999999999999996
03_tree_ensembles,Arvores,Random Forest Regressor,11.5,7.275,4.225
03_tree_ensembles,Arvores,Random Forest Regressor,12.5,9.52,2.9800000000000004
03_tree_ensembles,Arvores,Random Forest Regressor,4.0,3.37,0.6299999999999999
03_tree_ensembles,Arvores,Random Forest Regressor,2.5,10.435,-7.9350000000000005
03_tree_ensembles,Arvores,Random Forest Regressor,0.5,0.5,0.0
03_tree_ensembles,Arvores,Random Forest Regressor,0.5,0.72,-0.21999999999999997
03_tree_ensembles,Arvores,Random Forest Regressor,0.5,0.945,-0.44499999999999995
03_tree_ensembles,Arvores,Random Forest Regressor,2.0,1.595,0.405
03_tree_ensembles,Arvores,Random Forest Regressor,4.5,3.965,0.5350000000000001
03_tree_ensembles,Arvores,Random Forest Regressor,22.0,27.79,-5.789999999999999
03_tree_ensembles,Arvores,Random Forest Regressor,28.5,22.23,6.27
03_tree_ensembles,Arvores,Random Forest Regressor,24.0,23.255,0.745000000000001
03_tree_ensembles,Arvores,Random Forest Regressor,1.0,0.705,0.29500000000000004
03_tree_ensembles,Arvores,Random Forest Regressor,7.0,9.93,-2.9299999999999997
03_tree_ensembles,Arvores,Random Forest Regressor,1.5,2.15,-0.6499999999999999
03_tree_ensembles,Arvores,Random Forest Regressor,1.5,1.49,0.010000000000000009
03_tree_ensembles,Arvores,Random Forest Regressor,2.0,3.67,-1.67
03_tree_ensembles,Arvores,Random Forest Regressor,14.0,25.275,-11.274999999999999
03_tree_ensembles,Arvores,Random Forest Regressor,27.0,31.43,-4.43
03_tree_ensembles,Arvores,Random Forest Regressor,23.5,26.58,-3.0799999999999983
03_tree_ensembles,Arvores,Random Forest Regressor,149.5,161.78,-12.280000000000001
03_tree_ensembles,Arvores,Random Forest Regressor,2.5,3.905,-1.4049999999999998
03_tree_ensembles,Arvores,Random Forest Regressor,0.5,0.615,-0.11499999999999999
03_tree_ensembles,Arvores,Random Forest Regressor,1.0,0.96,0.040000000000000036
03_tree_ensembles,Arvores,Random Forest Regressor,1.0,1.215,-0.21500000000000008
03_tree_ensembles,Arvores,Random Forest Regressor,3.5,14.65,-11.15
03_tree_ensembles,Arvores,Random Forest Regressor,1.0,1.315,-0.31499999999999995
03_tree_ensembles,Arvores,Random Forest Regressor,3.0,2.45,0.5499999999999998
03_tree_ensembles,Arvores,Random Forest Regressor,9.0,5.325,3.675
03_tree_ensembles,Arvores,Random Forest Regressor,4.0,4.255,-0.2549999999999999
03_tree_ensembles,Arvores,Random Forest Regressor,11.5,20.3,-8.8
03_tree_ensembles,Arvores,Random Forest Regressor,0.5,0.78,-0.28
03_tree_ensembles,Arvores,Random Forest Regressor,28.5,27.74,0.7600000000000016
03_tree_ensembles,Arvores,Random Forest Regressor,0.5,0.98,-0.48
03_tree_ensembles,Arvores,Random Forest Regressor,0.5,0.5,0.0
03_tree_ensembles,Arvores,Random Forest Regressor,35.5,32.34,3.1599999999999966
03_tree_ensembles,Arvores,Random Forest Regressor,6.5,14.1,-7.6
03_tree_ensembles,Arvores,Random Forest Regressor,3.5,3.105,0.395
03_tree_ensembles,Arvores,Random Forest Regressor,539.0,445.04,93.95999999999998
03_tree_ensembles,Arvores,Random Forest Regressor,2.0,2.605,-0.605
03_tree_ensembles,Arvores,Random Forest Regressor,33.5,28.67,4.829999999999998
03_tree_ensembles,Arvores,Random Forest Regressor,4.0,4.695,-0.6950000000000003
03_tree_ensembles,Arvores,Random Forest Regressor,4.0,3.64,0.3599999999999999
03_tree_ensembles,Arvores,Random Forest Regressor,3.0,3.84,-0.8399999999999999
03_tree_ensembles,Arvores,Random Forest Regressor,26.5,20.275,6.225000000000001
03_tree_ensembles,Arvores,Random Forest Regressor,0.5,0.68,-0.18000000000000005
03_tree_ensembles,Arvores,Random Forest Regressor,4.5,7.315,-2.8150000000000004
03_tree_ensembles,Arvores,Random Forest Regressor,1.5,1.57,-0.07000000000000006
03_tree_ensembles,Arvores,Random Forest Regressor,3.0,3.275,-0.2749999999999999
03_tree_ensembles,Arvores,Random Forest Regressor,0.5,0.5,0.0
03_tree_ensembles,Arvores,Random Forest Regressor,0.5,0.5,0.0
03_tree_ensembles,Arvores,Random Forest Regressor,0.5,0.7,-0.19999999999999996
03_tree_ensembles,Arvores,Random Forest Regressor,1.0,0.88,0.12
03_tree_ensembles,Arvores,Random Forest Regressor,0.5,0.5,0.0
03_tree_ensembles,Arvores,Random Forest Regressor,3.0,4.155,-1.1550000000000002
03_tree_ensembles,Arvores,Random Forest Regressor,0.5,0.585,-0.08499999999999996
03_tree_ensembles,Arvores,Random Forest Regressor,2.0,7.535,-5.535
03_tree_ensembles,Arvores,Random Forest Regressor,1.0,1.05,-0.050000000000000044
03_tree_ensembles,Arvores,Random Forest Regressor,26.0,26.13,-0.129999999999999
03_tree_ensembles,Arvores,Random Forest Regressor,3.0,2.73,0.27
03_tree_ensembles,Arvores,Random Forest Regressor,22.0,22.91,-0.9100000000000001
03_tree_ensembles,Arvores,Random Forest Regressor,0.5,0.57,-0.06999999999999995
03_tree_ensembles,Arvores,Random Forest Regressor,17.5,9.62,7.880000000000001
03_tree_ensembles,Arvores,Random Forest Regressor,1.5,1.39,0.1100000000000001
03_tree_ensembles,Arvores,Random Forest Regressor,0.5,0.57,-0.06999999999999995
03_tree_ensembles,Arvores,Random Forest Regressor,509.0,375.79,133.20999999999998
03_tree_ensembles,Arvores,Random Forest Regressor,1.0,0.665,0.33499999999999996
03_tree_ensembles,Arvores,Random Forest Regressor,2.0,2.185,-0.18500000000000005
03_tree_ensembles,Arvores,Random Forest Regressor,25.0,19.735,5.265000000000001
03_tree_ensembles,Arvores,Random Forest Regressor,2.0,3.135,-1.1349999999999998
03_tree_ensembles,Arvores,Random Forest Regressor,1.5,1.045,0.45500000000000007
03_tree_ensembles,Arvores,Random Forest Regressor,2.0,2.76,-0.7599999999999998
03_tree_ensembles,Arvores,Random Forest Regressor,11.0,17.805,-6.805
03_tree_ensembles,Arvores,Random Forest Regressor,0.5,0.56,-0.06000000000000005
03_tree_ensembles,Arvores,Random Forest Regressor,11.5,16.68,-5.18
03_tree_ensembles,Arvores,Random Forest Regressor,0.5,0.535,-0.03500000000000003
03_tree_ensembles,Arvores,Random Forest Regressor,1.0,1.31,-0.31000000000000005
03_tree_ensembles,Arvores,Random Forest Regressor,1.0,0.965,0.03500000000000003
03_tree_ensembles,Arvores,Random Forest Regressor,0.5,0.73,-0.22999999999999998
03_tree_ensembles,Arvores,Random Forest Regressor,12.5,13.205,-0.7050000000000001
03_tree_ensembles,Arvores,Random Forest Regressor,35.5,27.015,8.485
03_tree_ensembles,Arvores,Random Forest Regressor,21.0,17.94,3.0599999999999987
03_tree_ensembles,Arvores,Random Forest Regressor,1.5,1.375,0.125
03_tree_ensembles,Arvores,Random Forest Regressor,5.5,16.125,-10.625
03_tree_ensembles,Arvores,Random Forest Regressor,2.5,2.045,0.45500000000000007
03_tree_ensembles,Arvores,Random Forest Regressor,0.5,0.5,0.0
03_tree_ensembles,Arvores,Random Forest Regressor,3.0,3.01,-0.009999999999999787
03_tree_ensembles,Arvores,Random Forest Regressor,24.0,21.27,2.7300000000000004
03_tree_ensembles,Arvores,Random Forest Regressor,1.5,1.285,0.21500000000000008
03_tree_ensembles,Arvores,Random Forest Regressor,4.5,5.08,-0.5800000000000001
03_tree_ensembles,Arvores,Random Forest Regressor,0.5,0.51,-0.010000000000000009
03_tree_ensembles,Arvores,Random Forest Regressor,0.5,0.81,-0.31000000000000005
03_tree_ensembles,Arvores,Random Forest Regressor,26.5,25.155,1.3449999999999989
03_tree_ensembles,Arvores,Random Forest Regressor,1.5,1.61,-0.1100000000000001
03_tree_ensembles,Arvores,Random Forest Regressor,31.0,30.18,0.8200000000000003
03_tree_ensembles,Arvores,Random Forest Regressor,6.0,4.905,1.0949999999999998
03_tree_ensembles,Arvores,Random Forest Regressor,22.5,19.255,3.245000000000001
03_tree_ensembles,Arvores,Random Forest Regressor,0.5,0.5,0.0
03_tree_ensembles,Arvores,Random Forest Regressor,7.5,6.84,0.6600000000000001
03_tree_ensembles,Arvores,Random Forest Regressor,2.0,1.5,0.5
03_tree_ensembles,Arvores,Random Forest Regressor,3.0,3.515,-0.5150000000000001
03_tree_ensembles,Arvores,Random Forest Regressor,36.0,18.755,17.245
03_tree_ensembles,Arvores,Random Forest Regressor,0.5,0.5,0.0
03_tree_ensembles,Arvores,Random Forest Regressor,129.0,133.24,-4.240000000000009
03_tree_ensembles,Arvores,Random Forest Regressor,21.5,15.66,5.84
03_tree_ensembles,Arvores,Random Forest Regressor,5.0,6.92,-1.92
03_tree_ensembles,Arvores,Random Forest Regressor,0.5,0.585,-0.08499999999999996
03_tree_ensembles,Arvores,Random Forest Regressor,1.0,1.825,-0.825
03_tree_ensembles,Arvores,Random Forest Regressor,1.5,1.45,0.050000000000000044
03_tree_ensembles,Arvores,Random Forest Regressor,4.0,7.77,-3.7699999999999996
03_tree_ensembles,Arvores,Random Forest Regressor,1.5,0.77,0.73
03_tree_ensembles,Arvores,Random Forest Regressor,0.5,0.515,-0.015000000000000013
03_tree_ensembles,Arvores,Random Forest Regressor,0.5,0.5,0.0
03_tree_ensembles,Arvores,Random Forest Regressor,5.0,4.105,0.8949999999999996
03_tree_ensembles,Arvores,Random Forest Regressor,0.5,0.88,-0.38
03_tree_ensembles,Arvores,Random Forest Regressor,3.0,3.83,-0.8300000000000001
03_tree_ensembles,Arvores,Random Forest Regressor,0.5,0.5,0.0
03_tree_ensembles,Arvores,Random Forest Regressor,25.5,15.67,9.83
03_tree_ensembles,Arvores,Random Forest Regressor,1.5,6.435,-4.935
03_tree_ensembles,Arvores,Random Forest Regressor,59.0,45.035,13.965000000000003
03_tree_ensembles,Arvores,Random Forest Regressor,0.5,0.525,-0.025000000000000022
03_tree_ensembles,Arvores,Random Forest Regressor,9.5,4.65,4.85
03_tree_ensembles,Arvores,Random Forest Regressor,0.5,0.565,-0.06499999999999995
03_tree_ensembles,Arvores,Random Forest Regressor,12.0,27.11,-15.11
03_tree_ensembles,Arvores,Random Forest Regressor,154.0,116.115,37.885000000000005
03_tree_ensembles,Arvores,Random Forest Regressor,0.5,0.5,0.0
03_tree_ensembles,Arvores,Random Forest Regressor,6.5,8.115,-1.6150000000000002
03_tree_ensembles,Arvores,Random Forest Regressor,2.5,1.82,0.6799999999999999
03_tree_ensembles,Arvores,Random Forest Regressor,3.0,3.72,-0.7200000000000002
03_tree_ensembles,Arvores,Random Forest Regressor,7.0,6.54,0.45999999999999996
03_tree_ensembles,Arvores,Random Forest Regressor,2.0,1.505,0.4950000000000001
03_tree_ensembles,Arvores,Random Forest Regressor,7.0,9.755,-2.755000000000001
03_tree_ensembles,Arvores,Random Forest Regressor,2.0,1.84,0.15999999999999992
03_tree_ensembles,Arvores,Random Forest Regressor,25.5,20.725,4.774999999999999
03_tree_ensembles,Arvores,Random Forest Regressor,1.5,2.995,-1.495
03_tree_ensembles,Arvores,Random Forest Regressor,13.5,13.99,-0.4900000000000002
03_tree_ensembles,Arvores,Random Forest Regressor,0.5,0.5,0.0
03_tree_ensembles,Arvores,Random Forest Regressor,46.0,38.11,7.890000000000001
03_tree_ensembles,Arvores,Random Forest Regressor,0.5,0.5,0.0
03_tree_ensembles,Arvores,Random Forest Regressor,1.0,1.015,-0.014999999999999902
03_tree_ensembles,Arvores,Random Forest Regressor,6.5,6.325,0.17499999999999982
03_tree_ensembles,Arvores,Random Forest Regressor,0.5,0.51,-0.010000000000000009
03_tree_ensembles,Arvores,Random Forest Regressor,24.5,20.89,3.6099999999999994
03_tree_ensembles,Arvores,Random Forest Regressor,0.5,0.865,-0.365
03_tree_ensembles,Arvores,Random Forest Regressor,2.0,4.105,-2.1050000000000004
03_tree_ensembles,Arvores,Random Forest Regressor,2.5,1.915,0.585
03_tree_ensembles,Arvores,Random Forest Regressor,130.5,102.01,28.489999999999995
03_tree_ensembles,Arvores,Random Forest Regressor,3.0,2.41,0.5899999999999999
03_tree_ensembles,Arvores,Random Forest Regressor,0.5,0.505,-0.0050000000000000044
03_tree_ensembles,Arvores,Random Forest Regressor,32.5,81.245,-48.745000000000005
03_tree_ensembles,Arvores,Random Forest Regressor,17.0,28.43,-11.43
03_tree_ensembles,Arvores,Random Forest Regressor,0.5,1.71,-1.21
03_tree_ensembles,Arvores,Random Forest Regressor,6.5,6.165,0.33499999999999996
03_tree_ensembles,Arvores,Random Forest Regressor,0.5,0.5,0.0
03_tree_ensembles,Arvores,Random Forest Regressor,0.5,0.5,0.0
03_tree_ensembles,Arvores,Random Forest Regressor,7.0,10.27,-3.2699999999999996
03_tree_ensembles,Arvores,Random Forest Regressor,2.5,2.305,0.19499999999999984
03_tree_ensembles,Arvores,Random Forest Regressor,1.0,0.81,0.18999999999999995
03_tree_ensembles,Arvores,Random Forest Regressor,1.0,12.55,-11.55
03_tree_ensembles,Arvores,Random Forest Regressor,5.0,3.65,1.35
03_tree_ensembles,Arvores,Random Forest Regressor,3.5,2.03,1.4700000000000002
03_tree_ensembles,Arvores,Random Forest Regressor,1.0,1.565,-0.565
03_tree_ensembles,Arvores,Random Forest Regressor,0.5,0.52,-0.020000000000000018
03_tree_ensembles,Arvores,Random Forest Regressor,4.5,26.69,-22.19
03_tree_ensembles,Arvores,Random Forest Regressor,1.0,1.755,-0.7549999999999999
03_tree_ensembles,Arvores,Random Forest Regressor,0.5,0.77,-0.27
03_tree_ensembles,Arvores,Random Forest Regressor,3.0,2.425,0.5750000000000002
03_tree_ensembles,Arvores,Random Forest Regressor,3.5,16.36,-12.86
03_tree_ensembles,Arvores,Random Forest Regressor,6.0,6.77,-0.7699999999999996
03_tree_ensembles,Arvores,Random Forest Regressor,3.0,4.445,-1.4450000000000003
03_tree_ensembles,Arvores,Random Forest Regressor,1.5,1.015,0.4850000000000001
03_tree_ensembles,Arvores,Random Forest Regressor,0.5,0.5,0.0
03_tree_ensembles,Arvores,Random Forest Regressor,113.0,109.065,3.9350000000000023
03_tree_ensembles,Arvores,Random Forest Regressor,0.5,0.5,0.0
03_tree_ensembles,Arvores,Random Forest Regressor,4.0,7.305,-3.3049999999999997
03_tree_ensembles,Arvores,Random Forest Regressor,1.5,1.3,0.19999999999999996
03_tree_ensembles,Arvores,Random Forest Regressor,3.0,3.345,-0.3450000000000002
03_tree_ensembles,Arvores,Random Forest Regressor,83.0,94.795,-11.795000000000002
03_tree_ensembles,Arvores,Random Forest Regressor,15.5,10.8,4.699999999999999
03_tree_ensembles,Arvores,Random Forest Regressor,2.5,3.605,-1.105
03_tree_ensembles,Arvores,Random Forest Regressor,15.5,27.6,-12.100000000000001
03_tree_ensembles,Arvores,Random Forest Regressor,7.5,7.3,0.20000000000000018
03_tree_ensembles,Arvores,Random Forest Regressor,3.5,7.705,-4.205
03_tree_ensembles,Arvores,Random Forest Regressor,1.5,1.86,-0.3600000000000001
03_tree_ensembles,Arvores,Random Forest Regressor,4.0,4.45,-0.4500000000000002
03_tree_ensembles,Arvores,Random Forest Regressor,181.5,162.46,19.039999999999992
03_tree_ensembles,Arvores,Random Forest Regressor,0.5,0.5,0.0
03_tree_ensembles,Arvores,Random Forest Regressor,152.5,168.825,-16.32499999999999
03_tree_ensembles,Arvores,Random Forest Regressor,1.5,1.31,0.18999999999999995
03_tree_ensembles,Arvores,Random Forest Regressor,0.5,0.51,-0.010000000000000009
03_tree_ensembles,Arvores,Random Forest Regressor,0.5,0.57,-0.06999999999999995
03_tree_ensembles,Arvores,Random Forest Regressor,0.5,0.59,-0.08999999999999997
03_tree_ensembles,Arvores,Random Forest Regressor,7.5,8.61,-1.1099999999999994
03_tree_ensembles,Arvores,Random Forest Regressor,17.0,19.42,-2.4200000000000017
03_tree_ensembles,Arvores,Random Forest Regressor,0.5,0.5,0.0
03_tree_ensembles,Arvores,Random Forest Regressor,3.5,5.175,-1.6749999999999998
03_tree_ensembles,Arvores,Random Forest Regressor,0.5,0.5,0.0
03_tree_ensembles,Arvores,Random Forest Regressor,0.5,0.5,0.0
03_tree_ensembles,Arvores,Random Forest Regressor,7.5,7.045,0.45500000000000007
03_tree_ensembles,Arvores,Random Forest Regressor,4.5,2.655,1.8450000000000002
03_tree_ensembles,Arvores,Random Forest Regressor,0.5,0.5,0.0
03_tree_ensembles,Arvores,Random Forest Regressor,0.5,0.57,-0.06999999999999995
03_tree_ensembles,Arvores,Random Forest Regressor,2.0,1.16,0.8400000000000001
03_tree_ensembles,Arvores,Random Forest Regressor,1.0,1.485,-0.4850000000000001
03_tree_ensembles,Arvores,Random Forest Regressor,3.5,3.235,0.2650000000000001
03_tree_ensembles,Arvores,Random Forest Regressor,1.5,0.69,0.81
03_tree_ensembles,Arvores,Random Forest Regressor,20.5,18.41,2.09
03_tree_ensembles,Arvores,Random Forest Regressor,0.5,0.515,-0.015000000000000013
03_tree_ensembles,Arvores,Random Forest Regressor,12.0,18.765,-6.765000000000001
03_tree_ensembles,Arvores,Random Forest Regressor,1.5,3.645,-2.145
03_tree_ensembles,Arvores,Random Forest Regressor,5.0,2.34,2.66
03_tree_ensembles,Arvores,Random Forest Regressor,2.5,4.015,-1.5149999999999997
03_tree_ensembles,Arvores,Random Forest Regressor,0.5,0.51,-0.010000000000000009
03_tree_ensembles,Arvores,Random Forest Regressor,0.5,0.5,0.0
03_tree_ensembles,Arvores,Random Forest Regressor,398.0,419.63,-21.629999999999995
03_tree_ensembles,Arvores,Random Forest Regressor,0.5,0.51,-0.010000000000000009
03_tree_ensembles,Arvores,Random Forest Regressor,1.5,1.315,0.18500000000000005
03_tree_ensembles,Arvores,Random Forest Regressor,4.0,17.375,-13.375
03_tree_ensembles,Arvores,Random Forest Regressor,3.5,6.51,-3.01
03_tree_ensembles,Arvores,Random Forest Regressor,1.5,1.82,-0.32000000000000006
03_tree_ensembles,Arvores,Random Forest Regressor,0.5,0.68,-0.18000000000000005
03_tree_ensembles,Arvores,Random Forest Regressor,8.0,8.58,-0.5800000000000001
03_tree_ensembles,Arvores,Random Forest Regressor,25.0,18.9,6.100000000000001
03_tree_ensembles,Arvores,Random Forest Regressor,1.5,1.4,0.10000000000000009
03_tree_ensembles,Arvores,Random Forest Regressor,1.5,1.51,-0.010000000000000009
03_tree_ensembles,Arvores,Random Forest Regressor,4.0,3.705,0.29499999999999993
03_tree_ensembles,Arvores,Random Forest Regressor,6.5,2.28,4.220000000000001
03_tree_ensembles,Arvores,Random Forest Regressor,142.0,118.41,23.590000000000003
03_tree_ensembles,Arvores,Random Forest Regressor,30.0,18.08,11.920000000000002
03_tree_ensembles,Arvores,Random Forest Regressor,2.5,2.64,-0.14000000000000012
03_tree_ensembles,Arvores,Random Forest Regressor,5.5,3.825,1.6749999999999998
03_tree_ensembles,Arvores,Random Forest Regressor,0.5,0.5,0.0
03_tree_ensembles,Arvores,Random Forest Regressor,0.5,0.51,-0.010000000000000009
03_tree_ensembles,Arvores,Random Forest Regressor,4.0,7.375,-3.375
03_tree_ensembles,Arvores,Random Forest Regressor,6.0,6.93,-0.9299999999999997
03_tree_ensembles,Arvores,Random Forest Regressor,5.5,5.85,-0.34999999999999964
03_tree_ensembles,Arvores,Random Forest Regressor,1.0,0.845,0.15500000000000003
03_tree_ensembles,Arvores,Random Forest Regressor,1.0,0.955,0.04500000000000004
03_tree_ensembles,Arvores,Random Forest Regressor,0.5,0.585,-0.08499999999999996
03_tree_ensembles,Arvores,Random Forest Regressor,50.5,70.7,-20.200000000000003
03_tree_ensembles,Arvores,Random Forest Regressor,2.0,1.88,0.1200000000000001
03_tree_ensembles,Arvores,Random Forest Regressor,0.5,0.56,-0.06000000000000005
03_tree_ensembles,Arvores,Random Forest Regressor,76.0,149.515,-73.51499999999999
03_tree_ensembles,Arvores,Random Forest Regressor,0.5,2.21,-1.71
03_tree_ensembles,Arvores,Random Forest Regressor,0.5,0.51,-0.010000000000000009
03_tree_ensembles,Arvores,Random Forest Regressor,8.5,7.73,0.7699999999999996
03_tree_ensembles,Arvores,Random Forest Regressor,31.0,45.775,-14.774999999999999
03_tree_ensembles,Arvores,Random Forest Regressor,3.0,3.98,-0.98
03_tree_ensembles,Arvores,Random Forest Regressor,37.5,43.915,-6.414999999999999
03_tree_ensembles,Arvores,Random Forest Regressor,2.0,1.71,0.29000000000000004
03_tree_ensembles,Arvores,Random Forest Regressor,15.5,32.25,-16.75
03_tree_ensembles,Arvores,Random Forest Regressor,0.5,0.74,-0.24
03_tree_ensembles,Arvores,Random Forest Regressor,6.0,9.75,-3.75
03_tree_ensembles,Arvores,Random Forest Regressor,0.5,0.5,0.0
03_tree_ensembles,Arvores,Random Forest Regressor,6.0,6.295,-0.29499999999999993
03_tree_ensembles,Arvores,Random Forest Regressor,5.5,3.75,1.75
03_tree_ensembles,Arvores,Random Forest Regressor,3.0,4.5,-1.5
03_tree_ensembles,Arvores,Random Forest Regressor,0.5,0.59,-0.08999999999999997
03_tree_ensembles,Arvores,Random Forest Regressor,0.5,0.52,-0.020000000000000018
03_tree_ensembles,Arvores,Random Forest Regressor,2.5,2.67,-0.16999999999999993
03_tree_ensembles,Arvores,Random Forest Regressor,0.5,1.055,-0.5549999999999999
03_tree_ensembles,Arvores,Random Forest Regressor,1.5,1.66,-0.15999999999999992
03_tree_ensembles,Arvores,Random Forest Regressor,30.0,23.35,6.649999999999999
03_tree_ensembles,Arvores,Random Forest Regressor,17.5,20.625,-3.125
03_tree_ensembles,Arvores,Random Forest Regressor,1.0,1.305,-0.30499999999999994
03_tree_ensembles,Arvores,Random Forest Regressor,0.5,0.555,-0.05500000000000005
03_tree_ensembles,Arvores,Random Forest Regressor,0.5,0.535,-0.03500000000000003
03_tree_ensembles,Arvores,Random Forest Regressor,1.0,0.555,0.44499999999999995
03_tree_ensembles,Arvores,Random Forest Regressor,17.5,22.345,-4.844999999999999
03_tree_ensembles,Arvores,Random Forest Regressor,1.0,0.85,0.15000000000000002
03_tree_ensembles,Arvores,Random Forest Regressor,1.0,0.84,0.16000000000000003
03_tree_ensembles,Arvores,Random Forest Regressor,0.5,0.525,-0.025000000000000022
03_tree_ensembles,Arvores,Random Forest Regressor,1.5,1.635,-0.135
03_tree_ensembles,Arvores,Random Forest Regressor,7.0,13.065,-6.0649999999999995
03_tree_ensembles,Arvores,Random Forest Regressor,4.5,3.8,0.7000000000000002
03_tree_ensembles,Arvores,Random Forest Regressor,1.0,0.845,0.15500000000000003
03_tree_ensembles,Arvores,Random Forest Regressor,4.5,3.84,0.6600000000000001
03_tree_ensembles,Arvores,Random Forest Regressor,3.5,4.45,-0.9500000000000002
03_tree_ensembles,Arvores,Random Forest Regressor,0.5,0.5,0.0
03_tree_ensembles,Arvores,Random Forest Regressor,2.5,1.77,0.73
03_tree_ensembles,Arvores,Random Forest Regressor,0.5,0.505,-0.0050000000000000044
03_tree_ensembles,Arvores,Random Forest Regressor,78.5,57.43,21.07
03_tree_ensembles,Arvores,Random Forest Regressor,0.5,0.5,0.0
03_tree_ensembles,Arvores,Random Forest Regressor,15.0,27.435,-12.434999999999999
03_tree_ensembles,Arvores,Random Forest Regressor,20.0,18.17,1.8299999999999983
03_tree_ensembles,Arvores,Random Forest Regressor,0.5,0.61,-0.10999999999999999
03_tree_ensembles,Arvores,Random Forest Regressor,1.0,0.535,0.46499999999999997
03_tree_ensembles,Arvores,Random Forest Regressor,5.0,4.12,0.8799999999999999
03_tree_ensembles,Arvores,Random Forest Regressor,1.5,1.195,0.30499999999999994
03_tree_ensembles,Arvores,Random Forest Regressor,2.0,4.265,-2.2649999999999997
03_tree_ensembles,Arvores,Random Forest Regressor,6.5,4.595,1.9050000000000002
03_tree_ensembles,Arvores,Random Forest Regressor,0.5,0.5,0.0
03_tree_ensembles,Arvores,Random Forest Regressor,1.0,1.395,-0.395
03_tree_ensembles,Arvores,Random Forest Regressor,18.0,33.285,-15.284999999999997
03_tree_ensembles,Arvores,Random Forest Regressor,160.0,135.33,24.669999999999987
03_tree_ensembles,Arvores,Random Forest Regressor,134.5,346.225,-211.72500000000002
03_tree_ensembles,Arvores,Random Forest Regressor,0.5,0.5,0.0
03_tree_ensembles,Arvores,Random Forest Regressor,2592.0,1932.11,659.8900000000001
03_tree_ensembles,Arvores,Random Forest Regressor,0.5,0.5,0.0
03_tree_ensembles,Arvores,Random Forest Regressor,0.5,0.545,-0.04500000000000004
03_tree_ensembles,Arvores,Random Forest Regressor,0.5,0.5,0.0
03_tree_ensembles,Arvores,Random Forest Regressor,2.5,5.08,-2.58
03_tree_ensembles,Arvores,Random Forest Regressor,31.5,25.815,5.684999999999999
03_tree_ensembles,Arvores,Random Forest Regressor,22.0,20.84,1.1600000000000001
03_tree_ensembles,Arvores,Random Forest Regressor,4.5,5.565,-1.0650000000000004
03_tree_ensembles,Arvores,Random Forest Regressor,28.5,30.495,-1.995000000000001
03_tree_ensembles,Arvores,Random Forest Regressor,6.5,4.715,1.7850000000000001
03_tree_ensembles,Arvores,Random Forest Regressor,1.5,1.475,0.02499999999999991
03_tree_ensembles,Arvores,Random Forest Regressor,1.0,0.955,0.04500000000000004
03_tree_ensembles,Arvores,Random Forest Regressor,0.5,0.5,0.0
03_tree_ensembles,Arvores,Random Forest Regressor,40.5,34.005,6.494999999999997
03_tree_ensembles,Arvores,Random Forest Regressor,1.5,3.395,-1.895
03_tree_ensembles,Arvores,Random Forest Regressor,1.0,2.675,-1.6749999999999998
03_tree_ensembles,Arvores,Random Forest Regressor,0.5,0.515,-0.015000000000000013
03_tree_ensembles,Arvores,Random Forest Regressor,2.0,1.26,0.74
03_tree_ensembles,Arvores,Random Forest Regressor,2.0,4.4,-2.4000000000000004
03_tree_ensembles,Arvores,Random Forest Regressor,6.0,3.285,2.715
03_tree_ensembles,Arvores,Random Forest Regressor,0.5,0.525,-0.025000000000000022
03_tree_ensembles,Arvores,Random Forest Regressor,18.5,15.855,2.6449999999999996
03_tree_ensembles,Arvores,Random Forest Regressor,2.0,1.66,0.3400000000000001
03_tree_ensembles,Arvores,Random Forest Regressor,1.5,0.7,0.8
03_tree_ensembles,Arvores,Random Forest Regressor,9.5,11.48,-1.9800000000000004
03_tree_ensembles,Arvores,Random Forest Regressor,0.5,0.5,0.0
03_tree_ensembles,Arvores,Random Forest Regressor,2.5,3.885,-1.3849999999999998
03_tree_ensembles,Arvores,Random Forest Regressor,5.0,7.37,-2.37
03_tree_ensembles,Arvores,Random Forest Regressor,7.5,6.805,0.6950000000000003
03_tree_ensembles,Arvores,Random Forest Regressor,1.5,1.65,-0.1499999999999999
03_tree_ensembles,Arvores,Random Forest Regressor,0.5,0.72,-0.21999999999999997
03_tree_ensembles,Arvores,Random Forest Regressor,12.0,6.51,5.49
03_tree_ensembles,Arvores,Random Forest Regressor,2.5,2.235,0.2650000000000001
03_tree_ensembles,Arvores,Random Forest Regressor,4.0,3.865,0.1349999999999998
03_tree_ensembles,Arvores,Random Forest Regressor,4.5,12.48,-7.98
03_tree_ensembles,Arvores,Random Forest Regressor,23.5,16.385,7.114999999999998
03_tree_ensembles,Arvores,Random Forest Regressor,2826.0,1871.28,954.72
03_tree_ensembles,Arvores,Random Forest Regressor,23.5,34.91,-11.409999999999997
03_tree_ensembles,Arvores,Random Forest Regressor,22.5,23.055,-0.5549999999999997
03_tree_ensembles,Arvores,Random Forest Regressor,0.5,0.5,0.0
03_tree_ensembles,Arvores,Random Forest Regressor,1.0,1.165,-0.16500000000000004
03_tree_ensembles,Arvores,Random Forest Regressor,0.5,0.5,0.0
03_tree_ensembles,Arvores,Random Forest Regressor,94.0,119.565,-25.564999999999998
03_tree_ensembles,Arvores,Random Forest Regressor,0.5,0.5,0.0
03_tree_ensembles,Arvores,Random Forest Regressor,0.5,0.5,0.0
03_tree_ensembles,Arvores,Random Forest Regressor,1.5,1.05,0.44999999999999996
03_tree_ensembles,Arvores,Random Forest Regressor,0.5,0.565,-0.06499999999999995
03_tree_ensembles,Arvores,Random Forest Regressor,1.5,1.785,-0.2849999999999999
03_tree_ensembles,Arvores,Random Forest Regressor,0.5,0.67,-0.17000000000000004
03_tree_ensembles,Arvores,Random Forest Regressor,2.0,2.995,-0.9950000000000001
03_tree_ensembles,Arvores,Random Forest Regressor,0.5,0.54,-0.040000000000000036
03_tree_ensembles,Arvores,Random Forest Regressor,3.5,3.965,-0.46499999999999986
03_tree_ensembles,Arvores,Random Forest Regressor,23.0,50.53,-27.53
03_tree_ensembles,Arvores,Random Forest Regressor,0.5,0.68,-0.18000000000000005
03_tree_ensembles,Arvores,Random Forest Regressor,1.0,0.69,0.31000000000000005
03_tree_ensembles,Arvores,Random Forest Regressor,2.5,1.935,0.565
03_tree_ensembles,Arvores,Random Forest Regressor,26.5,22.93,3.5700000000000003
03_tree_ensembles,Arvores,Random Forest Regressor,6.5,44.79,-38.29
03_tree_ensembles,Arvores,Random Forest Regressor,2.5,2.1,0.3999999999999999
03_tree_ensembles,Arvores,Random Forest Regressor,4.5,8.84,-4.34
03_tree_ensembles,Arvores,Random Forest Regressor,7.0,5.655,1.3449999999999998
03_tree_ensembles,Arvores,Random Forest Regressor,560.0,380.21,179.79000000000002
03_tree_ensembles,Arvores,Random Forest Regressor,16.0,26.385,-10.385000000000002
03_tree_ensembles,Arvores,Random Forest Regressor,1.0,1.185,-0.18500000000000005
03_tree_ensembles,Arvores,Random Forest Regressor,32.0,27.415,4.585000000000001
03_tree_ensembles,Arvores,Random Forest Regressor,4.5,4.705,-0.20500000000000007
03_tree_ensembles,Arvores,Random Forest Regressor,13.0,18.805,-5.805
03_tree_ensembles,Arvores,Random Forest Regressor,0.5,0.575,-0.07499999999999996
03_tree_ensembles,Arvores,Random Forest Regressor,1.5,1.54,-0.040000000000000036
03_tree_ensembles,Arvores,Random Forest Regressor,0.5,0.515,-0.015000000000000013
03_tree_ensembles,Arvores,Random Forest Regressor,1.5,1.25,0.25
03_tree_ensembles,Arvores,Random Forest Regressor,3.5,3.74,-0.2400000000000002
03_tree_ensembles,Arvores,Random Forest Regressor,1.0,1.075,-0.07499999999999996
03_tree_ensembles,Arvores,Random Forest Regressor,0.5,0.5,0.0
03_tree_ensembles,Arvores,Random Forest Regressor,1.5,3.58,-2.08
03_tree_ensembles,Arvores,Random Forest Regressor,1.0,0.95,0.050000000000000044
03_tree_ensembles,Arvores,Random Forest Regressor,3.0,3.685,-0.685
03_tree_ensembles,Arvores,Random Forest Regressor,2.5,1.97,0.53
03_tree_ensembles,Arvores,Random Forest Regressor,119.0,99.295,19.705
03_tree_ensembles,Arvores,Random Forest Regressor,1.5,1.475,0.02499999999999991
03_tree_ensembles,Arvores,Random Forest Regressor,1.0,1.525,-0.5249999999999999
03_tree_ensembles,Arvores,Random Forest Regressor,29.0,17.635,11.364999999999998
03_tree_ensembles,Arvores,Random Forest Regressor,4.5,7.33,-2.83
03_tree_ensembles,Arvores,Random Forest Regressor,16.5,11.49,5.01
03_tree_ensembles,Arvores,Random Forest Regressor,1.5,0.94,0.56
03_tree_ensembles,Arvores,Random Forest Regressor,32.5,28.84,3.66
03_tree_ensembles,Arvores,Random Forest Regressor,2.0,4.07,-2.0700000000000003
03_tree_ensembles,Arvores,Random Forest Regressor,2.5,3.775,-1.275
03_tree_ensembles,Arvores,Random Forest Regressor,2.0,7.555,-5.555
03_tree_ensembles,Arvores,Random Forest Regressor,0.5,21.18,-20.68
03_tree_ensembles,Arvores,Random Forest Regressor,1.0,4.875,-3.875
03_tree_ensembles,Arvores,Random Forest Regressor,42.5,35.425,7.075000000000003
03_tree_ensembles,Arvores,Random Forest Regressor,6.5,5.27,1.2300000000000004
03_tree_ensembles,Arvores,Random Forest Regressor,8.0,13.555,-5.555
03_tree_ensembles,Arvores,Random Forest Regressor,1.0,2.2,-1.2000000000000002
03_tree_ensembles,Arvores,Random Forest Regressor,1.0,0.54,0.45999999999999996
03_tree_ensembles,Arvores,Random Forest Regressor,8.5,10.395,-1.8949999999999996
03_tree_ensembles,Arvores,Random Forest Regressor,5.5,6.98,-1.4800000000000004
03_tree_ensembles,Arvores,Random Forest Regressor,32.0,12.295,19.705
03_tree_ensembles,Arvores,Random Forest Regressor,2.0,1.405,0.595
03_tree_ensembles,Arvores,Random Forest Regressor,2.0,3.26,-1.2599999999999998
03_tree_ensembles,Arvores,Random Forest Regressor,15.0,23.48,-8.48
03_tree_ensembles,Arvores,Random Forest Regressor,0.5,0.5,0.0
03_tree_ensembles,Arvores,Random Forest Regressor,2.5,3.475,-0.9750000000000001
03_tree_ensembles,Arvores,Random Forest Regressor,0.5,0.525,-0.025000000000000022
03_tree_ensembles,Arvores,Random Forest Regressor,57.5,109.165,-51.665000000000006
03_tree_ensembles,Arvores,Random Forest Regressor,0.5,0.52,-0.020000000000000018
03_tree_ensembles,Arvores,Random Forest Regressor,0.5,1.075,-0.575
03_tree_ensembles,Arvores,Random Forest Regressor,3.0,1.75,1.25
03_tree_ensembles,Arvores,Random Forest Regressor,2.5,2.015,0.4849999999999999
03_tree_ensembles,Arvores,Random Forest Regressor,5.5,6.625,-1.125
03_tree_ensembles,Arvores,Random Forest Regressor,1.5,2.79,-1.29
03_tree_ensembles,Arvores,Random Forest Regressor,2.5,1.565,0.935
03_tree_ensembles,Arvores,Random Forest Regressor,0.5,0.51,-0.010000000000000009
03_tree_ensembles,Arvores,Random Forest Regressor,0.5,0.5,0.0
03_tree_ensembles,Arvores,Random Forest Regressor,1.0,0.685,0.31499999999999995
03_tree_ensembles,Arvores,Random Forest Regressor,8.0,18.19,-10.190000000000001
03_tree_ensembles,Arvores,Random Forest Regressor,1.5,0.965,0.535
03_tree_ensembles,Arvores,Random Forest Regressor,3.0,3.69,-0.69
03_tree_ensembles,Arvores,Random Forest Regressor,0.5,2.145,-1.645
03_tree_ensembles,Arvores,Random Forest Regressor,2.0,4.005,-2.005
03_tree_ensembles,Arvores,Random Forest Regressor,104.0,99.01,4.989999999999995
03_tree_ensembles,Arvores,Random Forest Regressor,9.5,7.2,2.3
03_tree_ensembles,Arvores,Random Forest Regressor,0.5,0.5,0.0
03_tree_ensembles,Arvores,Random Forest Regressor,1.5,1.49,0.010000000000000009
03_tree_ensembles,Arvores,Random Forest Regressor,0.5,0.5,0.0
03_tree_ensembles,Arvores,Random Forest Regressor,0.5,0.565,-0.06499999999999995
03_tree_ensembles,Arvores,Random Forest Regressor,3.0,3.385,-0.3849999999999998
03_tree_ensembles,Arvores,Random Forest Regressor,9.5,6.11,3.3899999999999997
03_tree_ensembles,Arvores,Random Forest Regressor,0.5,0.5,0.0
03_tree_ensembles,Arvores,Random Forest Regressor,1.0,1.54,-0.54
03_tree_ensembles,Arvores,Random Forest Regressor,5.5,4.105,1.3949999999999996
03_tree_ensembles,Arvores,Random Forest Regressor,65.5,50.27,15.229999999999997
03_tree_ensembles,Arvores,Random Forest Regressor,0.5,0.845,-0.345
03_tree_ensembles,Arvores,Random Forest Regressor,22.0,20.855,1.1449999999999996
03_tree_ensembles,Arvores,Random Forest Regressor,1.5,1.23,0.27
03_tree_ensembles,Arvores,Random Forest Regressor,5.5,4.165,1.335
03_tree_ensembles,Arvores,Random Forest Regressor,7.0,7.3,-0.2999999999999998
03_tree_ensembles,Arvores,Random Forest Regressor,1.0,0.9,0.09999999999999998
03_tree_ensembles,Arvores,Random Forest Regressor,167.0,202.57,-35.56999999999999
03_tree_ensembles,Arvores,Random Forest Regressor,9.5,16.48,-6.98
03_tree_ensembles,Arvores,Random Forest Regressor,20.0,22.855,-2.8550000000000004
03_tree_ensembles,Arvores,Random Forest Regressor,1.0,0.665,0.33499999999999996
03_tree_ensembles,Arvores,Random Forest Regressor,1.0,3.195,-2.195
03_tree_ensembles,Arvores,Random Forest Regressor,3.0,3.6,-0.6000000000000001
03_tree_ensembles,Arvores,Random Forest Regressor,4.5,4.465,0.03500000000000014
03_tree_ensembles,Arvores,Random Forest Regressor,25.5,25.465,0.03500000000000014
03_tree_ensembles,Arvores,Random Forest Regressor,3.0,4.095,-1.0949999999999998
03_tree_ensembles,Arvores,Random Forest Regressor,1.5,1.475,0.02499999999999991
03_tree_ensembles,Arvores,Random Forest Regressor,32.5,27.42,5.079999999999998
03_tree_ensembles,Arvores,Random Forest Regressor,31.0,24.315,6.684999999999999
03_tree_ensembles,Arvores,Random Forest Regressor,4.0,9.86,-5.859999999999999
03_tree_ensembles,Arvores,Random Forest Regressor,0.5,0.605,-0.10499999999999998
03_tree_ensembles,Arvores,Random Forest Regressor,16.5,16.58,-0.0799999999999983
03_tree_ensembles,Arvores,Random Forest Regressor,4.0,7.745,-3.745
03_tree_ensembles,Arvores,Random Forest Regressor,6.0,9.035,-3.035
03_tree_ensembles,Arvores,Random Forest Regressor,0.5,0.5,0.0
03_tree_ensembles,Arvores,Random Forest Regressor,0.5,0.54,-0.040000000000000036
03_tree_ensembles,Arvores,Random Forest Regressor,1.5,1.7,-0.19999999999999996
03_tree_ensembles,Arvores,Random Forest Regressor,0.5,0.535,-0.03500000000000003
03_tree_ensembles,Arvores,Random Forest Regressor,33.5,23.69,9.809999999999999
03_tree_ensembles,Arvores,Random Forest Regressor,9.0,7.415,1.585
03_tree_ensembles,Arvores,Random Forest Regressor,2.0,3.995,-1.995
03_tree_ensembles,Arvores,Random Forest Regressor,9.5,5.49,4.01
03_tree_ensembles,Arvores,Random Forest Regressor,2.0,1.965,0.03499999999999992
03_tree_ensembles,Arvores,Random Forest Regressor,2.5,1.86,0.6399999999999999
03_tree_ensembles,Arvores,Random Forest Regressor,2.5,6.075,-3.575
03_tree_ensembles,Arvores,Random Forest Regressor,1784.0,2059.42,-275.4200000000001
03_tree_ensembles,Arvores,Random Forest Regressor,4.0,3.145,0.855
03_tree_ensembles,Arvores,Random Forest Regressor,1.0,0.585,0.41500000000000004
03_tree_ensembles,Arvores,Random Forest Regressor,0.5,0.77,-0.27
03_tree_ensembles,Arvores,Random Forest Regressor,43.0,48.665,-5.664999999999999
03_tree_ensembles,Arvores,Random Forest Regressor,16.0,24.195,-8.195
03_tree_ensembles,Arvores,Random Forest Regressor,15.5,24.575,-9.075
03_tree_ensembles,Arvores,Random Forest Regressor,3.5,3.175,0.3250000000000002
03_tree_ensembles,Arvores,Random Forest Regressor,12.0,7.875,4.125
03_tree_ensembles,Arvores,Random Forest Regressor,3.0,3.46,-0.45999999999999996
03_tree_ensembles,Arvores,Random Forest Regressor,2.5,2.19,0.31000000000000005
03_tree_ensembles,Arvores,Random Forest Regressor,413.0,397.28,15.720000000000027
03_tree_ensembles,Arvores,Random Forest Regressor,0.5,0.55,-0.050000000000000044
03_tree_ensembles,Arvores,Random Forest Regressor,0.5,1.225,-0.7250000000000001
03_tree_ensembles,Arvores,Random Forest Regressor,8.0,6.295,1.705
03_tree_ensembles,Arvores,Random Forest Regressor,9.5,15.67,-6.17
03_tree_ensembles,Arvores,Random Forest Regressor,3.5,4.07,-0.5700000000000003
03_tree_ensembles,Arvores,Random Forest Regressor,51.0,37.15,13.850000000000001
03_tree_ensembles,Arvores,Random Forest Regressor,2.0,1.22,0.78
03_tree_ensembles,Arvores,Random Forest Regressor,1.5,1.415,0.08499999999999996
03_tree_ensembles,Arvores,Random Forest Regressor,7.0,4.91,2.09
03_tree_ensembles,Arvores,Random Forest Regressor,1.0,0.745,0.255
03_tree_ensembles,Arvores,Random Forest Regressor,2.0,1.39,0.6100000000000001
03_tree_ensembles,Arvores,Random Forest Regressor,31.0,36.625,-5.625
03_tree_ensembles,Arvores,Random Forest Regressor,0.5,0.5,0.0
03_tree_ensembles,Arvores,Random Forest Regressor,0.5,0.53,-0.030000000000000027
03_tree_ensembles,Arvores,Random Forest Regressor,6.0,6.46,-0.45999999999999996
03_tree_ensembles,Arvores,Random Forest Regressor,0.5,0.505,-0.0050000000000000044
03_tree_ensembles,Arvores,Random Forest Regressor,5.5,7.085,-1.585
03_tree_ensembles,Arvores,Random Forest Regressor,0.5,2.61,-2.11
03_tree_ensembles,Arvores,Random Forest Regressor,1.0,1.475,-0.4750000000000001
03_tree_ensembles,Arvores,Random Forest Regressor,8.0,7.755,0.2450000000000001
03_tree_ensembles,Arvores,Random Forest Regressor,0.5,0.5,0.0
03_tree_ensembles,Arvores,Random Forest Regressor,2.5,1.535,0.9650000000000001
03_tree_ensembles,Arvores,Random Forest Regressor,22.0,36.075,-14.075000000000003
03_tree_ensembles,Arvores,Random Forest Regressor,2.0,1.225,0.7749999999999999
03_tree_ensembles,Arvores,Random Forest Regressor,0.5,0.54,-0.040000000000000036
03_tree_ensembles,Arvores,Random Forest Regressor,0.5,0.7,-0.19999999999999996
03_tree_ensembles,Arvores,Random Forest Regressor,36.0,35.24,0.759999999999998
03_tree_ensembles,Arvores,Random Forest Regressor,43.5,37.18,6.32
03_tree_ensembles,Arvores,Random Forest Regressor,2.5,3.385,-0.8849999999999998
03_tree_ensembles,Arvores,Random Forest Regressor,6.0,4.885,1.1150000000000002
03_tree_ensembles,Arvores,Random Forest Regressor,0.5,0.5,0.0
03_tree_ensembles,Arvores,Random Forest Regressor,1.0,1.26,-0.26
03_tree_ensembles,Arvores,Random Forest Regressor,0.5,0.52,-0.020000000000000018
03_tree_ensembles,Arvores,Random Forest Regressor,28.0,21.99,6.010000000000002
03_tree_ensembles,Arvores,Random Forest Regressor,0.5,0.5,0.0
03_tree_ensembles,Arvores,Random Forest Regressor,33.5,23.64,9.86
03_tree_ensembles,Arvores,Random Forest Regressor,1.5,1.23,0.27
03_tree_ensembles,Arvores,Random Forest Regressor,0.5,0.5,0.0
03_tree_ensembles,Arvores,Random Forest Regressor,6.0,8.065,-2.0649999999999995
03_tree_ensembles,Arvores,Random Forest Regressor,5.5,14.91,-9.41
03_tree_ensembles,Arvores,Random Forest Regressor,8.0,6.485,1.5149999999999997
03_tree_ensembles,Arvores,Random Forest Regressor,25.5,20.095,5.405000000000001
03_tree_ensembles,Arvores,Random Forest Regressor,5.0,9.045,-4.045
03_tree_ensembles,Arvores,Random Forest Regressor,0.5,0.5,0.0
03_tree_ensembles,Arvores,Random Forest Regressor,0.5,0.5,0.0
03_tree_ensembles,Arvores,Random Forest Regressor,14.0,7.99,6.01
03_tree_ensembles,Arvores,Random Forest Regressor,0.5,0.5,0.0
03_tree_ensembles,Arvores,Random Forest Regressor,12.0,8.095,3.9049999999999994
03_tree_ensembles,Arvores,Random Forest Regressor,8.0,8.71,-0.7100000000000009
03_tree_ensembles,Arvores,Random Forest Regressor,9.0,7.97,1.0300000000000002
03_tree_ensembles,Arvores,Random Forest Regressor,3.0,4.365,-1.3650000000000002
03_tree_ensembles,Arvores,Random Forest Regressor,56.0,61.765,-5.765000000000001
03_tree_ensembles,Arvores,Random Forest Regressor,1.0,1.57,-0.5700000000000001
03_tree_ensembles,Arvores,Random Forest Regressor,3.0,3.47,-0.4700000000000002
03_tree_ensembles,Arvores,Random Forest Regressor,1.5,1.97,-0.47
03_tree_ensembles,Arvores,Random Forest Regressor,19.5,21.59,-2.09
03_tree_ensembles,Arvores,Random Forest Regressor,37.0,50.485,-13.485
03_tree_ensembles,Arvores,Random Forest Regressor,1.0,1.225,-0.2250000000000001
03_tree_ensembles,Arvores,Random Forest Regressor,0.5,0.925,-0.42500000000000004
03_tree_ensembles,Arvores,Random Forest Regressor,11.5,7.25,4.25
03_tree_ensembles,Arvores,Random Forest Regressor,2.0,1.28,0.72
03_tree_ensembles,Arvores,Random Forest Regressor,52.0,47.225,4.774999999999999
03_tree_ensembles,Arvores,Random Forest Regressor,15.5,12.15,3.3499999999999996
03_tree_ensembles,Arvores,Random Forest Regressor,0.5,0.59,-0.08999999999999997
03_tree_ensembles,Arvores,Random Forest Regressor,1.0,0.945,0.05500000000000005
03_tree_ensembles,Arvores,Random Forest Regressor,0.5,0.525,-0.025000000000000022
03_tree_ensembles,Arvores,Random Forest Regressor,97.0,90.895,6.105000000000004
03_tree_ensembles,Arvores,Random Forest Regressor,6.0,4.765,1.2350000000000003
03_tree_ensembles,Arvores,Random Forest Regressor,36.0,32.575,3.424999999999997
03_tree_ensembles,Arvores,Random Forest Regressor,0.5,0.5,0.0
03_tree_ensembles,Arvores,Random Forest Regressor,24.0,25.21,-1.2100000000000009
03_tree_ensembles,Arvores,Random Forest Regressor,0.5,0.5,0.0
03_tree_ensembles,Arvores,Random Forest Regressor,3.0,3.89,-0.8900000000000001
03_tree_ensembles,Arvores,Random Forest Regressor,2.0,2.39,-0.3900000000000001
03_tree_ensembles,Arvores,Random Forest Regressor,5.0,2.57,2.43
03_tree_ensembles,Arvores,Random Forest Regressor,3.0,3.45,-0.4500000000000002
03_tree_ensembles,Arvores,Random Forest Regressor,91.0,80.115,10.885000000000005
03_tree_ensembles,Arvores,Random Forest Regressor,0.5,0.5,0.0
03_tree_ensembles,Arvores,Random Forest Regressor,23.0,27.985,-4.984999999999999
03_tree_ensembles,Arvores,Random Forest Regressor,1.0,1.16,-0.15999999999999992
03_tree_ensembles,Arvores,Random Forest Regressor,1.5,1.285,0.21500000000000008
03_tree_ensembles,Arvores,Random Forest Regressor,16.5,17.71,-1.2100000000000009
03_tree_ensembles,Arvores,Random Forest Regressor,21.0,19.485,1.5150000000000006
03_tree_ensembles,Arvores,Random Forest Regressor,2.0,3.51,-1.5099999999999998
03_tree_ensembles,Arvores,Random Forest Regressor,1.0,1.535,-0.5349999999999999
03_tree_ensembles,Arvores,Random Forest Regressor,2.0,1.915,0.08499999999999996
03_tree_ensembles,Arvores,Random Forest Regressor,1.5,1.675,-0.17500000000000004
03_tree_ensembles,Arvores,Random Forest Regressor,23.5,20.7,2.8000000000000007
03_tree_ensembles,Arvores,Random Forest Regressor,0.5,0.5,0.0
03_tree_ensembles,Arvores,Random Forest Regressor,26.0,19.35,6.649999999999999
03_tree_ensembles,Arvores,Random Forest Regressor,2.0,1.265,0.7350000000000001
03_tree_ensembles,Arvores,Random Forest Regressor,2.0,3.845,-1.8450000000000002
03_tree_ensembles,Arvores,Random Forest Regressor,0.5,0.5,0.0
03_tree_ensembles,Arvores,Random Forest Regressor,4.0,3.27,0.73
03_tree_ensembles,Arvores,Random Forest Regressor,1.5,2.44,-0.94
03_tree_ensembles,Arvores,Random Forest Regressor,2.5,3.2,-0.7000000000000002
03_tree_ensembles,Arvores,Random Forest Regressor,6.5,7.63,-1.13
03_tree_ensembles,Arvores,Random Forest Regressor,5.0,43.765,-38.765
03_tree_ensembles,Arvores,Random Forest Regressor,22.5,18.89,3.6099999999999994
03_tree_ensembles,Arvores,Random Forest Regressor,2.0,2.59,-0.5899999999999999
03_tree_ensembles,Arvores,Random Forest Regressor,14.5,21.865,-7.364999999999998
03_tree_ensembles,Arvores,Random Forest Regressor,11.5,17.245,-5.745000000000001
03_tree_ensembles,Arvores,Random Forest Regressor,34.0,53.44,-19.439999999999998
03_tree_ensembles,Arvores,Random Forest Regressor,2.0,2.23,-0.22999999999999998
03_tree_ensembles,Arvores,Random Forest Regressor,0.5,0.98,-0.48
03_tree_ensembles,Arvores,Random Forest Regressor,0.5,0.5,0.0
03_tree_ensembles,Arvores,Random Forest Regressor,24.0,23.385,0.6149999999999984
03_tree_ensembles,Arvores,Random Forest Regressor,2.5,1.73,0.77
03_tree_ensembles,Arvores,Random Forest Regressor,20.0,27.335,-7.335000000000001
03_tree_ensembles,Arvores,Random Forest Regressor,2.0,3.12,-1.12
03_tree_ensembles,Arvores,Random Forest Regressor,0.5,0.565,-0.06499999999999995
03_tree_ensembles,Arvores,Random Forest Regressor,5.0,7.67,-2.67
03_tree_ensembles,Arvores,Random Forest Regressor,11.0,15.29,-4.289999999999999
03_tree_ensembles,Arvores,Random Forest Regressor,1.5,1.59,-0.09000000000000008
03_tree_ensembles,Arvores,Random Forest Regressor,0.5,0.505,-0.0050000000000000044
03_tree_ensembles,Arvores,Random Forest Regressor,10.5,8.53,1.9700000000000006
03_tree_ensembles,Arvores,Random Forest Regressor,199.5,136.64,62.860000000000014
03_tree_ensembles,Arvores,Random Forest Regressor,0.5,0.5,0.0
03_tree_ensembles,Arvores,Random Forest Regressor,47.5,41.72,5.780000000000001
03_tree_ensembles,Arvores,Random Forest Regressor,0.5,0.505,-0.0050000000000000044
03_tree_ensembles,Arvores,Random Forest Regressor,39.5,39.34,0.1599999999999966
03_tree_ensembles,Arvores,Random Forest Regressor,18.5,24.8,-6.300000000000001
03_tree_ensembles,Arvores,Random Forest Regressor,54.5,88.915,-34.415000000000006
03_tree_ensembles,Arvores,Random Forest Regressor,1.5,2.3,-0.7999999999999998
03_tree_ensembles,Arvores,Random Forest Regressor,2.0,1.005,0.9950000000000001
03_tree_ensembles,Arvores,Random Forest Regressor,0.5,0.5,0.0
03_tree_ensembles,Arvores,Random Forest Regressor,8.5,6.64,1.8600000000000003
03_tree_ensembles,Arvores,Random Forest Regressor,1.0,0.73,0.27
03_tree_ensembles,Arvores,Random Forest Regressor,22.0,19.71,2.289999999999999
03_tree_ensembles,Arvores,Random Forest Regressor,0.5,0.5,0.0
03_tree_ensembles,Arvores,Random Forest Regressor,14.0,15.245,-1.2449999999999992
03_tree_ensembles,Arvores,Random Forest Regressor,1.5,3.12,-1.62
03_tree_ensembles,Arvores,Random Forest Regressor,29.5,25.205,4.295000000000002
03_tree_ensembles,Arvores,Random Forest Regressor,4.5,5.675,-1.1749999999999998
03_tree_ensembles,Arvores,Random Forest Regressor,23.0,27.22,-4.219999999999999
03_tree_ensembles,Arvores,Random Forest Regressor,0.5,0.5,0.0
03_tree_ensembles,Arvores,Random Forest Regressor,3.5,5.39,-1.8899999999999997
03_tree_ensembles,Arvores,Random Forest Regressor,225.0,1784.87,-1559.87
03_tree_ensembles,Arvores,Random Forest Regressor,27.5,20.29,7.210000000000001
03_tree_ensembles,Arvores,Random Forest Regressor,5.0,4.735,0.2649999999999997
03_tree_ensembles,Arvores,Random Forest Regressor,0.5,0.525,-0.025000000000000022
03_tree_ensembles,Arvores,Random Forest Regressor,10.0,6.77,3.2300000000000004
03_tree_ensembles,Arvores,Random Forest Regressor,8.0,15.985,-7.984999999999999
03_tree_ensembles,Arvores,Random Forest Regressor,0.5,0.58,-0.07999999999999996
03_tree_ensembles,Arvores,Random Forest Regressor,22.5,22.85,-0.3500000000000014
03_tree_ensembles,Arvores,Random Forest Regressor,19.5,17.935,1.5650000000000013
03_tree_ensembles,Arvores,Random Forest Regressor,1.0,0.645,0.355
03_tree_ensembles,Arvores,Random Forest Regressor,2.0,1.5,0.5
03_tree_ensembles,Arvores,Random Forest Regressor,15.5,20.885,-5.385000000000002
03_tree_ensembles,Arvores,Random Forest Regressor,1.0,0.895,0.10499999999999998
03_tree_ensembles,Arvores,Random Forest Regressor,0.5,0.805,-0.30500000000000005
03_tree_ensembles,Arvores,Random Forest Regressor,6.0,4.955,1.045
03_tree_ensembles,Arvores,Random Forest Regressor,3.0,3.975,-0.9750000000000001
03_tree_ensembles,Arvores,Random Forest Regressor,0.5,0.51,-0.010000000000000009
03_tree_ensembles,Arvores,Random Forest Regressor,5.0,7.53,-2.5300000000000002
03_tree_ensembles,Arvores,Random Forest Regressor,1.5,1.18,0.32000000000000006
03_tree_ensembles,Arvores,Random Forest Regressor,4.0,3.24,0.7599999999999998
03_tree_ensembles,Arvores,Random Forest Regressor,1.5,3.17,-1.67
03_tree_ensembles,Arvores,Random Forest Regressor,0.5,0.56,-0.06000000000000005
03_tree_ensembles,Arvores,Random Forest Regressor,9.0,13.81,-4.8100000000000005
03_tree_ensembles,Arvores,Random Forest Regressor,1.5,3.525,-2.025
03_tree_ensembles,Arvores,Random Forest Regressor,1.5,1.255,0.2450000000000001
03_tree_ensembles,Arvores,Random Forest Regressor,34.0,20.665,13.335
03_tree_ensembles,Arvores,Random Forest Regressor,16.0,16.98,-0.9800000000000004
03_tree_ensembles,Arvores,Random Forest Regressor,0.5,0.535,-0.03500000000000003
03_tree_ensembles,Arvores,Random Forest Regressor,1.5,1.335,0.16500000000000004
03_tree_ensembles,Arvores,Random Forest Regressor,1.0,2.32,-1.3199999999999998
03_tree_ensembles,Arvores,Random Forest Regressor,2.5,1.93,0.5700000000000001
03_tree_ensembles,Arvores,Random Forest Regressor,75.5,80.605,-5.105000000000004
03_tree_ensembles,Arvores,Random Forest Regressor,16.5,25.04,-8.54
03_tree_ensembles,Arvores,Random Forest Regressor,5.5,8.2,-2.6999999999999993
03_tree_ensembles,Arvores,Random Forest Regressor,17.0,28.87,-11.870000000000001
03_tree_ensembles,Arvores,Random Forest Regressor,0.5,0.5,0.0
03_tree_ensembles,Arvores,Random Forest Regressor,1.5,1.46,0.040000000000000036
03_tree_ensembles,Arvores,Random Forest Regressor,6.5,6.58,-0.08000000000000007
03_tree_ensembles,Arvores,Random Forest Regressor,10.5,8.19,2.3100000000000005
03_tree_ensembles,Arvores,Random Forest Regressor,1.5,1.15,0.3500000000000001
03_tree_ensembles,Arvores,Random Forest Regressor,1.5,1.79,-0.29000000000000004
03_tree_ensembles,Arvores,Random Forest Regressor,0.5,1.1,-0.6000000000000001
03_tree_ensembles,Arvores,Random Forest Regressor,1.0,1.305,-0.30499999999999994
03_tree_ensembles,Arvores,Random Forest Regressor,0.5,0.5,0.0
03_tree_ensembles,Arvores,Random Forest Regressor,5.0,22.955,-17.955
03_tree_ensembles,Arvores,Random Forest Regressor,0.5,0.5,0.0
03_tree_ensembles,Arvores,Random Forest Regressor,10.0,7.775,2.2249999999999996
03_tree_ensembles,Arvores,Random Forest Regressor,0.5,0.5,0.0
03_tree_ensembles,Arvores,Random Forest Regressor,7.0,3.475,3.525
03_tree_ensembles,Arvores,Random Forest Regressor,1.5,1.85,-0.3500000000000001
03_tree_ensembles,Arvores,Random Forest Regressor,0.5,0.9,-0.4
03_tree_ensembles,Arvores,Random Forest Regressor,0.5,0.5,0.0
03_tree_ensembles,Arvores,Random Forest Regressor,0.5,0.5,0.0
03_tree_ensembles,Arvores,Random Forest Regressor,26.0,19.05,6.949999999999999
03_tree_ensembles,Arvores,Random Forest Regressor,12.5,16.915,-4.414999999999999
03_tree_ensembles,Arvores,Random Forest Regressor,0.5,0.5,0.0
03_tree_ensembles,Arvores,Random Forest Regressor,38.0,14.375,23.625
03_tree_ensembles,Arvores,Random Forest Regressor,1.0,4.805,-3.8049999999999997
03_tree_ensembles,Arvores,Random Forest Regressor,17.0,29.24,-12.239999999999998
03_tree_ensembles,Arvores,Random Forest Regressor,0.5,0.5,0.0
03_tree_ensembles,Arvores,Random Forest Regressor,43.5,34.615,8.884999999999998
03_tree_ensembles,Arvores,Random Forest Regressor,0.5,0.665,-0.16500000000000004
03_tree_ensembles,Arvores,Random Forest Regressor,7.5,4.395,3.1050000000000004
03_tree_ensembles,Arvores,Random Forest Regressor,2.0,2.375,-0.375
03_tree_ensembles,Arvores,Random Forest Regressor,1.0,1.005,-0.004999999999999893
03_tree_ensembles,Arvores,Random Forest Regressor,0.5,0.515,-0.015000000000000013
03_tree_ensembles,Arvores,Random Forest Regressor,4.5,14.02,-9.52
03_tree_ensembles,Arvores,Random Forest Regressor,0.5,0.51,-0.010000000000000009
03_tree_ensembles,Arvores,Random Forest Regressor,4.5,4.485,0.01499999999999968
03_tree_ensembles,Arvores,Random Forest Regressor,10.5,18.745,-8.245000000000001
03_tree_ensembles,Arvores,Random Forest Regressor,0.5,0.575,-0.07499999999999996
03_tree_ensembles,Arvores,Random Forest Regressor,7.0,22.55,-15.55
03_tree_ensembles,Arvores,Random Forest Regressor,16.0,13.285,2.715
03_tree_ensembles,Arvores,Random Forest Regressor,1.5,1.8,-0.30000000000000004
03_tree_ensembles,Arvores,Random Forest Regressor,0.5,0.54,-0.040000000000000036
03_tree_ensembles,Arvores,Random Forest Regressor,1.5,1.42,0.08000000000000007
03_tree_ensembles,Arvores,Random Forest Regressor,2981.0,1887.36,1093.64
03_tree_ensembles,Arvores,Random Forest Regressor,2.0,1.75,0.25
03_tree_ensembles,Arvores,Random Forest Regressor,0.5,0.5,0.0
03_tree_ensembles,Arvores,Random Forest Regressor,0.5,0.515,-0.015000000000000013
03_tree_ensembles,Arvores,Random Forest Regressor,16.0,22.375,-6.375
03_tree_ensembles,Arvores,Random Forest Regressor,7.0,4.395,2.6050000000000004
03_tree_ensembles,Arvores,Random Forest Regressor,7.0,5.9,1.0999999999999996
03_tree_ensembles,Arvores,Random Forest Regressor,7.5,14.885,-7.385
03_tree_ensembles,Arvores,Random Forest Regressor,27.0,25.77,1.2300000000000004
03_tree_ensembles,Arvores,Random Forest Regressor,1.0,0.675,0.32499999999999996
03_tree_ensembles,Arvores,Random Forest Regressor,0.5,0.585,-0.08499999999999996
03_tree_ensembles,Arvores,Random Forest Regressor,36.0,49.11,-13.11
03_tree_ensembles,Arvores,Random Forest Regressor,7.5,7.01,0.4900000000000002
03_tree_ensembles,Arvores,Random Forest Regressor,1.0,1.375,-0.375
03_tree_ensembles,Arvores,Random Forest Regressor,2.5,3.755,-1.255
03_tree_ensembles,Arvores,Random Forest Regressor,2.5,10.26,-7.76
03_tree_ensembles,Arvores,Random Forest Regressor,1.0,1.4,-0.3999999999999999
03_tree_ensembles,Arvores,Random Forest Regressor,289.0,226.52,62.47999999999999
03_tree_ensembles,Arvores,Random Forest Regressor,0.5,2.695,-2.195
03_tree_ensembles,Arvores,Random Forest Regressor,84.0,88.385,-4.385000000000005
03_tree_ensembles,Arvores,Random Forest Regressor,11.5,19.63,-8.129999999999999
03_tree_ensembles,Arvores,Random Forest Regressor,41.5,29.67,11.829999999999998
03_tree_ensembles,Arvores,Random Forest Regressor,9.5,7.39,2.1100000000000003
03_tree_ensembles,Arvores,Random Forest Regressor,2.0,1.565,0.43500000000000005
03_tree_ensembles,Arvores,Random Forest Regressor,7.0,6.185,0.8150000000000004
03_tree_ensembles,Arvores,Random Forest Regressor,42.5,57.995,-15.494999999999997
03_tree_ensembles,Arvores,Random Forest Regressor,0.5,0.805,-0.30500000000000005
03_tree_ensembles,Arvores,Random Forest Regressor,0.5,0.5,0.0
03_tree_ensembles,Arvores,Random Forest Regressor,14.0,21.52,-7.52
03_tree_ensembles,Arvores,Random Forest Regressor,2.5,6.355,-3.8550000000000004
03_tree_ensembles,Arvores,Random Forest Regressor,2.5,2.525,-0.02499999999999991
03_tree_ensembles,Arvores,Random Forest Regressor,0.5,0.745,-0.245
03_tree_ensembles,Arvores,Random Forest Regressor,0.5,0.77,-0.27
03_tree_ensembles,Arvores,Random Forest Regressor,26.5,21.76,4.739999999999998
03_tree_ensembles,Arvores,Random Forest Regressor,0.5,0.5,0.0
03_tree_ensembles,Arvores,Random Forest Regressor,25.0,27.025,-2.0249999999999986
03_tree_ensembles,Arvores,Random Forest Regressor,0.5,0.51,-0.010000000000000009
03_tree_ensembles,Arvores,Random Forest Regressor,1.5,1.125,0.375
03_tree_ensembles,Arvores,Random Forest Regressor,40.0,30.845,9.155000000000001
03_tree_ensembles,Arvores,Random Forest Regressor,2.0,2.8,-0.7999999999999998
03_tree_ensembles,Arvores,Random Forest Regressor,0.5,0.5,0.0
03_tree_ensembles,Arvores,Random Forest Regressor,25.5,19.05,6.449999999999999
03_tree_ensembles,Arvores,Random Forest Regressor,1.0,1.58,-0.5800000000000001
03_tree_ensembles,Arvores,Random Forest Regressor,2.5,2.975,-0.4750000000000001
03_tree_ensembles,Arvores,Random Forest Regressor,1.0,0.965,0.03500000000000003
03_tree_ensembles,Arvores,Random Forest Regressor,5.5,7.145,-1.6449999999999996
03_tree_ensembles,Arvores,Random Forest Regressor,23.0,18.12,4.879999999999999
03_tree_ensembles,Arvores,Random Forest Regressor,0.5,0.5,0.0
03_tree_ensembles,Arvores,Random Forest Regressor,2.5,1.24,1.26
03_tree_ensembles,Arvores,Random Forest Regressor,32.5,30.54,1.9600000000000009
03_tree_ensembles,Arvores,Random Forest Regressor,17.0,29.005,-12.004999999999999
03_tree_ensembles,Arvores,Random Forest Regressor,9.0,6.66,2.34
03_tree_ensembles,Arvores,Random Forest Regressor,0.5,0.5,0.0
03_tree_ensembles,Arvores,Random Forest Regressor,0.5,0.5,0.0
03_tree_ensembles,Arvores,Random Forest Regressor,20.5,16.605,3.8949999999999996
03_tree_ensembles,Arvores,Random Forest Regressor,0.5,0.5,0.0
03_tree_ensembles,Arvores,Random Forest Regressor,44.5,35.73,8.770000000000003
03_tree_ensembles,Arvores,Random Forest Regressor,1.0,1.045,-0.04499999999999993
03_tree_ensembles,Arvores,Random Forest Regressor,160.0,85.645,74.355
03_tree_ensembles,Arvores,Random Forest Regressor,1.5,1.125,0.375
03_tree_ensembles,Arvores,Random Forest Regressor,21.5,25.725,-4.225000000000001
03_tree_ensembles,Arvores,Random Forest Regressor,1.0,0.72,0.28
03_tree_ensembles,Arvores,Random Forest Regressor,1.0,1.31,-0.31000000000000005
03_tree_ensembles,Arvores,Random Forest Regressor,43.0,35.07,7.93
03_tree_ensembles,Arvores,Random Forest Regressor,13.0,12.095,0.9049999999999994
03_tree_ensembles,Arvores,Random Forest Regressor,0.5,0.5,0.0
03_tree_ensembles,Arvores,Random Forest Regressor,627.0,461.99,165.01
03_tree_ensembles,Arvores,Random Forest Regressor,32.0,24.105,7.895
03_tree_ensembles,Arvores,Random Forest Regressor,7.5,6.415,1.085
03_tree_ensembles,Arvores,Random Forest Regressor,6.0,4.37,1.63
03_tree_ensembles,Arvores,Random Forest Regressor,1.0,1.55,-0.55
03_tree_ensembles,Arvores,Random Forest Regressor,46.0,24.12,21.88
03_tree_ensembles,Arvores,Random Forest Regressor,25.0,20.115,4.885000000000002
03_tree_ensembles,Arvores,Random Forest Regressor,7.5,3.965,3.535
03_tree_ensembles,Arvores,Random Forest Regressor,11.5,21.34,-9.84
03_tree_ensembles,Arvores,Random Forest Regressor,139.0,112.315,26.685000000000002
03_tree_ensembles,Arvores,Random Forest Regressor,0.5,0.51,-0.010000000000000009
03_tree_ensembles,Arvores,Random Forest Regressor,2.5,1.82,0.6799999999999999
03_tree_ensembles,Arvores,Random Forest Regressor,0.5,0.5,0.0
03_tree_ensembles,Arvores,Random Forest Regressor,299.0,396.15,-97.14999999999998
03_tree_ensembles,Arvores,Random Forest Regressor,2.5,3.55,-1.0499999999999998
03_tree_ensembles,Arvores,Random Forest Regressor,7.5,6.105,1.3949999999999996
03_tree_ensembles,Arvores,Random Forest Regressor,2.5,2.155,0.3450000000000002
03_tree_ensembles,Arvores,Random Forest Regressor,5.5,1.995,3.505
03_tree_ensembles,Arvores,Random Forest Regressor,68.0,53.28,14.719999999999999
03_tree_ensembles,Arvores,Random Forest Regressor,17.5,20.44,-2.9400000000000013
03_tree_ensembles,Arvores,Random Forest Regressor,123.0,167.095,-44.095
03_tree_ensembles,Arvores,Random Forest Regressor,10.5,15.13,-4.630000000000001
03_tree_ensembles,Arvores,Random Forest Regressor,0.5,1.23,-0.73
03_tree_ensembles,Arvores,Random Forest Regressor,0.5,0.52,-0.020000000000000018
03_tree_ensembles,Arvores,Random Forest Regressor,3.5,2.355,1.145
03_tree_ensembles,Arvores,Random Forest Regressor,1.0,1.41,-0.4099999999999999
03_tree_ensembles,Arvores,Random Forest Regressor,5.5,6.04,-0.54
03_tree_ensembles,Arvores,Random Forest Regressor,3.5,2.14,1.3599999999999999
03_tree_ensembles,Arvores,Random Forest Regressor,17.5,19.335,-1.8350000000000009
03_tree_ensembles,Arvores,Random Forest Regressor,11.0,12.29,-1.2899999999999991
03_tree_ensembles,Arvores,Random Forest Regressor,1.0,0.78,0.21999999999999997
03_tree_ensembles,Arvores,Random Forest Regressor,10.0,25.74,-15.739999999999998
03_tree_ensembles,Arvores,Random Forest Regressor,526.0,450.28,75.72000000000003
03_tree_ensembles,Arvores,Random Forest Regressor,9.0,10.18,-1.1799999999999997
03_tree_ensembles,Arvores,Random Forest Regressor,1.0,1.63,-0.6299999999999999
03_tree_ensembles,Arvores,Random Forest Regressor,1.0,0.77,0.22999999999999998
03_tree_ensembles,Arvores,Random Forest Regressor,2.0,1.885,0.11499999999999999
03_tree_ensembles,Arvores,Random Forest Regressor,729.0,956.86,-227.86
03_tree_ensembles,Arvores,Random Forest Regressor,8.0,7.015,0.9850000000000003
03_tree_ensembles,Arvores,Random Forest Regressor,1.5,3.735,-2.235
03_tree_ensembles,Arvores,Random Forest Regressor,6.0,7.12,-1.12
03_tree_ensembles,Arvores,Random Forest Regressor,25.5,19.33,6.170000000000002
03_tree_ensembles,Arvores,Random Forest Regressor,8.0,8.09,-0.08999999999999986
03_tree_ensembles,Arvores,Random Forest Regressor,6.0,5.92,0.08000000000000007
03_tree_ensembles,Arvores,Random Forest Regressor,27.0,20.0,7.0
03_tree_ensembles,Arvores,Random Forest Regressor,44.0,45.44,-1.4399999999999977
03_tree_ensembles,Arvores,Random Forest Regressor,3.5,3.8,-0.2999999999999998
03_tree_ensembles,Arvores,Random Forest Regressor,1.0,0.54,0.45999999999999996
03_tree_ensembles,Arvores,Random Forest Regressor,1.5,0.895,0.605
03_tree_ensembles,Arvores,Random Forest Regressor,4.0,2.73,1.27
03_tree_ensembles,Arvores,Random Forest Regressor,3.5,2.08,1.42
03_tree_ensembles,Arvores,Random Forest Regressor,0.5,0.735,-0.235
03_tree_ensembles,Arvores,Random Forest Regressor,1.0,1.865,-0.865
03_tree_ensembles,Arvores,Random Forest Regressor,5.5,3.75,1.75
03_tree_ensembles,Arvores,Random Forest Regressor,0.5,0.775,-0.275
03_tree_ensembles,Arvores,Random Forest Regressor,29.5,39.67,-10.170000000000002
03_tree_ensembles,Arvores,Random Forest Regressor,33.0,20.59,12.41
03_tree_ensembles,Arvores,Random Forest Regressor,21.5,18.985,2.5150000000000006
03_tree_ensembles,Arvores,Random Forest Regressor,6.0,4.32,1.6799999999999997
03_tree_ensembles,Arvores,Random Forest Regressor,0.5,0.575,-0.07499999999999996
03_tree_ensembles,Arvores,Random Forest Regressor,1.0,1.025,-0.02499999999999991
03_tree_ensembles,Arvores,Random Forest Regressor,1.5,2.135,-0.6349999999999998
03_tree_ensembles,Arvores,Random Forest Regressor,2.0,1.84,0.15999999999999992
03_tree_ensembles,Arvores,Random Forest Regressor,0.5,0.545,-0.04500000000000004
03_tree_ensembles,Arvores,Random Forest Regressor,1.0,1.145,-0.14500000000000002
03_tree_ensembles,Arvores,Random Forest Regressor,25.0,26.265,-1.2650000000000006
03_tree_ensembles,Arvores,Random Forest Regressor,0.5,0.5,0.0
03_tree_ensembles,Arvores,Random Forest Regressor,1.5,2.705,-1.205
03_tree_ensembles,Arvores,Random Forest Regressor,2.0,1.77,0.22999999999999998
03_tree_ensembles,Arvores,Random Forest Regressor,1.0,0.52,0.48
03_tree_ensembles,Arvores,Random Forest Regressor,0.5,0.51,-0.010000000000000009
03_tree_ensembles,Arvores,Random Forest Regressor,10.0,14.425,-4.425000000000001
03_tree_ensembles,Arvores,Random Forest Regressor,1.0,1.875,-0.875
03_tree_ensembles,Arvores,Random Forest Regressor,13.5,25.835,-12.335
03_tree_ensembles,Arvores,Random Forest Regressor,0.5,0.51,-0.010000000000000009
03_tree_ensembles,Arvores,Random Forest Regressor,0.5,0.58,-0.07999999999999996
03_tree_ensembles,Arvores,Random Forest Regressor,1.0,1.68,-0.6799999999999999
03_tree_ensembles,Arvores,Random Forest Regressor,28.0,19.45,8.55
03_tree_ensembles,Arvores,Random Forest Regressor,3.5,3.805,-0.30500000000000016
03_tree_ensembles,Arvores,Random Forest Regressor,0.5,0.565,-0.06499999999999995
03_tree_ensembles,Arvores,Random Forest Regressor,1.0,1.105,-0.10499999999999998
03_tree_ensembles,Arvores,Random Forest Regressor,21.5,17.635,3.8649999999999984
03_tree_ensembles,Arvores,Random Forest Regressor,13.0,27.865,-14.864999999999998
03_tree_ensembles,Arvores,Random Forest Regressor,14.0,6.425,7.575
03_tree_ensembles,Arvores,Random Forest Regressor,28.5,20.085,8.415
03_tree_ensembles,Arvores,Random Forest Regressor,0.5,0.81,-0.31000000000000005
03_tree_ensembles,Arvores,Random Forest Regressor,1.5,0.995,0.505
03_tree_ensembles,Arvores,Random Forest Regressor,8.5,5.405,3.0949999999999998
03_tree_ensembles,Arvores,Random Forest Regressor,28.0,26.66,1.3399999999999999
03_tree_ensembles,Arvores,Random Forest Regressor,8.5,8.575,-0.07499999999999929
03_tree_ensembles,Arvores,Random Forest Regressor,2.0,1.795,0.20500000000000007
03_tree_ensembles,Arvores,Random Forest Regressor,0.5,0.5,0.0
03_tree_ensembles,Arvores,Random Forest Regressor,19.5,26.635,-7.135000000000002
03_tree_ensembles,Arvores,Random Forest Regressor,1.5,1.245,0.2549999999999999
03_tree_ensembles,Arvores,Random Forest Regressor,1.0,1.56,-0.56
03_tree_ensembles,Arvores,Random Forest Regressor,0.5,0.545,-0.04500000000000004
03_tree_ensembles,Arvores,Random Forest Regressor,0.5,0.5,0.0
03_tree_ensembles,Arvores,Random Forest Regressor,3.0,3.355,-0.355
03_tree_ensembles,Arvores,Random Forest Regressor,8.0,4.08,3.92
03_tree_ensembles,Arvores,Random Forest Regressor,1.5,1.555,-0.05499999999999994
03_tree_ensembles,Arvores,Random Forest Regressor,27.0,39.89,-12.89
03_tree_ensembles,Arvores,Random Forest Regressor,0.5,0.5,0.0
03_tree_ensembles,Arvores,Random Forest Regressor,15.0,18.155,-3.155000000000001
03_tree_ensembles,Arvores,Random Forest Regressor,0.5,0.525,-0.025000000000000022
03_tree_ensembles,Arvores,Random Forest Regressor,3.5,7.45,-3.95
03_tree_ensembles,Arvores,Random Forest Regressor,2.0,1.655,0.345
03_tree_ensembles,Arvores,Random Forest Regressor,43.5,22.365,21.135
03_tree_ensembles,Arvores,Random Forest Regressor,1.0,0.845,0.15500000000000003
03_tree_ensembles,Arvores,Random Forest Regressor,0.5,0.86,-0.36
03_tree_ensembles,Arvores,Random Forest Regressor,0.5,0.58,-0.07999999999999996
03_tree_ensembles,Arvores,Random Forest Regressor,23.0,20.685,2.3150000000000013
03_tree_ensembles,Arvores,Random Forest Regressor,30.5,29.44,1.0599999999999987
03_tree_ensembles,Arvores,Random Forest Regressor,1.5,1.13,0.3700000000000001
03_tree_ensembles,Arvores,Random Forest Regressor,1.0,3.405,-2.405
03_tree_ensembles,Arvores,Random Forest Regressor,2.5,1.65,0.8500000000000001
03_tree_ensembles,Arvores,Random Forest Regressor,33.5,28.53,4.969999999999999
03_tree_ensembles,Arvores,Random Forest Regressor,81.5,81.135,0.3649999999999949
03_tree_ensembles,Arvores,Random Forest Regressor,0.5,0.5,0.0
03_tree_ensembles,Arvores,Random Forest Regressor,26.5,27.45,-0.9499999999999993
03_tree_ensembles,Arvores,Random Forest Regressor,0.5,0.5,0.0
03_tree_ensembles,Arvores,Random Forest Regressor,3.0,3.48,-0.48
03_tree_ensembles,Arvores,Random Forest Regressor,7.0,4.425,2.575
03_tree_ensembles,Arvores,Random Forest Regressor,0.5,0.55,-0.050000000000000044
03_tree_ensembles,Arvores,Random Forest Regressor,1.0,0.85,0.15000000000000002
03_tree_ensembles,Arvores,Random Forest Regressor,9.5,8.905,0.5950000000000006
03_tree_ensembles,Arvores,Random Forest Regressor,28.0,27.62,0.379999999999999
03_tree_ensembles,Arvores,Random Forest Regressor,0.5,0.52,-0.020000000000000018
03_tree_ensembles,Arvores,Random Forest Regressor,1.0,0.795,0.20499999999999996
03_tree_ensembles,Arvores,Random Forest Regressor,1.5,1.99,-0.49
03_tree_ensembles,Arvores,Random Forest Regressor,1.5,3.62,-2.12
03_tree_ensembles,Arvores,Random Forest Regressor,10.5,5.875,4.625
03_tree_ensembles,Arvores,Random Forest Regressor,4.5,4.775,-0.27500000000000036
03_tree_ensembles,Arvores,Random Forest Regressor,2.5,5.79,-3.29
03_tree_ensembles,Arvores,Random Forest Regressor,2.0,3.605,-1.605
03_tree_ensembles,Arvores,Random Forest Regressor,0.5,0.505,-0.0050000000000000044
03_tree_ensembles,Arvores,Random Forest Regressor,0.5,1.14,-0.6399999999999999
03_tree_ensembles,Arvores,Random Forest Regressor,37.5,12.865,24.634999999999998
03_tree_ensembles,Arvores,Random Forest Regressor,26.0,26.43,-0.4299999999999997
03_tree_ensembles,Arvores,Random Forest Regressor,0.5,0.85,-0.35
03_tree_ensembles,Arvores,Random Forest Regressor,1.0,1.715,-0.7150000000000001
03_tree_ensembles,Arvores,Random Forest Regressor,20.0,25.035,-5.035
03_tree_ensembles,Arvores,Random Forest Regressor,0.5,0.5,0.0
03_tree_ensembles,Arvores,Random Forest Regressor,1.5,1.755,-0.2549999999999999
03_tree_ensembles,Arvores,Random Forest Regressor,30.0,17.03,12.969999999999999
03_tree_ensembles,Arvores,Random Forest Regressor,0.5,0.875,-0.375
03_tree_ensembles,Arvores,Random Forest Regressor,2.5,3.895,-1.395
03_tree_ensembles,Arvores,Random Forest Regressor,4.5,4.055,0.4450000000000003
03_tree_ensembles,Arvores,Random Forest Regressor,9.0,6.265,2.7350000000000003
03_tree_ensembles,Arvores,Random Forest Regressor,1.5,1.83,-0.33000000000000007
03_tree_ensembles,Arvores,Random Forest Regressor,1.5,1.35,0.1499999999999999
03_tree_ensembles,Arvores,Random Forest Regressor,1.5,1.39,0.1100000000000001
03_tree_ensembles,Arvores,Random Forest Regressor,22.0,15.435,6.5649999999999995
03_tree_ensembles,Arvores,Random Forest Regressor,46.0,51.205,-5.204999999999998
03_tree_ensembles,Arvores,Random Forest Regressor,0.5,0.505,-0.0050000000000000044
03_tree_ensembles,Arvores,Random Forest Regressor,2.5,2.995,-0.4950000000000001
03_tree_ensembles,Arvores,Random Forest Regressor,29.5,19.355,10.145
03_tree_ensembles,Arvores,Random Forest Regressor,164.5,131.965,32.535
03_tree_ensembles,Arvores,Random Forest Regressor,39.0,44.87,-5.869999999999997
03_tree_ensembles,Arvores,Random Forest Regressor,1.5,1.115,0.385
03_tree_ensembles,Arvores,Random Forest Regressor,7.0,4.75,2.25
03_tree_ensembles,Arvores,Random Forest Regressor,14.5,16.185,-1.6849999999999987
03_tree_ensembles,Arvores,Random Forest Regressor,26.5,32.965,-6.465000000000003
03_tree_ensembles,Arvores,Random Forest Regressor,0.5,0.535,-0.03500000000000003
03_tree_ensembles,Arvores,Random Forest Regressor,0.5,1.95,-1.45
03_tree_ensembles,Arvores,Random Forest Regressor,1.0,1.255,-0.2549999999999999
03_tree_ensembles,Arvores,Random Forest Regressor,11.0,26.725,-15.725000000000001
03_tree_ensembles,Arvores,Random Forest Regressor,0.5,0.5,0.0
03_tree_ensembles,Arvores,Random Forest Regressor,2.0,2.225,-0.2250000000000001
03_tree_ensembles,Arvores,Random Forest Regressor,0.5,0.555,-0.05500000000000005
03_tree_ensembles,Arvores,Random Forest Regressor,4.0,3.92,0.08000000000000007
03_tree_ensembles,Arvores,Random Forest Regressor,12.0,26.44,-14.440000000000001
03_tree_ensembles,Arvores,Random Forest Regressor,1.0,0.95,0.050000000000000044
03_tree_ensembles,Arvores,Random Forest Regressor,0.5,0.5,0.0
03_tree_ensembles,Arvores,Random Forest Regressor,26.5,17.925,8.575
03_tree_ensembles,Arvores,Random Forest Regressor,1.0,1.665,-0.665
03_tree_ensembles,Arvores,Random Forest Regressor,1.0,0.74,0.26
03_tree_ensembles,Arvores,Random Forest Regressor,1.5,1.055,0.44500000000000006
03_tree_ensembles,Arvores,Random Forest Regressor,1.5,15.97,-14.47
03_tree_ensembles,Arvores,Random Forest Regressor,1.5,1.46,0.040000000000000036
03_tree_ensembles,Arvores,Random Forest Regressor,1.5,1.805,-0.30499999999999994
03_tree_ensembles,Arvores,Random Forest Regressor,3.0,2.83,0.16999999999999993
03_tree_ensembles,Arvores,Random Forest Regressor,13.5,18.05,-4.550000000000001
03_tree_ensembles,Arvores,Random Forest Regressor,2.0,3.71,-1.71
03_tree_ensembles,Arvores,Random Forest Regressor,2.5,5.505,-3.005
03_tree_ensembles,Arvores,Random Forest Regressor,1.0,1.49,-0.49
03_tree_ensembles,Arvores,Random Forest Regressor,9.0,13.07,-4.07
03_tree_ensembles,Arvores,Random Forest Regressor,5.5,6.39,-0.8899999999999997
03_tree_ensembles,Arvores,Random Forest Regressor,0.5,0.555,-0.05500000000000005
03_tree_ensembles,Arvores,Random Forest Regressor,3.5,4.025,-0.5250000000000004
03_tree_ensembles,Arvores,Random Forest Regressor,2.5,8.325,-5.824999999999999
03_tree_ensembles,Arvores,Random Forest Regressor,0.5,0.5,0.0
03_tree_ensembles,Arvores,Random Forest Regressor,3.0,3.765,-0.7650000000000001
03_tree_ensembles,Arvores,Random Forest Regressor,0.5,0.5,0.0
03_tree_ensembles,Arvores,Random Forest Regressor,0.5,0.5,0.0
03_tree_ensembles,Arvores,Random Forest Regressor,4.0,4.405,-0.40500000000000025
03_tree_ensembles,Arvores,Random Forest Regressor,1.5,3.42,-1.92
03_tree_ensembles,Arvores,Random Forest Regressor,0.5,0.6,-0.09999999999999998
03_tree_ensembles,Arvores,Random Forest Regressor,3.0,8.015,-5.015000000000001
03_tree_ensembles,Arvores,Random Forest Regressor,19.0,29.045,-10.045000000000002
03_tree_ensembles,Arvores,Random Forest Regressor,0.5,0.815,-0.31499999999999995
03_tree_ensembles,Arvores,Random Forest Regressor,7.5,6.425,1.0750000000000002
03_tree_ensembles,Arvores,Random Forest Regressor,1.0,1.135,-0.135
03_tree_ensembles,Arvores,Random Forest Regressor,6.0,4.68,1.3200000000000003
03_tree_ensembles,Arvores,Random Forest Regressor,9.0,8.05,0.9499999999999993
03_tree_ensembles,Arvores,Random Forest Regressor,2.5,1.83,0.6699999999999999
03_tree_ensembles,Arvores,Random Forest Regressor,1.5,1.54,-0.040000000000000036
03_tree_ensembles,Arvores,Random Forest Regressor,0.5,1.355,-0.855
03_tree_ensembles,Arvores,Random Forest Regressor,879.0,1091.85,-212.8499999999999
03_tree_ensembles,Arvores,Random Forest Regressor,4.5,3.845,0.6549999999999998
03_tree_ensembles,Arvores,Random Forest Regressor,9.0,10.24,-1.2400000000000002
03_tree_ensembles,Arvores,Random Forest Regressor,0.5,0.5,0.0
03_tree_ensembles,Arvores,Random Forest Regressor,30.0,24.335,5.664999999999999
03_tree_ensembles,Arvores,Random Forest Regressor,3.5,4.92,-1.42
03_tree_ensembles,Arvores,Random Forest Regressor,3.5,3.51,-0.009999999999999787
03_tree_ensembles,Arvores,Random Forest Regressor,0.5,0.515,-0.015000000000000013
03_tree_ensembles,Arvores,Random Forest Regressor,142.0,116.335,25.665000000000006
03_tree_ensembles,Arvores,Random Forest Regressor,12.5,8.775,3.7249999999999996
03_tree_ensembles,Arvores,Random Forest Regressor,19.0,22.6,-3.6000000000000014
03_tree_ensembles,Arvores,Random Forest Regressor,37.0,30.085,6.914999999999999
03_tree_ensembles,Arvores,Random Forest Regressor,2.0,3.215,-1.2149999999999999
03_tree_ensembles,Arvores,Random Forest Regressor,2.5,3.35,-0.8500000000000001
03_tree_ensembles,Arvores,Random Forest Regressor,18.5,34.03,-15.530000000000001
03_tree_ensembles,Arvores,Random Forest Regressor,5.0,6.135,-1.1349999999999998
03_tree_ensembles,Arvores,Random Forest Regressor,0.5,0.5,0.0
03_tree_ensembles,Arvores,Random Forest Regressor,5.0,5.755,-0.7549999999999999
03_tree_ensembles,Arvores,Random Forest Regressor,1.0,0.975,0.025000000000000022
03_tree_ensembles,Arvores,Random Forest Regressor,4.0,9.655,-5.654999999999999
03_tree_ensembles,Arvores,Random Forest Regressor,1.5,2.83,-1.33
03_tree_ensembles,Arvores,Random Forest Regressor,3.0,19.165,-16.165
03_tree_ensembles,Arvores,Random Forest Regressor,6.0,25.085,-19.085
03_tree_ensembles,Arvores,Random Forest Regressor,23.0,25.6,-2.6000000000000014
03_tree_ensembles,Arvores,Random Forest Regressor,4.0,4.0,0.0
03_tree_ensembles,Arvores,Random Forest Regressor,2.5,2.87,-0.3700000000000001
03_tree_ensembles,Arvores,Random Forest Regressor,13.0,29.355,-16.355
03_tree_ensembles,Arvores,Random Forest Regressor,4.0,4.625,-0.625
03_tree_ensembles,Arvores,Random Forest Regressor,1.0,1.15,-0.1499999999999999
03_tree_ensembles,Arvores,Random Forest Regressor,11.0,19.295,-8.295000000000002
03_tree_ensembles,Arvores,Random Forest Regressor,9.0,8.555,0.4450000000000003
03_tree_ensembles,Arvores,Random Forest Regressor,0.5,0.9,-0.4
03_tree_ensembles,Arvores,Random Forest Regressor,0.5,1.41,-0.9099999999999999
03_tree_ensembles,Arvores,Random Forest Regressor,2.0,3.27,-1.27
03_tree_ensembles,Arvores,Random Forest Regressor,18.5,19.465,-0.9649999999999999
03_tree_ensembles,Arvores,Random Forest Regressor,1.5,1.625,-0.125
03_tree_ensembles,Arvores,Random Forest Regressor,31.0,21.395,9.605
03_tree_ensembles,Arvores,Random Forest Regressor,7.5,6.065,1.4349999999999996
03_tree_ensembles,Arvores,Random Forest Regressor,2.0,2.225,-0.2250000000000001
03_tree_ensembles,Arvores,Random Forest Regressor,1.0,0.945,0.05500000000000005
03_tree_ensembles,Arvores,Random Forest Regressor,30.5,20.135,10.364999999999998
03_tree_ensembles,Arvores,Random Forest Regressor,2.5,2.67,-0.16999999999999993
03_tree_ensembles,Arvores,Random Forest Regressor,3.5,7.135,-3.635
03_tree_ensembles,Arvores,Random Forest Regressor,0.5,0.86,-0.36
03_tree_ensembles,Arvores,Random Forest Regressor,13.5,9.435,4.0649999999999995
03_tree_ensembles,Arvores,Random Forest Regressor,30.0,18.07,11.93
03_tree_ensembles,Arvores,Random Forest Regressor,25.0,48.975,-23.975
03_tree_ensembles,Arvores,Random Forest Regressor,0.5,0.5,0.0
03_tree_ensembles,Arvores,Random Forest Regressor,23.5,19.85,3.6499999999999986
03_tree_ensembles,Arvores,Random Forest Regressor,6.5,4.18,2.3200000000000003
03_tree_ensembles,Arvores,Random Forest Regressor,24.5,21.29,3.210000000000001
03_tree_ensembles,Arvores,Random Forest Regressor,8.0,7.25,0.75
03_tree_ensembles,Arvores,Random Forest Regressor,3.5,3.46,0.040000000000000036
03_tree_ensembles,Arvores,Random Forest Regressor,1.0,1.085,-0.08499999999999996
03_tree_ensembles,Arvores,Random Forest Regressor,3.0,4.14,-1.1399999999999997
03_tree_ensembles,Arvores,Random Forest Regressor,27.5,26.67,0.8299999999999983
03_tree_ensembles,Arvores,Random Forest Regressor,2.5,5.45,-2.95
03_tree_ensembles,Arvores,Random Forest Regressor,37.5,28.125,9.375
03_tree_ensembles,Arvores,Random Forest Regressor,11.5,11.05,0.4499999999999993
03_tree_ensembles,Arvores,Random Forest Regressor,0.5,0.5,0.0
03_tree_ensembles,Arvores,Random Forest Regressor,0.5,0.5,0.0
03_tree_ensembles,Arvores,Random Forest Regressor,5.0,7.44,-2.4400000000000004
03_tree_ensembles,Arvores,Random Forest Regressor,9.0,8.87,0.13000000000000078
03_tree_ensembles,Arvores,Random Forest Regressor,5.5,7.345,-1.8449999999999998
03_tree_ensembles,Arvores,Random Forest Regressor,0.5,0.5,0.0
03_tree_ensembles,Arvores,Random Forest Regressor,21.5,19.91,1.5899999999999999
03_tree_ensembles,Arvores,Random Forest Regressor,2.5,3.06,-0.56
03_tree_ensembles,Arvores,Random Forest Regressor,5.5,11.355,-5.855
03_tree_ensembles,Arvores,Random Forest Regressor,0.5,0.73,-0.22999999999999998
03_tree_ensembles,Arvores,Random Forest Regressor,2.0,3.025,-1.025
03_tree_ensembles,Arvores,Random Forest Regressor,1.0,1.255,-0.2549999999999999
03_tree_ensembles,Arvores,Random Forest Regressor,1091.0,1875.24,-784.24
03_tree_ensembles,Arvores,Random Forest Regressor,2.0,1.915,0.08499999999999996
03_tree_ensembles,Arvores,Random Forest Regressor,5.5,4.405,1.0949999999999998
03_tree_ensembles,Arvores,Random Forest Regressor,5.5,6.77,-1.2699999999999996
03_tree_ensembles,Arvores,Random Forest Regressor,0.5,0.5,0.0
03_tree_ensembles,Arvores,Random Forest Regressor,11.0,6.52,4.48
03_tree_ensembles,Arvores,Random Forest Regressor,80.5,69.43,11.069999999999993
03_tree_ensembles,Arvores,Random Forest Regressor,0.5,0.5,0.0
03_tree_ensembles,Arvores,Random Forest Regressor,25.0,1615.39,-1590.39
03_tree_ensembles,Arvores,Random Forest Regressor,9.5,7.015,2.4850000000000003
03_tree_ensembles,Arvores,Random Forest Regressor,1.0,0.75,0.25
03_tree_ensembles,Arvores,Random Forest Regressor,12.5,24.15,-11.649999999999999
03_tree_ensembles,Arvores,Random Forest Regressor,12.0,17.66,-5.66
03_tree_ensembles,Arvores,Random Forest Regressor,42.0,29.735,12.265
03_tree_ensembles,Arvores,Random Forest Regressor,3.5,3.38,0.1200000000000001
03_tree_ensembles,Arvores,Random Forest Regressor,51.0,28.775,22.225
03_tree_ensembles,Arvores,Random Forest Regressor,5.0,3.82,1.1800000000000002
03_tree_ensembles,Arvores,Random Forest Regressor,0.5,0.965,-0.46499999999999997
03_tree_ensembles,Arvores,Random Forest Regressor,429.0,440.91,-11.910000000000025
03_tree_ensembles,Arvores,Random Forest Regressor,8.5,32.745,-24.244999999999997
03_tree_ensembles,Arvores,Random Forest Regressor,3.0,2.965,0.03500000000000014
03_tree_ensembles,Arvores,Random Forest Regressor,4.0,3.61,0.3900000000000001
03_tree_ensembles,Arvores,Random Forest Regressor,1.5,1.265,0.2350000000000001
03_tree_ensembles,Arvores,Random Forest Regressor,3.0,2.92,0.08000000000000007
03_tree_ensembles,Arvores,Random Forest Regressor,2.5,3.95,-1.4500000000000002
03_tree_ensembles,Arvores,Random Forest Regressor,0.5,0.535,-0.03500000000000003
03_tree_ensembles,Arvores,Random Forest Regressor,8.5,14.1,-5.6
03_tree_ensembles,Arvores,Random Forest Regressor,0.5,0.54,-0.040000000000000036
03_tree_ensembles,Arvores,Random Forest Regressor,1.5,1.035,0.4650000000000001
03_tree_ensembles,Arvores,Random Forest Regressor,1.5,1.125,0.375
03_tree_ensembles,Arvores,Random Forest Regressor,1.0,1.275,-0.2749999999999999
03_tree_ensembles,Arvores,Random Forest Regressor,3.0,1.67,1.33
03_tree_ensembles,Arvores,Random Forest Regressor,0.5,0.5,0.0
03_tree_ensembles,Arvores,Random Forest Regressor,17.5,19.665,-2.164999999999999
03_tree_ensembles,Arvores,Random Forest Regressor,0.5,0.5,0.0
03_tree_ensembles,Arvores,Random Forest Regressor,22.0,17.07,4.93
03_tree_ensembles,Arvores,Random Forest Regressor,0.5,0.565,-0.06499999999999995
03_tree_ensembles,Arvores,Random Forest Regressor,3.5,3.385,0.11500000000000021
03_tree_ensembles,Arvores,Random Forest Regressor,12.5,21.865,-9.364999999999998
03_tree_ensembles,Arvores,Random Forest Regressor,1.0,0.885,0.11499999999999999
03_tree_ensembles,Arvores,Random Forest Regressor,0.5,0.5,0.0
03_tree_ensembles,Arvores,Random Forest Regressor,130.0,108.775,21.224999999999994
03_tree_ensembles,Arvores,Random Forest Regressor,5.5,4.26,1.2400000000000002
03_tree_ensembles,Arvores,Random Forest Regressor,4.5,4.455,0.04499999999999993
03_tree_ensembles,Arvores,Random Forest Regressor,2892.0,1965.11,926.8900000000001
03_tree_ensembles,Arvores,Random Forest Regressor,0.5,0.64,-0.14
03_tree_ensembles,Arvores,Random Forest Regressor,11.5,11.225,0.27500000000000036
03_tree_ensembles,Arvores,Random Forest Regressor,0.5,0.55,-0.050000000000000044
03_tree_ensembles,Arvores,Random Forest Regressor,30.5,17.805,12.695
03_tree_ensembles,Arvores,Random Forest Regressor,1.5,1.22,0.28
03_tree_ensembles,Arvores,Random Forest Regressor,5.0,9.63,-4.630000000000001
03_tree_ensembles,Arvores,Random Forest Regressor,1.5,1.365,0.135
03_tree_ensembles,Arvores,Random Forest Regressor,3.5,17.86,-14.36
03_tree_ensembles,Arvores,Random Forest Regressor,186.0,191.475,-5.474999999999994
03_tree_ensembles,Arvores,Random Forest Regressor,1.0,0.99,0.010000000000000009
03_tree_ensembles,Arvores,Random Forest Regressor,11.0,6.855,4.145
03_tree_ensembles,Arvores,Random Forest Regressor,0.5,0.515,-0.015000000000000013
03_tree_ensembles,Arvores,Random Forest Regressor,13.0,19.59,-6.59
03_tree_ensembles,Arvores,Random Forest Regressor,4.0,14.335,-10.335
03_tree_ensembles,Arvores,Random Forest Regressor,27.5,19.61,7.890000000000001
03_tree_ensembles,Arvores,Random Forest Regressor,2.0,2.635,-0.6349999999999998
03_tree_ensembles,Arvores,Random Forest Regressor,4.0,5.495,-1.495
03_tree_ensembles,Arvores,Random Forest Regressor,1.0,1.42,-0.41999999999999993
03_tree_ensembles,Arvores,Random Forest Regressor,2.5,3.445,-0.9449999999999998
03_tree_ensembles,Arvores,Random Forest Regressor,1.0,1.065,-0.06499999999999995
03_tree_ensembles,Arvores,Random Forest Regressor,27.0,27.955,-0.9549999999999983
03_tree_ensembles,Arvores,Random Forest Regressor,1.5,2.22,-0.7200000000000002
03_tree_ensembles,Arvores,Random Forest Regressor,3.0,1.745,1.255
03_tree_ensembles,Arvores,Random Forest Regressor,0.5,0.505,-0.0050000000000000044
03_tree_ensembles,Arvores,Random Forest Regressor,42.5,47.14,-4.640000000000001
03_tree_ensembles,Arvores,Random Forest Regressor,2.0,3.435,-1.435
03_tree_ensembles,Arvores,Random Forest Regressor,0.5,0.555,-0.05500000000000005
03_tree_ensembles,Arvores,Random Forest Regressor,4.5,8.905,-4.404999999999999
03_tree_ensembles,Arvores,Random Forest Regressor,9.0,6.225,2.7750000000000004
03_tree_ensembles,Arvores,Random Forest Regressor,0.5,0.5,0.0
03_tree_ensembles,Arvores,Random Forest Regressor,0.5,0.58,-0.07999999999999996
03_tree_ensembles,Arvores,Random Forest Regressor,5.0,4.755,0.2450000000000001
03_tree_ensembles,Arvores,Random Forest Regressor,0.5,0.5,0.0
03_tree_ensembles,Arvores,Random Forest Regressor,13.0,13.775,-0.7750000000000004
03_tree_ensembles,Arvores,Random Forest Regressor,1.0,1.425,-0.42500000000000004
03_tree_ensembles,Arvores,Random Forest Regressor,0.5,0.53,-0.030000000000000027
03_tree_ensembles,Arvores,Random Forest Regressor,9.5,18.875,-9.375
03_tree_ensembles,Arvores,Random Forest Regressor,22.5,28.59,-6.09
03_tree_ensembles,Arvores,Random Forest Regressor,3.0,3.315,-0.31499999999999995
03_tree_ensembles,Arvores,Random Forest Regressor,3.5,3.75,-0.25
03_tree_ensembles,Arvores,Random Forest Regressor,1.0,0.96,0.040000000000000036
03_tree_ensembles,Arvores,Random Forest Regressor,2.0,1.415,0.585
03_tree_ensembles,Arvores,Random Forest Regressor,0.5,0.525,-0.025000000000000022
03_tree_ensembles,Arvores,Random Forest Regressor,3.0,3.585,-0.585
03_tree_ensembles,Arvores,Random Forest Regressor,3.5,15.9,-12.4
03_tree_ensembles,Arvores,Random Forest Regressor,13.5,15.885,-2.385
03_tree_ensembles,Arvores,Random Forest Regressor,22.5,22.275,0.22500000000000142
03_tree_ensembles,Arvores,Random Forest Regressor,1.5,0.715,0.785
03_tree_ensembles,Arvores,Random Forest Regressor,1.0,1.62,-0.6200000000000001
03_tree_ensembles,Arvores,Random Forest Regressor,2.0,1.92,0.08000000000000007
03_tree_ensembles,Arvores,Random Forest Regressor,1.0,0.525,0.475
03_tree_ensembles,Arvores,Random Forest Regressor,23.5,21.21,2.289999999999999
03_tree_ensembles,Arvores,Random Forest Regressor,1.0,0.79,0.20999999999999996
03_tree_ensembles,Arvores,Random Forest Regressor,0.5,0.625,-0.125
03_tree_ensembles,Arvores,Random Forest Regressor,25.5,19.515,5.984999999999999
03_tree_ensembles,Arvores,Random Forest Regressor,26.0,18.88,7.120000000000001
03_tree_ensembles,Arvores,Random Forest Regressor,0.5,0.5,0.0
03_tree_ensembles,Arvores,Random Forest Regressor,25.0,29.065,-4.065000000000001
03_tree_ensembles,Arvores,Random Forest Regressor,8.0,6.635,1.3650000000000002
03_tree_ensembles,Arvores,Random Forest Regressor,1.0,1.81,-0.81
03_tree_ensembles,Arvores,Random Forest Regressor,22.0,18.87,3.129999999999999
03_tree_ensembles,Arvores,Random Forest Regressor,1.0,1.24,-0.24
03_tree_ensembles,Arvores,Random Forest Regressor,18.5,18.605,-0.10500000000000043
03_tree_ensembles,Arvores,Random Forest Regressor,0.5,0.5,0.0
03_tree_ensembles,Arvores,Random Forest Regressor,2.0,3.165,-1.165
03_tree_ensembles,Arvores,Random Forest Regressor,6.0,4.395,1.6050000000000004
03_tree_ensembles,Arvores,Random Forest Regressor,7.0,5.695,1.3049999999999997
03_tree_ensembles,Arvores,Random Forest Regressor,0.5,1.17,-0.6699999999999999
03_tree_ensembles,Arvores,Random Forest Regressor,1.0,1.44,-0.43999999999999995
03_tree_ensembles,Arvores,Random Forest Regressor,12.0,5.985,6.015
03_tree_ensembles,Arvores,Random Forest Regressor,0.5,0.5,0.0
03_tree_ensembles,Arvores,Random Forest Regressor,1.5,0.99,0.51
03_tree_ensembles,Arvores,Random Forest Regressor,0.5,0.5,0.0
03_tree_ensembles,Arvores,Random Forest Regressor,0.5,0.5,0.0
03_tree_ensembles,Arvores,Random Forest Regressor,2.0,0.945,1.0550000000000002
03_tree_ensembles,Arvores,Random Forest Regressor,6.5,6.57,-0.07000000000000028
03_tree_ensembles,Arvores,Random Forest Regressor,28.0,20.08,7.920000000000002
03_tree_ensembles,Arvores,Random Forest Regressor,1.0,0.75,0.25
03_tree_ensembles,Arvores,Random Forest Regressor,13.0,19.71,-6.710000000000001
03_tree_ensembles,Arvores,Random Forest Regressor,14.5,24.595,-10.094999999999999
03_tree_ensembles,Arvores,Random Forest Regressor,0.5,0.5,0.0
03_tree_ensembles,Arvores,Random Forest Regressor,43.0,33.21,9.79
03_tree_ensembles,Arvores,Random Forest Regressor,9.5,6.885,2.615
03_tree_ensembles,Arvores,Random Forest Regressor,14.0,24.665,-10.665
03_tree_ensembles,Arvores,Random Forest Regressor,1.5,2.035,-0.5350000000000001
03_tree_ensembles,Arvores,Random Forest Regressor,1.0,1.095,-0.09499999999999997
03_tree_ensembles,Arvores,Random Forest Regressor,5.0,7.195,-2.1950000000000003
03_tree_ensembles,Arvores,Random Forest Regressor,1.5,2.135,-0.6349999999999998
03_tree_ensembles,Arvores,Random Forest Regressor,1.0,1.005,-0.004999999999999893
03_tree_ensembles,Arvores,Random Forest Regressor,0.5,0.5,0.0
03_tree_ensembles,Arvores,Random Forest Regressor,3.0,2.375,0.625
03_tree_ensembles,Arvores,Random Forest Regressor,12.5,6.765,5.735
03_tree_ensembles,Arvores,Random Forest Regressor,43.0,33.57,9.43
03_tree_ensembles,Arvores,Random Forest Regressor,1.5,1.54,-0.040000000000000036
03_tree_ensembles,Arvores,Random Forest Regressor,9.5,12.265,-2.7650000000000006
03_tree_ensembles,Arvores,Random Forest Regressor,2.0,1.665,0.33499999999999996
03_tree_ensembles,Arvores,Random Forest Regressor,45.0,30.905,14.094999999999999
03_tree_ensembles,Arvores,Random Forest Regressor,3.5,3.87,-0.3700000000000001
03_tree_ensembles,Arvores,Random Forest Regressor,2.0,2.195,-0.19499999999999984
03_tree_ensembles,Arvores,Random Forest Regressor,734.0,508.91,225.08999999999997
03_tree_ensembles,Arvores,Random Forest Regressor,3.5,4.46,-0.96
03_tree_ensembles,Arvores,Random Forest Regressor,7.0,8.665,-1.6649999999999991
03_tree_ensembles,Arvores,Random Forest Regressor,1.0,0.91,0.08999999999999997
03_tree_ensembles,Arvores,Random Forest Regressor,86.5,127.32,-40.81999999999999
03_tree_ensembles,Arvores,Random Forest Regressor,0.5,0.5,0.0
03_tree_ensembles,Arvores,Random Forest Regressor,0.5,0.75,-0.25
03_tree_ensembles,Arvores,Random Forest Regressor,8.0,6.91,1.0899999999999999
03_tree_ensembles,Arvores,Random Forest Regressor,0.5,0.5,0.0
03_tree_ensembles,Arvores,Random Forest Regressor,8.5,8.605,-0.10500000000000043
03_tree_ensembles,Arvores,Random Forest Regressor,1.5,1.945,-0.44500000000000006
03_tree_ensembles,Arvores,Random Forest Regressor,0.5,0.585,-0.08499999999999996
03_tree_ensembles,Arvores,Random Forest Regressor,4.0,2.255,1.745
03_tree_ensembles,Arvores,Random Forest Regressor,19.0,9.475,9.525
03_tree_ensembles,Arvores,Random Forest Regressor,2.0,1.875,0.125
03_tree_ensembles,Arvores,Random Forest Regressor,7.5,8.72,-1.2200000000000006
03_tree_ensembles,Arvores,Random Forest Regressor,2.5,3.99,-1.4900000000000002
03_tree_ensembles,Arvores,Random Forest Regressor,17.5,8.845,8.655
03_tree_ensembles,Arvores,Random Forest Regressor,2.0,3.39,-1.3900000000000001
03_tree_ensembles,Arvores,Random Forest Regressor,4.0,4.04,-0.040000000000000036
03_tree_ensembles,Arvores,Random Forest Regressor,8.0,7.39,0.6100000000000003
03_tree_ensembles,Arvores,Random Forest Regressor,62.0,47.32,14.68
03_tree_ensembles,Arvores,Random Forest Regressor,23.0,26.65,-3.6499999999999986
03_tree_ensembles,Arvores,Random Forest Regressor,0.5,0.5,0.0
03_tree_ensembles,Arvores,Random Forest Regressor,487.0,380.9,106.10000000000002
03_tree_ensembles,Arvores,Random Forest Regressor,7.0,5.43,1.5700000000000003
03_tree_ensembles,Arvores,Random Forest Regressor,10.5,7.47,3.0300000000000002
03_tree_ensembles,Arvores,Random Forest Regressor,50.0,34.13,15.869999999999997
03_tree_ensembles,Arvores,Random Forest Regressor,81.0,106.31,-25.310000000000002
03_tree_ensembles,Arvores,Random Forest Regressor,5.5,3.81,1.69
03_tree_ensembles,Arvores,Random Forest Regressor,0.5,0.5,0.0
03_tree_ensembles,Arvores,Random Forest Regressor,5.5,6.425,-0.9249999999999998
03_tree_ensembles,Arvores,Random Forest Regressor,0.5,0.5,0.0
03_tree_ensembles,Arvores,Random Forest Regressor,13.0,30.635,-17.635
03_tree_ensembles,Arvores,Random Forest Regressor,1.5,1.505,-0.004999999999999893
03_tree_ensembles,Arvores,Random Forest Regressor,5.5,3.84,1.6600000000000001
03_tree_ensembles,Arvores,Random Forest Regressor,2.0,1.87,0.1299999999999999
03_tree_ensembles,Arvores,Random Forest Regressor,3.0,2.15,0.8500000000000001
03_tree_ensembles,Arvores,Random Forest Regressor,0.5,0.5,0.0
03_tree_ensembles,Arvores,Random Forest Regressor,1.0,0.735,0.265
03_tree_ensembles,Arvores,Random Forest Regressor,1.5,1.955,-0.45500000000000007
03_tree_ensembles,Arvores,Random Forest Regressor,2.0,1.785,0.21500000000000008
03_tree_ensembles,Arvores,Random Forest Regressor,0.5,0.595,-0.09499999999999997
03_tree_ensembles,Arvores,Random Forest Regressor,0.5,7.725,-7.225
03_tree_ensembles,Arvores,Random Forest Regressor,11.5,7.17,4.33
03_tree_ensembles,Arvores,Random Forest Regressor,12.5,14.25,-1.75
03_tree_ensembles,Arvores,Random Forest Regressor,20.0,17.125,2.875
03_tree_ensembles,Arvores,Random Forest Regressor,22.0,19.55,2.4499999999999993
03_tree_ensembles,Arvores,Random Forest Regressor,1.0,1.58,-0.5800000000000001
03_tree_ensembles,Arvores,Random Forest Regressor,357.0,433.32,-76.32
03_tree_ensembles,Arvores,Random Forest Regressor,0.5,0.74,-0.24
03_tree_ensembles,Arvores,Random Forest Regressor,2.0,3.9,-1.9
03_tree_ensembles,Arvores,Random Forest Regressor,2.0,0.83,1.17
03_tree_ensembles,Arvores,Random Forest Regressor,0.5,0.515,-0.015000000000000013
03_tree_ensembles,Arvores,Random Forest Regressor,0.5,0.505,-0.0050000000000000044
03_tree_ensembles,Arvores,Random Forest Regressor,13.0,6.16,6.84
03_tree_ensembles,Arvores,Random Forest Regressor,1.5,1.555,-0.05499999999999994
03_tree_ensembles,Arvores,Random Forest Regressor,1.0,1.01,-0.010000000000000009
03_tree_ensembles,Arvores,Random Forest Regressor,0.5,0.775,-0.275
03_tree_ensembles,Arvores,Random Forest Regressor,11.5,6.98,4.52
03_tree_ensembles,Arvores,Random Forest Regressor,1.0,1.37,-0.3700000000000001
03_tree_ensembles,Arvores,Random Forest Regressor,6.5,13.695,-7.195
03_tree_ensembles,Arvores,Random Forest Regressor,0.5,0.52,-0.020000000000000018
03_tree_ensembles,Arvores,Random Forest Regressor,1.5,1.105,0.395
03_tree_ensembles,Arvores,Random Forest Regressor,2.5,4.835,-2.335
03_tree_ensembles,Arvores,Random Forest Regressor,0.5,0.5,0.0
03_tree_ensembles,Arvores,Random Forest Regressor,5.0,16.405,-11.405000000000001
03_tree_ensembles,Arvores,Random Forest Regressor,19.0,23.715,-4.715
03_tree_ensembles,Arvores,Random Forest Regressor,0.5,0.63,-0.13
03_tree_ensembles,Arvores,Random Forest Regressor,252.0,229.79,22.210000000000008
03_tree_ensembles,Arvores,Random Forest Regressor,0.5,0.505,-0.0050000000000000044
03_tree_ensembles,Arvores,Random Forest Regressor,8.5,14.7,-6.199999999999999
03_tree_ensembles,Arvores,Random Forest Regressor,806.0,503.95,302.05
03_tree_ensembles,Arvores,Random Forest Regressor,1.5,1.88,-0.3799999999999999
03_tree_ensembles,Arvores,Random Forest Regressor,2.0,2.03,-0.029999999999999805
03_tree_ensembles,Arvores,Random Forest Regressor,1.0,1.47,-0.47
03_tree_ensembles,Arvores,Random Forest Regressor,23.0,19.86,3.1400000000000006
03_tree_ensembles,Arvores,Random Forest Regressor,1.0,0.75,0.25
03_tree_ensembles,Arvores,Random Forest Regressor,1.0,1.195,-0.19500000000000006
03_tree_ensembles,Arvores,Random Forest Regressor,1.5,1.2,0.30000000000000004
03_tree_ensembles,Arvores,Random Forest Regressor,2.0,3.29,-1.29
03_tree_ensembles,Arvores,Random Forest Regressor,8.0,8.235,-0.23499999999999943
03_tree_ensembles,Arvores,Random Forest Regressor,1.0,0.735,0.265
03_tree_ensembles,Arvores,Random Forest Regressor,22.0,24.775,-2.7749999999999986
03_tree_ensembles,Arvores,Random Forest Regressor,4.5,3.555,0.9449999999999998
03_tree_ensembles,Arvores,Random Forest Regressor,5.0,3.615,1.3849999999999998
03_tree_ensembles,Arvores,Random Forest Regressor,0.5,0.805,-0.30500000000000005
03_tree_ensembles,Arvores,Random Forest Regressor,1.0,1.435,-0.43500000000000005
03_tree_ensembles,Arvores,Random Forest Regressor,0.5,0.505,-0.0050000000000000044
03_tree_ensembles,Arvores,Random Forest Regressor,6.5,7.815,-1.3150000000000004
03_tree_ensembles,Arvores,Random Forest Regressor,0.5,0.5,0.0
03_tree_ensembles,Arvores,Random Forest Regressor,1.0,1.565,-0.565
03_tree_ensembles,Arvores,Random Forest Regressor,8.5,6.17,2.33
03_tree_ensembles,Arvores,Random Forest Regressor,39.5,50.445,-10.945
03_tree_ensembles,Arvores,Random Forest Regressor,33.5,28.47,5.030000000000001
03_tree_ensembles,Arvores,Random Forest Regressor,2.0,1.595,0.405
03_tree_ensembles,Arvores,Random Forest Regressor,53.0,54.11,-1.1099999999999994
03_tree_ensembles,Arvores,Random Forest Regressor,1.5,1.275,0.2250000000000001
03_tree_ensembles,Arvores,Random Forest Regressor,24.0,19.775,4.225000000000001
03_tree_ensembles,Arvores,Random Forest Regressor,0.5,0.5,0.0
03_tree_ensembles,Arvores,Random Forest Regressor,1.5,1.2,0.30000000000000004
03_tree_ensembles,Arvores,Random Forest Regressor,11.5,8.985,2.5150000000000006
03_tree_ensembles,Arvores,Random Forest Regressor,2832.0,2143.55,688.4499999999998
03_tree_ensembles,Arvores,Random Forest Regressor,4.0,2.89,1.1099999999999999
03_tree_ensembles,Arvores,Random Forest Regressor,1.5,1.955,-0.45500000000000007
03_tree_ensembles,Arvores,Random Forest Regressor,0.5,0.505,-0.0050000000000000044
03_tree_ensembles,Arvores,Random Forest Regressor,1.0,0.505,0.495
03_tree_ensembles,Arvores,Random Forest Regressor,44.5,34.405,10.094999999999999
03_tree_ensembles,Arvores,Random Forest Regressor,18.5,21.795,-3.2950000000000017
03_tree_ensembles,Arvores,Random Forest Regressor,28.0,31.86,-3.8599999999999994
03_tree_ensembles,Arvores,Random Forest Regressor,0.5,0.5,0.0
03_tree_ensembles,Arvores,Random Forest Regressor,15.0,17.25,-2.25
03_tree_ensembles,Arvores,Random Forest Regressor,4.0,3.16,0.8399999999999999
03_tree_ensembles,Arvores,Random Forest Regressor,1.5,2.92,-1.42
03_tree_ensembles,Arvores,Random Forest Regressor,1.0,1.075,-0.07499999999999996
03_tree_ensembles,Arvores,Random Forest Regressor,1.0,1.525,-0.5249999999999999
03_tree_ensembles,Arvores,Random Forest Regressor,80.0,109.86,-29.86
03_tree_ensembles,Arvores,Random Forest Regressor,1.5,2.545,-1.045
03_tree_ensembles,Arvores,Random Forest Regressor,0.5,0.785,-0.28500000000000003
03_tree_ensembles,Arvores,Random Forest Regressor,3.0,2.8,0.20000000000000018
03_tree_ensembles,Arvores,Random Forest Regressor,0.5,0.5,0.0
03_tree_ensembles,Arvores,Random Forest Regressor,11.0,5.835,5.165
03_tree_ensembles,Arvores,Random Forest Regressor,5.5,7.215,-1.7149999999999999
03_tree_ensembles,Arvores,Random Forest Regressor,2.5,1.595,0.905
03_tree_ensembles,Arvores,Random Forest Regressor,3.5,3.06,0.43999999999999995
03_tree_ensembles,Arvores,Random Forest Regressor,543.0,469.16,73.83999999999997
03_tree_ensembles,Arvores,Random Forest Regressor,545.0,445.17,99.82999999999998
03_tree_ensembles,Arvores,Random Forest Regressor,10.0,10.955,-0.9550000000000001
03_tree_ensembles,Arvores,Random Forest Regressor,21.5,20.2,1.3000000000000007
03_tree_ensembles,Arvores,Random Forest Regressor,0.5,1.55,-1.05
03_tree_ensembles,Arvores,Random Forest Regressor,5.5,4.135,1.3650000000000002
03_tree_ensembles,Arvores,Random Forest Regressor,0.5,0.56,-0.06000000000000005
03_tree_ensembles,Arvores,Random Forest Regressor,46.0,33.915,12.085
03_tree_ensembles,Arvores,Random Forest Regressor,1.5,1.17,0.33000000000000007
03_tree_ensembles,Arvores,Random Forest Regressor,1.0,0.9,0.09999999999999998
03_tree_ensembles,Arvores,Random Forest Regressor,5.5,9.115,-3.615
03_tree_ensembles,Arvores,Random Forest Regressor,11.5,16.69,-5.190000000000001
03_tree_ensembles,Arvores,Random Forest Regressor,6.0,4.255,1.745
03_tree_ensembles,Arvores,Random Forest Regressor,1346.0,1482.09,-136.08999999999992
03_tree_ensembles,Arvores,Random Forest Regressor,0.5,0.5,0.0
03_tree_ensembles,Arvores,Random Forest Regressor,0.5,0.5,0.0
03_tree_ensembles,Arvores,Random Forest Regressor,2.0,1.35,0.6499999999999999
03_tree_ensembles,Arvores,Random Forest Regressor,0.5,0.59,-0.08999999999999997
03_tree_ensembles,Arvores,Random Forest Regressor,1.5,1.615,-0.11499999999999999
03_tree_ensembles,Arvores,Random Forest Regressor,19.5,22.12,-2.620000000000001
03_tree_ensembles,Arvores,Random Forest Regressor,0.5,0.5,0.0
03_tree_ensembles,Arvores,Random Forest Regressor,1.0,1.625,-0.625
03_tree_ensembles,Arvores,Random Forest Regressor,19.0,17.7,1.3000000000000007
03_tree_ensembles,Arvores,Random Forest Regressor,7.5,6.225,1.2750000000000004
03_tree_ensembles,Arvores,Random Forest Regressor,1.0,0.74,0.26
03_tree_ensembles,Arvores,Random Forest Regressor,0.5,0.805,-0.30500000000000005
03_tree_ensembles,Arvores,Random Forest Regressor,0.5,0.5,0.0
03_tree_ensembles,Arvores,Random Forest Regressor,1.5,2.03,-0.5299999999999998
03_tree_ensembles,Arvores,Random Forest Regressor,1.0,1.61,-0.6100000000000001
03_tree_ensembles,Arvores,Random Forest Regressor,0.5,0.59,-0.08999999999999997
03_tree_ensembles,Arvores,Random Forest Regressor,3.5,3.875,-0.375
03_tree_ensembles,Arvores,Random Forest Regressor,1.5,2.225,-0.7250000000000001
03_tree_ensembles,Arvores,Random Forest Regressor,43.5,44.595,-1.0949999999999989
03_tree_ensembles,Arvores,Random Forest Regressor,2.0,1.655,0.345
03_tree_ensembles,Arvores,Random Forest Regressor,1.5,1.44,0.06000000000000005
03_tree_ensembles,Arvores,Random Forest Regressor,1.0,1.035,-0.03499999999999992
03_tree_ensembles,Arvores,Random Forest Regressor,0.5,0.5,0.0
03_tree_ensembles,Arvores,Random Forest Regressor,0.5,0.505,-0.0050000000000000044
03_tree_ensembles,Arvores,Random Forest Regressor,0.5,0.5,0.0
03_tree_ensembles,Arvores,Random Forest Regressor,2.5,1.97,0.53
03_tree_ensembles,Arvores,Random Forest Regressor,0.5,0.675,-0.17500000000000004
03_tree_ensembles,Arvores,Random Forest Regressor,1.5,3.365,-1.8650000000000002
03_tree_ensembles,Arvores,Random Forest Regressor,0.5,0.5,0.0
03_tree_ensembles,Arvores,Random Forest Regressor,1.5,1.365,0.135
03_tree_ensembles,Arvores,Random Forest Regressor,86.5,86.45,0.04999999999999716
03_tree_ensembles,Arvores,Random Forest Regressor,3.5,4.46,-0.96
03_tree_ensembles,Arvores,Random Forest Regressor,20.5,83.01,-62.510000000000005
03_tree_ensembles,Arvores,Random Forest Regressor,13.5,11.5,2.0
03_tree_ensembles,Arvores,Random Forest Regressor,0.5,0.805,-0.30500000000000005
03_tree_ensembles,Arvores,Random Forest Regressor,0.5,0.515,-0.015000000000000013
03_tree_ensembles,Arvores,Random Forest Regressor,11.5,20.495,-8.995000000000001
03_tree_ensembles,Arvores,Random Forest Regressor,3.5,4.36,-0.8600000000000003
03_tree_ensembles,Arvores,Random Forest Regressor,6.5,9.63,-3.130000000000001
03_tree_ensembles,Arvores,Random Forest Regressor,0.5,0.775,-0.275
03_tree_ensembles,Arvores,Random Forest Regressor,3.5,2.325,1.1749999999999998
03_tree_ensembles,Arvores,Random Forest Regressor,0.5,0.54,-0.040000000000000036
