data_pedido,ingredient_id,qty,data_prevista,order_type
2023-01-02,ING0001,2.5,2023-01-05,emergencial
2023-01-02,ING0005,2.0,2023-01-05,emergencial
2023-01-02,ING0009,4.5,2023-01-05,emergencial
2023-01-02,ING0011,1.5,2023-01-05,emergencial
2023-01-02,ING0016,1.5,2023-01-05,emergencial
2023-01-02,ING0017,3.5,2023-01-05,emergencial
2023-01-02,ING0031,2.0,2023-01-07,emergencial
2023-01-02,ING0039,2.0,2023-01-03,emergencial
2023-01-02,ING0050,1.0,2023-01-05,emergencial
2023-01-02,ING0051,2.0,2023-01-04,emergencial
2023-01-02,ING0053,2.0,2023-01-05,emergencial
2023-01-02,ING0054,1.0,2023-01-04,emergencial
2023-01-02,ING0055,2.3008580083307217,2023-01-04,emergencial
2023-01-02,ING0058,3.0,2023-01-04,emergencial
2023-01-02,ING0064,2.0,2023-01-06,emergencial
2023-01-02,ING0065,2.0,2023-01-07,emergencial
2023-01-02,ING0067,1.5,2023-01-06,emergencial
2023-01-02,ING0068,1.5,2023-01-06,emergencial
2023-01-02,ING0072,1.5,2023-01-06,emergencial
2023-01-02,ING0073,1.5,2023-01-07,emergencial
2023-01-02,ING0074,3.7029322718124273,2023-01-06,emergencial
2023-01-02,ING0085,2.0,2023-01-04,emergencial
2023-01-02,ING0097,1.5,2023-01-04,emergencial
2023-01-02,ING0098,1.5,2023-01-03,emergencial
2023-01-02,ING0103,1.5,2023-01-03,emergencial
2023-01-02,ING0125,4.0,2023-01-06,emergencial
2023-01-02,ING0127,3.0,2023-01-06,emergencial
2023-01-02,ING0130,1.722103077522014,2023-01-06,emergencial
2023-01-02,ING0133,2.0,2023-01-07,emergencial
2023-01-02,ING0134,2.0,2023-01-06,emergencial
2023-01-02,ING0135,1.5,2023-01-06,emergencial
2023-01-02,ING0137,1.5,2023-01-06,emergencial
2023-01-02,ING0138,2.0,2023-01-09,emergencial
2023-01-02,ING0145,2.0,2023-01-06,emergencial
2023-01-02,ING0146,3.5,2023-01-07,emergencial
2023-01-02,ING0147,1.5,2023-01-06,emergencial
2023-01-02,ING0148,2.5,2023-01-07,emergencial
2023-01-02,ING0149,1.8936816563523655,2023-01-06,emergencial
2023-01-02,ING0150,2.5,2023-01-05,emergencial
2023-01-02,ING0151,2.5,2023-01-05,emergencial
2023-01-02,ING0156,1.5,2023-01-05,emergencial
2023-01-02,ING0168,3.0,2023-01-05,emergencial
2023-01-02,ING0199,1.5,2023-01-05,emergencial
2023-01-02,ING0223,2.0,2023-01-09,emergencial
2023-01-02,ING0225,2.0,2023-01-06,emergencial
2023-01-02,ING0226,1.5,2023-01-07,emergencial
2023-01-02,ING0227,1.5,2023-01-06,emergencial
2023-01-02,ING0229,1.4455800773256624,2023-01-06,emergencial
2023-01-02,ING0233,2.5,2023-01-06,emergencial
2023-01-02,ING0235,1.5,2023-01-06,emergencial
2023-01-02,ING0237,1.5,2023-01-06,emergencial
2023-01-02,ING0239,2.0,2023-01-06,emergencial
2023-01-02,ING0241,2.0,2023-01-06,emergencial
2023-01-02,ING0244,2.5,2023-01-06,emergencial
2023-01-03,ING0001,2.5,2023-01-06,emergencial
2023-01-03,ING0005,2.0,2023-01-06,emergencial
2023-01-03,ING0009,4.5,2023-01-06,emergencial
2023-01-03,ING0011,1.5,2023-01-06,emergencial
2023-01-03,ING0016,1.5,2023-01-06,emergencial
2023-01-03,ING0031,2.0,2023-01-07,emergencial
2023-01-03,ING0036,2.0,2023-01-04,emergencial
2023-01-03,ING0046,1.0,2023-01-05,emergencial
2023-01-03,ING0050,1.0,2023-01-05,emergencial
2023-01-03,ING0051,2.0,2023-01-05,emergencial
2023-01-03,ING0053,2.383160101088605,2023-01-07,emergencial
2023-01-03,ING0054,1.0,2023-01-05,emergencial
2023-01-03,ING0055,2.0,2023-01-08,emergencial
2023-01-03,ING0058,3.0,2023-01-07,emergencial
2023-01-03,ING0064,2.0,2023-01-07,emergencial
2023-01-03,ING0065,2.0,2023-01-07,emergencial
2023-01-03,ING0067,1.5,2023-01-07,emergencial
2023-01-03,ING0068,1.5,2023-01-07,emergencial
2023-01-03,ING0072,1.5,2023-01-08,emergencial
2023-01-03,ING0073,1.5,2023-01-07,emergencial
2023-01-03,ING0074,4.0,2023-01-07,emergencial
2023-01-03,ING0085,2.0,2023-01-05,emergencial
2023-01-03,ING0097,1.5,2023-01-05,emergencial
2023-01-03,ING0125,4.0,2023-01-07,emergencial
2023-01-03,ING0127,3.0,2023-01-07,emergencial
2023-01-03,ING0130,1.5,2023-01-07,emergencial
2023-01-03,ING0133,2.0,2023-01-08,emergencial
2023-01-03,ING0134,2.0,2023-01-07,emergencial
2023-01-03,ING0135,1.5,2023-01-07,emergencial
2023-01-03,ING0137,1.5,2023-01-07,emergencial
2023-01-03,ING0138,2.0,2023-01-07,emergencial
2023-01-03,ING0145,2.0,2023-01-07,emergencial
2023-01-03,ING0146,3.5,2023-01-07,emergencial
2023-01-03,ING0147,1.5,2023-01-07,emergencial
2023-01-03,ING0148,2.5,2023-01-07,emergencial
2023-01-03,ING0149,2.0,2023-01-07,emergencial
2023-01-03,ING0150,2.5,2023-01-06,emergencial
2023-01-03,ING0151,2.5,2023-01-06,emergencial
2023-01-03,ING0156,1.5,2023-01-06,emergencial
2023-01-03,ING0168,3.5,2023-01-06,emergencial
2023-01-03,ING0199,1.5,2023-01-06,emergencial
2023-01-03,ING0223,2.0,2023-01-07,emergencial
2023-01-03,ING0225,2.0,2023-01-07,emergencial
2023-01-03,ING0226,1.5,2023-01-07,emergencial
2023-01-03,ING0227,1.5,2023-01-07,emergencial
2023-01-03,ING0229,1.5,2023-01-07,emergencial
2023-01-03,ING0233,2.5,2023-01-07,emergencial
2023-01-03,ING0235,1.5,2023-01-07,emergencial
2023-01-03,ING0237,1.5,2023-01-07,emergencial
2023-01-03,ING0239,2.0,2023-01-07,emergencial
2023-01-03,ING0241,2.0,2023-01-07,emergencial
2023-01-03,ING0244,2.5,2023-01-07,emergencial
2023-01-04,ING0001,2.5,2023-01-07,emergencial
2023-01-04,ING0003,3.0,2023-01-07,emergencial
2023-01-04,ING0005,2.0,2023-01-07,emergencial
2023-01-04,ING0009,4.5,2023-01-07,emergencial
2023-01-04,ING0011,1.5,2023-01-15,emergencial
2023-01-04,ING0016,1.5,2023-01-07,emergencial
2023-01-04,ING0024,8.5,2023-01-07,emergencial
2023-01-04,ING0031,2.0,2023-01-08,emergencial
2023-01-04,ING0034,3.0,2023-01-05,emergencial
2023-01-04,ING0046,1.0,2023-01-05,emergencial
2023-01-04,ING0047,1.5,2023-01-05,emergencial
2023-01-04,ING0050,1.0,2023-01-06,emergencial
2023-01-04,ING0053,2.0,2023-01-06,emergencial
2023-01-04,ING0064,2.0,2023-01-08,emergencial
2023-01-04,ING0065,2.0,2023-01-19,emergencial
2023-01-04,ING0067,1.5,2023-01-08,emergencial
2023-01-04,ING0068,2.0,2023-01-08,emergencial
2023-01-04,ING0072,1.5,2023-01-08,emergencial
2023-01-04,ING0073,1.5,2023-01-08,emergencial
2023-01-04,ING0074,4.0,2023-01-08,emergencial
2023-01-04,ING0101,1.0,2023-01-05,emergencial
2023-01-04,ING0125,4.0,2023-01-08,emergencial
2023-01-04,ING0127,3.0,2023-01-08,emergencial
2023-01-04,ING0130,1.5,2023-01-08,emergencial
2023-01-04,ING0133,2.0,2023-01-08,emergencial
2023-01-04,ING0134,2.0,2023-01-08,emergencial
2023-01-04,ING0135,1.5,2023-01-08,emergencial
2023-01-04,ING0137,1.5,2023-01-09,emergencial
2023-01-04,ING0138,2.0,2023-01-08,emergencial
2023-01-04,ING0145,2.0,2023-01-08,emergencial
2023-01-04,ING0146,3.3650340080348697,2023-01-08,emergencial
2023-01-04,ING0147,1.5,2023-01-08,emergencial
2023-01-04,ING0148,2.5,2023-01-08,emergencial
2023-01-04,ING0149,2.0,2023-01-08,emergencial
2023-01-04,ING0150,2.5,2023-01-07,emergencial
2023-01-04,ING0151,2.5,2023-01-11,emergencial
2023-01-04,ING0156,1.5,2023-01-07,emergencial
2023-01-04,ING0168,3.5,2023-01-07,emergencial
2023-01-04,ING0199,2.0,2023-01-08,emergencial
2023-01-04,ING0223,2.0,2023-01-08,emergencial
2023-01-04,ING0225,2.0,2023-01-08,emergencial
2023-01-04,ING0226,1.5,2023-01-08,emergencial
2023-01-04,ING0227,1.5,2023-01-08,emergencial
2023-01-04,ING0229,1.5,2023-01-08,emergencial
2023-01-04,ING0233,2.5,2023-01-08,emergencial
2023-01-04,ING0235,1.5,2023-01-08,emergencial
2023-01-04,ING0237,1.5,2023-01-08,emergencial
2023-01-04,ING0239,2.0,2023-01-08,emergencial
2023-01-04,ING0241,2.0,2023-01-08,emergencial
2023-01-04,ING0244,2.5,2023-01-08,emergencial
2023-01-05,ING0003,3.5,2023-01-09,emergencial
2023-01-05,ING0031,2.499049301183359,2023-01-09,emergencial
2023-01-05,ING0064,2.0,2023-01-09,emergencial
2023-01-05,ING0065,1.801937098058378,2023-01-20,emergencial
2023-01-05,ING0067,1.5,2023-01-09,emergencial
2023-01-05,ING0068,2.0,2023-01-11,emergencial
2023-01-05,ING0072,1.5,2023-01-10,emergencial
2023-01-05,ING0073,1.5,2023-01-09,emergencial
2023-01-05,ING0125,4.0,2023-01-09,emergencial
2023-01-05,ING0127,3.0,2023-01-10,emergencial
2023-01-05,ING0130,1.5,2023-01-09,emergencial
2023-01-05,ING0133,2.0,2023-01-09,emergencial
2023-01-05,ING0134,2.0,2023-01-09,emergencial
2023-01-05,ING0135,1.5,2023-01-12,emergencial
2023-01-05,ING0137,1.5,2023-01-09,emergencial
2023-01-05,ING0138,2.0,2023-01-09,emergencial
2023-01-05,ING0145,2.0,2023-01-09,emergencial
2023-01-05,ING0146,3.5,2023-01-09,emergencial
2023-01-05,ING0147,1.5,2023-01-10,emergencial
2023-01-05,ING0148,2.5,2023-01-09,emergencial
2023-01-05,ING0149,2.0,2023-01-09,emergencial
2023-01-05,ING0223,2.0,2023-01-09,emergencial
2023-01-05,ING0225,2.0,2023-01-10,emergencial
2023-01-05,ING0226,1.5,2023-01-09,emergencial
2023-01-05,ING0227,1.5,2023-01-09,emergencial
2023-01-05,ING0229,1.5,2023-01-09,emergencial
2023-01-05,ING0233,2.784515283815496,2023-01-09,emergencial
2023-01-05,ING0235,1.5,2023-01-09,emergencial
2023-01-05,ING0237,1.5,2023-01-12,emergencial
2023-01-05,ING0239,2.0,2023-01-09,emergencial
2023-01-05,ING0241,2.0,2023-01-09,emergencial
2023-01-05,ING0244,2.5,2023-01-16,emergencial
2023-01-06,ING0003,3.5,2023-01-09,sexta
2023-01-06,ING0007,1.0,2023-01-09,sexta
2023-01-06,ING0011,0.5,2023-01-19,sexta
2023-01-06,ING0016,0.5,2023-01-16,sexta
2023-01-06,ING0019,649.0866315621477,2023-01-09,sexta
2023-01-06,ING0024,11.5,2023-01-09,sexta
2023-01-06,ING0027,0.5,2023-01-10,sexta
2023-01-06,ING0028,7.5,2023-01-10,sexta
2023-01-06,ING0031,2.0,2023-01-12,sexta
2023-01-06,ING0036,1.5,2023-01-08,sexta
2023-01-06,ING0037,1.6324462346907862,2023-01-07,sexta
2023-01-06,ING0039,1.0,2023-01-09,sexta
2023-01-06,ING0041,2.0,2023-01-07,sexta
2023-01-06,ING0044,1.5,2023-01-07,sexta
2023-01-06,ING0045,16.0,2023-01-09,sexta
2023-01-06,ING0046,0.5,2023-01-09,sexta
2023-01-06,ING0047,1.0,2023-01-07,sexta
2023-01-06,ING0048,6.0,2023-01-08,sexta
2023-01-06,ING0049,0.5,2023-01-09,sexta
2023-01-06,ING0050,0.5,2023-01-08,sexta
2023-01-06,ING0054,0.5,2023-01-08,sexta
2023-01-06,ING0055,0.5,2023-01-13,sexta
2023-01-06,ING0058,1.5,2023-01-10,sexta
2023-01-06,ING0061,3.0,2023-01-10,sexta
2023-01-06,ING0064,1.0,2023-01-10,sexta
2023-01-06,ING0065,2.0,2023-01-21,sexta
2023-01-06,ING0067,1.0,2023-01-10,sexta
2023-01-06,ING0068,1.0,2023-01-10,sexta
2023-01-06,ING0072,1.0,2023-01-10,sexta
2023-01-06,ING0073,1.5,2023-01-10,sexta
2023-01-06,ING0079,31.715693273050206,2023-01-08,sexta
2023-01-06,ING0097,0.5,2023-01-13,sexta
2023-01-06,ING0098,0.5,2023-01-07,sexta
2023-01-06,ING0099,2.5,2023-01-07,sexta
2023-01-06,ING0100,1.5,2023-01-07,sexta
2023-01-06,ING0101,0.5,2023-01-07,sexta
2023-01-06,ING0103,0.5,2023-01-10,sexta
2023-01-06,ING0105,0.5,2023-01-07,sexta
2023-01-06,ING0108,1.5,2023-01-07,sexta
2023-01-06,ING0109,2.5,2023-01-08,sexta
2023-01-06,ING0112,1.0,2023-01-07,sexta
2023-01-06,ING0113,2.0,2023-01-07,sexta
2023-01-06,ING0114,1.5,2023-01-07,sexta
2023-01-06,ING0116,1.5,2023-01-09,sexta
2023-01-06,ING0117,1.0,2023-01-07,sexta
2023-01-06,ING0124,0.5,2023-01-10,sexta
2023-01-06,ING0125,2.0,2023-01-10,sexta
2023-01-06,ING0126,13.0,2023-01-16,sexta
2023-01-06,ING0127,1.5,2023-01-10,sexta
2023-01-06,ING0128,1.5,2023-01-10,sexta
2023-01-06,ING0130,0.5,2023-01-10,sexta
2023-01-06,ING0132,14.374470221745831,2023-01-11,sexta
2023-01-06,ING0133,2.0,2023-01-13,sexta
2023-01-06,ING0134,0.8579096092596573,2023-01-10,sexta
2023-01-06,ING0135,0.5,2023-01-10,sexta
2023-01-06,ING0137,1.0,2023-01-16,sexta
2023-01-06,ING0138,2.0,2023-01-10,sexta
2023-01-06,ING0139,7.0,2023-01-10,sexta
2023-01-06,ING0145,1.0,2023-01-10,sexta
2023-01-06,ING0146,3.5,2023-01-10,sexta
2023-01-06,ING0147,0.5,2023-01-10,sexta
2023-01-06,ING0148,2.5,2023-01-10,sexta
2023-01-06,ING0149,1.0,2023-01-10,sexta
2023-01-06,ING0152,0.5,2023-01-09,sexta
2023-01-06,ING0156,0.5,2023-01-09,sexta
2023-01-06,ING0157,4.5,2023-01-10,sexta
2023-01-06,ING0165,1.0,2023-01-09,sexta
2023-01-06,ING0166,0.4477590190484105,2023-01-13,sexta
2023-01-06,ING0174,12.5,2023-01-10,sexta
2023-01-06,ING0178,3.0898695420419733,2023-01-09,sexta
2023-01-06,ING0191,18.5,2023-01-09,sexta
2023-01-06,ING0199,0.5,2023-01-09,sexta
2023-01-06,ING0206,54.0,2023-01-09,sexta
2023-01-06,ING0223,2.0,2023-01-10,sexta
2023-01-06,ING0225,1.0,2023-01-10,sexta
2023-01-06,ING0226,1.5,2023-01-10,sexta
2023-01-06,ING0227,1.0,2023-01-10,sexta
2023-01-06,ING0228,1.5,2023-01-12,sexta
2023-01-06,ING0229,1.0,2023-01-10,sexta
2023-01-06,ING0230,38.0,2023-01-13,sexta
2023-01-06,ING0231,0.5,2023-01-10,sexta
2023-01-06,ING0232,4.5,2023-01-14,sexta
2023-01-06,ING0233,1.0,2023-01-10,sexta
2023-01-06,ING0235,1.0,2023-01-10,sexta
2023-01-06,ING0237,0.5,2023-01-10,sexta
2023-01-06,ING0238,3.5,2023-01-10,sexta
2023-01-06,ING0239,1.0,2023-01-10,sexta
2023-01-06,ING0240,1.0,2023-01-11,sexta
2023-01-06,ING0241,1.0,2023-01-10,sexta
2023-01-06,ING0243,1.0,2023-01-10,sexta
2023-01-06,ING0244,1.0,2023-01-15,sexta
2023-01-09,ING0028,14.5,2023-01-13,emergencial
2023-01-09,ING0061,20.363973153346137,2023-01-16,emergencial
2023-01-09,ING0126,19.5,2023-01-18,emergencial
2023-01-09,ING0128,5.5,2023-01-13,emergencial
2023-01-09,ING0139,12.0,2023-01-13,emergencial
2023-01-09,ING0157,10.5,2023-01-13,emergencial
2023-01-09,ING0160,3.7065277734637436,2023-01-12,emergencial
2023-01-09,ING0174,32.5,2023-01-12,emergencial
2023-01-09,ING0181,3.0,2023-01-12,emergencial
2023-01-09,ING0218,105.0,2023-01-12,emergencial
2023-01-09,ING0230,53.0,2023-01-13,emergencial
2023-01-09,ING0232,10.0,2023-01-15,emergencial
2023-01-09,ING0238,9.0,2023-01-13,emergencial
2023-01-09,ING0243,2.0,2023-01-22,emergencial
2023-01-10,ING0126,20.0,2023-01-14,emergencial
2023-01-10,ING0128,5.0,2023-01-14,emergencial
2023-01-10,ING0160,3.7065277734637436,2023-01-13,emergencial
2023-01-10,ING0181,4.5,2023-01-13,emergencial
2023-01-10,ING0191,29.5,2023-01-13,emergencial
2023-01-10,ING0218,120.5,2023-01-13,emergencial
2023-01-10,ING0230,53.5,2023-01-14,emergencial
2023-01-10,ING0232,9.0,2023-01-16,emergencial
2023-01-11,ING0002,5.0,2023-01-14,emergencial
2023-01-11,ING0008,17.5,2023-01-14,emergencial
2023-01-11,ING0049,19.5,2023-01-13,emergencial
2023-01-11,ING0098,1.5,2023-01-12,emergencial
2023-01-11,ING0126,19.5,2023-01-16,emergencial
2023-01-11,ING0128,5.5,2023-01-15,emergencial
2023-01-11,ING0136,2.0,2023-01-24,emergencial
2023-01-11,ING0157,9.761624271237745,2023-01-15,emergencial
2023-01-11,ING0160,6.177546289106239,2023-01-16,emergencial
2023-01-11,ING0174,21.5,2023-01-14,emergencial
2023-01-11,ING0181,3.9002170887924836,2023-01-14,emergencial
2023-01-11,ING0191,33.0,2023-01-14,emergencial
2023-01-11,ING0218,106.0,2023-01-14,emergencial
2023-01-11,ING0230,53.0,2023-01-15,emergencial
2023-01-11,ING0232,9.5,2023-01-17,emergencial
2023-01-12,ING0002,6.5,2023-01-18,emergencial
2023-01-12,ING0008,20.5,2023-01-15,emergencial
2023-01-12,ING0028,13.5,2023-01-16,emergencial
2023-01-12,ING0038,5.5,2023-01-13,emergencial
2023-01-12,ING0049,19.5,2023-01-16,emergencial
2023-01-12,ING0098,1.5,2023-01-13,emergencial
2023-01-12,ING0105,1.5,2023-01-13,emergencial
2023-01-12,ING0126,18.0,2023-01-16,emergencial
2023-01-12,ING0128,7.0,2023-01-16,emergencial
2023-01-12,ING0136,2.0,2023-01-27,emergencial
2023-01-12,ING0157,10.0,2023-01-15,emergencial
2023-01-12,ING0167,90.0,2023-01-15,emergencial
2023-01-12,ING0191,46.5,2023-01-15,emergencial
2023-01-12,ING0230,52.5,2023-01-16,emergencial
2023-01-12,ING0232,11.5,2023-01-19,emergencial
2023-01-13,ING0002,6.5,2023-01-16,sexta
2023-01-13,ING0007,1.5,2023-01-16,sexta
2023-01-13,ING0008,21.0,2023-01-17,sexta
2023-01-13,ING0010,1.0,2023-01-16,sexta
2023-01-13,ING0011,0.5,2023-01-16,sexta
2023-01-13,ING0012,9.652515604141588,2023-01-16,sexta
2023-01-13,ING0015,381.0,2023-01-16,sexta
2023-01-13,ING0017,1.5,2023-01-18,sexta
2023-01-13,ING0018,4.0,2023-01-16,sexta
2023-01-13,ING0023,253.0,2023-01-17,sexta
2023-01-13,ING0026,2.5,2023-01-25,sexta
2023-01-13,ING0027,1.5,2023-01-17,sexta
2023-01-13,ING0028,0.5,2023-01-17,sexta
2023-01-13,ING0030,3.5,2023-01-17,sexta
2023-01-13,ING0035,1.5,2023-01-14,sexta
2023-01-13,ING0036,1.5,2023-01-14,sexta
2023-01-13,ING0039,0.5,2023-01-14,sexta
2023-01-13,ING0040,9.0,2023-01-16,sexta
2023-01-13,ING0041,0.9611659438303121,2023-01-14,sexta
2023-01-13,ING0043,11.0,2023-01-14,sexta
2023-01-13,ING0044,0.5,2023-01-15,sexta
2023-01-13,ING0045,28.5,2023-01-14,sexta
2023-01-13,ING0046,0.5,2023-01-14,sexta
2023-01-13,ING0047,0.5,2023-01-14,sexta
2023-01-13,ING0050,0.5,2023-01-15,sexta
2023-01-13,ING0052,28.0,2023-01-15,sexta
2023-01-13,ING0054,0.5,2023-01-15,sexta
2023-01-13,ING0056,6.5,2023-01-15,sexta
2023-01-13,ING0057,140.0,2023-01-15,sexta
2023-01-13,ING0059,2.0,2023-01-17,sexta
2023-01-13,ING0060,14.0,2023-01-20,sexta
2023-01-13,ING0063,16.5,2023-01-17,sexta
2023-01-13,ING0065,0.5,2023-01-17,sexta
2023-01-13,ING0066,115.0,2023-01-17,sexta
2023-01-13,ING0070,10.0,2023-01-19,sexta
2023-01-13,ING0071,19.5,2023-01-17,sexta
2023-01-13,ING0075,1.0,2023-01-15,sexta
2023-01-13,ING0076,29.0,2023-01-15,sexta
2023-01-13,ING0078,2.5,2023-01-15,sexta
2023-01-13,ING0084,48.0,2023-01-15,sexta
2023-01-13,ING0085,0.5,2023-01-15,sexta
2023-01-13,ING0087,3.9402692962310777,2023-01-15,sexta
2023-01-13,ING0088,52.5,2023-01-15,sexta
2023-01-13,ING0090,3.0,2023-01-15,sexta
2023-01-13,ING0091,8.0,2023-01-15,sexta
2023-01-13,ING0092,12.5,2023-01-15,sexta
2023-01-13,ING0095,17.0,2023-01-15,sexta
2023-01-13,ING0096,1.0,2023-01-15,sexta
2023-01-13,ING0097,0.5,2023-01-15,sexta
2023-01-13,ING0098,0.5,2023-01-14,sexta
2023-01-13,ING0099,1.5,2023-01-14,sexta
2023-01-13,ING0100,1.5,2023-01-14,sexta
2023-01-13,ING0101,0.5,2023-01-15,sexta
2023-01-13,ING0102,2.0,2023-01-16,sexta
2023-01-13,ING0103,0.5,2023-01-15,sexta
2023-01-13,ING0106,0.5,2023-01-16,sexta
2023-01-13,ING0108,1.0,2023-01-16,sexta
2023-01-13,ING0109,1.0,2023-01-14,sexta
2023-01-13,ING0111,8.0,2023-01-14,sexta
2023-01-13,ING0112,0.5,2023-01-15,sexta
2023-01-13,ING0113,1.0,2023-01-15,sexta
2023-01-13,ING0117,0.5,2023-01-14,sexta
2023-01-13,ING0122,29.0,2023-01-17,sexta
2023-01-13,ING0124,1.0,2023-01-17,sexta
2023-01-13,ING0126,17.82757708010063,2023-01-17,sexta
2023-01-13,ING0128,0.5,2023-01-17,sexta
2023-01-13,ING0131,2.0,2023-01-17,sexta
2023-01-13,ING0136,2.208922535688985,2023-01-29,sexta
2023-01-13,ING0142,6.0,2023-01-17,sexta
2023-01-13,ING0152,1.5,2023-01-16,sexta
2023-01-13,ING0157,3.5,2023-01-16,sexta
2023-01-13,ING0163,945.0,2023-01-14,sexta
2023-01-13,ING0164,1.5,2023-01-16,sexta
2023-01-13,ING0165,4.0,2023-01-16,sexta
2023-01-13,ING0167,94.5,2023-01-18,sexta
2023-01-13,ING0169,0.5,2023-01-16,sexta
2023-01-13,ING0171,25.5,2023-01-16,sexta
2023-01-13,ING0188,63.0,2023-01-16,sexta
2023-01-13,ING0195,1.0,2023-01-16,sexta
2023-01-13,ING0203,4.5,2023-01-16,sexta
2023-01-13,ING0206,73.0,2023-01-16,sexta
2023-01-13,ING0211,50.0,2023-01-17,sexta
2023-01-13,ING0221,9.0,2023-01-17,sexta
2023-01-13,ING0228,1.0,2023-01-19,sexta
2023-01-13,ING0231,1.5,2023-01-17,sexta
2023-01-13,ING0232,12.5,2023-01-19,sexta
2023-01-13,ING0234,0.5,2023-01-17,sexta
2023-01-13,ING0238,1.1334200707305622,2023-01-18,sexta
2023-01-13,ING0240,2.0,2023-01-18,sexta
2023-01-13,ING0243,1.5,2023-01-17,sexta
2023-01-16,ING0023,388.0,2023-01-19,emergencial
2023-01-16,ING0026,3.0,2023-01-20,emergencial
2023-01-16,ING0027,2.0,2023-01-20,emergencial
2023-01-16,ING0030,6.5,2023-01-20,emergencial
2023-01-16,ING0059,2.5,2023-01-20,emergencial
2023-01-16,ING0060,16.0,2023-01-20,emergencial
2023-01-16,ING0063,26.0,2023-01-23,emergencial
2023-01-16,ING0066,166.5,2023-01-20,emergencial
2023-01-16,ING0070,14.0,2023-01-25,emergencial
2023-01-16,ING0071,18.0,2023-01-21,emergencial
2023-01-16,ING0094,3.5,2023-01-18,emergencial
2023-01-16,ING0100,2.0,2023-01-17,emergencial
2023-01-16,ING0122,42.0,2023-01-20,emergencial
2023-01-16,ING0124,1.0,2023-01-20,emergencial
2023-01-16,ING0131,3.5,2023-01-20,emergencial
2023-01-16,ING0136,2.0,2023-01-22,emergencial
2023-01-16,ING0142,10.0,2023-01-20,emergencial
2023-01-16,ING0189,2.0,2023-01-19,emergencial
2023-01-16,ING0211,72.0,2023-01-19,emergencial
2023-01-16,ING0214,311.0,2023-01-19,emergencial
2023-01-16,ING0231,2.5,2023-01-20,emergencial
2023-01-16,ING0234,1.0,2023-01-20,emergencial
2023-01-16,ING0236,382.92655008202615,2023-01-20,emergencial
2023-01-16,ING0240,3.0,2023-01-20,emergencial
2023-01-17,ING0010,238.0,2023-01-20,emergencial
2023-01-17,ING0026,3.5,2023-01-21,emergencial
2023-01-17,ING0060,16.0,2023-01-21,emergencial
2023-01-17,ING0070,15.0,2023-01-25,emergencial
2023-01-17,ING0076,24.5,2023-01-19,emergencial
2023-01-17,ING0089,29.0,2023-01-19,emergencial
2023-01-17,ING0094,5.5,2023-01-20,emergencial
2023-01-17,ING0100,2.0,2023-01-18,emergencial
2023-01-17,ING0136,2.0,2023-01-21,emergencial
2023-01-17,ING0189,2.5,2023-01-20,emergencial
2023-01-17,ING0214,301.0,2023-01-20,emergencial
2023-01-17,ING0240,3.0,2023-01-21,emergencial
2023-01-18,ING0026,4.0,2023-01-22,emergencial
2023-01-18,ING0060,48.58291205655329,2023-01-22,emergencial
2023-01-18,ING0070,15.0,2023-01-29,emergencial
2023-01-18,ING0076,29.5,2023-01-21,emergencial
2023-01-18,ING0088,75.5,2023-01-21,emergencial
2023-01-18,ING0089,33.0,2023-01-20,emergencial
2023-01-18,ING0092,21.0,2023-01-20,emergencial
2023-01-18,ING0136,2.0,2023-01-28,emergencial
2023-01-18,ING0189,3.0,2023-01-21,emergencial
2023-01-18,ING0214,324.0,2023-01-21,emergencial
2023-01-19,ING0004,71.5,2023-01-22,emergencial
2023-01-19,ING0010,317.0,2023-01-22,emergencial
2023-01-19,ING0024,14.0,2023-01-22,emergencial
2023-01-19,ING0026,4.5,2023-01-23,emergencial
2023-01-19,ING0060,47.10505462312766,2023-01-23,emergencial
2023-01-19,ING0088,84.5,2023-01-21,emergencial
2023-01-19,ING0092,23.0,2023-01-21,emergencial
2023-01-19,ING0115,2.5,2023-01-20,emergencial
2023-01-19,ING0136,2.0,2023-01-29,emergencial
2023-01-20,ING0004,86.12176233100321,2023-01-23,sexta
2023-01-20,ING0006,77.5,2023-01-24,sexta
2023-01-20,ING0007,2.0,2023-01-23,sexta
2023-01-20,ING0010,89.0,2023-01-23,sexta
2023-01-20,ING0012,8.0,2023-01-23,sexta
2023-01-20,ING0015,212.0,2023-01-23,sexta
2023-01-20,ING0018,28.5,2023-01-26,sexta
2023-01-20,ING0024,18.5,2023-01-23,sexta
2023-01-20,ING0028,0.5,2023-01-24,sexta
2023-01-20,ING0029,0.4660579763308449,2023-01-24,sexta
2023-01-20,ING0030,0.5,2023-01-24,sexta
2023-01-20,ING0034,4.5,2023-01-21,sexta
2023-01-20,ING0035,2.0,2023-01-21,sexta
2023-01-20,ING0036,2.0,2023-01-21,sexta
2023-01-20,ING0038,5.488271992897938,2023-01-21,sexta
2023-01-20,ING0039,0.5,2023-01-23,sexta
2023-01-20,ING0041,0.5,2023-01-21,sexta
2023-01-20,ING0042,1.0,2023-01-22,sexta
2023-01-20,ING0044,0.5,2023-01-22,sexta
2023-01-20,ING0045,49.0,2023-01-21,sexta
2023-01-20,ING0046,0.5,2023-01-21,sexta
2023-01-20,ING0047,0.5,2023-01-21,sexta
2023-01-20,ING0051,0.5,2023-01-26,sexta
2023-01-20,ING0052,27.5,2023-01-22,sexta
2023-01-20,ING0054,0.5,2023-01-22,sexta
2023-01-20,ING0056,16.0,2023-01-27,sexta
2023-01-20,ING0063,15.0,2023-01-24,sexta
2023-01-20,ING0069,10.0,2023-01-24,sexta
2023-01-20,ING0070,11.5,2023-01-24,sexta
2023-01-20,ING0071,11.0,2023-01-24,sexta
2023-01-20,ING0075,2.0,2023-01-22,sexta
2023-01-20,ING0076,24.0,2023-01-22,sexta
2023-01-20,ING0078,6.0,2023-01-22,sexta
2023-01-20,ING0081,7.0,2023-01-22,sexta
2023-01-20,ING0083,3.0,2023-01-22,sexta
2023-01-20,ING0084,27.0,2023-01-22,sexta
2023-01-20,ING0088,95.0,2023-01-22,sexta
2023-01-20,ING0092,5.5,2023-01-22,sexta
2023-01-20,ING0096,4.5,2023-01-22,sexta
2023-01-20,ING0098,0.5,2023-01-22,sexta
2023-01-20,ING0100,1.0,2023-01-21,sexta
2023-01-20,ING0101,0.5,2023-01-21,sexta
2023-01-20,ING0104,4.0,2023-01-21,sexta
2023-01-20,ING0105,2.5,2023-01-21,sexta
2023-01-20,ING0106,2.5,2023-01-21,sexta
2023-01-20,ING0108,0.5,2023-01-21,sexta
2023-01-20,ING0110,8.980869585414133,2023-01-21,sexta
2023-01-20,ING0112,0.5,2023-01-24,sexta
2023-01-20,ING0113,0.5,2023-01-21,sexta
2023-01-20,ING0115,1.0,2023-01-21,sexta
2023-01-20,ING0116,2.5,2023-01-21,sexta
2023-01-20,ING0121,1.5,2023-01-24,sexta
2023-01-20,ING0136,2.0,2023-01-30,sexta
2023-01-20,ING0143,5.5,2023-01-24,sexta
2023-01-20,ING0152,3.0,2023-01-23,sexta
2023-01-20,ING0163,1465.0,2023-01-21,sexta
2023-01-20,ING0164,3.0,2023-01-23,sexta
2023-01-20,ING0165,3.5,2023-01-23,sexta
2023-01-20,ING0169,5.0,2023-01-23,sexta
2023-01-20,ING0171,47.0,2023-01-23,sexta
2023-01-20,ING0172,10.0,2023-01-26,sexta
2023-01-20,ING0178,297.0,2023-01-23,sexta
2023-01-20,ING0183,1.5,2023-01-23,sexta
2023-01-20,ING0188,77.0,2023-01-23,sexta
2023-01-20,ING0203,6.5,2023-01-23,sexta
2023-01-20,ING0204,1.0,2023-01-23,sexta
2023-01-20,ING0205,1.0,2023-01-23,sexta
2023-01-20,ING0206,126.5,2023-01-23,sexta
2023-01-20,ING0221,10.0,2023-01-24,sexta
2023-01-20,ING0224,1.5,2023-01-24,sexta
2023-01-20,ING0228,1.5,2023-01-26,sexta
2023-01-20,ING0238,7.933940495113935,2023-01-29,sexta
2023-01-23,ING0006,120.5,2023-01-26,emergencial
2023-01-23,ING0043,29.0,2023-01-24,emergencial
2023-01-23,ING0056,18.0,2023-01-30,emergencial
2023-01-23,ING0069,13.0,2023-02-07,emergencial
2023-01-23,ING0070,14.0,2023-01-27,emergencial
2023-01-23,ING0098,1.5,2023-01-25,emergencial
2023-01-23,ING0106,2.5,2023-01-24,emergencial
2023-01-23,ING0111,8.5,2023-01-24,emergencial
2023-01-23,ING0139,12.0,2023-01-27,emergencial
2023-01-23,ING0143,4.5,2023-01-27,emergencial
2023-01-23,ING0160,4.5,2023-01-29,emergencial
2023-01-23,ING0172,10.5,2023-01-26,emergencial
2023-01-23,ING0190,37.82067931408996,2023-01-26,emergencial
2023-01-23,ING0221,19.0,2023-01-27,emergencial
2023-01-23,ING0224,4.5,2023-01-27,emergencial
2023-01-23,ING0238,29.468921838994618,2023-02-01,emergencial
2023-01-24,ING0002,10.5,2023-01-27,emergencial
2023-01-24,ING0018,103.0,2023-01-27,emergencial
2023-01-24,ING0056,24.5,2023-01-31,emergencial
2023-01-24,ING0098,1.5,2023-01-28,emergencial
2023-01-24,ING0106,3.0,2023-01-26,emergencial
2023-01-24,ING0139,25.0,2023-01-28,emergencial
2023-01-24,ING0160,5.0,2023-01-27,emergencial
2023-01-24,ING0172,14.0,2023-01-27,emergencial
2023-01-24,ING0190,53.82173594697417,2023-01-27,emergencial
2023-01-24,ING0238,56.67100353652811,2023-02-02,emergencial
2023-01-25,ING0002,10.5,2023-01-28,emergencial
2023-01-25,ING0018,121.0,2023-01-29,emergencial
2023-01-25,ING0029,8.5,2023-01-29,emergencial
2023-01-25,ING0056,25.5,2023-02-01,emergencial
2023-01-25,ING0092,28.45291889588084,2023-01-27,emergencial
2023-01-25,ING0106,3.5,2023-01-26,emergencial
2023-01-25,ING0115,4.5,2023-01-26,emergencial
2023-01-25,ING0139,26.0,2023-01-29,emergencial
2023-01-25,ING0160,5.5,2023-01-31,emergencial
2023-01-25,ING0172,13.5,2023-01-28,emergencial
2023-01-25,ING0217,95.25435166531055,2023-01-28,emergencial
2023-01-25,ING0228,3.5,2023-01-31,emergencial
2023-01-25,ING0238,24.5,2023-02-03,emergencial
2023-01-26,ING0002,11.13185955639672,2023-01-29,emergencial
2023-01-26,ING0029,9.0,2023-01-31,emergencial
2023-01-26,ING0056,25.5,2023-01-28,emergencial
2023-01-26,ING0066,210.0,2023-01-30,emergencial
2023-01-26,ING0092,31.5,2023-01-28,emergencial
2023-01-26,ING0139,27.5,2023-01-30,emergencial
2023-01-26,ING0160,5.5,2023-01-29,emergencial
2023-01-26,ING0238,26.0,2023-02-04,emergencial
2023-01-27,ING0002,1.0,2023-01-30,sexta
2023-01-27,ING0003,4.5,2023-01-30,sexta
2023-01-27,ING0010,333.0,2023-01-30,sexta
2023-01-27,ING0012,10.5,2023-01-30,sexta
2023-01-27,ING0015,416.0,2023-01-30,sexta
2023-01-27,ING0018,0.5,2023-01-30,sexta
2023-01-27,ING0025,17.0,2023-01-30,sexta
2023-01-27,ING0027,7.0,2023-01-31,sexta
2023-01-27,ING0029,10.0,2023-01-31,sexta
2023-01-27,ING0030,7.0,2023-02-02,sexta
2023-01-27,ING0035,2.5,2023-01-28,sexta
2023-01-27,ING0036,1.5,2023-01-28,sexta
2023-01-27,ING0038,2.0,2023-01-28,sexta
2023-01-27,ING0039,0.5,2023-01-28,sexta
2023-01-27,ING0040,12.5,2023-01-28,sexta
2023-01-27,ING0041,0.5,2023-01-28,sexta
2023-01-27,ING0043,26.5,2023-02-02,sexta
2023-01-27,ING0046,0.5,2023-01-28,sexta
2023-01-27,ING0047,1.0,2023-01-28,sexta
2023-01-27,ING0050,0.5,2023-01-29,sexta
2023-01-27,ING0052,20.5,2023-01-29,sexta
2023-01-27,ING0054,0.5,2023-01-29,sexta
2023-01-27,ING0056,3.5,2023-01-29,sexta
2023-01-27,ING0059,2.5,2023-02-01,sexta
2023-01-27,ING0066,199.0,2023-02-01,sexta
2023-01-27,ING0069,10.5,2023-02-11,sexta
2023-01-27,ING0071,0.5,2023-01-31,sexta
2023-01-27,ING0075,2.0,2023-01-29,sexta
2023-01-27,ING0078,6.5,2023-01-29,sexta
2023-01-27,ING0081,18.5,2023-01-29,sexta
2023-01-27,ING0083,5.0,2023-01-29,sexta
2023-01-27,ING0084,40.0,2023-02-01,sexta
2023-01-27,ING0085,0.5,2023-01-29,sexta
2023-01-27,ING0086,30.0,2023-01-29,sexta
2023-01-27,ING0089,11.0,2023-01-29,sexta
2023-01-27,ING0090,6.0,2023-01-30,sexta
2023-01-27,ING0091,12.5,2023-01-29,sexta
2023-01-27,ING0092,11.0,2023-01-29,sexta
2023-01-27,ING0096,6.0,2023-01-29,sexta
2023-01-27,ING0097,0.5,2023-01-29,sexta
2023-01-27,ING0098,0.5,2023-01-28,sexta
2023-01-27,ING0100,0.5,2023-01-28,sexta
2023-01-27,ING0101,0.5,2023-01-28,sexta
2023-01-27,ING0104,3.5,2023-01-29,sexta
2023-01-27,ING0105,2.0,2023-01-29,sexta
2023-01-27,ING0108,0.5,2023-01-28,sexta
2023-01-27,ING0109,0.5,2023-01-28,sexta
2023-01-27,ING0112,0.5,2023-01-30,sexta
2023-01-27,ING0113,0.5,2023-01-28,sexta
2023-01-27,ING0114,1.0,2023-01-30,sexta
2023-01-27,ING0117,0.5,2023-01-30,sexta
2023-01-27,ING0121,3.5,2023-01-31,sexta
2023-01-27,ING0124,4.966665337166598,2023-01-31,sexta
2023-01-27,ING0132,4.5,2023-01-31,sexta
2023-01-27,ING0142,5.5,2023-01-31,sexta
2023-01-27,ING0152,4.0,2023-01-30,sexta
2023-01-27,ING0154,69.28848863086635,2023-01-30,sexta
2023-01-27,ING0157,8.5,2023-01-30,sexta
2023-01-27,ING0159,948.0,2023-01-28,sexta
2023-01-27,ING0163,1561.0,2023-01-28,sexta
2023-01-27,ING0164,5.5,2023-01-30,sexta
2023-01-27,ING0165,6.5,2023-01-30,sexta
2023-01-27,ING0166,4.480264510280554,2023-01-30,sexta
2023-01-27,ING0167,59.0,2023-01-30,sexta
2023-01-27,ING0169,6.5,2023-01-30,sexta
2023-01-27,ING0171,47.5,2023-01-31,sexta
2023-01-27,ING0174,30.5,2023-01-30,sexta
2023-01-27,ING0178,507.0,2023-01-30,sexta
2023-01-27,ING0188,351.1262737208325,2023-01-30,sexta
2023-01-27,ING0191,57.0,2023-01-30,sexta
2023-01-27,ING0192,2.1918100503239537,2023-01-31,sexta
2023-01-27,ING0194,1.6085964022317079,2023-01-30,sexta
2023-01-27,ING0203,9.5,2023-02-02,sexta
2023-01-27,ING0204,1.5,2023-01-30,sexta
2023-01-27,ING0211,60.0,2023-01-30,sexta
2023-01-27,ING0215,69.5,2023-01-30,sexta
2023-01-27,ING0222,3.0,2023-02-03,sexta
2023-01-27,ING0227,0.5,2023-01-31,sexta
2023-01-27,ING0228,1.5,2023-02-02,sexta
2023-01-27,ING0231,1.0,2023-02-01,sexta
2023-01-27,ING0238,26.0,2023-01-31,sexta
2023-01-30,ING0027,7.5,2023-02-03,emergencial
2023-01-30,ING0030,13.0,2023-02-03,emergencial
2023-01-30,ING0059,4.0,2023-02-03,emergencial
2023-01-30,ING0069,17.0,2023-02-03,emergencial
2023-01-30,ING0084,64.5,2023-02-01,emergencial
2023-01-30,ING0121,4.5,2023-02-03,emergencial
2023-01-30,ING0124,4.966665337166598,2023-02-03,emergencial
2023-01-30,ING0171,73.0,2023-02-02,emergencial
2023-01-30,ING0203,13.0,2023-02-02,emergencial
2023-01-30,ING0222,4.5,2023-02-03,emergencial
2023-01-30,ING0228,4.0,2023-02-06,emergencial
2023-01-31,ING0003,4.0,2023-02-03,emergencial
2023-01-31,ING0030,10.0,2023-02-04,emergencial
2023-01-31,ING0043,23.0,2023-02-05,emergencial
2023-01-31,ING0059,3.5,2023-02-04,emergencial
2023-01-31,ING0062,5.0,2023-02-04,emergencial
2023-01-31,ING0069,11.5,2023-02-04,emergencial
2023-01-31,ING0071,17.5,2023-02-04,emergencial
2023-01-31,ING0084,44.5,2023-02-02,emergencial
2023-01-31,ING0098,1.5,2023-02-01,emergencial
2023-01-31,ING0122,40.0,2023-02-06,emergencial
2023-01-31,ING0131,4.5,2023-02-04,emergencial
2023-01-31,ING0142,32.39314271294535,2023-02-04,emergencial
2023-01-31,ING0143,6.0,2023-02-12,emergencial
2023-01-31,ING0157,6.0,2023-02-03,emergencial
2023-01-31,ING0161,4.5,2023-02-03,emergencial
2023-01-31,ING0183,1.5,2023-02-03,emergencial
2023-01-31,ING0192,210.41376483109957,2023-02-03,emergencial
2023-01-31,ING0195,2.5,2023-02-03,emergencial
2023-01-31,ING0203,8.75304807033261,2023-02-03,emergencial
2023-01-31,ING0222,3.8676992669150794,2023-02-04,emergencial
2023-01-31,ING0231,3.0,2023-02-04,emergencial
2023-02-01,ING0003,4.5,2023-02-04,emergencial
2023-02-01,ING0030,8.0,2023-02-05,emergencial
2023-02-01,ING0043,22.0,2023-02-04,emergencial
2023-02-01,ING0057,252.0,2023-02-03,emergencial
2023-02-01,ING0059,2.5,2023-02-05,emergencial
2023-02-01,ING0062,5.0,2023-02-05,emergencial
2023-02-01,ING0069,12.0,2023-02-05,emergencial
2023-02-01,ING0071,18.5,2023-02-05,emergencial
2023-02-01,ING0086,63.5,2023-02-03,emergencial
2023-02-01,ING0098,1.5,2023-02-02,emergencial
2023-02-01,ING0122,35.0,2023-02-05,emergencial
2023-02-01,ING0131,3.5,2023-02-05,emergencial
2023-02-01,ING0142,30.368571293386264,2023-02-05,emergencial
2023-02-01,ING0143,5.5,2023-02-13,emergencial
2023-02-01,ING0157,7.5,2023-02-04,emergencial
2023-02-01,ING0159,821.8500795909094,2023-02-02,emergencial
2023-02-01,ING0161,3.5,2023-02-04,emergencial
2023-02-01,ING0183,1.5,2023-02-04,emergencial
2023-02-01,ING0192,232.33186533433908,2023-02-04,emergencial
2023-02-01,ING0195,2.0,2023-02-04,emergencial
2023-02-01,ING0203,7.0,2023-02-04,emergencial
2023-02-01,ING0222,3.0,2023-02-05,emergencial
2023-02-02,ING0003,4.5,2023-02-05,emergencial
2023-02-02,ING0057,262.0,2023-02-04,emergencial
2023-02-02,ING0059,3.0,2023-02-06,emergencial
2023-02-02,ING0069,11.0,2023-02-06,emergencial
2023-02-02,ING0086,76.5,2023-02-04,emergencial
2023-02-02,ING0122,36.0,2023-02-06,emergencial
2023-02-02,ING0131,3.5,2023-02-06,emergencial
2023-02-02,ING0143,6.0,2023-02-14,emergencial
2023-02-02,ING0157,9.0,2023-02-05,emergencial
2023-02-02,ING0161,4.0,2023-02-05,emergencial
2023-02-02,ING0192,221.3728150827193,2023-02-05,emergencial
2023-02-02,ING0195,2.0,2023-02-06,emergencial
2023-02-02,ING0222,10.09268628938953,2023-02-06,emergencial
2023-02-03,ING0001,1.0,2023-02-06,sexta
2023-02-03,ING0003,1.0,2023-02-06,sexta
2023-02-03,ING0004,31.0,2023-02-06,sexta
2023-02-03,ING0006,68.21484391449101,2023-02-06,sexta
2023-02-03,ING0008,8.5,2023-02-06,sexta
2023-02-03,ING0010,267.0,2023-02-06,sexta
2023-02-03,ING0012,6.5,2023-02-06,sexta
2023-02-03,ING0015,331.0,2023-02-07,sexta
2023-02-03,ING0018,0.5,2023-02-06,sexta
2023-02-03,ING0019,1032.219596718434,2023-02-06,sexta
2023-02-03,ING0024,12.5,2023-02-06,sexta
2023-02-03,ING0028,0.5,2023-02-07,sexta
2023-02-03,ING0035,2.0,2023-02-04,sexta
2023-02-03,ING0036,1.0,2023-02-04,sexta
2023-02-03,ING0038,2.5,2023-02-04,sexta
2023-02-03,ING0043,7.0,2023-02-06,sexta
2023-02-03,ING0044,1.4734754019943266,2023-02-05,sexta
2023-02-03,ING0045,59.890932282698735,2023-02-04,sexta
2023-02-03,ING0046,0.5,2023-02-04,sexta
2023-02-03,ING0047,1.0,2023-02-05,sexta
2023-02-03,ING0052,15.5,2023-02-09,sexta
2023-02-03,ING0057,95.0,2023-02-05,sexta
2023-02-03,ING0062,4.0,2023-02-07,sexta
2023-02-03,ING0069,0.5,2023-02-07,sexta
2023-02-03,ING0071,19.5,2023-02-10,sexta
2023-02-03,ING0075,2.5,2023-02-07,sexta
2023-02-03,ING0078,6.0,2023-02-05,sexta
2023-02-03,ING0081,17.5,2023-02-07,sexta
2023-02-03,ING0083,2.0,2023-02-05,sexta
2023-02-03,ING0086,36.5,2023-02-05,sexta
2023-02-03,ING0087,0.5,2023-02-05,sexta
2023-02-03,ING0089,36.5,2023-02-05,sexta
2023-02-03,ING0093,1.8136783706814605,2023-02-08,sexta
2023-02-03,ING0094,4.0,2023-02-05,sexta
2023-02-03,ING0096,3.0,2023-02-05,sexta
2023-02-03,ING0097,0.5,2023-02-05,sexta
2023-02-03,ING0098,0.5,2023-02-04,sexta
2023-02-03,ING0101,0.5,2023-02-08,sexta
2023-02-03,ING0103,1.0,2023-02-05,sexta
2023-02-03,ING0105,1.5,2023-02-04,sexta
2023-02-03,ING0106,1.0,2023-02-04,sexta
2023-02-03,ING0108,0.5,2023-02-05,sexta
2023-02-03,ING0110,0.5,2023-02-05,sexta
2023-02-03,ING0112,0.5,2023-02-04,sexta
2023-02-03,ING0116,1.5,2023-02-04,sexta
2023-02-03,ING0122,32.5,2023-02-07,sexta
2023-02-03,ING0129,4.0,2023-02-07,sexta
2023-02-03,ING0131,3.0,2023-02-07,sexta
2023-02-03,ING0143,6.5,2023-02-15,sexta
2023-02-03,ING0157,4.5,2023-02-06,sexta
2023-02-03,ING0159,187.0,2023-02-04,sexta
2023-02-03,ING0161,0.5,2023-02-06,sexta
2023-02-03,ING0163,877.0,2023-02-04,sexta
2023-02-03,ING0164,2.0,2023-02-06,sexta
2023-02-03,ING0165,3.0,2023-02-06,sexta
2023-02-03,ING0167,101.0,2023-02-06,sexta
2023-02-03,ING0169,5.5,2023-02-06,sexta
2023-02-03,ING0178,173.0,2023-02-06,sexta
2023-02-03,ING0202,36.5,2023-02-06,sexta
2023-02-03,ING0204,1.0,2023-02-06,sexta
2023-02-03,ING0211,114.86055984131568,2023-02-06,sexta
2023-02-03,ING0215,60.0,2023-02-07,sexta
2023-02-03,ING0221,13.5,2023-02-07,sexta
2023-02-03,ING0224,2.0,2023-02-07,sexta
2023-02-03,ING0227,0.5,2023-02-07,sexta
2023-02-03,ING0228,1.0,2023-02-09,sexta
2023-02-03,ING0240,3.5,2023-02-07,sexta
2023-02-03,ING0242,47.0,2023-02-10,sexta
2023-02-03,ING0243,0.5,2023-02-07,sexta
2023-02-06,ING0004,37.0,2023-02-09,emergencial
2023-02-06,ING0015,285.0,2023-02-10,emergencial
2023-02-06,ING0042,0.5,2023-02-07,emergencial
2023-02-06,ING0075,2.5,2023-02-08,emergencial
2023-02-06,ING0081,14.5,2023-02-08,emergencial
2023-02-06,ING0106,2.0,2023-02-07,emergencial
2023-02-06,ING0115,2.0,2023-02-07,emergencial
2023-02-06,ING0128,21.33159126021657,2023-02-10,emergencial
2023-02-06,ING0129,3.0,2023-02-10,emergencial
2023-02-06,ING0143,4.5,2023-02-16,emergencial
2023-02-06,ING0152,2.5,2023-02-09,emergencial
2023-02-06,ING0160,2.5,2023-02-09,emergencial
2023-02-06,ING0174,26.0,2023-02-09,emergencial
2023-02-06,ING0215,69.5,2023-02-09,emergencial
2023-02-06,ING0221,11.0,2023-02-19,emergencial
2023-02-06,ING0224,2.0,2023-02-10,emergencial
2023-02-06,ING0240,3.0,2023-02-10,emergencial
2023-02-06,ING0242,40.5,2023-02-10,emergencial
2023-02-06,ING0244,2.0,2023-02-10,emergencial
2023-02-07,ING0004,38.0,2023-02-12,emergencial
2023-02-07,ING0106,2.0,2023-02-08,emergencial
2023-02-07,ING0128,5.5,2023-02-11,emergencial
2023-02-07,ING0143,5.0,2023-02-17,emergencial
2023-02-07,ING0152,2.5,2023-02-11,emergencial
2023-02-07,ING0160,2.5,2023-02-10,emergencial
2023-02-07,ING0163,745.0,2023-02-08,emergencial
2023-02-07,ING0174,31.0,2023-02-10,emergencial
2023-02-07,ING0175,20.0,2023-02-10,emergencial
2023-02-07,ING0242,41.5,2023-02-11,emergencial
2023-02-07,ING0244,3.0366633153205984,2023-02-11,emergencial
2023-02-08,ING0004,51.0,2023-02-12,emergencial
2023-02-08,ING0106,3.5,2023-02-09,emergencial
2023-02-08,ING0128,5.5,2023-02-12,emergencial
2023-02-08,ING0143,7.5,2023-02-18,emergencial
2023-02-08,ING0152,2.5,2023-02-11,emergencial
2023-02-08,ING0160,2.5,2023-02-13,emergencial
2023-02-08,ING0174,36.5,2023-02-11,emergencial
2023-02-08,ING0175,21.0,2023-02-11,emergencial
2023-02-08,ING0234,1.0,2023-02-12,emergencial
2023-02-08,ING0242,48.5,2023-02-12,emergencial
2023-02-08,ING0244,2.5,2023-02-12,emergencial
2023-02-09,ING0128,6.0,2023-02-13,emergencial
2023-02-09,ING0143,9.0,2023-02-19,emergencial
2023-02-09,ING0175,26.342696265094958,2023-02-12,emergencial
2023-02-09,ING0227,1.7608297577096002,2023-02-23,emergencial
2023-02-09,ING0234,1.0,2023-02-15,emergencial
2023-02-09,ING0242,53.215655137506175,2023-02-13,emergencial
2023-02-09,ING0244,2.5,2023-02-13,emergencial
2023-02-10,ING0002,0.5,2023-02-15,sexta
2023-02-10,ING0004,45.10993118305854,2023-02-13,sexta
2023-02-10,ING0007,1.0,2023-02-13,sexta
2023-02-10,ING0008,14.5,2023-02-14,sexta
2023-02-10,ING0010,293.54227271739467,2023-02-13,sexta
2023-02-10,ING0012,8.5,2023-02-14,sexta
2023-02-10,ING0018,31.0,2023-02-13,sexta
2023-02-10,ING0024,16.5,2023-02-13,sexta
2023-02-10,ING0028,14.559025144982751,2023-02-22,sexta
2023-02-10,ING0035,2.2722888177917926,2023-02-11,sexta
2023-02-10,ING0036,0.5,2023-02-11,sexta
2023-02-10,ING0038,3.0,2023-02-11,sexta
2023-02-10,ING0040,8.5,2023-02-11,sexta
2023-02-10,ING0042,0.5,2023-02-11,sexta
2023-02-10,ING0045,28.5,2023-02-11,sexta
2023-02-10,ING0046,0.4549347355104771,2023-02-13,sexta
2023-02-10,ING0047,0.49612944304518497,2023-02-11,sexta
2023-02-10,ING0048,10.0,2023-02-12,sexta
2023-02-10,ING0055,0.5,2023-02-13,sexta
2023-02-10,ING0063,14.0,2023-02-24,sexta
2023-02-10,ING0070,7.0,2023-02-14,sexta
2023-02-10,ING0078,6.0,2023-02-12,sexta
2023-02-10,ING0079,20.5,2023-02-12,sexta
2023-02-10,ING0081,5.5,2023-02-12,sexta
2023-02-10,ING0083,1.0,2023-02-12,sexta
2023-02-10,ING0087,2.5,2023-02-12,sexta
2023-02-10,ING0089,30.5,2023-02-12,sexta
2023-02-10,ING0090,9.0,2023-02-12,sexta
2023-02-10,ING0091,10.5,2023-02-12,sexta
2023-02-10,ING0094,16.482627467798153,2023-02-13,sexta
2023-02-10,ING0095,18.0,2023-02-12,sexta
2023-02-10,ING0096,3.0,2023-02-12,sexta
2023-02-10,ING0097,0.5,2023-02-12,sexta
2023-02-10,ING0098,0.5,2023-02-11,sexta
2023-02-10,ING0100,0.5,2023-02-11,sexta
2023-02-10,ING0101,0.5730321481707213,2023-02-12,sexta
2023-02-10,ING0103,0.5,2023-02-11,sexta
2023-02-10,ING0105,1.5,2023-02-11,sexta
2023-02-10,ING0110,2.0,2023-02-11,sexta
2023-02-10,ING0112,0.5,2023-02-11,sexta
2023-02-10,ING0114,0.5,2023-02-11,sexta
2023-02-10,ING0115,2.0,2023-02-11,sexta
2023-02-10,ING0116,1.5,2023-02-11,sexta
2023-02-10,ING0117,0.5,2023-02-11,sexta
2023-02-10,ING0143,9.5,2023-02-20,sexta
2023-02-10,ING0152,1.5,2023-02-13,sexta
2023-02-10,ING0159,852.0,2023-02-11,sexta
2023-02-10,ING0163,701.0,2023-02-13,sexta
2023-02-10,ING0164,2.135905529532303,2023-02-14,sexta
2023-02-10,ING0165,4.0,2023-02-13,sexta
2023-02-10,ING0167,36.0,2023-02-13,sexta
2023-02-10,ING0169,4.5,2023-02-13,sexta
2023-02-10,ING0175,14.0,2023-02-13,sexta
2023-02-10,ING0189,2.0,2023-02-13,sexta
2023-02-10,ING0202,21.5,2023-02-20,sexta
2023-02-10,ING0204,0.5,2023-02-14,sexta
2023-02-10,ING0218,48.0,2023-02-13,sexta
2023-02-10,ING0221,12.5,2023-02-14,sexta
2023-02-10,ING0227,1.5,2023-02-24,sexta
2023-02-10,ING0232,4.5,2023-02-16,sexta
2023-02-10,ING0234,1.0,2023-02-14,sexta
2023-02-10,ING0243,0.5,2023-02-14,sexta
2023-02-10,ING0244,1.5,2023-02-14,sexta
2023-02-13,ING0227,1.5,2023-02-17,emergencial
2023-02-14,ING0189,3.5,2023-02-17,emergencial
2023-02-14,ING0227,1.5,2023-02-18,emergencial
2023-02-14,ING0231,2.5,2023-02-18,emergencial
2023-02-15,ING0002,8.0,2023-02-18,emergencial
2023-02-15,ING0063,26.0,2023-02-19,emergencial
2023-02-15,ING0075,3.0,2023-02-17,emergencial
2023-02-15,ING0110,2.5,2023-02-16,emergencial
2023-02-15,ING0115,2.5,2023-02-16,emergencial
2023-02-15,ING0189,3.0,2023-02-18,emergencial
2023-02-15,ING0227,1.5,2023-02-19,emergencial
2023-02-15,ING0231,2.5,2023-02-19,emergencial
2023-02-16,ING0002,5.5,2023-02-19,emergencial
2023-02-16,ING0052,20.0,2023-02-18,emergencial
2023-02-16,ING0063,19.5,2023-02-23,emergencial
2023-02-16,ING0075,2.0,2023-02-19,emergencial
2023-02-16,ING0081,18.5,2023-02-18,emergencial
2023-02-16,ING0110,2.0,2023-02-20,emergencial
2023-02-16,ING0169,5.0,2023-02-19,emergencial
2023-02-16,ING0189,2.0,2023-02-19,emergencial
2023-02-16,ING0202,22.0,2023-02-19,emergencial
2023-02-16,ING0218,74.5,2023-02-20,emergencial
2023-02-16,ING0227,1.5,2023-02-22,emergencial
2023-02-16,ING0231,2.0,2023-02-20,emergencial
2023-02-17,ING0001,0.6081872582347105,2023-02-20,sexta
2023-02-17,ING0002,5.5,2023-02-20,sexta
2023-02-17,ING0007,1.0,2023-02-20,sexta
2023-02-17,ING0008,8.0,2023-02-22,sexta
2023-02-17,ING0012,4.5,2023-02-26,sexta
2023-02-17,ING0015,205.0,2023-02-20,sexta
2023-02-17,ING0018,47.5,2023-02-20,sexta
2023-02-17,ING0023,104.0,2023-02-20,sexta
2023-02-17,ING0024,4.820627317604889,2023-02-20,sexta
2023-02-17,ING0025,14.045948618155872,2023-02-20,sexta
2023-02-17,ING0035,1.5,2023-02-18,sexta
2023-02-17,ING0036,0.5,2023-02-18,sexta
2023-02-17,ING0038,2.0,2023-02-18,sexta
2023-02-17,ING0039,1.0,2023-02-20,sexta
2023-02-17,ING0042,0.5,2023-02-18,sexta
2023-02-17,ING0045,14.0,2023-02-18,sexta
2023-02-17,ING0046,0.5,2023-02-18,sexta
2023-02-17,ING0047,0.5,2023-02-18,sexta
2023-02-17,ING0048,6.5,2023-02-19,sexta
2023-02-17,ING0050,0.5,2023-02-20,sexta
2023-02-17,ING0052,18.5,2023-02-19,sexta
2023-02-17,ING0063,17.5,2023-02-22,sexta
2023-02-17,ING0070,9.5,2023-02-22,sexta
2023-02-17,ING0078,2.5,2023-02-19,sexta
2023-02-17,ING0081,16.5,2023-02-19,sexta
2023-02-17,ING0083,0.5,2023-02-19,sexta
2023-02-17,ING0086,44.0,2023-02-19,sexta
2023-02-17,ING0087,2.0,2023-02-19,sexta
2023-02-17,ING0089,19.0,2023-02-20,sexta
2023-02-17,ING0090,4.0,2023-02-19,sexta
2023-02-17,ING0093,1.5,2023-02-19,sexta
2023-02-17,ING0095,8.0,2023-02-22,sexta
2023-02-17,ING0097,0.5,2023-02-19,sexta
2023-02-17,ING0098,0.5,2023-02-18,sexta
2023-02-17,ING0099,1.0,2023-02-18,sexta
2023-02-17,ING0101,0.5,2023-02-18,sexta
2023-02-17,ING0103,0.5,2023-02-18,sexta
2023-02-17,ING0105,0.5,2023-02-19,sexta
2023-02-17,ING0110,2.0,2023-02-18,sexta
2023-02-17,ING0112,0.5,2023-02-19,sexta
2023-02-17,ING0114,0.5,2023-02-18,sexta
2023-02-17,ING0115,1.0,2023-02-20,sexta
2023-02-17,ING0116,0.5,2023-02-18,sexta
2023-02-17,ING0129,2.0,2023-02-21,sexta
2023-02-17,ING0132,7.0,2023-02-21,sexta
2023-02-17,ING0159,460.0,2023-02-18,sexta
2023-02-17,ING0163,518.0,2023-02-18,sexta
2023-02-17,ING0164,2.0,2023-02-20,sexta
2023-02-17,ING0165,2.0,2023-02-20,sexta
2023-02-17,ING0169,19.69620564538845,2023-02-21,sexta
2023-02-17,ING0171,10.0,2023-02-23,sexta
2023-02-17,ING0183,2.5,2023-02-20,sexta
2023-02-17,ING0194,0.5,2023-02-20,sexta
2023-02-17,ING0199,0.5,2023-02-20,sexta
2023-02-17,ING0202,22.0,2023-02-20,sexta
2023-02-17,ING0204,1.0,2023-02-20,sexta
2023-02-17,ING0215,35.5,2023-02-20,sexta
2023-02-17,ING0218,71.5,2023-02-20,sexta
2023-02-17,ING0220,3.5,2023-02-20,sexta
2023-02-17,ING0221,6.0,2023-02-27,sexta
2023-02-17,ING0224,1.5,2023-02-21,sexta
2023-02-17,ING0227,0.5,2023-02-21,sexta
2023-02-17,ING0228,1.0,2023-02-23,sexta
2023-02-17,ING0230,27.0,2023-02-21,sexta
2023-02-17,ING0232,0.5,2023-02-23,sexta
2023-02-17,ING0240,1.0,2023-02-21,sexta
2023-02-17,ING0243,1.0,2023-02-21,sexta
2023-02-20,ING0003,3.0,2023-02-23,emergencial
2023-02-20,ING0008,9.5,2023-02-23,emergencial
2023-02-20,ING0034,3.0,2023-02-21,emergencial
2023-02-20,ING0132,5.0,2023-02-24,emergencial
2023-02-20,ING0214,152.0,2023-02-23,emergencial
2023-02-20,ING0224,7.170188490162577,2023-02-24,emergencial
2023-02-20,ING0230,31.5,2023-02-24,emergencial
2023-02-21,ING0003,3.5,2023-02-24,emergencial
2023-02-21,ING0008,10.0,2023-02-24,emergencial
2023-02-21,ING0012,5.5,2023-03-02,emergencial
2023-02-21,ING0214,163.0,2023-02-24,emergencial
2023-02-22,ING0003,5.0,2023-02-25,emergencial
2023-02-22,ING0012,9.0,2023-03-03,emergencial
2023-02-22,ING0214,238.0,2023-02-26,emergencial
2023-02-24,ING0007,2.0,2023-02-27,sexta
2023-02-24,ING0012,11.5,2023-03-05,sexta
2023-02-24,ING0015,465.0,2023-02-27,sexta
2023-02-24,ING0017,1.4050469621033628,2023-02-27,sexta
2023-02-24,ING0023,228.0,2023-02-27,sexta
2023-02-24,ING0024,9.5,2023-02-27,sexta
2023-02-24,ING0035,1.5,2023-02-25,sexta
2023-02-24,ING0036,1.0,2023-02-25,sexta
2023-02-24,ING0037,1.0,2023-02-25,sexta
2023-02-24,ING0039,0.5,2023-02-25,sexta
2023-02-24,ING0043,6.0,2023-02-25,sexta
2023-02-24,ING0045,27.0,2023-02-25,sexta
2023-02-24,ING0046,0.5,2023-02-26,sexta
2023-02-24,ING0047,0.5,2023-02-25,sexta
2023-02-24,ING0048,9.0,2023-02-26,sexta
2023-02-24,ING0055,0.5,2023-02-26,sexta
2023-02-24,ING0070,6.5,2023-02-28,sexta
2023-02-24,ING0076,22.0,2023-02-26,sexta
2023-02-24,ING0078,3.5,2023-02-26,sexta
2023-02-24,ING0086,63.0,2023-02-26,sexta
2023-02-24,ING0087,1.5,2023-02-26,sexta
2023-02-24,ING0089,31.0,2023-02-26,sexta
2023-02-24,ING0095,9.0,2023-02-26,sexta
2023-02-24,ING0097,0.5,2023-02-26,sexta
2023-02-24,ING0098,0.5,2023-02-25,sexta
2023-02-24,ING0101,0.5,2023-02-25,sexta
2023-02-24,ING0105,1.0,2023-02-25,sexta
2023-02-24,ING0110,0.5,2023-02-25,sexta
2023-02-24,ING0111,3.0,2023-02-27,sexta
2023-02-24,ING0115,2.0,2023-02-25,sexta
2023-02-24,ING0117,0.5,2023-02-25,sexta
2023-02-24,ING0121,2.0,2023-02-28,sexta
2023-02-24,ING0126,4.5,2023-02-28,sexta
2023-02-24,ING0129,2.5,2023-02-28,sexta
2023-02-24,ING0151,1.0,2023-02-27,sexta
2023-02-24,ING0159,934.0,2023-02-27,sexta
2023-02-24,ING0161,0.5,2023-02-27,sexta
2023-02-24,ING0163,1089.0,2023-02-25,sexta
2023-02-24,ING0164,4.0,2023-02-27,sexta
2023-02-24,ING0165,2.5,2023-02-27,sexta
2023-02-24,ING0181,2.5,2023-02-27,sexta
2023-02-24,ING0204,1.0,2023-02-27,sexta
2023-02-27,ING0018,119.0,2023-03-02,emergencial
2023-02-27,ING0070,30.5,2023-03-03,emergencial
2023-02-27,ING0121,4.0,2023-03-06,emergencial
2023-02-27,ING0161,5.0,2023-03-03,emergencial
2023-02-27,ING0194,1.5,2023-03-03,emergencial
2023-02-28,ING0018,131.0,2023-03-03,emergencial
2023-02-28,ING0070,33.5,2023-03-04,emergencial
2023-02-28,ING0083,3.5,2023-03-03,emergencial
2023-02-28,ING0111,13.0,2023-03-01,emergencial
2023-02-28,ING0157,11.0,2023-03-03,emergencial
2023-02-28,ING0161,5.5,2023-03-03,emergencial
2023-02-28,ING0194,1.5,2023-03-03,emergencial
2023-03-01,ING0012,14.0,2023-03-05,emergencial
2023-03-01,ING0018,116.5,2023-03-04,emergencial
2023-03-01,ING0042,1.0535047009911225,2023-03-02,emergencial
2023-03-01,ING0070,34.0,2023-03-05,emergencial
2023-03-01,ING0076,46.0,2023-03-03,emergencial
2023-03-01,ING0083,4.5,2023-03-03,emergencial
2023-03-01,ING0157,12.5,2023-03-04,emergencial
2023-03-01,ING0161,6.5,2023-03-04,emergencial
2023-03-01,ING0171,62.0,2023-03-04,emergencial
2023-03-01,ING0194,1.0,2023-03-04,emergencial
2023-03-01,ING0220,17.0,2023-03-04,emergencial
2023-03-01,ING0240,3.5,2023-03-05,emergencial
2023-03-02,ING0002,7.5,2023-03-05,emergencial
2023-03-02,ING0070,32.5,2023-03-06,emergencial
2023-03-02,ING0076,54.5,2023-03-04,emergencial
2023-03-02,ING0083,3.0,2023-03-04,emergencial
2023-03-02,ING0157,13.0,2023-03-05,emergencial
2023-03-02,ING0161,7.0,2023-03-05,emergencial
2023-03-02,ING0171,58.0,2023-03-05,emergencial
2023-03-02,ING0194,1.0,2023-03-05,emergencial
2023-03-02,ING0220,12.0,2023-03-05,emergencial
2023-03-03,ING0001,0.5,2023-03-06,sexta
2023-03-03,ING0002,8.5,2023-03-06,sexta
2023-03-03,ING0004,72.5,2023-03-06,sexta
2023-03-03,ING0007,2.0,2023-03-06,sexta
2023-03-03,ING0016,0.5,2023-03-11,sexta
2023-03-03,ING0023,365.0,2023-03-06,sexta
2023-03-03,ING0024,19.5,2023-03-06,sexta
2023-03-03,ING0026,4.0,2023-03-07,sexta
2023-03-03,ING0034,3.0,2023-03-04,sexta
2023-03-03,ING0035,1.5,2023-03-04,sexta
2023-03-03,ING0036,1.0,2023-03-04,sexta
2023-03-03,ING0037,1.5,2023-03-05,sexta
2023-03-03,ING0038,4.5,2023-03-04,sexta
2023-03-03,ING0039,0.5,2023-03-04,sexta
2023-03-03,ING0040,10.0,2023-03-04,sexta
2023-03-03,ING0043,30.0,2023-03-04,sexta
2023-03-03,ING0047,0.5,2023-03-06,sexta
2023-03-03,ING0052,15.5,2023-03-05,sexta
2023-03-03,ING0075,1.0,2023-03-05,sexta
2023-03-03,ING0076,13.5,2023-03-05,sexta
2023-03-03,ING0078,4.5,2023-03-05,sexta
2023-03-03,ING0079,8.0,2023-03-05,sexta
2023-03-03,ING0086,68.0,2023-03-05,sexta
2023-03-03,ING0087,3.5,2023-03-05,sexta
2023-03-03,ING0089,33.5,2023-03-05,sexta
2023-03-03,ING0090,6.0,2023-03-06,sexta
2023-03-03,ING0095,16.0,2023-03-10,sexta
2023-03-03,ING0098,0.5,2023-03-04,sexta
2023-03-03,ING0100,0.5,2023-03-05,sexta
2023-03-03,ING0101,0.5,2023-03-06,sexta
2023-03-03,ING0105,2.0,2023-03-04,sexta
2023-03-03,ING0107,0.5,2023-03-04,sexta
2023-03-03,ING0109,0.5,2023-03-04,sexta
2023-03-03,ING0111,6.0,2023-03-05,sexta
2023-03-03,ING0112,0.5,2023-03-04,sexta
2023-03-03,ING0113,0.5,2023-03-04,sexta
2023-03-03,ING0115,4.5,2023-03-04,sexta
2023-03-03,ING0116,1.0,2023-03-04,sexta
2023-03-03,ING0117,0.5,2023-03-06,sexta
2023-03-03,ING0121,3.0,2023-03-07,sexta
2023-03-03,ING0126,21.5,2023-03-07,sexta
2023-03-03,ING0129,3.0,2023-03-07,sexta
2023-03-03,ING0157,1.8680516675779362,2023-03-09,sexta
2023-03-03,ING0159,3596.7224771643682,2023-03-04,sexta
2023-03-03,ING0160,2.5,2023-03-06,sexta
2023-03-03,ING0163,1353.0,2023-03-04,sexta
2023-03-03,ING0164,4.5,2023-03-09,sexta
2023-03-03,ING0165,5.0,2023-03-06,sexta
2023-03-03,ING0171,59.5,2023-03-06,sexta
2023-03-03,ING0174,15.5,2023-03-07,sexta
2023-03-03,ING0175,25.5,2023-03-08,sexta
2023-03-03,ING0181,3.5,2023-03-06,sexta
2023-03-03,ING0183,3.5,2023-03-06,sexta
2023-03-03,ING0191,34.0,2023-03-06,sexta
2023-03-03,ING0199,0.5083320696048939,2023-03-06,sexta
2023-03-03,ING0202,41.5,2023-03-06,sexta
2023-03-03,ING0206,165.5,2023-03-06,sexta
2023-03-03,ING0218,39.0,2023-03-06,sexta
2023-03-03,ING0220,14.5,2023-03-12,sexta
2023-03-03,ING0228,4.0,2023-03-25,sexta
2023-03-03,ING0232,8.0,2023-03-10,sexta
2023-03-03,ING0240,5.5,2023-03-07,sexta
2023-03-03,ING0243,3.0,2023-03-07,sexta
2023-03-06,ING0026,3.7000078413490964,2023-03-10,emergencial
2023-03-06,ING0035,2.5,2023-03-07,emergencial
2023-03-06,ING0095,25.0,2023-03-08,emergencial
2023-03-06,ING0104,21.599452980528344,2023-03-07,emergencial
2023-03-06,ING0111,11.0,2023-03-07,emergencial
2023-03-06,ING0126,17.0,2023-03-10,emergencial
2023-03-06,ING0129,5.5,2023-03-10,emergencial
2023-03-06,ING0163,999.0,2023-03-07,emergencial
2023-03-06,ING0164,4.5,2023-03-09,emergencial
2023-03-06,ING0174,16.888875144354024,2023-03-09,emergencial
2023-03-06,ING0175,128.28743251097958,2023-03-09,emergencial
2023-03-06,ING0228,3.0,2023-03-29,emergencial
2023-03-06,ING0230,39.5,2023-03-10,emergencial
2023-03-06,ING0232,9.5,2023-03-12,emergencial
2023-03-06,ING0243,2.0,2023-03-10,emergencial
2023-03-07,ING0095,24.5,2023-03-11,emergencial
2023-03-07,ING0106,3.5,2023-03-08,emergencial
2023-03-07,ING0107,2.5,2023-03-08,emergencial
2023-03-07,ING0164,3.5,2023-03-10,emergencial
2023-03-07,ING0175,130.46179577387755,2023-03-10,emergencial
2023-03-07,ING0190,14.0,2023-03-10,emergencial
2023-03-07,ING0228,2.5,2023-03-29,emergencial
2023-03-07,ING0230,34.5,2023-03-21,emergencial
2023-03-07,ING0232,6.5,2023-03-13,emergencial
2023-03-08,ING0047,1.5,2023-03-09,emergencial
2023-03-08,ING0061,2.5,2023-03-12,emergencial
2023-03-08,ING0164,3.4626291247234535,2023-03-11,emergencial
2023-03-08,ING0190,17.5,2023-03-16,emergencial
2023-03-08,ING0204,1.0,2023-03-11,emergencial
2023-03-08,ING0228,2.5,2023-03-30,emergencial
2023-03-08,ING0230,37.0,2023-03-22,emergencial
2023-03-08,ING0232,7.5,2023-03-14,emergencial
2023-03-09,ING0047,1.5,2023-03-10,emergencial
2023-03-09,ING0061,2.5,2023-03-13,emergencial
2023-03-09,ING0106,4.5,2023-03-12,emergencial
2023-03-09,ING0116,2.0,2023-03-10,emergencial
2023-03-09,ING0228,3.0,2023-03-31,emergencial
2023-03-09,ING0230,42.0,2023-03-23,emergencial
2023-03-09,ING0232,9.5,2023-03-15,emergencial
2023-03-10,ING0002,0.5,2023-03-13,sexta
2023-03-10,ING0003,0.5,2023-03-13,sexta
2023-03-10,ING0004,35.0,2023-03-13,sexta
2023-03-10,ING0006,115.81250027450423,2023-03-13,sexta
2023-03-10,ING0007,2.5,2023-03-13,sexta
2023-03-10,ING0008,13.5,2023-03-13,sexta
2023-03-10,ING0010,183.0,2023-03-13,sexta
2023-03-10,ING0015,231.0,2023-03-16,sexta
2023-03-10,ING0016,0.5,2023-03-13,sexta
2023-03-10,ING0023,207.0,2023-03-13,sexta
2023-03-10,ING0029,1.5,2023-03-14,sexta
2023-03-10,ING0030,7.0,2023-03-14,sexta
2023-03-10,ING0037,1.0,2023-03-12,sexta
2023-03-10,ING0038,2.5,2023-03-12,sexta
2023-03-10,ING0041,0.5,2023-03-11,sexta
2023-03-10,ING0042,1.0,2023-03-11,sexta
2023-03-10,ING0043,16.0,2023-03-11,sexta
2023-03-10,ING0047,1.5,2023-03-12,sexta
2023-03-10,ING0048,7.5,2023-03-12,sexta
2023-03-10,ING0049,4.0,2023-03-12,sexta
2023-03-10,ING0052,16.5,2023-03-13,sexta
2023-03-10,ING0055,0.5,2023-03-12,sexta
2023-03-10,ING0061,2.5,2023-03-17,sexta
2023-03-10,ING0066,71.5,2023-03-14,sexta
2023-03-10,ING0071,19.5,2023-03-14,sexta
2023-03-10,ING0075,1.5,2023-03-12,sexta
2023-03-10,ING0076,10.0,2023-03-12,sexta
2023-03-10,ING0079,26.0,2023-03-13,sexta
2023-03-10,ING0084,13.0,2023-03-17,sexta
2023-03-10,ING0086,53.5,2023-03-14,sexta
2023-03-10,ING0087,1.5,2023-03-12,sexta
2023-03-10,ING0089,22.5,2023-03-14,sexta
2023-03-10,ING0097,0.5,2023-03-12,sexta
2023-03-10,ING0098,0.5,2023-03-11,sexta
2023-03-10,ING0103,0.5,2023-03-16,sexta
2023-03-10,ING0105,1.0,2023-03-11,sexta
2023-03-10,ING0106,5.0,2023-03-11,sexta
2023-03-10,ING0107,1.0,2023-03-11,sexta
2023-03-10,ING0108,0.5,2023-03-11,sexta
2023-03-10,ING0111,4.0,2023-03-11,sexta
2023-03-10,ING0132,5.5,2023-03-14,sexta
2023-03-10,ING0154,30.5,2023-03-13,sexta
2023-03-10,ING0156,0.5,2023-03-13,sexta
2023-03-10,ING0160,2.0,2023-03-13,sexta
2023-03-10,ING0165,2.5,2023-03-13,sexta
2023-03-10,ING0181,3.0,2023-03-16,sexta
2023-03-10,ING0189,1.0,2023-03-13,sexta
2023-03-10,ING0191,20.5,2023-03-13,sexta
2023-03-10,ING0199,0.5,2023-03-13,sexta
2023-03-10,ING0202,26.0,2023-03-13,sexta
2023-03-10,ING0203,5.5,2023-03-13,sexta
2023-03-10,ING0204,1.5,2023-03-13,sexta
2023-03-10,ING0206,59.5,2023-03-13,sexta
2023-03-10,ING0214,102.64424241010825,2023-03-13,sexta
2023-03-10,ING0218,43.0,2023-03-13,sexta
2023-03-10,ING0221,18.5,2023-03-14,sexta
2023-03-10,ING0228,3.3290313000545035,2023-03-16,sexta
2023-03-10,ING0231,2.5,2023-03-15,sexta
2023-03-10,ING0232,3.5,2023-03-16,sexta
2023-03-10,ING0234,0.5,2023-03-14,sexta
2023-03-10,ING0244,0.5,2023-03-15,sexta
2023-03-13,ING0015,256.0,2023-03-20,emergencial
2023-03-13,ING0030,8.0,2023-03-17,emergencial
2023-03-13,ING0066,90.5,2023-03-17,emergencial
2023-03-13,ING0071,63.18583101645633,2023-03-18,emergencial
2023-03-13,ING0089,28.0,2023-03-15,emergencial
2023-03-13,ING0181,3.0,2023-03-16,emergencial
2023-03-13,ING0221,19.5,2023-03-17,emergencial
2023-03-13,ING0228,3.0,2023-03-19,emergencial
2023-03-13,ING0231,3.0,2023-03-17,emergencial
2023-03-14,ING0015,256.0,2023-03-20,emergencial
2023-03-14,ING0181,3.0,2023-03-17,emergencial
2023-03-14,ING0228,3.0,2023-03-20,emergencial
2023-03-14,ING0231,3.0,2023-03-18,emergencial
2023-03-15,ING0015,233.0,2023-03-21,emergencial
2023-03-15,ING0078,7.0,2023-03-17,emergencial
2023-03-15,ING0163,759.0,2023-03-18,emergencial
2023-03-15,ING0181,3.0,2023-03-18,emergencial
2023-03-15,ING0228,3.0,2023-03-21,emergencial
2023-03-16,ING0035,1.5,2023-03-17,emergencial
2023-03-16,ING0047,1.5,2023-03-17,emergencial
2023-03-16,ING0078,6.0,2023-03-18,emergencial
2023-03-16,ING0102,1.5,2023-03-17,emergencial
2023-03-16,ING0110,2.0,2023-03-17,emergencial
2023-03-16,ING0111,5.5,2023-03-17,emergencial
2023-03-16,ING0163,639.0,2023-03-17,emergencial
2023-03-17,ING0002,2.5,2023-03-20,sexta
2023-03-17,ING0004,18.5,2023-03-20,sexta
2023-03-17,ING0007,1.0,2023-03-20,sexta
2023-03-17,ING0008,6.0,2023-03-20,sexta
2023-03-17,ING0010,156.0,2023-03-20,sexta
2023-03-17,ING0015,95.0,2023-03-20,sexta
2023-03-17,ING0029,3.0,2023-03-22,sexta
2023-03-17,ING0035,1.0453249433544431,2023-03-18,sexta
2023-03-17,ING0036,1.5,2023-03-18,sexta
2023-03-17,ING0038,1.5,2023-03-18,sexta
2023-03-17,ING0039,0.5,2023-03-18,sexta
2023-03-17,ING0042,0.5,2023-03-18,sexta
2023-03-17,ING0047,0.5,2023-03-18,sexta
2023-03-17,ING0048,6.918602254820263,2023-03-19,sexta
2023-03-17,ING0049,5.934443797419981,2023-03-19,sexta
2023-03-17,ING0050,0.5,2023-03-19,sexta
2023-03-17,ING0052,8.0,2023-03-19,sexta
2023-03-17,ING0063,12.0,2023-03-22,sexta
2023-03-17,ING0076,18.5,2023-03-19,sexta
2023-03-17,ING0079,18.5,2023-03-19,sexta
2023-03-17,ING0081,1.5485403206862733,2023-03-19,sexta
2023-03-17,ING0084,49.49761604763576,2023-03-20,sexta
2023-03-17,ING0086,36.0,2023-03-23,sexta
2023-03-17,ING0090,3.0,2023-03-19,sexta
2023-03-17,ING0097,0.5,2023-03-22,sexta
2023-03-17,ING0098,0.5,2023-03-18,sexta
2023-03-17,ING0103,0.5,2023-03-18,sexta
2023-03-17,ING0105,1.0,2023-03-18,sexta
2023-03-17,ING0106,0.5,2023-03-19,sexta
2023-03-17,ING0110,1.0,2023-03-18,sexta
2023-03-17,ING0111,4.0,2023-03-19,sexta
2023-03-17,ING0114,0.5,2023-03-21,sexta
2023-03-17,ING0116,1.5,2023-03-18,sexta
2023-03-17,ING0129,2.5,2023-03-21,sexta
2023-03-17,ING0151,1.0,2023-03-20,sexta
2023-03-17,ING0157,0.5,2023-03-20,sexta
2023-03-17,ING0160,1.0,2023-03-25,sexta
2023-03-17,ING0163,311.0,2023-03-20,sexta
2023-03-17,ING0165,1.5,2023-03-20,sexta
2023-03-17,ING0191,11.0,2023-03-20,sexta
2023-03-17,ING0195,1.0,2023-03-28,sexta
2023-03-17,ING0202,14.5,2023-03-20,sexta
2023-03-17,ING0203,3.5,2023-03-20,sexta
2023-03-17,ING0206,126.19956191634182,2023-03-20,sexta
2023-03-17,ING0218,25.0,2023-03-20,sexta
2023-03-17,ING0228,1.0949136277148972,2023-03-23,sexta
2023-03-17,ING0230,21.5,2023-03-23,sexta
2023-03-17,ING0234,0.5,2023-03-21,sexta
2023-03-17,ING0240,2.0,2023-03-21,sexta
2023-03-20,ING0029,3.0,2023-03-24,emergencial
2023-03-20,ING0063,17.0,2023-03-24,emergencial
2023-03-20,ING0086,130.95675971585578,2023-03-26,emergencial
2023-03-20,ING0157,6.5,2023-03-23,emergencial
2023-03-20,ING0230,26.5,2023-03-24,emergencial
2023-03-20,ING0240,2.5,2023-03-25,emergencial
2023-03-21,ING0029,3.5,2023-03-25,emergencial
2023-03-21,ING0063,18.0,2023-03-25,emergencial
2023-03-21,ING0157,8.0,2023-03-24,emergencial
2023-03-22,ING0002,3.5,2023-03-25,emergencial
2023-03-22,ING0075,1.5,2023-03-24,emergencial
2023-03-22,ING0157,8.5,2023-03-29,emergencial
2023-03-23,ING0002,4.0,2023-03-26,emergencial
2023-03-23,ING0075,1.5,2023-03-25,emergencial
2023-03-24,ING0001,0.5,2023-03-27,sexta
2023-03-24,ING0002,4.5,2023-03-27,sexta
2023-03-24,ING0004,23.0,2023-03-27,sexta
2023-03-24,ING0008,4.5,2023-03-27,sexta
2023-03-24,ING0010,154.0,2023-03-28,sexta
2023-03-24,ING0011,0.5,2023-03-27,sexta
2023-03-24,ING0034,2.0,2023-03-25,sexta
2023-03-24,ING0036,1.0,2023-03-25,sexta
2023-03-24,ING0038,1.0,2023-03-25,sexta
2023-03-24,ING0041,0.5,2023-03-25,sexta
2023-03-24,ING0047,0.5,2023-03-25,sexta
2023-03-24,ING0049,7.5,2023-03-26,sexta
2023-03-24,ING0051,0.5,2023-03-26,sexta
2023-03-24,ING0057,101.0,2023-03-26,sexta
2023-03-24,ING0062,0.5,2023-03-28,sexta
2023-03-24,ING0079,16.5,2023-03-26,sexta
2023-03-24,ING0089,2.5,2023-03-26,sexta
2023-03-24,ING0098,1.5,2023-03-25,sexta
2023-03-24,ING0100,0.5,2023-03-25,sexta
2023-03-24,ING0102,1.5,2023-03-25,sexta
2023-03-24,ING0105,0.5,2023-03-25,sexta
2023-03-24,ING0109,0.5,2023-03-25,sexta
2023-03-24,ING0110,2.0,2023-03-25,sexta
2023-03-24,ING0111,3.0,2023-03-25,sexta
2023-03-24,ING0114,0.5,2023-03-25,sexta
2023-03-24,ING0116,0.5,2023-03-25,sexta
2023-03-24,ING0160,1.5,2023-03-27,sexta
2023-03-24,ING0161,5.0,2023-03-27,sexta
2023-03-24,ING0165,1.2277860953134472,2023-03-28,sexta
2023-03-24,ING0174,7.0,2023-03-27,sexta
2023-03-24,ING0189,1.5,2023-03-27,sexta
2023-03-24,ING0195,1.0,2023-03-27,sexta
2023-03-24,ING0203,6.5,2023-03-28,sexta
2023-03-24,ING0218,22.5,2023-03-27,sexta
2023-03-24,ING0240,2.0,2023-03-28,sexta
2023-03-24,ING0244,0.5,2023-03-29,sexta
2023-03-27,ING0010,267.0,2023-03-30,emergencial
2023-03-27,ING0203,8.0,2023-03-30,emergencial
2023-03-28,ING0057,297.0,2023-03-31,emergencial
2023-03-29,ING0057,1015.6098204326003,2023-03-31,emergencial
2023-03-30,ING0057,881.2489881574702,2023-04-01,emergencial
2023-03-30,ING0061,1.5,2023-04-03,emergencial
2023-03-30,ING0081,8.0,2023-04-01,emergencial
2023-03-30,ING0110,1.5,2023-03-31,emergencial
2023-03-31,ING0001,0.5,2023-04-03,sexta
2023-03-31,ING0004,19.5,2023-04-03,sexta
2023-03-31,ING0007,0.44227579740670475,2023-04-03,sexta
2023-03-31,ING0008,5.5,2023-04-04,sexta
2023-03-31,ING0028,1.0,2023-04-07,sexta
2023-03-31,ING0029,0.5,2023-04-04,sexta
2023-03-31,ING0036,0.5,2023-04-02,sexta
2023-03-31,ING0038,1.0,2023-04-03,sexta
2023-03-31,ING0039,0.5,2023-04-02,sexta
2023-03-31,ING0044,0.5,2023-04-01,sexta
2023-03-31,ING0046,0.5,2023-04-01,sexta
2023-03-31,ING0047,0.5,2023-04-04,sexta
2023-03-31,ING0049,10.5,2023-04-02,sexta
2023-03-31,ING0052,12.5,2023-04-02,sexta
2023-03-31,ING0055,0.5,2023-04-02,sexta
2023-03-31,ING0061,1.5,2023-04-04,sexta
2023-03-31,ING0062,1.0,2023-04-04,sexta
2023-03-31,ING0078,4.146814396252067,2023-04-02,sexta
2023-03-31,ING0081,7.0,2023-04-04,sexta
2023-03-31,ING0083,1.5,2023-04-03,sexta
2023-03-31,ING0089,15.5,2023-04-02,sexta
2023-03-31,ING0092,8.5,2023-04-02,sexta
2023-03-31,ING0093,2.0,2023-04-02,sexta
2023-03-31,ING0097,0.5,2023-04-02,sexta
2023-03-31,ING0098,1.5,2023-04-01,sexta
2023-03-31,ING0105,1.657346724180119,2023-04-01,sexta
2023-03-31,ING0108,0.5,2023-04-03,sexta
2023-03-31,ING0110,1.0,2023-04-01,sexta
2023-03-31,ING0112,0.5,2023-04-01,sexta
2023-03-31,ING0129,1.0,2023-04-04,sexta
2023-03-31,ING0132,2.0,2023-04-04,sexta
2023-03-31,ING0135,0.5,2023-04-04,sexta
2023-03-31,ING0150,1.0,2023-04-03,sexta
2023-03-31,ING0154,11.5,2023-04-03,sexta
2023-03-31,ING0161,2.5,2023-04-03,sexta
2023-03-31,ING0163,266.0,2023-04-01,sexta
2023-03-31,ING0174,11.0,2023-04-10,sexta
2023-03-31,ING0189,1.0,2023-04-03,sexta
2023-03-31,ING0207,1.0,2023-04-03,sexta
2023-03-31,ING0218,31.5,2023-04-03,sexta
2023-03-31,ING0234,0.5,2023-04-04,sexta
2023-03-31,ING0237,0.5,2023-04-11,sexta
2023-03-31,ING0242,18.0,2023-04-04,sexta
2023-03-31,ING0244,0.5,2023-04-04,sexta
2023-04-03,ING0008,7.0,2023-04-06,emergencial
2023-04-03,ING0098,1.5,2023-04-04,emergencial
2023-04-03,ING0128,2.5,2023-04-07,emergencial
2023-04-03,ING0160,1.5,2023-04-06,emergencial
2023-04-03,ING0174,14.5,2023-04-06,emergencial
2023-04-03,ING0242,22.5,2023-04-07,emergencial
2023-04-04,ING0089,12.0,2023-04-06,emergencial
2023-04-04,ING0093,2.0,2023-04-06,emergencial
2023-04-04,ING0128,2.0,2023-04-08,emergencial
2023-04-04,ING0160,2.0,2023-04-07,emergencial
2023-04-04,ING0174,14.0,2023-04-07,emergencial
2023-04-05,ING0093,3.0,2023-04-07,emergencial
2023-04-05,ING0126,17.0,2023-04-10,emergencial
2023-04-05,ING0128,3.0,2023-04-09,emergencial
2023-04-05,ING0160,3.5,2023-04-08,emergencial
2023-04-05,ING0174,70.36081305651335,2023-04-08,emergencial
2023-04-06,ING0128,4.0,2023-04-10,emergencial
2023-04-07,ING0001,1.0,2023-04-10,sexta
2023-04-07,ING0004,43.5,2023-04-10,sexta
2023-04-07,ING0007,0.5,2023-04-13,sexta
2023-04-07,ING0010,145.0,2023-04-10,sexta
2023-04-07,ING0018,0.5,2023-04-10,sexta
2023-04-07,ING0028,0.5,2023-04-11,sexta
2023-04-07,ING0034,3.5,2023-04-08,sexta
2023-04-07,ING0036,0.5,2023-04-09,sexta
2023-04-07,ING0047,0.5,2023-04-08,sexta
2023-04-07,ING0049,12.0,2023-04-09,sexta
2023-04-07,ING0050,0.5,2023-04-14,sexta
2023-04-07,ING0052,18.5,2023-04-09,sexta
2023-04-07,ING0055,0.46236032355057965,2023-04-10,sexta
2023-04-07,ING0069,0.5,2023-04-11,sexta
2023-04-07,ING0089,8.0,2023-04-09,sexta
2023-04-07,ING0090,4.0,2023-04-12,sexta
2023-04-07,ING0092,17.5,2023-04-09,sexta
2023-04-07,ING0097,0.5,2023-04-09,sexta
2023-04-07,ING0098,0.5,2023-04-08,sexta
2023-04-07,ING0103,0.5,2023-04-08,sexta
2023-04-07,ING0105,1.5,2023-04-08,sexta
2023-04-07,ING0110,0.5,2023-04-09,sexta
2023-04-07,ING0113,0.5,2023-04-09,sexta
2023-04-07,ING0116,1.0,2023-04-09,sexta
2023-04-07,ING0122,55.21045748556202,2023-04-11,sexta
2023-04-07,ING0126,22.5,2023-04-11,sexta
2023-04-07,ING0128,2.5,2023-04-11,sexta
2023-04-07,ING0129,2.0,2023-04-11,sexta
2023-04-07,ING0137,0.5,2023-04-11,sexta
2023-04-07,ING0147,0.5,2023-04-22,sexta
2023-04-07,ING0150,1.0,2023-04-11,sexta
2023-04-07,ING0156,0.5,2023-04-10,sexta
2023-04-07,ING0161,3.5,2023-04-10,sexta
2023-04-07,ING0163,978.0,2023-04-08,sexta
2023-04-07,ING0183,1.5,2023-04-10,sexta
2023-04-07,ING0189,1.5,2023-04-10,sexta
2023-04-07,ING0191,27.0,2023-04-11,sexta
2023-04-07,ING0204,0.5,2023-04-10,sexta
2023-04-07,ING0207,2.0,2023-04-10,sexta
2023-04-07,ING0218,64.5,2023-04-10,sexta
2023-04-07,ING0237,0.5,2023-04-11,sexta
2023-04-07,ING0240,1.5,2023-04-12,sexta
2023-04-10,ING0007,2.0,2023-04-13,emergencial
2023-04-10,ING0040,10.0,2023-04-11,emergencial
2023-04-10,ING0075,3.0,2023-04-13,emergencial
2023-04-11,ING0007,2.0,2023-04-16,emergencial
2023-04-11,ING0075,3.5,2023-04-16,emergencial
2023-04-11,ING0090,6.0,2023-04-15,emergencial
2023-04-12,ING0007,3.0,2023-04-15,emergencial
2023-04-12,ING0061,1.5,2023-04-16,emergencial
2023-04-12,ING0069,14.5,2023-04-16,emergencial
2023-04-12,ING0075,3.5,2023-04-14,emergencial
2023-04-12,ING0154,46.5,2023-04-15,emergencial
2023-04-12,ING0190,17.0,2023-04-15,emergencial
2023-04-13,ING0061,1.5,2023-04-17,emergencial
2023-04-13,ING0069,15.0,2023-04-17,emergencial
2023-04-13,ING0102,3.9284953586251747,2023-04-14,emergencial
2023-04-13,ING0154,48.0,2023-04-16,emergencial
2023-04-13,ING0190,19.0,2023-04-16,emergencial
2023-04-14,ING0002,1.5,2023-04-17,sexta
2023-04-14,ING0004,58.0,2023-04-17,sexta
2023-04-14,ING0008,23.5,2023-04-18,sexta
2023-04-14,ING0010,433.0,2023-04-17,sexta
2023-04-14,ING0016,0.5,2023-04-19,sexta
2023-04-14,ING0018,74.5,2023-04-17,sexta
2023-04-14,ING0028,7.5,2023-04-18,sexta
2023-04-14,ING0038,2.0,2023-04-15,sexta
2023-04-14,ING0039,0.5,2023-04-16,sexta
2023-04-14,ING0041,0.5,2023-04-15,sexta
2023-04-14,ING0046,0.5,2023-04-15,sexta
2023-04-14,ING0047,0.5,2023-04-15,sexta
2023-04-14,ING0049,19.5,2023-04-16,sexta
2023-04-14,ING0052,24.5,2023-04-20,sexta
2023-04-14,ING0061,1.5,2023-04-18,sexta
2023-04-14,ING0062,2.5,2023-04-19,sexta
2023-04-14,ING0063,27.5,2023-04-19,sexta
2023-04-14,ING0066,199.0,2023-04-18,sexta
2023-04-14,ING0069,18.0,2023-04-18,sexta
2023-04-14,ING0076,22.0,2023-04-16,sexta
2023-04-14,ING0079,48.0,2023-04-16,sexta
2023-04-14,ING0089,58.0,2023-04-16,sexta
2023-04-14,ING0092,27.0,2023-04-16,sexta
2023-04-14,ING0093,4.0,2023-04-17,sexta
2023-04-14,ING0096,2.5,2023-04-16,sexta
2023-04-14,ING0098,1.7266995048385891,2023-04-16,sexta
2023-04-14,ING0103,0.5,2023-04-15,sexta
2023-04-14,ING0105,2.0,2023-04-15,sexta
2023-04-14,ING0113,0.5,2023-04-15,sexta
2023-04-14,ING0116,1.0,2023-04-15,sexta
2023-04-14,ING0129,4.5,2023-04-18,sexta
2023-04-14,ING0147,0.5,2023-04-19,sexta
2023-04-14,ING0151,1.0,2023-04-17,sexta
2023-04-14,ING0152,1.0,2023-04-17,sexta
2023-04-14,ING0154,49.5,2023-04-17,sexta
2023-04-14,ING0161,5.0,2023-04-17,sexta
2023-04-14,ING0163,1594.0,2023-04-15,sexta
2023-04-14,ING0166,1.948862554842771,2023-04-17,sexta
2023-04-14,ING0183,4.5,2023-04-17,sexta
2023-04-14,ING0189,2.0,2023-04-17,sexta
2023-04-14,ING0190,15.0,2023-04-17,sexta
2023-04-14,ING0191,37.0,2023-04-17,sexta
2023-04-14,ING0195,2.0,2023-04-17,sexta
2023-04-14,ING0204,1.5,2023-04-17,sexta
2023-04-14,ING0207,3.0,2023-04-17,sexta
2023-04-14,ING0211,76.0,2023-04-17,sexta
2023-04-14,ING0218,65.0,2023-04-17,sexta
2023-04-14,ING0224,3.5,2023-04-18,sexta
2023-04-14,ING0234,1.871570865450582,2023-04-18,sexta
2023-04-14,ING0240,3.5,2023-04-18,sexta
2023-04-14,ING0242,62.5,2023-04-18,sexta
2023-04-17,ING0008,26.5,2023-04-20,emergencial
2023-04-17,ING0028,10.5,2023-04-21,emergencial
2023-04-17,ING0042,1.0,2023-04-18,emergencial
2023-04-17,ING0062,6.0,2023-04-21,emergencial
2023-04-17,ING0066,208.5,2023-04-21,emergencial
2023-04-17,ING0129,7.5,2023-04-21,emergencial
2023-04-17,ING0165,4.5,2023-04-21,emergencial
2023-04-17,ING0224,6.0,2023-04-21,emergencial
2023-04-17,ING0234,1.0,2023-04-21,emergencial
2023-04-17,ING0240,4.5,2023-04-21,emergencial
2023-04-17,ING0242,82.5,2023-04-21,emergencial
2023-04-18,ING0002,6.0,2023-04-23,emergencial
2023-04-18,ING0015,456.0,2023-04-21,emergencial
2023-04-18,ING0035,2.0,2023-04-19,emergencial
2023-04-18,ING0052,42.0,2023-04-20,emergencial
2023-04-18,ING0062,6.0,2023-04-22,emergencial
2023-04-18,ING0063,39.5,2023-04-22,emergencial
2023-04-18,ING0110,3.5,2023-04-19,emergencial
2023-04-18,ING0128,7.5,2023-04-22,emergencial
2023-04-18,ING0139,23.0,2023-04-22,emergencial
2023-04-18,ING0160,5.0,2023-04-21,emergencial
2023-04-18,ING0165,4.5,2023-04-21,emergencial
2023-04-18,ING0171,74.5,2023-04-21,emergencial
2023-04-19,ING0002,6.5,2023-04-22,emergencial
2023-04-19,ING0015,1403.9019239203371,2023-04-22,emergencial
2023-04-19,ING0024,18.0,2023-04-23,emergencial
2023-04-19,ING0037,1.5,2023-04-21,emergencial
2023-04-19,ING0052,35.5,2023-04-21,emergencial
2023-04-19,ING0128,9.0,2023-04-23,emergencial
2023-04-19,ING0139,19.5,2023-04-23,emergencial
2023-04-19,ING0160,4.5,2023-04-22,emergencial
2023-04-19,ING0164,5.5,2023-04-22,emergencial
2023-04-19,ING0165,4.5,2023-04-23,emergencial
2023-04-19,ING0171,60.0,2023-04-22,emergencial
2023-04-19,ING0191,62.5,2023-04-22,emergencial
2023-04-20,ING0002,25.391671823767457,2023-04-23,emergencial
2023-04-20,ING0015,1453.10409415119,2023-04-23,emergencial
2023-04-20,ING0024,19.0,2023-04-23,emergencial
2023-04-20,ING0037,1.5,2023-04-21,emergencial
2023-04-20,ING0092,25.0,2023-04-22,emergencial
2023-04-20,ING0128,8.0,2023-04-24,emergencial
2023-04-20,ING0139,17.5,2023-04-24,emergencial
2023-04-20,ING0160,5.0,2023-04-23,emergencial
2023-04-20,ING0164,6.0,2023-04-25,emergencial
2023-04-20,ING0165,4.0,2023-04-23,emergencial
2023-04-20,ING0171,57.2573635221458,2023-04-24,emergencial
2023-04-20,ING0191,56.0,2023-04-24,emergencial
2023-04-21,ING0002,21.47997349170702,2023-04-24,sexta
2023-04-21,ING0004,33.0,2023-04-24,sexta
2023-04-21,ING0010,162.0,2023-04-24,sexta
2023-04-21,ING0011,0.5,2023-04-24,sexta
2023-04-21,ING0012,8.12644444352107,2023-04-25,sexta
2023-04-21,ING0018,52.5,2023-04-24,sexta
2023-04-21,ING0024,13.5,2023-04-24,sexta
2023-04-21,ING0025,73.3290473804473,2023-04-27,sexta
2023-04-21,ING0028,0.5,2023-04-26,sexta
2023-04-21,ING0034,2.0,2023-04-22,sexta
2023-04-21,ING0035,1.0,2023-04-22,sexta
2023-04-21,ING0038,1.5,2023-04-22,sexta
2023-04-21,ING0040,14.333739164594084,2023-04-22,sexta
2023-04-21,ING0042,1.0,2023-04-22,sexta
2023-04-21,ING0046,0.5,2023-04-24,sexta
2023-04-21,ING0047,0.42737094597960157,2023-04-22,sexta
2023-04-21,ING0049,11.0,2023-04-23,sexta
2023-04-21,ING0061,0.5,2023-04-25,sexta
2023-04-21,ING0063,15.5,2023-04-25,sexta
2023-04-21,ING0072,0.5,2023-05-03,sexta
2023-04-21,ING0073,0.5,2023-04-25,sexta
2023-04-21,ING0076,52.393481908533225,2023-04-23,sexta
2023-04-21,ING0079,24.5,2023-04-23,sexta
2023-04-21,ING0084,13.0,2023-04-23,sexta
2023-04-21,ING0092,23.5,2023-04-23,sexta
2023-04-21,ING0093,4.304860791798023,2023-04-23,sexta
2023-04-21,ING0096,3.0,2023-04-23,sexta
2023-04-21,ING0097,0.5,2023-04-23,sexta
2023-04-21,ING0098,0.5,2023-04-22,sexta
2023-04-21,ING0100,1.4342029910664351,2023-04-22,sexta
2023-04-21,ING0103,0.5,2023-04-22,sexta
2023-04-21,ING0109,0.5,2023-04-24,sexta
2023-04-21,ING0110,1.5,2023-04-23,sexta
2023-04-21,ING0116,1.0,2023-04-23,sexta
2023-04-21,ING0122,7.5,2023-04-25,sexta
2023-04-21,ING0126,15.5,2023-04-25,sexta
2023-04-21,ING0128,5.0,2023-04-25,sexta
2023-04-21,ING0139,10.5,2023-04-25,sexta
2023-04-21,ING0150,0.5,2023-04-24,sexta
2023-04-21,ING0151,0.5,2023-04-24,sexta
2023-04-21,ING0157,9.991356996005111,2023-04-24,sexta
2023-04-21,ING0159,250.0,2023-04-22,sexta
2023-04-21,ING0161,3.5,2023-04-30,sexta
2023-04-21,ING0163,822.0,2023-04-22,sexta
2023-04-21,ING0164,6.0,2023-04-24,sexta
2023-04-21,ING0166,0.5,2023-04-24,sexta
2023-04-21,ING0167,105.61437520910364,2023-04-24,sexta
2023-04-21,ING0191,33.0,2023-04-24,sexta
2023-04-21,ING0203,2.0,2023-04-24,sexta
2023-04-21,ING0204,0.5,2023-04-24,sexta
2023-04-21,ING0205,0.5,2023-04-24,sexta
2023-04-21,ING0207,2.0,2023-04-24,sexta
2023-04-21,ING0211,79.0,2023-04-24,sexta
2023-04-21,ING0221,13.0,2023-04-25,sexta
2023-04-21,ING0230,80.97082858821247,2023-04-25,sexta
2023-04-21,ING0231,3.5951038247172247,2023-04-25,sexta
2023-04-21,ING0232,1.5,2023-04-27,sexta
2023-04-21,ING0236,27.665414359157168,2023-04-25,sexta
2023-04-21,ING0243,1.5,2023-04-25,sexta
2023-04-24,ING0025,50.631961286499326,2023-04-27,emergencial
2023-04-24,ING0061,2.0,2023-04-28,emergencial
2023-04-24,ING0126,16.0,2023-04-28,emergencial
2023-04-24,ING0161,4.0,2023-05-03,emergencial
2023-04-24,ING0221,16.5,2023-04-30,emergencial
2023-04-24,ING0231,2.0,2023-04-28,emergencial
2023-04-24,ING0243,1.5,2023-04-28,emergencial
2023-04-25,ING0025,48.88603158696487,2023-04-28,emergencial
2023-04-25,ING0061,5.11446623683269,2023-04-29,emergencial
2023-04-25,ING0106,3.0,2023-04-27,emergencial
2023-04-25,ING0110,2.0,2023-04-26,emergencial
2023-04-25,ING0121,4.5,2023-04-29,emergencial
2023-04-25,ING0161,5.0,2023-04-28,emergencial
2023-04-26,ING0025,52.37789098603378,2023-04-29,emergencial
2023-04-26,ING0061,3.835849677624517,2023-04-30,emergencial
2023-04-26,ING0106,3.0,2023-04-27,emergencial
2023-04-26,ING0161,7.371818301854781,2023-05-01,emergencial
2023-04-26,ING0244,2.5,2023-04-30,emergencial
2023-04-27,ING0061,5.11446623683269,2023-05-01,emergencial
2023-04-27,ING0161,8.5,2023-04-30,emergencial
2023-04-27,ING0244,2.5,2023-05-01,emergencial
2023-04-28,ING0004,45.0,2023-05-01,sexta
2023-04-28,ING0017,1.5,2023-05-01,sexta
2023-04-28,ING0018,48.5,2023-05-01,sexta
2023-04-28,ING0028,5.5,2023-05-02,sexta
2023-04-28,ING0034,4.0,2023-04-29,sexta
2023-04-28,ING0039,0.5,2023-04-29,sexta
2023-04-28,ING0042,0.5,2023-04-29,sexta
2023-04-28,ING0046,0.5,2023-05-01,sexta
2023-04-28,ING0047,0.5,2023-05-01,sexta
2023-04-28,ING0049,15.0,2023-04-30,sexta
2023-04-28,ING0050,0.5,2023-04-30,sexta
2023-04-28,ING0051,0.5,2023-04-30,sexta
2023-04-28,ING0059,1.7113022784949434,2023-05-02,sexta
2023-04-28,ING0072,0.5,2023-05-02,sexta
2023-04-28,ING0079,49.1051492439404,2023-04-30,sexta
2023-04-28,ING0084,19.0,2023-04-30,sexta
2023-04-28,ING0093,3.0,2023-04-30,sexta
2023-04-28,ING0096,3.106459181343938,2023-04-30,sexta
2023-04-28,ING0098,0.5,2023-04-29,sexta
2023-04-28,ING0099,1.1089535374843054,2023-04-29,sexta
2023-04-28,ING0100,1.0,2023-04-29,sexta
2023-04-28,ING0103,0.5,2023-05-03,sexta
2023-04-28,ING0107,0.5,2023-04-29,sexta
2023-04-28,ING0110,2.0,2023-04-29,sexta
2023-04-28,ING0112,0.5,2023-05-03,sexta
2023-04-28,ING0114,0.5,2023-04-29,sexta
2023-04-28,ING0115,1.5,2023-05-01,sexta
2023-04-28,ING0122,37.5,2023-05-03,sexta
2023-04-28,ING0135,0.5,2023-05-02,sexta
2023-04-28,ING0137,0.5,2023-05-13,sexta
2023-04-28,ING0156,0.5,2023-05-01,sexta
2023-04-28,ING0157,4.0,2023-05-01,sexta
2023-04-28,ING0159,742.0,2023-04-30,sexta
2023-04-28,ING0161,2.5,2023-05-01,sexta
2023-04-28,ING0188,25.0,2023-05-01,sexta
2023-04-28,ING0195,1.5,2023-05-01,sexta
2023-04-28,ING0203,1.5,2023-05-03,sexta
2023-04-28,ING0205,0.5,2023-05-02,sexta
2023-04-28,ING0207,1.5,2023-05-02,sexta
2023-04-28,ING0211,72.0,2023-05-01,sexta
2023-04-28,ING0221,13.269998104830984,2023-05-02,sexta
2023-04-28,ING0232,3.0,2023-05-04,sexta
2023-04-28,ING0244,2.5,2023-05-02,sexta
2023-05-01,ING0028,11.0,2023-05-05,emergencial
2023-05-01,ING0059,2.5,2023-05-07,emergencial
2023-05-01,ING0122,60.5,2023-05-05,emergencial
2023-05-01,ING0218,118.0,2023-05-04,emergencial
2023-05-02,ING0122,58.5,2023-05-06,emergencial
2023-05-02,ING0218,105.0,2023-05-05,emergencial
2023-05-03,ING0069,12.0,2023-05-07,emergencial
2023-05-03,ING0098,1.5,2023-05-04,emergencial
2023-05-03,ING0218,100.5,2023-05-09,emergencial
2023-05-04,ING0069,11.0,2023-05-08,emergencial
2023-05-04,ING0240,4.0,2023-05-08,emergencial
2023-05-05,ING0001,1.0,2023-05-08,sexta
2023-05-05,ING0004,21.5,2023-05-08,sexta
2023-05-05,ING0011,0.6210933152010703,2023-05-08,sexta
2023-05-05,ING0012,4.0,2023-05-08,sexta
2023-05-05,ING0018,33.5,2023-05-08,sexta
2023-05-05,ING0023,42.0,2023-05-11,sexta
2023-05-05,ING0033,1.5,2023-05-06,sexta
2023-05-05,ING0036,0.5,2023-05-09,sexta
2023-05-05,ING0038,1.5,2023-05-06,sexta
2023-05-05,ING0039,0.5,2023-05-06,sexta
2023-05-05,ING0042,0.5,2023-05-06,sexta
2023-05-05,ING0044,0.5,2023-05-06,sexta
2023-05-05,ING0046,0.5,2023-05-06,sexta
2023-05-05,ING0055,0.5,2023-05-09,sexta
2023-05-05,ING0059,1.0,2023-05-12,sexta
2023-05-05,ING0062,3.321167351009103,2023-05-09,sexta
2023-05-05,ING0068,0.5,2023-05-09,sexta
2023-05-05,ING0069,7.0,2023-05-09,sexta
2023-05-05,ING0070,3.5,2023-05-09,sexta
2023-05-05,ING0071,10.0,2023-05-09,sexta
2023-05-05,ING0076,72.21717498468536,2023-05-07,sexta
2023-05-05,ING0079,19.0,2023-05-07,sexta
2023-05-05,ING0084,18.5,2023-05-07,sexta
2023-05-05,ING0088,36.0,2023-05-07,sexta
2023-05-05,ING0090,3.0,2023-05-07,sexta
2023-05-05,ING0093,3.0,2023-05-07,sexta
2023-05-05,ING0094,2.5,2023-05-07,sexta
2023-05-05,ING0096,2.5,2023-05-07,sexta
2023-05-05,ING0097,0.5,2023-05-07,sexta
2023-05-05,ING0098,0.5,2023-05-06,sexta
2023-05-05,ING0100,1.5,2023-05-06,sexta
2023-05-05,ING0101,0.5,2023-05-06,sexta
2023-05-05,ING0103,0.5,2023-05-06,sexta
2023-05-05,ING0106,1.0,2023-05-06,sexta
2023-05-05,ING0107,1.0,2023-05-06,sexta
2023-05-05,ING0110,1.5,2023-05-06,sexta
2023-05-05,ING0115,1.0,2023-05-06,sexta
2023-05-05,ING0121,1.5,2023-05-09,sexta
2023-05-05,ING0129,1.0,2023-05-09,sexta
2023-05-05,ING0137,0.5,2023-05-10,sexta
2023-05-05,ING0150,1.0,2023-05-08,sexta
2023-05-05,ING0151,1.0,2023-05-08,sexta
2023-05-05,ING0152,1.0,2023-05-08,sexta
2023-05-05,ING0157,11.0,2023-05-08,sexta
2023-05-05,ING0159,445.0,2023-05-06,sexta
2023-05-05,ING0166,0.5462866893172333,2023-05-08,sexta
2023-05-05,ING0167,21.5,2023-05-08,sexta
2023-05-05,ING0178,30.0,2023-05-08,sexta
2023-05-05,ING0181,1.5,2023-05-08,sexta
2023-05-05,ING0188,26.0,2023-05-08,sexta
2023-05-05,ING0204,1.0,2023-05-08,sexta
2023-05-05,ING0205,0.5,2023-05-08,sexta
2023-05-05,ING0207,1.5,2023-05-09,sexta
2023-05-05,ING0211,48.0,2023-05-08,sexta
2023-05-05,ING0224,1.5,2023-05-09,sexta
2023-05-05,ING0229,0.4585675835640535,2023-05-17,sexta
2023-05-05,ING0236,81.24005721950354,2023-05-09,sexta
2023-05-05,ING0243,1.5,2023-05-09,sexta
2023-05-08,ING0023,631.9258464649326,2023-05-11,emergencial
2023-05-08,ING0037,1.411093850559498,2023-05-09,emergencial
2023-05-08,ING0071,13.0,2023-05-12,emergencial
2023-05-08,ING0092,13.0,2023-05-10,emergencial
2023-05-08,ING0098,1.5,2023-05-09,emergencial
2023-05-08,ING0126,9.0,2023-05-12,emergencial
2023-05-08,ING0172,4.5,2023-05-11,emergencial
2023-05-08,ING0178,93.0,2023-05-11,emergencial
2023-05-08,ING0183,1.5,2023-05-11,emergencial
2023-05-08,ING0203,3.5,2023-05-11,emergencial
2023-05-08,ING0207,1.5,2023-05-11,emergencial
2023-05-08,ING0217,12.5,2023-05-11,emergencial
2023-05-08,ING0243,1.0,2023-05-13,emergencial
2023-05-09,ING0023,611.9281930957893,2023-05-12,emergencial
2023-05-09,ING0092,13.5,2023-05-11,emergencial
2023-05-09,ING0172,4.0,2023-05-12,emergencial
2023-05-09,ING0178,99.0,2023-05-12,emergencial
2023-05-09,ING0183,1.5,2023-05-13,emergencial
2023-05-09,ING0203,4.0,2023-05-12,emergencial
2023-05-09,ING0217,13.0,2023-05-12,emergencial
2023-05-10,ING0023,607.9286624219606,2023-05-13,emergencial
2023-05-10,ING0093,2.0,2023-05-15,emergencial
2023-05-10,ING0115,1.0,2023-05-11,emergencial
2023-05-10,ING0131,1.5,2023-05-14,emergencial
2023-05-10,ING0172,4.0,2023-05-13,emergencial
2023-05-10,ING0178,444.01960325995003,2023-05-13,emergencial
2023-05-10,ING0183,1.5,2023-05-13,emergencial
2023-05-10,ING0203,4.0,2023-05-13,emergencial
2023-05-10,ING0217,16.5,2023-05-14,emergencial
2023-05-11,ING0131,1.5,2023-05-15,emergencial
2023-05-12,ING0007,1.5,2023-05-15,sexta
2023-05-12,ING0008,8.0,2023-05-15,sexta
2023-05-12,ING0010,1.0,2023-05-15,sexta
2023-05-12,ING0012,5.0,2023-05-15,sexta
2023-05-12,ING0016,0.5,2023-05-15,sexta
2023-05-12,ING0018,43.5,2023-05-15,sexta
2023-05-12,ING0026,1.5,2023-05-16,sexta
2023-05-12,ING0033,2.0,2023-05-13,sexta
2023-05-12,ING0034,3.0,2023-05-13,sexta
2023-05-12,ING0035,2.0,2023-05-14,sexta
2023-05-12,ING0038,2.0,2023-05-13,sexta
2023-05-12,ING0039,0.5,2023-05-13,sexta
2023-05-12,ING0043,4.5,2023-05-13,sexta
2023-05-12,ING0046,0.5,2023-05-13,sexta
2023-05-12,ING0070,8.4515816824522,2023-05-16,sexta
2023-05-12,ING0071,12.434385082236783,2023-05-17,sexta
2023-05-12,ING0075,1.0,2023-05-14,sexta
2023-05-12,ING0079,29.0,2023-05-14,sexta
2023-05-12,ING0088,103.69480167491045,2023-05-15,sexta
2023-05-12,ING0090,3.5,2023-05-14,sexta
2023-05-12,ING0092,7.5,2023-05-14,sexta
2023-05-12,ING0093,10.672439094767016,2023-05-14,sexta
2023-05-12,ING0095,13.5,2023-05-14,sexta
2023-05-12,ING0096,3.0,2023-05-14,sexta
2023-05-12,ING0097,0.5,2023-05-14,sexta
2023-05-12,ING0098,0.5470437183188247,2023-05-13,sexta
2023-05-12,ING0100,1.0,2023-05-13,sexta
2023-05-12,ING0103,0.5,2023-05-13,sexta
2023-05-12,ING0106,2.0,2023-05-13,sexta
2023-05-12,ING0107,0.5,2023-05-13,sexta
2023-05-12,ING0108,0.5,2023-05-13,sexta
2023-05-12,ING0110,1.0,2023-05-14,sexta
2023-05-12,ING0113,0.5,2023-05-13,sexta
2023-05-12,ING0115,1.0,2023-05-13,sexta
2023-05-12,ING0121,1.0,2023-05-17,sexta
2023-05-12,ING0124,0.5014435448205408,2023-05-16,sexta
2023-05-12,ING0126,4.5,2023-05-16,sexta
2023-05-12,ING0129,2.5,2023-05-16,sexta
2023-05-12,ING0131,2.0,2023-05-16,sexta
2023-05-12,ING0147,0.5,2023-05-17,sexta
2023-05-12,ING0157,1.0,2023-05-15,sexta
2023-05-12,ING0166,1.0,2023-05-15,sexta
2023-05-12,ING0167,53.0,2023-05-15,sexta
2023-05-12,ING0178,4.62520420062448,2023-05-15,sexta
2023-05-12,ING0188,37.0,2023-05-15,sexta
2023-05-12,ING0204,1.0,2023-05-15,sexta
2023-05-12,ING0205,0.5,2023-05-18,sexta
2023-05-12,ING0211,80.0,2023-05-23,sexta
2023-05-12,ING0214,198.71820483849288,2023-05-15,sexta
2023-05-12,ING0221,6.0,2023-05-17,sexta
2023-05-12,ING0224,1.5,2023-05-16,sexta
2023-05-12,ING0229,0.47073569541194604,2023-05-20,sexta
2023-05-12,ING0231,0.5,2023-05-16,sexta
2023-05-12,ING0237,0.5,2023-05-16,sexta
2023-05-12,ING0243,0.5,2023-05-16,sexta
2023-05-19,ING0001,1.0,2023-05-22,sexta
2023-05-19,ING0007,1.0,2023-05-22,sexta
2023-05-19,ING0008,16.0,2023-05-25,sexta
2023-05-19,ING0010,241.0,2023-05-22,sexta
2023-05-19,ING0018,70.0,2023-05-22,sexta
2023-05-19,ING0033,3.0,2023-05-21,sexta
2023-05-19,ING0034,4.0,2023-05-20,sexta
2023-05-19,ING0035,1.183121036028381,2023-05-22,sexta
2023-05-19,ING0036,1.0,2023-05-20,sexta
2023-05-19,ING0037,1.0,2023-05-20,sexta
2023-05-19,ING0038,2.5,2023-05-21,sexta
2023-05-19,ING0041,0.5,2023-05-20,sexta
2023-05-19,ING0043,13.5,2023-05-22,sexta
2023-05-19,ING0063,16.0,2023-05-23,sexta
2023-05-19,ING0070,19.5,2023-05-23,sexta
2023-05-19,ING0073,0.5,2023-05-23,sexta
2023-05-19,ING0075,1.0,2023-05-21,sexta
2023-05-19,ING0076,31.5,2023-05-21,sexta
2023-05-19,ING0079,30.5,2023-05-24,sexta
2023-05-19,ING0092,55.2493320422201,2023-05-21,sexta
2023-05-19,ING0094,4.0,2023-05-21,sexta
2023-05-19,ING0095,20.5,2023-05-22,sexta
2023-05-19,ING0096,4.0,2023-05-21,sexta
2023-05-19,ING0097,0.5,2023-05-22,sexta
2023-05-19,ING0098,0.5,2023-05-20,sexta
2023-05-19,ING0100,0.5,2023-05-20,sexta
2023-05-19,ING0103,0.5,2023-05-20,sexta
2023-05-19,ING0104,4.0,2023-05-20,sexta
2023-05-19,ING0106,3.0,2023-05-20,sexta
2023-05-19,ING0107,1.0,2023-05-20,sexta
2023-05-19,ING0109,0.5,2023-05-20,sexta
2023-05-19,ING0110,2.5,2023-05-20,sexta
2023-05-19,ING0124,1.5,2023-05-23,sexta
2023-05-19,ING0126,10.5,2023-05-23,sexta
2023-05-19,ING0129,3.5,2023-05-23,sexta
2023-05-19,ING0135,0.5,2023-05-29,sexta
2023-05-19,ING0151,0.5,2023-05-22,sexta
2023-05-19,ING0160,6.0,2023-05-22,sexta
2023-05-19,ING0165,1.0,2023-05-22,sexta
2023-05-19,ING0166,1.0,2023-05-22,sexta
2023-05-19,ING0167,65.5,2023-05-22,sexta
2023-05-19,ING0171,18.5,2023-05-22,sexta
2023-05-19,ING0181,6.0,2023-05-22,sexta
2023-05-19,ING0188,46.0,2023-05-22,sexta
2023-05-19,ING0195,2.5,2023-05-22,sexta
2023-05-19,ING0204,1.0,2023-05-24,sexta
2023-05-19,ING0205,0.5,2023-05-22,sexta
2023-05-19,ING0206,110.0,2023-05-22,sexta
2023-05-19,ING0207,2.5,2023-05-22,sexta
2023-05-19,ING0211,141.0,2023-05-22,sexta
2023-05-19,ING0220,10.5,2023-05-22,sexta
2023-05-19,ING0221,21.5,2023-05-23,sexta
2023-05-19,ING0229,0.5,2023-05-23,sexta
2023-05-19,ING0231,2.5,2023-05-23,sexta
2023-05-19,ING0232,0.5,2023-05-25,sexta
2023-05-19,ING0238,7.5,2023-05-23,sexta
2023-05-19,ING0240,6.0,2023-05-23,sexta
2023-05-22,ING0004,35.5,2023-05-25,emergencial
2023-05-22,ING0008,17.0,2023-05-30,emergencial
2023-05-22,ING0061,2.0,2023-05-26,emergencial
2023-05-22,ING0070,25.0,2023-05-26,emergencial
2023-05-22,ING0079,44.0,2023-05-24,emergencial
2023-05-22,ING0098,1.5,2023-05-23,emergencial
2023-05-22,ING0104,2.5,2023-05-23,emergencial
2023-05-22,ING0106,2.0,2023-05-23,emergencial
2023-05-22,ING0110,2.0,2023-05-23,emergencial
2023-05-22,ING0111,7.0,2023-05-23,emergencial
2023-05-22,ING0115,2.5,2023-05-23,emergencial
2023-05-22,ING0121,2.5,2023-05-27,emergencial
2023-05-22,ING0124,1.5,2023-05-27,emergencial
2023-05-22,ING0126,40.535874519080835,2023-05-26,emergencial
2023-05-22,ING0129,3.0,2023-05-26,emergencial
2023-05-22,ING0204,1.5,2023-05-25,emergencial
2023-05-22,ING0221,14.5,2023-05-26,emergencial
2023-05-22,ING0224,4.5,2023-05-27,emergencial
2023-05-22,ING0231,1.5,2023-05-26,emergencial
2023-05-22,ING0232,7.0,2023-05-28,emergencial
2023-05-22,ING0234,0.5,2023-05-26,emergencial
2023-05-22,ING0238,10.0,2023-05-26,emergencial
2023-05-22,ING0240,3.5,2023-05-26,emergencial
2023-05-23,ING0004,40.5,2023-05-26,emergencial
2023-05-23,ING0006,75.0,2023-05-26,emergencial
2023-05-23,ING0008,19.5,2023-05-31,emergencial
2023-05-23,ING0061,2.0,2023-05-27,emergencial
2023-05-23,ING0079,49.0,2023-05-25,emergencial
2023-05-23,ING0121,3.0,2023-05-30,emergencial
2023-05-23,ING0204,2.0,2023-05-26,emergencial
2023-05-23,ING0224,5.0,2023-05-27,emergencial
2023-05-23,ING0234,1.0,2023-05-27,emergencial
2023-05-24,ING0004,39.5,2023-05-27,emergencial
2023-05-24,ING0006,76.5,2023-05-27,emergencial
2023-05-24,ING0008,20.0,2023-06-01,emergencial
2023-05-24,ING0026,2.5,2023-05-29,emergencial
2023-05-24,ING0061,2.0,2023-05-28,emergencial
2023-05-24,ING0121,3.0,2023-05-28,emergencial
2023-05-24,ING0224,4.5,2023-05-30,emergencial
2023-05-24,ING0234,1.0,2023-05-28,emergencial
2023-05-25,ING0006,74.5,2023-05-28,emergencial
2023-05-25,ING0026,2.5,2023-05-29,emergencial
2023-05-25,ING0061,2.0,2023-05-29,emergencial
2023-05-25,ING0121,3.0,2023-05-29,emergencial
2023-05-25,ING0191,30.0,2023-05-28,emergencial
2023-05-25,ING0224,4.5,2023-05-29,emergencial
2023-05-25,ING0234,1.0,2023-05-29,emergencial
2023-05-26,ING0003,3.0,2023-05-29,sexta
2023-05-26,ING0006,17.5,2023-05-29,sexta
2023-05-26,ING0007,1.0,2023-06-06,sexta
2023-05-26,ING0008,6.0,2023-06-03,sexta
2023-05-26,ING0018,33.0,2023-05-29,sexta
2023-05-26,ING0026,2.5,2023-05-30,sexta
2023-05-26,ING0028,3.5,2023-05-30,sexta
2023-05-26,ING0033,3.0,2023-05-27,sexta
2023-05-26,ING0035,6.312345184533062,2023-05-27,sexta
2023-05-26,ING0036,0.5,2023-05-27,sexta
2023-05-26,ING0037,1.5,2023-05-27,sexta
2023-05-26,ING0038,1.5,2023-05-27,sexta
2023-05-26,ING0043,9.5,2023-05-27,sexta
2023-05-26,ING0046,0.5,2023-05-27,sexta
2023-05-26,ING0047,0.5,2023-05-27,sexta
2023-05-26,ING0049,6.0,2023-05-28,sexta
2023-05-26,ING0050,0.5,2023-05-28,sexta
2023-05-26,ING0051,0.5,2023-05-30,sexta
2023-05-26,ING0053,0.5,2023-05-28,sexta
2023-05-26,ING0055,0.5,2023-05-28,sexta
2023-05-26,ING0059,4.426000354149931,2023-05-30,sexta
2023-05-26,ING0063,10.0,2023-05-30,sexta
2023-05-26,ING0066,77.10126473791593,2023-05-30,sexta
2023-05-26,ING0067,0.5,2023-05-30,sexta
2023-05-26,ING0068,0.5,2023-05-30,sexta
2023-05-26,ING0069,0.5,2023-05-30,sexta
2023-05-26,ING0072,0.5,2023-05-30,sexta
2023-05-26,ING0075,3.0,2023-05-28,sexta
2023-05-26,ING0076,31.5,2023-05-28,sexta
2023-05-26,ING0090,4.5,2023-05-28,sexta
2023-05-26,ING0096,2.0,2023-05-28,sexta
2023-05-26,ING0098,0.5,2023-05-27,sexta
2023-05-26,ING0101,0.5,2023-05-27,sexta
2023-05-26,ING0104,2.0,2023-05-29,sexta
2023-05-26,ING0106,1.5,2023-05-27,sexta
2023-05-26,ING0107,2.0,2023-05-29,sexta
2023-05-26,ING0111,4.5,2023-05-27,sexta
2023-05-26,ING0112,0.5,2023-05-27,sexta
2023-05-26,ING0115,2.5,2023-05-27,sexta
2023-05-26,ING0116,1.0,2023-05-29,sexta
2023-05-26,ING0121,2.5,2023-05-31,sexta
2023-05-26,ING0122,2.0,2023-05-30,sexta
2023-05-26,ING0124,0.5,2023-05-30,sexta
2023-05-26,ING0128,4.5,2023-05-30,sexta
2023-05-26,ING0135,0.5,2023-05-30,sexta
2023-05-26,ING0152,0.5,2023-05-29,sexta
2023-05-26,ING0156,0.5,2023-05-29,sexta
2023-05-26,ING0165,3.0,2023-05-29,sexta
2023-05-26,ING0166,1.970543741799833,2023-06-01,sexta
2023-05-26,ING0167,44.0,2023-06-02,sexta
2023-05-26,ING0171,23.0,2023-05-29,sexta
2023-05-26,ING0172,9.0,2023-05-30,sexta
2023-05-26,ING0181,1.5,2023-05-29,sexta
2023-05-26,ING0188,48.0,2023-06-01,sexta
2023-05-26,ING0189,5.864626644542354,2023-05-29,sexta
2023-05-26,ING0191,35.0,2023-05-29,sexta
2023-05-26,ING0206,41.5,2023-05-29,sexta
2023-05-26,ING0207,2.5,2023-05-29,sexta
2023-05-26,ING0218,47.0,2023-05-29,sexta
2023-05-26,ING0224,3.5,2023-05-30,sexta
2023-05-26,ING0232,8.0,2023-06-01,sexta
2023-05-26,ING0234,0.5,2023-05-31,sexta
2023-05-26,ING0237,0.5,2023-05-30,sexta
2023-05-26,ING0238,0.5,2023-05-30,sexta
2023-05-26,ING0239,0.5,2023-05-30,sexta
2023-05-26,ING0242,83.73695363400142,2023-05-30,sexta
2023-05-26,ING0243,1.5,2023-06-04,sexta
2023-05-26,ING0244,1.0,2023-05-30,sexta
2023-05-29,ING0007,2.0,2023-06-08,emergencial
2023-05-29,ING0028,10.5,2023-06-02,emergencial
2023-05-29,ING0066,117.92615593768686,2023-06-02,emergencial
2023-05-29,ING0128,12.0,2023-06-02,emergencial
2023-05-29,ING0167,142.0,2023-06-08,emergencial
2023-05-29,ING0172,28.918014237393923,2023-06-01,emergencial
2023-05-29,ING0188,85.0,2023-06-01,emergencial
2023-05-29,ING0243,3.0,2023-06-07,emergencial
2023-05-30,ING0007,2.5,2023-06-09,emergencial
2023-05-30,ING0028,9.0,2023-06-03,emergencial
2023-05-30,ING0076,60.0,2023-06-01,emergencial
2023-05-30,ING0115,3.0,2023-05-31,emergencial
2023-05-30,ING0167,175.5,2023-06-07,emergencial
2023-05-30,ING0188,77.0,2023-06-02,emergencial
2023-05-30,ING0207,2.0,2023-06-02,emergencial
2023-05-30,ING0243,3.5,2023-06-08,emergencial
2023-05-31,ING0007,3.5,2023-06-10,emergencial
2023-05-31,ING0028,12.5,2023-06-04,emergencial
2023-05-31,ING0076,78.0,2023-06-02,emergencial
2023-05-31,ING0167,161.5,2023-06-07,emergencial
2023-05-31,ING0174,33.0,2023-06-03,emergencial
2023-05-31,ING0188,100.0,2023-06-03,emergencial
2023-05-31,ING0207,2.5,2023-06-03,emergencial
2023-05-31,ING0243,4.0,2023-06-05,emergencial
2023-06-01,ING0007,3.5,2023-06-04,emergencial
2023-06-01,ING0167,148.5,2023-06-08,emergencial
2023-06-01,ING0207,3.0,2023-06-05,emergencial
2023-06-01,ING0221,23.5,2023-06-05,emergencial
2023-06-01,ING0243,4.5,2023-06-05,emergencial
2023-06-02,ING0001,0.5,2023-06-05,sexta
2023-06-02,ING0007,3.0,2023-06-06,sexta
2023-06-02,ING0011,0.5,2023-06-05,sexta
2023-06-02,ING0018,98.5,2023-06-05,sexta
2023-06-02,ING0033,5.0,2023-06-03,sexta
2023-06-02,ING0034,5.0,2023-06-03,sexta
2023-06-02,ING0036,0.5,2023-06-03,sexta
2023-06-02,ING0037,9.536172525427178,2023-06-04,sexta
2023-06-02,ING0038,2.0,2023-06-03,sexta
2023-06-02,ING0043,25.0,2023-06-03,sexta
2023-06-02,ING0044,0.5,2023-06-04,sexta
2023-06-02,ING0046,0.5,2023-06-03,sexta
2023-06-02,ING0047,0.5,2023-06-03,sexta
2023-06-02,ING0049,23.5,2023-06-04,sexta
2023-06-02,ING0070,13.922361896871722,2023-06-06,sexta
2023-06-02,ING0071,8.683384301014774,2023-06-10,sexta
2023-06-02,ING0094,8.5,2023-06-04,sexta
2023-06-02,ING0095,27.0,2023-06-04,sexta
2023-06-02,ING0097,0.5,2023-06-04,sexta
2023-06-02,ING0098,0.5,2023-06-03,sexta
2023-06-02,ING0103,0.5,2023-06-03,sexta
2023-06-02,ING0104,3.5,2023-06-03,sexta
2023-06-02,ING0106,3.5,2023-06-03,sexta
2023-06-02,ING0107,2.0,2023-06-05,sexta
2023-06-02,ING0108,0.5,2023-06-03,sexta
2023-06-02,ING0114,0.5,2023-06-03,sexta
2023-06-02,ING0122,8.5,2023-06-06,sexta
2023-06-02,ING0131,2.5,2023-06-10,sexta
2023-06-02,ING0134,0.5,2023-06-06,sexta
2023-06-02,ING0151,1.0,2023-06-05,sexta
2023-06-02,ING0154,57.5,2023-06-05,sexta
2023-06-02,ING0161,3.5,2023-06-05,sexta
2023-06-02,ING0165,5.0,2023-06-05,sexta
2023-06-02,ING0167,102.0,2023-06-05,sexta
2023-06-02,ING0168,1.0,2023-06-13,sexta
2023-06-02,ING0171,151.7367800728401,2023-06-05,sexta
2023-06-02,ING0174,38.0,2023-06-08,sexta
2023-06-02,ING0181,1.5,2023-06-05,sexta
2023-06-02,ING0183,3.5,2023-06-05,sexta
2023-06-02,ING0207,1.5,2023-06-05,sexta
2023-06-02,ING0221,25.5,2023-06-07,sexta
2023-06-02,ING0238,3.5,2023-06-06,sexta
2023-06-02,ING0243,4.5,2023-06-07,sexta
2023-06-02,ING0244,1.0,2023-06-06,sexta
2023-06-05,ING0012,16.0,2023-06-08,emergencial
2023-06-05,ING0061,2.0,2023-06-09,emergencial
2023-06-05,ING0071,19.5,2023-06-09,emergencial
2023-06-05,ING0083,3.522819963142309,2023-06-07,emergencial
2023-06-05,ING0100,2.0,2023-06-07,emergencial
2023-06-05,ING0131,4.0,2023-06-10,emergencial
2023-06-05,ING0160,8.0,2023-06-08,emergencial
2023-06-05,ING0211,127.0,2023-06-11,emergencial
2023-06-05,ING0232,21.5,2023-06-11,emergencial
2023-06-05,ING0238,25.0,2023-06-09,emergencial
2023-06-06,ING0012,14.5,2023-06-09,emergencial
2023-06-06,ING0061,2.5,2023-06-10,emergencial
2023-06-06,ING0071,21.0,2023-06-10,emergencial
2023-06-06,ING0083,3.0,2023-06-08,emergencial
2023-06-06,ING0100,2.0,2023-06-07,emergencial
2023-06-06,ING0110,9.690266875139962,2023-06-10,emergencial
2023-06-06,ING0128,11.0,2023-06-10,emergencial
2023-06-06,ING0129,5.0,2023-06-10,emergencial
2023-06-06,ING0131,3.5,2023-06-10,emergencial
2023-06-06,ING0160,6.0,2023-06-09,emergencial
2023-06-06,ING0192,61.5,2023-06-09,emergencial
2023-06-06,ING0195,3.0,2023-06-09,emergencial
2023-06-06,ING0203,9.0,2023-06-09,emergencial
2023-06-06,ING0211,126.0,2023-06-09,emergencial
2023-06-06,ING0217,22.5,2023-06-09,emergencial
2023-06-06,ING0220,10.318378519772418,2023-06-09,emergencial
2023-06-06,ING0231,3.0,2023-06-10,emergencial
2023-06-06,ING0232,19.0,2023-06-14,emergencial
2023-06-06,ING0238,20.5,2023-06-10,emergencial
2023-06-07,ING0012,11.5,2023-06-11,emergencial
2023-06-07,ING0061,2.5,2023-06-11,emergencial
2023-06-07,ING0071,23.0,2023-06-11,emergencial
2023-06-07,ING0090,7.0,2023-06-09,emergencial
2023-06-07,ING0106,3.5,2023-06-11,emergencial
2023-06-07,ING0110,3.5,2023-06-08,emergencial
2023-06-07,ING0128,8.0,2023-06-11,emergencial
2023-06-07,ING0129,5.0,2023-06-11,emergencial
2023-06-07,ING0131,3.5,2023-06-11,emergencial
2023-06-07,ING0160,3.5,2023-06-10,emergencial
2023-06-07,ING0192,44.5,2023-06-10,emergencial
2023-06-07,ING0195,3.0,2023-06-10,emergencial
2023-06-07,ING0203,10.5,2023-06-10,emergencial
2023-06-07,ING0211,143.0,2023-06-10,emergencial
2023-06-07,ING0217,18.5,2023-06-10,emergencial
2023-06-07,ING0220,9.0,2023-06-13,emergencial
2023-06-07,ING0231,3.0,2023-06-13,emergencial
2023-06-07,ING0232,13.5,2023-06-13,emergencial
2023-06-07,ING0238,15.0,2023-06-11,emergencial
2023-06-08,ING0061,2.5,2023-06-12,emergencial
2023-06-08,ING0069,9.0,2023-06-20,emergencial
2023-06-08,ING0071,22.5,2023-06-12,emergencial
2023-06-08,ING0090,6.5,2023-06-11,emergencial
2023-06-08,ING0106,3.0,2023-06-11,emergencial
2023-06-08,ING0115,2.0,2023-06-09,emergencial
2023-06-08,ING0128,6.5,2023-06-12,emergencial
2023-06-08,ING0129,4.5,2023-06-12,emergencial
2023-06-08,ING0131,2.5,2023-06-12,emergencial
2023-06-08,ING0132,1.0,2023-06-12,emergencial
2023-06-08,ING0192,36.0,2023-06-11,emergencial
2023-06-08,ING0195,3.0,2023-06-11,emergencial
2023-06-08,ING0203,11.0,2023-06-11,emergencial
2023-06-08,ING0211,101.0,2023-06-11,emergencial
2023-06-08,ING0217,15.0,2023-06-11,emergencial
2023-06-08,ING0218,99.5,2023-06-11,emergencial
2023-06-08,ING0220,10.0,2023-06-11,emergencial
2023-06-08,ING0231,9.633139096753013,2023-06-12,emergencial
2023-06-08,ING0232,11.0,2023-06-14,emergencial
2023-06-08,ING0236,167.5,2023-06-12,emergencial
2023-06-08,ING0238,12.0,2023-06-12,emergencial
2023-06-09,ING0001,1.5,2023-06-20,sexta
2023-06-09,ING0002,5.0,2023-06-12,sexta
2023-06-09,ING0003,2.0,2023-06-12,sexta
2023-06-09,ING0004,38.0,2023-06-19,sexta
2023-06-09,ING0005,0.5,2023-06-12,sexta
2023-06-09,ING0006,27.0,2023-06-12,sexta
2023-06-09,ING0010,66.0,2023-06-12,sexta
2023-06-09,ING0016,0.5,2023-06-19,sexta
2023-06-09,ING0018,58.5,2023-06-12,sexta
2023-06-09,ING0036,0.9195303896332438,2023-06-10,sexta
2023-06-09,ING0038,3.0,2023-06-10,sexta
2023-06-09,ING0046,0.5,2023-06-12,sexta
2023-06-09,ING0049,16.0,2023-06-11,sexta
2023-06-09,ING0060,5.0,2023-06-13,sexta
2023-06-09,ING0062,1.5,2023-06-13,sexta
2023-06-09,ING0064,0.5,2023-06-13,sexta
2023-06-09,ING0066,79.68317360495679,2023-06-13,sexta
2023-06-09,ING0067,0.5,2023-06-15,sexta
2023-06-09,ING0069,8.5,2023-06-18,sexta
2023-06-09,ING0070,19.5,2023-06-13,sexta
2023-06-09,ING0071,9.55948730000812,2023-06-13,sexta
2023-06-09,ING0073,0.5,2023-06-13,sexta
2023-06-09,ING0076,126.35426901337183,2023-06-11,sexta
2023-06-09,ING0079,44.0,2023-06-11,sexta
2023-06-09,ING0084,12.5,2023-06-11,sexta
2023-06-09,ING0089,19.349224500695204,2023-06-11,sexta
2023-06-09,ING0093,3.0,2023-06-11,sexta
2023-06-09,ING0095,10.0,2023-06-11,sexta
2023-06-09,ING0097,0.5,2023-06-11,sexta
2023-06-09,ING0098,0.5,2023-06-10,sexta
2023-06-09,ING0100,1.5,2023-06-12,sexta
2023-06-09,ING0101,0.5,2023-06-10,sexta
2023-06-09,ING0103,0.5,2023-06-10,sexta
2023-06-09,ING0104,19.1345298056253,2023-06-12,sexta
2023-06-09,ING0106,3.0,2023-06-12,sexta
2023-06-09,ING0107,1.5,2023-06-10,sexta
2023-06-09,ING0110,0.5,2023-06-12,sexta
2023-06-09,ING0113,0.5,2023-06-10,sexta
2023-06-09,ING0115,1.0,2023-06-10,sexta
2023-06-09,ING0117,0.5,2023-06-12,sexta
2023-06-09,ING0124,0.5,2023-06-13,sexta
2023-06-09,ING0128,6.5,2023-06-13,sexta
2023-06-09,ING0129,4.5,2023-06-13,sexta
2023-06-09,ING0131,2.5,2023-06-13,sexta
2023-06-09,ING0132,1.0,2023-06-13,sexta
2023-06-09,ING0139,10.5,2023-06-13,sexta
2023-06-09,ING0145,0.5,2023-06-13,sexta
2023-06-09,ING0150,1.0,2023-06-12,sexta
2023-06-09,ING0152,1.0351553115271437,2023-06-12,sexta
2023-06-09,ING0154,34.5,2023-06-12,sexta
2023-06-09,ING0159,2589.3940790553775,2023-06-10,sexta
2023-06-09,ING0161,6.0,2023-06-15,sexta
2023-06-09,ING0163,534.0,2023-06-12,sexta
2023-06-09,ING0165,7.972327353544623,2023-06-12,sexta
2023-06-09,ING0168,1.0,2023-06-20,sexta
2023-06-09,ING0178,1.0,2023-06-12,sexta
2023-06-09,ING0181,2.5,2023-06-12,sexta
2023-06-09,ING0183,1.5,2023-06-12,sexta
2023-06-09,ING0190,11.0,2023-06-12,sexta
2023-06-09,ING0192,7.0,2023-06-12,sexta
2023-06-09,ING0194,0.5,2023-06-12,sexta
2023-06-09,ING0199,0.5,2023-06-12,sexta
2023-06-09,ING0203,2.5,2023-06-12,sexta
2023-06-09,ING0214,121.0,2023-06-14,sexta
2023-06-09,ING0218,100.0,2023-06-12,sexta
2023-06-09,ING0222,2.1577688504731998,2023-06-13,sexta
2023-06-09,ING0227,0.5,2023-06-15,sexta
2023-06-09,ING0231,9.633139096753013,2023-06-13,sexta
2023-06-09,ING0232,11.0,2023-06-16,sexta
2023-06-09,ING0236,182.0,2023-06-13,sexta
2023-06-09,ING0237,0.5,2023-06-21,sexta
2023-06-09,ING0238,0.5,2023-06-13,sexta
2023-06-09,ING0239,0.5,2023-06-13,sexta
2023-06-09,ING0240,4.0,2023-06-13,sexta
2023-06-09,ING0244,0.5,2023-06-13,sexta
2023-06-12,ING0004,42.5,2023-06-16,emergencial
2023-06-12,ING0062,2.5,2023-06-16,emergencial
2023-06-12,ING0063,26.0,2023-06-16,emergencial
2023-06-12,ING0069,10.0,2023-06-21,emergencial
2023-06-12,ING0070,21.0,2023-06-16,emergencial
2023-06-12,ING0139,12.0,2023-06-16,emergencial
2023-06-12,ING0161,5.5,2023-06-18,emergencial
2023-06-12,ING0206,84.7517689784412,2023-06-16,emergencial
2023-06-12,ING0214,164.0,2023-06-15,emergencial
2023-06-12,ING0240,4.0,2023-06-16,emergencial
2023-06-13,ING0004,49.5,2023-06-16,emergencial
2023-06-13,ING0063,25.0,2023-06-17,emergencial
2023-06-13,ING0069,12.5,2023-06-22,emergencial
2023-06-13,ING0161,6.5,2023-06-16,emergencial
2023-06-13,ING0206,71.5,2023-06-16,emergencial
2023-06-13,ING0214,177.0,2023-06-16,emergencial
2023-06-14,ING0004,53.5,2023-06-17,emergencial
2023-06-14,ING0063,19.0,2023-06-18,emergencial
2023-06-14,ING0069,12.0,2023-06-26,emergencial
2023-06-14,ING0093,2.5,2023-06-16,emergencial
2023-06-14,ING0161,5.0,2023-06-17,emergencial
2023-06-14,ING0206,76.0,2023-06-17,emergencial
2023-06-15,ING0004,58.0,2023-06-18,emergencial
2023-06-15,ING0063,21.5,2023-06-19,emergencial
2023-06-15,ING0069,12.0,2023-06-24,emergencial
2023-06-15,ING0206,76.0,2023-06-18,emergencial
2023-06-16,ING0002,26.244051957978,2023-06-19,sexta
2023-06-16,ING0003,2.5,2023-06-19,sexta
2023-06-16,ING0005,0.45717784288521857,2023-06-19,sexta
2023-06-16,ING0006,44.0,2023-06-19,sexta
2023-06-16,ING0010,212.0,2023-06-19,sexta
2023-06-16,ING0016,0.5,2023-06-19,sexta
2023-06-16,ING0018,44.5,2023-06-19,sexta
2023-06-16,ING0036,0.5,2023-06-18,sexta
2023-06-16,ING0038,1.5,2023-06-17,sexta
2023-06-16,ING0039,0.5,2023-06-17,sexta
2023-06-16,ING0041,0.5795535560398759,2023-06-17,sexta
2023-06-16,ING0042,0.5,2023-06-17,sexta
2023-06-16,ING0045,18.5,2023-06-17,sexta
2023-06-16,ING0047,0.5,2023-06-17,sexta
2023-06-16,ING0049,11.0,2023-06-18,sexta
2023-06-16,ING0050,0.5,2023-06-18,sexta
2023-06-16,ING0051,0.5,2023-06-20,sexta
2023-06-16,ING0055,0.5,2023-06-18,sexta
2023-06-16,ING0062,1.0,2023-06-21,sexta
2023-06-16,ING0066,64.5,2023-06-20,sexta
2023-06-16,ING0067,0.5,2023-06-20,sexta
2023-06-16,ING0068,0.5,2023-06-20,sexta
2023-06-16,ING0069,12.0,2023-06-20,sexta
2023-06-16,ING0070,1.5,2023-06-20,sexta
2023-06-16,ING0079,31.5,2023-06-18,sexta
2023-06-16,ING0083,0.5,2023-06-18,sexta
2023-06-16,ING0089,25.5,2023-06-18,sexta
2023-06-16,ING0092,7.0,2023-06-18,sexta
2023-06-16,ING0093,2.0,2023-06-18,sexta
2023-06-16,ING0094,2.5,2023-06-20,sexta
2023-06-16,ING0095,9.5,2023-06-18,sexta
2023-06-16,ING0096,0.5,2023-06-18,sexta
2023-06-16,ING0097,0.5,2023-06-18,sexta
2023-06-16,ING0098,0.5,2023-06-18,sexta
2023-06-16,ING0100,1.0,2023-06-19,sexta
2023-06-16,ING0101,0.5,2023-06-18,sexta
2023-06-16,ING0103,0.5,2023-06-17,sexta
2023-06-16,ING0107,1.5,2023-06-17,sexta
2023-06-16,ING0115,1.0,2023-06-17,sexta
2023-06-16,ING0122,12.5,2023-06-20,sexta
2023-06-16,ING0124,0.5,2023-06-20,sexta
2023-06-16,ING0137,0.5,2023-06-20,sexta
2023-06-16,ING0147,0.5,2023-06-20,sexta
2023-06-16,ING0149,0.5,2023-06-20,sexta
2023-06-16,ING0150,1.0,2023-06-19,sexta
2023-06-16,ING0152,1.5,2023-06-19,sexta
2023-06-16,ING0154,15.5,2023-06-23,sexta
2023-06-16,ING0163,850.0,2023-06-17,sexta
2023-06-16,ING0164,1.5,2023-06-19,sexta
2023-06-16,ING0166,2.9120053917731124,2023-06-19,sexta
2023-06-16,ING0178,94.0,2023-06-19,sexta
2023-06-16,ING0181,3.0,2023-06-19,sexta
2023-06-16,ING0183,2.5,2023-06-19,sexta
2023-06-16,ING0190,7.0,2023-06-19,sexta
2023-06-16,ING0191,16.5,2023-06-19,sexta
2023-06-16,ING0194,0.5,2023-06-19,sexta
2023-06-16,ING0224,4.722545841111026,2023-06-25,sexta
2023-06-16,ING0227,0.5,2023-06-21,sexta
2023-06-16,ING0230,18.5,2023-06-20,sexta
2023-06-16,ING0237,0.49284899108662433,2023-06-20,sexta
2023-06-16,ING0244,0.5,2023-06-20,sexta
2023-06-19,ING0124,0.5322683805119222,2023-06-23,emergencial
2023-06-19,ING0224,15.31014639189954,2023-07-04,emergencial
2023-06-20,ING0107,3.346457620868847,2023-06-21,emergencial
2023-06-20,ING0224,16.57310208918436,2023-07-04,emergencial
2023-06-23,ING0001,0.5,2023-06-26,sexta
2023-06-23,ING0003,2.5,2023-07-06,sexta
2023-06-23,ING0006,30.5,2023-06-26,sexta
2023-06-23,ING0010,247.0,2023-06-26,sexta
2023-06-23,ING0011,0.5,2023-06-26,sexta
2023-06-23,ING0018,49.0,2023-06-26,sexta
2023-06-23,ING0028,0.5,2023-06-28,sexta
2023-06-23,ING0038,1.0,2023-06-24,sexta
2023-06-23,ING0044,0.5,2023-06-24,sexta
2023-06-23,ING0047,0.5,2023-06-24,sexta
2023-06-23,ING0053,0.5,2023-06-25,sexta
2023-06-23,ING0057,116.0,2023-06-25,sexta
2023-06-23,ING0062,1.0,2023-06-27,sexta
2023-06-23,ING0079,40.67123485069302,2023-06-25,sexta
2023-06-23,ING0089,32.0,2023-06-25,sexta
2023-06-23,ING0092,9.5,2023-06-25,sexta
2023-06-23,ING0093,2.5,2023-06-25,sexta
2023-06-23,ING0096,2.0,2023-06-25,sexta
2023-06-23,ING0098,0.5,2023-06-24,sexta
2023-06-23,ING0099,1.0,2023-06-24,sexta
2023-06-23,ING0100,0.5,2023-06-25,sexta
2023-06-23,ING0102,1.5,2023-06-24,sexta
2023-06-23,ING0103,0.5,2023-06-24,sexta
2023-06-23,ING0106,0.5429886351202695,2023-06-24,sexta
2023-06-23,ING0116,1.5,2023-06-24,sexta
2023-06-23,ING0122,17.5,2023-06-27,sexta
2023-06-23,ING0134,0.5,2023-06-27,sexta
2023-06-23,ING0145,0.5,2023-06-27,sexta
2023-06-23,ING0151,1.0,2023-06-26,sexta
2023-06-23,ING0152,2.0,2023-06-26,sexta
2023-06-23,ING0163,890.7790594375718,2023-06-24,sexta
2023-06-23,ING0164,0.5,2023-06-26,sexta
2023-06-23,ING0178,153.55299026771277,2023-06-26,sexta
2023-06-23,ING0181,2.5,2023-06-29,sexta
2023-06-23,ING0183,2.0,2023-06-26,sexta
2023-06-23,ING0199,0.5,2023-06-26,sexta
2023-06-23,ING0207,2.5,2023-06-26,sexta
2023-06-23,ING0225,0.5,2023-06-28,sexta
2023-06-23,ING0227,0.6084607884489743,2023-07-01,sexta
2023-06-23,ING0239,0.5,2023-06-27,sexta
2023-06-26,ING0003,4.0,2023-07-06,emergencial
2023-06-26,ING0061,2.0,2023-07-04,emergencial
2023-06-26,ING0181,5.5,2023-06-29,emergencial
2023-06-27,ING0003,5.0,2023-06-30,emergencial
2023-06-27,ING0061,1.7720634618979234,2023-07-05,emergencial
2023-06-27,ING0164,4.5,2023-06-30,emergencial
2023-06-27,ING0181,6.5,2023-06-30,emergencial
2023-06-28,ING0003,5.5,2023-07-01,emergencial
2023-06-28,ING0061,1.7689797220651968,2023-07-06,emergencial
2023-06-28,ING0164,6.0,2023-07-01,emergencial
2023-06-28,ING0181,8.0,2023-07-01,emergencial
2023-06-29,ING0003,5.5,2023-07-02,emergencial
2023-06-29,ING0061,2.0,2023-07-04,emergencial
2023-06-29,ING0160,7.0,2023-07-02,emergencial
2023-06-29,ING0164,8.0,2023-07-02,emergencial
2023-06-30,ING0001,0.5,2023-07-03,sexta
2023-06-30,ING0003,0.5,2023-07-03,sexta
2023-06-30,ING0005,0.5,2023-07-10,sexta
2023-06-30,ING0006,75.0,2023-07-03,sexta
2023-06-30,ING0010,407.0,2023-07-03,sexta
2023-06-30,ING0017,1.5,2023-07-10,sexta
2023-06-30,ING0018,80.5,2023-07-03,sexta
2023-06-30,ING0019,332.0,2023-07-03,sexta
2023-06-30,ING0028,9.93418085836003,2023-07-04,sexta
2023-06-30,ING0042,0.5,2023-07-01,sexta
2023-06-30,ING0043,30.0,2023-07-02,sexta
2023-06-30,ING0045,50.0,2023-07-02,sexta
2023-06-30,ING0046,0.5,2023-07-03,sexta
2023-06-30,ING0057,313.0,2023-07-02,sexta
2023-06-30,ING0061,2.0,2023-07-04,sexta
2023-06-30,ING0062,7.0,2023-07-04,sexta
2023-06-30,ING0064,0.5,2023-07-04,sexta
2023-06-30,ING0066,156.5,2023-07-04,sexta
2023-06-30,ING0067,0.5,2023-07-04,sexta
2023-06-30,ING0070,20.0,2023-07-04,sexta
2023-06-30,ING0072,0.5,2023-07-04,sexta
2023-06-30,ING0075,3.0,2023-07-02,sexta
2023-06-30,ING0079,40.0,2023-07-03,sexta
2023-06-30,ING0083,2.5,2023-07-02,sexta
2023-06-30,ING0089,38.5,2023-07-02,sexta
2023-06-30,ING0092,38.5,2023-07-02,sexta
2023-06-30,ING0093,8.5,2023-07-02,sexta
2023-06-30,ING0094,3.5,2023-07-06,sexta
2023-06-30,ING0095,28.5,2023-07-05,sexta
2023-06-30,ING0096,4.5,2023-07-02,sexta
2023-06-30,ING0097,0.5,2023-07-02,sexta
2023-06-30,ING0098,0.5,2023-07-01,sexta
2023-06-30,ING0101,0.5,2023-07-01,sexta
2023-06-30,ING0105,1.0,2023-07-01,sexta
2023-06-30,ING0106,5.0,2023-07-03,sexta
2023-06-30,ING0109,0.5,2023-07-01,sexta
2023-06-30,ING0110,2.820358357864116,2023-07-01,sexta
2023-06-30,ING0112,0.5,2023-07-01,sexta
2023-06-30,ING0115,3.0,2023-07-01,sexta
2023-06-30,ING0122,65.0,2023-07-04,sexta
2023-06-30,ING0124,0.5,2023-07-07,sexta
2023-06-30,ING0135,0.5,2023-07-04,sexta
2023-06-30,ING0139,11.0,2023-07-04,sexta
2023-06-30,ING0150,0.5,2023-07-03,sexta
2023-06-30,ING0152,2.5,2023-07-03,sexta
2023-06-30,ING0154,33.5,2023-07-11,sexta
2023-06-30,ING0156,0.5,2023-07-08,sexta
2023-06-30,ING0157,1.2325622335524897,2023-07-03,sexta
2023-06-30,ING0159,991.0,2023-07-01,sexta
2023-06-30,ING0160,7.5,2023-07-03,sexta
2023-06-30,ING0163,1468.0,2023-07-01,sexta
2023-06-30,ING0164,2.0,2023-07-03,sexta
2023-06-30,ING0174,30.5,2023-07-03,sexta
2023-06-30,ING0175,34.5,2023-07-03,sexta
2023-06-30,ING0183,3.0,2023-07-03,sexta
2023-06-30,ING0190,25.60068865573603,2023-07-03,sexta
2023-06-30,ING0191,70.0,2023-07-03,sexta
2023-06-30,ING0199,0.5,2023-07-03,sexta
2023-06-30,ING0214,173.0,2023-07-03,sexta
2023-06-30,ING0218,30.5,2023-07-10,sexta
2023-06-30,ING0222,1.3829585647670706,2023-07-04,sexta
2023-06-30,ING0227,0.5,2023-07-04,sexta
2023-06-30,ING0229,0.5,2023-07-04,sexta
2023-06-30,ING0230,66.60860174091488,2023-07-04,sexta
2023-06-30,ING0236,51.0,2023-07-05,sexta
2023-06-30,ING0240,2.2763277936305286,2023-07-04,sexta
2023-06-30,ING0244,0.5,2023-07-04,sexta
2023-07-03,ING0009,4.5,2023-07-12,emergencial
2023-07-03,ING0028,12.0,2023-07-07,emergencial
2023-07-03,ING0061,9.5,2023-07-07,emergencial
2023-07-03,ING0062,8.5,2023-07-07,emergencial
2023-07-03,ING0066,199.57311159165067,2023-07-10,emergencial
2023-07-03,ING0070,36.5,2023-07-16,emergencial
2023-07-03,ING0095,32.5,2023-07-08,emergencial
2023-07-03,ING0122,101.5,2023-07-07,emergencial
2023-07-03,ING0124,4.835275737141715,2023-07-07,emergencial
2023-07-03,ING0139,18.5,2023-07-07,emergencial
2023-07-03,ING0157,33.27918030591722,2023-07-06,emergencial
2023-07-03,ING0222,3.5,2023-07-08,emergencial
2023-07-03,ING0230,87.0,2023-07-07,emergencial
2023-07-03,ING0236,178.0,2023-07-07,emergencial
2023-07-04,ING0009,4.5,2023-07-13,emergencial
2023-07-04,ING0094,5.5,2023-07-09,emergencial
2023-07-04,ING0095,27.361660139897936,2023-07-08,emergencial
2023-07-04,ING0110,4.0,2023-07-05,emergencial
2023-07-04,ING0116,2.5,2023-07-05,emergencial
2023-07-04,ING0124,3.6264568028562865,2023-07-08,emergencial
2023-07-04,ING0154,52.5,2023-07-14,emergencial
2023-07-04,ING0157,49.0194778275284,2023-07-07,emergencial
2023-07-04,ING0221,27.0,2023-07-08,emergencial
2023-07-04,ING0236,189.5,2023-07-08,emergencial
2023-07-05,ING0006,111.5,2023-07-08,emergencial
2023-07-05,ING0009,4.5,2023-07-11,emergencial
2023-07-05,ING0040,6.5,2023-07-06,emergencial
2023-07-05,ING0085,2.0,2023-07-07,emergencial
2023-07-05,ING0094,5.0,2023-07-07,emergencial
2023-07-05,ING0102,3.0,2023-07-06,emergencial
2023-07-05,ING0115,2.0,2023-07-06,emergencial
2023-07-05,ING0124,3.6264568028562865,2023-07-09,emergencial
2023-07-05,ING0126,21.5,2023-07-09,emergencial
2023-07-05,ING0154,43.5,2023-07-15,emergencial
2023-07-05,ING0157,42.48354745052461,2023-07-08,emergencial
2023-07-05,ING0161,7.0,2023-07-08,emergencial
2023-07-05,ING0218,98.0,2023-07-08,emergencial
2023-07-05,ING0221,24.5,2023-07-09,emergencial
2023-07-05,ING0222,3.0,2023-07-09,emergencial
2023-07-05,ING0236,299.8425891371687,2023-07-09,emergencial
2023-07-05,ING0240,6.0,2023-07-09,emergencial
2023-07-06,ING0006,106.5,2023-07-09,emergencial
2023-07-06,ING0009,4.5,2023-07-09,emergencial
2023-07-06,ING0057,373.0,2023-07-08,emergencial
2023-07-06,ING0083,3.0,2023-07-08,emergencial
2023-07-06,ING0126,22.0,2023-07-10,emergencial
2023-07-06,ING0154,40.5,2023-07-09,emergencial
2023-07-06,ING0159,1156.0,2023-07-07,emergencial
2023-07-06,ING0161,7.5,2023-07-09,emergencial
2023-07-06,ING0218,104.0,2023-07-09,emergencial
2023-07-06,ING0221,23.0,2023-07-10,emergencial
2023-07-06,ING0222,3.5,2023-07-10,emergencial
2023-07-06,ING0236,314.4965502604138,2023-07-10,emergencial
2023-07-06,ING0240,6.0,2023-07-10,emergencial
2023-07-07,ING0001,0.9330420444765807,2023-07-10,sexta
2023-07-07,ING0005,0.5,2023-07-10,sexta
2023-07-07,ING0006,113.01719930271042,2023-07-11,sexta
2023-07-07,ING0008,19.5,2023-07-10,sexta
2023-07-07,ING0009,4.5,2023-07-10,sexta
2023-07-07,ING0010,370.0,2023-07-10,sexta
2023-07-07,ING0015,449.6376709364912,2023-07-10,sexta
2023-07-07,ING0017,1.5,2023-07-13,sexta
2023-07-07,ING0018,1.2027904526091588,2023-07-11,sexta
2023-07-07,ING0019,225.0,2023-07-10,sexta
2023-07-07,ING0026,2.5,2023-07-11,sexta
2023-07-07,ING0035,1.5,2023-07-08,sexta
2023-07-07,ING0036,0.5,2023-07-08,sexta
2023-07-07,ING0039,0.5,2023-07-08,sexta
2023-07-07,ING0043,19.5,2023-07-08,sexta
2023-07-07,ING0046,0.5,2023-07-10,sexta
2023-07-07,ING0047,0.5,2023-07-08,sexta
2023-07-07,ING0054,0.5,2023-07-09,sexta
2023-07-07,ING0055,0.5,2023-07-10,sexta
2023-07-07,ING0057,921.1189678383766,2023-07-09,sexta
2023-07-07,ING0059,1.3911983409919053,2023-07-11,sexta
2023-07-07,ING0067,0.5,2023-07-11,sexta
2023-07-07,ING0070,22.5,2023-07-20,sexta
2023-07-07,ING0071,6.5,2023-07-11,sexta
2023-07-07,ING0073,0.607339121047427,2023-07-11,sexta
2023-07-07,ING0075,1.5,2023-07-09,sexta
2023-07-07,ING0079,49.0,2023-07-09,sexta
2023-07-07,ING0083,3.5,2023-07-09,sexta
2023-07-07,ING0084,11.5,2023-07-09,sexta
2023-07-07,ING0085,1.0,2023-07-09,sexta
2023-07-07,ING0089,46.5,2023-07-09,sexta
2023-07-07,ING0092,22.5,2023-07-09,sexta
2023-07-07,ING0096,4.0,2023-07-11,sexta
2023-07-07,ING0100,2.0,2023-07-08,sexta
2023-07-07,ING0105,1.5,2023-07-08,sexta
2023-07-07,ING0106,2.0,2023-07-09,sexta
2023-07-07,ING0110,1.8609078255982443,2023-07-08,sexta
2023-07-07,ING0114,0.5,2023-07-10,sexta
2023-07-07,ING0115,1.0,2023-07-09,sexta
2023-07-07,ING0126,21.5,2023-07-11,sexta
2023-07-07,ING0128,5.5,2023-07-11,sexta
2023-07-07,ING0150,0.5,2023-07-10,sexta
2023-07-07,ING0151,1.0,2023-07-10,sexta
2023-07-07,ING0152,3.0,2023-07-10,sexta
2023-07-07,ING0154,37.5,2023-07-10,sexta
2023-07-07,ING0156,0.5,2023-07-15,sexta
2023-07-07,ING0161,8.0,2023-07-10,sexta
2023-07-07,ING0163,1244.2557243853466,2023-07-08,sexta
2023-07-07,ING0165,1.5,2023-07-10,sexta
2023-07-07,ING0169,0.5,2023-07-12,sexta
2023-07-07,ING0174,14.5,2023-07-18,sexta
2023-07-07,ING0175,43.5,2023-07-10,sexta
2023-07-07,ING0183,1.2995889669097749,2023-07-10,sexta
2023-07-07,ING0188,64.0,2023-07-10,sexta
2023-07-07,ING0191,29.0,2023-07-11,sexta
2023-07-07,ING0199,0.5,2023-07-10,sexta
2023-07-07,ING0205,1.0,2023-07-11,sexta
2023-07-07,ING0211,65.51813078171996,2023-07-10,sexta
2023-07-07,ING0214,181.0,2023-07-11,sexta
2023-07-07,ING0215,115.0,2023-07-10,sexta
2023-07-07,ING0218,104.5,2023-07-10,sexta
2023-07-07,ING0221,26.383087302618467,2023-07-11,sexta
2023-07-07,ING0222,3.5,2023-07-12,sexta
2023-07-07,ING0227,0.5,2023-07-11,sexta
2023-07-07,ING0239,0.5,2023-07-11,sexta
2023-07-07,ING0240,5.5,2023-07-11,sexta
2023-07-07,ING0242,34.0,2023-07-11,sexta
2023-07-10,ING0026,2.5,2023-07-14,emergencial
2023-07-10,ING0047,1.5,2023-07-11,emergencial
2023-07-10,ING0059,1.5,2023-07-14,emergencial
2023-07-10,ING0070,19.5,2023-07-14,emergencial
2023-07-10,ING0071,17.0,2023-07-14,emergencial
2023-07-10,ING0096,3.0,2023-07-12,emergencial
2023-07-10,ING0100,2.0,2023-07-11,emergencial
2023-07-10,ING0128,5.0,2023-07-15,emergencial
2023-07-10,ING0132,0.5,2023-07-14,emergencial
2023-07-10,ING0166,1.0,2023-07-13,emergencial
2023-07-10,ING0191,30.5,2023-07-13,emergencial
2023-07-10,ING0205,1.0,2023-07-16,emergencial
2023-07-10,ING0214,209.0,2023-07-13,emergencial
2023-07-11,ING0070,20.5,2023-07-15,emergencial
2023-07-11,ING0132,0.5,2023-07-15,emergencial
2023-07-11,ING0166,1.0,2023-07-14,emergencial
2023-07-12,ING0070,24.0,2023-07-16,emergencial
2023-07-12,ING0159,626.0,2023-07-13,emergencial
2023-07-12,ING0166,1.0,2023-07-15,emergencial
2023-07-12,ING0175,21.0,2023-07-15,emergencial
2023-07-13,ING0038,2.812390645543622,2023-07-14,emergencial
2023-07-13,ING0045,47.5,2023-07-14,emergencial
2023-07-13,ING0070,21.0,2023-07-17,emergencial
2023-07-13,ING0115,2.5,2023-07-14,emergencial
2023-07-13,ING0174,18.5,2023-07-24,emergencial
2023-07-13,ING0175,24.5,2023-07-16,emergencial
2023-07-14,ING0008,7.0,2023-07-17,sexta
2023-07-14,ING0010,256.0,2023-07-17,sexta
2023-07-14,ING0011,0.5,2023-07-17,sexta
2023-07-14,ING0012,2.5,2023-07-17,sexta
2023-07-14,ING0018,57.733941725239625,2023-07-17,sexta
2023-07-14,ING0023,16.0,2023-07-18,sexta
2023-07-14,ING0028,8.5,2023-07-18,sexta
2023-07-14,ING0033,2.5,2023-07-15,sexta
2023-07-14,ING0035,1.0,2023-07-15,sexta
2023-07-14,ING0036,1.5,2023-07-17,sexta
2023-07-14,ING0038,1.5,2023-07-15,sexta
2023-07-14,ING0043,12.5,2023-07-15,sexta
2023-07-14,ING0047,0.5,2023-07-15,sexta
2023-07-14,ING0050,0.5,2023-07-17,sexta
2023-07-14,ING0051,0.5,2023-07-16,sexta
2023-07-14,ING0054,0.5,2023-07-16,sexta
2023-07-14,ING0058,1.5,2023-07-16,sexta
2023-07-14,ING0063,20.34994594490518,2023-07-18,sexta
2023-07-14,ING0067,0.5,2023-07-18,sexta
2023-07-14,ING0070,14.5,2023-07-18,sexta
2023-07-14,ING0071,7.5,2023-07-18,sexta
2023-07-14,ING0075,1.5,2023-07-16,sexta
2023-07-14,ING0079,27.0,2023-07-16,sexta
2023-07-14,ING0085,0.5,2023-07-16,sexta
2023-07-14,ING0089,25.0,2023-07-16,sexta
2023-07-14,ING0097,0.5,2023-07-16,sexta
2023-07-14,ING0100,1.0,2023-07-15,sexta
2023-07-14,ING0105,2.0,2023-07-15,sexta
2023-07-14,ING0106,3.5,2023-07-15,sexta
2023-07-14,ING0107,2.0,2023-07-15,sexta
2023-07-14,ING0108,0.5,2023-07-15,sexta
2023-07-14,ING0116,0.8858543330742521,2023-07-15,sexta
2023-07-14,ING0121,3.0,2023-07-18,sexta
2023-07-14,ING0128,6.5,2023-07-18,sexta
2023-07-14,ING0133,0.5,2023-07-18,sexta
2023-07-14,ING0134,0.5,2023-07-18,sexta
2023-07-14,ING0147,0.5,2023-07-19,sexta
2023-07-14,ING0150,0.5,2023-07-17,sexta
2023-07-14,ING0152,1.5,2023-07-17,sexta
2023-07-14,ING0159,426.0,2023-07-15,sexta
2023-07-14,ING0160,2.5,2023-07-17,sexta
2023-07-14,ING0163,865.0,2023-07-15,sexta
2023-07-14,ING0164,1.5,2023-07-17,sexta
2023-07-14,ING0165,4.0,2023-07-18,sexta
2023-07-14,ING0166,0.5,2023-07-17,sexta
2023-07-14,ING0174,21.0,2023-07-25,sexta
2023-07-14,ING0175,27.0,2023-07-17,sexta
2023-07-14,ING0178,200.06992604791927,2023-07-17,sexta
2023-07-14,ING0183,1.5,2023-07-24,sexta
2023-07-14,ING0188,53.0,2023-07-17,sexta
2023-07-14,ING0204,2.0719060424497306,2023-07-24,sexta
2023-07-14,ING0205,0.5,2023-07-18,sexta
2023-07-14,ING0211,63.0,2023-07-17,sexta
2023-07-14,ING0215,40.5,2023-07-17,sexta
2023-07-14,ING0220,7.5,2023-07-25,sexta
2023-07-14,ING0227,0.5,2023-07-18,sexta
2023-07-14,ING0234,0.5,2023-07-18,sexta
2023-07-17,ING0028,11.5,2023-07-21,emergencial
2023-07-17,ING0106,3.0,2023-07-18,emergencial
2023-07-17,ING0110,3.0,2023-07-18,emergencial
2023-07-17,ING0121,3.5,2023-07-23,emergencial
2023-07-17,ING0128,32.54356961288432,2023-07-21,emergencial
2023-07-17,ING0160,7.5,2023-07-20,emergencial
2023-07-17,ING0165,4.5,2023-07-20,emergencial
2023-07-17,ING0174,17.5,2023-07-20,emergencial
2023-07-17,ING0234,0.5,2023-07-21,emergencial
2023-07-18,ING0128,22.971931491447755,2023-07-22,emergencial
2023-07-18,ING0160,6.5,2023-07-21,emergencial
2023-07-18,ING0244,1.5915275807902711,2023-07-22,emergencial
2023-07-19,ING0128,28.714914364309692,2023-07-23,emergencial
2023-07-19,ING0160,5.5,2023-07-22,emergencial
2023-07-20,ING0190,14.0,2023-07-24,emergencial
2023-07-21,ING0001,1.6845620733936773,2023-07-24,sexta
2023-07-21,ING0004,23.5,2023-07-24,sexta
2023-07-21,ING0008,4.0,2023-07-24,sexta
2023-07-21,ING0010,143.0,2023-07-24,sexta
2023-07-21,ING0012,3.0,2023-07-24,sexta
2023-07-21,ING0018,107.04768901912408,2023-07-26,sexta
2023-07-21,ING0023,99.0,2023-07-24,sexta
2023-07-21,ING0024,1.5,2023-07-24,sexta
2023-07-21,ING0033,1.5,2023-07-22,sexta
2023-07-21,ING0035,0.5,2023-07-22,sexta
2023-07-21,ING0036,1.0,2023-07-22,sexta
2023-07-21,ING0038,1.0,2023-07-22,sexta
2023-07-21,ING0039,0.5,2023-07-24,sexta
2023-07-21,ING0040,4.5,2023-07-23,sexta
2023-07-21,ING0041,0.5,2023-07-22,sexta
2023-07-21,ING0043,12.0,2023-07-22,sexta
2023-07-21,ING0044,0.5452798005576993,2023-07-22,sexta
2023-07-21,ING0045,20.5,2023-07-22,sexta
2023-07-21,ING0046,1.3205840624499061,2023-07-22,sexta
2023-07-21,ING0047,0.5,2023-07-22,sexta
2023-07-21,ING0053,0.5,2023-07-23,sexta
2023-07-21,ING0056,0.5,2023-07-23,sexta
2023-07-21,ING0059,1.5,2023-07-25,sexta
2023-07-21,ING0067,0.5,2023-07-25,sexta
2023-07-21,ING0068,0.5,2023-07-25,sexta
2023-07-21,ING0069,5.5,2023-07-25,sexta
2023-07-21,ING0071,9.5,2023-07-25,sexta
2023-07-21,ING0075,1.0,2023-07-23,sexta
2023-07-21,ING0083,0.9493401350473842,2023-07-23,sexta
2023-07-21,ING0085,0.5,2023-07-23,sexta
2023-07-21,ING0096,1.0,2023-07-23,sexta
2023-07-21,ING0097,0.5,2023-07-23,sexta
2023-07-21,ING0098,1.5,2023-07-22,sexta
2023-07-21,ING0102,1.0,2023-07-22,sexta
2023-07-21,ING0103,0.5,2023-07-22,sexta
2023-07-21,ING0105,1.0,2023-07-22,sexta
2023-07-21,ING0106,1.5,2023-07-22,sexta
2023-07-21,ING0107,1.5,2023-07-22,sexta
2023-07-21,ING0110,2.5,2023-07-22,sexta
2023-07-21,ING0112,0.5,2023-07-23,sexta
2023-07-21,ING0115,2.0,2023-07-24,sexta
2023-07-21,ING0121,1.5,2023-07-25,sexta
2023-07-21,ING0135,0.5,2023-07-25,sexta
2023-07-21,ING0139,4.5,2023-07-25,sexta
2023-07-21,ING0145,0.5,2023-07-25,sexta
2023-07-21,ING0148,0.5,2023-07-25,sexta
2023-07-21,ING0149,0.5856126863369879,2023-07-25,sexta
2023-07-21,ING0151,0.5,2023-07-30,sexta
2023-07-21,ING0152,1.0,2023-07-24,sexta
2023-07-21,ING0159,460.0,2023-07-22,sexta
2023-07-21,ING0161,3.0,2023-07-24,sexta
2023-07-21,ING0164,1.5,2023-07-24,sexta
2023-07-21,ING0168,1.0,2023-07-24,sexta
2023-07-21,ING0178,133.68559393800308,2023-07-27,sexta
2023-07-21,ING0188,25.0,2023-07-27,sexta
2023-07-21,ING0190,14.0,2023-07-24,sexta
2023-07-21,ING0191,31.0,2023-07-24,sexta
2023-07-21,ING0192,8.46972330199121,2023-07-24,sexta
2023-07-21,ING0206,29.5,2023-07-24,sexta
2023-07-21,ING0211,33.35210577494347,2023-07-25,sexta
2023-07-21,ING0215,26.0,2023-07-24,sexta
2023-07-21,ING0220,6.570292746606247,2023-07-24,sexta
2023-07-21,ING0225,0.5,2023-07-25,sexta
2023-07-21,ING0227,0.5,2023-07-26,sexta
2023-07-21,ING0229,0.5,2023-07-28,sexta
2023-07-21,ING0237,0.5,2023-07-26,sexta
2023-07-21,ING0238,0.5,2023-07-26,sexta
2023-07-21,ING0240,1.5,2023-07-25,sexta
2023-07-21,ING0244,1.5,2023-07-25,sexta
2023-07-24,ING0059,3.1810748171714467,2023-07-28,emergencial
2023-07-24,ING0069,13.570157684432907,2023-07-29,emergencial
2023-07-24,ING0071,9.5,2023-07-28,emergencial
2023-07-24,ING0163,302.0,2023-07-25,emergencial
2023-07-25,ING0188,25.0,2023-07-28,emergencial
2023-07-26,ING0110,1.5,2023-07-27,emergencial
2023-07-26,ING0188,25.0,2023-07-29,emergencial
2023-07-26,ING0217,8.5,2023-07-29,emergencial
2023-07-28,ING0004,12.5,2023-07-31,sexta
2023-07-28,ING0008,2.0,2023-07-31,sexta
2023-07-28,ING0012,2.5,2023-07-31,sexta
2023-07-28,ING0016,0.5,2023-07-31,sexta
2023-07-28,ING0023,261.82473877832507,2023-08-03,sexta
2023-07-28,ING0024,1.5,2023-08-01,sexta
2023-07-28,ING0026,1.5,2023-08-12,sexta
2023-07-28,ING0033,1.0,2023-07-29,sexta
2023-07-28,ING0035,1.0,2023-07-29,sexta
2023-07-28,ING0036,0.5,2023-07-29,sexta
2023-07-28,ING0038,1.0,2023-07-29,sexta
2023-07-28,ING0043,8.5,2023-08-02,sexta
2023-07-28,ING0045,9.0,2023-07-29,sexta
2023-07-28,ING0047,0.5,2023-07-29,sexta
2023-07-28,ING0054,0.5,2023-07-30,sexta
2023-07-28,ING0055,0.5,2023-07-30,sexta
2023-07-28,ING0056,1.0,2023-07-30,sexta
2023-07-28,ING0067,0.5,2023-08-01,sexta
2023-07-28,ING0071,0.5,2023-08-01,sexta
2023-07-28,ING0072,0.4963925761907086,2023-08-08,sexta
2023-07-28,ING0083,0.5,2023-07-30,sexta
2023-07-28,ING0085,0.5,2023-07-30,sexta
2023-07-28,ING0089,7.0,2023-07-30,sexta
2023-07-28,ING0097,0.5,2023-07-30,sexta
2023-07-28,ING0098,0.5,2023-07-29,sexta
2023-07-28,ING0100,0.5,2023-07-31,sexta
2023-07-28,ING0103,0.5,2023-07-29,sexta
2023-07-28,ING0105,1.0,2023-07-29,sexta
2023-07-28,ING0106,1.5,2023-07-29,sexta
2023-07-28,ING0107,1.0,2023-07-29,sexta
2023-07-28,ING0110,1.5,2023-07-31,sexta
2023-07-28,ING0113,0.5,2023-07-29,sexta
2023-07-28,ING0115,1.0,2023-07-29,sexta
2023-07-28,ING0137,0.5,2023-08-01,sexta
2023-07-28,ING0138,0.5,2023-08-10,sexta
2023-07-28,ING0150,0.5,2023-07-31,sexta
2023-07-28,ING0152,0.5348387856715087,2023-07-31,sexta
2023-07-28,ING0161,1.669455199047752,2023-07-31,sexta
2023-07-28,ING0163,111.0,2023-07-30,sexta
2023-07-28,ING0165,0.5,2023-07-31,sexta
2023-07-28,ING0191,10.5,2023-07-31,sexta
2023-07-28,ING0215,14.0,2023-07-31,sexta
2023-07-28,ING0217,11.0,2023-07-31,sexta
2023-07-28,ING0227,0.5,2023-08-01,sexta
2023-07-28,ING0234,0.5,2023-08-01,sexta
2023-07-28,ING0238,1.5,2023-08-02,sexta
2023-07-28,ING0240,0.5,2023-08-01,sexta
2023-07-28,ING0242,40.0,2023-08-07,sexta
2023-07-28,ING0244,0.5,2023-08-01,sexta
2023-07-31,ING0163,266.0,2023-08-02,emergencial
2023-07-31,ING0242,55.0,2023-08-10,emergencial
2023-08-01,ING0028,26.39331135254174,2023-08-06,emergencial
2023-08-01,ING0043,16.5,2023-08-02,emergencial
2023-08-01,ING0163,258.0,2023-08-02,emergencial
2023-08-01,ING0242,49.0,2023-08-10,emergencial
2023-08-02,ING0028,36.950635893558434,2023-08-06,emergencial
2023-08-02,ING0242,56.5,2023-08-06,emergencial
2023-08-03,ING0028,42.22929816406678,2023-08-07,emergencial
2023-08-03,ING0089,5.5,2023-08-05,emergencial
2023-08-03,ING0242,61.0,2023-08-07,emergencial
2023-08-04,ING0004,60.583081393161414,2023-08-07,sexta
2023-08-04,ING0005,0.5,2023-08-07,sexta
2023-08-04,ING0011,0.5,2023-08-11,sexta
2023-08-04,ING0026,7.3255853468050915,2023-08-19,sexta
2023-08-04,ING0028,36.950635893558434,2023-08-08,sexta
2023-08-04,ING0036,0.45337208965554227,2023-08-05,sexta
2023-08-04,ING0040,3.0,2023-08-08,sexta
2023-08-04,ING0047,0.5,2023-08-06,sexta
2023-08-04,ING0050,0.5,2023-08-06,sexta
2023-08-04,ING0051,0.5,2023-08-06,sexta
2023-08-04,ING0054,0.5,2023-08-06,sexta
2023-08-04,ING0063,23.0,2023-08-08,sexta
2023-08-04,ING0067,0.5,2023-08-08,sexta
2023-08-04,ING0068,0.5,2023-08-08,sexta
2023-08-04,ING0071,10.5,2023-08-08,sexta
2023-08-04,ING0072,0.5,2023-08-08,sexta
2023-08-04,ING0073,0.5,2023-08-08,sexta
2023-08-04,ING0081,5.5,2023-08-06,sexta
2023-08-04,ING0085,0.5,2023-08-07,sexta
2023-08-04,ING0089,5.0,2023-08-06,sexta
2023-08-04,ING0096,2.5,2023-08-07,sexta
2023-08-04,ING0097,0.5,2023-08-06,sexta
2023-08-04,ING0098,0.5,2023-08-05,sexta
2023-08-04,ING0100,0.5,2023-08-06,sexta
2023-08-04,ING0102,2.0,2023-08-06,sexta
2023-08-04,ING0106,1.5,2023-08-05,sexta
2023-08-04,ING0109,0.5,2023-08-05,sexta
2023-08-04,ING0110,1.5,2023-08-05,sexta
2023-08-04,ING0116,1.0,2023-08-05,sexta
2023-08-04,ING0122,4.0,2023-08-08,sexta
2023-08-04,ING0132,1.1692158578224743,2023-08-08,sexta
2023-08-04,ING0134,0.5,2023-08-09,sexta
2023-08-04,ING0135,0.5,2023-08-19,sexta
2023-08-04,ING0137,0.5,2023-08-08,sexta
2023-08-04,ING0138,0.5,2023-08-08,sexta
2023-08-04,ING0147,0.5,2023-08-08,sexta
2023-08-04,ING0151,1.0,2023-08-09,sexta
2023-08-04,ING0152,1.5,2023-08-07,sexta
2023-08-04,ING0161,0.5,2023-08-07,sexta
2023-08-04,ING0164,2.0,2023-08-07,sexta
2023-08-04,ING0183,1.0,2023-08-16,sexta
2023-08-04,ING0194,1.6195112675838206,2023-08-07,sexta
2023-08-04,ING0195,2.375022980940252,2023-08-07,sexta
2023-08-04,ING0215,47.0,2023-08-07,sexta
2023-08-04,ING0227,0.5,2023-08-10,sexta
2023-08-04,ING0237,0.5,2023-08-08,sexta
2023-08-04,ING0238,1.5,2023-08-08,sexta
2023-08-04,ING0239,0.5,2023-08-09,sexta
2023-08-04,ING0242,50.0,2023-08-08,sexta
2023-08-04,ING0244,0.5,2023-08-08,sexta
2023-08-07,ING0010,317.0,2023-08-10,emergencial
2023-08-07,ING0048,8.0,2023-08-09,emergencial
2023-08-07,ING0063,30.0,2023-08-11,emergencial
2023-08-07,ING0071,18.0,2023-08-11,emergencial
2023-08-07,ING0081,14.5,2023-08-09,emergencial
2023-08-07,ING0087,1.8242943435524284,2023-08-10,emergencial
2023-08-07,ING0089,6.5,2023-08-09,emergencial
2023-08-07,ING0132,5.0,2023-08-11,emergencial
2023-08-07,ING0163,833.7284605664908,2023-08-08,emergencial
2023-08-07,ING0206,120.5,2023-08-10,emergencial
2023-08-07,ING0228,4.0,2023-08-13,emergencial
2023-08-07,ING0240,3.5,2023-08-11,emergencial
2023-08-08,ING0010,444.0,2023-08-11,emergencial
2023-08-08,ING0048,9.5,2023-08-10,emergencial
2023-08-08,ING0081,14.5,2023-08-10,emergencial
2023-08-08,ING0087,1.8242943435524284,2023-08-11,emergencial
2023-08-08,ING0089,6.5,2023-08-11,emergencial
2023-08-08,ING0161,3.6031989769392405,2023-08-11,emergencial
2023-08-08,ING0206,120.5,2023-08-11,emergencial
2023-08-08,ING0214,169.0,2023-08-11,emergencial
2023-08-08,ING0228,4.5,2023-08-15,emergencial
2023-08-08,ING0240,5.0,2023-08-12,emergencial
2023-08-09,ING0010,535.0,2023-08-12,emergencial
2023-08-09,ING0012,10.0,2023-08-17,emergencial
2023-08-09,ING0033,4.696214756270316,2023-08-10,emergencial
2023-08-09,ING0078,15.505657580279692,2023-08-16,emergencial
2023-08-09,ING0086,87.5,2023-08-11,emergencial
2023-08-09,ING0087,1.8242943435524284,2023-08-11,emergencial
2023-08-09,ING0115,3.0,2023-08-11,emergencial
2023-08-09,ING0161,4.5,2023-08-12,emergencial
2023-08-09,ING0206,123.0,2023-08-12,emergencial
2023-08-09,ING0214,180.0,2023-08-12,emergencial
2023-08-09,ING0228,5.0,2023-08-15,emergencial
2023-08-09,ING0240,5.0,2023-08-13,emergencial
2023-08-10,ING0012,13.0,2023-08-20,emergencial
2023-08-10,ING0038,3.5,2023-08-11,emergencial
2023-08-10,ING0075,2.5,2023-08-15,emergencial
2023-08-10,ING0078,17.891143361861182,2023-08-17,emergencial
2023-08-10,ING0086,98.5,2023-08-12,emergencial
2023-08-10,ING0089,7.0,2023-08-12,emergencial
2023-08-10,ING0115,2.5,2023-08-12,emergencial
2023-08-10,ING0161,5.0,2023-08-13,emergencial
2023-08-10,ING0214,215.0,2023-08-13,emergencial
2023-08-10,ING0228,4.577771221973356,2023-08-16,emergencial
2023-08-10,ING0240,7.0,2023-08-14,emergencial
2023-08-11,ING0001,0.5,2023-08-14,sexta
2023-08-11,ING0008,15.5,2023-08-14,sexta
2023-08-11,ING0012,13.5,2023-08-14,sexta
2023-08-11,ING0027,1.5,2023-08-15,sexta
2023-08-11,ING0029,4.0,2023-08-15,sexta
2023-08-11,ING0039,0.5,2023-08-12,sexta
2023-08-11,ING0041,0.5,2023-08-12,sexta
2023-08-11,ING0043,7.5,2023-08-12,sexta
2023-08-11,ING0045,52.47056952386857,2023-08-12,sexta
2023-08-11,ING0047,0.5,2023-08-12,sexta
2023-08-11,ING0055,0.5,2023-08-13,sexta
2023-08-11,ING0061,6.0,2023-08-15,sexta
2023-08-11,ING0067,0.5,2023-08-15,sexta
2023-08-11,ING0069,13.0,2023-08-15,sexta
2023-08-11,ING0071,21.20041904918743,2023-08-15,sexta
2023-08-11,ING0075,3.0,2023-08-16,sexta
2023-08-11,ING0078,17.891143361861182,2023-08-13,sexta
2023-08-11,ING0089,8.5,2023-08-13,sexta
2023-08-11,ING0091,10.5,2023-08-13,sexta
2023-08-11,ING0096,4.5,2023-08-15,sexta
2023-08-11,ING0098,1.5,2023-08-13,sexta
2023-08-11,ING0100,0.5,2023-08-12,sexta
2023-08-11,ING0106,3.0,2023-08-12,sexta
2023-08-11,ING0108,0.5,2023-08-13,sexta
2023-08-11,ING0110,2.5,2023-08-12,sexta
2023-08-11,ING0116,2.0,2023-08-15,sexta
2023-08-11,ING0122,52.0,2023-08-15,sexta
2023-08-11,ING0126,21.5,2023-08-15,sexta
2023-08-11,ING0133,0.5,2023-08-15,sexta
2023-08-11,ING0135,0.5,2023-08-15,sexta
2023-08-11,ING0139,18.0,2023-08-17,sexta
2023-08-11,ING0145,0.5,2023-08-27,sexta
2023-08-11,ING0148,0.5,2023-08-24,sexta
2023-08-11,ING0150,0.5,2023-08-14,sexta
2023-08-11,ING0156,0.5,2023-08-17,sexta
2023-08-11,ING0164,6.0,2023-08-14,sexta
2023-08-11,ING0183,1.5,2023-08-14,sexta
2023-08-11,ING0188,43.0,2023-08-15,sexta
2023-08-11,ING0205,2.0,2023-08-14,sexta
2023-08-11,ING0211,164.0,2023-08-14,sexta
2023-08-11,ING0215,106.5,2023-08-15,sexta
2023-08-11,ING0227,0.5,2023-08-15,sexta
2023-08-11,ING0228,5.5,2023-08-17,sexta
2023-08-11,ING0229,0.5,2023-08-15,sexta
2023-08-11,ING0230,71.5,2023-08-23,sexta
2023-08-11,ING0234,1.0,2023-08-15,sexta
2023-08-11,ING0238,15.0,2023-08-16,sexta
2023-08-11,ING0240,1.0,2023-08-15,sexta
2023-08-11,ING0241,0.5,2023-08-15,sexta
2023-08-11,ING0243,3.5,2023-08-15,sexta
2023-08-14,ING0029,4.756299459552478,2023-08-18,emergencial
2023-08-14,ING0061,6.5,2023-08-18,emergencial
2023-08-14,ING0069,19.0,2023-08-18,emergencial
2023-08-14,ING0075,3.0,2023-08-16,emergencial
2023-08-14,ING0096,4.5,2023-08-16,emergencial
2023-08-14,ING0116,2.0,2023-08-15,emergencial
2023-08-14,ING0122,64.0,2023-08-18,emergencial
2023-08-14,ING0126,22.0,2023-08-18,emergencial
2023-08-14,ING0139,21.5,2023-08-21,emergencial
2023-08-14,ING0188,59.0,2023-08-17,emergencial
2023-08-14,ING0215,124.0,2023-08-17,emergencial
2023-08-14,ING0217,18.5,2023-08-17,emergencial
2023-08-14,ING0230,67.5,2023-08-25,emergencial
2023-08-14,ING0234,1.0,2023-08-18,emergencial
2023-08-14,ING0238,19.5,2023-08-19,emergencial
2023-08-15,ING0006,27.0,2023-08-22,emergencial
2023-08-15,ING0024,55.49968868686224,2023-08-19,emergencial
2023-08-15,ING0043,26.0,2023-08-16,emergencial
2023-08-15,ING0056,13.5,2023-08-17,emergencial
2023-08-15,ING0066,45.0,2023-08-19,emergencial
2023-08-15,ING0069,14.0,2023-08-19,emergencial
2023-08-15,ING0089,50.665271172139285,2023-08-17,emergencial
2023-08-15,ING0106,4.0,2023-08-16,emergencial
2023-08-15,ING0139,20.5,2023-08-19,emergencial
2023-08-15,ING0163,1269.4630881053563,2023-08-16,emergencial
2023-08-15,ING0217,17.0,2023-08-18,emergencial
2023-08-15,ING0230,52.0,2023-08-26,emergencial
2023-08-15,ING0238,18.0,2023-08-21,emergencial
2023-08-16,ING0006,31.5,2023-08-23,emergencial
2023-08-16,ING0024,15.0,2023-08-19,emergencial
2023-08-16,ING0030,3.0,2023-08-20,emergencial
2023-08-16,ING0040,6.5,2023-08-17,emergencial
2023-08-16,ING0056,8.021701841866946,2023-08-18,emergencial
2023-08-16,ING0066,50.8008351706889,2023-08-20,emergencial
2023-08-16,ING0069,10.5,2023-08-20,emergencial
2023-08-16,ING0081,17.5,2023-08-19,emergencial
2023-08-16,ING0089,56.9984300686567,2023-08-18,emergencial
2023-08-16,ING0098,1.5,2023-08-17,emergencial
2023-08-16,ING0106,3.0,2023-08-17,emergencial
2023-08-16,ING0110,2.0,2023-08-17,emergencial
2023-08-16,ING0121,2.5,2023-08-26,emergencial
2023-08-16,ING0129,4.5,2023-08-29,emergencial
2023-08-16,ING0132,6.0,2023-08-22,emergencial
2023-08-16,ING0139,14.5,2023-08-20,emergencial
2023-08-16,ING0165,4.5,2023-08-19,emergencial
2023-08-16,ING0217,9.5,2023-08-19,emergencial
2023-08-16,ING0230,39.0,2023-08-20,emergencial
2023-08-16,ING0244,2.0,2023-08-20,emergencial
2023-08-17,ING0006,32.0,2023-08-24,emergencial
2023-08-17,ING0024,13.5,2023-08-20,emergencial
2023-08-17,ING0030,3.5,2023-08-21,emergencial
2023-08-17,ING0066,50.0,2023-08-21,emergencial
2023-08-17,ING0069,12.0,2023-08-21,emergencial
2023-08-17,ING0081,20.0,2023-08-19,emergencial
2023-08-17,ING0098,1.5,2023-08-19,emergencial
2023-08-17,ING0105,8.976930129530963,2023-08-18,emergencial
2023-08-17,ING0121,2.5,2023-08-24,emergencial
2023-08-17,ING0129,4.5,2023-08-30,emergencial
2023-08-17,ING0230,39.5,2023-08-21,emergencial
2023-08-18,ING0001,1.0,2023-08-21,sexta
2023-08-18,ING0006,32.0,2023-08-25,sexta
2023-08-18,ING0008,36.99907611886248,2023-08-21,sexta
2023-08-18,ING0018,7.5,2023-08-23,sexta
2023-08-18,ING0024,11.5,2023-08-21,sexta
2023-08-18,ING0030,3.5,2023-08-22,sexta
2023-08-18,ING0033,1.5,2023-08-19,sexta
2023-08-18,ING0036,1.0,2023-08-19,sexta
2023-08-18,ING0038,1.5,2023-08-19,sexta
2023-08-18,ING0039,0.5,2023-08-19,sexta
2023-08-18,ING0043,9.0,2023-08-19,sexta
2023-08-18,ING0044,0.5,2023-08-19,sexta
2023-08-18,ING0045,31.0,2023-08-19,sexta
2023-08-18,ING0047,0.5,2023-08-19,sexta
2023-08-18,ING0048,7.5,2023-08-20,sexta
2023-08-18,ING0049,10.0,2023-08-21,sexta
2023-08-18,ING0053,0.5,2023-08-20,sexta
2023-08-18,ING0066,48.5,2023-08-22,sexta
2023-08-18,ING0074,1.5,2023-08-28,sexta
2023-08-18,ING0076,26.0,2023-08-20,sexta
2023-08-18,ING0079,19.5,2023-08-22,sexta
2023-08-18,ING0081,20.0,2023-08-20,sexta
2023-08-18,ING0083,1.0,2023-08-20,sexta
2023-08-18,ING0085,0.5,2023-08-20,sexta
2023-08-18,ING0095,7.0,2023-08-20,sexta
2023-08-18,ING0097,0.5,2023-08-20,sexta
2023-08-18,ING0098,1.5,2023-08-20,sexta
2023-08-18,ING0101,0.5,2023-08-19,sexta
2023-08-18,ING0103,0.5,2023-08-19,sexta
2023-08-18,ING0106,1.0,2023-08-19,sexta
2023-08-18,ING0110,0.5,2023-08-19,sexta
2023-08-18,ING0114,0.5,2023-08-19,sexta
2023-08-18,ING0121,3.0,2023-08-22,sexta
2023-08-18,ING0129,4.0,2023-08-22,sexta
2023-08-18,ING0132,8.057344466069628,2023-08-25,sexta
2023-08-18,ING0137,0.5,2023-08-22,sexta
2023-08-18,ING0142,5.5,2023-08-22,sexta
2023-08-18,ING0143,2.0,2023-08-22,sexta
2023-08-18,ING0145,0.5,2023-08-28,sexta
2023-08-18,ING0148,0.5,2023-08-22,sexta
2023-08-18,ING0149,0.5,2023-08-22,sexta
2023-08-18,ING0150,0.5,2023-08-21,sexta
2023-08-18,ING0152,6.104352727101288,2023-08-21,sexta
2023-08-18,ING0159,556.0,2023-08-19,sexta
2023-08-18,ING0164,2.5,2023-08-21,sexta
2023-08-18,ING0166,0.5,2023-08-21,sexta
2023-08-18,ING0171,34.271942079159054,2023-08-21,sexta
2023-08-18,ING0175,38.00180366675984,2023-08-21,sexta
2023-08-18,ING0191,8.5,2023-08-21,sexta
2023-08-18,ING0192,7.0,2023-08-21,sexta
2023-08-18,ING0195,2.0,2023-08-21,sexta
2023-08-18,ING0205,1.0,2023-08-23,sexta
2023-08-18,ING0218,20.0,2023-08-23,sexta
2023-08-18,ING0222,1.0,2023-08-30,sexta
2023-08-18,ING0225,0.5,2023-08-22,sexta
2023-08-18,ING0227,1.0,2023-08-26,sexta
2023-08-18,ING0230,38.5,2023-08-22,sexta
2023-08-18,ING0237,0.5,2023-08-22,sexta
2023-08-18,ING0238,5.0,2023-08-22,sexta
2023-08-18,ING0244,2.0,2023-08-22,sexta
2023-08-21,ING0006,32.0,2023-08-28,emergencial
2023-08-21,ING0079,31.0,2023-08-23,emergencial
2023-08-21,ING0087,1.0,2023-08-23,emergencial
2023-08-21,ING0121,2.5,2023-08-25,emergencial
2023-08-21,ING0129,4.5,2023-08-26,emergencial
2023-08-21,ING0132,7.0,2023-08-25,emergencial
2023-08-21,ING0142,6.5,2023-08-25,emergencial
2023-08-21,ING0227,1.5,2023-08-29,emergencial
2023-08-22,ING0076,100.15156911922749,2023-08-24,emergencial
2023-08-22,ING0087,1.0,2023-08-24,emergencial
2023-08-22,ING0110,1.5,2023-08-23,emergencial
2023-08-22,ING0227,1.5,2023-08-30,emergencial
2023-08-23,ING0043,16.0,2023-08-24,emergencial
2023-08-23,ING0049,14.5,2023-08-25,emergencial
2023-08-23,ING0076,107.5702038687999,2023-08-25,emergencial
2023-08-23,ING0159,517.0,2023-08-24,emergencial
2023-08-23,ING0227,1.5,2023-09-01,emergencial
2023-08-24,ING0049,14.5,2023-08-26,emergencial
2023-08-24,ING0163,403.0,2023-08-25,emergencial
2023-08-24,ING0227,1.5,2023-09-01,emergencial
2023-08-25,ING0001,0.5,2023-08-28,sexta
2023-08-25,ING0011,0.5,2023-08-31,sexta
2023-08-25,ING0016,0.5190777179576995,2023-08-28,sexta
2023-08-25,ING0018,25.0,2023-08-29,sexta
2023-08-25,ING0033,1.5,2023-08-26,sexta
2023-08-25,ING0035,0.5555449122903361,2023-08-27,sexta
2023-08-25,ING0036,1.0,2023-08-26,sexta
2023-08-25,ING0038,1.5,2023-08-27,sexta
2023-08-25,ING0039,0.5,2023-08-26,sexta
2023-08-25,ING0043,8.5,2023-08-26,sexta
2023-08-25,ING0048,5.5,2023-08-27,sexta
2023-08-25,ING0049,2.5,2023-08-27,sexta
2023-08-25,ING0052,17.0,2023-08-28,sexta
2023-08-25,ING0055,0.5,2023-08-27,sexta
2023-08-25,ING0063,13.0,2023-08-29,sexta
2023-08-25,ING0073,0.5,2023-08-29,sexta
2023-08-25,ING0074,2.0,2023-08-29,sexta
2023-08-25,ING0079,2.0,2023-08-27,sexta
2023-08-25,ING0083,1.0,2023-08-27,sexta
2023-08-25,ING0085,0.5,2023-08-27,sexta
2023-08-25,ING0086,20.5,2023-08-27,sexta
2023-08-25,ING0091,6.5,2023-08-27,sexta
2023-08-25,ING0097,0.45262302033743945,2023-08-27,sexta
2023-08-25,ING0098,0.5,2023-08-26,sexta
2023-08-25,ING0103,0.5,2023-08-26,sexta
2023-08-25,ING0106,1.5,2023-08-26,sexta
2023-08-25,ING0110,1.0,2023-08-26,sexta
2023-08-25,ING0112,0.5,2023-08-27,sexta
2023-08-25,ING0113,0.5,2023-08-26,sexta
2023-08-25,ING0129,2.0,2023-08-29,sexta
2023-08-25,ING0133,0.5,2023-08-29,sexta
2023-08-25,ING0137,0.5,2023-08-29,sexta
2023-08-25,ING0145,0.5,2023-08-29,sexta
2023-08-25,ING0147,0.5,2023-08-29,sexta
2023-08-25,ING0159,286.0,2023-08-26,sexta
2023-08-25,ING0161,2.522006390339294,2023-08-30,sexta
2023-08-25,ING0169,1.0,2023-08-29,sexta
2023-08-25,ING0174,10.5,2023-08-28,sexta
2023-08-25,ING0175,5.0,2023-08-30,sexta
2023-08-25,ING0183,2.5,2023-08-28,sexta
2023-08-25,ING0189,2.0,2023-08-28,sexta
2023-08-25,ING0191,23.0,2023-08-31,sexta
2023-08-25,ING0192,22.0,2023-08-29,sexta
2023-08-25,ING0211,93.7056917972705,2023-08-28,sexta
2023-08-25,ING0214,150.0,2023-08-30,sexta
2023-08-25,ING0218,33.5,2023-08-28,sexta
2023-08-25,ING0222,1.5,2023-08-29,sexta
2023-08-25,ING0227,1.5,2023-09-02,sexta
2023-08-25,ING0239,0.5,2023-08-29,sexta
2023-08-25,ING0243,1.0,2023-08-29,sexta
2023-08-28,ING0018,52.0,2023-09-01,emergencial
2023-08-28,ING0192,56.5,2023-08-31,emergencial
2023-08-28,ING0214,253.0,2023-09-03,emergencial
2023-08-28,ING0222,2.0,2023-09-01,emergencial
2023-08-28,ING0227,1.0,2023-09-01,emergencial
2023-08-28,ING0243,1.5,2023-09-01,emergencial
2023-08-29,ING0043,28.0,2023-08-30,emergencial
2023-08-29,ING0087,1.0,2023-08-31,emergencial
2023-08-29,ING0163,333.0,2023-08-30,emergencial
2023-08-29,ING0191,70.5,2023-09-01,emergencial
2023-08-29,ING0214,317.0,2023-09-01,emergencial
2023-08-30,ING0035,3.0,2023-08-31,emergencial
2023-08-30,ING0087,1.0,2023-09-01,emergencial
2023-08-30,ING0189,4.5,2023-09-02,emergencial
2023-08-30,ING0191,88.0,2023-09-02,emergencial
2023-08-31,ING0110,3.5,2023-09-01,emergencial
2023-08-31,ING0189,5.0,2023-09-03,emergencial
2023-09-01,ING0001,0.5,2023-09-04,sexta
2023-09-01,ING0005,0.5,2023-09-04,sexta
2023-09-01,ING0015,136.0,2023-09-04,sexta
2023-09-01,ING0029,7.345731485594137,2023-09-05,sexta
2023-09-01,ING0030,2.5,2023-09-05,sexta
2023-09-01,ING0036,0.5,2023-09-02,sexta
2023-09-01,ING0038,2.0,2023-09-02,sexta
2023-09-01,ING0039,0.5,2023-09-02,sexta
2023-09-01,ING0041,0.5,2023-09-03,sexta
2023-09-01,ING0050,0.5,2023-09-03,sexta
2023-09-01,ING0051,0.5788935700106266,2023-09-03,sexta
2023-09-01,ING0061,5.5,2023-09-05,sexta
2023-09-01,ING0064,0.5465211524580111,2023-09-05,sexta
2023-09-01,ING0068,0.5,2023-09-06,sexta
2023-09-01,ING0079,40.5,2023-09-03,sexta
2023-09-01,ING0081,0.5,2023-09-03,sexta
2023-09-01,ING0083,1.0,2023-09-03,sexta
2023-09-01,ING0085,0.5,2023-09-03,sexta
2023-09-01,ING0086,101.0,2023-09-03,sexta
2023-09-01,ING0095,15.0,2023-09-03,sexta
2023-09-01,ING0097,0.5,2023-09-03,sexta
2023-09-01,ING0098,0.5,2023-09-02,sexta
2023-09-01,ING0099,1.0,2023-09-02,sexta
2023-09-01,ING0103,0.5,2023-09-02,sexta
2023-09-01,ING0106,4.0,2023-09-04,sexta
2023-09-01,ING0108,0.5,2023-09-02,sexta
2023-09-01,ING0109,0.5,2023-09-02,sexta
2023-09-01,ING0134,0.5,2023-09-05,sexta
2023-09-01,ING0142,4.987254685119791,2023-09-05,sexta
2023-09-01,ING0143,7.5,2023-09-05,sexta
2023-09-01,ING0150,1.0,2023-09-04,sexta
2023-09-01,ING0151,0.5,2023-09-04,sexta
2023-09-01,ING0163,151.0,2023-09-02,sexta
2023-09-01,ING0169,3.0,2023-09-04,sexta
2023-09-01,ING0174,33.0,2023-09-04,sexta
2023-09-01,ING0175,9.0,2023-09-04,sexta
2023-09-01,ING0183,4.0,2023-09-04,sexta
2023-09-01,ING0188,31.0,2023-09-04,sexta
2023-09-01,ING0189,5.0,2023-09-05,sexta
2023-09-01,ING0211,119.0,2023-09-04,sexta
2023-09-01,ING0229,0.5,2023-09-11,sexta
2023-09-01,ING0232,8.0,2023-09-10,sexta
2023-09-01,ING0241,0.5,2023-09-05,sexta
2023-09-01,ING0244,0.5,2023-09-05,sexta
2023-09-04,ING0030,3.0,2023-09-08,emergencial
2023-09-04,ING0061,10.5,2023-09-08,emergencial
2023-09-04,ING0066,41.0,2023-09-08,emergencial
2023-09-04,ING0081,36.0,2023-09-06,emergencial
2023-09-04,ING0083,3.0,2023-09-06,emergencial
2023-09-04,ING0087,1.0,2023-09-06,emergencial
2023-09-04,ING0131,5.0,2023-09-09,emergencial
2023-09-04,ING0142,11.0,2023-09-08,emergencial
2023-09-04,ING0143,9.0,2023-09-08,emergencial
2023-09-04,ING0163,313.0,2023-09-05,emergencial
2023-09-04,ING0232,26.0,2023-09-10,emergencial
2023-09-05,ING0010,1444.0680637804278,2023-09-08,emergencial
2023-09-05,ING0027,4.0,2023-09-09,emergencial
2023-09-05,ING0030,3.5,2023-09-09,emergencial
2023-09-05,ING0045,71.72898366744623,2023-09-06,emergencial
2023-09-05,ING0049,20.0,2023-09-07,emergencial
2023-09-05,ING0062,19.89240720378786,2023-09-09,emergencial
2023-09-05,ING0066,45.0,2023-09-09,emergencial
2023-09-05,ING0081,34.5,2023-09-07,emergencial
2023-09-05,ING0083,3.5,2023-09-07,emergencial
2023-09-05,ING0086,138.0,2023-09-07,emergencial
2023-09-05,ING0087,1.0,2023-09-07,emergencial
2023-09-05,ING0091,15.5,2023-09-10,emergencial
2023-09-05,ING0093,6.5,2023-09-10,emergencial
2023-09-05,ING0110,4.0,2023-09-07,emergencial
2023-09-05,ING0131,5.0,2023-09-09,emergencial
2023-09-05,ING0157,11.5,2023-09-10,emergencial
2023-09-05,ING0163,350.0,2023-09-09,emergencial
2023-09-05,ING0166,5.151416903036763,2023-09-08,emergencial
2023-09-05,ING0169,5.5,2023-09-08,emergencial
2023-09-05,ING0171,68.3089927558296,2023-09-08,emergencial
2023-09-05,ING0175,50.5,2023-09-10,emergencial
2023-09-05,ING0188,91.0,2023-09-09,emergencial
2023-09-05,ING0206,156.5,2023-09-08,emergencial
2023-09-05,ING0215,135.0,2023-09-08,emergencial
2023-09-05,ING0218,136.0,2023-09-08,emergencial
2023-09-05,ING0232,23.5,2023-09-11,emergencial
2023-09-06,ING0002,6.0,2023-09-09,emergencial
2023-09-06,ING0006,119.246417653836,2023-09-09,emergencial
2023-09-06,ING0010,1296.420206885172,2023-09-09,emergencial
2023-09-06,ING0015,215.0,2023-09-09,emergencial
2023-09-06,ING0018,58.0,2023-09-09,emergencial
2023-09-06,ING0027,4.5,2023-09-10,emergencial
2023-09-06,ING0030,4.0,2023-09-10,emergencial
2023-09-06,ING0038,2.5,2023-09-07,emergencial
2023-09-06,ING0048,9.5,2023-09-13,emergencial
2023-09-06,ING0049,15.5,2023-09-08,emergencial
2023-09-06,ING0060,14.0,2023-09-10,emergencial
2023-09-06,ING0061,4.5,2023-09-10,emergencial
2023-09-06,ING0062,12.241481356177147,2023-09-10,emergencial
2023-09-06,ING0066,54.5,2023-09-10,emergencial
2023-09-06,ING0079,37.0,2023-09-08,emergencial
2023-09-06,ING0086,79.0,2023-09-08,emergencial
2023-09-06,ING0087,1.5,2023-09-08,emergencial
2023-09-06,ING0089,17.0,2023-09-08,emergencial
2023-09-06,ING0090,5.0,2023-09-08,emergencial
2023-09-06,ING0091,10.5,2023-09-08,emergencial
2023-09-06,ING0092,22.5,2023-09-08,emergencial
2023-09-06,ING0093,4.0,2023-09-08,emergencial
2023-09-06,ING0095,21.0,2023-09-08,emergencial
2023-09-06,ING0104,3.5,2023-09-07,emergencial
2023-09-06,ING0107,2.0,2023-09-07,emergencial
2023-09-06,ING0110,2.459522850731082,2023-09-10,emergencial
2023-09-06,ING0115,2.5,2023-09-07,emergencial
2023-09-06,ING0131,3.0,2023-09-10,emergencial
2023-09-06,ING0142,11.5,2023-09-10,emergencial
2023-09-06,ING0152,2.0,2023-09-09,emergencial
2023-09-06,ING0157,9.0,2023-09-09,emergencial
2023-09-06,ING0160,3.5,2023-09-09,emergencial
2023-09-06,ING0163,419.0,2023-09-07,emergencial
2023-09-06,ING0164,16.85599275421939,2023-09-09,emergencial
2023-09-06,ING0166,1.5,2023-09-09,emergencial
2023-09-06,ING0169,6.0,2023-09-10,emergencial
2023-09-06,ING0171,33.0,2023-09-09,emergencial
2023-09-06,ING0175,30.5,2023-09-09,emergencial
2023-09-06,ING0188,68.0,2023-09-09,emergencial
2023-09-06,ING0190,15.0,2023-09-09,emergencial
2023-09-06,ING0192,38.0,2023-09-09,emergencial
2023-09-06,ING0203,6.0,2023-09-09,emergencial
2023-09-06,ING0205,2.0,2023-09-09,emergencial
2023-09-06,ING0206,97.5,2023-09-10,emergencial
2023-09-06,ING0207,3.5,2023-09-09,emergencial
2023-09-06,ING0215,94.0,2023-09-09,emergencial
2023-09-06,ING0218,80.5,2023-09-09,emergencial
2023-09-06,ING0232,11.5,2023-09-12,emergencial
2023-09-06,ING0234,0.5,2023-09-10,emergencial
2023-09-06,ING0243,1.5,2023-09-10,emergencial
2023-09-07,ING0002,6.5,2023-09-10,emergencial
2023-09-07,ING0006,123.38643299957316,2023-09-10,emergencial
2023-09-07,ING0015,214.0,2023-09-10,emergencial
2023-09-07,ING0018,62.0,2023-09-10,emergencial
2023-09-07,ING0027,4.0,2023-09-11,emergencial
2023-09-07,ING0030,4.564338258015647,2023-09-11,emergencial
2023-09-07,ING0048,10.0,2023-09-14,emergencial
2023-09-07,ING0060,14.5,2023-09-14,emergencial
2023-09-07,ING0061,4.5,2023-09-11,emergencial
2023-09-07,ING0066,54.0,2023-09-11,emergencial
2023-09-07,ING0079,38.0,2023-09-09,emergencial
2023-09-07,ING0089,16.5,2023-09-09,emergencial
2023-09-07,ING0090,5.5,2023-09-09,emergencial
2023-09-07,ING0091,10.0,2023-09-09,emergencial
2023-09-07,ING0092,24.5,2023-09-09,emergencial
2023-09-07,ING0093,4.0,2023-09-09,emergencial
2023-09-07,ING0131,3.5,2023-09-11,emergencial
2023-09-07,ING0142,11.5,2023-09-11,emergencial
2023-09-07,ING0157,8.448862234799009,2023-09-10,emergencial
2023-09-07,ING0160,6.0,2023-09-10,emergencial
2023-09-07,ING0164,18.3883557318757,2023-09-10,emergencial
2023-09-07,ING0166,1.0,2023-09-10,emergencial
2023-09-07,ING0169,6.0,2023-09-10,emergencial
2023-09-07,ING0171,37.0,2023-09-10,emergencial
2023-09-07,ING0175,31.0,2023-09-10,emergencial
2023-09-07,ING0188,68.0,2023-09-10,emergencial
2023-09-07,ING0190,19.774122284925106,2023-09-11,emergencial
2023-09-07,ING0192,38.5,2023-09-10,emergencial
2023-09-07,ING0203,6.0,2023-09-10,emergencial
2023-09-07,ING0205,2.0,2023-09-10,emergencial
2023-09-07,ING0206,110.5,2023-09-10,emergencial
2023-09-07,ING0215,100.0,2023-09-14,emergencial
2023-09-07,ING0218,80.5,2023-09-10,emergencial
2023-09-07,ING0232,11.5,2023-09-13,emergencial
2023-09-07,ING0243,1.5,2023-09-11,emergencial
2023-09-07,ING0244,2.5,2023-09-15,emergencial
2023-09-08,ING0001,2.0,2023-09-14,sexta
2023-09-08,ING0002,7.215526140901336,2023-09-11,sexta
2023-09-08,ING0006,119.9107588305711,2023-09-11,sexta
2023-09-08,ING0015,208.0,2023-09-11,sexta
2023-09-08,ING0018,59.0,2023-09-11,sexta
2023-09-08,ING0023,666.4166153802616,2023-09-11,sexta
2023-09-08,ING0027,4.0,2023-09-12,sexta
2023-09-08,ING0029,5.0,2023-09-12,sexta
2023-09-08,ING0033,1.0,2023-09-09,sexta
2023-09-08,ING0035,1.5,2023-09-09,sexta
2023-09-08,ING0036,1.5,2023-09-09,sexta
2023-09-08,ING0038,1.5,2023-09-09,sexta
2023-09-08,ING0042,0.5,2023-09-09,sexta
2023-09-08,ING0047,0.5,2023-09-11,sexta
2023-09-08,ING0048,9.0,2023-09-15,sexta
2023-09-08,ING0052,24.0,2023-09-10,sexta
2023-09-08,ING0060,14.5,2023-09-12,sexta
2023-09-08,ING0070,11.5,2023-09-12,sexta
2023-09-08,ING0071,1.9183045978089022,2023-09-12,sexta
2023-09-08,ING0072,0.5,2023-09-12,sexta
2023-09-08,ING0079,17.0,2023-09-10,sexta
2023-09-08,ING0084,19.0,2023-09-11,sexta
2023-09-08,ING0092,9.0,2023-09-10,sexta
2023-09-08,ING0093,1.5,2023-09-10,sexta
2023-09-08,ING0097,0.5,2023-09-11,sexta
2023-09-08,ING0100,0.5,2023-09-12,sexta
2023-09-08,ING0101,0.5,2023-09-09,sexta
2023-09-08,ING0102,2.5,2023-09-10,sexta
2023-09-08,ING0103,0.5,2023-09-09,sexta
2023-09-08,ING0104,2.364306568045615,2023-09-09,sexta
2023-09-08,ING0106,2.4747507300704603,2023-09-09,sexta
2023-09-08,ING0107,1.0,2023-09-09,sexta
2023-09-08,ING0110,0.5,2023-09-12,sexta
2023-09-08,ING0116,0.5,2023-09-09,sexta
2023-09-08,ING0121,2.5,2023-09-12,sexta
2023-09-08,ING0122,23.5936403075927,2023-09-12,sexta
2023-09-08,ING0131,3.0,2023-09-12,sexta
2023-09-08,ING0138,0.5,2023-09-12,sexta
2023-09-08,ING0142,1.5,2023-09-12,sexta
2023-09-08,ING0152,2.5,2023-09-11,sexta
2023-09-08,ING0154,19.464574664079894,2023-09-11,sexta
2023-09-08,ING0156,0.5,2023-09-11,sexta
2023-09-08,ING0157,9.0,2023-09-11,sexta
2023-09-08,ING0160,6.0,2023-09-11,sexta
2023-09-08,ING0163,67.0,2023-09-09,sexta
2023-09-08,ING0164,18.3883557318757,2023-09-11,sexta
2023-09-08,ING0165,2.5,2023-09-11,sexta
2023-09-08,ING0169,2.0,2023-09-12,sexta
2023-09-08,ING0174,14.5,2023-09-11,sexta
2023-09-08,ING0175,25.5,2023-09-11,sexta
2023-09-08,ING0178,1.0,2023-09-11,sexta
2023-09-08,ING0188,62.0,2023-09-11,sexta
2023-09-08,ING0190,14.5,2023-09-11,sexta
2023-09-08,ING0191,18.0,2023-09-11,sexta
2023-09-08,ING0192,39.0,2023-09-12,sexta
2023-09-08,ING0199,0.5,2023-09-11,sexta
2023-09-08,ING0202,28.0,2023-09-11,sexta
2023-09-08,ING0203,6.5,2023-09-12,sexta
2023-09-08,ING0205,1.5,2023-09-11,sexta
2023-09-08,ING0207,3.0,2023-09-11,sexta
2023-09-08,ING0211,89.0,2023-09-14,sexta
2023-09-08,ING0229,0.5,2023-09-12,sexta
2023-09-08,ING0232,12.0,2023-09-14,sexta
2023-09-08,ING0234,0.5,2023-09-12,sexta
2023-09-08,ING0238,30.811196279930023,2023-09-12,sexta
2023-09-08,ING0240,2.5,2023-09-12,sexta
2023-09-08,ING0243,1.5,2023-09-12,sexta
2023-09-08,ING0244,2.5,2023-09-12,sexta
2023-09-11,ING0019,351.0,2023-09-17,emergencial
2023-09-11,ING0029,5.5,2023-09-15,emergencial
2023-09-11,ING0048,7.0,2023-09-13,emergencial
2023-09-11,ING0063,21.5,2023-09-15,emergencial
2023-09-11,ING0070,13.5,2023-09-15,emergencial
2023-09-11,ING0211,324.13199747617915,2023-09-14,emergencial
2023-09-11,ING0240,3.0,2023-09-16,emergencial
2023-09-11,ING0244,2.5,2023-09-23,emergencial
2023-09-12,ING0019,352.0,2023-09-15,emergencial
2023-09-12,ING0048,7.0,2023-09-14,emergencial
2023-09-12,ING0063,21.0,2023-09-16,emergencial
2023-09-12,ING0087,1.0,2023-09-14,emergencial
2023-09-13,ING0019,338.0,2023-09-16,emergencial
2023-09-13,ING0063,20.5,2023-09-18,emergencial
2023-09-13,ING0087,1.5,2023-09-16,emergencial
2023-09-13,ING0163,446.0,2023-09-14,emergencial
2023-09-14,ING0019,347.0,2023-09-18,emergencial
2023-09-14,ING0063,20.5,2023-09-18,emergencial
2023-09-15,ING0001,1.0,2023-09-19,sexta
2023-09-15,ING0002,0.5,2023-09-18,sexta
2023-09-15,ING0012,1.5,2023-09-18,sexta
2023-09-15,ING0016,0.5,2023-09-18,sexta
2023-09-15,ING0019,185.0,2023-09-18,sexta
2023-09-15,ING0026,1.5,2023-09-19,sexta
2023-09-15,ING0033,1.5,2023-09-17,sexta
2023-09-15,ING0035,1.0,2023-09-16,sexta
2023-09-15,ING0036,0.5,2023-09-16,sexta
2023-09-15,ING0038,2.5,2023-09-17,sexta
2023-09-15,ING0042,0.5,2023-09-16,sexta
2023-09-15,ING0044,0.5,2023-09-16,sexta
2023-09-15,ING0045,28.5,2023-09-16,sexta
2023-09-15,ING0050,0.5,2023-09-20,sexta
2023-09-15,ING0052,15.0,2023-09-17,sexta
2023-09-15,ING0055,0.59331221860026,2023-09-20,sexta
2023-09-15,ING0063,10.5,2023-09-19,sexta
2023-09-15,ING0070,3.0,2023-09-19,sexta
2023-09-15,ING0071,7.673218391235609,2023-09-19,sexta
2023-09-15,ING0073,0.5,2023-09-19,sexta
2023-09-15,ING0079,2.5,2023-09-17,sexta
2023-09-15,ING0081,3.0,2023-09-17,sexta
2023-09-15,ING0083,0.5,2023-09-17,sexta
2023-09-15,ING0084,18.5,2023-09-17,sexta
2023-09-15,ING0085,0.5,2023-09-21,sexta
2023-09-15,ING0086,41.0,2023-09-17,sexta
2023-09-15,ING0087,0.5,2023-09-17,sexta
2023-09-15,ING0088,69.0,2023-09-17,sexta
2023-09-15,ING0089,20.781704261615005,2023-09-17,sexta
2023-09-15,ING0095,10.5,2023-09-17,sexta
2023-09-15,ING0098,0.5,2023-09-16,sexta
2023-09-15,ING0101,0.5,2023-09-16,sexta
2023-09-15,ING0104,1.5,2023-09-18,sexta
2023-09-15,ING0106,1.8748132968530578,2023-09-16,sexta
2023-09-15,ING0107,1.0,2023-09-16,sexta
2023-09-15,ING0113,0.5,2023-09-16,sexta
2023-09-15,ING0115,1.5,2023-09-18,sexta
2023-09-15,ING0116,0.5,2023-09-16,sexta
2023-09-15,ING0121,2.5,2023-09-19,sexta
2023-09-15,ING0122,12.0,2023-09-19,sexta
2023-09-15,ING0133,0.5,2023-09-19,sexta
2023-09-15,ING0143,2.5,2023-09-19,sexta
2023-09-15,ING0147,0.5,2023-09-19,sexta
2023-09-15,ING0148,0.5,2023-09-19,sexta
2023-09-15,ING0149,0.5,2023-09-19,sexta
2023-09-15,ING0150,0.5,2023-09-20,sexta
2023-09-15,ING0151,0.5,2023-09-18,sexta
2023-09-15,ING0152,1.0,2023-09-21,sexta
2023-09-15,ING0154,12.5,2023-09-18,sexta
2023-09-15,ING0161,2.3196646245695396,2023-09-26,sexta
2023-09-15,ING0165,2.5,2023-09-18,sexta
2023-09-15,ING0168,1.5,2023-09-18,sexta
2023-09-15,ING0174,11.5,2023-09-18,sexta
2023-09-15,ING0178,83.0,2023-09-18,sexta
2023-09-15,ING0191,16.5,2023-09-18,sexta
2023-09-15,ING0199,0.5,2023-09-18,sexta
2023-09-15,ING0202,22.0,2023-09-18,sexta
2023-09-15,ING0214,51.0,2023-09-18,sexta
2023-09-15,ING0225,0.5,2023-09-27,sexta
2023-09-15,ING0239,0.5,2023-09-19,sexta
2023-09-15,ING0240,6.068730117699152,2023-09-19,sexta
2023-09-19,ING0163,320.0,2023-09-20,emergencial
2023-09-22,ING0011,0.5,2023-09-25,sexta
2023-09-22,ING0033,0.5,2023-09-24,sexta
2023-09-22,ING0036,0.5,2023-09-23,sexta
2023-09-22,ING0038,1.0,2023-09-24,sexta
2023-09-22,ING0041,0.5,2023-09-23,sexta
2023-09-22,ING0051,0.5,2023-09-24,sexta
2023-09-22,ING0053,0.5,2023-09-24,sexta
2023-09-22,ING0054,0.5,2023-09-24,sexta
2023-09-22,ING0068,0.5,2023-09-26,sexta
2023-09-22,ING0081,0.5,2023-09-24,sexta
2023-09-22,ING0085,0.5,2023-09-24,sexta
2023-09-22,ING0088,36.5,2023-09-24,sexta
2023-09-22,ING0097,0.5,2023-09-24,sexta
2023-09-22,ING0098,0.5,2023-09-23,sexta
2023-09-22,ING0101,0.5,2023-09-23,sexta
2023-09-22,ING0103,0.5,2023-09-23,sexta
2023-09-22,ING0107,0.5,2023-09-23,sexta
2023-09-22,ING0114,0.5,2023-09-23,sexta
2023-09-22,ING0115,0.5,2023-09-23,sexta
2023-09-22,ING0127,1.0,2023-09-26,sexta
2023-09-22,ING0134,0.5,2023-09-26,sexta
2023-09-22,ING0135,0.5,2023-09-26,sexta
2023-09-22,ING0150,0.5,2023-09-25,sexta
2023-09-22,ING0161,3.0,2023-09-25,sexta
2023-09-22,ING0163,281.0,2023-09-23,sexta
2023-09-22,ING0165,0.5,2023-09-25,sexta
2023-09-22,ING0194,0.5,2023-09-25,sexta
2023-09-22,ING0199,0.5,2023-09-25,sexta
2023-09-22,ING0217,4.5,2023-09-25,sexta
2023-09-22,ING0222,0.5,2023-09-26,sexta
2023-09-22,ING0225,0.5,2023-09-26,sexta
2023-09-22,ING0233,0.5,2023-09-26,sexta
2023-09-22,ING0237,0.5,2023-09-26,sexta
2023-09-25,ING0002,5.5,2023-09-29,emergencial
2023-09-25,ING0066,35.5,2023-09-29,emergencial
2023-09-25,ING0089,25.977130327018756,2023-09-27,emergencial
2023-09-25,ING0163,259.0,2023-09-26,emergencial
2023-09-26,ING0002,6.5,2023-09-29,emergencial
2023-09-26,ING0066,35.5,2023-09-30,emergencial
2023-09-26,ING0089,25.977130327018756,2023-09-28,emergencial
2023-09-27,ING0002,6.5,2023-09-30,emergencial
2023-09-27,ING0066,36.5,2023-10-01,emergencial
2023-09-28,ING0002,6.0,2023-10-02,emergencial
2023-09-28,ING0066,34.5,2023-10-02,emergencial
2023-09-29,ING0001,0.5,2023-10-02,sexta
2023-09-29,ING0007,0.5,2023-10-02,sexta
2023-09-29,ING0012,2.0,2023-10-02,sexta
2023-09-29,ING0023,202.0,2023-10-03,sexta
2023-09-29,ING0033,2.5,2023-09-30,sexta
2023-09-29,ING0038,1.5,2023-09-30,sexta
2023-09-29,ING0039,0.5,2023-10-01,sexta
2023-09-29,ING0044,0.5,2023-10-03,sexta
2023-09-29,ING0046,0.5,2023-09-30,sexta
2023-09-29,ING0047,0.5,2023-09-30,sexta
2023-09-29,ING0052,11.5,2023-10-06,sexta
2023-09-29,ING0064,0.5,2023-10-03,sexta
2023-09-29,ING0071,2.0,2023-10-07,sexta
2023-09-29,ING0079,12.5,2023-10-01,sexta
2023-09-29,ING0088,39.5,2023-10-01,sexta
2023-09-29,ING0097,0.5,2023-10-03,sexta
2023-09-29,ING0098,1.5,2023-10-01,sexta
2023-09-29,ING0103,0.5,2023-09-30,sexta
2023-09-29,ING0104,2.0,2023-09-30,sexta
2023-09-29,ING0109,0.5,2023-09-30,sexta
2023-09-29,ING0112,0.5,2023-09-30,sexta
2023-09-29,ING0116,1.0,2023-09-30,sexta
2023-09-29,ING0121,3.5,2023-10-03,sexta
2023-09-29,ING0122,5.5,2023-10-03,sexta
2023-09-29,ING0133,0.5,2023-10-03,sexta
2023-09-29,ING0137,0.5,2023-10-03,sexta
2023-09-29,ING0138,0.5,2023-10-03,sexta
2023-09-29,ING0145,0.5,2023-10-03,sexta
2023-09-29,ING0151,1.0,2023-10-02,sexta
2023-09-29,ING0163,244.0,2023-09-30,sexta
2023-09-29,ING0165,0.5,2023-10-02,sexta
2023-09-29,ING0168,1.0,2023-10-02,sexta
2023-09-29,ING0169,0.5,2023-10-02,sexta
2023-09-29,ING0174,10.0,2023-10-03,sexta
2023-09-29,ING0199,0.5,2023-10-02,sexta
2023-09-29,ING0222,0.5,2023-10-04,sexta
2023-09-29,ING0241,0.5,2023-10-03,sexta
2023-10-02,ING0023,208.0,2023-10-05,emergencial
2023-10-02,ING0030,2.5,2023-10-09,emergencial
2023-10-02,ING0033,6.485833626007777,2023-10-03,emergencial
2023-10-02,ING0071,10.5,2023-10-06,emergencial
2023-10-02,ING0086,53.0,2023-10-04,emergencial
2023-10-02,ING0087,0.5,2023-10-04,emergencial
2023-10-02,ING0107,1.0,2023-10-06,emergencial
2023-10-02,ING0121,2.5,2023-10-06,emergencial
2023-10-02,ING0122,16.5,2023-10-06,emergencial
2023-10-02,ING0143,3.5,2023-10-06,emergencial
2023-10-02,ING0152,1.0,2023-10-05,emergencial
2023-10-02,ING0163,329.0,2023-10-03,emergencial
2023-10-02,ING0169,3.0,2023-10-05,emergencial
2023-10-02,ING0174,22.778071507076532,2023-10-10,emergencial
2023-10-02,ING0222,1.5,2023-10-08,emergencial
2023-10-02,ING0234,0.5,2023-10-06,emergencial
2023-10-03,ING0030,11.044177023202565,2023-10-07,emergencial
2023-10-03,ING0052,16.0,2023-10-05,emergencial
2023-10-03,ING0071,13.5,2023-10-08,emergencial
2023-10-03,ING0079,12.5,2023-10-05,emergencial
2023-10-03,ING0081,28.556820938682133,2023-10-05,emergencial
2023-10-03,ING0086,43.0,2023-10-05,emergencial
2023-10-03,ING0087,0.5,2023-10-09,emergencial
2023-10-03,ING0096,1.5,2023-10-07,emergencial
2023-10-03,ING0107,1.0,2023-10-04,emergencial
2023-10-03,ING0115,1.5,2023-10-05,emergencial
2023-10-03,ING0126,11.5,2023-10-07,emergencial
2023-10-03,ING0143,3.5,2023-10-07,emergencial
2023-10-03,ING0152,1.0,2023-10-08,emergencial
2023-10-03,ING0169,3.192221509762506,2023-10-06,emergencial
2023-10-03,ING0202,74.3085466728386,2023-10-07,emergencial
2023-10-03,ING0203,3.5,2023-10-06,emergencial
2023-10-03,ING0222,2.0,2023-10-07,emergencial
2023-10-03,ING0234,0.5,2023-10-09,emergencial
2023-10-04,ING0007,1.0,2023-10-07,emergencial
2023-10-04,ING0030,9.203480852668804,2023-10-08,emergencial
2023-10-04,ING0035,1.5,2023-10-05,emergencial
2023-10-04,ING0052,16.5,2023-10-06,emergencial
2023-10-04,ING0071,15.0,2023-10-08,emergencial
2023-10-04,ING0096,1.5,2023-10-06,emergencial
2023-10-04,ING0115,1.3654192403741479,2023-10-06,emergencial
2023-10-04,ING0126,11.5,2023-10-08,emergencial
2023-10-04,ING0143,3.5,2023-10-08,emergencial
2023-10-04,ING0169,3.0,2023-10-07,emergencial
2023-10-04,ING0194,1.0,2023-10-07,emergencial
2023-10-04,ING0202,79.02654963619344,2023-10-10,emergencial
2023-10-04,ING0203,3.5,2023-10-07,emergencial
2023-10-04,ING0234,0.5,2023-10-08,emergencial
2023-10-05,ING0030,9.203480852668804,2023-10-09,emergencial
2023-10-05,ING0042,0.5,2023-10-06,emergencial
2023-10-05,ING0071,13.0,2023-10-10,emergencial
2023-10-05,ING0095,8.5,2023-10-07,emergencial
2023-10-05,ING0096,1.5,2023-10-07,emergencial
2023-10-05,ING0126,10.5,2023-10-09,emergencial
2023-10-05,ING0143,3.1172074237065126,2023-10-09,emergencial
2023-10-05,ING0161,3.5,2023-10-12,emergencial
2023-10-05,ING0194,0.5,2023-10-08,emergencial
2023-10-05,ING0202,64.87254074612893,2023-10-11,emergencial
2023-10-05,ING0234,0.5,2023-10-09,emergencial
2023-10-06,ING0005,0.5,2023-10-09,sexta
2023-10-06,ING0007,1.0,2023-10-09,sexta
2023-10-06,ING0012,3.5,2023-10-09,sexta
2023-10-06,ING0024,3.195592982839608,2023-10-09,sexta
2023-10-06,ING0026,2.0,2023-10-10,sexta
2023-10-06,ING0029,1.5,2023-10-10,sexta
2023-10-06,ING0030,9.203480852668804,2023-10-10,sexta
2023-10-06,ING0039,0.5,2023-10-07,sexta
2023-10-06,ING0055,0.5,2023-10-08,sexta
2023-10-06,ING0058,1.5,2023-10-08,sexta
2023-10-06,ING0060,1.0,2023-10-10,sexta
2023-10-06,ING0071,6.0,2023-10-10,sexta
2023-10-06,ING0073,0.5,2023-10-13,sexta
2023-10-06,ING0079,10.81386592751302,2023-10-08,sexta
2023-10-06,ING0085,0.5,2023-10-11,sexta
2023-10-06,ING0087,0.5,2023-10-08,sexta
2023-10-06,ING0088,26.5,2023-10-08,sexta
2023-10-06,ING0095,10.5,2023-10-08,sexta
2023-10-06,ING0096,1.0,2023-10-08,sexta
2023-10-06,ING0098,0.5,2023-10-07,sexta
2023-10-06,ING0101,0.5,2023-10-07,sexta
2023-10-06,ING0104,6.562143202447273,2023-10-08,sexta
2023-10-06,ING0106,2.0,2023-10-07,sexta
2023-10-06,ING0108,0.5,2023-10-07,sexta
2023-10-06,ING0116,0.5,2023-10-07,sexta
2023-10-06,ING0122,6.0,2023-10-10,sexta
2023-10-06,ING0126,12.5,2023-10-10,sexta
2023-10-06,ING0143,1.5,2023-10-10,sexta
2023-10-06,ING0149,0.5,2023-10-21,sexta
2023-10-06,ING0150,0.5,2023-10-09,sexta
2023-10-06,ING0154,23.5,2023-10-11,sexta
2023-10-06,ING0156,0.4312214789140065,2023-10-09,sexta
2023-10-06,ING0159,209.0,2023-10-07,sexta
2023-10-06,ING0161,3.5,2023-10-13,sexta
2023-10-06,ING0163,199.0,2023-10-07,sexta
2023-10-06,ING0165,1.0,2023-10-09,sexta
2023-10-06,ING0194,0.5,2023-10-10,sexta
2023-10-06,ING0202,64.87254074612893,2023-10-12,sexta
2023-10-06,ING0203,2.0,2023-10-09,sexta
2023-10-06,ING0217,11.5,2023-10-09,sexta
2023-10-06,ING0221,5.0,2023-10-10,sexta
2023-10-06,ING0222,2.0,2023-10-10,sexta
2023-10-06,ING0234,0.5,2023-10-10,sexta
2023-10-06,ING0239,0.5,2023-10-11,sexta
2023-10-09,ING0026,3.0,2023-10-13,emergencial
2023-10-09,ING0083,2.0,2023-10-11,emergencial
2023-10-09,ING0154,22.0,2023-10-12,emergencial
2023-10-09,ING0163,279.0,2023-10-10,emergencial
2023-10-10,ING0083,2.0,2023-10-12,emergencial
2023-10-10,ING0154,22.5,2023-10-13,emergencial
2023-10-11,ING0087,1.0,2023-10-13,emergencial
2023-10-11,ING0159,622.0,2023-10-12,emergencial
2023-10-11,ING0165,4.0,2023-10-17,emergencial
2023-10-12,ING0087,1.0,2023-10-14,emergencial
2023-10-12,ING0165,4.5,2023-10-15,emergencial
2023-10-13,ING0001,0.5,2023-10-16,sexta
2023-10-13,ING0012,5.0,2023-10-16,sexta
2023-10-13,ING0015,232.0,2023-10-16,sexta
2023-10-13,ING0016,0.5,2023-10-16,sexta
2023-10-13,ING0024,13.0,2023-10-16,sexta
2023-10-13,ING0029,2.5,2023-10-17,sexta
2023-10-13,ING0035,2.0,2023-10-18,sexta
2023-10-13,ING0036,0.5,2023-10-14,sexta
2023-10-13,ING0038,5.0,2023-10-14,sexta
2023-10-13,ING0041,0.5,2023-10-17,sexta
2023-10-13,ING0042,0.5,2023-10-14,sexta
2023-10-13,ING0046,0.5,2023-10-14,sexta
2023-10-13,ING0050,0.5,2023-10-16,sexta
2023-10-13,ING0053,0.5,2023-10-18,sexta
2023-10-13,ING0054,0.5,2023-10-15,sexta
2023-10-13,ING0059,2.0,2023-10-18,sexta
2023-10-13,ING0068,0.5,2023-10-17,sexta
2023-10-13,ING0072,0.5,2023-10-19,sexta
2023-10-13,ING0085,0.5,2023-10-15,sexta
2023-10-13,ING0086,33.1348923315525,2023-10-17,sexta
2023-10-13,ING0088,68.5,2023-10-19,sexta
2023-10-13,ING0097,0.5,2023-10-15,sexta
2023-10-13,ING0098,0.5,2023-10-17,sexta
2023-10-13,ING0100,0.5,2023-10-14,sexta
2023-10-13,ING0103,0.5,2023-10-16,sexta
2023-10-13,ING0106,3.0,2023-10-14,sexta
2023-10-13,ING0107,1.0,2023-10-14,sexta
2023-10-13,ING0111,10.5,2023-10-14,sexta
2023-10-13,ING0116,1.075062169572773,2023-10-14,sexta
2023-10-13,ING0122,32.5,2023-10-17,sexta
2023-10-13,ING0129,3.2318056242714057,2023-10-17,sexta
2023-10-13,ING0135,0.5,2023-10-17,sexta
2023-10-13,ING0137,0.5,2023-10-17,sexta
2023-10-13,ING0145,0.5,2023-10-27,sexta
2023-10-13,ING0147,0.5,2023-10-17,sexta
2023-10-13,ING0149,0.5,2023-10-17,sexta
2023-10-13,ING0150,0.5,2023-10-16,sexta
2023-10-13,ING0152,1.5,2023-10-16,sexta
2023-10-13,ING0160,8.5,2023-10-17,sexta
2023-10-13,ING0163,1206.108786486141,2023-10-14,sexta
2023-10-13,ING0165,5.5,2023-10-16,sexta
2023-10-13,ING0178,732.7091209155386,2023-10-16,sexta
2023-10-13,ING0191,16.5,2023-10-16,sexta
2023-10-13,ING0203,1.5,2023-10-24,sexta
2023-10-13,ING0214,247.0,2023-10-16,sexta
2023-10-13,ING0217,12.5,2023-10-16,sexta
2023-10-13,ING0221,25.5,2023-10-17,sexta
2023-10-13,ING0231,0.5,2023-10-21,sexta
2023-10-13,ING0236,77.90705522824649,2023-10-19,sexta
2023-10-13,ING0237,0.5,2023-10-18,sexta
2023-10-13,ING0241,0.5,2023-10-17,sexta
2023-10-16,ING0057,396.0,2023-10-19,emergencial
2023-10-16,ING0059,12.111496146014117,2023-10-20,emergencial
2023-10-16,ING0066,27.0,2023-10-20,emergencial
2023-10-16,ING0107,3.0,2023-10-17,emergencial
2023-10-16,ING0122,47.5,2023-10-20,emergencial
2023-10-16,ING0160,8.5,2023-10-19,emergencial
2023-10-16,ING0221,27.0,2023-10-20,emergencial
2023-10-17,ING0035,3.0,2023-10-19,emergencial
2023-10-17,ING0057,421.0,2023-10-19,emergencial
2023-10-17,ING0059,12.111496146014117,2023-10-21,emergencial
2023-10-17,ING0066,34.5,2023-10-21,emergencial
2023-10-17,ING0088,117.5,2023-10-20,emergencial
2023-10-18,ING0015,306.0,2023-10-21,emergencial
2023-10-18,ING0057,426.0,2023-10-20,emergencial
2023-10-18,ING0066,36.0,2023-10-22,emergencial
2023-10-18,ING0088,116.0,2023-10-20,emergencial
2023-10-18,ING0089,29.27869770530076,2023-10-20,emergencial
2023-10-18,ING0159,839.0,2023-10-19,emergencial
2023-10-18,ING0236,174.0,2023-10-22,emergencial
2023-10-19,ING0015,301.0,2023-10-22,emergencial
2023-10-19,ING0019,500.0,2023-10-23,emergencial
2023-10-19,ING0066,41.0,2023-10-23,emergencial
2023-10-19,ING0084,36.5,2023-10-21,emergencial
2023-10-19,ING0089,31.370033255679385,2023-10-21,emergencial
2023-10-19,ING0095,27.5,2023-10-21,emergencial
2023-10-19,ING0098,1.5,2023-10-20,emergencial
2023-10-19,ING0115,3.5,2023-10-21,emergencial
2023-10-19,ING0191,45.0,2023-10-22,emergencial
2023-10-19,ING0192,34.5,2023-10-22,emergencial
2023-10-20,ING0002,0.5,2023-10-23,sexta
2023-10-20,ING0007,0.5,2023-10-23,sexta
2023-10-20,ING0015,188.0,2023-10-24,sexta
2023-10-20,ING0019,328.0,2023-10-23,sexta
2023-10-20,ING0023,16.0,2023-10-23,sexta
2023-10-20,ING0024,8.0,2023-10-23,sexta
2023-10-20,ING0026,3.0,2023-10-24,sexta
2023-10-20,ING0028,9.5,2023-10-24,sexta
2023-10-20,ING0038,2.5,2023-10-21,sexta
2023-10-20,ING0039,0.5,2023-10-21,sexta
2023-10-20,ING0043,5.5,2023-10-21,sexta
2023-10-20,ING0051,0.5,2023-10-22,sexta
2023-10-20,ING0052,11.0,2023-10-22,sexta
2023-10-20,ING0056,1.5,2023-10-23,sexta
2023-10-20,ING0060,8.5,2023-10-30,sexta
2023-10-20,ING0066,53.5,2023-10-24,sexta
2023-10-20,ING0067,0.5,2023-10-24,sexta
2023-10-20,ING0069,10.0,2023-11-05,sexta
2023-10-20,ING0070,19.5,2023-10-24,sexta
2023-10-20,ING0071,21.0,2023-10-26,sexta
2023-10-20,ING0075,1.0,2023-10-22,sexta
2023-10-20,ING0081,42.588553848438366,2023-10-23,sexta
2023-10-20,ING0084,23.5,2023-10-22,sexta
2023-10-20,ING0086,47.0,2023-10-24,sexta
2023-10-20,ING0087,1.0,2023-10-22,sexta
2023-10-20,ING0090,3.5,2023-10-22,sexta
2023-10-20,ING0093,2.0,2023-10-22,sexta
2023-10-20,ING0095,19.5,2023-10-24,sexta
2023-10-20,ING0097,0.5,2023-10-22,sexta
2023-10-20,ING0098,1.5,2023-10-21,sexta
2023-10-20,ING0100,1.0,2023-10-21,sexta
2023-10-20,ING0102,2.0,2023-10-22,sexta
2023-10-20,ING0103,0.5,2023-10-21,sexta
2023-10-20,ING0106,2.5,2023-10-21,sexta
2023-10-20,ING0110,0.5,2023-10-22,sexta
2023-10-20,ING0111,6.0,2023-10-24,sexta
2023-10-20,ING0112,0.5,2023-10-21,sexta
2023-10-20,ING0113,0.5,2023-10-21,sexta
2023-10-20,ING0114,0.5,2023-10-21,sexta
2023-10-20,ING0115,5.800223635695511,2023-10-22,sexta
2023-10-20,ING0116,1.0,2023-10-22,sexta
2023-10-20,ING0121,2.5,2023-10-24,sexta
2023-10-20,ING0122,4.5,2023-10-24,sexta
2023-10-20,ING0126,4.0,2023-10-26,sexta
2023-10-20,ING0129,2.5,2023-10-24,sexta
2023-10-20,ING0134,0.5,2023-10-24,sexta
2023-10-20,ING0145,0.5,2023-10-24,sexta
2023-10-20,ING0146,1.0,2023-10-26,sexta
2023-10-20,ING0148,0.5,2023-11-01,sexta
2023-10-20,ING0150,0.5,2023-10-23,sexta
2023-10-20,ING0151,1.0,2023-10-23,sexta
2023-10-20,ING0152,2.5,2023-10-23,sexta
2023-10-20,ING0156,0.5,2023-10-23,sexta
2023-10-20,ING0157,0.5,2023-10-27,sexta
2023-10-20,ING0159,253.0,2023-10-21,sexta
2023-10-20,ING0160,5.5,2023-10-23,sexta
2023-10-20,ING0161,4.5,2023-10-23,sexta
2023-10-20,ING0163,1715.0695864572433,2023-10-21,sexta
2023-10-20,ING0169,2.0,2023-10-23,sexta
2023-10-20,ING0172,7.0,2023-10-23,sexta
2023-10-20,ING0188,49.0,2023-10-23,sexta
2023-10-20,ING0189,1.0,2023-10-23,sexta
2023-10-20,ING0191,24.5,2023-10-23,sexta
2023-10-20,ING0192,20.0,2023-10-23,sexta
2023-10-20,ING0203,4.5,2023-10-23,sexta
2023-10-20,ING0204,1.0,2023-10-24,sexta
2023-10-20,ING0207,2.0,2023-10-23,sexta
2023-10-20,ING0214,188.0,2023-10-23,sexta
2023-10-20,ING0217,15.5,2023-10-24,sexta
2023-10-20,ING0218,28.5,2023-10-24,sexta
2023-10-20,ING0220,9.0,2023-10-23,sexta
2023-10-20,ING0222,1.5,2023-10-24,sexta
2023-10-20,ING0228,2.0,2023-10-26,sexta
2023-10-20,ING0229,0.5,2023-11-05,sexta
2023-10-20,ING0231,2.0,2023-10-24,sexta
2023-10-20,ING0236,99.5,2023-10-28,sexta
2023-10-20,ING0242,44.5,2023-10-24,sexta
2023-10-20,ING0243,1.0,2023-10-29,sexta
2023-10-23,ING0012,8.0,2023-10-26,emergencial
2023-10-23,ING0026,4.5,2023-10-27,emergencial
2023-10-23,ING0028,15.0,2023-10-27,emergencial
2023-10-23,ING0060,12.5,2023-10-27,emergencial
2023-10-23,ING0069,14.0,2023-10-27,emergencial
2023-10-23,ING0070,28.0,2023-10-27,emergencial
2023-10-23,ING0071,32.0,2023-10-27,emergencial
2023-10-23,ING0086,69.5,2023-10-25,emergencial
2023-10-23,ING0111,7.5,2023-10-24,emergencial
2023-10-23,ING0121,17.6392050681463,2023-10-27,emergencial
2023-10-23,ING0204,1.0,2023-10-26,emergencial
2023-10-23,ING0217,27.5,2023-10-27,emergencial
2023-10-23,ING0222,8.864570522519193,2023-10-28,emergencial
2023-10-23,ING0228,3.0,2023-10-29,emergencial
2023-10-23,ING0231,2.5,2023-10-27,emergencial
2023-10-23,ING0242,61.0,2023-10-28,emergencial
2023-10-24,ING0002,5.5,2023-10-27,emergencial
2023-10-24,ING0007,1.5,2023-10-27,emergencial
2023-10-24,ING0012,8.0,2023-10-27,emergencial
2023-10-24,ING0038,3.5,2023-10-25,emergencial
2023-10-24,ING0060,16.0,2023-10-28,emergencial
2023-10-24,ING0069,12.5,2023-10-29,emergencial
2023-10-24,ING0071,34.5,2023-10-28,emergencial
2023-10-24,ING0228,2.453595477487375,2023-10-30,emergencial
2023-10-25,ING0002,5.5,2023-10-29,emergencial
2023-10-25,ING0006,26.5,2023-10-28,emergencial
2023-10-25,ING0007,1.5,2023-10-31,emergencial
2023-10-25,ING0012,8.0,2023-10-29,emergencial
2023-10-25,ING0028,10.0,2023-10-29,emergencial
2023-10-25,ING0042,0.5,2023-10-26,emergencial
2023-10-25,ING0060,15.5,2023-10-29,emergencial
2023-10-25,ING0069,13.0,2023-10-29,emergencial
2023-10-25,ING0071,31.5,2023-10-29,emergencial
2023-10-25,ING0228,3.0,2023-10-31,emergencial
2023-10-26,ING0002,7.0,2023-11-01,emergencial
2023-10-26,ING0006,29.5,2023-11-01,emergencial
2023-10-26,ING0007,1.5,2023-10-29,emergencial
2023-10-26,ING0060,15.0,2023-10-30,emergencial
2023-10-26,ING0069,12.5,2023-10-30,emergencial
2023-10-26,ING0087,1.0,2023-10-28,emergencial
2023-10-27,ING0002,2.5,2023-10-30,sexta
2023-10-27,ING0003,1.5,2023-10-30,sexta
2023-10-27,ING0006,30.0,2023-10-30,sexta
2023-10-27,ING0007,0.5,2023-10-30,sexta
2023-10-27,ING0011,0.5,2023-10-30,sexta
2023-10-27,ING0023,139.0,2023-10-30,sexta
2023-10-27,ING0024,8.5,2023-10-30,sexta
2023-10-27,ING0028,1.0,2023-10-31,sexta
2023-10-27,ING0033,1.0,2023-10-28,sexta
2023-10-27,ING0036,0.5,2023-10-28,sexta
2023-10-27,ING0039,0.5,2023-10-28,sexta
2023-10-27,ING0040,8.727245468205144,2023-10-28,sexta
2023-10-27,ING0042,0.5,2023-10-28,sexta
2023-10-27,ING0043,18.0,2023-10-28,sexta
2023-10-27,ING0046,0.5,2023-10-28,sexta
2023-10-27,ING0052,15.5,2023-10-31,sexta
2023-10-27,ING0060,7.5,2023-10-31,sexta
2023-10-27,ING0067,0.5,2023-10-31,sexta
2023-10-27,ING0069,3.5,2023-10-31,sexta
2023-10-27,ING0073,0.5,2023-10-31,sexta
2023-10-27,ING0075,1.5,2023-11-04,sexta
2023-10-27,ING0083,1.0,2023-10-30,sexta
2023-10-27,ING0085,0.5,2023-11-03,sexta
2023-10-27,ING0087,3.3204955834871335,2023-10-29,sexta
2023-10-27,ING0090,2.0,2023-10-29,sexta
2023-10-27,ING0091,5.5,2023-10-29,sexta
2023-10-27,ING0093,2.0,2023-10-29,sexta
2023-10-27,ING0096,2.0,2023-10-29,sexta
2023-10-27,ING0097,0.5,2023-10-29,sexta
2023-10-27,ING0098,1.0,2023-10-31,sexta
2023-10-27,ING0100,1.5,2023-10-28,sexta
2023-10-27,ING0102,3.0,2023-10-28,sexta
2023-10-27,ING0108,0.5,2023-10-28,sexta
2023-10-27,ING0116,1.0,2023-10-28,sexta
2023-10-27,ING0122,15.5,2023-10-31,sexta
2023-10-27,ING0125,2.0,2023-10-31,sexta
2023-10-27,ING0126,12.0,2023-10-31,sexta
2023-10-27,ING0129,7.468387261922045,2023-10-31,sexta
2023-10-27,ING0133,0.5,2023-10-31,sexta
2023-10-27,ING0137,0.5,2023-10-31,sexta
2023-10-27,ING0139,12.0,2023-10-31,sexta
2023-10-27,ING0143,2.5,2023-11-01,sexta
2023-10-27,ING0148,0.5,2023-11-07,sexta
2023-10-27,ING0150,0.5,2023-10-30,sexta
2023-10-27,ING0152,1.5,2023-10-30,sexta
2023-10-27,ING0157,7.0,2023-10-31,sexta
2023-10-27,ING0159,439.0,2023-10-28,sexta
2023-10-27,ING0160,5.203430991468183,2023-10-30,sexta
2023-10-27,ING0161,3.5,2023-10-31,sexta
2023-10-27,ING0169,5.0,2023-10-30,sexta
2023-10-27,ING0188,36.0,2023-10-30,sexta
2023-10-27,ING0189,1.5,2023-10-30,sexta
2023-10-27,ING0190,5.0,2023-10-30,sexta
2023-10-27,ING0192,0.5,2023-10-30,sexta
2023-10-27,ING0203,4.0,2023-10-30,sexta
2023-10-27,ING0207,2.5,2023-10-30,sexta
2023-10-27,ING0214,124.0,2023-10-31,sexta
2023-10-27,ING0218,36.0,2023-10-30,sexta
2023-10-27,ING0220,4.0,2023-10-30,sexta
2023-10-27,ING0228,1.5,2023-11-02,sexta
2023-10-27,ING0229,0.5,2023-10-31,sexta
2023-10-27,ING0236,52.5,2023-10-31,sexta
2023-10-27,ING0237,0.5,2023-10-31,sexta
2023-10-27,ING0239,0.5,2023-10-31,sexta
2023-10-27,ING0240,1.0,2023-10-31,sexta
2023-10-27,ING0242,35.0,2023-10-31,sexta
2023-10-27,ING0243,1.5,2023-10-31,sexta
2023-10-30,ING0023,357.0,2023-11-02,emergencial
2023-10-30,ING0102,2.5,2023-10-31,emergencial
2023-10-30,ING0126,20.0,2023-11-03,emergencial
2023-10-30,ING0139,18.0,2023-11-03,emergencial
2023-10-30,ING0143,4.5,2023-11-03,emergencial
2023-10-30,ING0157,13.0,2023-11-02,emergencial
2023-10-30,ING0161,5.072165228486359,2023-11-09,emergencial
2023-10-30,ING0214,204.0,2023-11-03,emergencial
2023-10-31,ING0023,485.0,2023-11-04,emergencial
2023-10-31,ING0029,8.5,2023-11-04,emergencial
2023-10-31,ING0075,4.0,2023-11-07,emergencial
2023-10-31,ING0143,7.0,2023-11-04,emergencial
2023-10-31,ING0163,453.0,2023-11-01,emergencial
2023-11-01,ING0023,510.0,2023-11-04,emergencial
2023-11-01,ING0029,8.0,2023-11-05,emergencial
2023-11-01,ING0075,4.659089123445489,2023-11-08,emergencial
2023-11-01,ING0157,12.5,2023-11-04,emergencial
2023-11-02,ING0029,8.5,2023-11-06,emergencial
2023-11-02,ING0075,4.5,2023-11-04,emergencial
2023-11-02,ING0189,4.0,2023-11-05,emergencial
2023-11-03,ING0001,0.5,2023-11-06,sexta
2023-11-03,ING0003,3.0,2023-11-06,sexta
2023-11-03,ING0005,0.5,2023-11-06,sexta
2023-11-03,ING0017,1.5,2023-11-06,sexta
2023-11-03,ING0024,8.5,2023-11-06,sexta
2023-11-03,ING0029,6.5,2023-11-07,sexta
2023-11-03,ING0038,4.0,2023-11-04,sexta
2023-11-03,ING0044,0.5,2023-11-04,sexta
2023-11-03,ING0045,23.5,2023-11-04,sexta
2023-11-03,ING0047,0.5,2023-11-04,sexta
2023-11-03,ING0049,11.5,2023-11-05,sexta
2023-11-03,ING0055,0.5,2023-11-05,sexta
2023-11-03,ING0061,2.5,2023-11-07,sexta
2023-11-03,ING0066,32.5,2023-11-08,sexta
2023-11-03,ING0068,0.5817351046186705,2023-11-07,sexta
2023-11-03,ING0070,5.5,2023-11-07,sexta
2023-11-03,ING0072,0.5,2023-11-07,sexta
2023-11-03,ING0075,4.0,2023-11-05,sexta
2023-11-03,ING0084,45.0,2023-11-09,sexta
2023-11-03,ING0085,0.5,2023-11-10,sexta
2023-11-03,ING0093,2.5,2023-11-05,sexta
2023-11-03,ING0098,0.5,2023-11-04,sexta
2023-11-03,ING0099,1.0,2023-11-04,sexta
2023-11-03,ING0100,1.0,2023-11-04,sexta
2023-11-03,ING0101,0.5,2023-11-04,sexta
2023-11-03,ING0106,4.871858942072304,2023-11-04,sexta
2023-11-03,ING0109,0.5,2023-11-06,sexta
2023-11-03,ING0114,0.5,2023-11-04,sexta
2023-11-03,ING0122,12.0,2023-11-07,sexta
2023-11-03,ING0127,0.5,2023-11-07,sexta
2023-11-03,ING0135,0.5,2023-11-07,sexta
2023-11-03,ING0138,0.5,2023-11-07,sexta
2023-11-03,ING0150,0.4690077585251556,2023-11-06,sexta
2023-11-03,ING0151,1.0,2023-11-06,sexta
2023-11-03,ING0152,2.0,2023-11-06,sexta
2023-11-03,ING0159,877.0,2023-11-04,sexta
2023-11-03,ING0161,5.5,2023-11-06,sexta
2023-11-03,ING0167,66.0,2023-11-06,sexta
2023-11-03,ING0169,5.0,2023-11-06,sexta
2023-11-03,ING0172,11.0,2023-11-07,sexta
2023-11-03,ING0188,45.0,2023-11-06,sexta
2023-11-03,ING0189,3.5,2023-11-07,sexta
2023-11-03,ING0191,21.5,2023-11-06,sexta
2023-11-03,ING0192,35.0,2023-11-06,sexta
2023-11-03,ING0203,9.0,2023-11-07,sexta
2023-11-03,ING0207,2.0,2023-11-06,sexta
2023-11-03,ING0218,41.02777042352632,2023-11-06,sexta
2023-11-03,ING0224,3.5,2023-11-07,sexta
2023-11-03,ING0233,0.5,2023-11-07,sexta
2023-11-03,ING0240,4.5,2023-11-07,sexta
2023-11-03,ING0244,1.0,2023-11-07,sexta
2023-11-06,ING0006,27.5,2023-11-09,emergencial
2023-11-06,ING0019,730.0,2023-11-09,emergencial
2023-11-06,ING0034,5.5,2023-11-09,emergencial
2023-11-06,ING0043,47.0,2023-11-07,emergencial
2023-11-06,ING0052,43.5,2023-11-08,emergencial
2023-11-06,ING0061,10.0,2023-11-11,emergencial
2023-11-06,ING0066,55.0,2023-11-10,emergencial
2023-11-06,ING0070,44.5,2023-11-10,emergencial
2023-11-06,ING0083,3.5,2023-11-08,emergencial
2023-11-06,ING0084,68.0,2023-11-12,emergencial
2023-11-06,ING0086,400.96310276622694,2023-11-08,emergencial
2023-11-06,ING0089,47.517317626773156,2023-11-08,emergencial
2023-11-06,ING0093,19.016674749244064,2023-11-08,emergencial
2023-11-06,ING0098,1.5,2023-11-07,emergencial
2023-11-06,ING0105,3.5,2023-11-07,emergencial
2023-11-06,ING0122,75.5,2023-11-21,emergencial
2023-11-06,ING0154,72.0,2023-11-09,emergencial
2023-11-06,ING0160,9.0,2023-11-09,emergencial
2023-11-06,ING0163,422.0,2023-11-07,emergencial
2023-11-06,ING0169,8.5,2023-11-09,emergencial
2023-11-06,ING0190,21.0,2023-11-09,emergencial
2023-11-06,ING0192,41.5,2023-11-09,emergencial
2023-11-06,ING0203,15.0,2023-11-09,emergencial
2023-11-06,ING0224,11.0,2023-11-10,emergencial
2023-11-06,ING0240,10.0,2023-11-11,emergencial
2023-11-06,ING0242,116.5,2023-11-10,emergencial
2023-11-06,ING0243,3.0,2023-11-10,emergencial
2023-11-07,ING0002,8.0,2023-11-10,emergencial
2023-11-07,ING0006,31.0,2023-11-10,emergencial
2023-11-07,ING0018,66.0,2023-11-11,emergencial
2023-11-07,ING0019,712.0,2023-11-10,emergencial
2023-11-07,ING0024,19.0,2023-11-10,emergencial
2023-11-07,ING0033,7.0,2023-11-10,emergencial
2023-11-07,ING0034,5.0,2023-11-10,emergencial
2023-11-07,ING0049,18.0,2023-11-11,emergencial
2023-11-07,ING0052,42.0,2023-11-09,emergencial
2023-11-07,ING0061,7.0,2023-11-11,emergencial
2023-11-07,ING0066,59.0,2023-11-11,emergencial
2023-11-07,ING0083,2.5,2023-11-09,emergencial
2023-11-07,ING0084,57.0,2023-11-13,emergencial
2023-11-07,ING0089,49.58328795837199,2023-11-09,emergencial
2023-11-07,ING0093,19.016674749244064,2023-11-10,emergencial
2023-11-07,ING0104,3.5,2023-11-08,emergencial
2023-11-07,ING0116,2.0,2023-11-08,emergencial
2023-11-07,ING0142,13.0,2023-11-11,emergencial
2023-11-07,ING0154,66.5,2023-11-10,emergencial
2023-11-07,ING0160,9.0,2023-11-10,emergencial
2023-11-07,ING0161,8.0,2023-11-10,emergencial
2023-11-07,ING0165,3.5,2023-11-11,emergencial
2023-11-07,ING0169,8.5,2023-11-13,emergencial
2023-11-07,ING0178,216.0,2023-11-10,emergencial
2023-11-07,ING0190,18.5,2023-11-12,emergencial
2023-11-07,ING0191,66.5,2023-11-11,emergencial
2023-11-07,ING0192,54.0,2023-11-10,emergencial
2023-11-07,ING0204,2.5,2023-11-10,emergencial
2023-11-07,ING0242,116.0,2023-11-11,emergencial
2023-11-08,ING0002,8.5,2023-11-11,emergencial
2023-11-08,ING0003,3.5,2023-11-11,emergencial
2023-11-08,ING0006,35.5,2023-11-11,emergencial
2023-11-08,ING0018,70.0,2023-11-11,emergencial
2023-11-08,ING0019,651.0,2023-11-11,emergencial
2023-11-08,ING0024,19.5,2023-11-11,emergencial
2023-11-08,ING0033,6.0,2023-11-09,emergencial
2023-11-08,ING0034,4.0,2023-11-13,emergencial
2023-11-08,ING0049,18.0,2023-11-10,emergencial
2023-11-08,ING0061,6.5,2023-11-12,emergencial
2023-11-08,ING0070,44.0,2023-11-12,emergencial
2023-11-08,ING0084,49.0,2023-11-14,emergencial
2023-11-08,ING0090,5.5,2023-11-10,emergencial
2023-11-08,ING0111,9.5,2023-11-10,emergencial
2023-11-08,ING0122,61.0,2023-11-15,emergencial
2023-11-08,ING0142,12.5,2023-11-12,emergencial
2023-11-08,ING0159,1102.0,2023-11-09,emergencial
2023-11-08,ING0160,6.0,2023-11-12,emergencial
2023-11-08,ING0161,7.5,2023-11-13,emergencial
2023-11-08,ING0163,482.0,2023-11-09,emergencial
2023-11-08,ING0165,12.869872926068869,2023-11-11,emergencial
2023-11-08,ING0169,8.5,2023-11-11,emergencial
2023-11-08,ING0178,206.0,2023-11-11,emergencial
2023-11-08,ING0190,17.5,2023-11-11,emergencial
2023-11-08,ING0191,62.5,2023-11-11,emergencial
2023-11-08,ING0192,50.5,2023-11-11,emergencial
2023-11-08,ING0204,2.5,2023-11-11,emergencial
2023-11-08,ING0234,1.0,2023-11-12,emergencial
2023-11-08,ING0236,125.0,2023-11-12,emergencial
2023-11-08,ING0238,17.5,2023-11-12,emergencial
2023-11-08,ING0242,108.63799412888335,2023-11-12,emergencial
2023-11-09,ING0002,7.0,2023-11-12,emergencial
2023-11-09,ING0003,3.5,2023-11-12,emergencial
2023-11-09,ING0006,43.0,2023-11-12,emergencial
2023-11-09,ING0008,15.0,2023-11-13,emergencial
2023-11-09,ING0015,270.0,2023-11-12,emergencial
2023-11-09,ING0018,59.0,2023-11-12,emergencial
2023-11-09,ING0024,11.5,2023-11-12,emergencial
2023-11-09,ING0027,3.5,2023-11-14,emergencial
2023-11-09,ING0045,30.5,2023-11-12,emergencial
2023-11-09,ING0049,13.5,2023-11-12,emergencial
2023-11-09,ING0061,5.0,2023-11-13,emergencial
2023-11-09,ING0066,78.5,2023-11-13,emergencial
2023-11-09,ING0070,29.5,2023-11-13,emergencial
2023-11-09,ING0090,4.5,2023-11-11,emergencial
2023-11-09,ING0095,25.0,2023-11-11,emergencial
2023-11-09,ING0111,7.4250420588566985,2023-11-10,emergencial
2023-11-09,ING0122,50.0,2023-11-13,emergencial
2023-11-09,ING0126,15.5,2023-11-13,emergencial
2023-11-09,ING0142,7.5,2023-11-13,emergencial
2023-11-09,ING0159,642.0,2023-11-10,emergencial
2023-11-09,ING0163,578.0,2023-11-10,emergencial
2023-11-09,ING0165,11.26113881031026,2023-11-15,emergencial
2023-11-09,ING0178,195.0,2023-11-12,emergencial
2023-11-09,ING0181,8.0,2023-11-13,emergencial
2023-11-09,ING0191,56.5,2023-11-12,emergencial
2023-11-09,ING0195,2.0,2023-11-12,emergencial
2023-11-09,ING0204,2.0,2023-11-12,emergencial
2023-11-09,ING0218,86.5,2023-11-12,emergencial
2023-11-09,ING0220,7.5,2023-11-12,emergencial
2023-11-09,ING0224,4.5,2023-11-15,emergencial
2023-11-09,ING0234,1.0,2023-11-13,emergencial
2023-11-09,ING0236,110.5,2023-11-13,emergencial
2023-11-09,ING0238,15.0,2023-11-13,emergencial
2023-11-09,ING0242,55.0,2023-11-14,emergencial
2023-11-10,ING0002,6.0,2023-11-13,sexta
2023-11-10,ING0003,3.0,2023-11-13,sexta
2023-11-10,ING0006,7.5,2023-11-13,sexta
2023-11-10,ING0007,1.0,2023-11-13,sexta
2023-11-10,ING0008,14.0,2023-11-13,sexta
2023-11-10,ING0015,229.0,2023-11-13,sexta
2023-11-10,ING0016,0.5,2023-11-13,sexta
2023-11-10,ING0018,45.5,2023-11-13,sexta
2023-11-10,ING0024,3.0,2023-11-13,sexta
2023-11-10,ING0026,4.0,2023-11-14,sexta
2023-11-10,ING0027,4.5,2023-11-14,sexta
2023-11-10,ING0028,1.527544874497183,2023-11-16,sexta
2023-11-10,ING0036,2.0,2023-11-11,sexta
2023-11-10,ING0038,2.5,2023-11-11,sexta
2023-11-10,ING0039,0.5,2023-11-11,sexta
2023-11-10,ING0043,14.0,2023-11-11,sexta
2023-11-10,ING0045,31.5,2023-11-11,sexta
2023-11-10,ING0049,6.0,2023-11-12,sexta
2023-11-10,ING0050,0.5,2023-11-12,sexta
2023-11-10,ING0057,359.6685573131722,2023-11-12,sexta
2023-11-10,ING0060,2.0,2023-11-14,sexta
2023-11-10,ING0061,5.0,2023-11-14,sexta
2023-11-10,ING0063,8.0,2023-11-14,sexta
2023-11-10,ING0064,0.5,2023-11-24,sexta
2023-11-10,ING0069,2.0,2023-11-14,sexta
2023-11-10,ING0070,7.0,2023-11-14,sexta
2023-11-10,ING0071,0.5,2023-11-14,sexta
2023-11-10,ING0079,20.5,2023-11-15,sexta
2023-11-10,ING0084,17.0,2023-11-12,sexta
2023-11-10,ING0085,0.4459992273894247,2023-11-12,sexta
2023-11-10,ING0087,3.9469648920573643,2023-11-12,sexta
2023-11-10,ING0088,57.0,2023-11-16,sexta
2023-11-10,ING0092,13.5,2023-11-12,sexta
2023-11-10,ING0095,20.0,2023-11-12,sexta
2023-11-10,ING0097,0.5,2023-11-12,sexta
2023-11-10,ING0098,0.5,2023-11-11,sexta
2023-11-10,ING0103,0.5,2023-11-11,sexta
2023-11-10,ING0105,4.25088450381954,2023-11-11,sexta
2023-11-10,ING0122,35.5,2023-11-14,sexta
2023-11-10,ING0126,15.0,2023-11-14,sexta
2023-11-10,ING0132,4.0,2023-11-14,sexta
2023-11-10,ING0134,0.5,2023-11-18,sexta
2023-11-10,ING0139,5.0,2023-11-15,sexta
2023-11-10,ING0142,7.0,2023-11-14,sexta
2023-11-10,ING0152,2.0,2023-11-13,sexta
2023-11-10,ING0156,0.5,2023-11-13,sexta
2023-11-10,ING0157,6.0,2023-11-13,sexta
2023-11-10,ING0159,1844.6774978475585,2023-11-11,sexta
2023-11-10,ING0161,1.0,2023-11-13,sexta
2023-11-10,ING0165,9.652404694551652,2023-11-13,sexta
2023-11-10,ING0166,1.5,2023-11-15,sexta
2023-11-10,ING0167,73.0,2023-11-13,sexta
2023-11-10,ING0168,1.0,2023-11-13,sexta
2023-11-10,ING0169,2.0,2023-11-13,sexta
2023-11-10,ING0171,56.70633544389543,2023-11-13,sexta
2023-11-10,ING0178,72.0,2023-11-14,sexta
2023-11-10,ING0181,6.5,2023-11-13,sexta
2023-11-10,ING0188,101.34509252455865,2023-11-16,sexta
2023-11-10,ING0189,1.5,2023-11-13,sexta
2023-11-10,ING0191,41.0,2023-11-13,sexta
2023-11-10,ING0194,0.5,2023-11-18,sexta
2023-11-10,ING0195,1.5,2023-11-13,sexta
2023-11-10,ING0204,0.5,2023-11-13,sexta
2023-11-10,ING0206,83.5,2023-11-16,sexta
2023-11-10,ING0214,126.0,2023-11-13,sexta
2023-11-10,ING0215,54.5,2023-11-13,sexta
2023-11-10,ING0217,10.5,2023-11-13,sexta
2023-11-10,ING0218,74.0,2023-11-13,sexta
2023-11-10,ING0220,7.0,2023-11-14,sexta
2023-11-10,ING0221,12.5,2023-11-14,sexta
2023-11-10,ING0234,1.0,2023-11-14,sexta
2023-11-10,ING0236,101.5,2023-11-14,sexta
2023-11-10,ING0238,11.0,2023-11-14,sexta
2023-11-10,ING0239,0.5,2023-11-14,sexta
2023-11-10,ING0240,4.5,2023-11-14,sexta
2023-11-10,ING0241,0.5,2023-11-20,sexta
2023-11-10,ING0244,0.5,2023-11-14,sexta
2023-11-13,ING0026,7.136947663123294,2023-11-17,emergencial
2023-11-13,ING0027,3.5,2023-11-17,emergencial
2023-11-13,ING0069,9.0,2023-11-17,emergencial
2023-11-13,ING0079,29.0,2023-11-15,emergencial
2023-11-13,ING0088,70.0,2023-11-19,emergencial
2023-11-13,ING0091,7.0,2023-11-15,emergencial
2023-11-13,ING0107,1.5,2023-11-14,emergencial
2023-11-13,ING0132,3.5,2023-11-17,emergencial
2023-11-13,ING0157,5.5,2023-11-16,emergencial
2023-11-13,ING0163,366.0,2023-11-14,emergencial
2023-11-13,ING0166,6.242981522433212,2023-11-16,emergencial
2023-11-13,ING0206,89.0,2023-11-16,emergencial
2023-11-13,ING0221,14.5,2023-11-17,emergencial
2023-11-14,ING0069,8.5,2023-11-18,emergencial
2023-11-14,ING0079,27.5,2023-11-16,emergencial
2023-11-14,ING0088,68.5,2023-11-20,emergencial
2023-11-14,ING0091,7.0,2023-11-16,emergencial
2023-11-14,ING0157,5.0,2023-11-17,emergencial
2023-11-14,ING0174,20.0,2023-11-17,emergencial
2023-11-14,ING0183,2.5,2023-11-21,emergencial
2023-11-14,ING0206,86.0,2023-11-18,emergencial
2023-11-15,ING0069,9.0,2023-11-19,emergencial
2023-11-15,ING0088,70.5,2023-11-20,emergencial
2023-11-15,ING0157,5.0,2023-11-18,emergencial
2023-11-15,ING0174,19.5,2023-11-18,emergencial
2023-11-15,ING0183,2.5,2023-11-22,emergencial
2023-11-15,ING0206,85.5,2023-11-18,emergencial
2023-11-16,ING0040,6.0,2023-11-19,emergencial
2023-11-16,ING0174,18.0,2023-11-21,emergencial
2023-11-16,ING0183,2.5,2023-11-23,emergencial
2023-11-17,ING0009,3.0,2023-11-20,sexta
2023-11-17,ING0012,2.0,2023-11-20,sexta
2023-11-17,ING0028,5.5,2023-11-21,sexta
2023-11-17,ING0036,1.0,2023-11-18,sexta
2023-11-17,ING0038,1.5,2023-11-18,sexta
2023-11-17,ING0039,0.5,2023-11-18,sexta
2023-11-17,ING0040,6.0,2023-11-19,sexta
2023-11-17,ING0043,12.5,2023-11-18,sexta
2023-11-17,ING0046,0.5,2023-11-18,sexta
2023-11-17,ING0047,0.5,2023-11-18,sexta
2023-11-17,ING0051,0.5,2023-11-19,sexta
2023-11-17,ING0054,0.5,2023-11-19,sexta
2023-11-17,ING0055,0.5,2023-11-19,sexta
2023-11-17,ING0060,6.5,2023-11-21,sexta
2023-11-17,ING0064,0.5,2023-11-22,sexta
2023-11-17,ING0069,6.0,2023-11-21,sexta
2023-11-17,ING0083,0.5,2023-11-19,sexta
2023-11-17,ING0088,45.0,2023-11-19,sexta
2023-11-17,ING0092,11.5,2023-11-20,sexta
2023-11-17,ING0097,0.5,2023-11-23,sexta
2023-11-17,ING0098,0.5,2023-11-19,sexta
2023-11-17,ING0103,0.5,2023-11-18,sexta
2023-11-17,ING0104,1.0,2023-11-18,sexta
2023-11-17,ING0107,3.4708906715566625,2023-11-18,sexta
2023-11-17,ING0113,0.5,2023-11-18,sexta
2023-11-17,ING0133,0.5,2023-11-22,sexta
2023-11-17,ING0134,0.5,2023-11-21,sexta
2023-11-17,ING0143,1.8801073951050586,2023-11-21,sexta
2023-11-17,ING0149,0.5,2023-11-21,sexta
2023-11-17,ING0150,0.5,2023-11-20,sexta
2023-11-17,ING0152,1.0,2023-11-20,sexta
2023-11-17,ING0157,0.5,2023-11-21,sexta
2023-11-17,ING0161,0.5,2023-11-28,sexta
2023-11-17,ING0163,111.0,2023-11-18,sexta
2023-11-17,ING0167,29.0,2023-11-20,sexta
2023-11-17,ING0168,1.0,2023-11-20,sexta
2023-11-17,ING0174,9.0,2023-11-20,sexta
2023-11-17,ING0183,2.0,2023-11-24,sexta
2023-11-17,ING0189,1.0,2023-11-20,sexta
2023-11-17,ING0194,0.5,2023-11-20,sexta
2023-11-17,ING0203,1.0,2023-11-20,sexta
2023-11-17,ING0214,90.0,2023-11-21,sexta
2023-11-17,ING0215,47.5,2023-11-20,sexta
2023-11-17,ING0241,0.5,2023-11-21,sexta
2023-11-17,ING0243,1.0,2023-11-21,sexta
2023-11-20,ING0183,2.5,2023-11-23,emergencial
2023-11-21,ING0102,1.5,2023-11-23,emergencial
2023-11-22,ING0102,1.7815826511060693,2023-11-23,emergencial
2023-11-24,ING0001,0.5,2023-11-27,sexta
2023-11-24,ING0011,0.4964770290593819,2023-11-27,sexta
2023-11-24,ING0036,0.5,2023-11-26,sexta
2023-11-24,ING0053,0.5,2023-11-26,sexta
2023-11-24,ING0073,0.5,2023-12-01,sexta
2023-11-24,ING0085,0.5,2023-11-26,sexta
2023-11-24,ING0097,0.5,2023-11-27,sexta
2023-11-24,ING0098,0.5,2023-11-25,sexta
2023-11-24,ING0101,0.5,2023-11-25,sexta
2023-11-24,ING0108,0.5,2023-11-25,sexta
2023-11-24,ING0135,0.5,2023-11-28,sexta
2023-11-24,ING0150,0.5,2023-11-27,sexta
2023-11-24,ING0151,1.0,2023-11-27,sexta
2023-11-24,ING0163,89.0,2023-11-25,sexta
2023-11-24,ING0217,8.5,2023-11-28,sexta
2023-11-24,ING0237,0.5,2023-11-28,sexta
2023-11-24,ING0244,0.5,2023-11-28,sexta
2023-11-27,ING0030,1.5,2023-12-01,emergencial
2023-11-27,ING0160,4.5,2023-11-30,emergencial
2023-11-27,ING0163,151.0,2023-11-28,emergencial
2023-11-27,ING0217,13.0,2023-11-30,emergencial
2023-11-28,ING0030,1.5843720248511848,2023-12-04,emergencial
2023-11-28,ING0104,2.0,2023-11-29,emergencial
2023-11-28,ING0160,4.0,2023-12-01,emergencial
2023-11-28,ING0163,183.0,2023-11-29,emergencial
2023-11-28,ING0172,8.5,2023-12-01,emergencial
2023-11-29,ING0030,1.5,2023-12-03,emergencial
2023-11-29,ING0092,20.0,2023-12-01,emergencial
2023-11-29,ING0160,4.0,2023-12-02,emergencial
2023-11-29,ING0172,10.0,2023-12-02,emergencial
2023-11-30,ING0030,1.5,2023-12-04,emergencial
2023-11-30,ING0092,20.5,2023-12-02,emergencial
2023-11-30,ING0172,10.5,2023-12-03,emergencial
2023-12-01,ING0001,1.0,2023-12-07,sexta
2023-12-01,ING0005,0.5,2023-12-04,sexta
2023-12-01,ING0006,275.4672432092349,2023-12-04,sexta
2023-12-01,ING0008,5.5,2023-12-04,sexta
2023-12-01,ING0012,8.0,2023-12-04,sexta
2023-12-01,ING0015,149.0,2023-12-04,sexta
2023-12-01,ING0016,0.5,2023-12-10,sexta
2023-12-01,ING0019,230.0,2023-12-04,sexta
2023-12-01,ING0030,10.5,2023-12-05,sexta
2023-12-01,ING0038,1.5,2023-12-02,sexta
2023-12-01,ING0043,29.0,2023-12-04,sexta
2023-12-01,ING0060,14.925010560533252,2023-12-05,sexta
2023-12-01,ING0063,14.5,2023-12-05,sexta
2023-12-01,ING0066,66.5,2023-12-05,sexta
2023-12-01,ING0068,0.5,2023-12-05,sexta
2023-12-01,ING0072,0.5,2023-12-05,sexta
2023-12-01,ING0087,2.0,2023-12-04,sexta
2023-12-01,ING0089,17.448836225422976,2023-12-03,sexta
2023-12-01,ING0097,0.5,2023-12-03,sexta
2023-12-01,ING0098,0.49520794536514656,2023-12-02,sexta
2023-12-01,ING0100,0.5,2023-12-02,sexta
2023-12-01,ING0112,0.5,2023-12-02,sexta
2023-12-01,ING0114,0.5,2023-12-02,sexta
2023-12-01,ING0127,0.5,2023-12-05,sexta
2023-12-01,ING0128,2.5,2023-12-05,sexta
2023-12-01,ING0139,14.0,2023-12-05,sexta
2023-12-01,ING0143,3.0,2023-12-05,sexta
2023-12-01,ING0150,0.5,2023-12-04,sexta
2023-12-01,ING0152,2.5,2023-12-07,sexta
2023-12-01,ING0161,5.0,2023-12-04,sexta
2023-12-01,ING0163,1262.0,2023-12-02,sexta
2023-12-01,ING0175,21.5,2023-12-04,sexta
2023-12-01,ING0215,67.5,2023-12-04,sexta
2023-12-01,ING0220,5.5,2023-12-04,sexta
2023-12-01,ING0225,0.5,2023-12-05,sexta
2023-12-01,ING0227,0.5,2023-12-05,sexta
2023-12-01,ING0229,0.5,2023-12-05,sexta
2023-12-01,ING0233,0.6093301664671583,2023-12-14,sexta
2023-12-01,ING0239,0.5,2023-12-06,sexta
2023-12-01,ING0243,1.5,2023-12-05,sexta
2023-12-01,ING0244,1.0,2023-12-05,sexta
2023-12-04,ING0030,6.5,2023-12-16,emergencial
2023-12-04,ING0060,23.128085173263894,2023-12-08,emergencial
2023-12-04,ING0063,22.0,2023-12-08,emergencial
2023-12-04,ING0066,121.5,2023-12-08,emergencial
2023-12-04,ING0128,9.0,2023-12-08,emergencial
2023-12-04,ING0139,22.0,2023-12-08,emergencial
2023-12-04,ING0143,5.5,2023-12-08,emergencial
2023-12-04,ING0152,3.5,2023-12-07,emergencial
2023-12-04,ING0243,2.0,2023-12-08,emergencial
2023-12-05,ING0038,3.0,2023-12-06,emergencial
2023-12-05,ING0128,7.5,2023-12-09,emergencial
2023-12-05,ING0152,3.176346158756144,2023-12-08,emergencial
2023-12-06,ING0087,1.5,2023-12-08,emergencial
2023-12-06,ING0128,8.0,2023-12-10,emergencial
2023-12-06,ING0152,2.5,2023-12-09,emergencial
2023-12-07,ING0128,9.0,2023-12-11,emergencial
2023-12-08,ING0002,2.2005618569653747,2023-12-11,sexta
2023-12-08,ING0008,13.0,2023-12-11,sexta
2023-12-08,ING0011,0.5,2023-12-15,sexta
2023-12-08,ING0012,3.0,2023-12-11,sexta
2023-12-08,ING0015,203.0,2023-12-11,sexta
2023-12-08,ING0016,0.5,2023-12-12,sexta
2023-12-08,ING0019,391.0,2023-12-12,sexta
2023-12-08,ING0023,390.0,2023-12-11,sexta
2023-12-08,ING0024,6.5,2023-12-19,sexta
2023-12-08,ING0030,0.5,2023-12-20,sexta
2023-12-08,ING0036,0.5,2023-12-09,sexta
2023-12-08,ING0041,0.5,2023-12-09,sexta
2023-12-08,ING0042,1.0,2023-12-09,sexta
2023-12-08,ING0043,10.5,2023-12-09,sexta
2023-12-08,ING0047,1.0,2023-12-12,sexta
2023-12-08,ING0049,10.0,2023-12-10,sexta
2023-12-08,ING0051,0.5,2023-12-12,sexta
2023-12-08,ING0069,3.0,2023-12-12,sexta
2023-12-08,ING0079,27.0,2023-12-10,sexta
2023-12-08,ING0085,0.5,2023-12-10,sexta
2023-12-08,ING0087,1.0,2023-12-11,sexta
2023-12-08,ING0089,25.5,2023-12-11,sexta
2023-12-08,ING0091,7.5,2023-12-10,sexta
2023-12-08,ING0098,0.5,2023-12-09,sexta
2023-12-08,ING0111,4.0,2023-12-09,sexta
2023-12-08,ING0113,0.5,2023-12-09,sexta
2023-12-08,ING0126,9.0,2023-12-12,sexta
2023-12-08,ING0128,0.5,2023-12-12,sexta
2023-12-08,ING0131,2.5,2023-12-12,sexta
2023-12-08,ING0133,0.5,2023-12-12,sexta
2023-12-08,ING0150,0.5,2023-12-11,sexta
2023-12-08,ING0151,0.5,2023-12-11,sexta
2023-12-08,ING0161,3.5,2023-12-11,sexta
2023-12-08,ING0163,743.0,2023-12-09,sexta
2023-12-08,ING0175,18.5,2023-12-11,sexta
2023-12-08,ING0178,1.0,2023-12-11,sexta
2023-12-08,ING0189,1.0,2023-12-11,sexta
2023-12-08,ING0194,0.5,2023-12-11,sexta
2023-12-08,ING0195,1.0,2023-12-12,sexta
2023-12-08,ING0205,1.0,2023-12-19,sexta
2023-12-08,ING0215,71.0,2023-12-11,sexta
2023-12-08,ING0217,9.0,2023-12-11,sexta
2023-12-08,ING0222,1.5,2023-12-19,sexta
2023-12-08,ING0227,0.5,2023-12-12,sexta
2023-12-08,ING0230,22.5,2023-12-12,sexta
2023-12-08,ING0233,0.5,2023-12-12,sexta
2023-12-08,ING0237,0.5,2023-12-12,sexta
2023-12-08,ING0244,0.5,2023-12-12,sexta
2023-12-11,ING0009,4.5,2023-12-14,emergencial
2023-12-11,ING0019,500.2367853486846,2023-12-14,emergencial
2023-12-11,ING0024,15.5,2023-12-14,emergencial
2023-12-11,ING0069,9.5,2023-12-15,emergencial
2023-12-11,ING0126,15.0,2023-12-15,emergencial
2023-12-11,ING0131,2.5,2023-12-15,emergencial
2023-12-11,ING0132,12.5,2023-12-15,emergencial
2023-12-11,ING0221,15.5,2023-12-15,emergencial
2023-12-11,ING0222,2.5,2023-12-15,emergencial
2023-12-11,ING0230,35.0,2023-12-15,emergencial
2023-12-11,ING0238,7.0,2023-12-15,emergencial
2023-12-12,ING0009,4.5,2023-12-15,emergencial
2023-12-12,ING0024,16.0,2023-12-15,emergencial
2023-12-12,ING0095,20.5,2023-12-14,emergencial
2023-12-12,ING0132,12.5,2023-12-16,emergencial
2023-12-12,ING0221,16.0,2023-12-16,emergencial
2023-12-12,ING0222,3.0,2023-12-16,emergencial
2023-12-13,ING0009,4.5,2023-12-16,emergencial
2023-12-13,ING0024,14.5,2023-12-17,emergencial
2023-12-13,ING0095,23.0,2023-12-15,emergencial
2023-12-13,ING0132,13.0,2023-12-17,emergencial
2023-12-13,ING0163,1075.0,2023-12-14,emergencial
2023-12-13,ING0221,18.0,2023-12-26,emergencial
2023-12-13,ING0222,3.1683901122135127,2023-12-17,emergencial
2023-12-14,ING0003,13.025051140729246,2023-12-17,emergencial
2023-12-14,ING0038,4.5,2023-12-15,emergencial
2023-12-14,ING0052,33.0,2023-12-16,emergencial
2023-12-14,ING0132,12.0,2023-12-18,emergencial
2023-12-14,ING0205,1.0,2023-12-17,emergencial
2023-12-14,ING0221,13.5,2023-12-26,emergencial
2023-12-14,ING0222,3.0,2023-12-18,emergencial
2023-12-15,ING0001,0.5,2023-12-19,sexta
2023-12-15,ING0003,13.025051140729246,2023-12-18,sexta
2023-12-15,ING0012,7.5,2023-12-19,sexta
2023-12-15,ING0015,166.0,2023-12-19,sexta
2023-12-15,ING0018,42.5,2023-12-18,sexta
2023-12-15,ING0023,346.0,2023-12-18,sexta
2023-12-15,ING0029,1.0,2023-12-19,sexta
2023-12-15,ING0030,5.0,2023-12-19,sexta
2023-12-15,ING0039,0.5,2023-12-16,sexta
2023-12-15,ING0042,0.5,2023-12-16,sexta
2023-12-15,ING0043,13.0,2023-12-16,sexta
2023-12-15,ING0047,0.5,2023-12-18,sexta
2023-12-15,ING0049,17.5,2023-12-17,sexta
2023-12-15,ING0052,34.0,2023-12-17,sexta
2023-12-15,ING0058,1.0,2023-12-18,sexta
2023-12-15,ING0060,4.5,2023-12-19,sexta
2023-12-15,ING0071,0.5,2023-12-21,sexta
2023-12-15,ING0073,0.5,2023-12-19,sexta
2023-12-15,ING0076,17.0,2023-12-19,sexta
2023-12-15,ING0085,0.5,2023-12-17,sexta
2023-12-15,ING0087,3.0,2023-12-17,sexta
2023-12-15,ING0089,16.17752380064542,2023-12-17,sexta
2023-12-15,ING0096,3.0,2023-12-18,sexta
2023-12-15,ING0097,0.5,2023-12-17,sexta
2023-12-15,ING0098,1.5,2023-12-16,sexta
2023-12-15,ING0109,0.5,2023-12-18,sexta
2023-12-15,ING0127,0.5,2023-12-20,sexta
2023-12-15,ING0143,3.0,2023-12-19,sexta
2023-12-15,ING0146,1.0,2023-12-19,sexta
2023-12-15,ING0149,0.5,2023-12-19,sexta
2023-12-15,ING0156,0.5,2023-12-18,sexta
2023-12-15,ING0157,3.0,2023-12-22,sexta
2023-12-15,ING0159,334.0,2023-12-16,sexta
2023-12-15,ING0160,1.5,2023-12-18,sexta
2023-12-15,ING0161,4.0,2023-12-19,sexta
2023-12-15,ING0164,1.0,2023-12-18,sexta
2023-12-15,ING0167,14.0,2023-12-18,sexta
2023-12-15,ING0169,3.0,2023-12-19,sexta
2023-12-15,ING0178,95.0,2023-12-18,sexta
2023-12-15,ING0188,5.0,2023-12-18,sexta
2023-12-15,ING0189,1.0,2023-12-18,sexta
2023-12-15,ING0194,0.5,2023-12-21,sexta
2023-12-15,ING0205,1.5,2023-12-18,sexta
2023-12-15,ING0206,34.0,2023-12-18,sexta
2023-12-15,ING0215,67.5,2023-12-18,sexta
2023-12-15,ING0217,13.0,2023-12-18,sexta
2023-12-15,ING0220,11.0,2023-12-18,sexta
2023-12-15,ING0222,1.0,2023-12-19,sexta
2023-12-15,ING0227,0.5,2023-12-19,sexta
2023-12-15,ING0236,81.5,2023-12-19,sexta
2023-12-15,ING0238,4.0,2023-12-19,sexta
2023-12-15,ING0240,3.5,2023-12-19,sexta
2023-12-15,ING0243,2.0,2023-12-19,sexta
2023-12-15,ING0244,0.5,2023-12-19,sexta
2023-12-18,ING0012,7.670298098980868,2023-12-21,emergencial
2023-12-18,ING0015,130.0,2023-12-21,emergencial
2023-12-18,ING0029,3.5,2023-12-22,emergencial
2023-12-18,ING0060,7.5,2023-12-22,emergencial
2023-12-18,ING0069,4.5,2023-12-22,emergencial
2023-12-18,ING0076,78.50018204097043,2023-12-20,emergencial
2023-12-18,ING0143,5.0,2023-12-23,emergencial
2023-12-18,ING0157,5.0,2023-12-21,emergencial
2023-12-18,ING0161,4.5,2023-12-22,emergencial
2023-12-18,ING0169,3.5,2023-12-21,emergencial
2023-12-18,ING0178,133.0,2023-12-21,emergencial
2023-12-18,ING0194,0.5,2023-12-23,emergencial
2023-12-18,ING0224,3.0,2023-12-22,emergencial
2023-12-18,ING0236,74.5,2023-12-22,emergencial
2023-12-18,ING0240,3.0,2023-12-22,emergencial
2023-12-18,ING0243,1.5,2023-12-25,emergencial
2023-12-19,ING0111,3.0,2023-12-20,emergencial
2023-12-19,ING0157,4.5,2023-12-22,emergencial
2023-12-19,ING0178,131.0,2023-12-23,emergencial
2023-12-19,ING0194,0.5,2023-12-22,emergencial
2023-12-19,ING0224,2.5,2023-12-23,emergencial
2023-12-20,ING0008,12.5,2023-12-23,emergencial
2023-12-20,ING0157,4.5,2023-12-23,emergencial
2023-12-20,ING0194,0.5,2023-12-23,emergencial
2023-12-21,ING0008,12.5,2023-12-26,emergencial
2023-12-21,ING0163,500.0,2023-12-23,emergencial
2023-12-22,ING0001,1.0,2023-12-25,sexta
2023-12-22,ING0005,0.5,2023-12-25,sexta
2023-12-22,ING0008,15.0,2023-12-25,sexta
2023-12-22,ING0010,49.0,2023-12-25,sexta
2023-12-22,ING0018,48.5,2023-12-25,sexta
2023-12-22,ING0019,323.0,2023-12-25,sexta
2023-12-22,ING0023,193.0,2023-12-25,sexta
2023-12-22,ING0028,2.0,2023-12-26,sexta
2023-12-22,ING0029,1.5,2023-12-26,sexta
2023-12-22,ING0030,1.5,2023-12-27,sexta
2023-12-22,ING0039,0.6172783833669466,2023-12-23,sexta
2023-12-22,ING0041,0.5651752381752166,2023-12-23,sexta
2023-12-22,ING0043,9.0,2023-12-24,sexta
2023-12-22,ING0044,0.5,2023-12-23,sexta
2023-12-22,ING0046,0.5,2023-12-25,sexta
2023-12-22,ING0049,10.5,2023-12-24,sexta
2023-12-22,ING0053,0.5,2023-12-24,sexta
2023-12-22,ING0054,0.5,2023-12-24,sexta
2023-12-22,ING0055,0.5,2023-12-24,sexta
2023-12-22,ING0060,5.5,2023-12-26,sexta
2023-12-22,ING0064,0.4864060638800876,2024-01-04,sexta
2023-12-22,ING0066,52.07148980149014,2023-12-26,sexta
2023-12-22,ING0069,3.0,2023-12-26,sexta
2023-12-22,ING0070,9.0,2023-12-26,sexta
2023-12-22,ING0071,14.5,2023-12-26,sexta
2023-12-22,ING0072,0.5,2023-12-26,sexta
2023-12-22,ING0081,15.228577819500233,2023-12-24,sexta
2023-12-22,ING0083,1.0,2023-12-24,sexta
2023-12-22,ING0084,20.0,2023-12-24,sexta
2023-12-22,ING0087,1.5,2023-12-24,sexta
2023-12-22,ING0088,28.0,2023-12-24,sexta
2023-12-22,ING0089,20.5,2023-12-25,sexta
2023-12-22,ING0091,7.0,2023-12-24,sexta
2023-12-22,ING0096,1.5,2023-12-24,sexta
2023-12-22,ING0097,0.5,2023-12-24,sexta
2023-12-22,ING0098,0.5,2023-12-23,sexta
2023-12-22,ING0101,0.5,2023-12-23,sexta
2023-12-22,ING0102,1.0,2023-12-25,sexta
2023-12-22,ING0108,0.5,2023-12-23,sexta
2023-12-22,ING0111,2.5,2023-12-23,sexta
2023-12-22,ING0112,0.5,2023-12-23,sexta
2023-12-22,ING0124,0.5,2023-12-26,sexta
2023-12-22,ING0126,8.5,2023-12-26,sexta
2023-12-22,ING0138,0.5,2023-12-26,sexta
2023-12-22,ING0143,5.0,2023-12-26,sexta
2023-12-22,ING0150,0.5,2023-12-30,sexta
2023-12-22,ING0151,1.0,2023-12-25,sexta
2023-12-22,ING0157,3.0,2023-12-26,sexta
2023-12-22,ING0160,2.0,2023-12-25,sexta
2023-12-22,ING0163,2452.5873770290373,2023-12-23,sexta
2023-12-22,ING0164,4.0,2023-12-25,sexta
2023-12-22,ING0167,27.0,2023-12-25,sexta
2023-12-22,ING0169,0.5,2023-12-25,sexta
2023-12-22,ING0178,121.0,2023-12-25,sexta
2023-12-22,ING0181,1.5,2023-12-25,sexta
2023-12-22,ING0188,27.0,2023-12-25,sexta
2023-12-22,ING0189,1.5,2023-12-26,sexta
2023-12-22,ING0195,1.0,2023-12-25,sexta
2023-12-22,ING0206,23.0,2023-12-25,sexta
2023-12-22,ING0215,46.5,2023-12-25,sexta
2023-12-22,ING0217,10.5,2023-12-25,sexta
2023-12-22,ING0224,1.0,2023-12-26,sexta
2023-12-22,ING0227,1.5,2023-12-26,sexta
2023-12-22,ING0238,4.0,2023-12-26,sexta
2023-12-22,ING0241,0.5,2023-12-27,sexta
2023-12-22,ING0244,0.5,2023-12-26,sexta
2023-12-25,ING0071,92.8821930289572,2023-12-29,emergencial
2023-12-25,ING0189,2.5,2023-12-28,emergencial
2023-12-25,ING0227,1.757125437917556,2023-12-29,emergencial
2023-12-26,ING0161,5.5,2023-12-30,emergencial
2023-12-27,ING0161,7.5,2023-12-30,emergencial
2023-12-28,ING0161,8.0,2023-12-31,emergencial
2023-12-29,ING0001,0.5,2024-01-01,sexta
2023-12-29,ING0010,390.0,2024-01-01,sexta
2023-12-29,ING0011,0.5,2024-01-01,sexta
2023-12-29,ING0019,539.0,2024-01-03,sexta
2023-12-29,ING0023,444.0,2024-01-01,sexta
2023-12-29,ING0029,5.5,2024-01-02,sexta
2023-12-29,ING0038,4.847984547475209,2023-12-30,sexta
2023-12-29,ING0039,0.5,2023-12-30,sexta
2023-12-29,ING0043,23.5,2023-12-30,sexta
2023-12-29,ING0047,1.5,2023-12-30,sexta
2023-12-29,ING0049,29.5,2023-12-31,sexta
2023-12-29,ING0060,14.0,2024-01-02,sexta
2023-12-29,ING0063,53.0,2024-01-02,sexta
2023-12-29,ING0064,0.5,2024-01-02,sexta
2023-12-29,ING0068,0.5,2024-01-02,sexta
2023-12-29,ING0070,23.5,2024-01-03,sexta
2023-12-29,ING0083,1.5,2023-12-31,sexta
2023-12-29,ING0084,46.5,2024-01-02,sexta
2023-12-29,ING0085,0.5,2023-12-31,sexta
2023-12-29,ING0087,3.5,2023-12-31,sexta
2023-12-29,ING0088,68.0,2024-01-03,sexta
2023-12-29,ING0096,3.0,2024-01-01,sexta
2023-12-29,ING0097,0.5,2024-01-04,sexta
2023-12-29,ING0098,0.5,2023-12-30,sexta
2023-12-29,ING0099,1.0,2023-12-30,sexta
2023-12-29,ING0100,0.5,2023-12-30,sexta
2023-12-29,ING0103,0.5,2023-12-30,sexta
2023-12-29,ING0111,9.5,2024-01-01,sexta
2023-12-29,ING0114,0.5,2023-12-30,sexta
2023-12-29,ING0124,0.5,2024-01-02,sexta
2023-12-29,ING0126,16.5,2024-01-02,sexta
2023-12-29,ING0134,0.5,2024-01-02,sexta
2023-12-29,ING0138,0.5,2024-01-03,sexta
2023-12-29,ING0143,4.5,2024-01-02,sexta
2023-12-29,ING0150,1.1389842409500508,2024-01-01,sexta
2023-12-29,ING0161,10.5,2024-01-01,sexta
2023-12-29,ING0164,7.0,2024-01-02,sexta
2023-12-29,ING0167,137.0,2024-01-01,sexta
2023-12-29,ING0174,24.331360183928105,2024-01-03,sexta
2023-12-29,ING0178,82.0,2024-01-01,sexta
2023-12-29,ING0181,13.894223180456866,2024-01-01,sexta
2023-12-29,ING0188,83.0,2024-01-08,sexta
2023-12-29,ING0192,21.5,2024-01-01,sexta
2023-12-29,ING0215,100.5,2024-01-01,sexta
2023-12-29,ING0217,20.0,2024-01-01,sexta
2023-12-29,ING0225,0.5,2024-01-02,sexta
2023-12-29,ING0227,0.5,2024-01-03,sexta
2023-12-29,ING0229,0.6016753766142828,2024-01-02,sexta
2023-12-29,ING0230,61.0,2024-01-02,sexta
2023-12-29,ING0234,1.0,2024-01-02,sexta
2023-12-29,ING0236,147.5,2024-01-02,sexta
2023-12-29,ING0237,0.5,2024-01-03,sexta
2023-12-29,ING0238,14.0,2024-01-02,sexta
2023-12-29,ING0239,0.5,2024-01-02,sexta
2023-12-29,ING0240,4.0,2024-01-02,sexta
2024-01-01,ING0019,837.0,2024-01-04,emergencial
2024-01-01,ING0029,12.5,2024-01-06,emergencial
2024-01-01,ING0033,6.0,2024-01-02,emergencial
2024-01-01,ING0060,23.0,2024-01-05,emergencial
2024-01-01,ING0063,59.0,2024-01-05,emergencial
2024-01-01,ING0084,63.5,2024-01-03,emergencial
2024-01-01,ING0164,9.0,2024-01-04,emergencial
2024-01-01,ING0174,37.5,2024-01-04,emergencial
2024-01-01,ING0188,134.0,2024-01-11,emergencial
2024-01-01,ING0230,89.5,2024-01-05,emergencial
2024-01-01,ING0234,1.5,2024-01-05,emergencial
2024-01-01,ING0236,222.5,2024-01-07,emergencial
2024-01-01,ING0238,21.0,2024-01-08,emergencial
2024-01-01,ING0240,6.0,2024-01-05,emergencial
2024-01-02,ING0019,1001.0,2024-01-05,emergencial
2024-01-02,ING0070,52.0,2024-01-06,emergencial
2024-01-02,ING0174,47.5,2024-01-05,emergencial
2024-01-02,ING0188,147.0,2024-01-14,emergencial
2024-01-03,ING0033,8.0,2024-01-04,emergencial
2024-01-03,ING0131,7.0,2024-01-07,emergencial
2024-01-03,ING0172,13.5,2024-01-06,emergencial
2024-01-03,ING0188,158.0,2024-01-06,emergencial
2024-01-03,ING0206,154.0,2024-01-06,emergencial
2024-01-04,ING0004,90.0,2024-01-07,emergencial
2024-01-04,ING0047,1.5,2024-01-05,emergencial
2024-01-04,ING0066,325.0,2024-01-08,emergencial
2024-01-04,ING0088,186.0,2024-01-06,emergencial
2024-01-04,ING0091,21.0,2024-01-06,emergencial
2024-01-04,ING0102,3.5,2024-01-05,emergencial
2024-01-04,ING0111,17.5,2024-01-05,emergencial
2024-01-04,ING0115,17.13102875301354,2024-01-05,emergencial
2024-01-04,ING0126,38.0,2024-01-11,emergencial
2024-01-04,ING0131,8.0,2024-01-08,emergencial
2024-01-04,ING0160,4.0,2024-01-07,emergencial
2024-01-04,ING0172,15.0,2024-01-07,emergencial
2024-01-04,ING0188,181.0,2024-01-07,emergencial
2024-01-04,ING0192,85.5,2024-01-07,emergencial
2024-01-04,ING0206,182.0,2024-01-07,emergencial
2024-01-04,ING0238,30.5,2024-01-08,emergencial
2024-01-05,ING0004,138.5,2024-01-08,sexta
2024-01-05,ING0006,37.0,2024-01-08,sexta
2024-01-05,ING0007,1.0,2024-01-08,sexta
2024-01-05,ING0008,47.0,2024-01-08,sexta
2024-01-05,ING0010,844.0,2024-01-09,sexta
2024-01-05,ING0018,329.3483919613458,2024-01-08,sexta
2024-01-05,ING0023,767.0,2024-01-09,sexta
2024-01-05,ING0026,3.0,2024-01-18,sexta
2024-01-05,ING0027,12.0,2024-01-09,sexta
2024-01-05,ING0029,13.0,2024-01-09,sexta
2024-01-05,ING0030,113.0102378544535,2024-01-09,sexta
2024-01-05,ING0036,0.5,2024-01-06,sexta
2024-01-05,ING0038,6.5,2024-01-06,sexta
2024-01-05,ING0040,14.5,2024-01-06,sexta
2024-01-05,ING0043,64.0,2024-01-06,sexta
2024-01-05,ING0047,1.5,2024-01-06,sexta
2024-01-05,ING0049,49.5,2024-01-07,sexta
2024-01-05,ING0055,0.5816419315708019,2024-01-07,sexta
2024-01-05,ING0057,117.0,2024-01-08,sexta
2024-01-05,ING0060,0.5,2024-01-09,sexta
2024-01-05,ING0061,13.0,2024-01-09,sexta
2024-01-05,ING0066,423.5,2024-01-09,sexta
2024-01-05,ING0067,0.5,2024-01-10,sexta
2024-01-05,ING0069,37.5,2024-01-09,sexta
2024-01-05,ING0070,70.5,2024-01-10,sexta
2024-01-05,ING0073,0.5,2024-01-09,sexta
2024-01-05,ING0079,57.5,2024-01-07,sexta
2024-01-05,ING0083,3.5,2024-01-07,sexta
2024-01-05,ING0085,0.5,2024-01-08,sexta
2024-01-05,ING0087,3.5,2024-01-07,sexta
2024-01-05,ING0088,195.5,2024-01-07,sexta
2024-01-05,ING0091,25.5,2024-01-07,sexta
2024-01-05,ING0098,0.5,2024-01-06,sexta
2024-01-05,ING0100,1.5,2024-01-06,sexta
2024-01-05,ING0106,3.0,2024-01-06,sexta
2024-01-05,ING0113,0.5,2024-01-06,sexta
2024-01-05,ING0124,3.0,2024-01-09,sexta
2024-01-05,ING0126,37.5,2024-01-09,sexta
2024-01-05,ING0131,7.0,2024-01-09,sexta
2024-01-05,ING0133,0.5,2024-01-09,sexta
2024-01-05,ING0139,31.5,2024-01-09,sexta
2024-01-05,ING0142,16.0,2024-01-09,sexta
2024-01-05,ING0143,12.941441826662686,2024-01-09,sexta
2024-01-05,ING0154,94.5,2024-01-08,sexta
2024-01-05,ING0160,4.0,2024-01-11,sexta
2024-01-05,ING0167,107.5,2024-01-08,sexta
2024-01-05,ING0168,1.5,2024-01-08,sexta
2024-01-05,ING0169,8.0,2024-01-08,sexta
2024-01-05,ING0172,15.0,2024-01-08,sexta
2024-01-05,ING0178,331.0,2024-01-08,sexta
2024-01-05,ING0183,4.5,2024-01-09,sexta
2024-01-05,ING0188,186.0,2024-01-08,sexta
2024-01-05,ING0189,2.5,2024-01-08,sexta
2024-01-05,ING0190,27.0,2024-01-16,sexta
2024-01-05,ING0192,93.21007901633706,2024-01-09,sexta
2024-01-05,ING0195,1.5,2024-01-08,sexta
2024-01-05,ING0205,2.5,2024-01-08,sexta
2024-01-05,ING0206,233.0,2024-01-08,sexta
2024-01-05,ING0211,174.0,2024-01-08,sexta
2024-01-05,ING0217,50.5,2024-01-08,sexta
2024-01-05,ING0227,0.5,2024-01-09,sexta
2024-01-05,ING0231,1.5,2024-01-09,sexta
2024-01-05,ING0232,14.5,2024-01-11,sexta
2024-01-05,ING0236,255.5,2024-01-10,sexta
2024-01-05,ING0238,28.5,2024-01-09,sexta
2024-01-05,ING0240,1.0,2024-01-09,sexta
2024-01-05,ING0243,5.0,2024-01-09,sexta
2024-01-08,ING0009,4.5,2024-01-11,emergencial
2024-01-08,ING0010,706.0,2024-01-12,emergencial
2024-01-08,ING0023,764.0,2024-01-11,emergencial
2024-01-08,ING0024,10.0,2024-01-11,emergencial
2024-01-08,ING0027,13.5,2024-01-12,emergencial
2024-01-08,ING0028,98.77178727910125,2024-01-15,emergencial
2024-01-08,ING0030,93.35628344498332,2024-01-12,emergencial
2024-01-08,ING0042,1.0,2024-01-09,emergencial
2024-01-08,ING0060,36.5,2024-01-12,emergencial
2024-01-08,ING0061,11.0,2024-01-12,emergencial
2024-01-08,ING0069,29.0,2024-01-12,emergencial
2024-01-08,ING0095,47.0,2024-01-10,emergencial
2024-01-08,ING0102,2.43345821781075,2024-01-09,emergencial
2024-01-08,ING0104,4.0,2024-01-09,emergencial
2024-01-08,ING0116,2.5,2024-01-09,emergencial
2024-01-08,ING0124,1.5,2024-01-12,emergencial
2024-01-08,ING0126,28.5,2024-01-12,emergencial
2024-01-08,ING0139,30.0,2024-01-12,emergencial
2024-01-08,ING0142,19.5,2024-01-12,emergencial
2024-01-08,ING0143,12.5,2024-01-12,emergencial
2024-01-08,ING0163,2578.0,2024-01-09,emergencial
2024-01-08,ING0171,45.0,2024-01-11,emergencial
2024-01-08,ING0183,4.5,2024-01-11,emergencial
2024-01-08,ING0190,27.5,2024-01-11,emergencial
2024-01-08,ING0215,510.7131903833636,2024-01-12,emergencial
2024-01-08,ING0222,4.0,2024-01-12,emergencial
2024-01-08,ING0227,1.0,2024-01-12,emergencial
2024-01-08,ING0231,3.0368466354684225,2024-01-12,emergencial
2024-01-08,ING0232,23.538790846135402,2024-01-14,emergencial
2024-01-08,ING0240,8.162710143010957,2024-01-12,emergencial
2024-01-08,ING0243,4.5,2024-01-12,emergencial
2024-01-09,ING0009,4.5,2024-01-12,emergencial
2024-01-09,ING0024,10.5,2024-01-12,emergencial
2024-01-09,ING0028,33.0,2024-01-13,emergencial
2024-01-09,ING0060,37.5,2024-01-13,emergencial
2024-01-09,ING0095,43.0,2024-01-12,emergencial
2024-01-09,ING0106,3.0,2024-01-11,emergencial
2024-01-09,ING0159,497.0,2024-01-10,emergencial
2024-01-09,ING0171,49.5,2024-01-12,emergencial
2024-01-09,ING0189,2.5,2024-01-12,emergencial
2024-01-09,ING0190,24.5,2024-01-12,emergencial
2024-01-09,ING0215,568.3124223814873,2024-01-12,emergencial
2024-01-09,ING0222,4.0,2024-01-13,emergencial
2024-01-09,ING0232,21.5,2024-01-15,emergencial
2024-01-09,ING0244,2.0,2024-01-13,emergencial
2024-01-10,ING0009,4.5,2024-01-13,emergencial
2024-01-10,ING0024,14.0,2024-01-13,emergencial
2024-01-10,ING0028,28.0,2024-01-14,emergencial
2024-01-10,ING0047,1.5,2024-01-11,emergencial
2024-01-10,ING0060,41.0,2024-01-15,emergencial
2024-01-10,ING0083,4.5,2024-01-12,emergencial
2024-01-10,ING0106,3.5,2024-01-11,emergencial
2024-01-10,ING0171,67.5,2024-01-13,emergencial
2024-01-10,ING0189,3.0,2024-01-14,emergencial
2024-01-10,ING0190,62.186241366436455,2024-01-14,emergencial
2024-01-10,ING0215,627.8316287795485,2024-01-15,emergencial
2024-01-10,ING0222,5.0,2024-01-14,emergencial
2024-01-10,ING0232,22.5,2024-01-16,emergencial
2024-01-10,ING0244,2.5,2024-01-14,emergencial
2024-01-11,ING0006,122.0,2024-01-14,emergencial
2024-01-11,ING0007,2.0,2024-01-14,emergencial
2024-01-11,ING0015,278.0,2024-01-15,emergencial
2024-01-11,ING0028,19.5,2024-01-15,emergencial
2024-01-11,ING0047,1.5,2024-01-12,emergencial
2024-01-11,ING0057,340.0,2024-01-13,emergencial
2024-01-11,ING0060,29.5,2024-01-15,emergencial
2024-01-11,ING0083,3.0,2024-01-13,emergencial
2024-01-11,ING0084,45.0,2024-01-15,emergencial
2024-01-11,ING0088,73.5,2024-01-13,emergencial
2024-01-11,ING0098,1.3791378670361238,2024-01-13,emergencial
2024-01-11,ING0128,7.5,2024-01-15,emergencial
2024-01-11,ING0157,11.0,2024-01-14,emergencial
2024-01-11,ING0178,316.0,2024-01-14,emergencial
2024-01-11,ING0189,2.0,2024-01-14,emergencial
2024-01-11,ING0194,1.0,2024-01-14,emergencial
2024-01-11,ING0211,206.0,2024-01-14,emergencial
2024-01-11,ING0215,395.5147263871162,2024-01-14,emergencial
2024-01-11,ING0222,4.0,2024-01-15,emergencial
2024-01-11,ING0224,7.5,2024-01-20,emergencial
2024-01-11,ING0234,1.0,2024-01-15,emergencial
2024-01-11,ING0240,7.0,2024-01-15,emergencial
2024-01-11,ING0244,2.5,2024-01-15,emergencial
2024-01-12,ING0001,1.5,2024-01-15,sexta
2024-01-12,ING0002,1.078204120343493,2024-01-16,sexta
2024-01-12,ING0005,0.5,2024-01-16,sexta
2024-01-12,ING0006,134.0,2024-01-15,sexta
2024-01-12,ING0007,2.0,2024-01-15,sexta
2024-01-12,ING0008,6.5,2024-01-15,sexta
2024-01-12,ING0012,11.0,2024-01-22,sexta
2024-01-12,ING0015,251.0,2024-01-15,sexta
2024-01-12,ING0028,21.0,2024-01-16,sexta
2024-01-12,ING0029,3.0,2024-01-16,sexta
2024-01-12,ING0035,1.0,2024-01-15,sexta
2024-01-12,ING0036,0.5,2024-01-13,sexta
2024-01-12,ING0037,0.5,2024-01-13,sexta
2024-01-12,ING0039,0.5,2024-01-13,sexta
2024-01-12,ING0042,0.5,2024-01-13,sexta
2024-01-12,ING0043,22.0,2024-01-13,sexta
2024-01-12,ING0047,0.5,2024-01-13,sexta
2024-01-12,ING0049,15.0,2024-01-14,sexta
2024-01-12,ING0052,25.5,2024-01-15,sexta
2024-01-12,ING0056,0.5,2024-01-16,sexta
2024-01-12,ING0057,327.0,2024-01-14,sexta
2024-01-12,ING0060,5.0,2024-01-16,sexta
2024-01-12,ING0075,1.5,2024-01-16,sexta
2024-01-12,ING0079,2.5,2024-01-14,sexta
2024-01-12,ING0081,9.0,2024-01-14,sexta
2024-01-12,ING0083,0.5,2024-01-14,sexta
2024-01-12,ING0084,40.5,2024-01-16,sexta
2024-01-12,ING0085,0.5,2024-01-14,sexta
2024-01-12,ING0086,79.0,2024-01-14,sexta
2024-01-12,ING0087,2.0,2024-01-14,sexta
2024-01-12,ING0088,73.0,2024-01-14,sexta
2024-01-12,ING0090,4.5,2024-01-14,sexta
2024-01-12,ING0093,1.5,2024-01-14,sexta
2024-01-12,ING0094,3.0,2024-01-17,sexta
2024-01-12,ING0096,2.0,2024-01-15,sexta
2024-01-12,ING0097,0.5,2024-01-18,sexta
2024-01-12,ING0098,1.5,2024-01-13,sexta
2024-01-12,ING0100,0.5,2024-01-13,sexta
2024-01-12,ING0101,0.5,2024-01-13,sexta
2024-01-12,ING0103,0.5,2024-01-13,sexta
2024-01-12,ING0105,1.0,2024-01-13,sexta
2024-01-12,ING0107,2.0,2024-01-13,sexta
2024-01-12,ING0108,0.5,2024-01-13,sexta
2024-01-12,ING0109,0.5,2024-01-13,sexta
2024-01-12,ING0111,5.5,2024-01-13,sexta
2024-01-12,ING0112,0.5,2024-01-15,sexta
2024-01-12,ING0116,1.5,2024-01-13,sexta
2024-01-12,ING0127,1.0,2024-01-16,sexta
2024-01-12,ING0128,7.0,2024-01-16,sexta
2024-01-12,ING0133,0.5,2024-01-16,sexta
2024-01-12,ING0134,0.5,2024-01-16,sexta
2024-01-12,ING0135,0.5,2024-01-16,sexta
2024-01-12,ING0145,0.5,2024-01-16,sexta
2024-01-12,ING0149,0.5,2024-01-16,sexta
2024-01-12,ING0151,1.0,2024-01-15,sexta
2024-01-12,ING0156,0.5,2024-01-15,sexta
2024-01-12,ING0157,12.0,2024-01-15,sexta
2024-01-12,ING0159,392.0,2024-01-13,sexta
2024-01-12,ING0161,2.0,2024-01-24,sexta
2024-01-12,ING0163,992.0,2024-01-13,sexta
2024-01-12,ING0164,2.0,2024-01-15,sexta
2024-01-12,ING0167,71.0,2024-01-15,sexta
2024-01-12,ING0169,6.0,2024-01-15,sexta
2024-01-12,ING0178,303.0,2024-01-15,sexta
2024-01-12,ING0189,1.5,2024-01-15,sexta
2024-01-12,ING0194,1.5,2024-01-15,sexta
2024-01-12,ING0199,0.5,2024-01-15,sexta
2024-01-12,ING0204,1.5,2024-01-15,sexta
2024-01-12,ING0205,1.8287774983949232,2024-01-15,sexta
2024-01-12,ING0211,170.0,2024-01-15,sexta
2024-01-12,ING0214,81.0,2024-01-18,sexta
2024-01-12,ING0218,84.5,2024-01-15,sexta
2024-01-12,ING0221,16.5,2024-01-17,sexta
2024-01-12,ING0222,1.5,2024-01-16,sexta
2024-01-12,ING0224,6.5,2024-01-21,sexta
2024-01-12,ING0227,0.5,2024-01-16,sexta
2024-01-12,ING0228,1.0,2024-01-18,sexta
2024-01-12,ING0230,34.5,2024-01-16,sexta
2024-01-12,ING0232,7.0,2024-01-20,sexta
2024-01-12,ING0234,1.0,2024-01-17,sexta
2024-01-12,ING0237,0.5,2024-01-16,sexta
2024-01-12,ING0240,2.0,2024-01-16,sexta
2024-01-12,ING0242,62.5,2024-01-16,sexta
2024-01-12,ING0244,2.5,2024-01-16,sexta
2024-01-15,ING0012,8.0,2024-01-22,emergencial
2024-01-15,ING0087,1.5,2024-01-17,emergencial
2024-01-15,ING0092,24.5,2024-01-17,emergencial
2024-01-15,ING0221,20.5,2024-01-19,emergencial
2024-01-15,ING0224,6.4571313486642135,2024-01-24,emergencial
2024-01-15,ING0242,72.5,2024-01-19,emergencial
2024-01-16,ING0012,8.0,2024-01-23,emergencial
2024-01-16,ING0026,4.0,2024-01-20,emergencial
2024-01-16,ING0087,2.0,2024-01-18,emergencial
2024-01-16,ING0092,21.56130203837693,2024-01-18,emergencial
2024-01-16,ING0224,6.0,2024-01-25,emergencial
2024-01-17,ING0012,8.0,2024-01-24,emergencial
2024-01-17,ING0026,4.5,2024-01-22,emergencial
2024-01-17,ING0169,5.5,2024-01-20,emergencial
2024-01-17,ING0224,6.0,2024-01-26,emergencial
2024-01-18,ING0012,7.5,2024-01-21,emergencial
2024-01-18,ING0224,5.5,2024-01-22,emergencial
2024-01-19,ING0001,1.0,2024-01-25,sexta
2024-01-19,ING0002,1.5,2024-01-22,sexta
2024-01-19,ING0004,29.5,2024-01-22,sexta
2024-01-19,ING0008,6.5,2024-01-22,sexta
2024-01-19,ING0011,0.5,2024-01-22,sexta
2024-01-19,ING0012,6.5,2024-01-22,sexta
2024-01-19,ING0026,2.0,2024-01-23,sexta
2024-01-19,ING0029,3.0,2024-01-23,sexta
2024-01-19,ING0035,1.5,2024-01-22,sexta
2024-01-19,ING0039,0.5,2024-01-21,sexta
2024-01-19,ING0040,6.0,2024-01-20,sexta
2024-01-19,ING0043,15.0,2024-01-20,sexta
2024-01-19,ING0044,0.5,2024-01-20,sexta
2024-01-19,ING0046,0.5,2024-01-20,sexta
2024-01-19,ING0047,0.5,2024-01-20,sexta
2024-01-19,ING0049,11.0,2024-01-21,sexta
2024-01-19,ING0050,0.5,2024-01-24,sexta
2024-01-19,ING0052,15.5,2024-01-21,sexta
2024-01-19,ING0054,0.5,2024-01-21,sexta
2024-01-19,ING0056,5.5,2024-01-21,sexta
2024-01-19,ING0057,37.0,2024-01-21,sexta
2024-01-19,ING0068,0.5,2024-01-23,sexta
2024-01-19,ING0070,0.5,2024-01-29,sexta
2024-01-19,ING0074,2.0,2024-01-24,sexta
2024-01-19,ING0075,3.7196901828317053,2024-01-21,sexta
2024-01-19,ING0079,2.5,2024-01-21,sexta
2024-01-19,ING0083,0.5,2024-01-21,sexta
2024-01-19,ING0084,3.5,2024-01-21,sexta
2024-01-19,ING0086,62.5,2024-01-21,sexta
2024-01-19,ING0090,2.5,2024-01-21,sexta
2024-01-19,ING0093,2.5,2024-01-21,sexta
2024-01-19,ING0096,2.0,2024-01-21,sexta
2024-01-19,ING0097,0.5,2024-01-23,sexta
2024-01-19,ING0098,0.5,2024-01-20,sexta
2024-01-19,ING0100,0.5,2024-01-20,sexta
2024-01-19,ING0101,0.5,2024-01-20,sexta
2024-01-19,ING0103,0.5,2024-01-20,sexta
2024-01-19,ING0104,1.0782001509981125,2024-01-20,sexta
2024-01-19,ING0105,1.5,2024-01-20,sexta
2024-01-19,ING0106,1.0,2024-01-20,sexta
2024-01-19,ING0107,3.7440252865960546,2024-01-20,sexta
2024-01-19,ING0128,0.5,2024-01-23,sexta
2024-01-19,ING0129,1.0,2024-01-23,sexta
2024-01-19,ING0142,0.5,2024-01-26,sexta
2024-01-19,ING0150,1.0,2024-01-22,sexta
2024-01-19,ING0157,3.0,2024-01-22,sexta
2024-01-19,ING0161,3.5,2024-01-27,sexta
2024-01-19,ING0163,984.0,2024-01-20,sexta
2024-01-19,ING0164,2.0,2024-01-22,sexta
2024-01-19,ING0167,52.5,2024-01-22,sexta
2024-01-19,ING0169,14.644240020349102,2024-01-22,sexta
2024-01-19,ING0181,2.0,2024-01-22,sexta
2024-01-19,ING0199,0.5,2024-01-22,sexta
2024-01-19,ING0204,0.5,2024-01-22,sexta
2024-01-19,ING0214,50.0,2024-01-22,sexta
2024-01-19,ING0217,8.915281003556204,2024-01-22,sexta
2024-01-19,ING0218,64.0,2024-01-22,sexta
2024-01-19,ING0220,7.5,2024-01-22,sexta
2024-01-19,ING0224,5.5,2024-01-26,sexta
2024-01-19,ING0225,0.5,2024-01-23,sexta
2024-01-19,ING0227,0.5,2024-01-23,sexta
2024-01-19,ING0230,46.85131746035643,2024-01-23,sexta
2024-01-19,ING0236,30.5,2024-01-23,sexta
2024-01-19,ING0239,0.5,2024-02-01,sexta
2024-01-19,ING0241,0.5,2024-01-23,sexta
2024-01-22,ING0161,3.0,2024-01-30,emergencial
2024-01-23,ING0161,3.0,2024-01-31,emergencial
2024-01-26,ING0016,0.5,2024-02-02,sexta
2024-01-26,ING0017,1.5,2024-01-29,sexta
2024-01-26,ING0039,0.5,2024-01-27,sexta
2024-01-26,ING0042,1.0,2024-01-27,sexta
2024-01-26,ING0044,0.5,2024-01-28,sexta
2024-01-26,ING0047,0.5,2024-01-27,sexta
2024-01-26,ING0049,1.0,2024-01-28,sexta
2024-01-26,ING0051,0.6119369322816873,2024-01-28,sexta
2024-01-26,ING0053,0.5,2024-01-28,sexta
2024-01-26,ING0085,0.5,2024-01-28,sexta
2024-01-26,ING0087,0.5,2024-01-28,sexta
2024-01-26,ING0097,0.5,2024-01-28,sexta
2024-01-26,ING0098,0.5,2024-01-27,sexta
2024-01-26,ING0100,0.5,2024-01-27,sexta
2024-01-26,ING0103,0.5,2024-01-27,sexta
2024-01-26,ING0105,1.0,2024-01-28,sexta
2024-01-26,ING0128,0.5,2024-01-30,sexta
2024-01-26,ING0133,0.5,2024-01-30,sexta
2024-01-26,ING0134,0.5,2024-01-30,sexta
2024-01-26,ING0146,1.5,2024-01-31,sexta
2024-01-26,ING0149,0.5,2024-01-30,sexta
2024-01-26,ING0151,0.5,2024-01-29,sexta
2024-01-26,ING0157,15.775886692730968,2024-01-29,sexta
2024-01-26,ING0161,3.0,2024-02-05,sexta
2024-01-26,ING0163,626.0,2024-01-27,sexta
2024-01-26,ING0164,0.5,2024-01-29,sexta
2024-01-26,ING0167,40.0,2024-01-30,sexta
2024-01-26,ING0227,0.5,2024-01-30,sexta
2024-01-26,ING0233,0.5,2024-01-30,sexta
2024-01-26,ING0239,0.5,2024-01-30,sexta
2024-01-30,ING0052,30.5,2024-02-06,emergencial
2024-01-31,ING0052,29.5,2024-02-07,emergencial
2024-02-01,ING0002,9.0,2024-02-04,emergencial
2024-02-01,ING0052,23.5,2024-02-08,emergencial
2024-02-01,ING0057,193.0,2024-02-03,emergencial
2024-02-01,ING0079,12.5,2024-02-03,emergencial
2024-02-01,ING0087,3.0,2024-02-03,emergencial
2024-02-01,ING0096,2.5,2024-02-03,emergencial
2024-02-01,ING0104,2.0,2024-02-02,emergencial
2024-02-02,ING0002,8.0,2024-02-05,sexta
2024-02-02,ING0008,4.569928265256515,2024-02-05,sexta
2024-02-02,ING0015,355.40989795295366,2024-02-05,sexta
2024-02-02,ING0029,0.5,2024-02-06,sexta
2024-02-02,ING0035,1.5,2024-02-03,sexta
2024-02-02,ING0036,0.5,2024-02-03,sexta
2024-02-02,ING0043,24.5,2024-02-03,sexta
2024-02-02,ING0045,12.5,2024-02-06,sexta
2024-02-02,ING0047,0.5,2024-02-05,sexta
2024-02-02,ING0049,12.5,2024-02-04,sexta
2024-02-02,ING0052,21.0,2024-02-09,sexta
2024-02-02,ING0056,1.8064589288988915,2024-02-04,sexta
2024-02-02,ING0057,190.0,2024-02-04,sexta
2024-02-02,ING0067,0.5,2024-02-15,sexta
2024-02-02,ING0070,9.0,2024-02-06,sexta
2024-02-02,ING0073,0.5,2024-02-06,sexta
2024-02-02,ING0079,14.5,2024-02-04,sexta
2024-02-02,ING0081,0.5,2024-02-09,sexta
2024-02-02,ING0085,0.5,2024-02-04,sexta
2024-02-02,ING0087,2.0,2024-02-04,sexta
2024-02-02,ING0092,5.0,2024-02-04,sexta
2024-02-02,ING0096,2.5,2024-02-04,sexta
2024-02-02,ING0100,1.0,2024-02-03,sexta
2024-02-02,ING0103,0.5,2024-02-03,sexta
2024-02-02,ING0113,0.5,2024-02-03,sexta
2024-02-02,ING0116,0.5,2024-02-03,sexta
2024-02-02,ING0121,1.0,2024-02-06,sexta
2024-02-02,ING0128,5.0,2024-02-06,sexta
2024-02-02,ING0129,2.0,2024-02-06,sexta
2024-02-02,ING0135,0.5,2024-02-06,sexta
2024-02-02,ING0138,0.5,2024-02-06,sexta
2024-02-02,ING0142,2.0,2024-02-06,sexta
2024-02-02,ING0143,1.5,2024-02-06,sexta
2024-02-02,ING0150,0.45841580705595375,2024-02-09,sexta
2024-02-02,ING0156,0.5,2024-02-10,sexta
2024-02-02,ING0163,793.0,2024-02-03,sexta
2024-02-02,ING0164,2.5,2024-02-08,sexta
2024-02-02,ING0167,57.0,2024-02-07,sexta
2024-02-02,ING0192,7.5,2024-02-05,sexta
2024-02-02,ING0199,0.5,2024-02-05,sexta
2024-02-02,ING0214,84.0,2024-02-05,sexta
2024-02-02,ING0217,9.0,2024-02-05,sexta
2024-02-02,ING0227,0.5,2024-02-06,sexta
2024-02-02,ING0231,0.5,2024-02-09,sexta
2024-02-02,ING0243,0.5,2024-02-06,sexta
2024-02-05,ING0052,16.5,2024-02-07,emergencial
2024-02-05,ING0106,1.0,2024-02-08,emergencial
2024-02-05,ING0128,4.0,2024-02-15,emergencial
2024-02-05,ING0129,1.5,2024-02-09,emergencial
2024-02-05,ING0164,3.0,2024-02-08,emergencial
2024-02-05,ING0167,53.5,2024-02-12,emergencial
2024-02-05,ING0181,2.5,2024-02-08,emergencial
2024-02-05,ING0231,1.143915125604119,2024-02-09,emergencial
2024-02-05,ING0236,54.5,2024-02-09,emergencial
2024-02-06,ING0104,1.0,2024-02-07,emergencial
2024-02-06,ING0106,1.0,2024-02-07,emergencial
2024-02-06,ING0164,2.5,2024-02-09,emergencial
2024-02-06,ING0167,52.0,2024-02-13,emergencial
2024-02-06,ING0181,2.5,2024-02-09,emergencial
2024-02-06,ING0231,0.5,2024-02-10,emergencial
2024-02-06,ING0236,55.0,2024-02-10,emergencial
2024-02-07,ING0069,7.5,2024-02-11,emergencial
2024-02-07,ING0164,3.0,2024-02-10,emergencial
2024-02-07,ING0181,2.5,2024-02-11,emergencial
2024-02-07,ING0231,0.5286541951729594,2024-02-11,emergencial
2024-02-07,ING0236,55.0,2024-02-11,emergencial
2024-02-08,ING0069,6.0,2024-02-12,emergencial
2024-02-08,ING0231,0.5,2024-02-12,emergencial
2024-02-08,ING0236,52.0,2024-02-12,emergencial
2024-02-09,ING0001,0.5,2024-02-12,sexta
2024-02-09,ING0004,54.5,2024-02-12,sexta
2024-02-09,ING0007,1.451046500185255,2024-02-12,sexta
2024-02-09,ING0008,5.0,2024-02-12,sexta
2024-02-09,ING0029,3.0,2024-02-13,sexta
2024-02-09,ING0035,1.0,2024-02-10,sexta
2024-02-09,ING0045,17.0,2024-02-11,sexta
2024-02-09,ING0047,0.5,2024-02-10,sexta
2024-02-09,ING0049,6.5,2024-02-11,sexta
2024-02-09,ING0051,0.5,2024-02-11,sexta
2024-02-09,ING0055,0.5,2024-02-11,sexta
2024-02-09,ING0056,3.5,2024-02-11,sexta
2024-02-09,ING0069,7.0,2024-02-13,sexta
2024-02-09,ING0070,9.0,2024-02-13,sexta
2024-02-09,ING0081,9.0,2024-02-11,sexta
2024-02-09,ING0087,0.5,2024-02-11,sexta
2024-02-09,ING0090,2.0,2024-02-11,sexta
2024-02-09,ING0092,8.5,2024-02-11,sexta
2024-02-09,ING0096,0.5,2024-02-11,sexta
2024-02-09,ING0097,0.5,2024-02-14,sexta
2024-02-09,ING0098,0.5,2024-02-10,sexta
2024-02-09,ING0100,0.5,2024-02-11,sexta
2024-02-09,ING0104,0.5,2024-02-13,sexta
2024-02-09,ING0108,0.5,2024-02-10,sexta
2024-02-09,ING0109,0.5,2024-02-12,sexta
2024-02-09,ING0112,0.5417548990520021,2024-02-10,sexta
2024-02-09,ING0116,0.5,2024-02-10,sexta
2024-02-09,ING0121,1.5,2024-02-13,sexta
2024-02-09,ING0124,0.5,2024-02-13,sexta
2024-02-09,ING0128,2.0,2024-02-19,sexta
2024-02-09,ING0142,2.5,2024-02-13,sexta
2024-02-09,ING0143,2.0,2024-02-13,sexta
2024-02-09,ING0145,0.5,2024-02-13,sexta
2024-02-09,ING0151,1.0,2024-02-12,sexta
2024-02-09,ING0152,0.5,2024-02-12,sexta
2024-02-09,ING0154,14.5,2024-02-12,sexta
2024-02-09,ING0156,0.5,2024-02-15,sexta
2024-02-09,ING0163,583.0,2024-02-10,sexta
2024-02-09,ING0165,0.5,2024-02-12,sexta
2024-02-09,ING0167,24.5,2024-02-12,sexta
2024-02-09,ING0172,2.5,2024-02-12,sexta
2024-02-09,ING0192,14.0,2024-02-12,sexta
2024-02-09,ING0194,0.5,2024-02-12,sexta
2024-02-09,ING0211,24.0,2024-02-12,sexta
2024-02-09,ING0214,60.0,2024-02-12,sexta
2024-02-09,ING0225,0.5,2024-02-13,sexta
2024-02-09,ING0227,0.5,2024-02-13,sexta
2024-02-09,ING0229,0.5,2024-02-13,sexta
2024-02-09,ING0234,0.5,2024-02-13,sexta
2024-02-09,ING0236,22.5,2024-02-14,sexta
2024-02-09,ING0237,0.5,2024-02-13,sexta
2024-02-09,ING0243,0.5,2024-02-13,sexta
2024-02-12,ING0029,6.0,2024-02-16,emergencial
2024-02-12,ING0070,26.5,2024-02-16,emergencial
2024-02-12,ING0121,4.0,2024-02-16,emergencial
2024-02-12,ING0124,1.0,2024-02-16,emergencial
2024-02-12,ING0142,7.5,2024-02-19,emergencial
2024-02-12,ING0143,8.287952540544975,2024-02-16,emergencial
2024-02-13,ING0042,1.0,2024-02-15,emergencial
2024-02-14,ING0042,1.0,2024-02-16,emergencial
2024-02-14,ING0088,64.0,2024-02-16,emergencial
2024-02-15,ING0088,53.5,2024-02-20,emergencial
2024-02-15,ING0143,7.5,2024-02-19,emergencial
2024-02-16,ING0004,69.96747975956961,2024-02-20,sexta
2024-02-16,ING0005,0.5,2024-02-19,sexta
2024-02-16,ING0008,8.0,2024-02-20,sexta
2024-02-16,ING0016,0.5,2024-02-19,sexta
2024-02-16,ING0018,0.5,2024-02-19,sexta
2024-02-16,ING0024,2.5,2024-02-19,sexta
2024-02-16,ING0045,27.0,2024-02-17,sexta
2024-02-16,ING0047,0.5,2024-02-17,sexta
2024-02-16,ING0049,14.0,2024-02-18,sexta
2024-02-16,ING0050,0.5,2024-02-18,sexta
2024-02-16,ING0053,0.5,2024-02-18,sexta
2024-02-16,ING0056,13.5,2024-02-18,sexta
2024-02-16,ING0057,64.0,2024-02-18,sexta
2024-02-16,ING0058,1.5,2024-02-18,sexta
2024-02-16,ING0064,0.5,2024-02-20,sexta
2024-02-16,ING0068,0.5,2024-02-20,sexta
2024-02-16,ING0073,0.5,2024-02-20,sexta
2024-02-16,ING0085,0.5,2024-02-18,sexta
2024-02-16,ING0097,0.5,2024-02-18,sexta
2024-02-16,ING0100,0.5,2024-02-17,sexta
2024-02-16,ING0101,0.5,2024-02-17,sexta
2024-02-16,ING0103,0.5,2024-02-17,sexta
2024-02-16,ING0114,0.5,2024-02-17,sexta
2024-02-16,ING0125,1.5,2024-02-20,sexta
2024-02-16,ING0133,0.5,2024-02-20,sexta
2024-02-16,ING0134,0.5,2024-02-20,sexta
2024-02-16,ING0142,3.5,2024-02-20,sexta
2024-02-16,ING0150,0.5,2024-02-19,sexta
2024-02-16,ING0152,1.0252156515004494,2024-02-19,sexta
2024-02-16,ING0163,1232.0,2024-02-17,sexta
2024-02-16,ING0192,4.0,2024-02-19,sexta
2024-02-16,ING0214,79.0,2024-02-24,sexta
2024-02-16,ING0217,29.5,2024-02-19,sexta
2024-02-16,ING0228,0.5,2024-02-22,sexta
2024-02-16,ING0229,0.5,2024-02-28,sexta
2024-02-19,ING0004,121.0,2024-02-22,emergencial
2024-02-19,ING0008,29.0,2024-02-22,emergencial
2024-02-19,ING0018,79.0,2024-02-22,emergencial
2024-02-19,ING0024,9.0,2024-02-22,emergencial
2024-02-19,ING0079,15.5,2024-02-22,emergencial
2024-02-19,ING0104,2.5,2024-02-24,emergencial
2024-02-19,ING0116,2.5,2024-02-20,emergencial
2024-02-19,ING0154,73.5,2024-02-22,emergencial
2024-02-19,ING0165,5.0,2024-02-22,emergencial
2024-02-19,ING0171,55.0,2024-02-22,emergencial
2024-02-19,ING0214,285.0,2024-02-27,emergencial
2024-02-19,ING0228,1.0,2024-02-25,emergencial
2024-02-19,ING0231,1.5,2024-02-23,emergencial
2024-02-19,ING0240,7.0,2024-02-23,emergencial
2024-02-19,ING0243,2.8262131836386426,2024-02-24,emergencial
2024-02-20,ING0018,89.0,2024-02-23,emergencial
2024-02-20,ING0024,12.0,2024-02-25,emergencial
2024-02-20,ING0026,7.5,2024-02-24,emergencial
2024-02-20,ING0049,27.5,2024-02-22,emergencial
2024-02-20,ING0056,22.5,2024-02-25,emergencial
2024-02-20,ING0057,473.0,2024-02-22,emergencial
2024-02-20,ING0078,10.0,2024-02-23,emergencial
2024-02-20,ING0079,15.0,2024-02-22,emergencial
2024-02-20,ING0096,4.5,2024-02-22,emergencial
2024-02-20,ING0104,2.5,2024-02-23,emergencial
2024-02-20,ING0122,69.0,2024-02-24,emergencial
2024-02-20,ING0154,80.5,2024-02-23,emergencial
2024-02-20,ING0165,6.5,2024-02-23,emergencial
2024-02-20,ING0167,88.0,2024-02-23,emergencial
2024-02-20,ING0171,81.5,2024-02-23,emergencial
2024-02-20,ING0192,126.49665482871514,2024-02-24,emergencial
2024-02-20,ING0194,1.0,2024-02-23,emergencial
2024-02-20,ING0206,221.44761149687562,2024-02-23,emergencial
2024-02-20,ING0211,202.0,2024-02-23,emergencial
2024-02-20,ING0214,416.0,2024-02-28,emergencial
2024-02-20,ING0228,1.0,2024-02-26,emergencial
2024-02-20,ING0231,1.5,2024-02-24,emergencial
2024-02-20,ING0240,10.0,2024-02-24,emergencial
2024-02-20,ING0243,4.0,2024-02-24,emergencial
2024-02-21,ING0008,38.5,2024-02-24,emergencial
2024-02-21,ING0018,111.5,2024-02-24,emergencial
2024-02-21,ING0019,950.0,2024-02-24,emergencial
2024-02-21,ING0024,14.0,2024-02-24,emergencial
2024-02-21,ING0026,8.0,2024-02-25,emergencial
2024-02-21,ING0045,78.5,2024-02-22,emergencial
2024-02-21,ING0049,33.5,2024-02-23,emergencial
2024-02-21,ING0056,29.5,2024-02-23,emergencial
2024-02-21,ING0057,559.0,2024-02-23,emergencial
2024-02-21,ING0069,26.0,2024-02-25,emergencial
2024-02-21,ING0070,54.5,2024-02-25,emergencial
2024-02-21,ING0078,13.0,2024-02-23,emergencial
2024-02-21,ING0079,16.5,2024-02-23,emergencial
2024-02-21,ING0084,78.0,2024-02-23,emergencial
2024-02-21,ING0090,6.0,2024-02-24,emergencial
2024-02-21,ING0096,5.0,2024-02-25,emergencial
2024-02-21,ING0104,3.5,2024-02-22,emergencial
2024-02-21,ING0122,194.91288912117633,2024-02-25,emergencial
2024-02-21,ING0129,3.5,2024-02-25,emergencial
2024-02-21,ING0154,84.0,2024-02-24,emergencial
2024-02-21,ING0161,12.5,2024-02-24,emergencial
2024-02-21,ING0165,8.5,2024-02-24,emergencial
2024-02-21,ING0167,120.5,2024-02-24,emergencial
2024-02-21,ING0171,71.5,2024-02-24,emergencial
2024-02-21,ING0192,172.65083969865174,2024-02-24,emergencial
2024-02-21,ING0194,1.5,2024-02-24,emergencial
2024-02-21,ING0206,215.5,2024-02-25,emergencial
2024-02-21,ING0211,235.0,2024-02-24,emergencial
2024-02-21,ING0214,491.0,2024-02-24,emergencial
2024-02-21,ING0228,1.5,2024-02-27,emergencial
2024-02-21,ING0231,2.0,2024-02-27,emergencial
2024-02-21,ING0240,9.0,2024-02-25,emergencial
2024-02-21,ING0243,3.5,2024-02-25,emergencial
2024-02-22,ING0019,751.0,2024-02-25,emergencial
2024-02-22,ING0026,5.5,2024-02-26,emergencial
2024-02-22,ING0029,12.0,2024-02-26,emergencial
2024-02-22,ING0056,24.5,2024-02-25,emergencial
2024-02-22,ING0069,24.0,2024-02-26,emergencial
2024-02-22,ING0070,45.0,2024-02-26,emergencial
2024-02-22,ING0078,10.0,2024-02-27,emergencial
2024-02-22,ING0084,58.0,2024-02-24,emergencial
2024-02-22,ING0090,4.0,2024-02-25,emergencial
2024-02-22,ING0100,2.0,2024-02-23,emergencial
2024-02-22,ING0122,143.78819689267107,2024-02-26,emergencial
2024-02-22,ING0124,9.604405932020818,2024-02-26,emergencial
2024-02-22,ING0128,8.0,2024-02-26,emergencial
2024-02-22,ING0129,4.0,2024-02-26,emergencial
2024-02-22,ING0142,17.5,2024-02-26,emergencial
2024-02-22,ING0163,1903.0,2024-02-23,emergencial
2024-02-22,ING0164,34.62547660836701,2024-02-25,emergencial
2024-02-22,ING0167,115.5,2024-02-25,emergencial
2024-02-22,ING0172,9.0,2024-02-25,emergencial
2024-02-22,ING0194,1.0,2024-02-25,emergencial
2024-02-22,ING0206,172.0,2024-02-27,emergencial
2024-02-22,ING0211,203.55045544649124,2024-02-25,emergencial
2024-02-22,ING0214,420.0,2024-02-26,emergencial
2024-02-22,ING0217,31.0,2024-02-25,emergencial
2024-02-22,ING0222,4.0,2024-02-26,emergencial
2024-02-22,ING0231,2.0,2024-03-03,emergencial
2024-02-22,ING0240,6.5,2024-02-26,emergencial
2024-02-22,ING0243,2.5,2024-02-26,emergencial
2024-02-23,ING0001,1.9548983918558076,2024-02-26,sexta
2024-02-23,ING0002,0.5,2024-02-26,sexta
2024-02-23,ING0010,357.0,2024-02-28,sexta
2024-02-23,ING0011,0.5,2024-02-26,sexta
2024-02-23,ING0019,710.0,2024-02-26,sexta
2024-02-23,ING0023,114.0,2024-02-26,sexta
2024-02-23,ING0024,2.5,2024-02-26,sexta
2024-02-23,ING0026,6.0,2024-02-29,sexta
2024-02-23,ING0029,11.0,2024-02-27,sexta
2024-02-23,ING0034,2.5,2024-02-24,sexta
2024-02-23,ING0036,1.0,2024-02-25,sexta
2024-02-23,ING0040,9.0,2024-02-25,sexta
2024-02-23,ING0043,12.5,2024-02-25,sexta
2024-02-23,ING0044,0.5,2024-02-25,sexta
2024-02-23,ING0046,0.5,2024-02-25,sexta
2024-02-23,ING0054,0.5,2024-03-03,sexta
2024-02-23,ING0061,2.0,2024-02-27,sexta
2024-02-23,ING0066,138.0,2024-02-27,sexta
2024-02-23,ING0067,0.5,2024-02-27,sexta
2024-02-23,ING0069,23.5,2024-02-27,sexta
2024-02-23,ING0070,43.0,2024-02-27,sexta
2024-02-23,ING0071,140.84247410637727,2024-02-28,sexta
2024-02-23,ING0081,10.0,2024-02-25,sexta
2024-02-23,ING0083,0.5,2024-02-25,sexta
2024-02-23,ING0090,3.5,2024-02-25,sexta
2024-02-23,ING0091,12.0,2024-02-25,sexta
2024-02-23,ING0092,73.68983848389672,2024-02-25,sexta
2024-02-23,ING0093,1.5,2024-02-25,sexta
2024-02-23,ING0096,2.0,2024-02-25,sexta
2024-02-23,ING0100,2.0,2024-02-24,sexta
2024-02-23,ING0101,0.5,2024-02-27,sexta
2024-02-23,ING0105,1.0,2024-02-24,sexta
2024-02-23,ING0106,2.5,2024-02-24,sexta
2024-02-23,ING0113,0.5,2024-02-24,sexta
2024-02-23,ING0114,0.5,2024-02-26,sexta
2024-02-23,ING0116,1.5,2024-02-25,sexta
2024-02-23,ING0121,6.5,2024-02-27,sexta
2024-02-23,ING0122,116.09565526889739,2024-02-28,sexta
2024-02-23,ING0124,7.683524745616655,2024-02-27,sexta
2024-02-23,ING0127,1.0,2024-02-27,sexta
2024-02-23,ING0128,7.5,2024-02-28,sexta
2024-02-23,ING0129,3.5,2024-02-27,sexta
2024-02-23,ING0135,0.5,2024-02-27,sexta
2024-02-23,ING0138,0.5,2024-02-27,sexta
2024-02-23,ING0142,16.0,2024-02-27,sexta
2024-02-23,ING0143,3.5,2024-02-27,sexta
2024-02-23,ING0149,0.5357739882704253,2024-02-27,sexta
2024-02-23,ING0150,0.5,2024-02-26,sexta
2024-02-23,ING0151,1.0,2024-02-26,sexta
2024-02-23,ING0164,34.62547660836701,2024-02-26,sexta
2024-02-23,ING0166,5.976952900797742,2024-02-26,sexta
2024-02-23,ING0172,9.5,2024-02-26,sexta
2024-02-23,ING0181,3.0,2024-02-26,sexta
2024-02-23,ING0192,75.21422719545225,2024-02-26,sexta
2024-02-23,ING0199,1.7287107451466779,2024-02-27,sexta
2024-02-23,ING0202,11.0,2024-02-29,sexta
2024-02-23,ING0214,353.0,2024-02-26,sexta
2024-02-23,ING0217,30.0,2024-02-26,sexta
2024-02-23,ING0218,58.0,2024-02-26,sexta
2024-02-23,ING0222,3.5,2024-02-27,sexta
2024-02-23,ING0227,0.49783044328341397,2024-02-27,sexta
2024-02-23,ING0228,1.5,2024-02-29,sexta
2024-02-23,ING0229,0.5,2024-03-06,sexta
2024-02-23,ING0233,0.5,2024-02-27,sexta
2024-02-23,ING0234,1.0192224180176872,2024-02-27,sexta
2024-02-23,ING0236,36.0,2024-02-27,sexta
2024-02-23,ING0238,0.5,2024-02-27,sexta
2024-02-23,ING0240,1.5,2024-02-27,sexta
2024-02-23,ING0243,2.0,2024-02-28,sexta
2024-02-26,ING0002,4.5,2024-02-29,emergencial
2024-02-26,ING0003,2.0,2024-02-29,emergencial
2024-02-26,ING0007,1.5,2024-02-29,emergencial
2024-02-26,ING0010,307.0,2024-02-29,emergencial
2024-02-26,ING0034,2.0,2024-02-27,emergencial
2024-02-26,ING0035,3.0,2024-02-29,emergencial
2024-02-26,ING0061,3.5,2024-03-01,emergencial
2024-02-26,ING0066,149.5,2024-03-01,emergencial
2024-02-26,ING0071,108.894266342947,2024-03-01,emergencial
2024-02-26,ING0083,1.5,2024-02-28,emergencial
2024-02-26,ING0093,4.0,2024-02-28,emergencial
2024-02-26,ING0094,3.8963388957286584,2024-03-02,emergencial
2024-02-26,ING0100,2.0,2024-02-27,emergencial
2024-02-26,ING0106,1.5,2024-02-27,emergencial
2024-02-26,ING0121,4.5,2024-03-02,emergencial
2024-02-26,ING0202,28.0,2024-03-03,emergencial
2024-02-26,ING0234,1.0,2024-03-01,emergencial
2024-02-26,ING0236,143.0,2024-03-01,emergencial
2024-02-27,ING0002,4.5,2024-03-01,emergencial
2024-02-27,ING0003,2.0,2024-03-01,emergencial
2024-02-27,ING0007,1.5,2024-03-01,emergencial
2024-02-27,ING0010,310.0,2024-03-01,emergencial
2024-02-27,ING0035,3.0,2024-02-29,emergencial
2024-02-27,ING0071,113.14104419486237,2024-03-02,emergencial
2024-02-27,ING0083,1.5,2024-03-01,emergencial
2024-02-27,ING0093,4.0,2024-02-29,emergencial
2024-02-27,ING0094,4.0,2024-03-03,emergencial
2024-02-27,ING0152,2.0,2024-03-01,emergencial
2024-02-27,ING0202,28.0,2024-03-04,emergencial
2024-02-28,ING0002,5.0,2024-03-02,emergencial
2024-02-28,ING0003,2.5,2024-03-02,emergencial
2024-02-28,ING0035,3.0,2024-03-01,emergencial
2024-02-28,ING0088,47.5,2024-03-01,emergencial
2024-02-28,ING0094,4.0,2024-03-01,emergencial
2024-02-28,ING0152,2.0,2024-03-02,emergencial
2024-02-28,ING0202,29.0,2024-03-05,emergencial
2024-02-29,ING0088,61.0,2024-03-03,emergencial
2024-02-29,ING0094,4.5,2024-03-02,emergencial
2024-02-29,ING0098,1.5,2024-03-01,emergencial
2024-02-29,ING0152,2.5,2024-03-06,emergencial
2024-03-01,ING0002,1.0,2024-03-04,sexta
2024-03-01,ING0003,0.5,2024-03-04,sexta
2024-03-01,ING0004,13.5,2024-03-05,sexta
2024-03-01,ING0015,189.0,2024-03-04,sexta
2024-03-01,ING0023,321.0,2024-03-09,sexta
2024-03-01,ING0036,1.0,2024-03-02,sexta
2024-03-01,ING0039,0.5,2024-03-02,sexta
2024-03-01,ING0042,0.5,2024-03-02,sexta
2024-03-01,ING0043,20.0,2024-03-02,sexta
2024-03-01,ING0045,23.75097415234677,2024-03-02,sexta
2024-03-01,ING0047,0.5,2024-03-02,sexta
2024-03-01,ING0049,1.5,2024-03-03,sexta
2024-03-01,ING0054,0.5,2024-03-03,sexta
2024-03-01,ING0055,0.5,2024-03-03,sexta
2024-03-01,ING0061,2.0,2024-03-05,sexta
2024-03-01,ING0068,0.5,2024-03-05,sexta
2024-03-01,ING0081,12.5,2024-03-03,sexta
2024-03-01,ING0083,0.5,2024-03-03,sexta
2024-03-01,ING0085,0.5,2024-03-03,sexta
2024-03-01,ING0087,0.5,2024-03-03,sexta
2024-03-01,ING0093,0.5,2024-03-03,sexta
2024-03-01,ING0095,17.0,2024-03-04,sexta
2024-03-01,ING0097,0.5,2024-03-03,sexta
2024-03-01,ING0098,0.5,2024-03-02,sexta
2024-03-01,ING0100,1.0,2024-03-04,sexta
2024-03-01,ING0101,0.5,2024-03-02,sexta
2024-03-01,ING0103,0.5,2024-03-02,sexta
2024-03-01,ING0105,1.0,2024-03-02,sexta
2024-03-01,ING0106,1.5,2024-03-02,sexta
2024-03-01,ING0109,0.5,2024-03-02,sexta
2024-03-01,ING0112,0.5,2024-03-02,sexta
2024-03-01,ING0116,1.5,2024-03-02,sexta
2024-03-01,ING0121,1.7886129478921093,2024-03-05,sexta
2024-03-01,ING0131,3.0,2024-03-05,sexta
2024-03-01,ING0136,0.5,2024-03-10,sexta
2024-03-01,ING0137,0.5,2024-03-05,sexta
2024-03-01,ING0139,6.485602649870694,2024-03-05,sexta
2024-03-01,ING0143,5.0,2024-03-05,sexta
2024-03-01,ING0147,0.5,2024-03-06,sexta
2024-03-01,ING0148,0.5,2024-03-05,sexta
2024-03-01,ING0152,1.5,2024-03-04,sexta
2024-03-01,ING0159,96.0,2024-03-02,sexta
2024-03-01,ING0163,1339.0,2024-03-04,sexta
2024-03-01,ING0181,2.5,2024-03-04,sexta
2024-03-01,ING0202,23.0,2024-03-07,sexta
2024-03-01,ING0207,1.0,2024-03-04,sexta
2024-03-01,ING0218,72.5,2024-03-04,sexta
2024-03-01,ING0220,7.5,2024-03-04,sexta
2024-03-01,ING0222,0.5,2024-03-05,sexta
2024-03-01,ING0225,0.5,2024-03-05,sexta
2024-03-01,ING0233,0.5,2024-03-05,sexta
2024-03-01,ING0237,0.5,2024-03-05,sexta
2024-03-01,ING0238,8.5,2024-03-05,sexta
2024-03-01,ING0239,0.5,2024-03-05,sexta
2024-03-04,ING0023,412.0,2024-03-12,emergencial
2024-03-04,ING0086,86.0,2024-03-06,emergencial
2024-03-04,ING0131,3.4045136632236654,2024-03-08,emergencial
2024-03-04,ING0143,5.5,2024-03-08,emergencial
2024-03-04,ING0238,8.0,2024-03-08,emergencial
2024-03-05,ING0023,468.2566382122578,2024-03-13,emergencial
2024-03-05,ING0086,80.0,2024-03-07,emergencial
2024-03-06,ING0023,419.0,2024-03-09,emergencial
2024-03-07,ING0023,341.0,2024-03-11,emergencial
2024-03-07,ING0131,2.0,2024-03-12,emergencial
2024-03-07,ING0227,1.5,2024-03-12,emergencial
2024-03-08,ING0002,1.0,2024-03-11,sexta
2024-03-08,ING0012,3.5,2024-03-19,sexta
2024-03-08,ING0015,164.0,2024-03-11,sexta
2024-03-08,ING0016,0.5,2024-03-11,sexta
2024-03-08,ING0018,0.5,2024-03-11,sexta
2024-03-08,ING0023,337.0,2024-03-11,sexta
2024-03-08,ING0027,1.5,2024-03-12,sexta
2024-03-08,ING0034,3.5,2024-03-09,sexta
2024-03-08,ING0036,1.0,2024-03-11,sexta
2024-03-08,ING0039,0.5,2024-03-09,sexta
2024-03-08,ING0041,0.5,2024-03-09,sexta
2024-03-08,ING0042,1.0863596745015967,2024-03-09,sexta
2024-03-08,ING0043,15.0,2024-03-09,sexta
2024-03-08,ING0044,0.5,2024-03-09,sexta
2024-03-08,ING0049,4.5,2024-03-10,sexta
2024-03-08,ING0050,0.5,2024-03-10,sexta
2024-03-08,ING0051,0.5,2024-03-10,sexta
2024-03-08,ING0061,4.0,2024-03-12,sexta
2024-03-08,ING0067,0.5,2024-03-12,sexta
2024-03-08,ING0068,0.5,2024-03-12,sexta
2024-03-08,ING0072,0.5,2024-03-12,sexta
2024-03-08,ING0081,10.5,2024-03-10,sexta
2024-03-08,ING0084,5.0,2024-03-10,sexta
2024-03-08,ING0085,0.5,2024-03-10,sexta
2024-03-08,ING0087,0.5,2024-03-10,sexta
2024-03-08,ING0091,5.0,2024-03-10,sexta
2024-03-08,ING0093,0.5,2024-03-10,sexta
2024-03-08,ING0096,2.0,2024-03-10,sexta
2024-03-08,ING0097,0.5,2024-03-10,sexta
2024-03-08,ING0098,0.5,2024-03-09,sexta
2024-03-08,ING0100,0.5,2024-03-09,sexta
2024-03-08,ING0101,0.5,2024-03-09,sexta
2024-03-08,ING0103,0.5,2024-03-10,sexta
2024-03-08,ING0104,1.0,2024-03-09,sexta
2024-03-08,ING0105,1.0,2024-03-09,sexta
2024-03-08,ING0106,6.016235193989524,2024-03-09,sexta
2024-03-08,ING0135,0.5,2024-03-12,sexta
2024-03-08,ING0150,0.5,2024-03-11,sexta
2024-03-08,ING0157,5.5,2024-03-11,sexta
2024-03-08,ING0159,74.0,2024-03-09,sexta
2024-03-08,ING0161,3.0,2024-03-11,sexta
2024-03-08,ING0168,1.5,2024-03-11,sexta
2024-03-08,ING0181,1.5,2024-03-16,sexta
2024-03-08,ING0189,1.5,2024-03-11,sexta
2024-03-08,ING0199,0.5,2024-03-12,sexta
2024-03-08,ING0207,0.5,2024-03-11,sexta
2024-03-08,ING0218,29.0,2024-03-11,sexta
2024-03-08,ING0227,1.5,2024-03-12,sexta
2024-03-08,ING0238,0.5,2024-03-12,sexta
2024-03-08,ING0241,0.5,2024-03-12,sexta
2024-03-08,ING0242,46.5,2024-03-12,sexta
2024-03-11,ING0061,5.0,2024-03-16,emergencial
2024-03-11,ING0104,2.5,2024-03-12,emergencial
2024-03-11,ING0227,1.5,2024-03-15,emergencial
2024-03-11,ING0242,46.5,2024-03-15,emergencial
2024-03-12,ING0002,6.0,2024-03-18,emergencial
2024-03-12,ING0236,135.5,2024-03-16,emergencial
2024-03-13,ING0002,6.5,2024-03-16,emergencial
2024-03-13,ING0157,8.5,2024-03-16,emergencial
2024-03-13,ING0236,150.5,2024-03-17,emergencial
2024-03-14,ING0002,7.0,2024-03-17,emergencial
2024-03-14,ING0157,10.0,2024-03-17,emergencial
2024-03-14,ING0236,138.5,2024-03-18,emergencial
2024-03-15,ING0002,8.0,2024-03-18,sexta
2024-03-15,ING0004,21.5,2024-03-18,sexta
2024-03-15,ING0005,0.5,2024-03-18,sexta
2024-03-15,ING0011,0.5,2024-03-18,sexta
2024-03-15,ING0012,11.5,2024-03-18,sexta
2024-03-15,ING0015,608.6845062321056,2024-03-18,sexta
2024-03-15,ING0017,1.5,2024-03-18,sexta
2024-03-15,ING0018,44.0,2024-03-18,sexta
2024-03-15,ING0025,11.0,2024-03-18,sexta
2024-03-15,ING0027,1.5,2024-03-19,sexta
2024-03-15,ING0036,0.5,2024-03-16,sexta
2024-03-15,ING0039,0.5,2024-03-18,sexta
2024-03-15,ING0040,5.5,2024-03-16,sexta
2024-03-15,ING0043,16.5,2024-03-16,sexta
2024-03-15,ING0049,11.0,2024-03-17,sexta
2024-03-15,ING0057,132.0,2024-03-17,sexta
2024-03-15,ING0061,4.0,2024-03-19,sexta
2024-03-15,ING0064,0.5,2024-03-19,sexta
2024-03-15,ING0066,85.5,2024-03-19,sexta
2024-03-15,ING0067,0.5,2024-03-19,sexta
2024-03-15,ING0073,0.5,2024-03-19,sexta
2024-03-15,ING0081,17.5,2024-03-17,sexta
2024-03-15,ING0083,0.5,2024-03-17,sexta
2024-03-15,ING0087,2.0,2024-03-17,sexta
2024-03-15,ING0089,5.0,2024-03-17,sexta
2024-03-15,ING0093,1.5,2024-03-17,sexta
2024-03-15,ING0096,3.5,2024-03-17,sexta
2024-03-15,ING0098,0.5,2024-03-16,sexta
2024-03-15,ING0105,1.0,2024-03-16,sexta
2024-03-15,ING0107,1.0,2024-03-16,sexta
2024-03-15,ING0114,0.5,2024-03-16,sexta
2024-03-15,ING0128,0.5,2024-03-20,sexta
2024-03-15,ING0133,0.5,2024-03-19,sexta
2024-03-15,ING0139,9.5,2024-03-19,sexta
2024-03-15,ING0145,0.5,2024-03-19,sexta
2024-03-15,ING0148,0.5,2024-03-19,sexta
2024-03-15,ING0150,0.5,2024-03-18,sexta
2024-03-15,ING0151,1.0,2024-03-18,sexta
2024-03-15,ING0156,0.5,2024-03-18,sexta
2024-03-15,ING0157,11.5,2024-03-18,sexta
2024-03-15,ING0159,151.0,2024-03-17,sexta
2024-03-15,ING0161,5.5,2024-03-18,sexta
2024-03-15,ING0174,23.0,2024-03-18,sexta
2024-03-15,ING0178,1.0,2024-03-18,sexta
2024-03-15,ING0181,4.0,2024-03-18,sexta
2024-03-15,ING0189,7.634824678084142,2024-03-18,sexta
2024-03-15,ING0207,3.0,2024-03-18,sexta
2024-03-15,ING0218,32.5,2024-03-18,sexta
2024-03-15,ING0231,1.0,2024-03-20,sexta
2024-03-15,ING0236,147.5,2024-03-19,sexta
2024-03-15,ING0238,0.5,2024-03-19,sexta
2024-03-15,ING0241,0.5,2024-03-29,sexta
2024-03-15,ING0244,0.5559363684940134,2024-03-19,sexta
2024-03-18,ING0066,173.5,2024-03-22,emergencial
2024-03-18,ING0139,17.5,2024-03-22,emergencial
2024-03-18,ING0207,2.3864837575512228,2024-03-21,emergencial
2024-03-18,ING0231,1.0,2024-03-22,emergencial
2024-03-19,ING0128,9.5,2024-03-23,emergencial
2024-03-19,ING0207,2.5,2024-03-22,emergencial
2024-03-19,ING0231,1.5,2024-03-23,emergencial
2024-03-20,ING0128,10.5,2024-03-24,emergencial
2024-03-20,ING0207,2.5,2024-03-23,emergencial
2024-03-21,ING0128,12.0,2024-03-25,emergencial
2024-03-21,ING0220,8.0,2024-03-24,emergencial
2024-03-22,ING0008,18.0,2024-03-25,sexta
2024-03-22,ING0018,153.5,2024-03-25,sexta
2024-03-22,ING0019,732.0,2024-03-25,sexta
2024-03-22,ING0025,20.0,2024-03-25,sexta
2024-03-22,ING0027,1.5,2024-03-26,sexta
2024-03-22,ING0034,5.5,2024-03-23,sexta
2024-03-22,ING0036,0.5,2024-03-25,sexta
2024-03-22,ING0043,35.0,2024-03-23,sexta
2024-03-22,ING0045,46.0,2024-03-23,sexta
2024-03-22,ING0049,28.5,2024-03-24,sexta
2024-03-22,ING0052,61.0,2024-03-25,sexta
2024-03-22,ING0053,0.5,2024-03-25,sexta
2024-03-22,ING0055,0.5,2024-03-24,sexta
2024-03-22,ING0057,410.0,2024-03-24,sexta
2024-03-22,ING0072,0.5,2024-03-26,sexta
2024-03-22,ING0078,3.5,2024-03-26,sexta
2024-03-22,ING0079,5.5,2024-03-24,sexta
2024-03-22,ING0081,31.5,2024-03-24,sexta
2024-03-22,ING0083,2.0,2024-03-24,sexta
2024-03-22,ING0085,0.5,2024-03-24,sexta
2024-03-22,ING0087,3.0,2024-03-24,sexta
2024-03-22,ING0091,11.5,2024-03-24,sexta
2024-03-22,ING0096,4.5,2024-03-24,sexta
2024-03-22,ING0097,0.5,2024-03-24,sexta
2024-03-22,ING0098,0.5,2024-03-23,sexta
2024-03-22,ING0101,0.5,2024-03-23,sexta
2024-03-22,ING0102,1.5,2024-03-23,sexta
2024-03-22,ING0103,0.5,2024-03-23,sexta
2024-03-22,ING0104,3.5,2024-03-23,sexta
2024-03-22,ING0105,2.0,2024-03-23,sexta
2024-03-22,ING0107,1.5,2024-03-23,sexta
2024-03-22,ING0113,0.5,2024-03-24,sexta
2024-03-22,ING0128,13.5,2024-03-29,sexta
2024-03-22,ING0134,0.5,2024-03-26,sexta
2024-03-22,ING0137,0.5,2024-03-26,sexta
2024-03-22,ING0138,0.5,2024-04-05,sexta
2024-03-22,ING0149,0.5,2024-03-26,sexta
2024-03-22,ING0157,9.5,2024-03-26,sexta
2024-03-22,ING0161,4.5,2024-03-29,sexta
2024-03-22,ING0167,39.0,2024-03-27,sexta
2024-03-22,ING0178,553.6614033151068,2024-03-25,sexta
2024-03-22,ING0217,19.0,2024-03-25,sexta
2024-03-22,ING0218,95.5,2024-03-25,sexta
2024-03-22,ING0220,9.5,2024-03-27,sexta
2024-03-22,ING0222,3.5,2024-03-26,sexta
2024-03-22,ING0225,0.5,2024-03-27,sexta
2024-03-22,ING0230,68.0,2024-03-26,sexta
2024-03-22,ING0234,1.0,2024-03-26,sexta
2024-03-22,ING0237,0.5,2024-03-26,sexta
2024-03-22,ING0238,24.67948124409135,2024-03-26,sexta
2024-03-22,ING0239,0.5,2024-03-30,sexta
2024-03-22,ING0241,0.5,2024-03-26,sexta
2024-03-22,ING0244,0.5,2024-03-26,sexta
2024-03-25,ING0012,19.5,2024-03-28,emergencial
2024-03-25,ING0086,187.0,2024-03-28,emergencial
2024-03-25,ING0098,1.5,2024-03-26,emergencial
2024-03-25,ING0131,6.5,2024-03-31,emergencial
2024-03-25,ING0143,16.5,2024-03-29,emergencial
2024-03-25,ING0157,23.0,2024-03-28,emergencial
2024-03-25,ING0161,6.5,2024-03-28,emergencial
2024-03-25,ING0222,5.5,2024-03-29,emergencial
2024-03-25,ING0230,97.0,2024-03-29,emergencial
2024-03-25,ING0234,1.5,2024-03-29,emergencial
2024-03-25,ING0238,24.0,2024-03-29,emergencial
2024-03-26,ING0012,20.0,2024-03-29,emergencial
2024-03-26,ING0024,10.0,2024-03-29,emergencial
2024-03-26,ING0086,185.5,2024-03-28,emergencial
2024-03-26,ING0088,93.0,2024-03-28,emergencial
2024-03-26,ING0131,5.5,2024-03-30,emergencial
2024-03-26,ING0143,15.0,2024-03-30,emergencial
2024-03-26,ING0161,6.0,2024-03-29,emergencial
2024-03-26,ING0167,134.0,2024-03-29,emergencial
2024-03-26,ING0191,66.5,2024-03-30,emergencial
2024-03-27,ING0012,19.0,2024-03-30,emergencial
2024-03-27,ING0024,13.5,2024-03-30,emergencial
2024-03-27,ING0079,20.5,2024-03-29,emergencial
2024-03-27,ING0086,184.5,2024-03-29,emergencial
2024-03-27,ING0088,100.5,2024-03-29,emergencial
2024-03-27,ING0107,3.0,2024-03-28,emergencial
2024-03-27,ING0131,5.0,2024-03-31,emergencial
2024-03-27,ING0143,15.5,2024-03-31,emergencial
2024-03-27,ING0159,2362.5700469524118,2024-03-29,emergencial
2024-03-27,ING0161,6.0,2024-03-30,emergencial
2024-03-27,ING0191,66.5,2024-03-30,emergencial
2024-03-28,ING0024,12.0,2024-04-02,emergencial
2024-03-28,ING0035,2.5,2024-03-29,emergencial
2024-03-28,ING0040,10.5,2024-03-29,emergencial
2024-03-28,ING0070,45.5,2024-04-01,emergencial
2024-03-28,ING0079,29.5,2024-03-30,emergencial
2024-03-28,ING0115,3.5,2024-03-29,emergencial
2024-03-28,ING0131,4.5,2024-04-01,emergencial
2024-03-28,ING0143,11.0,2024-04-01,emergencial
2024-03-28,ING0152,2.5,2024-03-31,emergencial
2024-03-28,ING0159,2463.6010029076137,2024-03-29,emergencial
2024-03-28,ING0165,4.5,2024-03-31,emergencial
2024-03-28,ING0167,90.5,2024-03-31,emergencial
2024-03-28,ING0172,17.0,2024-03-31,emergencial
2024-03-28,ING0181,5.0,2024-04-03,emergencial
2024-03-28,ING0191,50.0,2024-03-31,emergencial
2024-03-29,ING0003,20.86105371482235,2024-04-01,sexta
2024-03-29,ING0004,92.92499997291485,2024-04-01,sexta
2024-03-29,ING0008,12.5,2024-04-04,sexta
2024-03-29,ING0016,0.5,2024-04-01,sexta
2024-03-29,ING0018,52.0,2024-04-01,sexta
2024-03-29,ING0019,263.0,2024-04-01,sexta
2024-03-29,ING0024,1.5,2024-04-01,sexta
2024-03-29,ING0025,17.5,2024-04-01,sexta
2024-03-29,ING0027,18.48416753148157,2024-04-02,sexta
2024-03-29,ING0035,1.5,2024-03-30,sexta
2024-03-29,ING0036,1.5,2024-03-30,sexta
2024-03-29,ING0039,0.5,2024-03-31,sexta
2024-03-29,ING0041,0.5397360520258944,2024-03-30,sexta
2024-03-29,ING0042,0.5,2024-03-31,sexta
2024-03-29,ING0043,24.0,2024-04-02,sexta
2024-03-29,ING0045,55.0,2024-03-30,sexta
2024-03-29,ING0046,0.5,2024-03-30,sexta
2024-03-29,ING0052,25.0,2024-03-31,sexta
2024-03-29,ING0057,157.0,2024-03-31,sexta
2024-03-29,ING0061,14.854024618581494,2024-04-02,sexta
2024-03-29,ING0063,17.0,2024-04-02,sexta
2024-03-29,ING0066,171.5,2024-04-02,sexta
2024-03-29,ING0068,0.5,2024-04-02,sexta
2024-03-29,ING0069,7.0,2024-04-02,sexta
2024-03-29,ING0070,36.5,2024-04-02,sexta
2024-03-29,ING0078,5.5,2024-04-01,sexta
2024-03-29,ING0081,12.0,2024-04-01,sexta
2024-03-29,ING0083,1.5,2024-03-31,sexta
2024-03-29,ING0084,9.5,2024-04-02,sexta
2024-03-29,ING0085,0.5,2024-03-31,sexta
2024-03-29,ING0089,18.5,2024-03-31,sexta
2024-03-29,ING0090,5.0,2024-03-31,sexta
2024-03-29,ING0093,7.012436786137691,2024-03-31,sexta
2024-03-29,ING0094,2.0,2024-03-31,sexta
2024-03-29,ING0096,2.5,2024-03-31,sexta
2024-03-29,ING0097,0.5,2024-03-31,sexta
2024-03-29,ING0098,1.5,2024-03-30,sexta
2024-03-29,ING0102,1.5,2024-03-30,sexta
2024-03-29,ING0103,0.5,2024-03-31,sexta
2024-03-29,ING0107,1.0,2024-03-30,sexta
2024-03-29,ING0112,0.5,2024-03-30,sexta
2024-03-29,ING0115,2.0,2024-03-30,sexta
2024-03-29,ING0129,3.7961236451165448,2024-04-03,sexta
2024-03-29,ING0131,3.0,2024-04-02,sexta
2024-03-29,ING0132,5.0,2024-04-10,sexta
2024-03-29,ING0136,0.5,2024-04-02,sexta
2024-03-29,ING0138,0.5,2024-04-02,sexta
2024-03-29,ING0146,1.0,2024-04-02,sexta
2024-03-29,ING0150,1.0,2024-04-01,sexta
2024-03-29,ING0151,1.0,2024-04-01,sexta
2024-03-29,ING0152,2.0,2024-04-01,sexta
2024-03-29,ING0157,2.0,2024-04-01,sexta
2024-03-29,ING0160,4.0,2024-04-01,sexta
2024-03-29,ING0165,3.5,2024-04-01,sexta
2024-03-29,ING0167,19.5,2024-04-01,sexta
2024-03-29,ING0172,11.5,2024-04-01,sexta
2024-03-29,ING0181,3.5,2024-04-01,sexta
2024-03-29,ING0188,14.0,2024-04-01,sexta
2024-03-29,ING0191,41.0,2024-04-01,sexta
2024-03-29,ING0202,28.5,2024-04-06,sexta
2024-03-29,ING0206,65.0,2024-04-01,sexta
2024-03-29,ING0207,2.0,2024-04-01,sexta
2024-03-29,ING0217,15.0,2024-04-01,sexta
2024-03-29,ING0218,56.5,2024-04-01,sexta
2024-03-29,ING0221,16.5,2024-04-03,sexta
2024-03-29,ING0222,0.5,2024-04-02,sexta
2024-03-29,ING0227,0.5,2024-04-02,sexta
2024-03-29,ING0233,0.5,2024-04-02,sexta
2024-03-29,ING0239,0.5,2024-04-02,sexta
2024-03-29,ING0242,65.0,2024-04-02,sexta
2024-03-29,ING0244,1.0,2024-04-02,sexta
2024-04-01,ING0008,15.5,2024-04-04,emergencial
2024-04-01,ING0018,45.5,2024-04-04,emergencial
2024-04-01,ING0028,11.5,2024-04-05,emergencial
2024-04-01,ING0043,26.0,2024-04-02,emergencial
2024-04-01,ING0066,145.0,2024-04-05,emergencial
2024-04-01,ING0069,10.5,2024-04-05,emergencial
2024-04-01,ING0087,1.5,2024-04-04,emergencial
2024-04-01,ING0098,1.5,2024-04-02,emergencial
2024-04-01,ING0104,1.0,2024-04-04,emergencial
2024-04-01,ING0132,5.5,2024-04-13,emergencial
2024-04-01,ING0202,34.0,2024-04-09,emergencial
2024-04-01,ING0221,17.5,2024-04-05,emergencial
2024-04-01,ING0242,60.5,2024-04-07,emergencial
2024-04-02,ING0008,14.5,2024-04-05,emergencial
2024-04-02,ING0028,11.0,2024-04-06,emergencial
2024-04-02,ING0087,1.5,2024-04-04,emergencial
2024-04-02,ING0104,1.0,2024-04-05,emergencial
2024-04-02,ING0132,5.5,2024-04-14,emergencial
2024-04-02,ING0202,32.0,2024-04-10,emergencial
2024-04-02,ING0221,16.5,2024-04-06,emergencial
2024-04-03,ING0008,14.5,2024-04-06,emergencial
2024-04-03,ING0028,43.33850142709579,2024-04-07,emergencial
2024-04-03,ING0087,1.6453193884942394,2024-04-05,emergencial
2024-04-03,ING0104,1.5,2024-04-06,emergencial
2024-04-03,ING0132,6.0,2024-04-15,emergencial
2024-04-03,ING0202,31.5,2024-04-06,emergencial
2024-04-04,ING0028,43.33850142709579,2024-04-08,emergencial
2024-04-04,ING0132,6.0,2024-04-17,emergencial
2024-04-04,ING0202,31.5,2024-04-07,emergencial
2024-04-05,ING0004,19.5,2024-04-08,sexta
2024-04-05,ING0011,0.5,2024-04-08,sexta
2024-04-05,ING0015,99.0,2024-04-11,sexta
2024-04-05,ING0018,27.0,2024-04-08,sexta
2024-04-05,ING0019,205.0,2024-04-08,sexta
2024-04-05,ING0025,16.5,2024-04-08,sexta
2024-04-05,ING0028,25.609114479647513,2024-04-12,sexta
2024-04-05,ING0034,3.5,2024-04-06,sexta
2024-04-05,ING0035,1.0,2024-04-06,sexta
2024-04-05,ING0036,1.5,2024-04-06,sexta
2024-04-05,ING0039,0.5,2024-04-08,sexta
2024-04-05,ING0042,0.5,2024-04-06,sexta
2024-04-05,ING0044,0.5,2024-04-06,sexta
2024-04-05,ING0045,35.0,2024-04-06,sexta
2024-04-05,ING0046,0.5,2024-04-08,sexta
2024-04-05,ING0050,0.5,2024-04-07,sexta
2024-04-05,ING0052,23.5,2024-04-08,sexta
2024-04-05,ING0056,1.5,2024-04-08,sexta
2024-04-05,ING0057,203.0,2024-04-10,sexta
2024-04-05,ING0063,19.5,2024-04-09,sexta
2024-04-05,ING0069,3.5,2024-04-09,sexta
2024-04-05,ING0073,0.5,2024-04-09,sexta
2024-04-05,ING0075,3.0,2024-04-07,sexta
2024-04-05,ING0081,12.0,2024-04-07,sexta
2024-04-05,ING0083,2.0,2024-04-07,sexta
2024-04-05,ING0084,17.0,2024-04-09,sexta
2024-04-05,ING0085,0.5,2024-04-07,sexta
2024-04-05,ING0089,74.33485473971386,2024-04-07,sexta
2024-04-05,ING0090,3.5,2024-04-08,sexta
2024-04-05,ING0093,0.5,2024-04-08,sexta
2024-04-05,ING0096,3.0,2024-04-07,sexta
2024-04-05,ING0097,0.5,2024-04-07,sexta
2024-04-05,ING0098,0.5,2024-04-06,sexta
2024-04-05,ING0099,1.0,2024-04-06,sexta
2024-04-05,ING0103,0.5,2024-04-06,sexta
2024-04-05,ING0109,0.5,2024-04-06,sexta
2024-04-05,ING0121,2.5,2024-04-09,sexta
2024-04-05,ING0126,8.0,2024-04-12,sexta
2024-04-05,ING0132,7.0,2024-04-18,sexta
2024-04-05,ING0135,0.5,2024-04-09,sexta
2024-04-05,ING0145,0.5,2024-04-09,sexta
2024-04-05,ING0147,0.5,2024-04-09,sexta
2024-04-05,ING0160,2.0,2024-04-08,sexta
2024-04-05,ING0171,14.5,2024-04-11,sexta
2024-04-05,ING0188,10.0,2024-04-09,sexta
2024-04-05,ING0202,40.5,2024-04-08,sexta
2024-04-05,ING0203,0.43676625823135184,2024-04-08,sexta
2024-04-05,ING0206,81.0,2024-04-12,sexta
2024-04-05,ING0217,11.0,2024-04-08,sexta
2024-04-05,ING0218,67.5,2024-04-08,sexta
2024-04-05,ING0222,2.5,2024-04-10,sexta
2024-04-05,ING0224,2.5,2024-04-09,sexta
2024-04-05,ING0227,0.5,2024-04-09,sexta
2024-04-05,ING0229,0.5,2024-04-09,sexta
2024-04-05,ING0231,1.0,2024-04-09,sexta
2024-04-05,ING0237,0.5,2024-04-09,sexta
2024-04-05,ING0244,0.5,2024-04-17,sexta
2024-04-08,ING0047,1.5,2024-04-09,emergencial
2024-04-08,ING0132,9.0,2024-04-12,emergencial
2024-04-08,ING0222,3.5,2024-04-16,emergencial
2024-04-09,ING0091,20.5,2024-04-11,emergencial
2024-04-09,ING0132,10.0,2024-04-13,emergencial
2024-04-10,ING0091,20.0,2024-04-15,emergencial
2024-04-12,ING0001,0.5,2024-04-15,sexta
2024-04-12,ING0002,5.0,2024-04-15,sexta
2024-04-12,ING0004,13.5,2024-04-21,sexta
2024-04-12,ING0015,269.0,2024-04-16,sexta
2024-04-12,ING0018,46.5,2024-04-15,sexta
2024-04-12,ING0025,19.0,2024-04-15,sexta
2024-04-12,ING0036,1.0,2024-04-16,sexta
2024-04-12,ING0039,0.5,2024-04-14,sexta
2024-04-12,ING0040,10.5,2024-04-13,sexta
2024-04-12,ING0042,0.5,2024-04-13,sexta
2024-04-12,ING0045,21.5,2024-04-13,sexta
2024-04-12,ING0046,0.5,2024-04-13,sexta
2024-04-12,ING0047,0.5,2024-04-13,sexta
2024-04-12,ING0051,0.5,2024-04-14,sexta
2024-04-12,ING0056,11.5,2024-04-14,sexta
2024-04-12,ING0057,284.0,2024-04-14,sexta
2024-04-12,ING0059,2.5,2024-04-16,sexta
2024-04-12,ING0064,0.5,2024-04-16,sexta
2024-04-12,ING0069,13.5,2024-04-16,sexta
2024-04-12,ING0072,0.5,2024-04-16,sexta
2024-04-12,ING0074,1.5,2024-04-16,sexta
2024-04-12,ING0079,16.5,2024-04-14,sexta
2024-04-12,ING0081,19.5,2024-04-14,sexta
2024-04-12,ING0083,2.5,2024-04-17,sexta
2024-04-12,ING0084,26.0,2024-04-14,sexta
2024-04-12,ING0094,4.0,2024-04-14,sexta
2024-04-12,ING0096,4.5,2024-04-15,sexta
2024-04-12,ING0098,0.5,2024-04-13,sexta
2024-04-12,ING0100,0.5,2024-04-13,sexta
2024-04-12,ING0102,1.5,2024-04-13,sexta
2024-04-12,ING0103,0.5,2024-04-14,sexta
2024-04-12,ING0104,3.0,2024-04-13,sexta
2024-04-12,ING0114,0.5,2024-04-13,sexta
2024-04-12,ING0126,8.0,2024-04-16,sexta
2024-04-12,ING0127,0.5,2024-04-20,sexta
2024-04-12,ING0133,0.5,2024-04-16,sexta
2024-04-12,ING0134,0.5,2024-04-16,sexta
2024-04-12,ING0149,0.5,2024-04-16,sexta
2024-04-12,ING0150,0.5,2024-04-15,sexta
2024-04-12,ING0152,2.0,2024-04-15,sexta
2024-04-12,ING0160,3.5,2024-04-15,sexta
2024-04-12,ING0165,2.0,2024-04-15,sexta
2024-04-12,ING0168,1.5,2024-04-15,sexta
2024-04-12,ING0169,3.0,2024-04-15,sexta
2024-04-12,ING0171,13.5,2024-04-15,sexta
2024-04-12,ING0178,1.0,2024-04-16,sexta
2024-04-12,ING0188,77.0,2024-04-16,sexta
2024-04-12,ING0203,13.0,2024-04-15,sexta
2024-04-12,ING0206,47.5,2024-04-19,sexta
2024-04-12,ING0207,3.0,2024-04-20,sexta
2024-04-12,ING0218,49.5,2024-04-15,sexta
2024-04-12,ING0222,3.0,2024-04-16,sexta
2024-04-12,ING0225,0.5,2024-04-16,sexta
2024-04-12,ING0227,0.5,2024-04-22,sexta
2024-04-12,ING0231,1.0,2024-04-16,sexta
2024-04-12,ING0236,78.0,2024-04-16,sexta
2024-04-12,ING0240,1.5,2024-04-16,sexta
2024-04-12,ING0244,0.5,2024-04-16,sexta
2024-04-15,ING0015,486.0,2024-04-26,emergencial
2024-04-15,ING0059,2.2374717831801356,2024-04-19,emergencial
2024-04-15,ING0069,26.5,2024-04-19,emergencial
2024-04-15,ING0083,3.0,2024-04-20,emergencial
2024-04-15,ING0098,1.5,2024-04-16,emergencial
2024-04-15,ING0104,2.5,2024-04-16,emergencial
2024-04-15,ING0178,190.0,2024-04-19,emergencial
2024-04-15,ING0188,109.0,2024-04-18,emergencial
2024-04-15,ING0207,3.8637466550992015,2024-04-23,emergencial
2024-04-15,ING0222,5.0,2024-04-19,emergencial
2024-04-15,ING0231,1.5,2024-04-19,emergencial
2024-04-15,ING0236,191.0,2024-04-19,emergencial
2024-04-16,ING0002,5.5,2024-04-19,emergencial
2024-04-16,ING0083,3.5,2024-04-21,emergencial
2024-04-16,ING0092,29.5,2024-04-18,emergencial
2024-04-16,ING0106,1.0,2024-04-20,emergencial
2024-04-16,ING0165,4.5,2024-04-19,emergencial
2024-04-16,ING0169,3.5,2024-04-19,emergencial
2024-04-16,ING0207,5.0,2024-04-24,emergencial
2024-04-17,ING0002,8.5,2024-04-21,emergencial
2024-04-17,ING0004,83.5,2024-04-20,emergencial
2024-04-17,ING0035,4.0,2024-04-20,emergencial
2024-04-17,ING0092,45.0,2024-04-20,emergencial
2024-04-17,ING0106,2.5,2024-04-19,emergencial
2024-04-17,ING0165,6.0,2024-04-20,emergencial
2024-04-17,ING0178,284.0,2024-04-20,emergencial
2024-04-17,ING0207,5.0,2024-04-28,emergencial
2024-04-17,ING0244,2.5,2024-04-21,emergencial
2024-04-18,ING0002,9.0,2024-04-21,emergencial
2024-04-18,ING0004,95.5,2024-04-21,emergencial
2024-04-18,ING0019,710.0,2024-04-21,emergencial
2024-04-18,ING0035,4.0,2024-04-19,emergencial
2024-04-18,ING0043,41.5,2024-04-22,emergencial
2024-04-18,ING0104,3.0,2024-04-19,emergencial
2024-04-18,ING0106,2.5,2024-04-19,emergencial
2024-04-18,ING0165,7.5,2024-04-24,emergencial
2024-04-18,ING0169,6.5,2024-04-21,emergencial
2024-04-18,ING0207,5.0,2024-04-21,emergencial
2024-04-18,ING0217,29.0,2024-04-21,emergencial
2024-04-18,ING0244,2.5,2024-04-22,emergencial
2024-04-19,ING0001,1.6013030964267956,2024-04-22,sexta
2024-04-19,ING0002,5.5,2024-04-22,sexta
2024-04-19,ING0004,102.0,2024-04-22,sexta
2024-04-19,ING0005,0.5,2024-04-22,sexta
2024-04-19,ING0015,489.0,2024-04-30,sexta
2024-04-19,ING0018,112.5,2024-04-22,sexta
2024-04-19,ING0019,716.0,2024-04-22,sexta
2024-04-19,ING0023,442.0,2024-04-22,sexta
2024-04-19,ING0024,1.0,2024-04-22,sexta
2024-04-19,ING0025,25.0,2024-04-23,sexta
2024-04-19,ING0034,3.5,2024-04-20,sexta
2024-04-19,ING0036,1.5,2024-04-20,sexta
2024-04-19,ING0039,0.5,2024-04-20,sexta
2024-04-19,ING0042,0.5,2024-04-20,sexta
2024-04-19,ING0043,47.5,2024-04-20,sexta
2024-04-19,ING0046,0.5,2024-04-20,sexta
2024-04-19,ING0047,0.5,2024-04-20,sexta
2024-04-19,ING0049,7.0,2024-04-21,sexta
2024-04-19,ING0052,54.0,2024-04-21,sexta
2024-04-19,ING0054,0.5,2024-04-21,sexta
2024-04-19,ING0055,0.5,2024-04-21,sexta
2024-04-19,ING0056,19.0,2024-04-21,sexta
2024-04-19,ING0057,394.0,2024-04-23,sexta
2024-04-19,ING0063,51.5,2024-04-23,sexta
2024-04-19,ING0066,165.0,2024-04-23,sexta
2024-04-19,ING0067,0.5,2024-04-24,sexta
2024-04-19,ING0070,160.83995721484678,2024-05-04,sexta
2024-04-19,ING0079,24.5,2024-04-21,sexta
2024-04-19,ING0081,32.0,2024-04-24,sexta
2024-04-19,ING0083,2.0,2024-04-22,sexta
2024-04-19,ING0084,59.0,2024-04-23,sexta
2024-04-19,ING0085,0.5,2024-04-21,sexta
2024-04-19,ING0087,4.0,2024-04-24,sexta
2024-04-19,ING0090,9.0,2024-04-21,sexta
2024-04-19,ING0092,43.0,2024-04-21,sexta
2024-04-19,ING0094,3.0,2024-04-24,sexta
2024-04-19,ING0095,38.0,2024-04-21,sexta
2024-04-19,ING0096,3.0,2024-04-21,sexta
2024-04-19,ING0097,0.5,2024-04-21,sexta
2024-04-19,ING0098,0.5,2024-04-20,sexta
2024-04-19,ING0100,0.5,2024-04-20,sexta
2024-04-19,ING0103,0.5,2024-04-21,sexta
2024-04-19,ING0111,11.5,2024-04-20,sexta
2024-04-19,ING0113,0.5,2024-04-20,sexta
2024-04-19,ING0121,7.5,2024-04-23,sexta
2024-04-19,ING0125,1.5,2024-04-23,sexta
2024-04-19,ING0126,106.26514154631587,2024-04-23,sexta
2024-04-19,ING0127,1.0,2024-04-23,sexta
2024-04-19,ING0128,8.406944089684625,2024-04-23,sexta
2024-04-19,ING0137,0.5,2024-04-23,sexta
2024-04-19,ING0142,10.5,2024-04-23,sexta
2024-04-19,ING0160,11.412670011373853,2024-04-22,sexta
2024-04-19,ING0165,3.0,2024-04-22,sexta
2024-04-19,ING0169,4.5,2024-04-22,sexta
2024-04-19,ING0171,35.5,2024-04-22,sexta
2024-04-19,ING0178,140.0,2024-04-22,sexta
2024-04-19,ING0181,4.5,2024-04-22,sexta
2024-04-19,ING0183,4.5,2024-04-22,sexta
2024-04-19,ING0190,28.5,2024-04-22,sexta
2024-04-19,ING0203,11.0,2024-04-22,sexta
2024-04-19,ING0206,91.0,2024-04-22,sexta
2024-04-19,ING0207,6.0,2024-04-22,sexta
2024-04-19,ING0217,27.40429440293566,2024-04-22,sexta
2024-04-19,ING0218,114.0,2024-04-22,sexta
2024-04-19,ING0224,10.5,2024-04-23,sexta
2024-04-19,ING0227,0.5,2024-04-25,sexta
2024-04-19,ING0228,1.41258481857628,2024-04-25,sexta
2024-04-19,ING0232,11.0,2024-04-26,sexta
2024-04-19,ING0234,1.0,2024-04-23,sexta
2024-04-19,ING0238,9.0,2024-04-23,sexta
2024-04-19,ING0242,63.0,2024-04-23,sexta
2024-04-19,ING0243,2.5,2024-04-23,sexta
2024-04-19,ING0244,2.5,2024-04-23,sexta
2024-04-22,ING0015,529.0,2024-05-03,emergencial
2024-04-22,ING0024,9.5,2024-04-25,emergencial
2024-04-22,ING0025,22.5,2024-04-25,emergencial
2024-04-22,ING0057,375.0,2024-04-24,emergencial
2024-04-22,ING0063,50.0,2024-04-26,emergencial
2024-04-22,ING0066,203.5,2024-04-26,emergencial
2024-04-22,ING0081,31.0,2024-04-24,emergencial
2024-04-22,ING0084,52.5,2024-04-24,emergencial
2024-04-22,ING0087,15.080600001762324,2024-04-24,emergencial
2024-04-22,ING0121,7.0,2024-04-26,emergencial
2024-04-22,ING0126,107.76183368077102,2024-04-26,emergencial
2024-04-22,ING0128,12.5,2024-04-26,emergencial
2024-04-22,ING0142,17.5,2024-04-26,emergencial
2024-04-22,ING0152,2.5,2024-04-25,emergencial
2024-04-22,ING0224,7.5,2024-04-26,emergencial
2024-04-22,ING0228,2.0,2024-04-28,emergencial
2024-04-22,ING0232,16.5,2024-04-28,emergencial
2024-04-22,ING0234,1.5,2024-04-26,emergencial
2024-04-22,ING0238,16.5,2024-04-26,emergencial
2024-04-22,ING0243,3.0,2024-04-26,emergencial
2024-04-23,ING0015,503.0,2024-05-04,emergencial
2024-04-23,ING0024,11.5,2024-04-26,emergencial
2024-04-23,ING0081,26.5,2024-04-25,emergencial
2024-04-23,ING0087,12.926228572939134,2024-04-25,emergencial
2024-04-23,ING0152,2.5,2024-04-27,emergencial
2024-04-23,ING0228,2.5,2024-04-29,emergencial
2024-04-23,ING0232,16.0,2024-04-29,emergencial
2024-04-23,ING0240,9.0,2024-04-27,emergencial
2024-04-24,ING0015,353.0,2024-05-05,emergencial
2024-04-24,ING0023,1065.6559860572504,2024-04-27,emergencial
2024-04-24,ING0024,7.0,2024-04-27,emergencial
2024-04-24,ING0040,9.0,2024-04-25,emergencial
2024-04-24,ING0049,14.5,2024-04-26,emergencial
2024-04-24,ING0104,1.5,2024-04-25,emergencial
2024-04-24,ING0107,2.0,2024-04-25,emergencial
2024-04-24,ING0111,7.5,2024-04-25,emergencial
2024-04-24,ING0152,2.0,2024-04-27,emergencial
2024-04-24,ING0157,10.5,2024-04-27,emergencial
2024-04-24,ING0161,3.5,2024-05-04,emergencial
2024-04-24,ING0203,8.0,2024-04-29,emergencial
2024-04-24,ING0228,1.5,2024-05-01,emergencial
2024-04-24,ING0232,14.0,2024-05-03,emergencial
2024-04-24,ING0240,5.5,2024-04-28,emergencial
2024-04-25,ING0015,359.0,2024-04-28,emergencial
2024-04-25,ING0023,1045.7371825795449,2024-04-28,emergencial
2024-04-25,ING0049,14.5,2024-04-27,emergencial
2024-04-25,ING0098,1.5,2024-04-26,emergencial
2024-04-25,ING0157,11.5,2024-04-28,emergencial
2024-04-25,ING0161,4.0,2024-05-06,emergencial
2024-04-25,ING0204,1.5,2024-05-01,emergencial
2024-04-25,ING0232,12.5,2024-05-01,emergencial
2024-04-25,ING0240,5.0,2024-04-29,emergencial
2024-04-26,ING0001,0.5,2024-05-03,sexta
2024-04-26,ING0006,55.5,2024-04-30,sexta
2024-04-26,ING0008,12.0,2024-05-02,sexta
2024-04-26,ING0011,0.5,2024-04-29,sexta
2024-04-26,ING0012,3.5,2024-05-03,sexta
2024-04-26,ING0015,108.0,2024-04-29,sexta
2024-04-26,ING0018,33.0,2024-04-29,sexta
2024-04-26,ING0023,843.2293472228711,2024-04-29,sexta
2024-04-26,ING0036,0.5,2024-04-27,sexta
2024-04-26,ING0038,1.5,2024-04-28,sexta
2024-04-26,ING0039,0.5,2024-04-27,sexta
2024-04-26,ING0041,0.5,2024-04-30,sexta
2024-04-26,ING0042,0.5,2024-04-27,sexta
2024-04-26,ING0046,0.5,2024-04-28,sexta
2024-04-26,ING0047,0.5,2024-04-27,sexta
2024-04-26,ING0049,7.0,2024-04-28,sexta
2024-04-26,ING0053,0.5,2024-04-28,sexta
2024-04-26,ING0056,38.46894235488831,2024-04-28,sexta
2024-04-26,ING0059,1.0,2024-04-30,sexta
2024-04-26,ING0068,0.5,2024-04-30,sexta
2024-04-26,ING0069,10.5,2024-04-30,sexta
2024-04-26,ING0070,51.10802378789524,2024-04-30,sexta
2024-04-26,ING0072,0.5,2024-04-30,sexta
2024-04-26,ING0073,0.5,2024-05-10,sexta
2024-04-26,ING0079,5.5,2024-04-28,sexta
2024-04-26,ING0085,0.5,2024-04-28,sexta
2024-04-26,ING0086,74.5,2024-04-28,sexta
2024-04-26,ING0092,21.0,2024-04-28,sexta
2024-04-26,ING0093,3.5,2024-05-04,sexta
2024-04-26,ING0095,11.5,2024-04-28,sexta
2024-04-26,ING0096,2.0,2024-04-28,sexta
2024-04-26,ING0097,0.5,2024-04-28,sexta
2024-04-26,ING0098,1.5,2024-04-27,sexta
2024-04-26,ING0100,0.5,2024-04-27,sexta
2024-04-26,ING0101,0.5,2024-04-27,sexta
2024-04-26,ING0103,0.5,2024-04-27,sexta
2024-04-26,ING0104,1.0,2024-04-28,sexta
2024-04-26,ING0105,1.5,2024-04-28,sexta
2024-04-26,ING0107,1.5,2024-04-27,sexta
2024-04-26,ING0109,0.5,2024-04-27,sexta
2024-04-26,ING0111,4.0,2024-04-27,sexta
2024-04-26,ING0114,0.5,2024-04-27,sexta
2024-04-26,ING0135,0.5,2024-05-01,sexta
2024-04-26,ING0142,0.5,2024-04-30,sexta
2024-04-26,ING0145,0.5,2024-04-30,sexta
2024-04-26,ING0148,0.5,2024-04-30,sexta
2024-04-26,ING0150,1.0,2024-04-29,sexta
2024-04-26,ING0151,0.5,2024-05-07,sexta
2024-04-26,ING0152,1.0,2024-04-29,sexta
2024-04-26,ING0154,32.70972537869696,2024-05-02,sexta
2024-04-26,ING0156,0.5,2024-04-29,sexta
2024-04-26,ING0157,9.5,2024-04-29,sexta
2024-04-26,ING0161,4.0,2024-05-06,sexta
2024-04-26,ING0169,0.5,2024-05-06,sexta
2024-04-26,ING0171,20.0,2024-05-02,sexta
2024-04-26,ING0178,52.0,2024-05-02,sexta
2024-04-26,ING0181,2.0,2024-04-29,sexta
2024-04-26,ING0188,10.834709524561257,2024-04-30,sexta
2024-04-26,ING0190,7.5,2024-04-29,sexta
2024-04-26,ING0191,12.0,2024-04-29,sexta
2024-04-26,ING0203,8.0,2024-04-29,sexta
2024-04-26,ING0204,1.5,2024-05-02,sexta
2024-04-26,ING0206,56.5,2024-04-29,sexta
2024-04-26,ING0218,41.5,2024-04-29,sexta
2024-04-26,ING0221,17.0,2024-04-30,sexta
2024-04-26,ING0222,2.5,2024-04-30,sexta
2024-04-26,ING0227,0.5,2024-04-30,sexta
2024-04-26,ING0229,0.5,2024-04-30,sexta
2024-04-26,ING0230,49.0,2024-04-30,sexta
2024-04-26,ING0232,5.5,2024-05-02,sexta
2024-04-26,ING0233,0.5,2024-04-30,sexta
2024-04-26,ING0236,113.0,2024-04-30,sexta
2024-04-26,ING0237,0.5,2024-04-30,sexta
2024-04-26,ING0238,0.5,2024-04-30,sexta
2024-04-26,ING0240,5.0,2024-05-01,sexta
2024-04-29,ING0006,61.0,2024-05-04,emergencial
2024-04-29,ING0008,13.0,2024-05-05,emergencial
2024-04-29,ING0047,1.5,2024-04-30,emergencial
2024-04-29,ING0069,11.0,2024-05-03,emergencial
2024-04-29,ING0093,4.0,2024-05-04,emergencial
2024-04-29,ING0100,2.0,2024-04-30,emergencial
2024-04-29,ING0154,32.0,2024-05-02,emergencial
2024-04-29,ING0161,3.5,2024-05-09,emergencial
2024-04-29,ING0171,24.0,2024-05-07,emergencial
2024-04-29,ING0204,1.5,2024-05-05,emergencial
2024-04-29,ING0221,17.5,2024-05-03,emergencial
2024-04-29,ING0222,3.0,2024-05-04,emergencial
2024-04-29,ING0230,47.5,2024-05-03,emergencial
2024-04-29,ING0236,113.5,2024-05-03,emergencial
2024-04-30,ING0008,13.5,2024-05-06,emergencial
2024-04-30,ING0047,1.5,2024-05-01,emergencial
2024-04-30,ING0092,19.0,2024-05-02,emergencial
2024-04-30,ING0093,3.5,2024-05-02,emergencial
2024-04-30,ING0154,38.5,2024-05-03,emergencial
2024-04-30,ING0161,3.0,2024-05-11,emergencial
2024-04-30,ING0171,34.5,2024-05-08,emergencial
2024-04-30,ING0204,1.5,2024-05-06,emergencial
2024-05-01,ING0008,16.0,2024-05-07,emergencial
2024-05-01,ING0092,21.0,2024-05-03,emergencial
2024-05-01,ING0093,5.0,2024-05-03,emergencial
2024-05-01,ING0154,41.5,2024-05-04,emergencial
2024-05-01,ING0161,3.0,2024-05-04,emergencial
2024-05-01,ING0171,232.01682514088117,2024-05-09,emergencial
2024-05-02,ING0161,3.0,2024-05-05,emergencial
2024-05-02,ING0231,1.5,2024-05-06,emergencial
2024-05-03,ING0006,57.5,2024-05-06,sexta
2024-05-03,ING0008,10.0,2024-05-06,sexta
2024-05-03,ING0012,3.0,2024-05-06,sexta
2024-05-03,ING0016,0.5,2024-05-06,sexta
2024-05-03,ING0018,27.0,2024-05-06,sexta
2024-05-03,ING0036,1.5,2024-05-05,sexta
2024-05-03,ING0038,3.0,2024-05-05,sexta
2024-05-03,ING0039,0.5,2024-05-04,sexta
2024-05-03,ING0042,0.5,2024-05-04,sexta
2024-05-03,ING0046,0.5,2024-05-04,sexta
2024-05-03,ING0047,0.5,2024-05-04,sexta
2024-05-03,ING0052,49.9903963443079,2024-05-10,sexta
2024-05-03,ING0055,0.5,2024-05-05,sexta
2024-05-03,ING0059,1.5,2024-05-07,sexta
2024-05-03,ING0064,0.5,2024-05-07,sexta
2024-05-03,ING0067,0.5,2024-05-08,sexta
2024-05-03,ING0069,0.5657598272512877,2024-05-07,sexta
2024-05-03,ING0073,0.5,2024-05-07,sexta
2024-05-03,ING0085,0.5,2024-05-05,sexta
2024-05-03,ING0086,59.0,2024-05-05,sexta
2024-05-03,ING0094,3.5,2024-05-05,sexta
2024-05-03,ING0096,2.5,2024-05-05,sexta
2024-05-03,ING0098,0.5,2024-05-04,sexta
2024-05-03,ING0100,1.0,2024-05-07,sexta
2024-05-03,ING0103,0.5,2024-05-05,sexta
2024-05-03,ING0105,1.5,2024-05-04,sexta
2024-05-03,ING0107,0.5,2024-05-04,sexta
2024-05-03,ING0111,2.5,2024-05-07,sexta
2024-05-03,ING0112,0.5,2024-05-04,sexta
2024-05-03,ING0116,1.0,2024-05-04,sexta
2024-05-03,ING0128,0.5,2024-05-07,sexta
2024-05-03,ING0134,0.4633429217041114,2024-05-07,sexta
2024-05-03,ING0137,0.5,2024-05-08,sexta
2024-05-03,ING0138,0.5,2024-05-07,sexta
2024-05-03,ING0142,1.0,2024-05-07,sexta
2024-05-03,ING0145,0.5,2024-05-07,sexta
2024-05-03,ING0147,0.5,2024-05-07,sexta
2024-05-03,ING0148,1.0,2024-05-08,sexta
2024-05-03,ING0149,0.5,2024-05-07,sexta
2024-05-03,ING0151,1.0,2024-05-06,sexta
2024-05-03,ING0157,0.5,2024-05-06,sexta
2024-05-03,ING0161,2.9715415180334857,2024-05-06,sexta
2024-05-03,ING0171,163.94062201570898,2024-05-06,sexta
2024-05-03,ING0178,172.0,2024-05-06,sexta
2024-05-03,ING0188,24.0,2024-05-07,sexta
2024-05-03,ING0191,11.0,2024-05-09,sexta
2024-05-03,ING0206,109.5,2024-05-06,sexta
2024-05-03,ING0218,27.5,2024-05-06,sexta
2024-05-03,ING0222,2.0,2024-05-07,sexta
2024-05-03,ING0227,0.5,2024-05-08,sexta
2024-05-03,ING0231,2.0,2024-05-07,sexta
2024-05-03,ING0237,0.5,2024-05-07,sexta
2024-05-03,ING0238,0.5,2024-05-07,sexta
2024-05-03,ING0241,0.5,2024-05-07,sexta
2024-05-06,ING0111,8.0,2024-05-07,emergencial
2024-05-07,ING0034,2.5,2024-05-08,emergencial
2024-05-10,ING0002,0.5,2024-05-13,sexta
2024-05-10,ING0012,5.5,2024-05-13,sexta
2024-05-10,ING0018,70.5,2024-05-13,sexta
2024-05-10,ING0033,5.5,2024-05-13,sexta
2024-05-10,ING0035,3.0,2024-05-11,sexta
2024-05-10,ING0036,1.0,2024-05-11,sexta
2024-05-10,ING0038,3.5,2024-05-12,sexta
2024-05-10,ING0039,0.5,2024-05-11,sexta
2024-05-10,ING0040,13.5,2024-05-11,sexta
2024-05-10,ING0042,1.0,2024-05-11,sexta
2024-05-10,ING0044,0.5,2024-05-13,sexta
2024-05-10,ING0046,0.5,2024-05-11,sexta
2024-05-10,ING0047,0.5,2024-05-13,sexta
2024-05-10,ING0051,0.5,2024-05-12,sexta
2024-05-10,ING0054,0.5,2024-05-12,sexta
2024-05-10,ING0059,4.0,2024-05-15,sexta
2024-05-10,ING0069,20.99407426930219,2024-05-20,sexta
2024-05-10,ING0078,6.5,2024-05-12,sexta
2024-05-10,ING0084,41.0,2024-05-12,sexta
2024-05-10,ING0086,90.0,2024-05-12,sexta
2024-05-10,ING0091,11.5,2024-05-12,sexta
2024-05-10,ING0096,4.0,2024-05-12,sexta
2024-05-10,ING0097,0.5,2024-05-12,sexta
2024-05-10,ING0098,0.5,2024-05-11,sexta
2024-05-10,ING0100,0.5,2024-05-16,sexta
2024-05-10,ING0101,0.5,2024-05-11,sexta
2024-05-10,ING0105,3.0,2024-05-11,sexta
2024-05-10,ING0106,3.0,2024-05-11,sexta
2024-05-10,ING0107,3.0,2024-05-11,sexta
2024-05-10,ING0108,0.5,2024-05-11,sexta
2024-05-10,ING0110,1.6204861642179764,2024-05-11,sexta
2024-05-10,ING0111,7.5,2024-05-11,sexta
2024-05-10,ING0113,0.5,2024-05-11,sexta
2024-05-10,ING0128,1.8876105274548043,2024-05-14,sexta
2024-05-10,ING0129,5.5,2024-05-14,sexta
2024-05-10,ING0136,0.5,2024-05-14,sexta
2024-05-10,ING0137,0.5,2024-05-14,sexta
2024-05-10,ING0142,6.0,2024-05-14,sexta
2024-05-10,ING0145,0.5,2024-05-14,sexta
2024-05-10,ING0147,0.5,2024-05-17,sexta
2024-05-10,ING0148,0.5,2024-05-14,sexta
2024-05-10,ING0150,0.49193006034374726,2024-05-13,sexta
2024-05-10,ING0156,0.5,2024-05-13,sexta
2024-05-10,ING0157,1.5,2024-05-13,sexta
2024-05-10,ING0168,1.0,2024-05-13,sexta
2024-05-10,ING0169,4.5,2024-05-13,sexta
2024-05-10,ING0178,520.0,2024-05-13,sexta
2024-05-10,ING0181,7.0,2024-05-13,sexta
2024-05-10,ING0188,104.0,2024-05-13,sexta
2024-05-10,ING0199,0.5,2024-05-13,sexta
2024-05-10,ING0206,195.5,2024-05-13,sexta
2024-05-10,ING0220,13.0,2024-05-13,sexta
2024-05-10,ING0229,1.7971534009697039,2024-05-15,sexta
2024-05-10,ING0236,63.5,2024-05-14,sexta
2024-05-10,ING0238,0.5,2024-05-14,sexta
2024-05-10,ING0242,126.0,2024-05-14,sexta
2024-05-10,ING0243,0.5,2024-05-14,sexta
2024-05-13,ING0059,4.5,2024-05-17,emergencial
2024-05-13,ING0129,5.5,2024-05-17,emergencial
2024-05-13,ING0242,131.5,2024-05-17,emergencial
2024-05-14,ING0059,5.0,2024-05-20,emergencial
2024-05-15,ING0002,13.5,2024-05-18,emergencial
2024-05-15,ING0006,114.0,2024-05-19,emergencial
2024-05-15,ING0024,14.5,2024-05-18,emergencial
2024-05-15,ING0029,9.5,2024-05-19,emergencial
2024-05-15,ING0034,6.5,2024-05-17,emergencial
2024-05-15,ING0035,5.143542641101104,2024-05-16,emergencial
2024-05-15,ING0062,3.5,2024-05-19,emergencial
2024-05-15,ING0090,11.5,2024-05-17,emergencial
2024-05-15,ING0094,4.5,2024-05-17,emergencial
2024-05-15,ING0095,39.0,2024-05-17,emergencial
2024-05-15,ING0107,3.0,2024-05-16,emergencial
2024-05-15,ING0110,2.5,2024-05-16,emergencial
2024-05-15,ING0111,9.9002441142765,2024-05-16,emergencial
2024-05-15,ING0116,2.5,2024-05-17,emergencial
2024-05-15,ING0157,14.0,2024-05-18,emergencial
2024-05-15,ING0159,848.0,2024-05-16,emergencial
2024-05-15,ING0190,34.0,2024-05-18,emergencial
2024-05-15,ING0191,66.0,2024-05-18,emergencial
2024-05-15,ING0202,44.5,2024-05-18,emergencial
2024-05-15,ING0206,159.0,2024-05-18,emergencial
2024-05-15,ING0218,141.26328303775608,2024-05-18,emergencial
2024-05-15,ING0222,3.5,2024-05-23,emergencial
2024-05-15,ING0231,2.5,2024-05-19,emergencial
2024-05-15,ING0236,177.5,2024-05-19,emergencial
2024-05-15,ING0238,17.5,2024-05-19,emergencial
2024-05-16,ING0002,6.5,2024-05-19,emergencial
2024-05-16,ING0006,79.0,2024-05-19,emergencial
2024-05-16,ING0012,8.0,2024-05-19,emergencial
2024-05-16,ING0018,65.5,2024-05-19,emergencial
2024-05-16,ING0024,9.5,2024-05-19,emergencial
2024-05-16,ING0026,6.0,2024-05-20,emergencial
2024-05-16,ING0029,6.5,2024-05-20,emergencial
2024-05-16,ING0034,3.0,2024-05-17,emergencial
2024-05-16,ING0048,8.5,2024-05-18,emergencial
2024-05-16,ING0057,267.0,2024-05-21,emergencial
2024-05-16,ING0062,3.0,2024-05-20,emergencial
2024-05-16,ING0066,166.5,2024-05-20,emergencial
2024-05-16,ING0069,25.93385645031447,2024-05-20,emergencial
2024-05-16,ING0076,19.0,2024-05-18,emergencial
2024-05-16,ING0078,6.0,2024-05-18,emergencial
2024-05-16,ING0084,39.0,2024-05-18,emergencial
2024-05-16,ING0086,79.5,2024-05-18,emergencial
2024-05-16,ING0090,7.0,2024-05-19,emergencial
2024-05-16,ING0094,4.0,2024-05-18,emergencial
2024-05-16,ING0095,24.0,2024-05-18,emergencial
2024-05-16,ING0106,10.4836225444319,2024-05-17,emergencial
2024-05-16,ING0116,2.0,2024-05-17,emergencial
2024-05-16,ING0142,9.5,2024-05-21,emergencial
2024-05-16,ING0157,9.5,2024-05-19,emergencial
2024-05-16,ING0169,6.0,2024-05-21,emergencial
2024-05-16,ING0190,21.0,2024-05-19,emergencial
2024-05-16,ING0191,44.0,2024-05-19,emergencial
2024-05-16,ING0202,33.0,2024-05-19,emergencial
2024-05-16,ING0206,111.0,2024-05-19,emergencial
2024-05-16,ING0217,17.5,2024-05-19,emergencial
2024-05-16,ING0218,100.0,2024-05-19,emergencial
2024-05-16,ING0221,17.5,2024-05-31,emergencial
2024-05-16,ING0222,3.0,2024-05-20,emergencial
2024-05-16,ING0231,2.0,2024-05-21,emergencial
2024-05-16,ING0234,1.0,2024-05-20,emergencial
2024-05-16,ING0236,116.0,2024-05-20,emergencial
2024-05-16,ING0238,13.0,2024-05-20,emergencial
2024-05-17,ING0001,2.5,2024-05-27,sexta
2024-05-17,ING0002,6.179887774731732,2024-05-20,sexta
2024-05-17,ING0003,1.0,2024-05-20,sexta
2024-05-17,ING0004,50.0,2024-05-25,sexta
2024-05-17,ING0005,0.5,2024-05-26,sexta
2024-05-17,ING0006,85.0,2024-05-20,sexta
2024-05-17,ING0010,289.0,2024-05-20,sexta
2024-05-17,ING0011,0.5,2024-05-20,sexta
2024-05-17,ING0012,7.5,2024-05-20,sexta
2024-05-17,ING0018,59.5,2024-05-20,sexta
2024-05-17,ING0019,241.0,2024-05-20,sexta
2024-05-17,ING0024,9.0,2024-05-20,sexta
2024-05-17,ING0026,5.4097397067046575,2024-05-21,sexta
2024-05-17,ING0029,22.227367567982714,2024-05-23,sexta
2024-05-17,ING0033,2.5,2024-05-18,sexta
2024-05-17,ING0036,0.5,2024-05-18,sexta
2024-05-17,ING0037,1.5,2024-05-18,sexta
2024-05-17,ING0038,2.5,2024-05-18,sexta
2024-05-17,ING0042,0.5,2024-05-19,sexta
2024-05-17,ING0045,35.0,2024-05-18,sexta
2024-05-17,ING0046,0.5,2024-05-18,sexta
2024-05-17,ING0047,0.5055445825957798,2024-05-18,sexta
2024-05-17,ING0048,6.0,2024-05-19,sexta
2024-05-17,ING0049,13.735594188666516,2024-05-19,sexta
2024-05-17,ING0053,0.5,2024-05-19,sexta
2024-05-17,ING0057,248.17869670311782,2024-05-19,sexta
2024-05-17,ING0061,1.5,2024-05-21,sexta
2024-05-17,ING0062,3.5,2024-05-22,sexta
2024-05-17,ING0066,157.5,2024-05-21,sexta
2024-05-17,ING0069,30.87363863132675,2024-05-21,sexta
2024-05-17,ING0072,0.5,2024-05-21,sexta
2024-05-17,ING0075,7.102413568906525,2024-05-19,sexta
2024-05-17,ING0076,19.0,2024-05-19,sexta
2024-05-17,ING0078,6.0,2024-05-19,sexta
2024-05-17,ING0079,22.5,2024-05-19,sexta
2024-05-17,ING0084,33.0,2024-05-19,sexta
2024-05-17,ING0085,0.5,2024-05-24,sexta
2024-05-17,ING0086,82.0,2024-05-19,sexta
2024-05-17,ING0088,57.0,2024-05-20,sexta
2024-05-17,ING0091,6.0,2024-05-23,sexta
2024-05-17,ING0096,3.0,2024-05-19,sexta
2024-05-17,ING0097,0.5,2024-05-19,sexta
2024-05-17,ING0098,0.5,2024-05-20,sexta
2024-05-17,ING0100,0.43959212116958607,2024-05-18,sexta
2024-05-17,ING0101,0.5,2024-05-18,sexta
2024-05-17,ING0103,0.5,2024-05-19,sexta
2024-05-17,ING0104,1.5,2024-05-19,sexta
2024-05-17,ING0105,3.939978154531872,2024-05-18,sexta
2024-05-17,ING0107,1.0,2024-05-18,sexta
2024-05-17,ING0110,1.5,2024-05-18,sexta
2024-05-17,ING0111,14.241776630570834,2024-05-18,sexta
2024-05-17,ING0115,3.095151458432663,2024-05-20,sexta
2024-05-17,ING0122,24.0,2024-05-21,sexta
2024-05-17,ING0124,0.5,2024-05-21,sexta
2024-05-17,ING0133,0.5,2024-05-21,sexta
2024-05-17,ING0135,0.5,2024-05-21,sexta
2024-05-17,ING0136,0.5,2024-05-21,sexta
2024-05-17,ING0137,0.5,2024-05-21,sexta
2024-05-17,ING0142,9.5,2024-05-21,sexta
2024-05-17,ING0143,2.0,2024-05-21,sexta
2024-05-17,ING0147,0.5,2024-05-21,sexta
2024-05-17,ING0148,0.5,2024-05-21,sexta
2024-05-17,ING0157,48.86310062039343,2024-05-20,sexta
2024-05-17,ING0159,339.0,2024-05-18,sexta
2024-05-17,ING0166,4.013120881690924,2024-05-20,sexta
2024-05-17,ING0169,4.5,2024-05-20,sexta
2024-05-17,ING0172,6.5,2024-05-28,sexta
2024-05-17,ING0175,27.932237860419807,2024-05-20,sexta
2024-05-17,ING0178,146.0,2024-05-23,sexta
2024-05-17,ING0181,3.5,2024-05-20,sexta
2024-05-17,ING0188,42.0,2024-05-20,sexta
2024-05-17,ING0190,17.5,2024-05-20,sexta
2024-05-17,ING0191,39.5,2024-05-20,sexta
2024-05-17,ING0199,0.5,2024-05-20,sexta
2024-05-17,ING0202,36.0,2024-05-20,sexta
2024-05-17,ING0206,126.31169557849667,2024-05-20,sexta
2024-05-17,ING0217,18.0,2024-05-20,sexta
2024-05-17,ING0218,83.0,2024-05-20,sexta
2024-05-17,ING0221,18.5,2024-06-01,sexta
2024-05-17,ING0222,3.0,2024-05-21,sexta
2024-05-17,ING0224,7.349731203966637,2024-05-21,sexta
2024-05-17,ING0225,0.5,2024-05-21,sexta
2024-05-17,ING0230,45.5,2024-05-21,sexta
2024-05-17,ING0231,1.5,2024-05-21,sexta
2024-05-17,ING0233,0.5,2024-05-21,sexta
2024-05-17,ING0234,1.0,2024-05-21,sexta
2024-05-17,ING0236,122.0,2024-05-21,sexta
2024-05-17,ING0238,11.5,2024-05-21,sexta
2024-05-17,ING0239,0.5,2024-05-28,sexta
2024-05-17,ING0241,0.5,2024-05-21,sexta
2024-05-17,ING0243,2.0,2024-05-21,sexta
2024-05-20,ING0001,2.5,2024-05-24,emergencial
2024-05-20,ING0004,59.0,2024-05-28,emergencial
2024-05-20,ING0122,26.5,2024-05-25,emergencial
2024-05-20,ING0142,9.5,2024-05-24,emergencial
2024-05-20,ING0172,5.5,2024-05-23,emergencial
2024-05-20,ING0174,21.0,2024-05-23,emergencial
2024-05-20,ING0178,191.0,2024-05-23,emergencial
2024-05-20,ING0221,19.5,2024-06-04,emergencial
2024-05-20,ING0230,49.5,2024-05-25,emergencial
2024-05-20,ING0243,1.5,2024-05-24,emergencial
2024-05-21,ING0001,2.5,2024-05-24,emergencial
2024-05-21,ING0004,62.0,2024-05-24,emergencial
2024-05-21,ING0047,1.5,2024-05-22,emergencial
2024-05-21,ING0172,6.5,2024-05-29,emergencial
2024-05-21,ING0174,21.5,2024-05-24,emergencial
2024-05-21,ING0178,201.0,2024-05-25,emergencial
2024-05-21,ING0221,19.5,2024-05-25,emergencial
2024-05-22,ING0001,2.5,2024-05-25,emergencial
2024-05-22,ING0004,59.5,2024-05-25,emergencial
2024-05-22,ING0047,1.5,2024-05-24,emergencial
2024-05-22,ING0098,1.5,2024-05-23,emergencial
2024-05-22,ING0172,8.5,2024-05-30,emergencial
2024-05-22,ING0174,21.0,2024-05-26,emergencial
2024-05-22,ING0178,191.0,2024-05-25,emergencial
2024-05-22,ING0195,1.8103284819936307,2024-05-25,emergencial
2024-05-22,ING0221,18.0,2024-05-26,emergencial
2024-05-23,ING0001,2.5,2024-05-26,emergencial
2024-05-23,ING0004,76.5,2024-05-26,emergencial
2024-05-23,ING0047,1.5,2024-05-24,emergencial
2024-05-23,ING0195,1.5,2024-05-26,emergencial
2024-05-23,ING0221,18.0,2024-05-27,emergencial
2024-05-24,ING0003,1.0,2024-05-27,sexta
2024-05-24,ING0004,43.5,2024-05-27,sexta
2024-05-24,ING0005,0.5,2024-05-27,sexta
2024-05-24,ING0010,298.0,2024-05-27,sexta
2024-05-24,ING0017,1.5,2024-06-02,sexta
2024-05-24,ING0018,8.5,2024-05-27,sexta
2024-05-24,ING0019,244.0,2024-05-27,sexta
2024-05-24,ING0033,2.5,2024-05-26,sexta
2024-05-24,ING0035,1.5,2024-05-28,sexta
2024-05-24,ING0036,0.5,2024-05-25,sexta
2024-05-24,ING0038,2.5,2024-05-25,sexta
2024-05-24,ING0039,0.5,2024-05-25,sexta
2024-05-24,ING0041,0.5,2024-05-28,sexta
2024-05-24,ING0042,0.5,2024-05-25,sexta
2024-05-24,ING0044,0.5,2024-05-25,sexta
2024-05-24,ING0045,16.0,2024-05-25,sexta
2024-05-24,ING0046,0.5,2024-05-25,sexta
2024-05-24,ING0047,0.5,2024-05-25,sexta
2024-05-24,ING0049,4.5,2024-05-26,sexta
2024-05-24,ING0055,0.523890590260343,2024-05-26,sexta
2024-05-24,ING0061,2.0,2024-05-30,sexta
2024-05-24,ING0064,0.5,2024-06-08,sexta
2024-05-24,ING0067,0.5,2024-05-28,sexta
2024-05-24,ING0076,11.611274517092905,2024-05-26,sexta
2024-05-24,ING0088,78.0,2024-05-29,sexta
2024-05-24,ING0092,16.5,2024-05-26,sexta
2024-05-24,ING0098,0.5,2024-05-25,sexta
2024-05-24,ING0103,0.5,2024-05-26,sexta
2024-05-24,ING0104,1.5,2024-05-25,sexta
2024-05-24,ING0107,1.0,2024-05-25,sexta
2024-05-24,ING0109,0.5,2024-05-26,sexta
2024-05-24,ING0122,38.5,2024-05-28,sexta
2024-05-24,ING0124,0.5,2024-05-28,sexta
2024-05-24,ING0125,2.0,2024-05-28,sexta
2024-05-24,ING0128,1.0,2024-05-28,sexta
2024-05-24,ING0134,0.5,2024-05-28,sexta
2024-05-24,ING0136,0.5,2024-05-29,sexta
2024-05-24,ING0137,0.5,2024-05-28,sexta
2024-05-24,ING0145,0.5,2024-05-28,sexta
2024-05-24,ING0147,0.5,2024-05-28,sexta
2024-05-24,ING0149,0.5,2024-05-28,sexta
2024-05-24,ING0151,1.0,2024-06-04,sexta
2024-05-24,ING0159,542.0,2024-05-25,sexta
2024-05-24,ING0164,1.2896895285089285,2024-05-27,sexta
2024-05-24,ING0172,8.0,2024-06-01,sexta
2024-05-24,ING0178,1.0,2024-05-27,sexta
2024-05-24,ING0181,4.0,2024-05-27,sexta
2024-05-24,ING0188,57.0,2024-05-27,sexta
2024-05-24,ING0195,2.0,2024-05-28,sexta
2024-05-24,ING0199,0.5,2024-05-27,sexta
2024-05-24,ING0221,17.5,2024-05-28,sexta
2024-05-24,ING0227,0.5,2024-05-28,sexta
2024-05-24,ING0230,31.5,2024-05-28,sexta
2024-05-24,ING0237,0.5,2024-05-28,sexta
2024-05-24,ING0239,0.5,2024-05-28,sexta
2024-05-24,ING0240,2.0,2024-05-28,sexta
2024-05-24,ING0244,0.5,2024-05-28,sexta
2024-05-27,ING0076,31.0,2024-06-01,emergencial
2024-05-27,ING0128,7.5,2024-05-31,emergencial
2024-05-27,ING0183,6.0,2024-05-30,emergencial
2024-05-28,ING0076,40.0,2024-05-30,emergencial
2024-05-28,ING0088,125.0,2024-05-30,emergencial
2024-05-28,ING0128,7.5,2024-06-03,emergencial
2024-05-28,ING0183,8.0,2024-05-31,emergencial
2024-05-29,ING0076,41.5,2024-06-01,emergencial
2024-05-29,ING0128,8.0,2024-06-02,emergencial
2024-05-29,ING0183,8.0,2024-06-01,emergencial
2024-05-30,ING0128,10.0,2024-06-03,emergencial
2024-05-31,ING0003,1.0,2024-06-03,sexta
2024-05-31,ING0010,266.0,2024-06-03,sexta
2024-05-31,ING0012,3.0,2024-06-03,sexta
2024-05-31,ING0016,0.5,2024-06-03,sexta
2024-05-31,ING0017,1.5,2024-06-03,sexta
2024-05-31,ING0018,35.903375320946736,2024-06-03,sexta
2024-05-31,ING0026,6.0,2024-06-04,sexta
2024-05-31,ING0033,1.5,2024-06-02,sexta
2024-05-31,ING0035,0.5,2024-06-01,sexta
2024-05-31,ING0036,0.5,2024-06-01,sexta
2024-05-31,ING0046,0.5,2024-06-01,sexta
2024-05-31,ING0057,126.0,2024-06-02,sexta
2024-05-31,ING0061,1.0,2024-06-04,sexta
2024-05-31,ING0063,16.5,2024-06-04,sexta
2024-05-31,ING0064,0.5,2024-06-15,sexta
2024-05-31,ING0068,0.5,2024-06-04,sexta
2024-05-31,ING0076,2.0,2024-06-02,sexta
2024-05-31,ING0078,5.0,2024-06-02,sexta
2024-05-31,ING0085,0.5,2024-06-02,sexta
2024-05-31,ING0086,87.5,2024-06-03,sexta
2024-05-31,ING0089,31.813880455467395,2024-06-02,sexta
2024-05-31,ING0091,8.5,2024-06-02,sexta
2024-05-31,ING0098,0.5,2024-06-01,sexta
2024-05-31,ING0099,1.0,2024-06-01,sexta
2024-05-31,ING0100,1.0,2024-06-01,sexta
2024-05-31,ING0101,0.5,2024-06-01,sexta
2024-05-31,ING0104,1.1203095078631837,2024-06-01,sexta
2024-05-31,ING0107,1.0,2024-06-01,sexta
2024-05-31,ING0112,0.5,2024-06-02,sexta
2024-05-31,ING0114,0.5,2024-06-01,sexta
2024-05-31,ING0115,1.0,2024-06-01,sexta
2024-05-31,ING0128,3.5,2024-06-04,sexta
2024-05-31,ING0136,0.5,2024-06-04,sexta
2024-05-31,ING0137,0.5,2024-06-05,sexta
2024-05-31,ING0147,0.5,2024-06-04,sexta
2024-05-31,ING0148,0.5,2024-06-05,sexta
2024-05-31,ING0150,1.0,2024-06-03,sexta
2024-05-31,ING0151,1.0,2024-06-03,sexta
2024-05-31,ING0156,0.5,2024-06-03,sexta
2024-05-31,ING0160,7.0,2024-06-03,sexta
2024-05-31,ING0169,1.0,2024-06-04,sexta
2024-05-31,ING0175,8.0,2024-06-04,sexta
2024-05-31,ING0188,58.0,2024-06-08,sexta
2024-05-31,ING0220,9.0,2024-06-03,sexta
2024-05-31,ING0222,2.5,2024-06-04,sexta
2024-05-31,ING0227,0.5,2024-06-04,sexta
2024-05-31,ING0228,1.5,2024-06-06,sexta
2024-05-31,ING0240,2.986704368031148,2024-06-06,sexta
2024-05-31,ING0244,1.0,2024-06-04,sexta
2024-06-03,ING0026,9.5,2024-06-07,emergencial
2024-06-03,ING0038,3.0,2024-06-04,emergencial
2024-06-03,ING0043,48.5,2024-06-07,emergencial
2024-06-03,ING0061,5.5,2024-06-07,emergencial
2024-06-03,ING0063,30.0,2024-06-07,emergencial
2024-06-03,ING0098,1.5,2024-06-04,emergencial
2024-06-03,ING0143,10.5,2024-06-07,emergencial
2024-06-03,ING0174,99.11887290357137,2024-06-06,emergencial
2024-06-03,ING0175,102.07726085787863,2024-06-06,emergencial
2024-06-03,ING0188,95.0,2024-06-06,emergencial
2024-06-03,ING0222,4.5,2024-06-07,emergencial
2024-06-03,ING0228,3.5,2024-06-09,emergencial
2024-06-03,ING0240,6.0,2024-06-07,emergencial
2024-06-04,ING0043,54.0,2024-06-05,emergencial
2024-06-04,ING0143,11.5,2024-06-08,emergencial
2024-06-04,ING0174,117.29066626922612,2024-06-07,emergencial
2024-06-04,ING0188,112.0,2024-06-07,emergencial
2024-06-04,ING0228,4.0,2024-06-10,emergencial
2024-06-04,ING0240,7.0,2024-06-08,emergencial
2024-06-05,ING0049,30.0,2024-06-07,emergencial
2024-06-05,ING0188,140.0,2024-06-08,emergencial
2024-06-05,ING0228,4.5,2024-06-11,emergencial
2024-06-05,ING0240,7.5,2024-06-09,emergencial
2024-06-06,ING0049,36.5,2024-06-08,emergencial
2024-06-06,ING0124,2.0,2024-06-10,emergencial
2024-06-06,ING0194,1.0,2024-06-09,emergencial
2024-06-07,ING0010,495.0,2024-06-13,sexta
2024-06-07,ING0012,15.0,2024-06-10,sexta
2024-06-07,ING0018,135.5,2024-06-12,sexta
2024-06-07,ING0024,26.5,2024-06-10,sexta
2024-06-07,ING0025,16.5,2024-06-12,sexta
2024-06-07,ING0035,2.0,2024-06-10,sexta
2024-06-07,ING0036,1.5,2024-06-08,sexta
2024-06-07,ING0038,3.0,2024-06-11,sexta
2024-06-07,ING0039,0.5,2024-06-09,sexta
2024-06-07,ING0045,110.25884423862964,2024-06-08,sexta
2024-06-07,ING0053,0.5,2024-06-09,sexta
2024-06-07,ING0054,0.5,2024-06-09,sexta
2024-06-07,ING0055,0.5,2024-06-10,sexta
2024-06-07,ING0057,358.0,2024-06-10,sexta
2024-06-07,ING0060,40.0,2024-06-11,sexta
2024-06-07,ING0064,0.5,2024-06-11,sexta
2024-06-07,ING0067,0.5,2024-06-11,sexta
2024-06-07,ING0070,39.0,2024-06-14,sexta
2024-06-07,ING0073,0.5,2024-06-11,sexta
2024-06-07,ING0076,0.5,2024-06-09,sexta
2024-06-07,ING0078,13.5,2024-06-09,sexta
2024-06-07,ING0085,0.5,2024-06-09,sexta
2024-06-07,ING0086,164.5,2024-06-09,sexta
2024-06-07,ING0095,14.665612350059853,2024-06-09,sexta
2024-06-07,ING0097,0.5,2024-06-09,sexta
2024-06-07,ING0098,0.5,2024-06-08,sexta
2024-06-07,ING0100,1.5,2024-06-08,sexta
2024-06-07,ING0103,0.5,2024-06-08,sexta
2024-06-07,ING0104,3.5,2024-06-08,sexta
2024-06-07,ING0113,0.5,2024-06-10,sexta
2024-06-07,ING0115,2.5,2024-06-08,sexta
2024-06-07,ING0122,20.0,2024-06-11,sexta
2024-06-07,ING0124,2.0,2024-06-11,sexta
2024-06-07,ING0129,3.0,2024-06-11,sexta
2024-06-07,ING0136,0.5,2024-06-11,sexta
2024-06-07,ING0138,0.5,2024-06-11,sexta
2024-06-07,ING0142,13.5,2024-06-11,sexta
2024-06-07,ING0147,0.5,2024-06-12,sexta
2024-06-07,ING0150,0.5,2024-06-10,sexta
2024-06-07,ING0168,2.0,2024-06-10,sexta
2024-06-07,ING0169,12.848168724819356,2024-06-10,sexta
2024-06-07,ING0178,107.0,2024-06-10,sexta
2024-06-07,ING0191,33.5,2024-06-11,sexta
2024-06-07,ING0194,1.5,2024-06-12,sexta
2024-06-07,ING0217,33.0,2024-06-10,sexta
2024-06-07,ING0224,5.5,2024-06-16,sexta
2024-06-07,ING0227,0.5,2024-06-11,sexta
2024-06-07,ING0228,3.0,2024-06-14,sexta
2024-06-07,ING0234,1.0,2024-06-14,sexta
2024-06-07,ING0237,0.5,2024-06-22,sexta
2024-06-07,ING0243,3.5,2024-06-13,sexta
2024-06-07,ING0244,0.5,2024-06-11,sexta
2024-06-10,ING0003,1.5,2024-06-13,emergencial
2024-06-10,ING0010,500.0,2024-06-14,emergencial
2024-06-10,ING0018,158.0,2024-06-13,emergencial
2024-06-10,ING0025,49.5,2024-06-13,emergencial
2024-06-10,ING0034,4.5,2024-06-11,emergencial
2024-06-10,ING0048,14.0,2024-06-12,emergencial
2024-06-10,ING0060,39.5,2024-06-16,emergencial
2024-06-10,ING0070,54.5,2024-06-14,emergencial
2024-06-10,ING0076,56.5,2024-06-13,emergencial
2024-06-10,ING0091,56.99472655802527,2024-06-12,emergencial
2024-06-10,ING0110,9.823232119742807,2024-06-11,emergencial
2024-06-10,ING0122,48.5,2024-06-14,emergencial
2024-06-10,ING0129,5.623197724618087,2024-06-15,emergencial
2024-06-10,ING0142,64.21734781430368,2024-06-14,emergencial
2024-06-10,ING0163,569.0,2024-06-11,emergencial
2024-06-10,ING0224,8.5,2024-06-19,emergencial
2024-06-10,ING0234,0.8849058868446152,2024-06-14,emergencial
2024-06-10,ING0242,127.5,2024-06-15,emergencial
2024-06-10,ING0243,11.835523701496518,2024-06-14,emergencial
2024-06-10,ING0244,2.5,2024-06-14,emergencial
2024-06-11,ING0003,1.5,2024-06-14,emergencial
2024-06-11,ING0010,453.0,2024-06-14,emergencial
2024-06-11,ING0018,166.81830999262405,2024-06-14,emergencial
2024-06-11,ING0025,45.0,2024-06-14,emergencial
2024-06-11,ING0047,1.5,2024-06-12,emergencial
2024-06-11,ING0070,52.0,2024-06-15,emergencial
2024-06-11,ING0076,54.5,2024-06-13,emergencial
2024-06-11,ING0091,54.28069196002407,2024-06-13,emergencial
2024-06-11,ING0095,26.5,2024-06-13,emergencial
2024-06-11,ING0106,3.0,2024-06-12,emergencial
2024-06-11,ING0224,8.0,2024-06-20,emergencial
2024-06-11,ING0234,1.0,2024-06-15,emergencial
2024-06-11,ING0242,108.5,2024-06-15,emergencial
2024-06-11,ING0243,10.52046551244135,2024-06-15,emergencial
2024-06-11,ING0244,2.5,2024-06-15,emergencial
2024-06-12,ING0003,1.5,2024-06-15,emergencial
2024-06-12,ING0010,449.0,2024-06-15,emergencial
2024-06-12,ING0061,5.5,2024-06-17,emergencial
2024-06-12,ING0066,86.5,2024-06-17,emergencial
2024-06-12,ING0070,57.0,2024-06-16,emergencial
2024-06-12,ING0075,2.0,2024-06-14,emergencial
2024-06-12,ING0076,54.0,2024-06-14,emergencial
2024-06-12,ING0079,155.80877627581663,2024-06-14,emergencial
2024-06-12,ING0092,34.0,2024-06-14,emergencial
2024-06-12,ING0095,29.0,2024-06-16,emergencial
2024-06-12,ING0131,3.0,2024-06-16,emergencial
2024-06-12,ING0160,11.785040367588287,2024-06-15,emergencial
2024-06-12,ING0163,611.0,2024-06-15,emergencial
2024-06-12,ING0178,253.0,2024-06-15,emergencial
2024-06-12,ING0191,57.0,2024-06-15,emergencial
2024-06-12,ING0224,9.0,2024-06-21,emergencial
2024-06-12,ING0234,1.0,2024-06-16,emergencial
2024-06-12,ING0238,6.5,2024-06-16,emergencial
2024-06-12,ING0242,103.0,2024-06-16,emergencial
2024-06-12,ING0243,11.835523701496518,2024-06-16,emergencial
2024-06-12,ING0244,2.5,2024-06-16,emergencial
2024-06-13,ING0061,4.5,2024-06-17,emergencial
2024-06-13,ING0066,87.5,2024-06-17,emergencial
2024-06-13,ING0070,42.0,2024-06-18,emergencial
2024-06-13,ING0075,2.0,2024-06-15,emergencial
2024-06-13,ING0079,158.10008180928452,2024-06-15,emergencial
2024-06-13,ING0092,24.0,2024-06-15,emergencial
2024-06-13,ING0094,5.0,2024-06-15,emergencial
2024-06-13,ING0098,1.5,2024-06-14,emergencial
2024-06-13,ING0131,3.0,2024-06-17,emergencial
2024-06-13,ING0160,13.258170413536824,2024-06-16,emergencial
2024-06-13,ING0163,624.0,2024-06-14,emergencial
2024-06-13,ING0178,212.0,2024-06-16,emergencial
2024-06-13,ING0191,60.832439992512725,2024-06-16,emergencial
2024-06-13,ING0203,11.0,2024-06-16,emergencial
2024-06-13,ING0220,8.89839022700513,2024-06-16,emergencial
2024-06-13,ING0224,7.0,2024-06-22,emergencial
2024-06-13,ING0231,1.5,2024-06-17,emergencial
2024-06-13,ING0234,1.0,2024-06-17,emergencial
2024-06-13,ING0238,8.10415238183723,2024-06-17,emergencial
2024-06-13,ING0242,80.0,2024-06-17,emergencial
2024-06-13,ING0244,2.5,2024-06-17,emergencial
2024-06-14,ING0002,4.0,2024-06-17,sexta
2024-06-14,ING0008,8.572656721570366,2024-06-17,sexta
2024-06-14,ING0035,9.848841651507293,2024-06-15,sexta
2024-06-14,ING0036,1.0,2024-06-16,sexta
2024-06-14,ING0038,2.5,2024-06-15,sexta
2024-06-14,ING0039,0.5,2024-06-15,sexta
2024-06-14,ING0045,13.5,2024-06-15,sexta
2024-06-14,ING0051,0.5,2024-06-16,sexta
2024-06-14,ING0052,25.5,2024-06-16,sexta
2024-06-14,ING0057,209.0,2024-06-16,sexta
2024-06-14,ING0058,1.5,2024-06-16,sexta
2024-06-14,ING0059,5.136023265343292,2024-06-27,sexta
2024-06-14,ING0060,10.158978939850414,2024-06-18,sexta
2024-06-14,ING0061,4.5,2024-06-18,sexta
2024-06-14,ING0062,4.5,2024-06-18,sexta
2024-06-14,ING0063,30.0,2024-06-18,sexta
2024-06-14,ING0066,87.0,2024-06-18,sexta
2024-06-14,ING0069,6.5,2024-06-18,sexta
2024-06-14,ING0074,2.0,2024-06-18,sexta
2024-06-14,ING0075,1.0,2024-06-16,sexta
2024-06-14,ING0081,3.8756145776761977,2024-06-16,sexta
2024-06-14,ING0093,0.5,2024-06-16,sexta
2024-06-14,ING0094,4.5,2024-06-18,sexta
2024-06-14,ING0095,9.5,2024-06-20,sexta
2024-06-14,ING0097,0.5,2024-06-16,sexta
2024-06-14,ING0098,1.5,2024-06-15,sexta
2024-06-14,ING0104,2.0,2024-06-15,sexta
2024-06-14,ING0106,1.5,2024-06-15,sexta
2024-06-14,ING0110,0.5,2024-06-16,sexta
2024-06-14,ING0115,2.381490941123105,2024-06-15,sexta
2024-06-14,ING0124,0.5,2024-06-18,sexta
2024-06-14,ING0128,5.5,2024-06-18,sexta
2024-06-14,ING0129,2.0,2024-06-18,sexta
2024-06-14,ING0131,3.0,2024-06-18,sexta
2024-06-14,ING0134,0.5,2024-06-18,sexta
2024-06-14,ING0137,0.5,2024-06-18,sexta
2024-06-14,ING0149,0.5,2024-06-18,sexta
2024-06-14,ING0152,1.5,2024-06-17,sexta
2024-06-14,ING0160,11.785040367588287,2024-06-17,sexta
2024-06-14,ING0164,2.0,2024-06-17,sexta
2024-06-14,ING0168,1.0,2024-06-19,sexta
2024-06-14,ING0178,217.0,2024-06-17,sexta
2024-06-14,ING0191,52.5,2024-06-17,sexta
2024-06-14,ING0203,15.0,2024-06-17,sexta
2024-06-14,ING0205,0.5,2024-06-17,sexta
2024-06-14,ING0206,94.70551436299651,2024-06-17,sexta
2024-06-14,ING0211,145.0,2024-06-17,sexta
2024-06-14,ING0217,9.0,2024-06-17,sexta
2024-06-14,ING0218,62.5,2024-06-17,sexta
2024-06-14,ING0220,8.5,2024-06-17,sexta
2024-06-14,ING0222,4.0,2024-06-18,sexta
2024-06-14,ING0224,6.0,2024-06-23,sexta
2024-06-14,ING0227,0.5,2024-06-18,sexta
2024-06-14,ING0230,38.0,2024-06-19,sexta
2024-06-14,ING0231,1.5,2024-06-18,sexta
2024-06-14,ING0233,0.5,2024-06-18,sexta
2024-06-14,ING0237,0.5,2024-06-18,sexta
2024-06-14,ING0238,6.5,2024-06-18,sexta
2024-06-14,ING0239,0.5,2024-06-18,sexta
2024-06-14,ING0242,67.5,2024-06-19,sexta
2024-06-14,ING0244,1.0,2024-06-18,sexta
2024-06-17,ING0062,4.0,2024-06-21,emergencial
2024-06-17,ING0063,23.5,2024-06-21,emergencial
2024-06-17,ING0069,7.5,2024-06-21,emergencial
2024-06-17,ING0089,13.5,2024-06-19,emergencial
2024-06-17,ING0102,1.5,2024-06-18,emergencial
2024-06-17,ING0128,5.5,2024-06-23,emergencial
2024-06-17,ING0222,2.5,2024-06-21,emergencial
2024-06-17,ING0227,1.0,2024-06-21,emergencial
2024-06-17,ING0230,33.0,2024-06-27,emergencial
2024-06-18,ING0089,14.0,2024-06-20,emergencial
2024-06-18,ING0230,34.0,2024-06-28,emergencial
2024-06-19,ING0088,81.0,2024-06-21,emergencial
2024-06-20,ING0088,89.5,2024-06-22,emergencial
2024-06-21,ING0002,6.0,2024-06-24,sexta
2024-06-21,ING0004,16.606722862238296,2024-06-25,sexta
2024-06-21,ING0026,1.0,2024-06-25,sexta
2024-06-21,ING0036,1.5,2024-06-24,sexta
2024-06-21,ING0038,1.5,2024-06-22,sexta
2024-06-21,ING0039,0.5,2024-06-22,sexta
2024-06-21,ING0041,0.5,2024-06-22,sexta
2024-06-21,ING0044,0.5,2024-06-22,sexta
2024-06-21,ING0045,21.0,2024-06-24,sexta
2024-06-21,ING0046,0.5,2024-06-24,sexta
2024-06-21,ING0047,0.5,2024-06-22,sexta
2024-06-21,ING0049,3.5,2024-06-23,sexta
2024-06-21,ING0052,18.5,2024-06-24,sexta
2024-06-21,ING0057,173.0,2024-06-26,sexta
2024-06-21,ING0068,0.5,2024-06-27,sexta
2024-06-21,ING0069,15.966216773931933,2024-06-25,sexta
2024-06-21,ING0081,6.5,2024-06-23,sexta
2024-06-21,ING0086,95.0,2024-06-23,sexta
2024-06-21,ING0088,44.5,2024-06-23,sexta
2024-06-21,ING0093,2.5,2024-06-23,sexta
2024-06-21,ING0097,0.5,2024-06-23,sexta
2024-06-21,ING0098,1.0,2024-06-24,sexta
2024-06-21,ING0100,1.5,2024-06-24,sexta
2024-06-21,ING0101,0.5,2024-06-23,sexta
2024-06-21,ING0104,1.5,2024-06-23,sexta
2024-06-21,ING0106,1.0,2024-06-23,sexta
2024-06-21,ING0108,0.5,2024-06-23,sexta
2024-06-21,ING0110,1.0,2024-06-22,sexta
2024-06-21,ING0112,0.5,2024-06-22,sexta
2024-06-21,ING0115,1.0,2024-06-23,sexta
2024-06-21,ING0116,1.2470197617696552,2024-06-22,sexta
2024-06-21,ING0122,22.5,2024-06-25,sexta
2024-06-21,ING0124,0.5,2024-06-25,sexta
2024-06-21,ING0128,5.5,2024-06-25,sexta
2024-06-21,ING0135,0.5,2024-07-06,sexta
2024-06-21,ING0143,3.5,2024-07-04,sexta
2024-06-21,ING0145,0.5,2024-06-26,sexta
2024-06-21,ING0148,0.5,2024-07-06,sexta
2024-06-21,ING0152,2.0,2024-06-24,sexta
2024-06-21,ING0163,498.0,2024-06-22,sexta
2024-06-21,ING0164,3.0,2024-06-24,sexta
2024-06-21,ING0205,1.0,2024-06-25,sexta
2024-06-21,ING0206,72.0,2024-06-24,sexta
2024-06-21,ING0211,52.0,2024-06-24,sexta
2024-06-21,ING0214,88.0,2024-07-02,sexta
2024-06-21,ING0218,42.5,2024-06-24,sexta
2024-06-21,ING0222,0.5,2024-06-25,sexta
2024-06-21,ING0225,0.5,2024-06-25,sexta
2024-06-21,ING0227,0.5,2024-06-25,sexta
2024-06-21,ING0230,24.0,2024-06-25,sexta
2024-06-21,ING0231,1.7741231076902921,2024-06-25,sexta
2024-06-21,ING0237,0.5,2024-06-25,sexta
2024-06-21,ING0241,0.5,2024-06-26,sexta
2024-06-24,ING0012,10.5,2024-06-27,emergencial
2024-06-24,ING0165,5.0,2024-06-27,emergencial
2024-06-25,ING0012,12.0,2024-06-28,emergencial
2024-06-25,ING0165,6.0,2024-06-28,emergencial
2024-06-26,ING0012,13.0,2024-06-29,emergencial
2024-06-26,ING0089,10.5,2024-06-28,emergencial
2024-06-26,ING0165,6.5,2024-06-29,emergencial
2024-06-27,ING0089,10.0,2024-06-29,emergencial
2024-06-27,ING0163,346.0,2024-06-28,emergencial
2024-06-27,ING0214,372.0,2024-06-30,emergencial
2024-06-28,ING0002,10.0,2024-07-01,sexta
2024-06-28,ING0003,1.0,2024-07-04,sexta
2024-06-28,ING0005,0.5,2024-07-01,sexta
2024-06-28,ING0009,2.0,2024-07-01,sexta
2024-06-28,ING0011,0.5,2024-07-01,sexta
2024-06-28,ING0016,0.5,2024-07-01,sexta
2024-06-28,ING0036,1.0,2024-06-29,sexta
2024-06-28,ING0047,0.5,2024-07-01,sexta
2024-06-28,ING0049,7.082086608163555,2024-06-30,sexta
2024-06-28,ING0050,0.5,2024-06-30,sexta
2024-06-28,ING0057,245.0,2024-06-30,sexta
2024-06-28,ING0067,0.5,2024-07-03,sexta
2024-06-28,ING0072,0.5,2024-07-10,sexta
2024-06-28,ING0081,11.0,2024-06-30,sexta
2024-06-28,ING0086,120.5,2024-06-30,sexta
2024-06-28,ING0093,4.5,2024-06-30,sexta
2024-06-28,ING0097,0.5,2024-06-30,sexta
2024-06-28,ING0098,0.5,2024-06-30,sexta
2024-06-28,ING0100,1.0,2024-06-29,sexta
2024-06-28,ING0102,2.5,2024-06-30,sexta
2024-06-28,ING0103,0.5616984238701936,2024-06-29,sexta
2024-06-28,ING0104,2.0,2024-07-03,sexta
2024-06-28,ING0127,1.0,2024-07-02,sexta
2024-06-28,ING0128,0.5,2024-07-02,sexta
2024-06-28,ING0136,0.5,2024-07-02,sexta
2024-06-28,ING0143,9.0,2024-07-02,sexta
2024-06-28,ING0148,0.4271165618206613,2024-07-02,sexta
2024-06-28,ING0150,1.0,2024-07-01,sexta
2024-06-28,ING0151,1.0,2024-07-07,sexta
2024-06-28,ING0152,2.0,2024-07-01,sexta
2024-06-28,ING0156,0.5,2024-07-01,sexta
2024-06-28,ING0161,2.0,2024-07-01,sexta
2024-06-28,ING0163,94.0,2024-06-29,sexta
2024-06-28,ING0164,2.5,2024-07-01,sexta
2024-06-28,ING0166,0.5,2024-07-02,sexta
2024-06-28,ING0206,46.0,2024-07-01,sexta
2024-06-28,ING0214,341.0,2024-07-01,sexta
2024-06-28,ING0218,29.0,2024-07-01,sexta
2024-06-28,ING0227,0.5,2024-07-02,sexta
2024-06-28,ING0233,0.5,2024-07-03,sexta
2024-07-01,ING0003,1.0,2024-07-04,emergencial
2024-07-01,ING0089,9.5,2024-07-03,emergencial
2024-07-01,ING0095,41.5,2024-07-04,emergencial
2024-07-01,ING0104,4.5,2024-07-02,emergencial
2024-07-01,ING0143,13.5,2024-07-05,emergencial
2024-07-01,ING0163,377.0,2024-07-02,emergencial
2024-07-02,ING0003,3.784975379374653,2024-07-05,emergencial
2024-07-02,ING0089,11.0,2024-07-04,emergencial
2024-07-02,ING0095,44.5,2024-07-04,emergencial
2024-07-03,ING0003,5.677463069061979,2024-07-06,emergencial
2024-07-03,ING0095,43.0,2024-07-05,emergencial
2024-07-03,ING0163,398.0,2024-07-04,emergencial
2024-07-04,ING0040,19.5,2024-07-05,emergencial
2024-07-04,ING0049,28.0,2024-07-06,emergencial
2024-07-04,ING0122,76.0,2024-07-08,emergencial
2024-07-04,ING0238,4.0,2024-07-08,emergencial
2024-07-05,ING0002,5.0,2024-07-08,sexta
2024-07-05,ING0024,17.5,2024-07-08,sexta
2024-07-05,ING0026,4.5,2024-07-19,sexta
2024-07-05,ING0036,6.998059910153081,2024-07-06,sexta
2024-07-05,ING0038,4.0,2024-07-06,sexta
2024-07-05,ING0039,0.5,2024-07-07,sexta
2024-07-05,ING0047,0.5804599276666718,2024-07-06,sexta
2024-07-05,ING0049,29.5,2024-07-07,sexta
2024-07-05,ING0052,66.5,2024-07-07,sexta
2024-07-05,ING0054,0.5,2024-07-08,sexta
2024-07-05,ING0057,448.0,2024-07-07,sexta
2024-07-05,ING0060,6.5,2024-07-09,sexta
2024-07-05,ING0062,10.829515297219542,2024-07-09,sexta
2024-07-05,ING0066,62.5,2024-07-09,sexta
2024-07-05,ING0068,0.5,2024-07-14,sexta
2024-07-05,ING0072,0.5,2024-07-09,sexta
2024-07-05,ING0073,1.2451002823350326,2024-07-09,sexta
2024-07-05,ING0075,3.0,2024-07-07,sexta
2024-07-05,ING0076,7.0,2024-07-07,sexta
2024-07-05,ING0084,58.0,2024-07-08,sexta
2024-07-05,ING0085,0.5,2024-07-07,sexta
2024-07-05,ING0086,123.0,2024-07-07,sexta
2024-07-05,ING0092,40.5,2024-07-07,sexta
2024-07-05,ING0093,7.0,2024-07-07,sexta
2024-07-05,ING0094,3.5,2024-07-07,sexta
2024-07-05,ING0097,0.5,2024-07-07,sexta
2024-07-05,ING0098,0.5,2024-07-06,sexta
2024-07-05,ING0100,0.5,2024-07-07,sexta
2024-07-05,ING0102,2.5,2024-07-06,sexta
2024-07-05,ING0103,0.5,2024-07-06,sexta
2024-07-05,ING0107,3.0,2024-07-06,sexta
2024-07-05,ING0109,0.5,2024-07-06,sexta
2024-07-05,ING0115,4.5,2024-07-07,sexta
2024-07-05,ING0122,75.90354066246375,2024-07-09,sexta
2024-07-05,ING0124,2.0,2024-07-09,sexta
2024-07-05,ING0128,7.5,2024-07-10,sexta
2024-07-05,ING0129,1.5,2024-07-09,sexta
2024-07-05,ING0136,0.5,2024-07-09,sexta
2024-07-05,ING0137,0.5,2024-07-09,sexta
2024-07-05,ING0138,0.5,2024-07-17,sexta
2024-07-05,ING0146,1.2771096176986578,2024-07-09,sexta
2024-07-05,ING0149,0.5,2024-07-09,sexta
2024-07-05,ING0151,1.0,2024-07-08,sexta
2024-07-05,ING0152,3.218243301534098,2024-07-09,sexta
2024-07-05,ING0161,8.0,2024-07-09,sexta
2024-07-05,ING0163,1098.82667449629,2024-07-06,sexta
2024-07-05,ING0164,7.0,2024-07-08,sexta
2024-07-05,ING0166,1.0,2024-07-08,sexta
2024-07-05,ING0188,18.51892255489284,2024-07-08,sexta
2024-07-05,ING0190,22.5,2024-07-08,sexta
2024-07-05,ING0195,2.0,2024-07-08,sexta
2024-07-05,ING0205,1.5,2024-07-08,sexta
2024-07-05,ING0211,669.4336288782895,2024-07-08,sexta
2024-07-05,ING0218,105.5,2024-07-08,sexta
2024-07-05,ING0222,5.0,2024-07-10,sexta
2024-07-05,ING0227,0.5,2024-07-10,sexta
2024-07-05,ING0232,8.0,2024-07-13,sexta
2024-07-05,ING0238,4.5,2024-07-09,sexta
2024-07-05,ING0239,0.5,2024-07-09,sexta
2024-07-05,ING0240,3.5,2024-07-09,sexta
2024-07-08,ING0019,651.0,2024-07-11,emergencial
2024-07-08,ING0026,7.0,2024-07-12,emergencial
2024-07-08,ING0034,4.5,2024-07-09,emergencial
2024-07-08,ING0060,16.5,2024-07-12,emergencial
2024-07-08,ING0063,31.0,2024-07-15,emergencial
2024-07-08,ING0066,85.0,2024-07-22,emergencial
2024-07-08,ING0076,35.0,2024-07-10,emergencial
2024-07-08,ING0089,14.0,2024-07-10,emergencial
2024-07-08,ING0124,1.5,2024-07-12,emergencial
2024-07-08,ING0128,9.5,2024-07-12,emergencial
2024-07-08,ING0152,3.5,2024-07-11,emergencial
2024-07-08,ING0161,7.5,2024-07-11,emergencial
2024-07-08,ING0222,5.0,2024-07-12,emergencial
2024-07-08,ING0232,13.5,2024-07-14,emergencial
2024-07-08,ING0240,8.0,2024-07-12,emergencial
2024-07-09,ING0002,18.43881616292507,2024-07-12,emergencial
2024-07-09,ING0019,640.0,2024-07-12,emergencial
2024-07-09,ING0026,6.5,2024-07-13,emergencial
2024-07-09,ING0060,14.0,2024-07-13,emergencial
2024-07-09,ING0063,33.5,2024-07-13,emergencial
2024-07-09,ING0076,37.0,2024-07-11,emergencial
2024-07-09,ING0087,2.0,2024-07-11,emergencial
2024-07-09,ING0088,105.5,2024-07-11,emergencial
2024-07-09,ING0089,14.5,2024-07-11,emergencial
2024-07-09,ING0116,2.0,2024-07-10,emergencial
2024-07-09,ING0128,8.0,2024-07-13,emergencial
2024-07-09,ING0163,659.0,2024-07-11,emergencial
2024-07-09,ING0203,7.5,2024-07-12,emergencial
2024-07-09,ING0222,4.0,2024-07-13,emergencial
2024-07-09,ING0232,12.5,2024-07-15,emergencial
2024-07-10,ING0019,712.4130910531144,2024-07-13,emergencial
2024-07-10,ING0026,6.0,2024-07-14,emergencial
2024-07-10,ING0063,32.5,2024-07-14,emergencial
2024-07-10,ING0087,2.0,2024-07-12,emergencial
2024-07-10,ING0088,100.0,2024-07-13,emergencial
2024-07-10,ING0100,1.9620047457092018,2024-07-11,emergencial
2024-07-10,ING0163,648.0,2024-07-12,emergencial
2024-07-10,ING0232,14.0,2024-07-16,emergencial
2024-07-11,ING0026,4.5,2024-07-15,emergencial
2024-07-11,ING0034,4.0,2024-07-12,emergencial
2024-07-11,ING0043,51.0,2024-07-12,emergencial
2024-07-11,ING0063,32.0,2024-07-15,emergencial
2024-07-11,ING0203,10.5,2024-07-14,emergencial
2024-07-11,ING0232,11.5,2024-07-17,emergencial
2024-07-12,ING0004,245.7072452626733,2024-07-22,sexta
2024-07-12,ING0007,1.0,2024-07-15,sexta
2024-07-12,ING0015,104.0,2024-07-22,sexta
2024-07-12,ING0024,6.5,2024-07-15,sexta
2024-07-12,ING0027,2.5,2024-07-16,sexta
2024-07-12,ING0038,2.0,2024-07-13,sexta
2024-07-12,ING0043,15.636405498504619,2024-07-13,sexta
2024-07-12,ING0045,126.46058011278787,2024-07-13,sexta
2024-07-12,ING0046,0.5,2024-07-13,sexta
2024-07-12,ING0047,0.5,2024-07-13,sexta
2024-07-12,ING0051,0.5,2024-07-14,sexta
2024-07-12,ING0053,0.5,2024-07-14,sexta
2024-07-12,ING0055,0.5,2024-07-14,sexta
2024-07-12,ING0057,384.0,2024-07-14,sexta
2024-07-12,ING0060,7.0,2024-07-16,sexta
2024-07-12,ING0063,35.0,2024-07-16,sexta
2024-07-12,ING0066,103.10969125170419,2024-07-24,sexta
2024-07-12,ING0067,0.4988059467696609,2024-07-16,sexta
2024-07-12,ING0068,0.5,2024-07-16,sexta
2024-07-12,ING0069,0.5,2024-07-16,sexta
2024-07-12,ING0075,2.4467421586592426,2024-07-14,sexta
2024-07-12,ING0076,1.9301819287447706,2024-07-14,sexta
2024-07-12,ING0081,14.427493077325767,2024-07-16,sexta
2024-07-12,ING0084,33.5,2024-07-14,sexta
2024-07-12,ING0085,0.5,2024-07-14,sexta
2024-07-12,ING0086,408.06546398286076,2024-07-14,sexta
2024-07-12,ING0090,8.0,2024-07-16,sexta
2024-07-12,ING0092,15.0,2024-07-14,sexta
2024-07-12,ING0094,2.5,2024-07-17,sexta
2024-07-12,ING0098,0.5,2024-07-13,sexta
2024-07-12,ING0100,1.0,2024-07-13,sexta
2024-07-12,ING0102,1.5,2024-07-13,sexta
2024-07-12,ING0103,0.5,2024-07-14,sexta
2024-07-12,ING0108,0.5,2024-07-13,sexta
2024-07-12,ING0110,1.9507433028944203,2024-07-13,sexta
2024-07-12,ING0113,0.5,2024-07-13,sexta
2024-07-12,ING0114,0.5,2024-07-17,sexta
2024-07-12,ING0115,1.0,2024-07-13,sexta
2024-07-12,ING0129,6.777235733184862,2024-07-17,sexta
2024-07-12,ING0135,0.5,2024-07-16,sexta
2024-07-12,ING0138,0.49524569076492236,2024-07-16,sexta
2024-07-12,ING0143,4.0,2024-07-16,sexta
2024-07-12,ING0145,0.5,2024-07-16,sexta
2024-07-12,ING0147,0.5,2024-07-16,sexta
2024-07-12,ING0150,0.5,2024-07-15,sexta
2024-07-12,ING0166,1.0,2024-07-16,sexta
2024-07-12,ING0172,10.0,2024-07-15,sexta
2024-07-12,ING0175,7.0,2024-07-15,sexta
2024-07-12,ING0178,243.0,2024-07-15,sexta
2024-07-12,ING0190,21.0,2024-07-15,sexta
2024-07-12,ING0192,1.6746852437645199,2024-07-15,sexta
2024-07-12,ING0194,1.0,2024-07-15,sexta
2024-07-12,ING0203,1.0,2024-07-15,sexta
2024-07-12,ING0205,1.5,2024-07-15,sexta
2024-07-12,ING0215,72.5,2024-07-15,sexta
2024-07-12,ING0218,57.0,2024-07-15,sexta
2024-07-12,ING0225,0.5,2024-07-16,sexta
2024-07-12,ING0232,17.0,2024-07-18,sexta
2024-07-15,ING0027,3.0,2024-07-22,emergencial
2024-07-15,ING0066,96.0,2024-07-19,emergencial
2024-07-15,ING0075,1.5,2024-07-19,emergencial
2024-07-15,ING0081,13.5,2024-07-17,emergencial
2024-07-15,ING0089,13.0,2024-07-18,emergencial
2024-07-15,ING0090,10.0,2024-07-18,emergencial
2024-07-15,ING0166,1.5,2024-07-19,emergencial
2024-07-15,ING0178,155.0,2024-07-18,emergencial
2024-07-16,ING0066,92.5,2024-07-20,emergencial
2024-07-16,ING0075,2.0,2024-07-20,emergencial
2024-07-16,ING0089,12.5,2024-07-18,emergencial
2024-07-16,ING0131,2.5,2024-07-25,emergencial
2024-07-17,ING0066,91.5,2024-07-21,emergencial
2024-07-17,ING0075,2.0,2024-07-21,emergencial
2024-07-17,ING0089,12.0,2024-07-20,emergencial
2024-07-17,ING0131,1.9217347614714826,2024-07-25,emergencial
2024-07-17,ING0163,638.0,2024-07-18,emergencial
2024-07-17,ING0238,6.0,2024-07-21,emergencial
2024-07-18,ING0066,87.5,2024-07-22,emergencial
2024-07-18,ING0131,2.5,2024-07-26,emergencial
2024-07-18,ING0231,2.0,2024-07-22,emergencial
2024-07-18,ING0238,6.0,2024-07-22,emergencial
2024-07-19,ING0006,41.5,2024-07-22,sexta
2024-07-19,ING0011,0.5,2024-07-22,sexta
2024-07-19,ING0012,4.0,2024-07-22,sexta
2024-07-19,ING0015,305.0,2024-07-22,sexta
2024-07-19,ING0018,21.5,2024-07-22,sexta
2024-07-19,ING0024,9.0,2024-07-22,sexta
2024-07-19,ING0027,2.0,2024-07-26,sexta
2024-07-19,ING0033,1.0,2024-07-21,sexta
2024-07-19,ING0038,2.0,2024-07-20,sexta
2024-07-19,ING0039,0.5,2024-07-20,sexta
2024-07-19,ING0040,6.5,2024-07-20,sexta
2024-07-19,ING0041,0.5,2024-07-21,sexta
2024-07-19,ING0043,18.5,2024-07-22,sexta
2024-07-19,ING0044,0.5,2024-07-21,sexta
2024-07-19,ING0047,0.5,2024-07-20,sexta
2024-07-19,ING0048,3.5,2024-07-21,sexta
2024-07-19,ING0049,7.0,2024-07-21,sexta
2024-07-19,ING0050,0.5,2024-07-24,sexta
2024-07-19,ING0052,18.5,2024-07-21,sexta
2024-07-19,ING0059,1.5,2024-07-23,sexta
2024-07-19,ING0060,1.588439702361222,2024-07-29,sexta
2024-07-19,ING0069,7.5,2024-07-23,sexta
2024-07-19,ING0081,1.0,2024-07-21,sexta
2024-07-19,ING0083,1.0,2024-07-21,sexta
2024-07-19,ING0084,27.0,2024-07-21,sexta
2024-07-19,ING0085,0.5,2024-07-25,sexta
2024-07-19,ING0087,1.0,2024-07-24,sexta
2024-07-19,ING0097,0.5,2024-07-24,sexta
2024-07-19,ING0098,0.5,2024-07-22,sexta
2024-07-19,ING0100,0.5,2024-07-20,sexta
2024-07-19,ING0102,1.0,2024-07-20,sexta
2024-07-19,ING0109,0.5,2024-07-20,sexta
2024-07-19,ING0112,0.5,2024-07-21,sexta
2024-07-19,ING0124,0.4677216238933981,2024-07-23,sexta
2024-07-19,ING0126,7.0,2024-07-23,sexta
2024-07-19,ING0131,2.5,2024-07-27,sexta
2024-07-19,ING0132,5.0,2024-07-23,sexta
2024-07-19,ING0137,0.5,2024-07-23,sexta
2024-07-19,ING0143,4.5,2024-07-23,sexta
2024-07-19,ING0150,0.5,2024-07-22,sexta
2024-07-19,ING0152,1.0,2024-07-22,sexta
2024-07-19,ING0154,27.0,2024-07-22,sexta
2024-07-19,ING0161,0.5,2024-07-22,sexta
2024-07-19,ING0165,1.5,2024-07-22,sexta
2024-07-19,ING0175,14.0,2024-07-27,sexta
2024-07-19,ING0190,24.5,2024-07-22,sexta
2024-07-19,ING0194,0.5,2024-07-23,sexta
2024-07-19,ING0195,1.0,2024-07-25,sexta
2024-07-19,ING0203,0.5,2024-07-25,sexta
2024-07-19,ING0205,0.5,2024-07-23,sexta
2024-07-19,ING0206,31.0,2024-07-22,sexta
2024-07-19,ING0218,41.5,2024-07-22,sexta
2024-07-19,ING0227,0.5,2024-07-23,sexta
2024-07-19,ING0228,3.0,2024-07-25,sexta
2024-07-19,ING0230,35.0,2024-07-25,sexta
2024-07-19,ING0231,2.0,2024-07-23,sexta
2024-07-19,ING0238,6.5,2024-07-23,sexta
2024-07-19,ING0240,2.0,2024-07-23,sexta
2024-07-22,ING0069,11.0,2024-07-26,emergencial
2024-07-22,ING0104,2.987571587878012,2024-07-24,emergencial
2024-07-22,ING0131,2.5,2024-07-30,emergencial
2024-07-22,ING0132,5.5,2024-07-27,emergencial
2024-07-22,ING0163,505.0,2024-07-23,emergencial
2024-07-22,ING0228,2.301045219508565,2024-08-04,emergencial
2024-07-22,ING0230,33.0,2024-07-26,emergencial
2024-07-23,ING0030,5.5,2024-07-27,emergencial
2024-07-23,ING0057,223.0,2024-07-25,emergencial
2024-07-23,ING0092,17.5,2024-07-28,emergencial
2024-07-23,ING0104,2.5,2024-07-24,emergencial
2024-07-23,ING0131,2.5,2024-07-31,emergencial
2024-07-23,ING0175,15.0,2024-07-31,emergencial
2024-07-23,ING0228,2.5,2024-08-05,emergencial
2024-07-23,ING0230,36.5,2024-07-27,emergencial
2024-07-24,ING0057,219.0,2024-07-26,emergencial
2024-07-24,ING0092,21.5,2024-07-27,emergencial
2024-07-24,ING0094,4.5,2024-07-26,emergencial
2024-07-24,ING0131,3.5,2024-08-01,emergencial
2024-07-24,ING0175,16.5,2024-08-01,emergencial
2024-07-24,ING0215,207.89092426155497,2024-07-28,emergencial
2024-07-24,ING0228,2.5,2024-08-06,emergencial
2024-07-24,ING0230,45.91151725150519,2024-07-29,emergencial
2024-07-25,ING0012,9.5,2024-07-28,emergencial
2024-07-25,ING0030,6.5,2024-07-29,emergencial
2024-07-25,ING0092,24.5,2024-07-27,emergencial
2024-07-25,ING0094,4.5,2024-07-27,emergencial
2024-07-25,ING0116,2.0,2024-07-26,emergencial
2024-07-25,ING0175,15.0,2024-08-02,emergencial
2024-07-25,ING0215,199.94604817512612,2024-07-28,emergencial
2024-07-26,ING0006,30.0,2024-07-29,sexta
2024-07-26,ING0007,0.5,2024-07-29,sexta
2024-07-26,ING0010,51.0,2024-07-29,sexta
2024-07-26,ING0012,7.0,2024-07-30,sexta
2024-07-26,ING0015,79.0,2024-07-29,sexta
2024-07-26,ING0016,0.5,2024-07-29,sexta
2024-07-26,ING0018,30.5,2024-07-29,sexta
2024-07-26,ING0024,5.0,2024-08-01,sexta
2024-07-26,ING0030,7.0,2024-07-30,sexta
2024-07-26,ING0033,1.4806502937371828,2024-07-27,sexta
2024-07-26,ING0034,2.0,2024-07-27,sexta
2024-07-26,ING0037,0.5,2024-07-29,sexta
2024-07-26,ING0038,1.5,2024-07-27,sexta
2024-07-26,ING0043,6.5,2024-07-27,sexta
2024-07-26,ING0047,0.5,2024-07-27,sexta
2024-07-26,ING0049,6.0,2024-07-28,sexta
2024-07-26,ING0055,0.5,2024-07-28,sexta
2024-07-26,ING0059,1.0,2024-07-31,sexta
2024-07-26,ING0069,1.0,2024-07-30,sexta
2024-07-26,ING0078,2.0,2024-07-28,sexta
2024-07-26,ING0081,6.5,2024-07-28,sexta
2024-07-26,ING0083,0.5,2024-07-28,sexta
2024-07-26,ING0084,17.0,2024-07-28,sexta
2024-07-26,ING0085,0.5,2024-07-31,sexta
2024-07-26,ING0092,21.0,2024-07-28,sexta
2024-07-26,ING0096,1.0,2024-07-28,sexta
2024-07-26,ING0097,0.43698185506300874,2024-07-28,sexta
2024-07-26,ING0099,1.0,2024-07-28,sexta
2024-07-26,ING0100,0.5,2024-07-27,sexta
2024-07-26,ING0101,0.5,2024-07-29,sexta
2024-07-26,ING0115,1.5,2024-07-28,sexta
2024-07-26,ING0124,0.5,2024-07-30,sexta
2024-07-26,ING0126,5.5,2024-07-30,sexta
2024-07-26,ING0128,0.5,2024-08-02,sexta
2024-07-26,ING0132,4.5,2024-07-30,sexta
2024-07-26,ING0134,0.5,2024-07-30,sexta
2024-07-26,ING0136,0.5,2024-07-30,sexta
2024-07-26,ING0143,3.0,2024-08-04,sexta
2024-07-26,ING0150,0.5,2024-07-29,sexta
2024-07-26,ING0152,1.0,2024-07-29,sexta
2024-07-26,ING0156,0.5,2024-07-29,sexta
2024-07-26,ING0161,1.0,2024-07-29,sexta
2024-07-26,ING0163,448.0,2024-07-27,sexta
2024-07-26,ING0165,1.6626786572648882,2024-07-29,sexta
2024-07-26,ING0166,0.5,2024-07-29,sexta
2024-07-26,ING0168,1.0,2024-07-29,sexta
2024-07-26,ING0175,12.0,2024-08-03,sexta
2024-07-26,ING0203,3.0,2024-07-31,sexta
2024-07-26,ING0206,21.5,2024-07-29,sexta
2024-07-26,ING0214,83.0,2024-08-02,sexta
2024-07-26,ING0215,176.11141991583955,2024-07-29,sexta
2024-07-26,ING0218,16.0,2024-07-29,sexta
2024-07-26,ING0221,6.5,2024-07-30,sexta
2024-07-26,ING0227,0.5,2024-07-30,sexta
2024-07-26,ING0239,0.5,2024-07-30,sexta
2024-07-26,ING0240,1.5,2024-07-30,sexta
2024-07-29,ING0024,5.5,2024-08-01,emergencial
2024-07-29,ING0059,1.2194291979397116,2024-08-02,emergencial
2024-07-29,ING0203,4.0,2024-08-01,emergencial
2024-07-30,ING0024,7.5,2024-08-02,emergencial
2024-07-30,ING0059,1.5,2024-08-03,emergencial
2024-07-30,ING0203,3.5,2024-08-02,emergencial
2024-07-31,ING0003,1.0,2024-08-06,emergencial
2024-07-31,ING0008,17.5,2024-08-03,emergencial
2024-07-31,ING0024,13.5,2024-08-03,emergencial
2024-07-31,ING0089,8.0,2024-08-02,emergencial
2024-07-31,ING0163,383.0,2024-08-01,emergencial
2024-08-01,ING0003,1.0,2024-08-04,emergencial
2024-08-01,ING0008,21.5,2024-08-04,emergencial
2024-08-01,ING0089,8.0,2024-08-05,emergencial
2024-08-02,ING0001,1.0,2024-08-05,sexta
2024-08-02,ING0003,1.0,2024-08-05,sexta
2024-08-02,ING0005,0.5,2024-08-05,sexta
2024-08-02,ING0007,1.0,2024-08-05,sexta
2024-08-02,ING0008,19.0,2024-08-05,sexta
2024-08-02,ING0010,176.0,2024-08-05,sexta
2024-08-02,ING0015,248.0,2024-08-05,sexta
2024-08-02,ING0018,224.2106064876266,2024-08-05,sexta
2024-08-02,ING0027,0.5,2024-08-07,sexta
2024-08-02,ING0033,5.0,2024-08-03,sexta
2024-08-02,ING0037,1.5,2024-08-03,sexta
2024-08-02,ING0038,1.5,2024-08-03,sexta
2024-08-02,ING0047,1.0,2024-08-03,sexta
2024-08-02,ING0049,10.0,2024-08-04,sexta
2024-08-02,ING0051,0.5,2024-08-04,sexta
2024-08-02,ING0053,0.5,2024-08-04,sexta
2024-08-02,ING0054,0.5,2024-08-06,sexta
2024-08-02,ING0061,2.0,2024-08-06,sexta
2024-08-02,ING0068,0.5,2024-08-06,sexta
2024-08-02,ING0081,5.5,2024-08-04,sexta
2024-08-02,ING0084,40.0,2024-08-05,sexta
2024-08-02,ING0085,0.5,2024-08-04,sexta
2024-08-02,ING0088,73.5,2024-08-05,sexta
2024-08-02,ING0096,1.0,2024-08-06,sexta
2024-08-02,ING0097,0.5,2024-08-04,sexta
2024-08-02,ING0098,0.5,2024-08-03,sexta
2024-08-02,ING0103,0.5367371424943926,2024-08-03,sexta
2024-08-02,ING0110,0.5,2024-08-04,sexta
2024-08-02,ING0114,0.5,2024-08-03,sexta
2024-08-02,ING0115,2.0,2024-08-03,sexta
2024-08-02,ING0124,0.5,2024-08-06,sexta
2024-08-02,ING0125,1.5,2024-08-06,sexta
2024-08-02,ING0126,9.5,2024-08-06,sexta
2024-08-02,ING0151,1.0,2024-08-10,sexta
2024-08-02,ING0152,1.0,2024-08-05,sexta
2024-08-02,ING0161,4.5,2024-08-05,sexta
2024-08-02,ING0165,1.5,2024-08-05,sexta
2024-08-02,ING0166,0.5,2024-08-05,sexta
2024-08-02,ING0189,2.0,2024-08-05,sexta
2024-08-02,ING0190,23.0,2024-08-07,sexta
2024-08-02,ING0214,150.0,2024-08-09,sexta
2024-08-02,ING0225,0.5,2024-08-06,sexta
2024-08-02,ING0227,0.5,2024-08-06,sexta
2024-08-02,ING0240,4.0,2024-08-13,sexta
2024-08-02,ING0241,0.5,2024-08-06,sexta
2024-08-05,ING0027,1.3244713199318816,2024-08-09,emergencial
2024-08-05,ING0061,7.5,2024-08-09,emergencial
2024-08-05,ING0126,30.0,2024-08-09,emergencial
2024-08-05,ING0163,283.0,2024-08-06,emergencial
2024-08-05,ING0240,7.0,2024-08-10,emergencial
2024-08-06,ING0027,1.5,2024-08-10,emergencial
2024-08-06,ING0057,383.0,2024-08-08,emergencial
2024-08-06,ING0070,50.0,2024-08-10,emergencial
2024-08-06,ING0240,8.5,2024-08-10,emergencial
2024-08-07,ING0027,2.0,2024-08-11,emergencial
2024-08-07,ING0028,24.0,2024-08-11,emergencial
2024-08-07,ING0040,18.0,2024-08-08,emergencial
2024-08-07,ING0043,46.0,2024-08-09,emergencial
2024-08-07,ING0049,22.5,2024-08-09,emergencial
2024-08-07,ING0057,469.0,2024-08-09,emergencial
2024-08-07,ING0061,8.0,2024-08-11,emergencial
2024-08-07,ING0070,66.0,2024-08-11,emergencial
2024-08-07,ING0089,9.0,2024-08-09,emergencial
2024-08-07,ING0115,4.0,2024-08-08,emergencial
2024-08-07,ING0128,9.5,2024-08-11,emergencial
2024-08-07,ING0160,4.281804026853429,2024-08-10,emergencial
2024-08-07,ING0163,356.0,2024-08-08,emergencial
2024-08-07,ING0172,11.5,2024-08-10,emergencial
2024-08-07,ING0206,225.5,2024-08-10,emergencial
2024-08-07,ING0218,135.5,2024-08-10,emergencial
2024-08-07,ING0238,3.0,2024-08-22,emergencial
2024-08-07,ING0240,9.5,2024-08-11,emergencial
2024-08-08,ING0002,6.0,2024-08-11,emergencial
2024-08-08,ING0003,1.5,2024-08-11,emergencial
2024-08-08,ING0007,1.367846531120195,2024-08-11,emergencial
2024-08-08,ING0015,554.0,2024-08-11,emergencial
2024-08-08,ING0027,3.0,2024-08-12,emergencial
2024-08-08,ING0028,14.5,2024-08-12,emergencial
2024-08-08,ING0037,3.0,2024-08-10,emergencial
2024-08-08,ING0038,4.5,2024-08-09,emergencial
2024-08-08,ING0043,44.5,2024-08-09,emergencial
2024-08-08,ING0045,64.90793514645175,2024-08-10,emergencial
2024-08-08,ING0048,14.5,2024-08-10,emergencial
2024-08-08,ING0049,21.0,2024-08-10,emergencial
2024-08-08,ING0052,54.5,2024-08-11,emergencial
2024-08-08,ING0057,418.0,2024-08-11,emergencial
2024-08-08,ING0061,6.0,2024-08-12,emergencial
2024-08-08,ING0070,52.5,2024-08-14,emergencial
2024-08-08,ING0084,311.5974788555006,2024-08-10,emergencial
2024-08-08,ING0089,11.5,2024-08-10,emergencial
2024-08-08,ING0096,5.5,2024-08-10,emergencial
2024-08-08,ING0110,4.5,2024-08-09,emergencial
2024-08-08,ING0116,2.0,2024-08-10,emergencial
2024-08-08,ING0124,1.5,2024-08-19,emergencial
2024-08-08,ING0126,20.5,2024-08-12,emergencial
2024-08-08,ING0128,8.0,2024-08-12,emergencial
2024-08-08,ING0143,14.5,2024-08-12,emergencial
2024-08-08,ING0152,4.0,2024-08-11,emergencial
2024-08-08,ING0154,49.0,2024-08-11,emergencial
2024-08-08,ING0159,916.0,2024-08-09,emergencial
2024-08-08,ING0160,3.5,2024-08-11,emergencial
2024-08-08,ING0161,6.758478303967191,2024-08-18,emergencial
2024-08-08,ING0163,538.0,2024-08-09,emergencial
2024-08-08,ING0165,5.5,2024-08-11,emergencial
2024-08-08,ING0166,1.5,2024-08-11,emergencial
2024-08-08,ING0172,9.5,2024-08-11,emergencial
2024-08-08,ING0192,45.5,2024-08-11,emergencial
2024-08-08,ING0194,2.4765138579574995,2024-08-11,emergencial
2024-08-08,ING0195,1.5,2024-08-11,emergencial
2024-08-08,ING0203,23.461951529803155,2024-08-11,emergencial
2024-08-08,ING0206,166.5,2024-08-11,emergencial
2024-08-08,ING0214,305.0,2024-08-11,emergencial
2024-08-08,ING0218,133.5,2024-08-11,emergencial
2024-08-08,ING0238,4.0,2024-08-24,emergencial
2024-08-08,ING0240,7.5,2024-08-15,emergencial
2024-08-09,ING0001,1.0161123139455361,2024-08-18,sexta
2024-08-09,ING0002,5.5,2024-08-12,sexta
2024-08-09,ING0003,1.5,2024-08-12,sexta
2024-08-09,ING0005,0.5,2024-08-12,sexta
2024-08-09,ING0007,1.5,2024-08-12,sexta
2024-08-09,ING0012,38.85217787190006,2024-08-12,sexta
2024-08-09,ING0015,567.0,2024-08-12,sexta
2024-08-09,ING0016,0.493746583139265,2024-08-12,sexta
2024-08-09,ING0019,254.0,2024-08-12,sexta
2024-08-09,ING0024,10.0,2024-08-12,sexta
2024-08-09,ING0027,1.0,2024-08-13,sexta
2024-08-09,ING0028,15.0,2024-08-13,sexta
2024-08-09,ING0030,13.0,2024-08-13,sexta
2024-08-09,ING0033,4.5,2024-08-10,sexta
2024-08-09,ING0036,1.0,2024-08-11,sexta
2024-08-09,ING0037,2.5,2024-08-10,sexta
2024-08-09,ING0039,0.5,2024-08-10,sexta
2024-08-09,ING0041,0.5,2024-08-12,sexta
2024-08-09,ING0045,52.5,2024-08-11,sexta
2024-08-09,ING0046,0.5,2024-08-11,sexta
2024-08-09,ING0047,0.5,2024-08-10,sexta
2024-08-09,ING0048,14.0,2024-08-11,sexta
2024-08-09,ING0052,48.0,2024-08-11,sexta
2024-08-09,ING0055,0.5178223830840852,2024-08-11,sexta
2024-08-09,ING0059,2.5,2024-08-15,sexta
2024-08-09,ING0062,4.5,2024-08-13,sexta
2024-08-09,ING0069,51.42113752939652,2024-08-13,sexta
2024-08-09,ING0070,48.5,2024-08-13,sexta
2024-08-09,ING0071,3.5,2024-08-13,sexta
2024-08-09,ING0076,16.90262076914065,2024-08-11,sexta
2024-08-09,ING0083,2.0,2024-08-11,sexta
2024-08-09,ING0084,268.1187608756633,2024-08-11,sexta
2024-08-09,ING0085,0.5,2024-08-11,sexta
2024-08-09,ING0087,4.550928280864571,2024-08-11,sexta
2024-08-09,ING0088,110.5,2024-08-11,sexta
2024-08-09,ING0090,4.0,2024-08-12,sexta
2024-08-09,ING0100,0.5,2024-08-10,sexta
2024-08-09,ING0104,3.0,2024-08-10,sexta
2024-08-09,ING0108,0.5,2024-08-10,sexta
2024-08-09,ING0115,3.5,2024-08-10,sexta
2024-08-09,ING0116,1.5,2024-08-11,sexta
2024-08-09,ING0124,1.0,2024-08-13,sexta
2024-08-09,ING0127,1.0,2024-08-17,sexta
2024-08-09,ING0128,7.0,2024-08-13,sexta
2024-08-09,ING0136,0.5,2024-08-24,sexta
2024-08-09,ING0137,0.5,2024-08-13,sexta
2024-08-09,ING0143,14.5,2024-08-13,sexta
2024-08-09,ING0147,0.5,2024-08-13,sexta
2024-08-09,ING0149,0.5,2024-08-13,sexta
2024-08-09,ING0150,0.5,2024-08-12,sexta
2024-08-09,ING0152,4.0,2024-08-12,sexta
2024-08-09,ING0154,45.5,2024-08-12,sexta
2024-08-09,ING0159,11.0,2024-08-10,sexta
2024-08-09,ING0160,2.0,2024-08-12,sexta
2024-08-09,ING0161,5.0,2024-08-19,sexta
2024-08-09,ING0165,5.0,2024-08-12,sexta
2024-08-09,ING0166,1.5,2024-08-12,sexta
2024-08-09,ING0189,1.5,2024-08-12,sexta
2024-08-09,ING0190,10.0,2024-08-12,sexta
2024-08-09,ING0192,39.5,2024-08-12,sexta
2024-08-09,ING0194,1.0699530078607649,2024-08-12,sexta
2024-08-09,ING0195,2.0,2024-08-12,sexta
2024-08-09,ING0202,8.0,2024-08-12,sexta
2024-08-09,ING0204,1.0,2024-08-12,sexta
2024-08-09,ING0206,143.5,2024-08-14,sexta
2024-08-09,ING0214,159.92695268093343,2024-08-12,sexta
2024-08-09,ING0218,129.5,2024-08-12,sexta
2024-08-09,ING0220,14.5,2024-08-12,sexta
2024-08-09,ING0222,3.5,2024-08-13,sexta
2024-08-09,ING0227,0.5,2024-08-13,sexta
2024-08-09,ING0234,0.5,2024-08-13,sexta
2024-08-09,ING0237,0.5,2024-08-13,sexta
2024-08-09,ING0238,10.267112897099086,2024-08-27,sexta
2024-08-09,ING0239,0.5,2024-08-13,sexta
2024-08-09,ING0240,6.5,2024-08-17,sexta
2024-08-12,ING0030,9.0,2024-08-16,emergencial
2024-08-12,ING0047,1.5,2024-08-13,emergencial
2024-08-12,ING0059,2.0,2024-08-16,emergencial
2024-08-12,ING0062,4.5,2024-08-16,emergencial
2024-08-12,ING0069,14.0,2024-08-16,emergencial
2024-08-12,ING0071,12.0,2024-08-16,emergencial
2024-08-12,ING0124,2.1302134209210912,2024-08-18,emergencial
2024-08-12,ING0161,4.0,2024-08-15,emergencial
2024-08-12,ING0163,627.0,2024-08-13,emergencial
2024-08-12,ING0178,629.4297193293907,2024-08-15,emergencial
2024-08-12,ING0221,15.0,2024-08-27,emergencial
2024-08-12,ING0222,3.0,2024-08-16,emergencial
2024-08-12,ING0231,1.5,2024-08-16,emergencial
2024-08-12,ING0234,0.5,2024-08-16,emergencial
2024-08-12,ING0238,11.550502009236471,2024-08-16,emergencial
2024-08-13,ING0059,2.0,2024-08-17,emergencial
2024-08-13,ING0083,2.0,2024-08-15,emergencial
2024-08-13,ING0104,2.0,2024-08-14,emergencial
2024-08-13,ING0115,3.0,2024-08-14,emergencial
2024-08-13,ING0161,4.0,2024-08-16,emergencial
2024-08-13,ING0178,733.1818708672022,2024-08-16,emergencial
2024-08-13,ING0221,20.0,2024-08-27,emergencial
2024-08-13,ING0231,1.5,2024-08-17,emergencial
2024-08-13,ING0238,12.833891121373856,2024-08-17,emergencial
2024-08-14,ING0042,0.5,2024-08-15,emergencial
2024-08-14,ING0059,2.0,2024-08-19,emergencial
2024-08-14,ING0083,2.5,2024-08-16,emergencial
2024-08-14,ING0110,2.0,2024-08-15,emergencial
2024-08-14,ING0161,5.0,2024-08-17,emergencial
2024-08-14,ING0178,783.4794847123043,2024-08-17,emergencial
2024-08-14,ING0221,16.5,2024-08-18,emergencial
2024-08-14,ING0231,1.5,2024-08-18,emergencial
2024-08-14,ING0238,11.550502009236471,2024-08-18,emergencial
2024-08-15,ING0078,6.5,2024-08-17,emergencial
2024-08-15,ING0089,12.5,2024-08-17,emergencial
2024-08-15,ING0159,512.0,2024-08-16,emergencial
2024-08-15,ING0221,15.5,2024-08-19,emergencial
2024-08-15,ING0231,1.5,2024-08-19,emergencial
2024-08-15,ING0238,5.0,2024-08-19,emergencial
2024-08-16,ING0001,1.5,2024-08-19,sexta
2024-08-16,ING0002,1.0,2024-08-19,sexta
2024-08-16,ING0011,0.5,2024-08-19,sexta
2024-08-16,ING0019,233.0,2024-08-19,sexta
2024-08-16,ING0024,7.5,2024-08-19,sexta
2024-08-16,ING0030,0.5,2024-08-20,sexta
2024-08-16,ING0033,2.5,2024-08-17,sexta
2024-08-16,ING0034,1.5,2024-08-17,sexta
2024-08-16,ING0036,0.5,2024-08-17,sexta
2024-08-16,ING0038,2.0,2024-08-17,sexta
2024-08-16,ING0042,0.5,2024-08-17,sexta
2024-08-16,ING0044,0.5,2024-08-17,sexta
2024-08-16,ING0046,0.5,2024-08-17,sexta
2024-08-16,ING0047,0.5,2024-08-17,sexta
2024-08-16,ING0050,0.5,2024-08-18,sexta
2024-08-16,ING0060,0.9717580129805294,2024-08-20,sexta
2024-08-16,ING0064,0.5,2024-08-20,sexta
2024-08-16,ING0071,9.5,2024-08-20,sexta
2024-08-16,ING0078,6.5,2024-08-18,sexta
2024-08-16,ING0083,0.5,2024-08-19,sexta
2024-08-16,ING0088,52.0,2024-08-18,sexta
2024-08-16,ING0089,12.5,2024-08-18,sexta
2024-08-16,ING0092,7.5,2024-08-18,sexta
2024-08-16,ING0093,3.8923524880788793,2024-08-18,sexta
2024-08-16,ING0097,0.5,2024-08-18,sexta
2024-08-16,ING0104,1.5,2024-08-17,sexta
2024-08-16,ING0106,1.6090161710746873,2024-08-17,sexta
2024-08-16,ING0109,0.5,2024-08-19,sexta
2024-08-16,ING0110,1.7516575700108845,2024-08-17,sexta
2024-08-16,ING0111,5.0,2024-08-17,sexta
2024-08-16,ING0113,0.5,2024-08-17,sexta
2024-08-16,ING0115,2.0,2024-08-17,sexta
2024-08-16,ING0127,1.0,2024-08-20,sexta
2024-08-16,ING0134,0.5,2024-08-20,sexta
2024-08-16,ING0136,0.5,2024-08-20,sexta
2024-08-16,ING0142,5.5,2024-08-20,sexta
2024-08-16,ING0150,0.49834961071969186,2024-08-19,sexta
2024-08-16,ING0156,0.5,2024-08-19,sexta
2024-08-16,ING0159,269.0,2024-08-17,sexta
2024-08-16,ING0163,684.0,2024-08-17,sexta
2024-08-16,ING0164,2.0,2024-08-24,sexta
2024-08-16,ING0189,1.0,2024-08-19,sexta
2024-08-16,ING0190,9.0,2024-08-19,sexta
2024-08-16,ING0192,0.5,2024-08-19,sexta
2024-08-16,ING0204,1.0,2024-08-19,sexta
2024-08-16,ING0205,0.5,2024-08-19,sexta
2024-08-16,ING0221,15.5,2024-08-20,sexta
2024-08-16,ING0222,0.5,2024-08-20,sexta
2024-08-16,ING0227,0.5,2024-08-20,sexta
2024-08-16,ING0230,16.5,2024-08-20,sexta
2024-08-16,ING0231,0.5,2024-08-20,sexta
2024-08-16,ING0234,0.5,2024-08-20,sexta
2024-08-16,ING0239,0.5,2024-08-20,sexta
2024-08-19,ING0010,390.0,2024-08-23,emergencial
2024-08-19,ING0164,3.0,2024-08-22,emergencial
2024-08-20,ING0003,1.5,2024-08-23,emergencial
2024-08-20,ING0010,320.0,2024-08-23,emergencial
2024-08-20,ING0034,2.5,2024-08-21,emergencial
2024-08-20,ING0115,2.0,2024-08-21,emergencial
2024-08-20,ING0164,3.2893940662541863,2024-08-23,emergencial
2024-08-21,ING0003,1.0,2024-08-24,emergencial
2024-08-21,ING0010,329.0,2024-08-24,emergencial
2024-08-21,ING0096,11.721098493439712,2024-08-25,emergencial
2024-08-21,ING0164,4.5,2024-08-24,emergencial
2024-08-22,ING0003,1.0,2024-08-25,emergencial
2024-08-22,ING0010,426.0,2024-08-26,emergencial
2024-08-22,ING0096,13.674614909012996,2024-08-27,emergencial
2024-08-22,ING0163,1535.9195239083556,2024-08-23,emergencial
2024-08-23,ING0002,2.5,2024-08-26,sexta
2024-08-23,ING0024,8.0,2024-08-27,sexta
2024-08-23,ING0027,1.5,2024-08-27,sexta
2024-08-23,ING0033,2.0,2024-08-25,sexta
2024-08-23,ING0036,0.5,2024-08-24,sexta
2024-08-23,ING0040,10.0,2024-08-26,sexta
2024-08-23,ING0046,0.5,2024-08-25,sexta
2024-08-23,ING0047,0.5,2024-08-24,sexta
2024-08-23,ING0055,0.5,2024-08-25,sexta
2024-08-23,ING0060,11.5,2024-08-28,sexta
2024-08-23,ING0068,0.5,2024-08-27,sexta
2024-08-23,ING0071,9.5,2024-08-28,sexta
2024-08-23,ING0072,0.5,2024-08-27,sexta
2024-08-23,ING0076,0.5,2024-08-25,sexta
2024-08-23,ING0083,0.5,2024-08-28,sexta
2024-08-23,ING0085,0.5,2024-08-26,sexta
2024-08-23,ING0088,81.0,2024-08-26,sexta
2024-08-23,ING0097,0.5,2024-08-25,sexta
2024-08-23,ING0101,0.5,2024-08-25,sexta
2024-08-23,ING0110,0.8860260165109013,2024-08-24,sexta
2024-08-23,ING0111,4.0,2024-08-24,sexta
2024-08-23,ING0112,0.5,2024-08-24,sexta
2024-08-23,ING0115,1.5,2024-08-24,sexta
2024-08-23,ING0132,6.0,2024-08-28,sexta
2024-08-23,ING0142,4.0,2024-08-27,sexta
2024-08-23,ING0146,1.5,2024-08-27,sexta
2024-08-23,ING0150,0.5,2024-08-29,sexta
2024-08-23,ING0159,2112.3971862032686,2024-08-24,sexta
2024-08-23,ING0174,12.5,2024-08-26,sexta
2024-08-23,ING0192,9.5,2024-08-28,sexta
2024-08-23,ING0204,0.5,2024-08-26,sexta
2024-08-23,ING0220,7.5,2024-08-26,sexta
2024-08-23,ING0227,0.5,2024-08-27,sexta
2024-08-23,ING0241,0.5,2024-08-27,sexta
2024-08-26,ING0027,5.04103744367062,2024-08-30,emergencial
2024-08-26,ING0060,16.5,2024-09-03,emergencial
2024-08-26,ING0089,34.80112800231533,2024-08-28,emergencial
2024-08-26,ING0132,6.5,2024-08-30,emergencial
2024-08-27,ING0060,18.5,2024-09-04,emergencial
2024-08-27,ING0089,39.77271771693181,2024-09-01,emergencial
2024-08-27,ING0132,7.0,2024-08-31,emergencial
2024-08-28,ING0002,5.0,2024-08-31,emergencial
2024-08-28,ING0076,32.5,2024-08-30,emergencial
2024-08-28,ING0088,88.5,2024-08-30,emergencial
2024-08-28,ING0175,20.5,2024-09-02,emergencial
2024-08-29,ING0002,5.0,2024-09-01,emergencial
2024-08-29,ING0043,32.0,2024-08-30,emergencial
2024-08-29,ING0066,55.5,2024-09-02,emergencial
2024-08-29,ING0075,1.5,2024-08-31,emergencial
2024-08-29,ING0076,33.04000977140244,2024-08-31,emergencial
2024-08-29,ING0088,353.19783032964307,2024-09-01,emergencial
2024-08-29,ING0098,1.5,2024-08-30,emergencial
2024-08-29,ING0175,21.0,2024-09-01,emergencial
2024-08-29,ING0189,1.7739798981630595,2024-09-01,emergencial
2024-08-29,ING0190,11.5,2024-09-01,emergencial
2024-08-30,ING0001,0.6147641580887608,2024-09-02,sexta
2024-08-30,ING0002,4.5,2024-09-02,sexta
2024-08-30,ING0005,0.5,2024-09-02,sexta
2024-08-30,ING0007,0.5,2024-09-03,sexta
2024-08-30,ING0015,97.0,2024-09-02,sexta
2024-08-30,ING0016,0.5,2024-09-03,sexta
2024-08-30,ING0019,283.0,2024-09-02,sexta
2024-08-30,ING0024,6.5,2024-09-02,sexta
2024-08-30,ING0028,7.0,2024-09-03,sexta
2024-08-30,ING0030,2.0,2024-09-03,sexta
2024-08-30,ING0034,2.0,2024-08-31,sexta
2024-08-30,ING0036,0.5,2024-08-31,sexta
2024-08-30,ING0037,1.5,2024-09-01,sexta
2024-08-30,ING0038,2.5,2024-08-31,sexta
2024-08-30,ING0039,0.5,2024-08-31,sexta
2024-08-30,ING0042,0.5,2024-09-02,sexta
2024-08-30,ING0043,14.0,2024-08-31,sexta
2024-08-30,ING0046,0.5,2024-09-02,sexta
2024-08-30,ING0047,0.5,2024-08-31,sexta
2024-08-30,ING0051,0.5,2024-09-01,sexta
2024-08-30,ING0052,10.5,2024-09-01,sexta
2024-08-30,ING0053,0.5,2024-09-01,sexta
2024-08-30,ING0057,81.0,2024-09-01,sexta
2024-08-30,ING0060,10.0,2024-09-03,sexta
2024-08-30,ING0066,63.0,2024-09-03,sexta
2024-08-30,ING0069,8.0,2024-09-03,sexta
2024-08-30,ING0071,12.622441355832786,2024-09-03,sexta
2024-08-30,ING0075,1.78684070472515,2024-09-01,sexta
2024-08-30,ING0076,10.5,2024-09-01,sexta
2024-08-30,ING0083,1.0,2024-09-01,sexta
2024-08-30,ING0085,0.5,2024-09-01,sexta
2024-08-30,ING0087,0.5,2024-09-01,sexta
2024-08-30,ING0088,156.30018928380758,2024-09-01,sexta
2024-08-30,ING0098,0.5,2024-08-31,sexta
2024-08-30,ING0100,0.5,2024-09-02,sexta
2024-08-30,ING0102,1.0,2024-08-31,sexta
2024-08-30,ING0103,0.5,2024-08-31,sexta
2024-08-30,ING0111,3.0,2024-09-02,sexta
2024-08-30,ING0115,1.0,2024-08-31,sexta
2024-08-30,ING0116,1.0,2024-08-31,sexta
2024-08-30,ING0126,5.0,2024-09-03,sexta
2024-08-30,ING0128,0.5,2024-09-03,sexta
2024-08-30,ING0138,0.5,2024-09-03,sexta
2024-08-30,ING0142,3.0,2024-09-04,sexta
2024-08-30,ING0151,1.0,2024-09-02,sexta
2024-08-30,ING0152,1.0,2024-09-02,sexta
2024-08-30,ING0163,452.0,2024-08-31,sexta
2024-08-30,ING0165,1.5,2024-09-02,sexta
2024-08-30,ING0174,10.0,2024-09-02,sexta
2024-08-30,ING0175,14.0,2024-09-02,sexta
2024-08-30,ING0189,1.5,2024-09-02,sexta
2024-08-30,ING0190,12.5,2024-09-02,sexta
2024-08-30,ING0192,19.5,2024-09-02,sexta
2024-08-30,ING0205,0.5,2024-09-02,sexta
2024-08-30,ING0225,0.5,2024-09-14,sexta
2024-08-30,ING0227,0.5,2024-09-03,sexta
2024-08-30,ING0230,23.0,2024-09-03,sexta
2024-08-30,ING0234,0.5,2024-09-03,sexta
2024-08-30,ING0237,0.5,2024-09-03,sexta
2024-08-30,ING0242,40.0,2024-09-03,sexta
2024-09-02,ING0028,9.0,2024-09-06,emergencial
2024-09-02,ING0043,21.0,2024-09-03,emergencial
2024-09-02,ING0060,12.0,2024-09-06,emergencial
2024-09-02,ING0069,12.5,2024-09-07,emergencial
2024-09-02,ING0071,12.0,2024-09-06,emergencial
2024-09-02,ING0128,4.0,2024-09-06,emergencial
2024-09-02,ING0139,7.0,2024-09-08,emergencial
2024-09-02,ING0142,4.5,2024-09-06,emergencial
2024-09-02,ING0160,2.5,2024-09-05,emergencial
2024-09-02,ING0192,13.5,2024-09-06,emergencial
2024-09-02,ING0230,35.0,2024-09-06,emergencial
2024-09-02,ING0234,0.5,2024-09-06,emergencial
2024-09-03,ING0024,5.5,2024-09-06,emergencial
2024-09-03,ING0128,15.680186063600592,2024-09-07,emergencial
2024-09-03,ING0139,7.0,2024-09-07,emergencial
2024-09-03,ING0142,4.5,2024-09-07,emergencial
2024-09-03,ING0160,2.5,2024-09-06,emergencial
2024-09-03,ING0163,440.0,2024-09-04,emergencial
2024-09-03,ING0192,59.56617957898292,2024-09-06,emergencial
2024-09-04,ING0003,3.065716948822688,2024-09-08,emergencial
2024-09-04,ING0024,10.0,2024-09-09,emergencial
2024-09-04,ING0128,17.640209321550667,2024-09-08,emergencial
2024-09-04,ING0160,3.5,2024-09-07,emergencial
2024-09-05,ING0003,3.065716948822688,2024-09-08,emergencial
2024-09-05,ING0024,11.0,2024-09-08,emergencial
2024-09-05,ING0043,30.0,2024-09-06,emergencial
2024-09-05,ING0057,235.0,2024-09-08,emergencial
2024-09-05,ING0128,23.520279095400888,2024-09-09,emergencial
2024-09-06,ING0002,0.5,2024-09-09,sexta
2024-09-06,ING0003,3.065716948822688,2024-09-09,sexta
2024-09-06,ING0008,11.0,2024-09-10,sexta
2024-09-06,ING0011,0.5,2024-09-12,sexta
2024-09-06,ING0015,251.02463681201593,2024-09-11,sexta
2024-09-06,ING0019,300.0,2024-09-17,sexta
2024-09-06,ING0024,8.907742753111814,2024-09-09,sexta
2024-09-06,ING0028,9.86244279254564,2024-09-11,sexta
2024-09-06,ING0030,4.5,2024-09-10,sexta
2024-09-06,ING0036,1.5,2024-09-07,sexta
2024-09-06,ING0037,1.5,2024-09-07,sexta
2024-09-06,ING0038,2.5,2024-09-07,sexta
2024-09-06,ING0039,0.5,2024-09-07,sexta
2024-09-06,ING0046,0.5,2024-09-07,sexta
2024-09-06,ING0047,0.5,2024-09-07,sexta
2024-09-06,ING0048,5.5,2024-09-08,sexta
2024-09-06,ING0050,0.5,2024-09-08,sexta
2024-09-06,ING0052,15.5,2024-09-08,sexta
2024-09-06,ING0054,0.5,2024-09-08,sexta
2024-09-06,ING0055,0.5,2024-09-08,sexta
2024-09-06,ING0057,271.0,2024-09-08,sexta
2024-09-06,ING0062,11.258068016385103,2024-09-10,sexta
2024-09-06,ING0068,0.5,2024-09-10,sexta
2024-09-06,ING0069,14.5,2024-09-10,sexta
2024-09-06,ING0071,0.5,2024-09-10,sexta
2024-09-06,ING0075,1.0,2024-09-08,sexta
2024-09-06,ING0083,1.9450773646991615,2024-09-08,sexta
2024-09-06,ING0085,0.5,2024-09-09,sexta
2024-09-06,ING0087,1.0,2024-09-08,sexta
2024-09-06,ING0097,0.5,2024-09-08,sexta
2024-09-06,ING0098,0.5425698265998382,2024-09-07,sexta
2024-09-06,ING0102,2.0,2024-09-07,sexta
2024-09-06,ING0103,0.5,2024-09-07,sexta
2024-09-06,ING0111,6.909760886950822,2024-09-07,sexta
2024-09-06,ING0113,0.5,2024-09-10,sexta
2024-09-06,ING0114,0.5,2024-09-07,sexta
2024-09-06,ING0115,1.5,2024-09-07,sexta
2024-09-06,ING0116,1.5,2024-09-07,sexta
2024-09-06,ING0124,0.5,2024-09-10,sexta
2024-09-06,ING0125,1.5,2024-09-10,sexta
2024-09-06,ING0126,10.5,2024-09-10,sexta
2024-09-06,ING0128,9.80011628975037,2024-09-10,sexta
2024-09-06,ING0137,0.5,2024-09-10,sexta
2024-09-06,ING0139,12.0,2024-09-10,sexta
2024-09-06,ING0142,1.0,2024-09-10,sexta
2024-09-06,ING0149,0.5,2024-09-10,sexta
2024-09-06,ING0150,0.5,2024-09-12,sexta
2024-09-06,ING0151,0.5,2024-09-09,sexta
2024-09-06,ING0152,1.5,2024-09-09,sexta
2024-09-06,ING0163,80.0,2024-09-07,sexta
2024-09-06,ING0165,2.0,2024-09-13,sexta
2024-09-06,ING0174,37.87240117340822,2024-09-09,sexta
2024-09-06,ING0175,4.5,2024-09-09,sexta
2024-09-06,ING0204,0.5,2024-09-09,sexta
2024-09-06,ING0211,171.0,2024-09-09,sexta
2024-09-06,ING0214,65.0,2024-09-10,sexta
2024-09-06,ING0225,0.5,2024-09-10,sexta
2024-09-06,ING0227,0.5,2024-09-10,sexta
2024-09-06,ING0236,44.0,2024-09-10,sexta
2024-09-06,ING0239,0.5,2024-09-12,sexta
2024-09-09,ING0008,18.0,2024-09-12,emergencial
2024-09-09,ING0030,8.0,2024-09-13,emergencial
2024-09-09,ING0124,1.5,2024-09-13,emergencial
2024-09-09,ING0126,15.0,2024-09-16,emergencial
2024-09-09,ING0163,1129.254165112529,2024-09-10,emergencial
2024-09-09,ING0165,4.0,2024-09-13,emergencial
2024-09-10,ING0165,4.5,2024-09-13,emergencial
2024-09-10,ING0175,32.0,2024-09-13,emergencial
2024-09-11,ING0007,1.5,2024-09-14,emergencial
2024-09-11,ING0019,747.0,2024-09-14,emergencial
2024-09-11,ING0027,6.721383258227492,2024-09-15,emergencial
2024-09-11,ING0034,5.0,2024-09-13,emergencial
2024-09-11,ING0098,1.8347910380902894,2024-09-12,emergencial
2024-09-11,ING0124,1.5,2024-09-15,emergencial
2024-09-11,ING0165,4.0,2024-09-16,emergencial
2024-09-11,ING0175,29.0,2024-09-14,emergencial
2024-09-12,ING0019,829.0,2024-09-15,emergencial
2024-09-12,ING0027,5.04103744367062,2024-09-16,emergencial
2024-09-12,ING0034,4.639844243185561,2024-09-13,emergencial
2024-09-12,ING0057,404.0,2024-09-14,emergencial
2024-09-12,ING0098,1.5,2024-09-13,emergencial
2024-09-12,ING0116,2.5,2024-09-15,emergencial
2024-09-12,ING0124,1.5,2024-09-16,emergencial
2024-09-12,ING0165,4.884538356393166,2024-09-15,emergencial
2024-09-12,ING0175,36.0,2024-09-15,emergencial
2024-09-12,ING0204,1.5,2024-09-18,emergencial
2024-09-13,ING0002,10.5,2024-09-16,sexta
2024-09-13,ING0006,75.5,2024-09-16,sexta
2024-09-13,ING0007,1.5,2024-09-16,sexta
2024-09-13,ING0018,0.5,2024-09-16,sexta
2024-09-13,ING0019,805.0,2024-09-16,sexta
2024-09-13,ING0027,2.0,2024-09-17,sexta
2024-09-13,ING0033,1.5,2024-09-14,sexta
2024-09-13,ING0036,0.5,2024-09-16,sexta
2024-09-13,ING0037,2.5,2024-09-14,sexta
2024-09-13,ING0038,2.5,2024-09-14,sexta
2024-09-13,ING0039,0.5,2024-09-14,sexta
2024-09-13,ING0041,0.5,2024-09-14,sexta
2024-09-13,ING0043,55.5,2024-09-14,sexta
2024-09-13,ING0046,0.5,2024-09-14,sexta
2024-09-13,ING0047,0.5,2024-09-14,sexta
2024-09-13,ING0048,4.5,2024-09-15,sexta
2024-09-13,ING0052,22.0,2024-09-15,sexta
2024-09-13,ING0057,397.0,2024-09-15,sexta
2024-09-13,ING0059,1.7735139242676152,2024-09-17,sexta
2024-09-13,ING0061,5.0,2024-09-17,sexta
2024-09-13,ING0064,0.6012263518403838,2024-09-17,sexta
2024-09-13,ING0066,55.0,2024-09-23,sexta
2024-09-13,ING0069,0.5,2024-09-17,sexta
2024-09-13,ING0071,26.5,2024-09-17,sexta
2024-09-13,ING0072,0.5,2024-09-17,sexta
2024-09-13,ING0083,3.0,2024-09-15,sexta
2024-09-13,ING0087,1.5,2024-09-15,sexta
2024-09-13,ING0092,12.559424734735666,2024-09-15,sexta
2024-09-13,ING0097,0.5,2024-09-15,sexta
2024-09-13,ING0098,0.5,2024-09-14,sexta
2024-09-13,ING0099,1.0,2024-09-14,sexta
2024-09-13,ING0103,0.5,2024-09-14,sexta
2024-09-13,ING0105,2.5,2024-09-14,sexta
2024-09-13,ING0109,0.5,2024-09-14,sexta
2024-09-13,ING0110,13.543957297118357,2024-09-15,sexta
2024-09-13,ING0115,2.0,2024-09-14,sexta
2024-09-13,ING0116,7.289210967466884,2024-09-16,sexta
2024-09-13,ING0126,20.0,2024-09-17,sexta
2024-09-13,ING0134,0.5,2024-09-17,sexta
2024-09-13,ING0142,4.5,2024-09-17,sexta
2024-09-13,ING0147,0.5,2024-09-17,sexta
2024-09-13,ING0152,2.5,2024-09-16,sexta
2024-09-13,ING0154,52.95001715756243,2024-09-16,sexta
2024-09-13,ING0156,0.5,2024-09-16,sexta
2024-09-13,ING0168,1.0,2024-09-16,sexta
2024-09-13,ING0172,7.0,2024-09-17,sexta
2024-09-13,ING0190,11.5,2024-09-16,sexta
2024-09-13,ING0191,41.5,2024-09-17,sexta
2024-09-13,ING0195,2.0,2024-09-17,sexta
2024-09-13,ING0204,1.5,2024-09-16,sexta
2024-09-13,ING0214,172.0,2024-09-16,sexta
2024-09-13,ING0218,119.5,2024-09-16,sexta
2024-09-13,ING0224,3.0,2024-09-24,sexta
2024-09-13,ING0227,0.5,2024-09-19,sexta
2024-09-13,ING0228,2.5,2024-09-20,sexta
2024-09-13,ING0229,0.5,2024-09-17,sexta
2024-09-13,ING0230,45.0,2024-09-17,sexta
2024-09-13,ING0233,0.4276078803920458,2024-09-17,sexta
2024-09-13,ING0234,0.5,2024-09-17,sexta
2024-09-13,ING0236,101.5,2024-09-17,sexta
2024-09-13,ING0237,0.4639905184235469,2024-09-17,sexta
2024-09-13,ING0242,115.5,2024-09-26,sexta
2024-09-16,ING0015,789.0,2024-09-19,emergencial
2024-09-16,ING0018,100.0,2024-09-19,emergencial
2024-09-16,ING0042,1.0,2024-09-19,emergencial
2024-09-16,ING0059,4.3635108676246945,2024-09-20,emergencial
2024-09-16,ING0061,10.5,2024-09-20,emergencial
2024-09-16,ING0066,80.12005205455742,2024-09-27,emergencial
2024-09-16,ING0071,40.0,2024-09-21,emergencial
2024-09-16,ING0089,38.05141070878883,2024-09-18,emergencial
2024-09-16,ING0142,14.5,2024-09-20,emergencial
2024-09-16,ING0163,1245.500917403525,2024-09-17,emergencial
2024-09-16,ING0166,2.0,2024-09-19,emergencial
2024-09-16,ING0172,13.5,2024-09-19,emergencial
2024-09-16,ING0191,86.5,2024-09-19,emergencial
2024-09-16,ING0195,3.0,2024-09-19,emergencial
2024-09-16,ING0228,5.0,2024-09-22,emergencial
2024-09-16,ING0230,88.5,2024-09-20,emergencial
2024-09-16,ING0236,215.5,2024-09-20,emergencial
2024-09-16,ING0242,175.0,2024-09-20,emergencial
2024-09-17,ING0015,809.0,2024-09-20,emergencial
2024-09-17,ING0018,111.0,2024-09-20,emergencial
2024-09-17,ING0042,1.0,2024-09-18,emergencial
2024-09-17,ING0066,68.5,2024-09-27,emergencial
2024-09-17,ING0089,40.05411653556719,2024-09-19,emergencial
2024-09-17,ING0166,2.0,2024-09-20,emergencial
2024-09-17,ING0189,4.0,2024-09-20,emergencial
2024-09-17,ING0228,5.0,2024-09-24,emergencial
2024-09-17,ING0242,169.0,2024-09-21,emergencial
2024-09-18,ING0015,762.0,2024-09-21,emergencial
2024-09-18,ING0018,121.5,2024-09-21,emergencial
2024-09-18,ING0066,72.5,2024-09-28,emergencial
2024-09-18,ING0092,39.5,2024-09-20,emergencial
2024-09-18,ING0111,13.0,2024-09-19,emergencial
2024-09-18,ING0157,64.26928021744695,2024-09-21,emergencial
2024-09-18,ING0166,1.5,2024-09-24,emergencial
2024-09-18,ING0189,4.5,2024-09-21,emergencial
2024-09-18,ING0228,5.0,2024-09-24,emergencial
2024-09-18,ING0242,159.5,2024-09-22,emergencial
2024-09-19,ING0010,527.0,2024-09-24,emergencial
2024-09-19,ING0043,50.0,2024-09-20,emergencial
2024-09-19,ING0066,78.0,2024-09-23,emergencial
2024-09-19,ING0069,27.5,2024-09-24,emergencial
2024-09-19,ING0092,40.0,2024-09-21,emergencial
2024-09-19,ING0157,95.29582928793857,2024-09-22,emergencial
2024-09-19,ING0189,5.0,2024-09-22,emergencial
2024-09-19,ING0206,147.5,2024-09-22,emergencial
2024-09-19,ING0228,4.5,2024-09-25,emergencial
2024-09-19,ING0242,136.5,2024-09-23,emergencial
2024-09-20,ING0001,1.5,2024-09-23,sexta
2024-09-20,ING0002,12.5,2024-09-23,sexta
2024-09-20,ING0006,121.0,2024-09-23,sexta
2024-09-20,ING0008,11.0,2024-09-23,sexta
2024-09-20,ING0010,586.0,2024-09-24,sexta
2024-09-20,ING0011,0.5,2024-09-23,sexta
2024-09-20,ING0012,6.5,2024-09-23,sexta
2024-09-20,ING0017,1.5,2024-09-23,sexta
2024-09-20,ING0030,11.0,2024-10-01,sexta
2024-09-20,ING0033,4.5,2024-09-24,sexta
2024-09-20,ING0036,0.5,2024-09-23,sexta
2024-09-20,ING0037,2.5,2024-09-21,sexta
2024-09-20,ING0038,4.5,2024-09-21,sexta
2024-09-20,ING0043,21.5,2024-09-21,sexta
2024-09-20,ING0047,0.5,2024-09-21,sexta
2024-09-20,ING0048,6.0,2024-09-23,sexta
2024-09-20,ING0049,18.5,2024-09-22,sexta
2024-09-20,ING0052,33.5,2024-09-22,sexta
2024-09-20,ING0053,0.5,2024-09-22,sexta
2024-09-20,ING0055,0.5,2024-09-22,sexta
2024-09-20,ING0066,80.0,2024-09-25,sexta
2024-09-20,ING0067,0.5,2024-09-24,sexta
2024-09-20,ING0069,30.5,2024-09-24,sexta
2024-09-20,ING0071,16.5,2024-09-24,sexta
2024-09-20,ING0083,4.0,2024-09-22,sexta
2024-09-20,ING0085,0.5,2024-09-22,sexta
2024-09-20,ING0090,6.0,2024-09-22,sexta
2024-09-20,ING0098,0.5,2024-09-21,sexta
2024-09-20,ING0100,2.0,2024-09-21,sexta
2024-09-20,ING0102,2.0,2024-09-21,sexta
2024-09-20,ING0108,0.5,2024-09-23,sexta
2024-09-20,ING0112,0.5,2024-09-21,sexta
2024-09-20,ING0114,0.5,2024-09-21,sexta
2024-09-20,ING0115,3.0,2024-09-21,sexta
2024-09-20,ING0122,16.5,2024-09-25,sexta
2024-09-20,ING0131,2.0,2024-09-24,sexta
2024-09-20,ING0137,0.5,2024-09-24,sexta
2024-09-20,ING0139,10.0,2024-09-24,sexta
2024-09-20,ING0145,0.5,2024-09-24,sexta
2024-09-20,ING0148,0.5,2024-09-24,sexta
2024-09-20,ING0150,0.5,2024-09-23,sexta
2024-09-20,ING0151,1.0,2024-09-27,sexta
2024-09-20,ING0152,3.0,2024-09-23,sexta
2024-09-20,ING0157,90.8634651350112,2024-09-25,sexta
2024-09-20,ING0160,3.0,2024-09-24,sexta
2024-09-20,ING0168,1.0,2024-09-25,sexta
2024-09-20,ING0169,4.0,2024-09-23,sexta
2024-09-20,ING0190,22.0,2024-09-23,sexta
2024-09-20,ING0194,0.5,2024-09-24,sexta
2024-09-20,ING0202,8.0,2024-09-23,sexta
2024-09-20,ING0206,136.0,2024-09-23,sexta
2024-09-20,ING0214,306.0,2024-09-23,sexta
2024-09-20,ING0222,4.0,2024-09-24,sexta
2024-09-20,ING0227,0.5,2024-09-24,sexta
2024-09-20,ING0228,1.5,2024-09-26,sexta
2024-09-20,ING0231,3.0,2024-09-30,sexta
2024-09-20,ING0234,1.0,2024-09-24,sexta
2024-09-20,ING0241,0.5,2024-09-24,sexta
2024-09-23,ING0004,72.5,2024-09-27,emergencial
2024-09-23,ING0009,4.0,2024-09-26,emergencial
2024-09-23,ING0010,314.0,2024-09-26,emergencial
2024-09-23,ING0012,9.5,2024-09-26,emergencial
2024-09-23,ING0030,9.0,2024-10-04,emergencial
2024-09-23,ING0033,3.0,2024-09-24,emergencial
2024-09-23,ING0043,36.5,2024-09-24,emergencial
2024-09-23,ING0069,16.5,2024-09-27,emergencial
2024-09-23,ING0106,2.0,2024-09-24,emergencial
2024-09-23,ING0111,6.5,2024-09-25,emergencial
2024-09-23,ING0122,29.5,2024-09-27,emergencial
2024-09-23,ING0126,16.5,2024-09-27,emergencial
2024-09-23,ING0131,2.5,2024-09-27,emergencial
2024-09-23,ING0139,13.5,2024-09-30,emergencial
2024-09-23,ING0160,3.5,2024-09-26,emergencial
2024-09-23,ING0163,715.0,2024-09-24,emergencial
2024-09-23,ING0183,3.0,2024-09-26,emergencial
2024-09-23,ING0191,35.0,2024-09-26,emergencial
2024-09-23,ING0218,73.0,2024-09-26,emergencial
2024-09-23,ING0222,3.5,2024-09-27,emergencial
2024-09-23,ING0224,6.5,2024-09-27,emergencial
2024-09-23,ING0231,2.0,2024-09-28,emergencial
2024-09-23,ING0232,9.0,2024-09-29,emergencial
2024-09-23,ING0234,1.0,2024-09-28,emergencial
2024-09-23,ING0238,7.5,2024-09-27,emergencial
2024-09-24,ING0003,2.0,2024-09-27,emergencial
2024-09-24,ING0004,72.5,2024-09-27,emergencial
2024-09-24,ING0009,4.0,2024-09-30,emergencial
2024-09-24,ING0012,9.5,2024-09-28,emergencial
2024-09-24,ING0030,9.0,2024-10-05,emergencial
2024-09-24,ING0083,2.5,2024-09-26,emergencial
2024-09-24,ING0111,6.0,2024-09-25,emergencial
2024-09-24,ING0122,29.5,2024-09-28,emergencial
2024-09-24,ING0126,16.0,2024-09-28,emergencial
2024-09-24,ING0183,3.0,2024-09-27,emergencial
2024-09-24,ING0191,36.0,2024-09-28,emergencial
2024-09-24,ING0218,73.0,2024-09-27,emergencial
2024-09-24,ING0224,5.0,2024-09-28,emergencial
2024-09-24,ING0231,2.0,2024-09-28,emergencial
2024-09-24,ING0232,9.5,2024-09-30,emergencial
2024-09-24,ING0238,7.5,2024-09-28,emergencial
2024-09-25,ING0003,2.0,2024-09-28,emergencial
2024-09-25,ING0004,76.66682974741451,2024-09-28,emergencial
2024-09-25,ING0009,4.0,2024-09-30,emergencial
2024-09-25,ING0012,8.5,2024-09-28,emergencial
2024-09-25,ING0030,9.917168312565849,2024-09-29,emergencial
2024-09-25,ING0049,7.0,2024-09-27,emergencial
2024-09-25,ING0083,2.5,2024-09-27,emergencial
2024-09-25,ING0126,16.5,2024-09-29,emergencial
2024-09-25,ING0183,3.0,2024-09-29,emergencial
2024-09-25,ING0191,34.5,2024-09-28,emergencial
2024-09-25,ING0218,71.65587265747865,2024-09-28,emergencial
2024-09-25,ING0231,2.0,2024-09-29,emergencial
2024-09-25,ING0232,10.703327825691938,2024-10-01,emergencial
2024-09-25,ING0238,7.0,2024-09-29,emergencial
2024-09-26,ING0003,1.5,2024-09-30,emergencial
2024-09-26,ING0004,69.0,2024-09-30,emergencial
2024-09-26,ING0030,8.0,2024-10-01,emergencial
2024-09-26,ING0126,16.0,2024-09-30,emergencial
2024-09-26,ING0231,2.0,2024-09-30,emergencial
2024-09-26,ING0238,7.0,2024-10-01,emergencial
2024-09-27,ING0001,2.0,2024-09-30,sexta
2024-09-27,ING0002,5.0,2024-09-30,sexta
2024-09-27,ING0004,12.5,2024-09-30,sexta
2024-09-27,ING0005,0.5,2024-10-03,sexta
2024-09-27,ING0006,81.0,2024-09-30,sexta
2024-09-27,ING0007,1.0,2024-10-01,sexta
2024-09-27,ING0008,12.5,2024-09-30,sexta
2024-09-27,ING0009,2.0,2024-09-30,sexta
2024-09-27,ING0012,9.0,2024-09-30,sexta
2024-09-27,ING0030,10.0,2024-10-02,sexta
2024-09-27,ING0037,2.0,2024-09-28,sexta
2024-09-27,ING0038,2.0,2024-09-28,sexta
2024-09-27,ING0039,0.5,2024-09-28,sexta
2024-09-27,ING0043,28.0,2024-09-28,sexta
2024-09-27,ING0046,0.5,2024-09-28,sexta
2024-09-27,ING0049,4.5,2024-09-30,sexta
2024-09-27,ING0052,18.0,2024-10-01,sexta
2024-09-27,ING0054,0.5,2024-09-29,sexta
2024-09-27,ING0055,0.5,2024-09-29,sexta
2024-09-27,ING0057,277.0,2024-09-29,sexta
2024-09-27,ING0061,2.5,2024-10-01,sexta
2024-09-27,ING0067,0.5,2024-10-01,sexta
2024-09-27,ING0068,0.5,2024-10-01,sexta
2024-09-27,ING0070,19.0,2024-10-01,sexta
2024-09-27,ING0071,0.5,2024-10-01,sexta
2024-09-27,ING0074,2.0,2024-10-01,sexta
2024-09-27,ING0075,2.0,2024-09-29,sexta
2024-09-27,ING0076,37.0,2024-09-29,sexta
2024-09-27,ING0083,2.0779472399351717,2024-09-29,sexta
2024-09-27,ING0085,0.5,2024-09-29,sexta
2024-09-27,ING0090,3.5,2024-09-29,sexta
2024-09-27,ING0094,5.0,2024-10-01,sexta
2024-09-27,ING0097,0.5,2024-09-29,sexta
2024-09-27,ING0098,0.5,2024-09-28,sexta
2024-09-27,ING0100,1.0,2024-09-28,sexta
2024-09-27,ING0102,1.0,2024-09-28,sexta
2024-09-27,ING0104,3.5,2024-09-28,sexta
2024-09-27,ING0106,2.0,2024-09-30,sexta
2024-09-27,ING0110,2.5,2024-09-30,sexta
2024-09-27,ING0113,0.5,2024-09-28,sexta
2024-09-27,ING0121,2.0,2024-10-01,sexta
2024-09-27,ING0122,9.5,2024-10-01,sexta
2024-09-27,ING0126,10.5,2024-10-04,sexta
2024-09-27,ING0129,3.0,2024-10-01,sexta
2024-09-27,ING0136,0.5,2024-10-01,sexta
2024-09-27,ING0138,0.5,2024-10-06,sexta
2024-09-27,ING0139,26.64666028159408,2024-10-01,sexta
2024-09-27,ING0142,9.659192196723428,2024-10-02,sexta
2024-09-27,ING0149,0.5,2024-10-01,sexta
2024-09-27,ING0150,0.5,2024-09-30,sexta
2024-09-27,ING0152,2.0,2024-10-01,sexta
2024-09-27,ING0154,24.5,2024-09-30,sexta
2024-09-27,ING0159,1925.1894830671356,2024-09-28,sexta
2024-09-27,ING0163,406.0,2024-09-28,sexta
2024-09-27,ING0169,4.5,2024-10-03,sexta
2024-09-27,ING0174,19.922396812622388,2024-09-30,sexta
2024-09-27,ING0188,93.1862092898755,2024-09-30,sexta
2024-09-27,ING0190,9.5,2024-09-30,sexta
2024-09-27,ING0191,20.5,2024-10-01,sexta
2024-09-27,ING0192,23.5,2024-10-02,sexta
2024-09-27,ING0194,0.5,2024-09-30,sexta
2024-09-27,ING0205,1.0,2024-10-05,sexta
2024-09-27,ING0214,137.0,2024-09-30,sexta
2024-09-27,ING0218,20.5,2024-09-30,sexta
2024-09-27,ING0221,10.5,2024-10-01,sexta
2024-09-27,ING0224,2.5,2024-10-03,sexta
2024-09-27,ING0227,0.5,2024-10-01,sexta
2024-09-27,ING0231,2.5,2024-10-01,sexta
2024-09-27,ING0232,9.5,2024-10-03,sexta
2024-09-27,ING0234,0.5,2024-10-09,sexta
2024-09-27,ING0236,97.0,2024-10-01,sexta
2024-09-27,ING0237,0.5,2024-10-01,sexta
2024-09-30,ING0070,21.0,2024-10-04,emergencial
2024-09-30,ING0094,4.0,2024-10-02,emergencial
2024-09-30,ING0129,4.0,2024-10-04,emergencial
2024-09-30,ING0142,11.0,2024-10-04,emergencial
2024-09-30,ING0169,7.0,2024-10-03,emergencial
2024-09-30,ING0192,20.0,2024-10-03,emergencial
2024-09-30,ING0205,1.0,2024-10-08,emergencial
2024-10-01,ING0098,1.5,2024-10-02,emergencial
2024-10-01,ING0142,13.5,2024-10-05,emergencial
2024-10-01,ING0163,614.0,2024-10-02,emergencial
2024-10-01,ING0169,8.0,2024-10-04,emergencial
2024-10-01,ING0192,25.5,2024-10-04,emergencial
2024-10-01,ING0205,1.5,2024-10-09,emergencial
2024-10-02,ING0110,2.5,2024-10-03,emergencial
2024-10-02,ING0169,7.5,2024-10-05,emergencial
2024-10-02,ING0205,1.5,2024-10-10,emergencial
2024-10-03,ING0205,1.5,2024-10-11,emergencial
2024-10-04,ING0001,1.0,2024-10-07,sexta
2024-10-04,ING0002,3.0,2024-10-10,sexta
2024-10-04,ING0006,65.0,2024-10-08,sexta
2024-10-04,ING0007,1.0,2024-10-07,sexta
2024-10-04,ING0008,9.0,2024-10-07,sexta
2024-10-04,ING0016,0.5,2024-10-10,sexta
2024-10-04,ING0028,4.0,2024-10-08,sexta
2024-10-04,ING0036,1.0,2024-10-06,sexta
2024-10-04,ING0037,2.0,2024-10-05,sexta
2024-10-04,ING0038,1.0,2024-10-05,sexta
2024-10-04,ING0039,0.5,2024-10-06,sexta
2024-10-04,ING0043,28.5,2024-10-05,sexta
2024-10-04,ING0046,0.5,2024-10-07,sexta
2024-10-04,ING0048,3.5,2024-10-06,sexta
2024-10-04,ING0049,9.5,2024-10-06,sexta
2024-10-04,ING0050,0.5,2024-10-08,sexta
2024-10-04,ING0051,0.5,2024-10-06,sexta
2024-10-04,ING0057,218.0,2024-10-06,sexta
2024-10-04,ING0061,1.5,2024-10-11,sexta
2024-10-04,ING0062,3.0,2024-10-08,sexta
2024-10-04,ING0063,12.5,2024-10-08,sexta
2024-10-04,ING0071,5.0,2024-10-08,sexta
2024-10-04,ING0072,0.5,2024-10-08,sexta
2024-10-04,ING0076,28.0,2024-10-06,sexta
2024-10-04,ING0081,11.0,2024-10-06,sexta
2024-10-04,ING0085,0.5,2024-10-06,sexta
2024-10-04,ING0087,1.5,2024-10-06,sexta
2024-10-04,ING0089,52.429132210503866,2024-10-06,sexta
2024-10-04,ING0097,0.5,2024-10-06,sexta
2024-10-04,ING0098,0.5,2024-10-05,sexta
2024-10-04,ING0100,0.44407063972410593,2024-10-07,sexta
2024-10-04,ING0103,0.5,2024-10-08,sexta
2024-10-04,ING0105,1.5,2024-10-05,sexta
2024-10-04,ING0106,2.5,2024-10-05,sexta
2024-10-04,ING0110,2.0,2024-10-05,sexta
2024-10-04,ING0111,7.5,2024-10-05,sexta
2024-10-04,ING0121,3.0,2024-10-08,sexta
2024-10-04,ING0138,0.5,2024-10-08,sexta
2024-10-04,ING0147,0.5,2024-10-08,sexta
2024-10-04,ING0152,1.5,2024-10-07,sexta
2024-10-04,ING0163,664.0,2024-10-05,sexta
2024-10-04,ING0188,25.0,2024-10-07,sexta
2024-10-04,ING0205,1.5,2024-10-12,sexta
2024-10-04,ING0207,5.307948592660955,2024-10-07,sexta
2024-10-04,ING0214,134.0,2024-10-07,sexta
2024-10-04,ING0215,8.92663993860692,2024-10-07,sexta
2024-10-04,ING0217,27.222909882811287,2024-10-10,sexta
2024-10-04,ING0221,16.5,2024-10-08,sexta
2024-10-04,ING0227,0.5,2024-10-08,sexta
2024-10-04,ING0230,36.0,2024-10-08,sexta
2024-10-04,ING0236,109.0,2024-10-08,sexta
2024-10-04,ING0239,0.5,2024-10-08,sexta
2024-10-04,ING0243,1.5,2024-10-08,sexta
2024-10-07,ING0002,8.0,2024-10-10,emergencial
2024-10-07,ING0006,146.5,2024-10-11,emergencial
2024-10-07,ING0027,2.5,2024-10-11,emergencial
2024-10-07,ING0028,30.0,2024-10-12,emergencial
2024-10-07,ING0121,6.5,2024-10-11,emergencial
2024-10-08,ING0002,9.0,2024-10-11,emergencial
2024-10-08,ING0027,2.5,2024-10-12,emergencial
2024-10-08,ING0028,35.5,2024-10-12,emergencial
2024-10-08,ING0098,1.6950322768960724,2024-10-10,emergencial
2024-10-08,ING0163,513.0,2024-10-09,emergencial
2024-10-09,ING0002,10.0,2024-10-12,emergencial
2024-10-09,ING0027,2.5,2024-10-15,emergencial
2024-10-09,ING0028,41.29621057517062,2024-10-13,emergencial
2024-10-09,ING0040,20.5,2024-10-10,emergencial
2024-10-09,ING0098,1.5,2024-10-11,emergencial
2024-10-09,ING0143,13.0,2024-10-13,emergencial
2024-10-10,ING0007,3.0,2024-10-13,emergencial
2024-10-10,ING0027,2.5,2024-10-14,emergencial
2024-10-10,ING0028,35.5,2024-10-14,emergencial
2024-10-10,ING0110,6.0,2024-10-11,emergencial
2024-10-10,ING0143,12.0,2024-10-14,emergencial
2024-10-11,ING0001,0.5,2024-10-14,sexta
2024-10-11,ING0007,3.0,2024-10-14,sexta
2024-10-11,ING0008,11.5,2024-10-15,sexta
2024-10-11,ING0018,40.0,2024-10-17,sexta
2024-10-11,ING0028,34.5,2024-10-15,sexta
2024-10-11,ING0036,0.5,2024-10-14,sexta
2024-10-11,ING0039,0.5,2024-10-14,sexta
2024-10-11,ING0041,0.5,2024-10-12,sexta
2024-10-11,ING0042,0.5,2024-10-12,sexta
2024-10-11,ING0043,58.0,2024-10-12,sexta
2024-10-11,ING0044,0.5,2024-10-13,sexta
2024-10-11,ING0046,0.5,2024-10-13,sexta
2024-10-11,ING0052,44.5,2024-10-13,sexta
2024-10-11,ING0057,401.0,2024-10-13,sexta
2024-10-11,ING0061,1.0,2024-10-15,sexta
2024-10-11,ING0062,6.0,2024-10-15,sexta
2024-10-11,ING0069,0.5,2024-10-15,sexta
2024-10-11,ING0071,28.0,2024-10-19,sexta
2024-10-11,ING0073,0.5,2024-10-15,sexta
2024-10-11,ING0076,66.0,2024-10-18,sexta
2024-10-11,ING0081,33.0,2024-10-13,sexta
2024-10-11,ING0087,3.5,2024-10-13,sexta
2024-10-11,ING0098,0.5,2024-10-13,sexta
2024-10-11,ING0100,0.5,2024-10-12,sexta
2024-10-11,ING0102,2.5,2024-10-12,sexta
2024-10-11,ING0103,0.5,2024-10-12,sexta
2024-10-11,ING0105,2.927840477105761,2024-10-12,sexta
2024-10-11,ING0106,4.5,2024-10-12,sexta
2024-10-11,ING0108,0.5,2024-10-12,sexta
2024-10-11,ING0110,0.5,2024-10-13,sexta
2024-10-11,ING0111,7.5,2024-10-12,sexta
2024-10-11,ING0114,0.5,2024-10-12,sexta
2024-10-11,ING0131,3.0,2024-10-15,sexta
2024-10-11,ING0132,13.960909664876366,2024-10-25,sexta
2024-10-11,ING0137,0.5,2024-10-21,sexta
2024-10-11,ING0143,13.0,2024-10-15,sexta
2024-10-11,ING0145,0.5,2024-10-15,sexta
2024-10-11,ING0148,0.5,2024-10-15,sexta
2024-10-11,ING0150,1.0,2024-10-14,sexta
2024-10-11,ING0151,1.0,2024-10-14,sexta
2024-10-11,ING0152,3.5,2024-10-14,sexta
2024-10-11,ING0156,0.5,2024-10-14,sexta
2024-10-11,ING0160,4.0,2024-10-14,sexta
2024-10-11,ING0163,532.0,2024-10-12,sexta
2024-10-11,ING0188,77.0,2024-10-14,sexta
2024-10-11,ING0190,14.5,2024-10-17,sexta
2024-10-11,ING0199,0.5,2024-10-14,sexta
2024-10-11,ING0204,0.5,2024-10-14,sexta
2024-10-11,ING0211,167.0,2024-10-14,sexta
2024-10-11,ING0214,169.0,2024-10-14,sexta
2024-10-11,ING0215,96.0,2024-10-15,sexta
2024-10-11,ING0221,47.0,2024-10-17,sexta
2024-10-11,ING0224,5.5,2024-10-15,sexta
2024-10-11,ING0227,0.5,2024-10-15,sexta
2024-10-11,ING0229,0.5,2024-10-24,sexta
2024-10-11,ING0236,185.0,2024-10-15,sexta
2024-10-11,ING0241,0.5,2024-10-15,sexta
2024-10-11,ING0243,2.0,2024-10-15,sexta
2024-10-14,ING0003,1.0,2024-10-17,emergencial
2024-10-14,ING0008,28.5,2024-10-17,emergencial
2024-10-14,ING0018,136.5,2024-10-17,emergencial
2024-10-14,ING0023,439.0,2024-10-17,emergencial
2024-10-14,ING0024,21.5,2024-10-17,emergencial
2024-10-14,ING0026,4.5,2024-10-18,emergencial
2024-10-14,ING0038,6.5,2024-10-16,emergencial
2024-10-14,ING0040,19.0,2024-10-15,emergencial
2024-10-14,ING0048,11.5,2024-10-16,emergencial
2024-10-14,ING0049,29.0,2024-10-19,emergencial
2024-10-14,ING0061,9.0,2024-10-18,emergencial
2024-10-14,ING0062,8.5,2024-10-18,emergencial
2024-10-14,ING0063,33.0,2024-10-18,emergencial
2024-10-14,ING0066,107.5,2024-10-18,emergencial
2024-10-14,ING0069,62.627016074958235,2024-10-18,emergencial
2024-10-14,ING0071,42.5,2024-10-18,emergencial
2024-10-14,ING0076,210.19017111191974,2024-10-21,emergencial
2024-10-14,ING0122,42.0,2024-10-18,emergencial
2024-10-14,ING0131,3.5,2024-10-18,emergencial
2024-10-14,ING0132,11.0,2024-10-28,emergencial
2024-10-14,ING0163,770.0,2024-10-15,emergencial
2024-10-14,ING0171,65.0,2024-10-17,emergencial
2024-10-14,ING0178,272.0,2024-10-17,emergencial
2024-10-14,ING0190,29.5,2024-10-17,emergencial
2024-10-14,ING0192,58.0,2024-10-17,emergencial
2024-10-14,ING0194,1.5,2024-10-17,emergencial
2024-10-14,ING0215,156.5,2024-10-17,emergencial
2024-10-14,ING0218,146.0,2024-10-17,emergencial
2024-10-14,ING0221,36.5,2024-10-18,emergencial
2024-10-14,ING0224,11.5,2024-10-18,emergencial
2024-10-14,ING0230,94.0,2024-10-18,emergencial
2024-10-14,ING0236,240.5,2024-10-18,emergencial
2024-10-14,ING0238,4.5,2024-10-18,emergencial
2024-10-14,ING0243,3.5,2024-10-18,emergencial
2024-10-15,ING0018,121.0,2024-10-18,emergencial
2024-10-15,ING0023,440.0,2024-10-18,emergencial
2024-10-15,ING0024,19.5,2024-10-19,emergencial
2024-10-15,ING0026,4.5,2024-10-19,emergencial
2024-10-15,ING0038,6.5,2024-10-16,emergencial
2024-10-15,ING0048,13.091321100007017,2024-10-17,emergencial
2024-10-15,ING0049,29.0,2024-10-20,emergencial
2024-10-15,ING0061,8.0,2024-10-19,emergencial
2024-10-15,ING0063,29.0,2024-10-19,emergencial
2024-10-15,ING0066,110.5,2024-10-19,emergencial
2024-10-15,ING0069,61.42265038120904,2024-10-19,emergencial
2024-10-15,ING0071,38.5,2024-10-19,emergencial
2024-10-15,ING0076,199.46618278988302,2024-10-22,emergencial
2024-10-15,ING0090,7.5,2024-10-17,emergencial
2024-10-15,ING0110,3.5,2024-10-16,emergencial
2024-10-15,ING0122,41.0,2024-10-19,emergencial
2024-10-15,ING0132,21.83217249062673,2024-10-19,emergencial
2024-10-15,ING0171,64.5,2024-10-18,emergencial
2024-10-15,ING0178,276.0,2024-10-18,emergencial
2024-10-15,ING0188,106.0,2024-10-18,emergencial
2024-10-15,ING0190,24.5,2024-10-19,emergencial
2024-10-15,ING0192,66.0,2024-10-18,emergencial
2024-10-15,ING0194,1.0,2024-10-18,emergencial
2024-10-15,ING0218,144.5,2024-10-18,emergencial
2024-10-15,ING0221,31.5,2024-10-19,emergencial
2024-10-15,ING0230,89.0,2024-10-19,emergencial
2024-10-15,ING0238,4.5,2024-10-19,emergencial
2024-10-16,ING0010,331.0,2024-10-19,emergencial
2024-10-16,ING0018,108.0,2024-10-19,emergencial
2024-10-16,ING0023,430.0,2024-10-22,emergencial
2024-10-16,ING0024,15.0,2024-10-19,emergencial
2024-10-16,ING0043,41.84986756101709,2024-10-17,emergencial
2024-10-16,ING0049,17.0,2024-10-21,emergencial
2024-10-16,ING0057,300.0,2024-10-21,emergencial
2024-10-16,ING0061,7.5,2024-10-20,emergencial
2024-10-16,ING0063,24.5,2024-10-20,emergencial
2024-10-16,ING0066,122.5,2024-10-20,emergencial
2024-10-16,ING0071,27.5,2024-10-20,emergencial
2024-10-16,ING0087,1.5,2024-10-18,emergencial
2024-10-16,ING0089,13.5,2024-10-18,emergencial
2024-10-16,ING0090,6.5,2024-10-18,emergencial
2024-10-16,ING0095,26.0,2024-10-18,emergencial
2024-10-16,ING0100,2.0,2024-10-17,emergencial
2024-10-16,ING0106,2.0,2024-10-17,emergencial
2024-10-16,ING0122,37.0,2024-10-20,emergencial
2024-10-16,ING0129,3.5,2024-10-20,emergencial
2024-10-16,ING0132,14.55478166041782,2024-10-20,emergencial
2024-10-16,ING0160,6.0,2024-10-19,emergencial
2024-10-16,ING0163,858.0,2024-10-17,emergencial
2024-10-16,ING0171,52.5,2024-10-20,emergencial
2024-10-16,ING0175,18.0,2024-10-19,emergencial
2024-10-16,ING0178,281.0,2024-10-19,emergencial
2024-10-16,ING0188,83.0,2024-10-19,emergencial
2024-10-16,ING0190,19.5,2024-10-19,emergencial
2024-10-16,ING0192,48.5,2024-10-19,emergencial
2024-10-16,ING0194,1.0,2024-10-19,emergencial
2024-10-16,ING0218,119.5,2024-10-21,emergencial
2024-10-16,ING0221,26.0,2024-10-20,emergencial
2024-10-16,ING0230,71.5,2024-10-20,emergencial
2024-10-16,ING0234,1.0,2024-10-20,emergencial
2024-10-16,ING0238,7.0,2024-10-20,emergencial
2024-10-16,ING0243,3.0,2024-10-20,emergencial
2024-10-17,ING0045,58.0,2024-10-19,emergencial
2024-10-17,ING0049,17.5,2024-10-19,emergencial
2024-10-17,ING0061,7.5,2024-10-21,emergencial
2024-10-17,ING0063,27.5,2024-10-23,emergencial
2024-10-17,ING0066,114.5,2024-10-21,emergencial
2024-10-17,ING0071,28.0,2024-10-21,emergencial
2024-10-17,ING0089,14.084718212452996,2024-10-19,emergencial
2024-10-17,ING0122,43.0,2024-10-21,emergencial
2024-10-17,ING0129,3.5,2024-10-21,emergencial
2024-10-17,ING0132,14.55478166041782,2024-10-23,emergencial
2024-10-17,ING0160,6.0,2024-10-20,emergencial
2024-10-17,ING0188,88.0,2024-10-20,emergencial
2024-10-17,ING0230,71.5,2024-10-21,emergencial
2024-10-17,ING0238,7.0,2024-10-21,emergencial
2024-10-17,ING0243,2.679567415494,2024-10-21,emergencial
2024-10-18,ING0001,2.0,2024-10-21,sexta
2024-10-18,ING0002,6.5,2024-10-21,sexta
2024-10-18,ING0005,0.5,2024-10-26,sexta
2024-10-18,ING0006,79.5,2024-10-24,sexta
2024-10-18,ING0010,327.0,2024-10-21,sexta
2024-10-18,ING0012,12.0,2024-10-22,sexta
2024-10-18,ING0016,0.5,2024-10-21,sexta
2024-10-18,ING0037,0.5,2024-10-19,sexta
2024-10-18,ING0039,0.5,2024-10-19,sexta
2024-10-18,ING0044,0.5,2024-10-20,sexta
2024-10-18,ING0045,54.5,2024-10-19,sexta
2024-10-18,ING0046,0.5221964302851178,2024-10-20,sexta
2024-10-18,ING0049,16.0,2024-10-20,sexta
2024-10-18,ING0050,0.5,2024-10-20,sexta
2024-10-18,ING0051,0.5,2024-10-20,sexta
2024-10-18,ING0052,32.5,2024-10-21,sexta
2024-10-18,ING0053,0.5,2024-10-24,sexta
2024-10-18,ING0057,296.0,2024-10-22,sexta
2024-10-18,ING0060,8.0,2024-10-23,sexta
2024-10-18,ING0064,0.5,2024-10-22,sexta
2024-10-18,ING0067,0.5,2024-10-22,sexta
2024-10-18,ING0068,0.5,2024-10-22,sexta
2024-10-18,ING0071,4.739672812746585,2024-10-22,sexta
2024-10-18,ING0079,14.5,2024-10-20,sexta
2024-10-18,ING0081,12.0,2024-10-20,sexta
2024-10-18,ING0085,0.5,2024-10-20,sexta
2024-10-18,ING0086,61.0,2024-10-22,sexta
2024-10-18,ING0087,1.0,2024-10-22,sexta
2024-10-18,ING0093,3.0,2024-10-20,sexta
2024-10-18,ING0097,0.5,2024-10-20,sexta
2024-10-18,ING0098,0.5,2024-10-19,sexta
2024-10-18,ING0100,1.0,2024-10-19,sexta
2024-10-18,ING0101,0.5,2024-10-19,sexta
2024-10-18,ING0103,0.5,2024-10-20,sexta
2024-10-18,ING0104,2.0,2024-10-19,sexta
2024-10-18,ING0105,1.5,2024-10-20,sexta
2024-10-18,ING0106,1.2922007072759756,2024-10-19,sexta
2024-10-18,ING0109,0.5,2024-10-19,sexta
2024-10-18,ING0110,2.5,2024-10-19,sexta
2024-10-18,ING0111,6.0,2024-10-19,sexta
2024-10-18,ING0121,3.0,2024-10-22,sexta
2024-10-18,ING0122,13.5,2024-10-22,sexta
2024-10-18,ING0124,0.5,2024-10-22,sexta
2024-10-18,ING0126,16.5,2024-10-22,sexta
2024-10-18,ING0129,3.5,2024-10-22,sexta
2024-10-18,ING0132,13.515154398959403,2024-10-22,sexta
2024-10-18,ING0134,0.5,2024-10-22,sexta
2024-10-18,ING0136,0.5,2024-10-31,sexta
2024-10-18,ING0137,0.5,2024-10-22,sexta
2024-10-18,ING0142,8.0,2024-10-22,sexta
2024-10-18,ING0147,0.5,2024-10-22,sexta
2024-10-18,ING0148,0.5,2024-10-22,sexta
2024-10-18,ING0152,2.3992404512612993,2024-10-21,sexta
2024-10-18,ING0160,5.5,2024-10-22,sexta
2024-10-18,ING0165,1.5,2024-10-21,sexta
2024-10-18,ING0175,55.22537548229717,2024-10-21,sexta
2024-10-18,ING0188,40.0,2024-10-21,sexta
2024-10-18,ING0204,1.5,2024-10-21,sexta
2024-10-18,ING0211,75.0,2024-10-21,sexta
2024-10-18,ING0214,183.0504094833488,2024-10-21,sexta
2024-10-18,ING0225,0.5,2024-10-22,sexta
2024-10-18,ING0227,0.5,2024-10-22,sexta
2024-10-18,ING0232,8.5,2024-10-24,sexta
2024-10-18,ING0233,0.5,2024-10-22,sexta
2024-10-18,ING0234,1.0,2024-10-22,sexta
2024-10-18,ING0237,0.5,2024-10-22,sexta
2024-10-18,ING0238,2.0,2024-10-22,sexta
2024-10-18,ING0244,0.5,2024-10-22,sexta
2024-10-21,ING0003,4.9093393953034905,2024-10-24,emergencial
2024-10-21,ING0004,49.5,2024-10-24,emergencial
2024-10-21,ING0006,89.5,2024-10-24,emergencial
2024-10-21,ING0012,10.5,2024-10-24,emergencial
2024-10-21,ING0034,2.0,2024-10-22,emergencial
2024-10-21,ING0040,10.5,2024-10-22,emergencial
2024-10-21,ING0059,2.0,2024-10-26,emergencial
2024-10-21,ING0060,14.678257891581428,2024-10-25,emergencial
2024-10-21,ING0087,1.5,2024-10-23,emergencial
2024-10-21,ING0091,8.5,2024-10-23,emergencial
2024-10-21,ING0126,22.0,2024-10-25,emergencial
2024-10-21,ING0142,10.0,2024-10-25,emergencial
2024-10-21,ING0161,5.0,2024-10-25,emergencial
2024-10-21,ING0163,730.0,2024-10-22,emergencial
2024-10-21,ING0232,9.5,2024-10-27,emergencial
2024-10-22,ING0003,4.9093393953034905,2024-10-25,emergencial
2024-10-22,ING0004,51.0,2024-10-25,emergencial
2024-10-22,ING0006,89.0,2024-10-25,emergencial
2024-10-22,ING0059,2.0,2024-10-26,emergencial
2024-10-22,ING0060,13.5,2024-10-26,emergencial
2024-10-22,ING0091,8.0,2024-10-24,emergencial
2024-10-22,ING0161,4.5,2024-10-25,emergencial
2024-10-22,ING0232,10.0,2024-10-28,emergencial
2024-10-23,ING0003,4.9093393953034905,2024-10-26,emergencial
2024-10-23,ING0006,92.5,2024-10-26,emergencial
2024-10-23,ING0059,1.8665052058524687,2024-10-27,emergencial
2024-10-23,ING0089,11.5,2024-10-25,emergencial
2024-10-23,ING0110,2.419812090513476,2024-10-24,emergencial
2024-10-23,ING0161,4.5,2024-10-26,emergencial
2024-10-23,ING0232,10.0,2024-10-29,emergencial
2024-10-24,ING0059,6.637869100021913,2024-10-28,emergencial
2024-10-24,ING0089,11.5,2024-10-26,emergencial
2024-10-24,ING0161,4.0,2024-10-30,emergencial
2024-10-25,ING0001,2.0,2024-10-28,sexta
2024-10-25,ING0002,4.0,2024-10-28,sexta
2024-10-25,ING0005,0.5,2024-10-28,sexta
2024-10-25,ING0011,0.5,2024-11-04,sexta
2024-10-25,ING0034,2.0,2024-10-26,sexta
2024-10-25,ING0036,0.5,2024-10-26,sexta
2024-10-25,ING0042,1.5296269943071596,2024-10-27,sexta
2024-10-25,ING0046,0.5,2024-10-27,sexta
2024-10-25,ING0052,15.0,2024-10-27,sexta
2024-10-25,ING0054,0.5,2024-10-27,sexta
2024-10-25,ING0059,6.637869100021913,2024-10-29,sexta
2024-10-25,ING0060,2.202957475996385,2024-10-29,sexta
2024-10-25,ING0064,0.5,2024-10-30,sexta
2024-10-25,ING0067,0.5,2024-10-31,sexta
2024-10-25,ING0072,0.5,2024-10-29,sexta
2024-10-25,ING0079,19.0,2024-10-27,sexta
2024-10-25,ING0081,36.05296629946838,2024-10-27,sexta
2024-10-25,ING0085,0.5,2024-10-27,sexta
2024-10-25,ING0087,0.5,2024-10-27,sexta
2024-10-25,ING0088,36.5,2024-10-27,sexta
2024-10-25,ING0093,3.0,2024-10-27,sexta
2024-10-25,ING0095,14.0,2024-11-01,sexta
2024-10-25,ING0097,0.5,2024-10-27,sexta
2024-10-25,ING0100,0.5,2024-10-26,sexta
2024-10-25,ING0101,0.5,2024-10-26,sexta
2024-10-25,ING0102,1.5,2024-10-26,sexta
2024-10-25,ING0103,0.5,2024-10-26,sexta
2024-10-25,ING0104,1.0,2024-10-26,sexta
2024-10-25,ING0105,1.0,2024-10-26,sexta
2024-10-25,ING0106,1.19837964431503,2024-10-26,sexta
2024-10-25,ING0110,0.5,2024-10-26,sexta
2024-10-25,ING0111,4.5,2024-10-26,sexta
2024-10-25,ING0121,2.0,2024-10-29,sexta
2024-10-25,ING0124,0.5,2024-10-29,sexta
2024-10-25,ING0125,1.5,2024-10-29,sexta
2024-10-25,ING0136,0.5,2024-10-29,sexta
2024-10-25,ING0142,0.5,2024-10-29,sexta
2024-10-25,ING0146,1.0,2024-10-29,sexta
2024-10-25,ING0149,0.5,2024-10-29,sexta
2024-10-25,ING0150,0.5,2024-10-28,sexta
2024-10-25,ING0151,0.5,2024-10-28,sexta
2024-10-25,ING0152,1.5,2024-10-29,sexta
2024-10-25,ING0159,97.0,2024-10-26,sexta
2024-10-25,ING0165,2.2827382018688196,2024-10-29,sexta
2024-10-25,ING0166,0.5,2024-10-28,sexta
2024-10-25,ING0188,18.0,2024-10-28,sexta
2024-10-25,ING0195,1.0,2024-10-29,sexta
2024-10-25,ING0199,0.5,2024-10-28,sexta
2024-10-25,ING0202,25.915341747690704,2024-10-28,sexta
2024-10-25,ING0211,52.0,2024-10-28,sexta
2024-10-25,ING0214,128.0,2024-10-28,sexta
2024-10-25,ING0215,37.5,2024-10-29,sexta
2024-10-25,ING0227,0.5,2024-10-30,sexta
2024-10-25,ING0232,5.5,2024-10-31,sexta
2024-10-25,ING0239,0.5,2024-10-29,sexta
2024-10-28,ING0043,35.0,2024-10-29,emergencial
2024-10-28,ING0172,12.201123181560437,2024-10-31,emergencial
2024-10-29,ING0111,6.0,2024-10-30,emergencial
2024-10-29,ING0163,1035.7160605745867,2024-10-30,emergencial
2024-10-29,ING0172,14.0,2024-11-01,emergencial
2024-10-30,ING0172,12.5,2024-11-02,emergencial
2024-11-01,ING0001,1.0,2024-11-11,sexta
2024-11-01,ING0002,7.342070847768316,2024-11-04,sexta
2024-11-01,ING0011,0.5,2024-11-04,sexta
2024-11-01,ING0036,0.5,2024-11-02,sexta
2024-11-01,ING0039,0.5,2024-11-02,sexta
2024-11-01,ING0043,29.0,2024-11-02,sexta
2024-11-01,ING0055,0.5,2024-11-04,sexta
2024-11-01,ING0067,0.5,2024-11-11,sexta
2024-11-01,ING0093,3.0,2024-11-03,sexta
2024-11-01,ING0097,0.5,2024-11-03,sexta
2024-11-01,ING0110,0.5,2024-11-05,sexta
2024-11-01,ING0111,3.5,2024-11-02,sexta
2024-11-01,ING0113,0.5,2024-11-02,sexta
2024-11-01,ING0131,2.0,2024-11-05,sexta
2024-11-01,ING0142,7.0,2024-11-05,sexta
2024-11-01,ING0150,0.5,2024-11-04,sexta
2024-11-01,ING0156,0.5,2024-11-04,sexta
2024-11-01,ING0165,1.6260651727373003,2024-11-04,sexta
2024-11-01,ING0166,0.5,2024-11-04,sexta
2024-11-01,ING0217,21.5,2024-11-04,sexta
2024-11-01,ING0227,0.5,2024-11-05,sexta
2024-11-01,ING0229,0.5,2024-11-05,sexta
2024-11-01,ING0237,0.5,2024-11-05,sexta
2024-11-01,ING0239,0.5,2024-11-05,sexta
2024-11-01,ING0244,0.5,2024-11-05,sexta
2024-11-05,ING0089,20.396304520269652,2024-11-07,emergencial
2024-11-05,ING0110,4.0,2024-11-06,emergencial
2024-11-05,ING0111,7.5,2024-11-06,emergencial
2024-11-06,ING0089,20.396304520269652,2024-11-08,emergencial
2024-11-06,ING0104,4.5,2024-11-07,emergencial
2024-11-06,ING0159,898.0,2024-11-07,emergencial
2024-11-06,ING0163,823.0690433068576,2024-11-08,emergencial
2024-11-06,ING0166,2.0,2024-11-09,emergencial
2024-11-06,ING0217,30.0,2024-11-09,emergencial
2024-11-06,ING0238,3.5,2024-11-10,emergencial
2024-11-07,ING0002,9.5,2024-11-10,emergencial
2024-11-07,ING0042,0.5,2024-11-08,emergencial
2024-11-07,ING0043,56.621586150584825,2024-11-08,emergencial
2024-11-07,ING0075,3.0,2024-11-09,emergencial
2024-11-07,ING0087,2.5,2024-11-09,emergencial
2024-11-07,ING0093,7.5,2024-11-09,emergencial
2024-11-07,ING0098,1.5,2024-11-08,emergencial
2024-11-07,ING0106,3.0,2024-11-09,emergencial
2024-11-07,ING0110,3.5,2024-11-08,emergencial
2024-11-07,ING0111,6.5,2024-11-08,emergencial
2024-11-07,ING0124,1.5,2024-11-11,emergencial
2024-11-07,ING0142,17.0,2024-11-11,emergencial
2024-11-07,ING0152,3.5,2024-11-10,emergencial
2024-11-07,ING0163,1163.3042709352242,2024-11-08,emergencial
2024-11-07,ING0166,9.44861383085098,2024-11-10,emergencial
2024-11-07,ING0188,95.0,2024-11-12,emergencial
2024-11-07,ING0194,3.7600030138238623,2024-11-10,emergencial
2024-11-07,ING0202,33.5,2024-11-10,emergencial
2024-11-07,ING0211,138.0,2024-11-10,emergencial
2024-11-07,ING0215,125.5,2024-11-10,emergencial
2024-11-07,ING0217,23.0,2024-11-16,emergencial
2024-11-07,ING0238,5.5,2024-11-11,emergencial
2024-11-08,ING0001,1.0,2024-11-11,sexta
2024-11-08,ING0002,9.5,2024-11-11,sexta
2024-11-08,ING0008,17.5,2024-11-11,sexta
2024-11-08,ING0012,9.5,2024-11-11,sexta
2024-11-08,ING0016,0.5,2024-11-11,sexta
2024-11-08,ING0023,121.0,2024-11-12,sexta
2024-11-08,ING0029,6.0,2024-11-12,sexta
2024-11-08,ING0036,0.5,2024-11-10,sexta
2024-11-08,ING0039,0.5,2024-11-09,sexta
2024-11-08,ING0040,14.0,2024-11-09,sexta
2024-11-08,ING0042,0.5,2024-11-12,sexta
2024-11-08,ING0046,0.49204201638823064,2024-11-11,sexta
2024-11-08,ING0052,36.0,2024-11-11,sexta
2024-11-08,ING0057,212.0,2024-11-13,sexta
2024-11-08,ING0060,13.0,2024-11-12,sexta
2024-11-08,ING0067,0.5,2024-11-12,sexta
2024-11-08,ING0075,3.0,2024-11-10,sexta
2024-11-08,ING0085,0.5,2024-11-10,sexta
2024-11-08,ING0087,2.5,2024-11-10,sexta
2024-11-08,ING0090,5.0,2024-11-10,sexta
2024-11-08,ING0091,11.0,2024-11-10,sexta
2024-11-08,ING0093,7.5,2024-11-10,sexta
2024-11-08,ING0095,25.5,2024-11-10,sexta
2024-11-08,ING0098,1.5,2024-11-09,sexta
2024-11-08,ING0099,1.0,2024-11-09,sexta
2024-11-08,ING0101,0.5,2024-11-09,sexta
2024-11-08,ING0104,1.0,2024-11-10,sexta
2024-11-08,ING0106,2.5,2024-11-11,sexta
2024-11-08,ING0110,0.5,2024-11-09,sexta
2024-11-08,ING0111,1.5,2024-11-09,sexta
2024-11-08,ING0112,0.5,2024-11-09,sexta
2024-11-08,ING0114,0.5,2024-11-11,sexta
2024-11-08,ING0124,2.0,2024-11-12,sexta
2024-11-08,ING0127,0.6008794713139343,2024-11-12,sexta
2024-11-08,ING0128,1.5,2024-11-20,sexta
2024-11-08,ING0134,0.5,2024-11-12,sexta
2024-11-08,ING0135,0.5,2024-11-12,sexta
2024-11-08,ING0138,0.5,2024-11-12,sexta
2024-11-08,ING0142,18.0,2024-11-12,sexta
2024-11-08,ING0145,0.5,2024-11-12,sexta
2024-11-08,ING0151,1.0,2024-11-11,sexta
2024-11-08,ING0152,3.0,2024-11-11,sexta
2024-11-08,ING0159,329.0,2024-11-09,sexta
2024-11-08,ING0165,4.5,2024-11-11,sexta
2024-11-08,ING0166,7.086460373138236,2024-11-11,sexta
2024-11-08,ING0174,92.20024704645503,2024-11-11,sexta
2024-11-08,ING0188,106.0,2024-11-11,sexta
2024-11-08,ING0189,2.0,2024-11-13,sexta
2024-11-08,ING0194,3.7600030138238623,2024-11-11,sexta
2024-11-08,ING0195,1.5,2024-11-11,sexta
2024-11-08,ING0202,35.0,2024-11-11,sexta
2024-11-08,ING0207,3.0,2024-11-16,sexta
2024-11-08,ING0211,139.0,2024-11-11,sexta
2024-11-08,ING0214,202.0,2024-11-12,sexta
2024-11-08,ING0215,111.0,2024-11-11,sexta
2024-11-08,ING0217,19.5,2024-11-17,sexta
2024-11-08,ING0225,0.5,2024-11-12,sexta
2024-11-08,ING0227,0.5,2024-11-12,sexta
2024-11-08,ING0231,1.0,2024-11-12,sexta
2024-11-08,ING0233,0.5,2024-11-12,sexta
2024-11-08,ING0234,0.5,2024-11-12,sexta
2024-11-08,ING0238,5.5,2024-11-12,sexta
2024-11-11,ING0029,12.0,2024-11-15,emergencial
2024-11-11,ING0042,1.0,2024-11-12,emergencial
2024-11-11,ING0057,341.0,2024-11-14,emergencial
2024-11-11,ING0060,28.0,2024-11-15,emergencial
2024-11-11,ING0088,122.5,2024-11-13,emergencial
2024-11-11,ING0189,3.5,2024-11-14,emergencial
2024-11-11,ING0207,6.0,2024-11-14,emergencial
2024-11-11,ING0214,215.0,2024-11-14,emergencial
2024-11-11,ING0231,1.5,2024-11-15,emergencial
2024-11-11,ING0234,1.0,2024-11-15,emergencial
2024-11-12,ING0057,298.0,2024-11-14,emergencial
2024-11-12,ING0088,116.0,2024-11-14,emergencial
2024-11-12,ING0128,7.0,2024-11-25,emergencial
2024-11-12,ING0189,3.0,2024-11-15,emergencial
2024-11-12,ING0207,6.0,2024-11-15,emergencial
2024-11-13,ING0027,2.5,2024-11-17,emergencial
2024-11-13,ING0038,5.0,2024-11-15,emergencial
2024-11-13,ING0089,10.0,2024-11-15,emergencial
2024-11-13,ING0110,2.5,2024-11-14,emergencial
2024-11-13,ING0115,2.0,2024-11-14,emergencial
2024-11-13,ING0128,8.0,2024-11-25,emergencial
2024-11-13,ING0131,2.5,2024-11-17,emergencial
2024-11-13,ING0154,11.01917768861775,2024-11-16,emergencial
2024-11-13,ING0159,501.0,2024-11-14,emergencial
2024-11-13,ING0207,6.5,2024-11-16,emergencial
2024-11-14,ING0023,340.0,2024-11-17,emergencial
2024-11-14,ING0027,2.5,2024-11-18,emergencial
2024-11-14,ING0038,4.5,2024-11-16,emergencial
2024-11-14,ING0089,12.5,2024-11-17,emergencial
2024-11-14,ING0128,9.5,2024-11-18,emergencial
2024-11-14,ING0131,3.0,2024-11-18,emergencial
2024-11-14,ING0154,9.0,2024-11-17,emergencial
2024-11-14,ING0204,1.0,2024-11-17,emergencial
2024-11-15,ING0002,0.5,2024-11-18,sexta
2024-11-15,ING0003,0.5,2024-11-21,sexta
2024-11-15,ING0006,26.5,2024-11-18,sexta
2024-11-15,ING0008,9.0,2024-11-18,sexta
2024-11-15,ING0012,6.5,2024-11-21,sexta
2024-11-15,ING0018,39.5,2024-11-18,sexta
2024-11-15,ING0023,341.0,2024-11-18,sexta
2024-11-15,ING0024,7.0,2024-11-18,sexta
2024-11-15,ING0027,2.5,2024-11-19,sexta
2024-11-15,ING0030,2.415146878788425,2024-11-19,sexta
2024-11-15,ING0036,0.5,2024-11-16,sexta
2024-11-15,ING0037,0.5547082705145132,2024-11-16,sexta
2024-11-15,ING0041,0.5,2024-11-16,sexta
2024-11-15,ING0044,0.5,2024-11-16,sexta
2024-11-15,ING0048,6.5,2024-11-17,sexta
2024-11-15,ING0051,0.5,2024-11-17,sexta
2024-11-15,ING0053,0.5,2024-11-17,sexta
2024-11-15,ING0060,0.5,2024-11-19,sexta
2024-11-15,ING0064,0.5,2024-11-19,sexta
2024-11-15,ING0068,0.5,2024-11-19,sexta
2024-11-15,ING0072,0.5,2024-11-19,sexta
2024-11-15,ING0073,0.5,2024-11-19,sexta
2024-11-15,ING0078,3.5,2024-11-17,sexta
2024-11-15,ING0079,62.696844226589874,2024-11-17,sexta
2024-11-15,ING0085,0.5,2024-11-17,sexta
2024-11-15,ING0086,47.0,2024-11-17,sexta
2024-11-15,ING0087,0.5,2024-11-17,sexta
2024-11-15,ING0090,5.5,2024-11-18,sexta
2024-11-15,ING0095,16.0,2024-11-21,sexta
2024-11-15,ING0097,0.5,2024-11-17,sexta
2024-11-15,ING0098,0.5,2024-11-16,sexta
2024-11-15,ING0102,1.0,2024-11-16,sexta
2024-11-15,ING0103,0.5,2024-11-19,sexta
2024-11-15,ING0104,2.5,2024-11-16,sexta
2024-11-15,ING0108,0.5,2024-11-16,sexta
2024-11-15,ING0110,2.0,2024-11-16,sexta
2024-11-15,ING0111,5.0,2024-11-16,sexta
2024-11-15,ING0115,1.0,2024-11-16,sexta
2024-11-15,ING0128,20.121848109936348,2024-11-19,sexta
2024-11-15,ING0131,3.0,2024-11-19,sexta
2024-11-15,ING0143,2.5,2024-11-19,sexta
2024-11-15,ING0147,0.5,2024-11-19,sexta
2024-11-15,ING0150,1.0,2024-11-18,sexta
2024-11-15,ING0154,9.0,2024-11-18,sexta
2024-11-15,ING0159,418.0,2024-11-16,sexta
2024-11-15,ING0160,4.0,2024-11-18,sexta
2024-11-15,ING0161,3.0,2024-11-26,sexta
2024-11-15,ING0178,1.0,2024-11-18,sexta
2024-11-15,ING0191,46.0,2024-11-18,sexta
2024-11-15,ING0195,1.5,2024-11-18,sexta
2024-11-15,ING0199,0.5,2024-11-18,sexta
2024-11-15,ING0202,21.305800578831537,2024-11-18,sexta
2024-11-15,ING0203,5.5,2024-11-24,sexta
2024-11-15,ING0204,1.0,2024-11-18,sexta
2024-11-15,ING0217,9.0,2024-11-24,sexta
2024-11-15,ING0220,8.5,2024-11-20,sexta
2024-11-15,ING0227,0.5,2024-11-22,sexta
2024-11-15,ING0241,0.5,2024-11-19,sexta
2024-11-18,ING0002,5.0,2024-11-21,emergencial
2024-11-18,ING0003,2.0,2024-11-21,emergencial
2024-11-18,ING0034,3.0,2024-11-19,emergencial
2024-11-18,ING0066,104.0,2024-11-24,emergencial
2024-11-18,ING0161,4.5,2024-11-24,emergencial
2024-11-18,ING0163,709.0,2024-11-19,emergencial
2024-11-18,ING0203,6.5,2024-11-25,emergencial
2024-11-19,ING0002,6.5,2024-11-22,emergencial
2024-11-19,ING0003,1.5,2024-11-22,emergencial
2024-11-19,ING0012,11.0,2024-11-29,emergencial
2024-11-19,ING0066,99.0,2024-11-23,emergencial
2024-11-19,ING0161,5.0,2024-11-22,emergencial
2024-11-19,ING0203,6.5,2024-11-26,emergencial
2024-11-19,ING0220,12.5,2024-11-28,emergencial
2024-11-19,ING0238,6.5,2024-11-23,emergencial
2024-11-20,ING0002,7.0,2024-11-23,emergencial
2024-11-20,ING0003,1.5,2024-11-24,emergencial
2024-11-20,ING0012,11.5,2024-12-02,emergencial
2024-11-20,ING0048,6.5,2024-11-22,emergencial
2024-11-20,ING0066,93.0,2024-11-24,emergencial
2024-11-20,ING0161,5.133216097352927,2024-11-23,emergencial
2024-11-20,ING0203,7.5,2024-11-27,emergencial
2024-11-20,ING0238,6.5,2024-11-24,emergencial
2024-11-21,ING0048,6.5,2024-11-23,emergencial
2024-11-21,ING0066,78.0,2024-11-25,emergencial
2024-11-21,ING0089,11.0,2024-11-24,emergencial
2024-11-21,ING0203,7.5,2024-11-24,emergencial
2024-11-21,ING0238,6.0,2024-11-25,emergencial
2024-11-22,ING0002,0.5,2024-11-25,sexta
2024-11-22,ING0008,8.0,2024-11-26,sexta
2024-11-22,ING0012,6.0,2024-11-30,sexta
2024-11-22,ING0018,50.5,2024-11-25,sexta
2024-11-22,ING0019,366.0,2024-11-25,sexta
2024-11-22,ING0024,7.103313763168462,2024-11-25,sexta
2024-11-22,ING0029,4.5,2024-11-26,sexta
2024-11-22,ING0030,0.5,2024-11-26,sexta
2024-11-22,ING0036,0.5,2024-11-26,sexta
2024-11-22,ING0037,1.0,2024-11-23,sexta
2024-11-22,ING0039,0.5,2024-11-23,sexta
2024-11-22,ING0040,8.0,2024-11-25,sexta
2024-11-22,ING0047,0.5,2024-11-23,sexta
2024-11-22,ING0052,32.5,2024-11-24,sexta
2024-11-22,ING0054,0.5,2024-11-27,sexta
2024-11-22,ING0060,21.5,2024-11-26,sexta
2024-11-22,ING0061,4.0,2024-11-26,sexta
2024-11-22,ING0066,73.5,2024-11-26,sexta
2024-11-22,ING0068,0.5,2024-11-26,sexta
2024-11-22,ING0078,6.0,2024-11-24,sexta
2024-11-22,ING0085,0.45693782671882344,2024-11-24,sexta
2024-11-22,ING0086,75.5,2024-11-24,sexta
2024-11-22,ING0089,11.0,2024-11-24,sexta
2024-11-22,ING0091,12.782320849005693,2024-11-24,sexta
2024-11-22,ING0093,3.0,2024-11-27,sexta
2024-11-22,ING0095,11.0,2024-11-24,sexta
2024-11-22,ING0097,0.5,2024-11-24,sexta
2024-11-22,ING0098,0.5,2024-11-23,sexta
2024-11-22,ING0100,0.5,2024-11-23,sexta
2024-11-22,ING0101,0.5,2024-11-23,sexta
2024-11-22,ING0103,0.5,2024-11-23,sexta
2024-11-22,ING0104,1.5,2024-11-24,sexta
2024-11-22,ING0105,2.0,2024-11-24,sexta
2024-11-22,ING0106,1.5,2024-11-23,sexta
2024-11-22,ING0107,1.526630933245225,2024-11-23,sexta
2024-11-22,ING0109,0.5,2024-11-23,sexta
2024-11-22,ING0110,2.5,2024-11-23,sexta
2024-11-22,ING0111,2.0,2024-11-23,sexta
2024-11-22,ING0112,0.5,2024-11-23,sexta
2024-11-22,ING0124,0.5,2024-11-26,sexta
2024-11-22,ING0143,3.0,2024-11-26,sexta
2024-11-22,ING0148,0.5,2024-11-26,sexta
2024-11-22,ING0149,0.5,2024-11-26,sexta
2024-11-22,ING0151,0.5,2024-11-25,sexta
2024-11-22,ING0152,0.5,2024-11-25,sexta
2024-11-22,ING0160,1.0,2024-11-25,sexta
2024-11-22,ING0161,1.0,2024-12-02,sexta
2024-11-22,ING0164,4.74255447217468,2024-11-25,sexta
2024-11-22,ING0169,0.5,2024-11-25,sexta
2024-11-22,ING0178,768.6024367295311,2024-11-25,sexta
2024-11-22,ING0188,21.0,2024-11-26,sexta
2024-11-22,ING0191,31.5,2024-11-25,sexta
2024-11-22,ING0199,0.5,2024-11-25,sexta
2024-11-22,ING0203,7.0,2024-11-28,sexta
2024-11-22,ING0215,11.0,2024-11-25,sexta
2024-11-22,ING0220,9.5,2024-11-25,sexta
2024-11-22,ING0227,0.5,2024-11-26,sexta
2024-11-22,ING0229,0.5,2024-11-29,sexta
2024-11-22,ING0231,1.226291998889308,2024-11-28,sexta
2024-11-22,ING0238,5.5,2024-11-29,sexta
2024-11-22,ING0239,0.5,2024-11-26,sexta
2024-11-22,ING0244,0.5,2024-11-26,sexta
2024-11-25,ING0060,36.0,2024-11-29,emergencial
2024-11-25,ING0061,7.5,2024-11-29,emergencial
2024-11-25,ING0093,5.5,2024-11-27,emergencial
2024-11-25,ING0163,1712.5460814543608,2024-11-26,emergencial
2024-11-25,ING0231,2.0,2024-11-29,emergencial
2024-11-26,ING0093,6.0,2024-11-29,emergencial
2024-11-26,ING0169,3.5,2024-11-29,emergencial
2024-11-26,ING0231,2.0,2024-11-30,emergencial
2024-11-27,ING0110,1.5,2024-11-28,emergencial
2024-11-27,ING0231,2.0,2024-12-01,emergencial
2024-11-28,ING0027,2.5,2024-12-04,emergencial
2024-11-28,ING0057,351.0,2024-11-30,emergencial
2024-11-28,ING0169,5.0,2024-12-01,emergencial
2024-11-29,ING0002,0.5,2024-12-02,sexta
2024-11-29,ING0008,13.0,2024-12-03,sexta
2024-11-29,ING0010,10.0,2024-12-02,sexta
2024-11-29,ING0018,75.0,2024-12-02,sexta
2024-11-29,ING0019,271.0,2024-12-02,sexta
2024-11-29,ING0024,12.5,2024-12-02,sexta
2024-11-29,ING0027,2.5,2024-12-04,sexta
2024-11-29,ING0029,5.240311249651123,2024-12-03,sexta
2024-11-29,ING0034,4.0,2024-12-01,sexta
2024-11-29,ING0036,0.5,2024-11-30,sexta
2024-11-29,ING0037,5.284088391999907,2024-11-30,sexta
2024-11-29,ING0039,0.5,2024-11-30,sexta
2024-11-29,ING0047,0.5,2024-11-30,sexta
2024-11-29,ING0049,18.5,2024-12-02,sexta
2024-11-29,ING0050,0.5,2024-12-01,sexta
2024-11-29,ING0055,0.5,2024-12-01,sexta
2024-11-29,ING0057,296.0,2024-12-01,sexta
2024-11-29,ING0073,0.5,2024-12-03,sexta
2024-11-29,ING0075,2.5,2024-12-05,sexta
2024-11-29,ING0078,4.0,2024-12-01,sexta
2024-11-29,ING0084,34.5,2024-12-01,sexta
2024-11-29,ING0086,197.0561603490979,2024-12-01,sexta
2024-11-29,ING0089,0.5,2024-12-01,sexta
2024-11-29,ING0098,0.5,2024-11-30,sexta
2024-11-29,ING0100,0.5,2024-11-30,sexta
2024-11-29,ING0102,2.0,2024-11-30,sexta
2024-11-29,ING0103,0.5,2024-11-30,sexta
2024-11-29,ING0105,3.0,2024-11-30,sexta
2024-11-29,ING0110,1.5,2024-11-30,sexta
2024-11-29,ING0111,3.0,2024-12-01,sexta
2024-11-29,ING0113,0.5,2024-12-02,sexta
2024-11-29,ING0122,29.0,2024-12-03,sexta
2024-11-29,ING0124,1.3728754715412808,2024-12-03,sexta
2024-11-29,ING0134,0.5,2024-12-03,sexta
2024-11-29,ING0136,0.5,2024-12-03,sexta
2024-11-29,ING0137,0.5,2024-12-06,sexta
2024-11-29,ING0138,0.5,2024-12-14,sexta
2024-11-29,ING0142,7.5,2024-12-03,sexta
2024-11-29,ING0143,8.5,2024-12-03,sexta
2024-11-29,ING0150,0.5,2024-12-10,sexta
2024-11-29,ING0152,2.0,2024-12-03,sexta
2024-11-29,ING0160,1.070277602397804,2024-12-02,sexta
2024-11-29,ING0169,1.5,2024-12-02,sexta
2024-11-29,ING0188,30.0,2024-12-02,sexta
2024-11-29,ING0191,29.5,2024-12-02,sexta
2024-11-29,ING0192,9.0,2024-12-02,sexta
2024-11-29,ING0195,1.0,2024-12-02,sexta
2024-11-29,ING0205,1.5,2024-12-10,sexta
2024-11-29,ING0211,164.0,2024-12-02,sexta
2024-11-29,ING0214,95.0,2024-12-02,sexta
2024-11-29,ING0215,64.5,2024-12-02,sexta
2024-11-29,ING0218,39.5,2024-12-03,sexta
2024-11-29,ING0225,0.5,2024-12-03,sexta
2024-11-29,ING0227,0.5,2024-12-03,sexta
2024-11-29,ING0233,0.5,2024-12-03,sexta
2024-11-29,ING0234,1.0,2024-12-11,sexta
2024-11-29,ING0243,1.5,2024-12-08,sexta
2024-12-02,ING0002,6.0,2024-12-06,emergencial
2024-12-02,ING0003,3.5,2024-12-06,emergencial
2024-12-02,ING0008,18.5,2024-12-05,emergencial
2024-12-02,ING0027,5.5,2024-12-06,emergencial
2024-12-02,ING0029,6.0,2024-12-06,emergencial
2024-12-02,ING0042,1.0,2024-12-03,emergencial
2024-12-02,ING0063,16.5,2024-12-06,emergencial
2024-12-02,ING0075,2.5,2024-12-10,emergencial
2024-12-02,ING0089,10.0,2024-12-07,emergencial
2024-12-02,ING0098,1.5,2024-12-04,emergencial
2024-12-02,ING0122,27.0,2024-12-06,emergencial
2024-12-02,ING0142,11.0,2024-12-06,emergencial
2024-12-02,ING0143,8.738780109216005,2024-12-06,emergencial
2024-12-02,ING0152,2.5,2024-12-05,emergencial
2024-12-02,ING0205,1.5,2024-12-10,emergencial
2024-12-02,ING0218,62.0,2024-12-05,emergencial
2024-12-02,ING0234,1.0,2024-12-06,emergencial
2024-12-02,ING0243,2.0,2024-12-11,emergencial
2024-12-03,ING0002,7.0,2024-12-06,emergencial
2024-12-03,ING0003,13.70099920660276,2024-12-06,emergencial
2024-12-03,ING0027,5.5,2024-12-07,emergencial
2024-12-03,ING0052,34.5,2024-12-05,emergencial
2024-12-03,ING0063,17.0,2024-12-07,emergencial
2024-12-03,ING0075,3.0,2024-12-05,emergencial
2024-12-03,ING0089,10.0,2024-12-05,emergencial
2024-12-03,ING0098,1.5,2024-12-04,emergencial
2024-12-03,ING0205,1.5,2024-12-14,emergencial
2024-12-03,ING0234,1.0,2024-12-07,emergencial
2024-12-03,ING0243,2.5,2024-12-07,emergencial
2024-12-04,ING0002,7.0,2024-12-07,emergencial
2024-12-04,ING0003,11.988374305777414,2024-12-07,emergencial
2024-12-04,ING0052,46.45621110859683,2024-12-06,emergencial
2024-12-04,ING0063,18.0,2024-12-08,emergencial
2024-12-04,ING0075,2.5,2024-12-06,emergencial
2024-12-04,ING0089,10.5,2024-12-06,emergencial
2024-12-04,ING0121,4.0,2024-12-08,emergencial
2024-12-04,ING0163,1657.0,2024-12-05,emergencial
2024-12-04,ING0205,2.0,2024-12-12,emergencial
2024-12-04,ING0234,1.0,2024-12-08,emergencial
2024-12-05,ING0002,5.5,2024-12-08,emergencial
2024-12-05,ING0003,8.563124504126725,2024-12-08,emergencial
2024-12-05,ING0028,13.5,2024-12-09,emergencial
2024-12-05,ING0095,19.5,2024-12-08,emergencial
2024-12-05,ING0121,4.0,2024-12-09,emergencial
2024-12-05,ING0205,2.0,2024-12-13,emergencial
2024-12-05,ING0217,37.0,2024-12-08,emergencial
2024-12-05,ING0234,1.0,2024-12-09,emergencial
2024-12-05,ING0243,2.0,2024-12-09,emergencial
2024-12-06,ING0002,0.5,2024-12-09,sexta
2024-12-06,ING0010,275.0,2024-12-09,sexta
2024-12-06,ING0011,0.5,2024-12-14,sexta
2024-12-06,ING0016,0.5,2024-12-10,sexta
2024-12-06,ING0018,56.5,2024-12-09,sexta
2024-12-06,ING0019,321.0,2024-12-10,sexta
2024-12-06,ING0024,5.5,2024-12-10,sexta
2024-12-06,ING0028,17.5,2024-12-10,sexta
2024-12-06,ING0030,0.5,2024-12-10,sexta
2024-12-06,ING0033,1.0,2024-12-07,sexta
2024-12-06,ING0036,0.5,2024-12-07,sexta
2024-12-06,ING0039,0.5,2024-12-10,sexta
2024-12-06,ING0040,7.0,2024-12-07,sexta
2024-12-06,ING0046,0.5,2024-12-07,sexta
2024-12-06,ING0047,0.5,2024-12-09,sexta
2024-12-06,ING0049,15.5,2024-12-08,sexta
2024-12-06,ING0058,2.0,2024-12-08,sexta
2024-12-06,ING0061,2.0,2024-12-10,sexta
2024-12-06,ING0064,0.5,2024-12-11,sexta
2024-12-06,ING0071,5.5,2024-12-10,sexta
2024-12-06,ING0074,1.5,2024-12-10,sexta
2024-12-06,ING0078,2.5,2024-12-08,sexta
2024-12-06,ING0084,35.5,2024-12-08,sexta
2024-12-06,ING0085,0.4848230515159566,2024-12-08,sexta
2024-12-06,ING0090,5.0,2024-12-08,sexta
2024-12-06,ING0091,6.0,2024-12-09,sexta
2024-12-06,ING0095,20.5,2024-12-10,sexta
2024-12-06,ING0097,0.5,2024-12-09,sexta
2024-12-06,ING0098,0.5,2024-12-10,sexta
2024-12-06,ING0101,0.5,2024-12-07,sexta
2024-12-06,ING0103,0.5,2024-12-09,sexta
2024-12-06,ING0105,1.467062881357056,2024-12-07,sexta
2024-12-06,ING0111,6.0,2024-12-07,sexta
2024-12-06,ING0114,0.5,2024-12-07,sexta
2024-12-06,ING0121,3.5,2024-12-10,sexta
2024-12-06,ING0127,1.0,2024-12-10,sexta
2024-12-06,ING0129,3.0,2024-12-10,sexta
2024-12-06,ING0133,1.5,2024-12-10,sexta
2024-12-06,ING0135,0.5,2024-12-10,sexta
2024-12-06,ING0138,0.5,2024-12-10,sexta
2024-12-06,ING0142,0.5,2024-12-10,sexta
2024-12-06,ING0145,0.5,2024-12-10,sexta
2024-12-06,ING0147,0.5542321944949277,2024-12-10,sexta
2024-12-06,ING0148,0.5,2024-12-10,sexta
2024-12-06,ING0150,0.5,2024-12-09,sexta
2024-12-06,ING0151,1.0,2024-12-09,sexta
2024-12-06,ING0156,0.5,2024-12-09,sexta
2024-12-06,ING0163,519.0,2024-12-07,sexta
2024-12-06,ING0165,1.5,2024-12-09,sexta
2024-12-06,ING0175,2.5,2024-12-09,sexta
2024-12-06,ING0181,1.0,2024-12-09,sexta
2024-12-06,ING0188,47.0,2024-12-09,sexta
2024-12-06,ING0190,11.5,2024-12-09,sexta
2024-12-06,ING0191,20.0,2024-12-09,sexta
2024-12-06,ING0192,18.0,2024-12-09,sexta
2024-12-06,ING0199,0.5,2024-12-09,sexta
2024-12-06,ING0204,1.0,2024-12-09,sexta
2024-12-06,ING0205,2.0,2024-12-09,sexta
2024-12-06,ING0214,74.0,2024-12-09,sexta
2024-12-06,ING0215,55.0,2024-12-09,sexta
2024-12-06,ING0217,38.0,2024-12-09,sexta
2024-12-06,ING0221,15.0,2024-12-11,sexta
2024-12-06,ING0227,0.5,2024-12-10,sexta
2024-12-06,ING0232,1.0,2024-12-12,sexta
2024-12-06,ING0237,0.5,2024-12-10,sexta
2024-12-06,ING0238,6.5,2024-12-10,sexta
2024-12-06,ING0239,0.5,2024-12-10,sexta
2024-12-06,ING0243,2.0,2024-12-10,sexta
2024-12-09,ING0024,7.5,2024-12-12,emergencial
2024-12-09,ING0042,0.5,2024-12-10,emergencial
2024-12-09,ING0129,3.5,2024-12-13,emergencial
2024-12-09,ING0221,26.5,2024-12-13,emergencial
2024-12-09,ING0238,9.5,2024-12-13,emergencial
2024-12-10,ING0106,2.5,2024-12-11,emergencial
2024-12-10,ING0221,28.5,2024-12-18,emergencial
2024-12-10,ING0244,2.0,2024-12-14,emergencial
2024-12-11,ING0042,0.5,2024-12-12,emergencial
2024-12-11,ING0244,2.0,2024-12-15,emergencial
2024-12-13,ING0005,0.5,2024-12-16,sexta
2024-12-13,ING0010,367.0,2024-12-18,sexta
2024-12-13,ING0011,0.5,2024-12-16,sexta
2024-12-13,ING0012,7.5,2024-12-16,sexta
2024-12-13,ING0017,1.5,2024-12-17,sexta
2024-12-13,ING0018,100.5,2024-12-16,sexta
2024-12-13,ING0019,412.0,2024-12-16,sexta
2024-12-13,ING0023,65.0,2024-12-16,sexta
2024-12-13,ING0024,3.5,2024-12-16,sexta
2024-12-13,ING0028,0.5,2024-12-17,sexta
2024-12-13,ING0030,3.0,2024-12-19,sexta
2024-12-13,ING0033,2.0,2024-12-14,sexta
2024-12-13,ING0034,3.0,2024-12-14,sexta
2024-12-13,ING0036,0.5,2024-12-14,sexta
2024-12-13,ING0042,0.5,2024-12-14,sexta
2024-12-13,ING0043,51.0,2024-12-14,sexta
2024-12-13,ING0044,0.535229428057798,2024-12-14,sexta
2024-12-13,ING0045,26.0,2024-12-14,sexta
2024-12-13,ING0046,0.5,2024-12-17,sexta
2024-12-13,ING0047,0.5,2024-12-14,sexta
2024-12-13,ING0049,26.5,2024-12-15,sexta
2024-12-13,ING0053,0.5,2024-12-16,sexta
2024-12-13,ING0061,4.5,2024-12-17,sexta
2024-12-13,ING0066,152.0,2024-12-26,sexta
2024-12-13,ING0068,0.5,2024-12-17,sexta
2024-12-13,ING0069,10.0,2024-12-17,sexta
2024-12-13,ING0073,0.5,2024-12-17,sexta
2024-12-13,ING0078,4.5,2024-12-15,sexta
2024-12-13,ING0084,61.0,2024-12-15,sexta
2024-12-13,ING0085,0.5,2024-12-15,sexta
2024-12-13,ING0091,11.0,2024-12-15,sexta
2024-12-13,ING0098,0.5,2024-12-14,sexta
2024-12-13,ING0100,0.5,2024-12-14,sexta
2024-12-13,ING0102,2.0,2024-12-14,sexta
2024-12-13,ING0105,5.626548552240067,2024-12-14,sexta
2024-12-13,ING0106,1.0,2024-12-14,sexta
2024-12-13,ING0111,7.0,2024-12-14,sexta
2024-12-13,ING0122,11.5,2024-12-17,sexta
2024-12-13,ING0133,0.5,2024-12-18,sexta
2024-12-13,ING0135,0.5,2024-12-17,sexta
2024-12-13,ING0139,10.0,2024-12-17,sexta
2024-12-13,ING0143,3.5,2024-12-17,sexta
2024-12-13,ING0145,0.5,2024-12-17,sexta
2024-12-13,ING0146,1.0,2024-12-17,sexta
2024-12-13,ING0148,0.5,2024-12-17,sexta
2024-12-13,ING0149,0.5,2024-12-18,sexta
2024-12-13,ING0165,3.0,2024-12-17,sexta
2024-12-13,ING0188,97.0,2024-12-16,sexta
2024-12-13,ING0190,12.5,2024-12-16,sexta
2024-12-13,ING0191,34.5,2024-12-16,sexta
2024-12-13,ING0192,35.5,2024-12-16,sexta
2024-12-13,ING0211,59.0,2024-12-16,sexta
2024-12-13,ING0214,114.0,2024-12-17,sexta
2024-12-13,ING0215,98.0,2024-12-16,sexta
2024-12-13,ING0224,7.0,2024-12-20,sexta
2024-12-13,ING0227,1.0,2024-12-17,sexta
2024-12-13,ING0229,0.5,2024-12-17,sexta
2024-12-13,ING0232,4.5,2024-12-19,sexta
2024-12-13,ING0241,0.5,2024-12-25,sexta
2024-12-16,ING0010,662.0,2024-12-19,emergencial
2024-12-16,ING0069,18.5,2024-12-20,emergencial
2024-12-16,ING0089,6.5,2024-12-18,emergencial
2024-12-16,ING0165,4.5,2024-12-20,emergencial
2024-12-16,ING0224,9.5,2024-12-20,emergencial
2024-12-16,ING0227,1.0,2024-12-20,emergencial
2024-12-17,ING0010,601.2349387418915,2024-12-20,emergencial
2024-12-17,ING0089,28.130858537755476,2024-12-19,emergencial
2024-12-17,ING0154,10.5,2024-12-20,emergencial
2024-12-17,ING0224,9.5,2024-12-22,emergencial
2024-12-18,ING0002,39.022131120389545,2024-12-22,emergencial
2024-12-18,ING0040,20.5,2024-12-19,emergencial
2024-12-18,ING0056,30.5,2024-12-21,emergencial
2024-12-18,ING0089,32.149552614577686,2024-12-20,emergencial
2024-12-18,ING0106,2.0,2024-12-19,emergencial
2024-12-18,ING0111,7.5,2024-12-19,emergencial
2024-12-18,ING0116,4.0,2024-12-19,emergencial
2024-12-18,ING0143,11.0,2024-12-22,emergencial
2024-12-18,ING0154,10.0,2024-12-21,emergencial
2024-12-18,ING0224,6.5,2024-12-22,emergencial
2024-12-19,ING0042,1.0,2024-12-20,emergencial
2024-12-19,ING0056,29.0,2024-12-21,emergencial
2024-12-19,ING0057,459.0,2024-12-21,emergencial
2024-12-19,ING0090,6.5,2024-12-21,emergencial
2024-12-19,ING0094,8.0,2024-12-21,emergencial
2024-12-19,ING0143,10.919380998070494,2024-12-23,emergencial
2024-12-19,ING0154,8.349982614772731,2024-12-22,emergencial
2024-12-19,ING0160,5.0,2024-12-23,emergencial
2024-12-19,ING0181,5.0,2024-12-22,emergencial
2024-12-19,ING0220,19.0,2024-12-22,emergencial
2024-12-19,ING0224,6.5,2024-12-23,emergencial
2024-12-20,ING0001,1.5,2024-12-23,sexta
2024-12-20,ING0012,10.5,2024-12-23,sexta
2024-12-20,ING0018,92.0,2024-12-23,sexta
2024-12-20,ING0019,420.0,2024-12-23,sexta
2024-12-20,ING0024,9.5,2024-12-23,sexta
2024-12-20,ING0029,9.5,2024-12-24,sexta
2024-12-20,ING0030,12.0,2025-01-01,sexta
2024-12-20,ING0033,3.0,2024-12-21,sexta
2024-12-20,ING0036,0.5,2024-12-21,sexta
2024-12-20,ING0037,3.5,2024-12-21,sexta
2024-12-20,ING0041,0.5,2024-12-21,sexta
2024-12-20,ING0043,46.5,2024-12-21,sexta
2024-12-20,ING0047,0.5,2024-12-22,sexta
2024-12-20,ING0049,25.886742162095462,2024-12-22,sexta
2024-12-20,ING0050,0.5,2024-12-24,sexta
2024-12-20,ING0051,0.5,2024-12-22,sexta
2024-12-20,ING0052,27.5,2024-12-25,sexta
2024-12-20,ING0055,0.5,2024-12-27,sexta
2024-12-20,ING0056,21.117662790441003,2024-12-22,sexta
2024-12-20,ING0057,433.0,2024-12-22,sexta
2024-12-20,ING0061,5.0,2024-12-24,sexta
2024-12-20,ING0062,3.5,2024-12-24,sexta
2024-12-20,ING0069,0.5,2024-12-24,sexta
2024-12-20,ING0071,0.5,2024-12-24,sexta
2024-12-20,ING0072,0.5,2024-12-24,sexta
2024-12-20,ING0078,8.0,2024-12-22,sexta
2024-12-20,ING0083,3.5,2024-12-22,sexta
2024-12-20,ING0084,57.0,2024-12-22,sexta
2024-12-20,ING0085,0.5,2024-12-22,sexta
2024-12-20,ING0090,7.5,2024-12-22,sexta
2024-12-20,ING0091,10.0,2024-12-22,sexta
2024-12-20,ING0094,7.0,2024-12-22,sexta
2024-12-20,ING0097,0.5,2024-12-22,sexta
2024-12-20,ING0101,0.5,2024-12-22,sexta
2024-12-20,ING0106,0.5,2024-12-21,sexta
2024-12-20,ING0108,0.5,2024-12-21,sexta
2024-12-20,ING0109,0.5,2024-12-21,sexta
2024-12-20,ING0111,2.5,2024-12-21,sexta
2024-12-20,ING0114,0.5,2024-12-21,sexta
2024-12-20,ING0116,2.5,2024-12-21,sexta
2024-12-20,ING0122,33.0,2024-12-24,sexta
2024-12-20,ING0124,2.1288173077216848,2024-12-25,sexta
2024-12-20,ING0125,2.0,2024-12-24,sexta
2024-12-20,ING0126,68.43213877251435,2024-12-24,sexta
2024-12-20,ING0133,0.536097760589709,2024-12-24,sexta
2024-12-20,ING0135,0.5,2024-12-24,sexta
2024-12-20,ING0136,0.5,2024-12-29,sexta
2024-12-20,ING0137,0.5,2024-12-24,sexta
2024-12-20,ING0139,8.5,2024-12-24,sexta
2024-12-20,ING0142,15.5,2024-12-24,sexta
2024-12-20,ING0145,0.5,2024-12-24,sexta
2024-12-20,ING0150,0.5,2024-12-23,sexta
2024-12-20,ING0159,478.0,2024-12-21,sexta
2024-12-20,ING0160,4.0,2024-12-23,sexta
2024-12-20,ING0172,11.0,2024-12-23,sexta
2024-12-20,ING0181,5.0,2024-12-23,sexta
2024-12-20,ING0188,74.0,2024-12-23,sexta
2024-12-20,ING0190,11.0,2024-12-23,sexta
2024-12-20,ING0191,41.5,2024-12-23,sexta
2024-12-20,ING0195,1.5,2024-12-23,sexta
2024-12-20,ING0204,0.5,2024-12-24,sexta
2024-12-20,ING0206,69.5,2024-12-23,sexta
2024-12-20,ING0211,67.0,2024-12-23,sexta
2024-12-20,ING0214,173.0,2024-12-23,sexta
2024-12-20,ING0215,93.5,2024-12-23,sexta
2024-12-20,ING0220,18.0,2024-12-24,sexta
2024-12-20,ING0227,0.5,2024-12-24,sexta
2024-12-20,ING0232,9.5,2024-12-26,sexta
2024-12-20,ING0233,0.5,2024-12-24,sexta
2024-12-20,ING0237,0.5,2024-12-24,sexta
2024-12-20,ING0238,11.5,2024-12-24,sexta
2024-12-20,ING0241,0.5,2024-12-24,sexta
2024-12-23,ING0029,5.7440199413156865,2024-12-27,emergencial
2024-12-23,ING0030,8.0,2024-12-27,emergencial
2024-12-23,ING0052,28.0,2024-12-25,emergencial
2024-12-23,ING0061,4.0,2024-12-27,emergencial
2024-12-23,ING0062,3.0,2024-12-29,emergencial
2024-12-23,ING0071,12.5,2024-12-27,emergencial
2024-12-23,ING0098,1.5,2024-12-24,emergencial
2024-12-23,ING0111,5.5,2024-12-24,emergencial
2024-12-23,ING0116,2.0,2024-12-25,emergencial
2024-12-23,ING0122,25.5,2024-12-28,emergencial
2024-12-23,ING0124,1.5,2024-12-27,emergencial
2024-12-23,ING0131,2.5,2024-12-28,emergencial
2024-12-23,ING0139,9.0,2024-12-27,emergencial
2024-12-23,ING0142,9.5,2024-12-27,emergencial
2024-12-23,ING0175,14.0,2024-12-26,emergencial
2024-12-23,ING0204,1.0,2024-12-26,emergencial
2024-12-23,ING0218,74.5,2024-12-26,emergencial
2024-12-23,ING0227,1.5,2024-12-27,emergencial
2024-12-23,ING0238,9.5,2024-12-27,emergencial
2024-12-24,ING0030,8.0,2024-12-30,emergencial
2024-12-24,ING0052,28.0,2024-12-26,emergencial
2024-12-24,ING0071,12.5,2024-12-28,emergencial
2024-12-24,ING0116,2.0,2024-12-25,emergencial
2024-12-24,ING0124,1.5,2024-12-29,emergencial
2024-12-24,ING0131,2.5,2024-12-28,emergencial
2024-12-24,ING0175,14.5,2024-12-27,emergencial
2024-12-24,ING0218,73.0,2024-12-28,emergencial
2024-12-24,ING0227,1.5,2024-12-28,emergencial
2024-12-25,ING0030,10.5,2024-12-29,emergencial
2024-12-25,ING0034,2.5,2024-12-27,emergencial
2024-12-25,ING0131,2.5,2024-12-29,emergencial
2024-12-25,ING0159,325.0,2024-12-26,emergencial
2024-12-25,ING0175,14.0,2024-12-28,emergencial
2024-12-25,ING0218,78.0,2024-12-28,emergencial
2024-12-25,ING0227,1.5,2024-12-29,emergencial
2024-12-25,ING0232,17.41397701319382,2024-12-31,emergencial
2024-12-26,ING0015,338.0,2024-12-31,emergencial
2024-12-26,ING0030,9.0,2024-12-30,emergencial
2024-12-26,ING0034,2.5,2024-12-28,emergencial
2024-12-26,ING0035,3.0,2024-12-29,emergencial
2024-12-26,ING0071,15.0,2024-12-30,emergencial
2024-12-26,ING0096,3.0,2024-12-28,emergencial
2024-12-26,ING0131,2.5,2024-12-30,emergencial
2024-12-26,ING0227,1.5,2024-12-30,emergencial
2024-12-27,ING0001,1.0,2024-12-30,sexta
2024-12-27,ING0004,26.5,2024-12-30,sexta
2024-12-27,ING0008,9.5,2024-12-30,sexta
2024-12-27,ING0015,344.0,2024-12-30,sexta
2024-12-27,ING0018,31.0,2024-12-31,sexta
2024-12-27,ING0019,295.0,2024-12-30,sexta
2024-12-27,ING0023,336.7402179803131,2024-12-30,sexta
2024-12-27,ING0024,4.0,2024-12-30,sexta
2024-12-27,ING0026,3.0,2024-12-31,sexta
2024-12-27,ING0027,2.5,2024-12-31,sexta
2024-12-27,ING0030,4.0,2024-12-31,sexta
2024-12-27,ING0033,2.0,2024-12-28,sexta
2024-12-27,ING0035,3.0,2024-12-30,sexta
2024-12-27,ING0036,1.0,2024-12-29,sexta
2024-12-27,ING0037,2.0,2024-12-28,sexta
2024-12-27,ING0038,1.0,2024-12-28,sexta
2024-12-27,ING0039,0.5,2024-12-28,sexta
2024-12-27,ING0042,0.5,2024-12-28,sexta
2024-12-27,ING0044,0.5,2024-12-28,sexta
2024-12-27,ING0047,0.5,2024-12-28,sexta
2024-12-27,ING0049,12.0,2024-12-29,sexta
2024-12-27,ING0054,0.5,2024-12-29,sexta
2024-12-27,ING0060,6.0,2024-12-31,sexta
2024-12-27,ING0062,1.5,2024-12-31,sexta
2024-12-27,ING0063,10.0,2024-12-31,sexta
2024-12-27,ING0066,76.5,2025-01-01,sexta
2024-12-27,ING0068,0.5,2024-12-31,sexta
2024-12-27,ING0069,7.0,2025-01-09,sexta
2024-12-27,ING0071,8.5,2024-12-31,sexta
2024-12-27,ING0078,2.5,2024-12-29,sexta
2024-12-27,ING0081,4.0,2024-12-29,sexta
2024-12-27,ING0083,1.5,2024-12-29,sexta
2024-12-27,ING0087,0.5,2024-12-30,sexta
2024-12-27,ING0096,3.0,2024-12-29,sexta
2024-12-27,ING0097,0.5,2024-12-29,sexta
2024-12-27,ING0098,0.5,2024-12-28,sexta
2024-12-27,ING0101,0.5,2024-12-28,sexta
2024-12-27,ING0102,1.5,2024-12-28,sexta
2024-12-27,ING0103,0.5,2024-12-29,sexta
2024-12-27,ING0104,0.5,2024-12-28,sexta
2024-12-27,ING0106,1.0,2024-12-28,sexta
2024-12-27,ING0111,6.5,2024-12-28,sexta
2024-12-27,ING0112,0.5,2024-12-29,sexta
2024-12-27,ING0113,0.5,2024-12-29,sexta
2024-12-27,ING0122,12.5,2024-12-31,sexta
2024-12-27,ING0129,1.5,2025-01-01,sexta
2024-12-27,ING0133,0.5,2024-12-31,sexta
2024-12-27,ING0134,0.5,2024-12-31,sexta
2024-12-27,ING0135,0.5,2024-12-31,sexta
2024-12-27,ING0136,0.5,2024-12-31,sexta
2024-12-27,ING0145,0.5,2025-01-06,sexta
2024-12-27,ING0148,0.5,2024-12-31,sexta
2024-12-27,ING0151,1.0,2024-12-30,sexta
2024-12-27,ING0152,2.3144007006182976,2024-12-30,sexta
2024-12-27,ING0156,0.5,2024-12-30,sexta
2024-12-27,ING0159,240.0,2024-12-28,sexta
2024-12-27,ING0161,3.0,2024-12-30,sexta
2024-12-27,ING0164,1.5,2024-12-30,sexta
2024-12-27,ING0165,2.0,2024-12-30,sexta
2024-12-27,ING0171,26.5,2024-12-30,sexta
2024-12-27,ING0178,225.98415032034228,2024-12-30,sexta
2024-12-27,ING0188,34.0,2024-12-30,sexta
2024-12-27,ING0190,7.5,2024-12-30,sexta
2024-12-27,ING0191,15.0,2024-12-30,sexta
2024-12-27,ING0192,5.5,2024-12-30,sexta
2024-12-27,ING0199,0.5,2025-01-06,sexta
2024-12-27,ING0203,1.0,2025-01-01,sexta
2024-12-27,ING0206,45.5,2024-12-30,sexta
2024-12-27,ING0211,53.0,2024-12-30,sexta
2024-12-27,ING0214,70.0,2024-12-31,sexta
2024-12-27,ING0215,39.0,2024-12-30,sexta
2024-12-27,ING0217,11.0,2024-12-30,sexta
2024-12-27,ING0218,69.0,2024-12-30,sexta
2024-12-27,ING0225,0.5,2025-01-01,sexta
2024-12-27,ING0227,0.5,2024-12-31,sexta
2024-12-27,ING0228,1.5,2025-01-02,sexta
2024-12-27,ING0231,1.7214940741954778,2024-12-31,sexta
2024-12-27,ING0232,7.618614943272296,2025-01-05,sexta
2024-12-27,ING0237,0.5,2025-01-01,sexta
2024-12-27,ING0238,0.5,2024-12-31,sexta
2024-12-27,ING0242,57.5,2024-12-31,sexta
2024-12-27,ING0244,0.5,2024-12-31,sexta
2024-12-30,ING0026,3.0,2025-01-03,emergencial
2024-12-30,ING0069,12.0,2025-01-03,emergencial
2024-12-30,ING0129,2.0,2025-01-03,emergencial
2024-12-30,ING0228,1.5,2025-01-05,emergencial
2024-12-30,ING0231,5.164482222586433,2025-01-03,emergencial
2024-12-30,ING0242,85.5,2025-01-03,emergencial
2024-12-31,ING0069,15.5,2025-01-04,emergencial
2024-12-31,ING0129,2.5,2025-01-07,emergencial
2024-12-31,ING0228,2.0,2025-01-06,emergencial
2025-01-01,ING0228,2.0,2025-01-08,emergencial
2025-01-02,ING0111,7.0,2025-01-03,emergencial
2025-01-03,ING0004,40.03812222808025,2025-01-07,sexta
2025-01-03,ING0008,10.0,2025-01-06,sexta
2025-01-03,ING0018,43.5,2025-01-06,sexta
2025-01-03,ING0019,441.0,2025-01-06,sexta
2025-01-03,ING0024,7.5,2025-01-07,sexta
2025-01-03,ING0027,2.9069357155218927,2025-01-07,sexta
2025-01-03,ING0033,9.525197516426717,2025-01-06,sexta
2025-01-03,ING0036,0.5,2025-01-06,sexta
2025-01-03,ING0037,2.0,2025-01-04,sexta
2025-01-03,ING0038,1.5,2025-01-04,sexta
2025-01-03,ING0039,0.5,2025-01-04,sexta
2025-01-03,ING0046,0.5,2025-01-04,sexta
2025-01-03,ING0047,0.5,2025-01-05,sexta
2025-01-03,ING0049,15.5,2025-01-05,sexta
2025-01-03,ING0055,0.5,2025-01-05,sexta
2025-01-03,ING0064,0.5,2025-01-08,sexta
2025-01-03,ING0073,0.5,2025-01-07,sexta
2025-01-03,ING0078,4.0,2025-01-05,sexta
2025-01-03,ING0085,0.5,2025-01-05,sexta
2025-01-03,ING0091,9.5,2025-01-06,sexta
2025-01-03,ING0096,0.5,2025-01-05,sexta
2025-01-03,ING0097,0.5,2025-01-05,sexta
2025-01-03,ING0098,0.5,2025-01-06,sexta
2025-01-03,ING0099,1.0,2025-01-05,sexta
2025-01-03,ING0103,0.5,2025-01-04,sexta
2025-01-03,ING0133,0.5,2025-01-07,sexta
2025-01-03,ING0135,0.5,2025-01-07,sexta
2025-01-03,ING0145,0.5,2025-01-07,sexta
2025-01-03,ING0148,0.5,2025-01-07,sexta
2025-01-03,ING0149,0.5,2025-01-07,sexta
2025-01-03,ING0150,1.0,2025-01-06,sexta
2025-01-03,ING0159,668.0,2025-01-04,sexta
2025-01-03,ING0161,3.0,2025-01-06,sexta
2025-01-03,ING0164,3.5,2025-01-06,sexta
2025-01-03,ING0171,32.5,2025-01-12,sexta
2025-01-03,ING0190,7.5,2025-01-06,sexta
2025-01-03,ING0191,9.5,2025-01-06,sexta
2025-01-03,ING0192,4.5,2025-01-06,sexta
2025-01-03,ING0199,0.5,2025-01-06,sexta
2025-01-03,ING0202,27.0,2025-01-08,sexta
2025-01-03,ING0203,3.5,2025-01-06,sexta
2025-01-03,ING0206,85.5,2025-01-06,sexta
2025-01-03,ING0211,40.0,2025-01-06,sexta
2025-01-03,ING0215,61.0,2025-01-06,sexta
2025-01-03,ING0228,1.0,2025-01-09,sexta
2025-01-03,ING0239,0.5,2025-01-07,sexta
2025-01-03,ING0241,0.5,2025-01-07,sexta
2025-01-03,ING0244,0.5,2025-01-07,sexta
2025-01-06,ING0004,281.84875406598235,2025-01-09,emergencial
2025-01-06,ING0012,12.5,2025-01-09,emergencial
2025-01-06,ING0024,13.0,2025-01-09,emergencial
2025-01-06,ING0027,5.0,2025-01-10,emergencial
2025-01-06,ING0040,14.5,2025-01-09,emergencial
2025-01-06,ING0106,5.53084217439052,2025-01-08,emergencial
2025-01-06,ING0171,52.0,2025-01-15,emergencial
2025-01-06,ING0195,1.5,2025-01-09,emergencial
2025-01-06,ING0202,46.5,2025-01-09,emergencial
2025-01-06,ING0244,2.5,2025-01-11,emergencial
2025-01-07,ING0012,12.0,2025-01-10,emergencial
2025-01-07,ING0040,13.0,2025-01-09,emergencial
2025-01-07,ING0106,5.53084217439052,2025-01-08,emergencial
2025-01-07,ING0165,3.5,2025-01-10,emergencial
2025-01-07,ING0171,44.0,2025-01-16,emergencial
2025-01-07,ING0195,1.5,2025-01-10,emergencial
2025-01-07,ING0202,41.0,2025-01-10,emergencial
2025-01-07,ING0244,2.0,2025-01-11,emergencial
2025-01-08,ING0012,15.5,2025-01-11,emergencial
2025-01-08,ING0040,16.0,2025-01-10,emergencial
2025-01-08,ING0165,4.0,2025-01-11,emergencial
2025-01-08,ING0171,55.5,2025-01-17,emergencial
2025-01-08,ING0195,1.5,2025-01-11,emergencial
2025-01-08,ING0244,2.0,2025-01-12,emergencial
2025-01-09,ING0165,5.5,2025-01-12,emergencial
2025-01-09,ING0171,64.0,2025-01-18,emergencial
2025-01-09,ING0244,2.0,2025-01-13,emergencial
2025-01-10,ING0001,1.0,2025-01-13,sexta
2025-01-10,ING0005,0.5,2025-01-13,sexta
2025-01-10,ING0008,21.0,2025-01-18,sexta
2025-01-10,ING0015,425.0,2025-01-14,sexta
2025-01-10,ING0016,0.5140459946846871,2025-01-13,sexta
2025-01-10,ING0019,679.0,2025-01-14,sexta
2025-01-10,ING0023,276.0,2025-01-13,sexta
2025-01-10,ING0028,26.0,2025-01-14,sexta
2025-01-10,ING0029,9.5,2025-01-14,sexta
2025-01-10,ING0036,0.5,2025-01-11,sexta
2025-01-10,ING0037,4.5,2025-01-11,sexta
2025-01-10,ING0038,2.5,2025-01-12,sexta
2025-01-10,ING0039,0.5,2025-01-11,sexta
2025-01-10,ING0043,236.64500226532397,2025-01-11,sexta
2025-01-10,ING0046,0.5,2025-01-11,sexta
2025-01-10,ING0047,0.5,2025-01-12,sexta
2025-01-10,ING0049,25.5,2025-01-12,sexta
2025-01-10,ING0050,0.5,2025-01-14,sexta
2025-01-10,ING0053,0.6140622567923326,2025-01-12,sexta
2025-01-10,ING0056,15.5,2025-01-12,sexta
2025-01-10,ING0057,307.0,2025-01-12,sexta
2025-01-10,ING0060,7.0,2025-01-14,sexta
2025-01-10,ING0063,15.5,2025-01-14,sexta
2025-01-10,ING0066,296.0,2025-01-22,sexta
2025-01-10,ING0068,0.5,2025-01-14,sexta
2025-01-10,ING0069,9.5,2025-01-14,sexta
2025-01-10,ING0072,0.5,2025-01-14,sexta
2025-01-10,ING0078,8.5,2025-01-15,sexta
2025-01-10,ING0085,0.5946011282806507,2025-01-12,sexta
2025-01-10,ING0087,1.7252133648143448,2025-01-12,sexta
2025-01-10,ING0096,4.5,2025-01-12,sexta
2025-01-10,ING0098,0.5,2025-01-11,sexta
2025-01-10,ING0100,0.5,2025-01-11,sexta
2025-01-10,ING0102,2.0,2025-01-11,sexta
2025-01-10,ING0103,0.5,2025-01-11,sexta
2025-01-10,ING0108,0.5,2025-01-11,sexta
2025-01-10,ING0134,0.5,2025-01-16,sexta
2025-01-10,ING0137,0.5,2025-01-14,sexta
2025-01-10,ING0142,21.5,2025-01-24,sexta
2025-01-10,ING0152,0.5,2025-01-13,sexta
2025-01-10,ING0159,1115.0,2025-01-11,sexta
2025-01-10,ING0161,5.5,2025-01-13,sexta
2025-01-10,ING0164,8.5,2025-01-13,sexta
2025-01-10,ING0165,1.0,2025-01-13,sexta
2025-01-10,ING0171,72.0,2025-01-13,sexta
2025-01-10,ING0175,6.0,2025-01-13,sexta
2025-01-10,ING0188,85.0,2025-01-13,sexta
2025-01-10,ING0191,32.456892419992734,2025-01-13,sexta
2025-01-10,ING0203,5.0,2025-01-13,sexta
2025-01-10,ING0206,143.5,2025-01-13,sexta
2025-01-10,ING0211,57.0,2025-01-13,sexta
2025-01-10,ING0214,706.6350950949264,2025-01-13,sexta
2025-01-10,ING0215,104.0,2025-01-20,sexta
2025-01-10,ING0217,22.0,2025-01-13,sexta
2025-01-10,ING0229,0.5,2025-01-14,sexta
2025-01-10,ING0230,23.5,2025-01-14,sexta
2025-01-10,ING0239,0.5,2025-01-14,sexta
2025-01-10,ING0244,2.0,2025-01-14,sexta
2025-01-13,ING0008,30.5,2025-01-21,emergencial
2025-01-13,ING0015,668.0,2025-01-16,emergencial
2025-01-13,ING0019,806.2085072295079,2025-01-16,emergencial
2025-01-13,ING0028,22.0,2025-01-17,emergencial
2025-01-13,ING0029,17.909969567023452,2025-01-17,emergencial
2025-01-13,ING0060,21.0,2025-01-17,emergencial
2025-01-13,ING0063,31.0,2025-01-17,emergencial
2025-01-13,ING0066,297.5,2025-01-25,emergencial
2025-01-13,ING0069,19.0,2025-01-17,emergencial
2025-01-13,ING0078,13.0,2025-01-15,emergencial
2025-01-13,ING0115,2.5,2025-01-14,emergencial
2025-01-13,ING0116,3.5,2025-01-17,emergencial
2025-01-13,ING0142,21.0,2025-01-27,emergencial
2025-01-13,ING0163,2256.0,2025-01-15,emergencial
2025-01-13,ING0215,149.0,2025-01-16,emergencial
2025-01-14,ING0007,2.5,2025-01-17,emergencial
2025-01-14,ING0008,31.0,2025-01-24,emergencial
2025-01-14,ING0048,13.5,2025-01-16,emergencial
2025-01-14,ING0066,254.0,2025-01-26,emergencial
2025-01-14,ING0078,13.0,2025-01-16,emergencial
2025-01-14,ING0116,3.5,2025-01-15,emergencial
2025-01-14,ING0142,19.0,2025-01-18,emergencial
2025-01-14,ING0163,1966.0,2025-01-16,emergencial
2025-01-14,ING0215,151.5,2025-01-17,emergencial
2025-01-15,ING0007,1.5,2025-01-18,emergencial
2025-01-15,ING0008,28.5,2025-01-23,emergencial
2025-01-15,ING0023,444.0,2025-01-18,emergencial
2025-01-15,ING0048,11.5,2025-01-17,emergencial
2025-01-15,ING0057,337.0,2025-01-17,emergencial
2025-01-15,ING0066,206.0,2025-01-19,emergencial
2025-01-15,ING0142,17.5,2025-01-19,emergencial
2025-01-15,ING0143,9.5,2025-01-19,emergencial
2025-01-15,ING0152,8.442121327595075,2025-01-18,emergencial
2025-01-15,ING0172,6.5,2025-01-18,emergencial
2025-01-15,ING0215,130.0,2025-01-19,emergencial
2025-01-16,ING0007,1.5,2025-01-19,emergencial
2025-01-16,ING0008,26.0,2025-01-27,emergencial
2025-01-16,ING0023,468.0,2025-01-20,emergencial
2025-01-16,ING0057,344.0,2025-01-18,emergencial
2025-01-16,ING0060,23.5,2025-01-20,emergencial
2025-01-16,ING0066,185.5,2025-01-20,emergencial
2025-01-16,ING0069,16.0,2025-01-20,emergencial
2025-01-16,ING0081,18.0,2025-01-18,emergencial
2025-01-16,ING0087,6.900853459257379,2025-01-18,emergencial
2025-01-16,ING0091,17.0,2025-01-18,emergencial
2025-01-16,ING0098,1.5,2025-01-17,emergencial
2025-01-16,ING0142,16.0,2025-01-20,emergencial
2025-01-16,ING0143,10.0,2025-01-20,emergencial
2025-01-16,ING0152,6.105899247066736,2025-01-19,emergencial
2025-01-16,ING0154,11.0,2025-01-19,emergencial
2025-01-16,ING0172,7.0,2025-01-19,emergencial
2025-01-17,ING0001,1.0,2025-01-25,sexta
2025-01-17,ING0006,89.17152453733652,2025-01-23,sexta
2025-01-17,ING0008,26.5,2025-01-25,sexta
2025-01-17,ING0011,0.5,2025-01-20,sexta
2025-01-17,ING0023,539.0,2025-01-20,sexta
2025-01-17,ING0024,16.0,2025-01-26,sexta
2025-01-17,ING0027,10.0,2025-01-21,sexta
2025-01-17,ING0037,2.5,2025-01-18,sexta
2025-01-17,ING0039,0.5,2025-01-20,sexta
2025-01-17,ING0042,1.0,2025-01-18,sexta
2025-01-17,ING0045,190.39589709037722,2025-01-18,sexta
2025-01-17,ING0047,0.5,2025-01-19,sexta
2025-01-17,ING0049,22.0,2025-01-19,sexta
2025-01-17,ING0051,0.5,2025-01-19,sexta
2025-01-17,ING0054,0.5,2025-01-19,sexta
2025-01-17,ING0056,16.0,2025-01-19,sexta
2025-01-17,ING0057,186.0,2025-01-19,sexta
2025-01-17,ING0058,1.5,2025-01-24,sexta
2025-01-17,ING0060,9.5,2025-01-21,sexta
2025-01-17,ING0062,6.5,2025-01-21,sexta
2025-01-17,ING0066,219.5,2025-01-21,sexta
2025-01-17,ING0069,5.5,2025-01-21,sexta
2025-01-17,ING0071,64.61400408296223,2025-01-21,sexta
2025-01-17,ING0081,19.5,2025-01-19,sexta
2025-01-17,ING0083,0.5,2025-01-19,sexta
2025-01-17,ING0087,12.147734421612306,2025-01-19,sexta
2025-01-17,ING0089,6.5,2025-01-19,sexta
2025-01-17,ING0091,17.5,2025-01-19,sexta
2025-01-17,ING0094,2.5,2025-01-20,sexta
2025-01-17,ING0096,3.5,2025-01-19,sexta
2025-01-17,ING0097,0.5,2025-01-20,sexta
2025-01-17,ING0098,1.5,2025-01-18,sexta
2025-01-17,ING0101,0.5,2025-01-18,sexta
2025-01-17,ING0103,0.5,2025-01-18,sexta
2025-01-17,ING0105,2.5,2025-01-18,sexta
2025-01-17,ING0107,1.0,2025-01-22,sexta
2025-01-17,ING0109,0.5,2025-01-18,sexta
2025-01-17,ING0112,0.5,2025-01-19,sexta
2025-01-17,ING0114,0.5,2025-01-18,sexta
2025-01-17,ING0115,1.5,2025-01-18,sexta
2025-01-17,ING0122,6.5,2025-01-21,sexta
2025-01-17,ING0124,1.5,2025-01-21,sexta
2025-01-17,ING0129,3.5,2025-01-21,sexta
2025-01-17,ING0133,0.5,2025-01-30,sexta
2025-01-17,ING0138,0.5,2025-01-21,sexta
2025-01-17,ING0142,19.0,2025-01-21,sexta
2025-01-17,ING0143,12.0,2025-01-21,sexta
2025-01-17,ING0151,1.0,2025-01-23,sexta
2025-01-17,ING0154,12.0,2025-01-23,sexta
2025-01-17,ING0159,934.0,2025-01-18,sexta
2025-01-17,ING0160,2.0,2025-01-24,sexta
2025-01-17,ING0161,7.0,2025-01-20,sexta
2025-01-17,ING0164,2.5,2025-01-20,sexta
2025-01-17,ING0167,21.0,2025-01-20,sexta
2025-01-17,ING0172,8.5,2025-01-20,sexta
2025-01-17,ING0175,24.0,2025-01-20,sexta
2025-01-17,ING0191,43.056473911006734,2025-01-20,sexta
2025-01-17,ING0192,52.735769932981896,2025-01-21,sexta
2025-01-17,ING0203,41.63786784669945,2025-01-23,sexta
2025-01-17,ING0204,0.5,2025-01-20,sexta
2025-01-17,ING0206,127.0,2025-01-20,sexta
2025-01-17,ING0211,103.0,2025-01-20,sexta
2025-01-17,ING0217,24.5,2025-01-20,sexta
2025-01-17,ING0218,106.0,2025-01-20,sexta
2025-01-17,ING0221,22.5,2025-01-21,sexta
2025-01-17,ING0222,0.5,2025-01-21,sexta
2025-01-17,ING0225,0.5,2025-01-21,sexta
2025-01-17,ING0230,35.5,2025-01-21,sexta
2025-01-17,ING0233,0.5,2025-01-22,sexta
2025-01-17,ING0236,134.0,2025-01-21,sexta
2025-01-17,ING0237,0.5,2025-01-21,sexta
2025-01-17,ING0239,0.5,2025-01-21,sexta
2025-01-20,ING0024,18.5,2025-01-27,emergencial
2025-01-20,ING0027,12.5,2025-01-24,emergencial
2025-01-20,ING0062,6.666232640111925,2025-01-27,emergencial
2025-01-20,ING0071,23.5,2025-01-24,emergencial
2025-01-20,ING0129,4.5,2025-01-24,emergencial
2025-01-20,ING0160,3.0,2025-01-23,emergencial
2025-01-20,ING0188,65.0,2025-01-23,emergencial
2025-01-20,ING0221,18.5,2025-01-24,emergencial
2025-01-20,ING0222,0.5,2025-01-24,emergencial
2025-01-20,ING0236,120.5,2025-01-24,emergencial
2025-01-21,ING0024,18.0,2025-01-24,emergencial
2025-01-21,ING0042,1.0,2025-01-23,emergencial
2025-01-21,ING0160,3.0,2025-01-24,emergencial
2025-01-21,ING0188,247.56039141844929,2025-01-24,emergencial
2025-01-21,ING0194,1.0,2025-01-24,emergencial
2025-01-22,ING0024,19.5,2025-01-25,emergencial
2025-01-22,ING0042,1.0,2025-01-23,emergencial
2025-01-22,ING0188,257.0124678023143,2025-01-25,emergencial
2025-01-22,ING0194,1.0,2025-01-25,emergencial
2025-01-23,ING0024,17.5,2025-01-26,emergencial
2025-01-23,ING0089,23.102280486291527,2025-01-25,emergencial
2025-01-23,ING0104,3.5,2025-01-24,emergencial
2025-01-23,ING0194,1.0,2025-01-26,emergencial
2025-01-24,ING0001,1.0,2025-01-27,sexta
2025-01-24,ING0015,199.0,2025-01-27,sexta
2025-01-24,ING0024,9.0,2025-01-27,sexta
2025-01-24,ING0025,14.0,2025-01-27,sexta
2025-01-24,ING0028,3.0,2025-01-29,sexta
2025-01-24,ING0029,5.5,2025-01-28,sexta
2025-01-24,ING0030,2.0,2025-01-29,sexta
2025-01-24,ING0036,0.5,2025-01-26,sexta
2025-01-24,ING0037,2.0,2025-01-25,sexta
2025-01-24,ING0039,0.5,2025-01-25,sexta
2025-01-24,ING0041,0.5,2025-01-25,sexta
2025-01-24,ING0047,0.5,2025-01-25,sexta
2025-01-24,ING0049,22.0,2025-01-26,sexta
2025-01-24,ING0062,1.5,2025-01-28,sexta
2025-01-24,ING0063,7.5,2025-02-07,sexta
2025-01-24,ING0069,1.2181491845610315,2025-01-28,sexta
2025-01-24,ING0073,0.5,2025-01-28,sexta
2025-01-24,ING0076,22.5,2025-01-26,sexta
2025-01-24,ING0081,5.0,2025-01-26,sexta
2025-01-24,ING0083,2.5,2025-01-26,sexta
2025-01-24,ING0084,31.0,2025-01-26,sexta
2025-01-24,ING0085,0.5,2025-01-26,sexta
2025-01-24,ING0089,23.102280486291527,2025-01-26,sexta
2025-01-24,ING0092,8.5,2025-01-26,sexta
2025-01-24,ING0095,8.5,2025-01-26,sexta
2025-01-24,ING0096,2.0,2025-01-31,sexta
2025-01-24,ING0097,0.5,2025-01-26,sexta
2025-01-24,ING0098,0.5,2025-01-25,sexta
2025-01-24,ING0100,1.5,2025-01-25,sexta
2025-01-24,ING0103,0.5,2025-01-25,sexta
2025-01-24,ING0104,2.5,2025-01-25,sexta
2025-01-24,ING0105,2.0,2025-01-25,sexta
2025-01-24,ING0107,2.0,2025-01-25,sexta
2025-01-24,ING0124,4.823573738549673,2025-01-31,sexta
2025-01-24,ING0127,1.0,2025-01-28,sexta
2025-01-24,ING0131,2.0,2025-01-28,sexta
2025-01-24,ING0133,0.5,2025-01-28,sexta
2025-01-24,ING0146,1.0,2025-01-28,sexta
2025-01-24,ING0148,0.5,2025-01-28,sexta
2025-01-24,ING0150,1.0,2025-01-27,sexta
2025-01-24,ING0156,0.5,2025-01-27,sexta
2025-01-24,ING0159,834.0,2025-01-25,sexta
2025-01-24,ING0161,3.0,2025-02-04,sexta
2025-01-24,ING0163,324.0,2025-01-28,sexta
2025-01-24,ING0164,3.0,2025-01-27,sexta
2025-01-24,ING0165,2.0,2025-01-27,sexta
2025-01-24,ING0166,1.0,2025-01-27,sexta
2025-01-24,ING0167,143.24992029521525,2025-01-30,sexta
2025-01-24,ING0175,40.39260070637796,2025-01-27,sexta
2025-01-24,ING0191,15.0,2025-01-27,sexta
2025-01-24,ING0194,0.5,2025-01-27,sexta
2025-01-24,ING0202,130.0116148602386,2025-01-27,sexta
2025-01-24,ING0204,0.5,2025-01-27,sexta
2025-01-24,ING0206,110.0,2025-01-27,sexta
2025-01-24,ING0207,1.3096931201190252,2025-01-27,sexta
2025-01-24,ING0217,32.659836242508284,2025-01-27,sexta
2025-01-24,ING0218,73.5,2025-01-28,sexta
2025-01-24,ING0220,8.0,2025-01-27,sexta
2025-01-24,ING0228,1.0,2025-01-30,sexta
2025-01-24,ING0230,36.4842893982591,2025-01-28,sexta
2025-01-24,ING0238,1.0,2025-01-28,sexta
2025-01-27,ING0018,96.5,2025-01-30,emergencial
2025-01-27,ING0096,4.0,2025-02-03,emergencial
2025-01-27,ING0161,4.0,2025-01-30,emergencial
2025-01-27,ING0218,86.0,2025-01-30,emergencial
2025-01-28,ING0012,9.5,2025-02-06,emergencial
2025-01-28,ING0018,89.5,2025-01-31,emergencial
2025-01-28,ING0096,4.0,2025-02-04,emergencial
2025-01-28,ING0106,1.5,2025-01-29,emergencial
2025-01-28,ING0122,25.5,2025-02-01,emergencial
2025-01-28,ING0161,4.5,2025-01-31,emergencial
2025-01-29,ING0012,11.0,2025-02-01,emergencial
2025-01-29,ING0018,100.5,2025-02-01,emergencial
2025-01-29,ING0096,4.5,2025-02-05,emergencial
2025-01-29,ING0106,1.5,2025-01-30,emergencial
2025-01-29,ING0122,28.0,2025-02-02,emergencial
2025-01-29,ING0161,5.0,2025-02-01,emergencial
2025-01-30,ING0056,69.42406105356456,2025-02-01,emergencial
2025-01-30,ING0096,4.194592440520729,2025-02-06,emergencial
2025-01-30,ING0102,1.5,2025-02-01,emergencial
2025-01-30,ING0104,2.5,2025-01-31,emergencial
2025-01-30,ING0122,29.5,2025-02-03,emergencial
2025-01-31,ING0001,1.0,2025-02-03,sexta
2025-01-31,ING0012,12.0,2025-02-03,sexta
2025-01-31,ING0015,209.0,2025-02-03,sexta
2025-01-31,ING0025,8.5,2025-02-03,sexta
2025-01-31,ING0028,9.5,2025-02-04,sexta
2025-01-31,ING0029,4.471127800432448,2025-02-04,sexta
2025-01-31,ING0030,4.0,2025-02-04,sexta
2025-01-31,ING0036,0.5,2025-02-02,sexta
2025-01-31,ING0037,1.5,2025-02-01,sexta
2025-01-31,ING0044,0.5,2025-02-01,sexta
2025-01-31,ING0046,0.5,2025-02-02,sexta
2025-01-31,ING0047,0.5,2025-02-01,sexta
2025-01-31,ING0049,20.0,2025-02-07,sexta
2025-01-31,ING0055,0.5,2025-02-02,sexta
2025-01-31,ING0056,69.42406105356456,2025-02-03,sexta
2025-01-31,ING0060,7.5,2025-02-04,sexta
2025-01-31,ING0063,9.068638532571647,2025-02-04,sexta
2025-01-31,ING0064,0.5,2025-02-04,sexta
2025-01-31,ING0068,0.5,2025-02-04,sexta
2025-01-31,ING0083,3.0,2025-02-02,sexta
2025-01-31,ING0084,37.0,2025-02-02,sexta
2025-01-31,ING0085,0.5,2025-02-02,sexta
2025-01-31,ING0088,61.5,2025-02-02,sexta
2025-01-31,ING0092,10.0,2025-02-02,sexta
2025-01-31,ING0094,2.0,2025-02-06,sexta
2025-01-31,ING0095,11.0,2025-02-02,sexta
2025-01-31,ING0096,1.5,2025-02-02,sexta
2025-01-31,ING0097,0.5,2025-02-02,sexta
2025-01-31,ING0098,0.5,2025-02-01,sexta
2025-01-31,ING0100,1.0,2025-02-01,sexta
2025-01-31,ING0102,2.0,2025-02-02,sexta
2025-01-31,ING0104,1.0,2025-02-01,sexta
2025-01-31,ING0105,1.0,2025-02-01,sexta
2025-01-31,ING0106,1.0,2025-02-01,sexta
2025-01-31,ING0107,1.5,2025-02-02,sexta
2025-01-31,ING0113,0.49026339527402896,2025-02-01,sexta
2025-01-31,ING0114,0.5623330228112352,2025-02-01,sexta
2025-01-31,ING0121,2.5,2025-02-04,sexta
2025-01-31,ING0122,27.5,2025-02-04,sexta
2025-01-31,ING0136,0.5,2025-02-04,sexta
2025-01-31,ING0137,0.5,2025-02-04,sexta
2025-01-31,ING0149,0.5,2025-02-15,sexta
2025-01-31,ING0150,0.5,2025-02-03,sexta
2025-01-31,ING0159,707.0,2025-02-01,sexta
2025-01-31,ING0164,3.5,2025-02-04,sexta
2025-01-31,ING0165,2.5,2025-02-03,sexta
2025-01-31,ING0166,1.0,2025-02-10,sexta
2025-01-31,ING0191,17.0,2025-02-03,sexta
2025-01-31,ING0206,92.0,2025-02-03,sexta
2025-01-31,ING0207,5.0,2025-02-03,sexta
2025-01-31,ING0211,55.0,2025-02-03,sexta
2025-01-31,ING0228,1.0,2025-02-15,sexta
2025-01-31,ING0237,0.5,2025-02-04,sexta
2025-01-31,ING0238,1.5,2025-02-04,sexta
2025-01-31,ING0241,0.5,2025-02-04,sexta
2025-02-03,ING0028,34.0,2025-02-08,emergencial
2025-02-03,ING0049,45.0,2025-02-12,emergencial
2025-02-03,ING0060,17.5,2025-02-07,emergencial
2025-02-03,ING0098,1.5,2025-02-04,emergencial
2025-02-03,ING0164,8.5,2025-02-07,emergencial
2025-02-03,ING0166,2.0,2025-02-11,emergencial
2025-02-03,ING0222,0.5,2025-02-10,emergencial
2025-02-04,ING0049,44.20294504965167,2025-02-06,emergencial
2025-02-04,ING0166,2.0,2025-02-12,emergencial
2025-02-04,ING0222,0.5,2025-02-08,emergencial
2025-02-05,ING0028,34.23301061660233,2025-02-09,emergencial
2025-02-05,ING0049,47.5,2025-02-07,emergencial
2025-02-05,ING0131,3.5,2025-02-09,emergencial
2025-02-05,ING0166,2.0,2025-02-14,emergencial
2025-02-05,ING0222,0.5,2025-02-09,emergencial
2025-02-06,ING0159,1298.0,2025-02-07,emergencial
2025-02-06,ING0166,2.0,2025-02-17,emergencial
2025-02-06,ING0222,0.5,2025-02-11,emergencial
2025-02-07,ING0011,0.5,2025-02-10,sexta
2025-02-07,ING0015,474.0,2025-02-10,sexta
2025-02-07,ING0016,0.5,2025-02-13,sexta
2025-02-07,ING0023,439.0,2025-02-10,sexta
2025-02-07,ING0025,14.0,2025-02-10,sexta
2025-02-07,ING0028,31.0,2025-02-11,sexta
2025-02-07,ING0029,6.0,2025-02-11,sexta
2025-02-07,ING0030,11.0,2025-02-11,sexta
2025-02-07,ING0034,2.5,2025-02-08,sexta
2025-02-07,ING0039,0.5,2025-02-12,sexta
2025-02-07,ING0047,0.5,2025-02-09,sexta
2025-02-07,ING0048,8.5,2025-02-09,sexta
2025-02-07,ING0050,0.5560519108566051,2025-02-09,sexta
2025-02-07,ING0053,0.5,2025-02-09,sexta
2025-02-07,ING0057,408.0,2025-02-09,sexta
2025-02-07,ING0072,0.5,2025-02-11,sexta
2025-02-07,ING0088,112.5,2025-02-12,sexta
2025-02-07,ING0092,27.0,2025-02-09,sexta
2025-02-07,ING0094,4.0,2025-02-09,sexta
2025-02-07,ING0095,22.716662039172693,2025-02-11,sexta
2025-02-07,ING0098,0.5,2025-02-08,sexta
2025-02-07,ING0100,1.0,2025-02-08,sexta
2025-02-07,ING0101,0.5,2025-02-08,sexta
2025-02-07,ING0103,0.5,2025-02-08,sexta
2025-02-07,ING0105,2.5,2025-02-08,sexta
2025-02-07,ING0106,2.0,2025-02-10,sexta
2025-02-07,ING0107,2.5,2025-02-08,sexta
2025-02-07,ING0121,10.757587315258235,2025-02-12,sexta
2025-02-07,ING0129,4.0,2025-02-11,sexta
2025-02-07,ING0131,4.0,2025-02-11,sexta
2025-02-07,ING0135,0.5,2025-02-12,sexta
2025-02-07,ING0138,0.5,2025-02-22,sexta
2025-02-07,ING0149,0.5,2025-02-11,sexta
2025-02-07,ING0151,1.0,2025-02-10,sexta
2025-02-07,ING0160,2.9204682022789434,2025-02-11,sexta
2025-02-07,ING0165,5.0,2025-02-10,sexta
2025-02-07,ING0166,2.0,2025-02-15,sexta
2025-02-07,ING0172,12.5,2025-02-10,sexta
2025-02-07,ING0199,0.5,2025-02-10,sexta
2025-02-07,ING0206,165.5,2025-02-10,sexta
2025-02-07,ING0211,64.73679464580206,2025-02-10,sexta
2025-02-07,ING0220,22.0,2025-02-10,sexta
2025-02-07,ING0221,34.0,2025-02-12,sexta
2025-02-07,ING0222,0.5,2025-02-11,sexta
2025-02-07,ING0224,4.5,2025-02-21,sexta
2025-02-07,ING0225,0.5,2025-02-11,sexta
2025-02-07,ING0228,3.0,2025-02-14,sexta
2025-02-07,ING0229,0.5,2025-02-11,sexta
2025-02-07,ING0233,0.5,2025-02-11,sexta
2025-02-07,ING0234,1.0,2025-02-11,sexta
2025-02-07,ING0238,12.0,2025-02-11,sexta
2025-02-07,ING0239,0.5,2025-02-11,sexta
2025-02-10,ING0025,10.5,2025-02-13,emergencial
2025-02-10,ING0029,7.5,2025-02-14,emergencial
2025-02-10,ING0030,10.0,2025-02-14,emergencial
2025-02-10,ING0069,15.0,2025-02-14,emergencial
2025-02-10,ING0088,93.5,2025-02-15,emergencial
2025-02-10,ING0089,6.8555499274998235,2025-02-12,emergencial
2025-02-10,ING0095,20.0,2025-02-14,emergencial
2025-02-10,ING0106,1.5,2025-02-11,emergencial
2025-02-10,ING0116,2.0,2025-02-11,emergencial
2025-02-10,ING0129,2.0,2025-02-18,emergencial
2025-02-10,ING0139,8.0,2025-02-14,emergencial
2025-02-10,ING0143,7.5,2025-02-14,emergencial
2025-02-10,ING0160,4.5,2025-02-13,emergencial
2025-02-10,ING0192,21.0,2025-02-13,emergencial
2025-02-10,ING0218,94.0,2025-02-13,emergencial
2025-02-10,ING0221,19.0,2025-02-14,emergencial
2025-02-10,ING0224,6.0,2025-02-20,emergencial
2025-02-10,ING0232,5.0,2025-02-17,emergencial
2025-02-10,ING0234,1.0,2025-02-14,emergencial
2025-02-10,ING0238,8.0,2025-02-14,emergencial
2025-02-10,ING0244,2.5,2025-02-14,emergencial
2025-02-11,ING0001,2.5,2025-02-15,emergencial
2025-02-11,ING0025,10.5,2025-02-15,emergencial
2025-02-11,ING0069,15.0,2025-02-15,emergencial
2025-02-11,ING0088,74.48889934311629,2025-02-16,emergencial
2025-02-11,ING0089,7.0,2025-02-13,emergencial
2025-02-11,ING0139,8.0,2025-02-15,emergencial
2025-02-11,ING0143,8.0,2025-02-15,emergencial
2025-02-11,ING0154,2.5,2025-02-14,emergencial
2025-02-11,ING0190,17.0,2025-02-18,emergencial
2025-02-11,ING0192,21.5,2025-02-14,emergencial
2025-02-11,ING0204,1.1049158394861744,2025-02-14,emergencial
2025-02-11,ING0218,84.0,2025-02-14,emergencial
2025-02-11,ING0221,18.5,2025-02-15,emergencial
2025-02-11,ING0224,5.5,2025-02-21,emergencial
2025-02-11,ING0232,5.5,2025-02-17,emergencial
2025-02-11,ING0242,154.85769687601413,2025-02-15,emergencial
2025-02-11,ING0244,2.5,2025-02-15,emergencial
2025-02-12,ING0001,2.18783463477297,2025-02-15,emergencial
2025-02-12,ING0002,0.5,2025-02-15,emergencial
2025-02-12,ING0025,14.0,2025-02-15,emergencial
2025-02-12,ING0038,2.5,2025-02-13,emergencial
2025-02-12,ING0040,25.57898843392282,2025-02-13,emergencial
2025-02-12,ING0069,14.493390420157851,2025-02-16,emergencial
2025-02-12,ING0098,1.5,2025-02-13,emergencial
2025-02-12,ING0139,8.0,2025-02-19,emergencial
2025-02-12,ING0143,8.5,2025-02-23,emergencial
2025-02-12,ING0154,2.5,2025-02-15,emergencial
2025-02-12,ING0190,15.0,2025-02-19,emergencial
2025-02-12,ING0192,20.5,2025-02-15,emergencial
2025-02-12,ING0204,0.5,2025-02-16,emergencial
2025-02-12,ING0218,80.5,2025-02-15,emergencial
2025-02-12,ING0224,6.5,2025-02-16,emergencial
2025-02-12,ING0244,2.5,2025-02-16,emergencial
2025-02-13,ING0001,2.5,2025-02-16,emergencial
2025-02-13,ING0002,0.5,2025-02-16,emergencial
2025-02-13,ING0069,15.5,2025-02-17,emergencial
2025-02-13,ING0098,1.5,2025-02-16,emergencial
2025-02-13,ING0100,2.0,2025-02-14,emergencial
2025-02-13,ING0139,8.0,2025-02-17,emergencial
2025-02-13,ING0143,8.525984124025937,2025-02-24,emergencial
2025-02-13,ING0154,2.0,2025-02-19,emergencial
2025-02-13,ING0190,13.5,2025-02-21,emergencial
2025-02-13,ING0204,0.5,2025-02-16,emergencial
2025-02-13,ING0207,3.0,2025-02-16,emergencial
2025-02-13,ING0224,6.0,2025-02-17,emergencial
2025-02-13,ING0244,2.5,2025-02-18,emergencial
2025-02-14,ING0001,2.5,2025-02-17,sexta
2025-02-14,ING0002,0.5,2025-02-18,sexta
2025-02-14,ING0004,26.0,2025-02-17,sexta
2025-02-14,ING0006,23.0,2025-02-17,sexta
2025-02-14,ING0015,266.0,2025-02-17,sexta
2025-02-14,ING0023,226.0,2025-02-17,sexta
2025-02-14,ING0025,10.5,2025-02-17,sexta
2025-02-14,ING0026,9.383868655701617,2025-02-18,sexta
2025-02-14,ING0029,1.0,2025-02-18,sexta
2025-02-14,ING0030,0.5,2025-02-19,sexta
2025-02-14,ING0036,2.0,2025-02-17,sexta
2025-02-14,ING0038,1.5,2025-02-15,sexta
2025-02-14,ING0039,0.5,2025-02-15,sexta
2025-02-14,ING0043,16.0,2025-02-15,sexta
2025-02-14,ING0047,0.5,2025-02-16,sexta
2025-02-14,ING0048,3.0,2025-02-17,sexta
2025-02-14,ING0051,0.5,2025-02-16,sexta
2025-02-14,ING0052,30.5,2025-02-16,sexta
2025-02-14,ING0055,0.5,2025-02-16,sexta
2025-02-14,ING0057,111.0,2025-02-19,sexta
2025-02-14,ING0059,1.5,2025-02-18,sexta
2025-02-14,ING0060,10.0,2025-02-18,sexta
2025-02-14,ING0062,9.455263551215298,2025-02-18,sexta
2025-02-14,ING0063,13.0,2025-02-18,sexta
2025-02-14,ING0067,0.6067454268694024,2025-02-27,sexta
2025-02-14,ING0069,10.0,2025-02-18,sexta
2025-02-14,ING0071,14.0,2025-02-19,sexta
2025-02-14,ING0073,0.5,2025-02-18,sexta
2025-02-14,ING0084,101.66084081859178,2025-02-16,sexta
2025-02-14,ING0088,38.5,2025-02-16,sexta
2025-02-14,ING0092,13.0,2025-02-19,sexta
2025-02-14,ING0093,2.0,2025-02-20,sexta
2025-02-14,ING0094,5.301535763713982,2025-02-16,sexta
2025-02-14,ING0097,0.5,2025-02-16,sexta
2025-02-14,ING0098,1.5,2025-02-15,sexta
2025-02-14,ING0100,1.0,2025-02-15,sexta
2025-02-14,ING0102,1.0,2025-02-16,sexta
2025-02-14,ING0103,0.5,2025-02-15,sexta
2025-02-14,ING0105,1.0,2025-02-15,sexta
2025-02-14,ING0106,1.5,2025-02-15,sexta
2025-02-14,ING0107,1.0,2025-02-17,sexta
2025-02-14,ING0108,0.5,2025-02-15,sexta
2025-02-14,ING0109,0.5,2025-02-17,sexta
2025-02-14,ING0126,9.0,2025-02-18,sexta
2025-02-14,ING0128,3.5,2025-02-18,sexta
2025-02-14,ING0129,0.5,2025-02-22,sexta
2025-02-14,ING0138,0.5,2025-02-18,sexta
2025-02-14,ING0139,5.0,2025-02-18,sexta
2025-02-14,ING0143,4.5,2025-02-25,sexta
2025-02-14,ING0145,0.5,2025-02-18,sexta
2025-02-14,ING0147,0.5,2025-02-18,sexta
2025-02-14,ING0148,0.5,2025-02-18,sexta
2025-02-14,ING0150,0.5,2025-02-20,sexta
2025-02-14,ING0157,2.0,2025-02-17,sexta
2025-02-14,ING0161,2.0,2025-02-17,sexta
2025-02-14,ING0163,457.0,2025-02-15,sexta
2025-02-14,ING0165,1.5,2025-02-17,sexta
2025-02-14,ING0190,13.5,2025-02-21,sexta
2025-02-14,ING0191,21.0,2025-02-19,sexta
2025-02-14,ING0192,4.0,2025-02-17,sexta
2025-02-14,ING0194,0.5,2025-02-18,sexta
2025-02-14,ING0207,3.5,2025-02-17,sexta
2025-02-14,ING0211,49.0,2025-02-17,sexta
2025-02-14,ING0224,6.0,2025-02-18,sexta
2025-02-14,ING0227,0.5,2025-02-18,sexta
2025-02-14,ING0230,31.5,2025-02-18,sexta
2025-02-14,ING0231,0.5,2025-02-18,sexta
2025-02-14,ING0232,6.0,2025-02-20,sexta
2025-02-14,ING0237,0.5184417086397896,2025-02-18,sexta
2025-02-14,ING0238,0.5,2025-02-19,sexta
2025-02-14,ING0239,0.5,2025-02-18,sexta
2025-02-14,ING0244,1.0,2025-02-18,sexta
2025-02-17,ING0002,0.5,2025-02-20,emergencial
2025-02-17,ING0060,12.0,2025-02-21,emergencial
2025-02-17,ING0063,18.5,2025-02-21,emergencial
2025-02-17,ING0071,12.5,2025-02-21,emergencial
2025-02-17,ING0128,3.5,2025-02-21,emergencial
2025-02-17,ING0190,13.5,2025-02-20,emergencial
2025-02-17,ING0191,19.633033262417126,2025-02-20,emergencial
2025-02-17,ING0236,105.5,2025-02-21,emergencial
2025-02-18,ING0071,11.5,2025-02-22,emergencial
2025-02-18,ING0191,20.5,2025-02-21,emergencial
2025-02-18,ING0236,104.5,2025-02-22,emergencial
2025-02-19,ING0195,2.0,2025-02-22,emergencial
2025-02-19,ING0236,106.0,2025-02-24,emergencial
2025-02-20,ING0089,22.793646236966076,2025-02-22,emergencial
2025-02-20,ING0195,2.0,2025-02-23,emergencial
2025-02-20,ING0236,98.5,2025-02-25,emergencial
2025-02-21,ING0005,0.5,2025-02-24,sexta
2025-02-21,ING0006,19.5,2025-02-24,sexta
2025-02-21,ING0012,4.0,2025-02-24,sexta
2025-02-21,ING0015,226.0,2025-02-24,sexta
2025-02-21,ING0023,153.0,2025-02-24,sexta
2025-02-21,ING0027,3.0,2025-02-25,sexta
2025-02-21,ING0029,2.0,2025-02-25,sexta
2025-02-21,ING0030,6.0,2025-02-25,sexta
2025-02-21,ING0036,1.0,2025-02-22,sexta
2025-02-21,ING0037,0.5,2025-02-22,sexta
2025-02-21,ING0039,0.5,2025-02-23,sexta
2025-02-21,ING0041,0.5,2025-02-22,sexta
2025-02-21,ING0043,11.5,2025-02-22,sexta
2025-02-21,ING0046,0.5,2025-02-23,sexta
2025-02-21,ING0047,0.5,2025-02-22,sexta
2025-02-21,ING0052,17.5,2025-02-24,sexta
2025-02-21,ING0054,0.5,2025-02-23,sexta
2025-02-21,ING0055,0.5,2025-02-23,sexta
2025-02-21,ING0057,96.0,2025-02-24,sexta
2025-02-21,ING0060,2.0,2025-02-27,sexta
2025-02-21,ING0064,0.5,2025-02-25,sexta
2025-02-21,ING0067,0.5,2025-02-26,sexta
2025-02-21,ING0068,0.5,2025-02-25,sexta
2025-02-21,ING0071,0.5,2025-02-26,sexta
2025-02-21,ING0072,0.5,2025-03-06,sexta
2025-02-21,ING0076,0.5,2025-02-23,sexta
2025-02-21,ING0085,0.5,2025-02-27,sexta
2025-02-21,ING0089,24.421763825320795,2025-02-23,sexta
2025-02-21,ING0090,3.5,2025-02-23,sexta
2025-02-21,ING0092,6.5,2025-02-23,sexta
2025-02-21,ING0097,0.5,2025-02-25,sexta
2025-02-21,ING0098,0.5,2025-02-22,sexta
2025-02-21,ING0100,0.5,2025-02-22,sexta
2025-02-21,ING0103,0.5,2025-02-22,sexta
2025-02-21,ING0105,0.5,2025-02-22,sexta
2025-02-21,ING0106,2.4714837696819987,2025-02-22,sexta
2025-02-21,ING0107,0.5,2025-02-24,sexta
2025-02-21,ING0116,1.0,2025-02-24,sexta
2025-02-21,ING0126,4.0,2025-03-01,sexta
2025-02-21,ING0128,0.5,2025-02-25,sexta
2025-02-21,ING0134,0.5,2025-02-25,sexta
2025-02-21,ING0135,0.5,2025-02-25,sexta
2025-02-21,ING0136,0.5,2025-02-25,sexta
2025-02-21,ING0137,0.5,2025-02-25,sexta
2025-02-21,ING0143,2.5,2025-02-25,sexta
2025-02-21,ING0150,0.5,2025-02-24,sexta
2025-02-21,ING0156,0.5235910801940244,2025-03-01,sexta
2025-02-21,ING0157,2.0,2025-02-28,sexta
2025-02-21,ING0160,1.5,2025-02-24,sexta
2025-02-21,ING0163,336.0,2025-02-24,sexta
2025-02-21,ING0164,2.0,2025-02-24,sexta
2025-02-21,ING0165,0.5,2025-02-24,sexta
2025-02-21,ING0194,0.5,2025-02-24,sexta
2025-02-21,ING0195,1.5,2025-02-24,sexta
2025-02-21,ING0206,75.99070826901445,2025-02-24,sexta
2025-02-21,ING0211,49.0,2025-03-02,sexta
2025-02-21,ING0236,52.0,2025-02-25,sexta
2025-02-21,ING0239,0.5,2025-02-28,sexta
2025-02-21,ING0241,0.5,2025-02-25,sexta
2025-02-24,ING0027,2.5,2025-02-28,emergencial
2025-02-24,ING0030,4.5,2025-02-28,emergencial
2025-02-24,ING0083,2.5,2025-02-26,emergencial
2025-02-25,ING0083,3.0,2025-02-28,emergencial
2025-02-26,ING0204,1.0,2025-03-01,emergencial
2025-02-27,ING0204,1.5,2025-03-03,emergencial
2025-02-28,ING0005,0.5,2025-03-03,sexta
2025-02-28,ING0010,199.10102065816557,2025-03-03,sexta
2025-02-28,ING0011,0.5,2025-03-03,sexta
2025-02-28,ING0015,75.0,2025-03-03,sexta
2025-02-28,ING0016,0.5,2025-03-11,sexta
2025-02-28,ING0023,13.0,2025-03-04,sexta
2025-02-28,ING0036,0.5,2025-03-02,sexta
2025-02-28,ING0038,1.0,2025-03-02,sexta
2025-02-28,ING0044,0.5,2025-03-02,sexta
2025-02-28,ING0046,0.5,2025-03-01,sexta
2025-02-28,ING0050,0.5,2025-03-02,sexta
2025-02-28,ING0057,117.0,2025-03-02,sexta
2025-02-28,ING0072,0.5,2025-03-04,sexta
2025-02-28,ING0076,3.5,2025-03-02,sexta
2025-02-28,ING0079,1.0,2025-03-04,sexta
2025-02-28,ING0085,0.5,2025-03-02,sexta
2025-02-28,ING0097,0.5,2025-03-02,sexta
2025-02-28,ING0098,0.5,2025-03-01,sexta
2025-02-28,ING0099,1.0,2025-03-01,sexta
2025-02-28,ING0100,0.5,2025-03-01,sexta
2025-02-28,ING0112,0.5,2025-03-01,sexta
2025-02-28,ING0128,0.5,2025-03-04,sexta
2025-02-28,ING0133,0.5,2025-03-04,sexta
2025-02-28,ING0145,0.5,2025-03-04,sexta
2025-02-28,ING0148,0.5,2025-03-04,sexta
2025-02-28,ING0151,1.0,2025-03-03,sexta
2025-02-28,ING0154,2.0,2025-03-03,sexta
2025-02-28,ING0156,0.5,2025-03-08,sexta
2025-02-28,ING0157,1.5,2025-03-03,sexta
2025-02-28,ING0163,159.0,2025-03-04,sexta
2025-02-28,ING0164,1.0,2025-03-03,sexta
2025-02-28,ING0204,1.5,2025-03-03,sexta
2025-02-28,ING0211,49.0,2025-03-08,sexta
2025-02-28,ING0225,0.5,2025-03-05,sexta
2025-02-28,ING0227,0.5,2025-03-05,sexta
2025-03-03,ING0047,1.5,2025-03-04,emergencial
2025-03-03,ING0154,21.21596932467768,2025-03-06,emergencial
2025-03-03,ING0157,4.5,2025-03-06,emergencial
2025-03-03,ING0222,2.0,2025-03-07,emergencial
2025-03-04,ING0037,1.5,2025-03-05,emergencial
2025-03-04,ING0059,1.5,2025-03-08,emergencial
2025-03-04,ING0079,11.5,2025-03-08,emergencial
2025-03-04,ING0154,22.5,2025-03-07,emergencial
2025-03-04,ING0157,6.5,2025-03-07,emergencial
2025-03-04,ING0164,3.5,2025-03-07,emergencial
2025-03-04,ING0165,2.5,2025-03-07,emergencial
2025-03-04,ING0222,2.0,2025-03-08,emergencial
2025-03-05,ING0059,1.5,2025-03-09,emergencial
2025-03-05,ING0079,11.5,2025-03-07,emergencial
2025-03-05,ING0154,22.5,2025-03-08,emergencial
2025-03-05,ING0157,6.5,2025-03-09,emergencial
2025-03-05,ING0222,2.0,2025-03-09,emergencial
2025-03-06,ING0006,96.0,2025-03-09,emergencial
2025-03-06,ING0059,1.5,2025-03-10,emergencial
2025-03-06,ING0070,23.5,2025-03-10,emergencial
2025-03-06,ING0079,13.0,2025-03-08,emergencial
2025-03-06,ING0222,2.5,2025-03-11,emergencial
2025-03-07,ING0002,1.4498592999441262,2025-03-10,sexta
2025-03-07,ING0006,107.0,2025-03-10,sexta
2025-03-07,ING0015,297.0,2025-03-11,sexta
2025-03-07,ING0023,291.0,2025-03-10,sexta
2025-03-07,ING0024,5.5,2025-03-10,sexta
2025-03-07,ING0029,3.0,2025-03-11,sexta
2025-03-07,ING0034,2.0,2025-03-08,sexta
2025-03-07,ING0036,0.5,2025-03-09,sexta
2025-03-07,ING0038,2.5,2025-03-08,sexta
2025-03-07,ING0043,32.5,2025-03-08,sexta
2025-03-07,ING0047,0.5,2025-03-08,sexta
2025-03-07,ING0051,0.5,2025-03-12,sexta
2025-03-07,ING0052,21.0,2025-03-09,sexta
2025-03-07,ING0053,0.5,2025-03-09,sexta
2025-03-07,ING0057,183.0,2025-03-09,sexta
2025-03-07,ING0059,2.5,2025-03-11,sexta
2025-03-07,ING0060,0.5,2025-03-11,sexta
2025-03-07,ING0070,23.5,2025-03-11,sexta
2025-03-07,ING0073,0.5,2025-03-11,sexta
2025-03-07,ING0074,2.0,2025-03-11,sexta
2025-03-07,ING0076,31.0,2025-03-09,sexta
2025-03-07,ING0085,0.5,2025-03-11,sexta
2025-03-07,ING0090,5.0,2025-03-12,sexta
2025-03-07,ING0092,16.0,2025-03-09,sexta
2025-03-07,ING0097,0.5,2025-03-13,sexta
2025-03-07,ING0098,0.5,2025-03-08,sexta
2025-03-07,ING0100,0.5,2025-03-08,sexta
2025-03-07,ING0101,0.5,2025-03-10,sexta
2025-03-07,ING0109,0.5,2025-03-09,sexta
2025-03-07,ING0114,0.5,2025-03-08,sexta
2025-03-07,ING0115,1.5,2025-03-08,sexta
2025-03-07,ING0122,4.0,2025-03-11,sexta
2025-03-07,ING0125,2.0,2025-03-11,sexta
2025-03-07,ING0127,0.5,2025-03-11,sexta
2025-03-07,ING0128,3.0,2025-03-11,sexta
2025-03-07,ING0131,2.0,2025-03-11,sexta
2025-03-07,ING0146,1.0,2025-03-11,sexta
2025-03-07,ING0150,0.5,2025-03-11,sexta
2025-03-07,ING0163,1533.0,2025-03-11,sexta
2025-03-07,ING0168,2.0,2025-03-10,sexta
2025-03-07,ING0206,98.0,2025-03-10,sexta
2025-03-07,ING0207,2.0,2025-03-10,sexta
2025-03-07,ING0211,83.0,2025-03-10,sexta
2025-03-07,ING0214,116.0,2025-03-10,sexta
2025-03-07,ING0220,9.5,2025-03-10,sexta
2025-03-07,ING0229,0.5,2025-03-11,sexta
2025-03-07,ING0230,21.5,2025-03-11,sexta
2025-03-07,ING0237,0.5,2025-03-11,sexta
2025-03-07,ING0238,0.5,2025-03-11,sexta
2025-03-10,ING0015,656.0,2025-03-16,emergencial
2025-03-10,ING0025,21.5,2025-03-13,emergencial
2025-03-10,ING0027,7.0,2025-03-14,emergencial
2025-03-10,ING0029,10.5,2025-03-14,emergencial
2025-03-10,ING0030,16.0,2025-03-14,emergencial
2025-03-10,ING0060,26.0,2025-03-15,emergencial
2025-03-10,ING0081,26.0,2025-03-12,emergencial
2025-03-10,ING0090,8.5,2025-03-15,emergencial
2025-03-10,ING0102,1.0,2025-03-11,emergencial
2025-03-10,ING0122,47.0,2025-03-14,emergencial
2025-03-10,ING0128,6.0,2025-03-14,emergencial
2025-03-10,ING0131,4.0,2025-03-14,emergencial
2025-03-10,ING0163,2128.0,2025-03-11,emergencial
2025-03-10,ING0165,4.0,2025-03-13,emergencial
2025-03-11,ING0025,19.571948459890564,2025-03-14,emergencial
2025-03-11,ING0027,8.0,2025-03-15,emergencial
2025-03-11,ING0030,16.5,2025-03-15,emergencial
2025-03-11,ING0060,27.5,2025-03-15,emergencial
2025-03-11,ING0081,24.5,2025-03-13,emergencial
2025-03-11,ING0090,8.5,2025-03-17,emergencial
2025-03-11,ING0095,25.0,2025-03-13,emergencial
2025-03-11,ING0122,52.0,2025-03-15,emergencial
2025-03-11,ING0126,12.0,2025-03-15,emergencial
2025-03-11,ING0161,3.5,2025-03-14,emergencial
2025-03-11,ING0164,4.5,2025-03-14,emergencial
2025-03-11,ING0165,4.5,2025-03-14,emergencial
2025-03-12,ING0025,20.5,2025-03-15,emergencial
2025-03-12,ING0027,9.5,2025-03-16,emergencial
2025-03-12,ING0030,17.5,2025-03-16,emergencial
2025-03-12,ING0038,5.5,2025-03-13,emergencial
2025-03-12,ING0060,26.0,2025-03-16,emergencial
2025-03-12,ING0095,28.5,2025-03-14,emergencial
2025-03-12,ING0122,55.0,2025-03-16,emergencial
2025-03-12,ING0126,16.5,2025-03-16,emergencial
2025-03-12,ING0164,5.0,2025-03-15,emergencial
2025-03-12,ING0165,5.0,2025-03-15,emergencial
2025-03-12,ING0231,1.5,2025-03-16,emergencial
2025-03-13,ING0027,10.0,2025-03-17,emergencial
2025-03-13,ING0030,16.5,2025-03-17,emergencial
2025-03-13,ING0060,29.5,2025-03-17,emergencial
2025-03-13,ING0076,45.0,2025-03-15,emergencial
2025-03-13,ING0122,58.0,2025-03-17,emergencial
2025-03-13,ING0126,20.0,2025-03-17,emergencial
2025-03-13,ING0161,4.5,2025-03-16,emergencial
2025-03-13,ING0164,6.5,2025-03-16,emergencial
2025-03-13,ING0228,3.5,2025-03-19,emergencial
2025-03-13,ING0231,2.0,2025-03-18,emergencial
2025-03-14,ING0015,507.0,2025-03-18,sexta
2025-03-14,ING0018,72.5,2025-03-17,sexta
2025-03-14,ING0023,535.0,2025-03-17,sexta
2025-03-14,ING0024,14.5,2025-03-17,sexta
2025-03-14,ING0047,0.5,2025-03-15,sexta
2025-03-14,ING0052,59.5,2025-03-16,sexta
2025-03-14,ING0054,0.5,2025-03-16,sexta
2025-03-14,ING0057,966.3929568176087,2025-03-16,sexta
2025-03-14,ING0063,29.0,2025-03-18,sexta
2025-03-14,ING0064,0.5,2025-03-21,sexta
2025-03-14,ING0068,0.5,2025-03-18,sexta
2025-03-14,ING0076,45.5,2025-03-16,sexta
2025-03-14,ING0078,7.5,2025-03-16,sexta
2025-03-14,ING0085,0.5,2025-03-16,sexta
2025-03-14,ING0092,28.5,2025-03-16,sexta
2025-03-14,ING0093,4.0,2025-03-16,sexta
2025-03-14,ING0094,6.5,2025-03-20,sexta
2025-03-14,ING0096,0.5,2025-03-16,sexta
2025-03-14,ING0101,0.5,2025-03-15,sexta
2025-03-14,ING0103,0.5,2025-03-17,sexta
2025-03-14,ING0104,1.5,2025-03-16,sexta
2025-03-14,ING0113,0.5,2025-03-15,sexta
2025-03-14,ING0115,2.5,2025-03-15,sexta
2025-03-14,ING0116,1.834148533730049,2025-03-15,sexta
2025-03-14,ING0126,20.5,2025-03-18,sexta
2025-03-14,ING0133,0.5,2025-03-18,sexta
2025-03-14,ING0134,0.5,2025-03-18,sexta
2025-03-14,ING0135,0.5,2025-03-18,sexta
2025-03-14,ING0142,3.0,2025-03-18,sexta
2025-03-14,ING0143,12.0,2025-03-18,sexta
2025-03-14,ING0149,0.5,2025-03-18,sexta
2025-03-14,ING0150,0.5,2025-03-17,sexta
2025-03-14,ING0151,0.5,2025-03-20,sexta
2025-03-14,ING0160,4.0,2025-03-17,sexta
2025-03-14,ING0164,1.0,2025-03-17,sexta
2025-03-14,ING0167,90.0,2025-03-17,sexta
2025-03-14,ING0168,1.0,2025-03-18,sexta
2025-03-14,ING0191,47.5,2025-03-17,sexta
2025-03-14,ING0192,12.5,2025-03-17,sexta
2025-03-14,ING0194,3.2793366202567067,2025-03-25,sexta
2025-03-14,ING0206,51.56287955952951,2025-03-18,sexta
2025-03-14,ING0207,4.5,2025-03-19,sexta
2025-03-14,ING0214,167.0,2025-03-17,sexta
2025-03-14,ING0218,89.5,2025-03-25,sexta
2025-03-14,ING0228,4.0,2025-03-20,sexta
2025-03-14,ING0230,34.0,2025-03-18,sexta
2025-03-14,ING0231,2.0,2025-03-18,sexta
2025-03-14,ING0232,7.0,2025-03-20,sexta
2025-03-14,ING0233,0.5,2025-03-18,sexta
2025-03-14,ING0238,15.5,2025-03-18,sexta
2025-03-14,ING0239,0.5,2025-03-18,sexta
2025-03-14,ING0241,0.5,2025-03-18,sexta
2025-03-17,ING0002,2.8997185998882524,2025-03-20,emergencial
2025-03-17,ING0009,4.5,2025-03-20,emergencial
2025-03-17,ING0010,261.0,2025-03-20,emergencial
2025-03-17,ING0038,4.702430688604812,2025-03-18,emergencial
2025-03-17,ING0047,1.5,2025-03-18,emergencial
2025-03-17,ING0063,16.5,2025-03-23,emergencial
2025-03-17,ING0070,23.0,2025-03-21,emergencial
2025-03-17,ING0071,15.0,2025-03-21,emergencial
2025-03-17,ING0083,4.840175325847508,2025-03-19,emergencial
2025-03-17,ING0094,5.5,2025-03-19,emergencial
2025-03-17,ING0128,6.0,2025-03-21,emergencial
2025-03-17,ING0142,11.0,2025-03-21,emergencial
2025-03-17,ING0143,11.0,2025-03-21,emergencial
2025-03-17,ING0178,440.0,2025-03-20,emergencial
2025-03-17,ING0192,23.0,2025-03-20,emergencial
2025-03-17,ING0206,77.29388634012723,2025-03-20,emergencial
2025-03-17,ING0207,6.0,2025-03-20,emergencial
2025-03-17,ING0211,83.0,2025-03-21,emergencial
2025-03-17,ING0218,132.5,2025-03-20,emergencial
2025-03-17,ING0220,18.5,2025-03-28,emergencial
2025-03-17,ING0228,2.1619507778182063,2025-03-23,emergencial
2025-03-17,ING0232,10.0,2025-03-23,emergencial
2025-03-17,ING0238,12.5,2025-03-21,emergencial
2025-03-17,ING0240,3.0,2025-03-21,emergencial
2025-03-17,ING0243,2.0,2025-03-21,emergencial
2025-03-18,ING0002,2.8997185998882524,2025-03-21,emergencial
2025-03-18,ING0009,4.5,2025-03-21,emergencial
2025-03-18,ING0010,273.0,2025-03-21,emergencial
2025-03-18,ING0037,2.0,2025-03-20,emergencial
2025-03-18,ING0070,23.0,2025-03-22,emergencial
2025-03-18,ING0071,16.5,2025-03-22,emergencial
2025-03-18,ING0083,4.0,2025-03-20,emergencial
2025-03-18,ING0093,4.0,2025-03-20,emergencial
2025-03-18,ING0094,5.5,2025-03-20,emergencial
2025-03-18,ING0096,3.5,2025-03-20,emergencial
2025-03-18,ING0128,6.0,2025-03-22,emergencial
2025-03-18,ING0178,431.0,2025-03-21,emergencial
2025-03-18,ING0192,24.5,2025-03-21,emergencial
2025-03-18,ING0207,5.056121547540299,2025-03-21,emergencial
2025-03-18,ING0211,79.25951339950952,2025-03-21,emergencial
2025-03-18,ING0218,137.5,2025-03-21,emergencial
2025-03-18,ING0220,17.0,2025-03-29,emergencial
2025-03-18,ING0228,2.5,2025-03-24,emergencial
2025-03-18,ING0232,10.0,2025-03-24,emergencial
2025-03-18,ING0240,3.5,2025-03-22,emergencial
2025-03-18,ING0243,2.0,2025-03-22,emergencial
2025-03-19,ING0002,1.0,2025-03-22,emergencial
2025-03-19,ING0009,4.5,2025-03-22,emergencial
2025-03-19,ING0010,316.0,2025-03-24,emergencial
2025-03-19,ING0037,2.5,2025-03-20,emergencial
2025-03-19,ING0070,24.0,2025-03-23,emergencial
2025-03-19,ING0093,4.0,2025-03-21,emergencial
2025-03-19,ING0096,4.0,2025-03-21,emergencial
2025-03-19,ING0128,7.0,2025-03-23,emergencial
2025-03-19,ING0178,316.0,2025-03-22,emergencial
2025-03-19,ING0192,31.5,2025-03-22,emergencial
2025-03-19,ING0211,240.48588780604842,2025-03-22,emergencial
2025-03-19,ING0218,151.0095860838473,2025-03-22,emergencial
2025-03-19,ING0220,12.5,2025-03-22,emergencial
2025-03-19,ING0232,11.5,2025-03-25,emergencial
2025-03-19,ING0234,0.5,2025-03-23,emergencial
2025-03-19,ING0240,3.5,2025-03-23,emergencial
2025-03-19,ING0243,2.5,2025-03-23,emergencial
2025-03-20,ING0009,4.5,2025-03-23,emergencial
2025-03-20,ING0023,316.0,2025-03-26,emergencial
2025-03-20,ING0038,3.0,2025-03-21,emergencial
2025-03-20,ING0043,33.5,2025-03-21,emergencial
2025-03-20,ING0070,23.0,2025-03-24,emergencial
2025-03-20,ING0105,7.294169161826329,2025-03-22,emergencial
2025-03-20,ING0128,7.0,2025-03-24,emergencial
2025-03-20,ING0163,1007.0,2025-03-21,emergencial
2025-03-20,ING0211,237.62296057026214,2025-03-23,emergencial
2025-03-20,ING0220,11.5,2025-03-23,emergencial
2025-03-20,ING0234,0.5,2025-03-24,emergencial
2025-03-20,ING0240,3.5,2025-03-24,emergencial
2025-03-20,ING0243,1.5,2025-03-24,emergencial
2025-03-21,ING0007,3.108798046759527,2025-03-28,sexta
2025-03-21,ING0009,2.0,2025-03-24,sexta
2025-03-21,ING0010,1.0,2025-03-24,sexta
2025-03-21,ING0011,0.5,2025-03-24,sexta
2025-03-21,ING0012,8.0,2025-03-24,sexta
2025-03-21,ING0023,319.0,2025-03-24,sexta
2025-03-21,ING0024,5.0,2025-03-24,sexta
2025-03-21,ING0029,21.718577911131874,2025-03-25,sexta
2025-03-21,ING0038,3.0,2025-03-22,sexta
2025-03-21,ING0039,0.5,2025-03-22,sexta
2025-03-21,ING0041,0.5,2025-03-23,sexta
2025-03-21,ING0043,24.0,2025-03-22,sexta
2025-03-21,ING0047,0.5,2025-03-22,sexta
2025-03-21,ING0050,0.5,2025-03-23,sexta
2025-03-21,ING0052,17.0,2025-03-23,sexta
2025-03-21,ING0069,9.0,2025-03-28,sexta
2025-03-21,ING0070,12.0,2025-03-25,sexta
2025-03-21,ING0071,22.166283830294304,2025-03-25,sexta
2025-03-21,ING0078,4.5,2025-03-23,sexta
2025-03-21,ING0081,6.0,2025-03-23,sexta
2025-03-21,ING0087,1.0,2025-03-23,sexta
2025-03-21,ING0088,76.5,2025-03-26,sexta
2025-03-21,ING0092,9.5,2025-03-26,sexta
2025-03-21,ING0093,0.5,2025-03-23,sexta
2025-03-21,ING0097,0.5,2025-03-24,sexta
2025-03-21,ING0100,1.0,2025-03-22,sexta
2025-03-21,ING0102,0.5,2025-03-22,sexta
2025-03-21,ING0104,2.0,2025-03-23,sexta
2025-03-21,ING0105,7.294169161826329,2025-03-24,sexta
2025-03-21,ING0108,0.5,2025-03-22,sexta
2025-03-21,ING0111,2.0,2025-03-24,sexta
2025-03-21,ING0116,1.5,2025-03-22,sexta
2025-03-21,ING0128,1.5,2025-03-25,sexta
2025-03-21,ING0136,0.5,2025-03-27,sexta
2025-03-21,ING0137,0.5748364842206166,2025-03-30,sexta
2025-03-21,ING0138,0.5,2025-03-25,sexta
2025-03-21,ING0142,6.0,2025-03-25,sexta
2025-03-21,ING0145,0.5,2025-03-27,sexta
2025-03-21,ING0147,0.5,2025-03-25,sexta
2025-03-21,ING0148,0.5,2025-03-25,sexta
2025-03-21,ING0161,1.5,2025-03-31,sexta
2025-03-21,ING0163,671.0,2025-03-22,sexta
2025-03-21,ING0167,54.88167119243313,2025-03-24,sexta
2025-03-21,ING0168,1.0,2025-03-24,sexta
2025-03-21,ING0172,7.0,2025-03-24,sexta
2025-03-21,ING0183,2.0,2025-03-31,sexta
2025-03-21,ING0191,12.0,2025-03-24,sexta
2025-03-21,ING0199,0.5,2025-03-25,sexta
2025-03-21,ING0204,1.0,2025-03-25,sexta
2025-03-21,ING0214,100.0,2025-03-30,sexta
2025-03-21,ING0220,11.5,2025-03-24,sexta
2025-03-21,ING0221,9.5,2025-03-25,sexta
2025-03-21,ING0222,0.5,2025-03-25,sexta
2025-03-21,ING0225,0.5,2025-03-26,sexta
2025-03-21,ING0232,5.0,2025-03-27,sexta
2025-03-21,ING0234,0.5,2025-03-25,sexta
2025-03-21,ING0238,0.5,2025-03-25,sexta
2025-03-21,ING0240,2.0,2025-03-27,sexta
2025-03-21,ING0243,1.0,2025-03-25,sexta
2025-03-24,ING0006,55.40953572581098,2025-04-03,emergencial
2025-03-24,ING0069,40.637814966964704,2025-03-28,emergencial
2025-03-24,ING0086,90.5,2025-03-26,emergencial
2025-03-24,ING0088,143.54480259363828,2025-03-26,emergencial
2025-03-24,ING0161,4.0,2025-04-03,emergencial
2025-03-25,ING0006,58.5,2025-04-04,emergencial
2025-03-25,ING0069,49.472122568478774,2025-03-29,emergencial
2025-03-25,ING0086,95.0,2025-03-27,emergencial
2025-03-25,ING0088,166.5558014826948,2025-03-27,emergencial
2025-03-25,ING0098,1.5,2025-03-26,emergencial
2025-03-25,ING0161,5.0,2025-03-29,emergencial
2025-03-25,ING0183,2.0,2025-03-28,emergencial
2025-03-25,ING0214,131.0,2025-04-03,emergencial
2025-03-26,ING0006,61.0,2025-04-05,emergencial
2025-03-26,ING0069,49.472122568478774,2025-03-30,emergencial
2025-03-26,ING0161,5.0,2025-03-29,emergencial
2025-03-27,ING0161,6.3908432349228175,2025-03-31,emergencial
2025-03-28,ING0005,0.5,2025-03-31,sexta
2025-03-28,ING0006,56.0,2025-03-31,sexta
2025-03-28,ING0012,4.5,2025-03-31,sexta
2025-03-28,ING0016,0.5,2025-04-03,sexta
2025-03-28,ING0018,1.724816822246873,2025-04-01,sexta
2025-03-28,ING0024,5.5,2025-03-31,sexta
2025-03-28,ING0025,1.0,2025-03-31,sexta
2025-03-28,ING0036,1.0,2025-03-29,sexta
2025-03-28,ING0037,0.5,2025-03-29,sexta
2025-03-28,ING0038,1.0,2025-03-29,sexta
2025-03-28,ING0039,0.5,2025-03-29,sexta
2025-03-28,ING0043,11.0,2025-03-29,sexta
2025-03-28,ING0044,0.5,2025-03-29,sexta
2025-03-28,ING0046,0.5,2025-03-29,sexta
2025-03-28,ING0047,0.5,2025-03-29,sexta
2025-03-28,ING0051,0.5,2025-03-30,sexta
2025-03-28,ING0073,0.5,2025-04-01,sexta
2025-03-28,ING0085,0.5,2025-03-30,sexta
2025-03-28,ING0087,1.5,2025-03-30,sexta
2025-03-28,ING0092,7.0,2025-03-30,sexta
2025-03-28,ING0093,7.49998696517302,2025-03-30,sexta
2025-03-28,ING0096,0.5,2025-04-02,sexta
2025-03-28,ING0098,0.5,2025-03-29,sexta
2025-03-28,ING0100,0.5,2025-03-30,sexta
2025-03-28,ING0101,0.5,2025-04-01,sexta
2025-03-28,ING0112,0.5178998945011961,2025-03-30,sexta
2025-03-28,ING0116,1.0,2025-03-30,sexta
2025-03-28,ING0137,0.5,2025-04-01,sexta
2025-03-28,ING0139,4.5,2025-04-01,sexta
2025-03-28,ING0142,9.5,2025-04-01,sexta
2025-03-28,ING0149,0.5,2025-04-01,sexta
2025-03-28,ING0150,1.0,2025-04-08,sexta
2025-03-28,ING0151,1.0,2025-03-31,sexta
2025-03-28,ING0154,24.0,2025-03-31,sexta
2025-03-28,ING0160,2.5,2025-03-31,sexta
2025-03-28,ING0161,5.5,2025-04-02,sexta
2025-03-28,ING0163,493.0,2025-03-29,sexta
2025-03-28,ING0167,24.5,2025-03-31,sexta
2025-03-28,ING0169,1.0,2025-04-02,sexta
2025-03-28,ING0191,15.0,2025-03-31,sexta
2025-03-28,ING0199,0.5,2025-03-31,sexta
2025-03-28,ING0206,35.0,2025-03-31,sexta
2025-03-28,ING0214,112.0,2025-03-31,sexta
2025-03-28,ING0221,4.0,2025-04-01,sexta
2025-03-28,ING0222,3.9143059096193724,2025-04-01,sexta
2025-03-28,ING0227,0.5,2025-04-02,sexta
2025-03-28,ING0229,0.5,2025-04-01,sexta
2025-03-28,ING0230,22.5,2025-04-09,sexta
2025-03-28,ING0231,1.0,2025-04-01,sexta
2025-03-28,ING0236,22.0,2025-04-02,sexta
2025-03-28,ING0237,0.5,2025-04-01,sexta
2025-03-28,ING0238,2.5,2025-04-01,sexta
2025-03-28,ING0239,0.5,2025-04-01,sexta
2025-03-31,ING0019,399.0,2025-04-03,emergencial
2025-03-31,ING0142,14.5,2025-04-11,emergencial
2025-03-31,ING0222,6.523843182698954,2025-04-04,emergencial
2025-03-31,ING0230,22.5,2025-04-13,emergencial
2025-03-31,ING0231,1.0,2025-04-04,emergencial
2025-04-01,ING0019,449.0,2025-04-04,emergencial
2025-04-01,ING0092,16.5,2025-04-05,emergencial
2025-04-01,ING0230,25.0,2025-04-13,emergencial
2025-04-02,ING0052,34.660847022637086,2025-04-04,emergencial
2025-04-02,ING0092,18.5,2025-04-04,emergencial
2025-04-02,ING0230,25.0,2025-04-14,emergencial
2025-04-03,ING0052,43.5,2025-04-05,emergencial
2025-04-03,ING0092,24.5,2025-04-05,emergencial
2025-04-03,ING0230,37.0,2025-04-07,emergencial
2025-04-04,ING0012,5.0,2025-04-07,sexta
2025-04-04,ING0024,11.0,2025-04-08,sexta
2025-04-04,ING0025,73.82312183459955,2025-04-07,sexta
2025-04-04,ING0036,0.5,2025-04-05,sexta
2025-04-04,ING0043,13.5,2025-04-05,sexta
2025-04-04,ING0047,0.5,2025-04-05,sexta
2025-04-04,ING0055,0.5,2025-04-09,sexta
2025-04-04,ING0058,1.5,2025-04-06,sexta
2025-04-04,ING0064,0.5,2025-04-19,sexta
2025-04-04,ING0087,9.375072306555563,2025-04-06,sexta
2025-04-04,ING0097,0.5,2025-04-06,sexta
2025-04-04,ING0098,0.5,2025-04-05,sexta
2025-04-04,ING0100,0.5,2025-04-06,sexta
2025-04-04,ING0111,6.5,2025-04-05,sexta
2025-04-04,ING0113,0.5,2025-04-06,sexta
2025-04-04,ING0121,2.5,2025-04-08,sexta
2025-04-04,ING0127,0.5,2025-04-09,sexta
2025-04-04,ING0133,0.5,2025-04-08,sexta
2025-04-04,ING0134,0.5,2025-04-08,sexta
2025-04-04,ING0135,0.5,2025-04-08,sexta
2025-04-04,ING0142,14.5,2025-04-15,sexta
2025-04-04,ING0147,0.5,2025-04-08,sexta
2025-04-04,ING0150,1.0,2025-04-15,sexta
2025-04-04,ING0160,2.5,2025-04-07,sexta
2025-04-04,ING0169,2.0,2025-04-07,sexta
2025-04-04,ING0191,12.5,2025-04-07,sexta
2025-04-04,ING0199,0.5,2025-04-07,sexta
2025-04-04,ING0206,57.5,2025-04-07,sexta
2025-04-04,ING0207,1.0,2025-04-07,sexta
2025-04-04,ING0230,61.0,2025-04-08,sexta
2025-04-04,ING0236,27.0,2025-04-18,sexta
2025-04-04,ING0238,0.5,2025-04-08,sexta
2025-04-04,ING0240,8.0,2025-04-08,sexta
2025-04-04,ING0241,0.5,2025-04-08,sexta
2025-04-07,ING0004,99.0,2025-04-10,emergencial
2025-04-07,ING0024,17.0,2025-04-11,emergencial
2025-04-07,ING0121,5.0,2025-04-11,emergencial
2025-04-07,ING0124,2.0,2025-04-11,emergencial
2025-04-07,ING0142,25.5,2025-04-12,emergencial
2025-04-07,ING0240,8.0,2025-04-11,emergencial
2025-04-08,ING0004,100.0,2025-04-11,emergencial
2025-04-08,ING0124,2.0,2025-04-12,emergencial
2025-04-08,ING0131,3.6385151959475666,2025-04-12,emergencial
2025-04-08,ING0139,7.5,2025-04-12,emergencial
2025-04-08,ING0142,19.0,2025-04-12,emergencial
2025-04-08,ING0160,5.0,2025-04-11,emergencial
2025-04-08,ING0167,50.5,2025-04-12,emergencial
2025-04-08,ING0191,26.0,2025-04-11,emergencial
2025-04-08,ING0192,63.27108930152068,2025-04-11,emergencial
2025-04-08,ING0215,111.5,2025-04-11,emergencial
2025-04-08,ING0238,9.0,2025-04-12,emergencial
2025-04-09,ING0004,105.5,2025-04-12,emergencial
2025-04-09,ING0124,2.0,2025-04-14,emergencial
2025-04-09,ING0131,3.5,2025-04-14,emergencial
2025-04-09,ING0139,9.0,2025-04-13,emergencial
2025-04-09,ING0142,21.0,2025-04-15,emergencial
2025-04-09,ING0160,5.0,2025-04-12,emergencial
2025-04-09,ING0167,50.0,2025-04-12,emergencial
2025-04-09,ING0191,28.5,2025-04-12,emergencial
2025-04-09,ING0192,88.19606387484701,2025-04-12,emergencial
2025-04-09,ING0215,117.5,2025-04-12,emergencial
2025-04-09,ING0238,9.5,2025-04-13,emergencial
2025-04-10,ING0086,130.5,2025-04-12,emergencial
2025-04-10,ING0089,21.5,2025-04-12,emergencial
2025-04-10,ING0102,2.0,2025-04-11,emergencial
2025-04-10,ING0116,3.0,2025-04-12,emergencial
2025-04-10,ING0124,2.0,2025-04-14,emergencial
2025-04-10,ING0131,3.5,2025-04-14,emergencial
2025-04-10,ING0139,11.0,2025-04-14,emergencial
2025-04-10,ING0142,19.0,2025-04-14,emergencial
2025-04-10,ING0160,4.5,2025-04-13,emergencial
2025-04-10,ING0167,65.5,2025-04-13,emergencial
2025-04-10,ING0169,4.0,2025-04-13,emergencial
2025-04-10,ING0191,35.0,2025-04-13,emergencial
2025-04-10,ING0215,136.5,2025-04-13,emergencial
2025-04-10,ING0236,121.0,2025-04-14,emergencial
2025-04-10,ING0238,11.0,2025-04-14,emergencial
2025-04-11,ING0010,2.8695194936180926,2025-04-14,sexta
2025-04-11,ING0012,9.0,2025-04-15,sexta
2025-04-11,ING0018,231.32981247262734,2025-04-15,sexta
2025-04-11,ING0033,1.0,2025-04-13,sexta
2025-04-11,ING0035,1.5,2025-04-12,sexta
2025-04-11,ING0036,1.0,2025-04-12,sexta
2025-04-11,ING0038,3.5,2025-04-12,sexta
2025-04-11,ING0039,0.5,2025-04-12,sexta
2025-04-11,ING0042,0.5,2025-04-12,sexta
2025-04-11,ING0044,0.5,2025-04-14,sexta
2025-04-11,ING0047,0.5,2025-04-15,sexta
2025-04-11,ING0053,0.5,2025-04-15,sexta
2025-04-11,ING0055,0.5,2025-04-16,sexta
2025-04-11,ING0061,3.0,2025-04-16,sexta
2025-04-11,ING0063,16.5,2025-04-15,sexta
2025-04-11,ING0064,0.5,2025-04-22,sexta
2025-04-11,ING0068,0.5,2025-04-25,sexta
2025-04-11,ING0070,9.5,2025-04-15,sexta
2025-04-11,ING0071,5.5,2025-04-15,sexta
2025-04-11,ING0076,1.0,2025-04-13,sexta
2025-04-11,ING0079,4.0,2025-04-13,sexta
2025-04-11,ING0083,1.0,2025-04-13,sexta
2025-04-11,ING0084,39.0,2025-04-13,sexta
2025-04-11,ING0085,0.5,2025-04-13,sexta
2025-04-11,ING0086,96.5,2025-04-13,sexta
2025-04-11,ING0089,11.21219099686347,2025-04-13,sexta
2025-04-11,ING0096,3.0,2025-04-13,sexta
2025-04-11,ING0097,0.5,2025-04-13,sexta
2025-04-11,ING0098,1.5,2025-04-12,sexta
2025-04-11,ING0100,0.5,2025-04-12,sexta
2025-04-11,ING0103,0.5,2025-04-12,sexta
2025-04-11,ING0109,0.5,2025-04-15,sexta
2025-04-11,ING0110,1.0,2025-04-12,sexta
2025-04-11,ING0111,4.5,2025-04-12,sexta
2025-04-11,ING0114,0.5,2025-04-12,sexta
2025-04-11,ING0116,3.0,2025-04-12,sexta
2025-04-11,ING0124,0.5,2025-04-15,sexta
2025-04-11,ING0126,10.5,2025-04-15,sexta
2025-04-11,ING0131,2.0,2025-04-16,sexta
2025-04-11,ING0136,0.5,2025-04-15,sexta
2025-04-11,ING0138,0.5,2025-04-15,sexta
2025-04-11,ING0139,10.0,2025-04-15,sexta
2025-04-11,ING0142,7.5,2025-04-15,sexta
2025-04-11,ING0143,9.0,2025-04-24,sexta
2025-04-11,ING0148,0.5,2025-04-16,sexta
2025-04-11,ING0152,1.9575656534226806,2025-04-14,sexta
2025-04-11,ING0160,1.0,2025-04-15,sexta
2025-04-11,ING0164,4.5,2025-04-14,sexta
2025-04-11,ING0165,3.0,2025-04-15,sexta
2025-04-11,ING0167,68.32496510571842,2025-04-14,sexta
2025-04-11,ING0169,4.0,2025-04-14,sexta
2025-04-11,ING0172,5.5,2025-04-22,sexta
2025-04-11,ING0190,16.47684680360794,2025-04-14,sexta
2025-04-11,ING0191,12.0,2025-04-14,sexta
2025-04-11,ING0202,28.5,2025-04-14,sexta
2025-04-11,ING0204,2.7799593356690595,2025-04-14,sexta
2025-04-11,ING0206,95.5,2025-04-14,sexta
2025-04-11,ING0207,1.5,2025-04-14,sexta
2025-04-11,ING0214,46.119118271637745,2025-04-14,sexta
2025-04-11,ING0215,35.0,2025-04-14,sexta
2025-04-11,ING0217,19.5,2025-04-14,sexta
2025-04-11,ING0221,11.0,2025-04-16,sexta
2025-04-11,ING0224,4.18759144825201,2025-04-16,sexta
2025-04-11,ING0227,0.5,2025-04-26,sexta
2025-04-11,ING0231,2.0,2025-04-15,sexta
2025-04-11,ING0236,72.5,2025-04-15,sexta
2025-04-11,ING0237,0.5,2025-04-15,sexta
2025-04-11,ING0238,10.0,2025-04-15,sexta
2025-04-11,ING0242,74.0,2025-04-15,sexta
2025-04-14,ING0012,7.5,2025-04-17,emergencial
2025-04-14,ING0061,3.0,2025-04-18,emergencial
2025-04-14,ING0083,1.5,2025-04-16,emergencial
2025-04-14,ING0126,10.0,2025-04-18,emergencial
2025-04-14,ING0143,7.820593709071045,2025-04-27,emergencial
2025-04-14,ING0165,3.0,2025-04-17,emergencial
2025-04-14,ING0172,8.5,2025-04-24,emergencial
2025-04-14,ING0221,10.0,2025-04-18,emergencial
2025-04-14,ING0224,4.5,2025-04-21,emergencial
2025-04-14,ING0231,2.0,2025-04-18,emergencial
2025-04-14,ING0242,82.0,2025-04-18,emergencial
2025-04-15,ING0061,2.7214456859912906,2025-04-19,emergencial
2025-04-15,ING0083,1.5,2025-04-17,emergencial
2025-04-15,ING0143,9.0,2025-04-28,emergencial
2025-04-15,ING0172,9.5,2025-04-18,emergencial
2025-04-15,ING0221,11.5,2025-04-19,emergencial
2025-04-15,ING0224,6.0,2025-04-19,emergencial
2025-04-16,ING0110,3.0,2025-04-18,emergencial
2025-04-16,ING0143,8.0,2025-04-29,emergencial
2025-04-16,ING0172,9.0,2025-04-19,emergencial
2025-04-17,ING0034,3.0,2025-04-18,emergencial
2025-04-17,ING0062,5.491705200072774,2025-04-21,emergencial
2025-04-17,ING0110,2.5,2025-04-18,emergencial
2025-04-17,ING0143,8.0,2025-04-30,emergencial
2025-04-17,ING0172,9.5,2025-04-20,emergencial
2025-04-18,ING0008,12.0,2025-04-21,sexta
2025-04-18,ING0010,219.47771905430102,2025-04-21,sexta
2025-04-18,ING0019,198.0,2025-04-21,sexta
2025-04-18,ING0024,6.0,2025-04-21,sexta
2025-04-18,ING0033,5.270889339237176,2025-04-19,sexta
2025-04-18,ING0034,2.5,2025-04-19,sexta
2025-04-18,ING0036,0.5,2025-04-19,sexta
2025-04-18,ING0038,1.5021980927239147,2025-04-22,sexta
2025-04-18,ING0039,0.5,2025-04-19,sexta
2025-04-18,ING0045,11.0,2025-04-19,sexta
2025-04-18,ING0046,0.4992538505251699,2025-04-19,sexta
2025-04-18,ING0047,1.5,2025-04-20,sexta
2025-04-18,ING0050,0.6241348656415449,2025-04-20,sexta
2025-04-18,ING0052,36.5,2025-04-20,sexta
2025-04-18,ING0056,8.5,2025-04-23,sexta
2025-04-18,ING0062,3.5,2025-04-22,sexta
2025-04-18,ING0063,11.79214324003398,2025-04-22,sexta
2025-04-18,ING0064,0.5,2025-04-22,sexta
2025-04-18,ING0068,0.5,2025-04-22,sexta
2025-04-18,ING0070,19.0,2025-04-22,sexta
2025-04-18,ING0071,9.5,2025-04-22,sexta
2025-04-18,ING0079,7.5,2025-04-20,sexta
2025-04-18,ING0083,0.5,2025-04-20,sexta
2025-04-18,ING0084,30.594250483485396,2025-04-20,sexta
2025-04-18,ING0085,0.5,2025-04-20,sexta
2025-04-18,ING0090,3.5,2025-04-20,sexta
2025-04-18,ING0092,12.5,2025-04-20,sexta
2025-04-18,ING0095,14.5,2025-04-20,sexta
2025-04-18,ING0096,2.0,2025-04-20,sexta
2025-04-18,ING0098,0.5,2025-04-19,sexta
2025-04-18,ING0099,1.0,2025-04-19,sexta
2025-04-18,ING0100,0.5,2025-04-19,sexta
2025-04-18,ING0101,0.5,2025-04-19,sexta
2025-04-18,ING0102,1.5,2025-04-19,sexta
2025-04-18,ING0103,0.5,2025-04-21,sexta
2025-04-18,ING0108,0.5,2025-04-19,sexta
2025-04-18,ING0111,4.0,2025-04-19,sexta
2025-04-18,ING0121,2.5,2025-04-22,sexta
2025-04-18,ING0128,1.2793655929484968,2025-04-22,sexta
2025-04-18,ING0143,6.5,2025-05-01,sexta
2025-04-18,ING0145,0.5,2025-04-22,sexta
2025-04-18,ING0146,1.0,2025-04-22,sexta
2025-04-18,ING0149,0.5,2025-04-22,sexta
2025-04-18,ING0151,1.0,2025-04-22,sexta
2025-04-18,ING0152,1.5,2025-04-21,sexta
2025-04-18,ING0156,0.5,2025-04-22,sexta
2025-04-18,ING0159,403.4693498933491,2025-04-22,sexta
2025-04-18,ING0161,2.5,2025-04-21,sexta
2025-04-18,ING0163,644.0,2025-04-20,sexta
2025-04-18,ING0164,3.0,2025-04-21,sexta
2025-04-18,ING0169,0.5,2025-04-21,sexta
2025-04-18,ING0171,10.5,2025-04-21,sexta
2025-04-18,ING0181,1.5,2025-04-21,sexta
2025-04-18,ING0183,2.5,2025-04-26,sexta
2025-04-18,ING0190,11.0,2025-04-21,sexta
2025-04-18,ING0195,1.0,2025-04-21,sexta
2025-04-18,ING0199,0.5,2025-04-29,sexta
2025-04-18,ING0202,15.5,2025-04-22,sexta
2025-04-18,ING0206,47.5,2025-04-21,sexta
2025-04-18,ING0207,1.5,2025-04-25,sexta
2025-04-18,ING0214,87.0,2025-04-24,sexta
2025-04-18,ING0217,55.9254331861861,2025-04-21,sexta
2025-04-18,ING0227,0.5,2025-04-22,sexta
2025-04-18,ING0233,0.4988405953298928,2025-04-22,sexta
2025-04-18,ING0234,0.5,2025-04-22,sexta
2025-04-21,ING0015,518.8922309278707,2025-05-02,emergencial
2025-04-21,ING0070,34.0,2025-04-25,emergencial
2025-04-21,ING0071,18.574930292593045,2025-04-25,emergencial
2025-04-21,ING0121,3.0,2025-04-26,emergencial
2025-04-21,ING0143,11.0,2025-04-27,emergencial
2025-04-21,ING0183,3.5,2025-04-28,emergencial
2025-04-21,ING0207,2.5,2025-04-28,emergencial
2025-04-21,ING0234,1.0,2025-04-25,emergencial
2025-04-22,ING0015,478.0,2025-05-03,emergencial
2025-04-22,ING0056,17.5,2025-04-24,emergencial
2025-04-22,ING0095,16.5,2025-04-24,emergencial
2025-04-22,ING0143,11.0,2025-05-04,emergencial
2025-04-22,ING0183,3.5,2025-04-29,emergencial
2025-04-22,ING0207,2.5,2025-04-25,emergencial
2025-04-22,ING0214,156.0,2025-04-25,emergencial
2025-04-23,ING0015,454.0,2025-05-04,emergencial
2025-04-23,ING0095,17.0,2025-04-25,emergencial
2025-04-23,ING0143,11.5,2025-05-04,emergencial
2025-04-23,ING0183,3.5,2025-05-01,emergencial
2025-04-23,ING0207,3.5,2025-04-26,emergencial
2025-04-23,ING0214,159.0,2025-04-26,emergencial
2025-04-24,ING0015,499.0,2025-05-05,emergencial
2025-04-24,ING0083,3.5,2025-04-26,emergencial
2025-04-24,ING0183,3.5,2025-05-01,emergencial
2025-04-24,ING0207,4.5,2025-04-27,emergencial
2025-04-25,ING0002,0.5,2025-04-28,sexta
2025-04-25,ING0005,0.5,2025-04-28,sexta
2025-04-25,ING0008,10.977476955559379,2025-04-28,sexta
2025-04-25,ING0010,210.0,2025-04-28,sexta
2025-04-25,ING0011,0.5,2025-04-28,sexta
2025-04-25,ING0015,550.0,2025-05-06,sexta
2025-04-25,ING0024,12.0,2025-04-28,sexta
2025-04-25,ING0025,24.743499977463237,2025-04-28,sexta
2025-04-25,ING0036,1.0,2025-04-26,sexta
2025-04-25,ING0038,2.0,2025-04-26,sexta
2025-04-25,ING0041,0.5,2025-04-26,sexta
2025-04-25,ING0046,0.5,2025-04-26,sexta
2025-04-25,ING0047,0.5,2025-04-29,sexta
2025-04-25,ING0052,24.0,2025-04-27,sexta
2025-04-25,ING0054,0.5,2025-04-30,sexta
2025-04-25,ING0055,0.5,2025-04-27,sexta
2025-04-25,ING0066,98.5,2025-04-29,sexta
2025-04-25,ING0079,4.0,2025-04-27,sexta
2025-04-25,ING0083,3.5,2025-04-27,sexta
2025-04-25,ING0084,45.0,2025-04-27,sexta
2025-04-25,ING0085,0.5,2025-04-27,sexta
2025-04-25,ING0096,14.724919797085612,2025-04-27,sexta
2025-04-25,ING0097,0.5,2025-04-27,sexta
2025-04-25,ING0098,0.5,2025-04-26,sexta
2025-04-25,ING0106,0.5,2025-04-26,sexta
2025-04-25,ING0107,0.5,2025-04-26,sexta
2025-04-25,ING0110,2.5,2025-04-26,sexta
2025-04-25,ING0115,2.0,2025-04-26,sexta
2025-04-25,ING0121,3.5,2025-04-29,sexta
2025-04-25,ING0126,6.5,2025-05-08,sexta
2025-04-25,ING0134,0.5,2025-05-04,sexta
2025-04-25,ING0138,0.5,2025-04-29,sexta
2025-04-25,ING0152,6.8036825391863465,2025-04-28,sexta
2025-04-25,ING0161,3.0,2025-04-28,sexta
2025-04-25,ING0163,2657.016200270379,2025-04-28,sexta
2025-04-25,ING0164,3.5,2025-04-28,sexta
2025-04-25,ING0168,1.5,2025-04-28,sexta
2025-04-25,ING0171,17.5,2025-04-28,sexta
2025-04-25,ING0183,3.5,2025-05-05,sexta
2025-04-25,ING0188,49.0,2025-04-30,sexta
2025-04-25,ING0199,0.5,2025-04-28,sexta
2025-04-25,ING0202,22.5,2025-04-28,sexta
2025-04-25,ING0206,62.5,2025-04-28,sexta
2025-04-25,ING0225,0.5,2025-05-07,sexta
2025-04-25,ING0227,0.5,2025-04-29,sexta
2025-04-25,ING0229,0.5,2025-04-29,sexta
2025-04-25,ING0239,0.5,2025-04-29,sexta
2025-04-25,ING0240,2.439275831401117,2025-04-29,sexta
2025-04-28,ING0015,375.0,2025-05-09,emergencial
2025-04-28,ING0110,2.5,2025-04-29,emergencial
2025-04-28,ING0115,5.989144096844027,2025-04-29,emergencial
2025-04-28,ING0116,2.0,2025-04-29,emergencial
2025-04-28,ING0126,10.5,2025-05-11,emergencial
2025-04-28,ING0188,74.0,2025-05-01,emergencial
2025-04-28,ING0222,1.5,2025-05-05,emergencial
2025-04-28,ING0240,3.5,2025-05-02,emergencial
2025-04-29,ING0015,409.0,2025-05-10,emergencial
2025-04-29,ING0045,59.5,2025-04-30,emergencial
2025-04-29,ING0079,11.5,2025-05-01,emergencial
2025-04-29,ING0089,15.0,2025-05-01,emergencial
2025-04-29,ING0126,11.5,2025-05-03,emergencial
2025-04-29,ING0165,3.0,2025-05-02,emergencial
2025-04-29,ING0188,72.0,2025-05-02,emergencial
2025-04-29,ING0222,2.2106150088739884,2025-05-03,emergencial
2025-04-30,ING0015,460.0,2025-05-11,emergencial
2025-04-30,ING0079,12.5,2025-05-02,emergencial
2025-04-30,ING0089,16.0,2025-05-02,emergencial
2025-04-30,ING0126,12.0,2025-05-04,emergencial
2025-04-30,ING0165,3.5,2025-05-03,emergencial
2025-04-30,ING0222,2.5,2025-05-05,emergencial
2025-05-01,ING0015,440.0,2025-05-13,emergencial
2025-05-01,ING0126,10.5,2025-05-05,emergencial
2025-05-01,ING0159,4357.370001951809,2025-05-02,emergencial
2025-05-01,ING0165,3.5,2025-05-05,emergencial
2025-05-01,ING0178,206.0,2025-05-04,emergencial
2025-05-01,ING0222,3.0,2025-05-05,emergencial
2025-05-02,ING0002,0.5,2025-05-05,sexta
2025-05-02,ING0004,58.0,2025-05-05,sexta
2025-05-02,ING0006,88.0,2025-05-05,sexta
2025-05-02,ING0008,16.0,2025-05-05,sexta
2025-05-02,ING0010,290.0,2025-05-05,sexta
2025-05-02,ING0012,7.5,2025-05-05,sexta
2025-05-02,ING0019,476.0,2025-05-05,sexta
2025-05-02,ING0023,206.0,2025-05-05,sexta
2025-05-02,ING0024,8.0,2025-05-05,sexta
2025-05-02,ING0025,3.5,2025-05-05,sexta
2025-05-02,ING0030,5.255543658931225,2025-05-06,sexta
2025-05-02,ING0036,1.0,2025-05-03,sexta
2025-05-02,ING0038,2.0,2025-05-04,sexta
2025-05-02,ING0043,34.5,2025-05-03,sexta
2025-05-02,ING0045,21.5,2025-05-04,sexta
2025-05-02,ING0046,0.5,2025-05-08,sexta
2025-05-02,ING0047,0.5315064919494681,2025-05-03,sexta
2025-05-02,ING0052,25.5,2025-05-07,sexta
2025-05-02,ING0056,8.5,2025-05-04,sexta
2025-05-02,ING0060,12.0,2025-05-06,sexta
2025-05-02,ING0061,1.0,2025-05-06,sexta
2025-05-02,ING0062,1.0,2025-05-06,sexta
2025-05-02,ING0063,16.0,2025-05-06,sexta
2025-05-02,ING0066,91.5,2025-05-13,sexta
2025-05-02,ING0070,6.5,2025-05-06,sexta
2025-05-02,ING0071,8.5,2025-05-06,sexta
2025-05-02,ING0072,0.5,2025-05-16,sexta
2025-05-02,ING0073,0.5,2025-05-06,sexta
2025-05-02,ING0078,7.0,2025-05-04,sexta
2025-05-02,ING0081,0.5,2025-05-04,sexta
2025-05-02,ING0084,28.5,2025-05-04,sexta
2025-05-02,ING0090,5.0,2025-05-04,sexta
2025-05-02,ING0091,11.0,2025-05-04,sexta
2025-05-02,ING0097,0.5,2025-05-04,sexta
2025-05-02,ING0098,0.5,2025-05-03,sexta
2025-05-02,ING0103,0.5,2025-05-05,sexta
2025-05-02,ING0106,2.0,2025-05-03,sexta
2025-05-02,ING0107,1.0,2025-05-03,sexta
2025-05-02,ING0110,1.5,2025-05-03,sexta
2025-05-02,ING0113,0.5,2025-05-03,sexta
2025-05-02,ING0126,23.939625687722206,2025-05-06,sexta
2025-05-02,ING0127,1.0,2025-05-06,sexta
2025-05-02,ING0129,1.5,2025-05-06,sexta
2025-05-02,ING0133,0.5,2025-05-16,sexta
2025-05-02,ING0134,0.5,2025-05-06,sexta
2025-05-02,ING0136,0.5,2025-05-06,sexta
2025-05-02,ING0147,0.5,2025-05-06,sexta
2025-05-02,ING0148,0.5,2025-05-06,sexta
2025-05-02,ING0150,0.5,2025-05-05,sexta
2025-05-02,ING0151,0.5,2025-05-10,sexta
2025-05-02,ING0161,3.0,2025-05-06,sexta
2025-05-02,ING0164,3.5,2025-05-05,sexta
2025-05-02,ING0165,1.5,2025-05-05,sexta
2025-05-02,ING0169,3.0,2025-05-05,sexta
2025-05-02,ING0171,42.0,2025-05-05,sexta
2025-05-02,ING0175,18.0,2025-05-05,sexta
2025-05-02,ING0178,263.0,2025-05-05,sexta
2025-05-02,ING0181,3.5,2025-05-05,sexta
2025-05-02,ING0190,18.5,2025-05-05,sexta
2025-05-02,ING0195,1.0,2025-05-05,sexta
2025-05-02,ING0202,38.0,2025-05-05,sexta
2025-05-02,ING0206,109.5,2025-05-05,sexta
2025-05-02,ING0218,78.0,2025-05-06,sexta
2025-05-02,ING0222,3.489657098109104,2025-05-06,sexta
2025-05-02,ING0225,0.5,2025-05-06,sexta
2025-05-02,ING0231,1.0,2025-05-06,sexta
2025-05-02,ING0236,92.0,2025-05-06,sexta
2025-05-02,ING0237,0.5,2025-05-06,sexta
2025-05-02,ING0240,1.5,2025-05-06,sexta
2025-05-02,ING0241,0.5,2025-05-06,sexta
2025-05-05,ING0030,8.0,2025-05-09,emergencial
2025-05-05,ING0060,15.5,2025-05-09,emergencial
2025-05-05,ING0071,9.5,2025-05-09,emergencial
2025-05-05,ING0116,1.5,2025-05-06,emergencial
2025-05-05,ING0129,2.0,2025-05-09,emergencial
2025-05-05,ING0161,3.731137016016183,2025-05-08,emergencial
2025-05-05,ING0218,86.5,2025-05-08,emergencial
2025-05-05,ING0224,3.5,2025-05-09,emergencial
2025-05-05,ING0231,1.5,2025-05-09,emergencial
2025-05-05,ING0236,121.5,2025-05-09,emergencial
2025-05-05,ING0240,4.5,2025-05-09,emergencial
2025-05-06,ING0224,4.0,2025-05-10,emergencial
2025-05-06,ING0240,4.5,2025-05-10,emergencial
2025-05-07,ING0110,1.5,2025-05-08,emergencial
2025-05-07,ING0224,3.5,2025-05-11,emergencial
2025-05-07,ING0240,4.5,2025-05-11,emergencial
2025-05-08,ING0224,3.0,2025-05-12,emergencial
2025-05-08,ING0240,4.0,2025-05-12,emergencial
2025-05-09,ING0002,0.5,2025-05-12,sexta
2025-05-09,ING0004,128.29589716002465,2025-05-12,sexta
2025-05-09,ING0005,0.5,2025-05-12,sexta
2025-05-09,ING0006,39.0,2025-05-12,sexta
2025-05-09,ING0008,9.0,2025-05-13,sexta
2025-05-09,ING0010,176.0,2025-05-12,sexta
2025-05-09,ING0012,4.5,2025-05-12,sexta
2025-05-09,ING0018,0.5,2025-05-12,sexta
2025-05-09,ING0019,114.0,2025-05-12,sexta
2025-05-09,ING0023,161.0,2025-05-12,sexta
2025-05-09,ING0024,8.0,2025-05-12,sexta
2025-05-09,ING0025,10.5,2025-05-12,sexta
2025-05-09,ING0027,2.0,2025-05-13,sexta
2025-05-09,ING0030,1.0,2025-05-13,sexta
2025-05-09,ING0034,2.5,2025-05-10,sexta
2025-05-09,ING0038,2.0,2025-05-10,sexta
2025-05-09,ING0042,0.5,2025-05-10,sexta
2025-05-09,ING0044,0.5,2025-05-11,sexta
2025-05-09,ING0045,22.0,2025-05-10,sexta
2025-05-09,ING0046,0.5,2025-05-12,sexta
2025-05-09,ING0047,0.5583769343053111,2025-05-11,sexta
2025-05-09,ING0051,0.5,2025-05-11,sexta
2025-05-09,ING0052,14.0,2025-05-11,sexta
2025-05-09,ING0053,0.5,2025-05-11,sexta
2025-05-09,ING0055,0.5,2025-05-11,sexta
2025-05-09,ING0061,1.5,2025-05-13,sexta
2025-05-09,ING0062,1.5,2025-05-13,sexta
2025-05-09,ING0063,9.0,2025-05-13,sexta
2025-05-09,ING0066,102.0,2025-05-13,sexta
2025-05-09,ING0067,0.5,2025-05-13,sexta
2025-05-09,ING0068,0.5,2025-05-13,sexta
2025-05-09,ING0070,11.0,2025-05-13,sexta
2025-05-09,ING0071,7.841003039237042,2025-05-13,sexta
2025-05-09,ING0072,0.5,2025-05-13,sexta
2025-05-09,ING0076,5.0,2025-05-11,sexta
2025-05-09,ING0078,3.5,2025-05-12,sexta
2025-05-09,ING0079,2.0,2025-05-11,sexta
2025-05-09,ING0081,7.152566741415523,2025-05-11,sexta
2025-05-09,ING0083,1.0,2025-05-11,sexta
2025-05-09,ING0084,22.5,2025-05-11,sexta
2025-05-09,ING0085,0.5,2025-05-11,sexta
2025-05-09,ING0089,1.5,2025-05-11,sexta
2025-05-09,ING0095,14.0,2025-05-11,sexta
2025-05-09,ING0098,0.5,2025-05-10,sexta
2025-05-09,ING0100,1.0,2025-05-10,sexta
2025-05-09,ING0101,0.5,2025-05-10,sexta
2025-05-09,ING0102,1.0,2025-05-12,sexta
2025-05-09,ING0103,0.5,2025-05-12,sexta
2025-05-09,ING0106,1.0,2025-05-10,sexta
2025-05-09,ING0107,0.5,2025-05-10,sexta
2025-05-09,ING0108,0.5,2025-05-11,sexta
2025-05-09,ING0110,1.0,2025-05-10,sexta
2025-05-09,ING0112,0.5,2025-05-11,sexta
2025-05-09,ING0114,0.5,2025-05-10,sexta
2025-05-09,ING0116,0.5,2025-05-10,sexta
2025-05-09,ING0121,1.0,2025-05-24,sexta
2025-05-09,ING0122,30.783813485171425,2025-05-13,sexta
2025-05-09,ING0125,1.5,2025-05-14,sexta
2025-05-09,ING0133,0.5,2025-05-13,sexta
2025-05-09,ING0135,0.5,2025-05-20,sexta
2025-05-09,ING0149,0.5,2025-05-13,sexta
2025-05-09,ING0151,1.0,2025-05-12,sexta
2025-05-09,ING0164,2.0,2025-05-13,sexta
2025-05-09,ING0169,1.5,2025-05-12,sexta
2025-05-09,ING0171,17.0,2025-05-12,sexta
2025-05-09,ING0175,8.0,2025-05-12,sexta
2025-05-09,ING0178,34.27068323168893,2025-05-12,sexta
2025-05-09,ING0181,2.8622250997648377,2025-05-12,sexta
2025-05-09,ING0188,24.0,2025-05-12,sexta
2025-05-09,ING0190,8.5,2025-05-12,sexta
2025-05-09,ING0194,0.5,2025-05-12,sexta
2025-05-09,ING0202,17.0,2025-05-12,sexta
2025-05-09,ING0206,51.0,2025-05-14,sexta
2025-05-09,ING0214,43.0,2025-05-12,sexta
2025-05-09,ING0221,7.5,2025-05-14,sexta
2025-05-09,ING0224,3.0,2025-05-13,sexta
2025-05-09,ING0227,0.5,2025-05-13,sexta
2025-05-09,ING0233,0.5,2025-05-19,sexta
2025-05-09,ING0234,0.5,2025-05-22,sexta
2025-05-09,ING0240,2.0,2025-05-13,sexta
2025-05-09,ING0242,33.0,2025-05-13,sexta
2025-05-12,ING0061,2.0,2025-05-16,emergencial
2025-05-12,ING0062,2.0,2025-05-16,emergencial
2025-05-12,ING0063,14.0,2025-05-16,emergencial
2025-05-12,ING0164,3.0,2025-05-15,emergencial
2025-05-13,ING0194,0.5,2025-05-16,emergencial
2025-05-14,ING0194,0.5,2025-05-20,emergencial
2025-05-15,ING0056,20.34192165594868,2025-05-19,emergencial
2025-05-16,ING0002,0.5,2025-05-19,sexta
2025-05-16,ING0006,54.5,2025-05-19,sexta
2025-05-16,ING0008,10.0,2025-05-19,sexta
2025-05-16,ING0010,251.0,2025-05-19,sexta
2025-05-16,ING0011,0.5,2025-05-19,sexta
2025-05-16,ING0012,5.5,2025-05-19,sexta
2025-05-16,ING0018,110.31791803629963,2025-05-19,sexta
2025-05-16,ING0023,234.0,2025-05-19,sexta
2025-05-16,ING0024,11.5,2025-05-19,sexta
2025-05-16,ING0027,2.0,2025-05-20,sexta
2025-05-16,ING0030,1.5,2025-05-20,sexta
2025-05-16,ING0038,1.5,2025-05-17,sexta
2025-05-16,ING0039,0.5,2025-05-17,sexta
2025-05-16,ING0045,38.5,2025-05-17,sexta
2025-05-16,ING0046,0.5,2025-05-19,sexta
2025-05-16,ING0047,0.5,2025-05-18,sexta
2025-05-16,ING0050,0.5,2025-05-18,sexta
2025-05-16,ING0056,17.0,2025-05-18,sexta
2025-05-16,ING0060,1.0,2025-05-21,sexta
2025-05-16,ING0070,13.0,2025-05-20,sexta
2025-05-16,ING0074,1.5,2025-05-20,sexta
2025-05-16,ING0076,55.319721826699265,2025-05-18,sexta
2025-05-16,ING0078,3.5,2025-05-18,sexta
2025-05-16,ING0079,5.0,2025-05-18,sexta
2025-05-16,ING0085,0.5,2025-05-18,sexta
2025-05-16,ING0089,6.0,2025-05-20,sexta
2025-05-16,ING0090,5.0,2025-05-21,sexta
2025-05-16,ING0091,7.0,2025-05-18,sexta
2025-05-16,ING0095,17.0,2025-05-18,sexta
2025-05-16,ING0097,0.5,2025-05-18,sexta
2025-05-16,ING0098,0.5694921152854362,2025-05-17,sexta
2025-05-16,ING0106,1.0,2025-05-17,sexta
2025-05-16,ING0107,1.0,2025-05-17,sexta
2025-05-16,ING0110,1.0,2025-05-18,sexta
2025-05-16,ING0121,1.5,2025-05-31,sexta
2025-05-16,ING0135,0.5,2025-05-20,sexta
2025-05-16,ING0136,0.5,2025-05-20,sexta
2025-05-16,ING0137,0.5,2025-05-20,sexta
2025-05-16,ING0148,0.5,2025-05-20,sexta
2025-05-16,ING0154,18.0,2025-05-19,sexta
2025-05-16,ING0156,0.5,2025-05-19,sexta
2025-05-16,ING0169,2.202882542117285,2025-05-19,sexta
2025-05-16,ING0171,31.5,2025-05-19,sexta
2025-05-16,ING0175,10.5,2025-05-19,sexta
2025-05-16,ING0188,23.0,2025-05-20,sexta
2025-05-16,ING0190,8.5,2025-05-20,sexta
2025-05-16,ING0202,32.5,2025-05-20,sexta
2025-05-16,ING0206,87.5,2025-05-19,sexta
2025-05-16,ING0214,62.0,2025-05-23,sexta
2025-05-16,ING0221,6.5,2025-05-20,sexta
2025-05-16,ING0227,0.5,2025-05-21,sexta
2025-05-16,ING0229,0.5,2025-05-27,sexta
2025-05-16,ING0233,0.5,2025-05-20,sexta
2025-05-16,ING0234,0.5,2025-05-30,sexta
2025-05-19,ING0089,17.0,2025-05-21,emergencial
2025-05-19,ING0202,53.0,2025-05-22,emergencial
2025-05-19,ING0234,1.0,2025-05-23,emergencial
2025-05-20,ING0121,3.0,2025-05-24,emergencial
2025-05-20,ING0214,228.0,2025-05-23,emergencial
2025-05-20,ING0234,0.5,2025-05-24,emergencial
2025-05-21,ING0010,284.0,2025-05-24,emergencial
2025-05-21,ING0037,2.3222364995128153,2025-05-22,emergencial
2025-05-21,ING0214,253.0,2025-05-24,emergencial
2025-05-21,ING0234,1.0,2025-05-25,emergencial
2025-05-22,ING0002,3.5245586505802207,2025-05-25,emergencial
2025-05-22,ING0010,361.0,2025-05-25,emergencial
2025-05-22,ING0070,33.5,2025-05-28,emergencial
2025-05-22,ING0079,12.0,2025-05-24,emergencial
2025-05-22,ING0102,2.0,2025-05-23,emergencial
2025-05-22,ING0116,2.5,2025-05-24,emergencial
2025-05-22,ING0121,7.986132868980564,2025-05-26,emergencial
2025-05-22,ING0161,4.0,2025-05-30,emergencial
2025-05-22,ING0214,250.0,2025-05-25,emergencial
2025-05-23,ING0002,3.5245586505802207,2025-05-26,sexta
2025-05-23,ING0006,544.2424005985424,2025-05-26,sexta
2025-05-23,ING0008,18.0,2025-05-30,sexta
2025-05-23,ING0010,432.0,2025-05-27,sexta
2025-05-23,ING0012,7.5,2025-05-29,sexta
2025-05-23,ING0017,1.5,2025-05-26,sexta
2025-05-23,ING0019,533.0,2025-05-26,sexta
2025-05-23,ING0023,375.0,2025-05-26,sexta
2025-05-23,ING0024,15.5,2025-05-26,sexta
2025-05-23,ING0027,3.0,2025-05-28,sexta
2025-05-23,ING0029,5.5,2025-05-27,sexta
2025-05-23,ING0030,14.0,2025-05-27,sexta
2025-05-23,ING0035,1.0,2025-05-24,sexta
2025-05-23,ING0036,2.0,2025-05-24,sexta
2025-05-23,ING0037,1.0,2025-05-24,sexta
2025-05-23,ING0038,2.5,2025-05-24,sexta
2025-05-23,ING0042,4.735514950732443,2025-05-24,sexta
2025-05-23,ING0047,1.0,2025-05-24,sexta
2025-05-23,ING0052,102.61813936632525,2025-05-28,sexta
2025-05-23,ING0054,0.5,2025-05-25,sexta
2025-05-23,ING0059,7.111371371362647,2025-05-27,sexta
2025-05-23,ING0060,30.0,2025-05-27,sexta
2025-05-23,ING0063,21.0,2025-05-27,sexta
2025-05-23,ING0070,36.0,2025-05-27,sexta
2025-05-23,ING0071,0.5,2025-05-27,sexta
2025-05-23,ING0078,4.5,2025-05-25,sexta
2025-05-23,ING0079,13.0,2025-05-25,sexta
2025-05-23,ING0083,0.5,2025-05-25,sexta
2025-05-23,ING0090,5.0,2025-05-25,sexta
2025-05-23,ING0095,28.5,2025-05-25,sexta
2025-05-23,ING0106,1.0,2025-05-24,sexta
2025-05-23,ING0107,1.5,2025-05-27,sexta
2025-05-23,ING0116,3.0,2025-05-25,sexta
2025-05-23,ING0121,9.317155013810659,2025-05-27,sexta
2025-05-23,ING0138,0.5,2025-06-07,sexta
2025-05-23,ING0147,0.5,2025-05-27,sexta
2025-05-23,ING0150,1.0,2025-05-26,sexta
2025-05-23,ING0161,4.5,2025-05-31,sexta
2025-05-23,ING0164,2.5,2025-05-26,sexta
2025-05-23,ING0171,33.5,2025-05-29,sexta
2025-05-23,ING0175,24.0,2025-05-26,sexta
2025-05-23,ING0190,13.594039086781077,2025-05-26,sexta
2025-05-23,ING0195,1.5,2025-05-26,sexta
2025-05-23,ING0203,0.5,2025-05-26,sexta
2025-05-23,ING0206,96.0,2025-05-26,sexta
2025-05-23,ING0227,0.5,2025-06-04,sexta
2025-05-23,ING0228,2.5,2025-05-29,sexta
2025-05-23,ING0229,0.5,2025-06-03,sexta
2025-05-23,ING0231,0.5,2025-05-27,sexta
2025-05-23,ING0236,80.5,2025-05-27,sexta
2025-05-23,ING0239,0.565374013775471,2025-05-27,sexta
2025-05-23,ING0242,95.0,2025-05-27,sexta
2025-05-26,ING0008,33.0,2025-05-29,emergencial
2025-05-26,ING0012,12.5,2025-05-29,emergencial
2025-05-26,ING0027,6.5,2025-05-30,emergencial
2025-05-26,ING0029,10.5,2025-05-30,emergencial
2025-05-26,ING0030,23.0,2025-05-30,emergencial
2025-05-26,ING0060,32.5,2025-05-30,emergencial
2025-05-26,ING0063,30.0,2025-05-31,emergencial
2025-05-26,ING0070,43.0,2025-05-30,emergencial
2025-05-26,ING0107,2.5,2025-05-30,emergencial
2025-05-26,ING0161,6.0,2025-06-03,emergencial
2025-05-26,ING0171,61.5,2025-05-29,emergencial
2025-05-26,ING0228,3.5,2025-06-01,emergencial
2025-05-26,ING0236,106.5,2025-05-30,emergencial
2025-05-26,ING0242,120.5,2025-05-30,emergencial
2025-05-27,ING0008,34.0,2025-05-30,emergencial
2025-05-27,ING0012,13.0,2025-05-30,emergencial
2025-05-27,ING0027,6.26158139450024,2025-05-31,emergencial
2025-05-27,ING0083,4.0,2025-05-29,emergencial
2025-05-27,ING0161,6.0,2025-06-04,emergencial
2025-05-27,ING0171,60.5,2025-05-30,emergencial
2025-05-27,ING0194,1.0,2025-05-30,emergencial
2025-05-27,ING0228,3.5,2025-06-03,emergencial
2025-05-28,ING0008,30.310649371188656,2025-05-31,emergencial
2025-05-28,ING0012,12.5,2025-05-31,emergencial
2025-05-28,ING0061,3.0,2025-06-01,emergencial
2025-05-28,ING0083,4.0,2025-05-31,emergencial
2025-05-28,ING0106,3.0,2025-05-30,emergencial
2025-05-28,ING0160,5.5,2025-05-31,emergencial
2025-05-28,ING0161,6.0,2025-06-05,emergencial
2025-05-28,ING0166,1.5,2025-06-03,emergencial
2025-05-28,ING0171,56.5,2025-05-31,emergencial
2025-05-28,ING0188,100.0,2025-05-31,emergencial
2025-05-28,ING0194,1.0,2025-05-31,emergencial
2025-05-28,ING0221,10.0,2025-06-01,emergencial
2025-05-28,ING0224,11.0,2025-06-01,emergencial
2025-05-28,ING0228,3.5,2025-06-03,emergencial
2025-05-28,ING0230,23.0,2025-06-04,emergencial
2025-05-29,ING0037,2.0,2025-05-30,emergencial
2025-05-29,ING0061,3.5,2025-06-02,emergencial
2025-05-29,ING0062,7.0,2025-06-02,emergencial
2025-05-29,ING0066,903.7255331158274,2025-06-02,emergencial
2025-05-29,ING0089,20.0,2025-05-31,emergencial
2025-05-29,ING0106,3.5,2025-05-31,emergencial
2025-05-29,ING0107,2.5,2025-05-31,emergencial
2025-05-29,ING0128,1.0,2025-06-02,emergencial
2025-05-29,ING0160,6.0,2025-06-01,emergencial
2025-05-29,ING0161,6.0,2025-06-06,emergencial
2025-05-29,ING0166,1.5,2025-06-02,emergencial
2025-05-29,ING0188,77.0,2025-06-02,emergencial
2025-05-29,ING0194,3.240659582941607,2025-06-01,emergencial
2025-05-29,ING0221,9.5,2025-06-02,emergencial
2025-05-29,ING0224,11.0,2025-06-02,emergencial
2025-05-29,ING0230,15.5,2025-06-02,emergencial
2025-05-30,ING0001,0.5,2025-06-08,sexta
2025-05-30,ING0004,52.5,2025-06-02,sexta
2025-05-30,ING0019,179.0,2025-06-02,sexta
2025-05-30,ING0023,182.0,2025-06-02,sexta
2025-05-30,ING0024,10.5,2025-06-02,sexta
2025-05-30,ING0036,1.5,2025-05-31,sexta
2025-05-30,ING0037,0.6100213077120855,2025-05-31,sexta
2025-05-30,ING0038,3.5,2025-06-02,sexta
2025-05-30,ING0045,57.0,2025-05-31,sexta
2025-05-30,ING0047,0.5,2025-06-01,sexta
2025-05-30,ING0049,13.5,2025-06-01,sexta
2025-05-30,ING0055,0.5,2025-06-01,sexta
2025-05-30,ING0061,3.0,2025-06-06,sexta
2025-05-30,ING0062,5.0,2025-06-03,sexta
2025-05-30,ING0063,10.0,2025-06-03,sexta
2025-05-30,ING0068,0.5,2025-06-03,sexta
2025-05-30,ING0071,23.0,2025-06-03,sexta
2025-05-30,ING0078,6.0,2025-06-01,sexta
2025-05-30,ING0079,6.0,2025-06-01,sexta
2025-05-30,ING0083,0.5,2025-06-03,sexta
2025-05-30,ING0085,0.5,2025-06-01,sexta
2025-05-30,ING0089,21.0,2025-06-02,sexta
2025-05-30,ING0091,16.5,2025-06-01,sexta
2025-05-30,ING0095,14.669588240124861,2025-06-01,sexta
2025-05-30,ING0097,0.5,2025-06-01,sexta
2025-05-30,ING0098,0.5,2025-05-31,sexta
2025-05-30,ING0100,1.5,2025-06-02,sexta
2025-05-30,ING0106,0.5,2025-06-01,sexta
2025-05-30,ING0107,0.5,2025-05-31,sexta
2025-05-30,ING0109,1.0,2025-05-31,sexta
2025-05-30,ING0110,1.823372591370656,2025-05-31,sexta
2025-05-30,ING0112,0.5,2025-05-31,sexta
2025-05-30,ING0113,0.5,2025-05-31,sexta
2025-05-30,ING0114,0.5,2025-05-31,sexta
2025-05-30,ING0115,2.0,2025-05-31,sexta
2025-05-30,ING0122,15.5,2025-06-03,sexta
2025-05-30,ING0128,1.0,2025-06-03,sexta
2025-05-30,ING0129,1.0,2025-06-03,sexta
2025-05-30,ING0136,0.5,2025-06-11,sexta
2025-05-30,ING0137,0.5,2025-06-03,sexta
2025-05-30,ING0138,0.5,2025-06-12,sexta
2025-05-30,ING0143,14.0,2025-06-03,sexta
2025-05-30,ING0145,0.5,2025-06-03,sexta
2025-05-30,ING0150,0.5,2025-06-03,sexta
2025-05-30,ING0151,1.0,2025-06-03,sexta
2025-05-30,ING0154,37.0,2025-06-02,sexta
2025-05-30,ING0160,4.0,2025-06-02,sexta
2025-05-30,ING0161,2.0,2025-06-07,sexta
2025-05-30,ING0163,428.0,2025-05-31,sexta
2025-05-30,ING0164,3.0,2025-06-02,sexta
2025-05-30,ING0165,4.0,2025-06-02,sexta
2025-05-30,ING0166,1.5,2025-06-02,sexta
2025-05-30,ING0168,1.0,2025-06-02,sexta
2025-05-30,ING0169,4.5,2025-06-02,sexta
2025-05-30,ING0175,17.5,2025-06-02,sexta
2025-05-30,ING0178,147.0,2025-06-02,sexta
2025-05-30,ING0188,54.0,2025-06-02,sexta
2025-05-30,ING0190,13.0,2025-06-05,sexta
2025-05-30,ING0202,39.5,2025-06-02,sexta
2025-05-30,ING0203,7.5,2025-06-02,sexta
2025-05-30,ING0206,100.5,2025-06-02,sexta
2025-05-30,ING0221,9.5,2025-06-03,sexta
2025-05-30,ING0222,0.5,2025-06-03,sexta
2025-05-30,ING0224,8.0,2025-06-03,sexta
2025-05-30,ING0227,0.5,2025-06-03,sexta
2025-05-30,ING0230,15.5,2025-06-03,sexta
2025-05-30,ING0237,0.5,2025-06-04,sexta
2025-05-30,ING0241,0.5,2025-06-03,sexta
2025-06-02,ING0033,2.5,2025-06-03,emergencial
2025-06-02,ING0045,34.5,2025-06-03,emergencial
2025-06-02,ING0047,1.5,2025-06-04,emergencial
2025-06-02,ING0071,16.0,2025-06-06,emergencial
2025-06-02,ING0081,10.5,2025-06-04,emergencial
2025-06-02,ING0087,1.5,2025-06-04,emergencial
2025-06-02,ING0093,2.5,2025-06-04,emergencial
2025-06-02,ING0122,19.0,2025-06-07,emergencial
2025-06-02,ING0143,9.0,2025-06-06,emergencial
2025-06-02,ING0222,5.287263416757122,2025-06-06,emergencial
2025-06-02,ING0231,1.5,2025-06-06,emergencial
2025-06-03,ING0026,4.5,2025-06-07,emergencial
2025-06-03,ING0047,1.5,2025-06-05,emergencial
2025-06-03,ING0081,10.5,2025-06-05,emergencial
2025-06-03,ING0087,1.5,2025-06-05,emergencial
2025-06-03,ING0093,2.5,2025-06-05,emergencial
2025-06-03,ING0231,2.0,2025-06-07,emergencial
2025-06-04,ING0004,90.0,2025-06-07,emergencial
2025-06-04,ING0026,4.5,2025-06-08,emergencial
2025-06-04,ING0190,16.5,2025-06-07,emergencial
2025-06-04,ING0203,5.5,2025-06-07,emergencial
2025-06-04,ING0231,2.5,2025-06-12,emergencial
2025-06-05,ING0004,109.0,2025-06-09,emergencial
2025-06-05,ING0026,17.288923922966244,2025-06-09,emergencial
2025-06-05,ING0098,4.235777779925635,2025-06-06,emergencial
2025-06-05,ING0231,2.5,2025-06-13,emergencial
2025-06-06,ING0001,2.0,2025-06-12,sexta
2025-06-06,ING0004,111.0,2025-06-09,sexta
2025-06-06,ING0007,0.5,2025-06-09,sexta
2025-06-06,ING0018,0.5,2025-06-09,sexta
2025-06-06,ING0019,167.0,2025-06-09,sexta
2025-06-06,ING0023,153.1527162169982,2025-06-09,sexta
2025-06-06,ING0024,12.0,2025-06-09,sexta
2025-06-06,ING0025,23.0,2025-06-09,sexta
2025-06-06,ING0026,17.288923922966244,2025-06-10,sexta
2025-06-06,ING0028,13.5,2025-06-10,sexta
2025-06-06,ING0029,1.5,2025-06-10,sexta
2025-06-06,ING0030,2.0,2025-06-10,sexta
2025-06-06,ING0033,1.5,2025-06-09,sexta
2025-06-06,ING0034,2.5,2025-06-07,sexta
2025-06-06,ING0036,1.0,2025-06-07,sexta
2025-06-06,ING0037,1.8689252771783877,2025-06-07,sexta
2025-06-06,ING0039,0.5,2025-06-08,sexta
2025-06-06,ING0041,0.5,2025-06-07,sexta
2025-06-06,ING0047,0.5,2025-06-07,sexta
2025-06-06,ING0049,18.5,2025-06-08,sexta
2025-06-06,ING0051,0.5,2025-06-08,sexta
2025-06-06,ING0057,196.0,2025-06-08,sexta
2025-06-06,ING0071,0.5,2025-06-10,sexta
2025-06-06,ING0073,0.5,2025-06-11,sexta
2025-06-06,ING0076,12.5,2025-06-08,sexta
2025-06-06,ING0078,5.5,2025-06-08,sexta
2025-06-06,ING0081,3.0,2025-06-08,sexta
2025-06-06,ING0084,38.5,2025-06-09,sexta
2025-06-06,ING0085,0.5,2025-06-08,sexta
2025-06-06,ING0087,0.5,2025-06-08,sexta
2025-06-06,ING0090,8.5,2025-06-10,sexta
2025-06-06,ING0093,1.0,2025-06-08,sexta
2025-06-06,ING0095,14.5,2025-06-08,sexta
2025-06-06,ING0097,0.5,2025-06-10,sexta
2025-06-06,ING0100,1.0,2025-06-10,sexta
2025-06-06,ING0102,1.5,2025-06-07,sexta
2025-06-06,ING0103,0.5,2025-06-07,sexta
2025-06-06,ING0104,1.5,2025-06-07,sexta
2025-06-06,ING0108,0.5,2025-06-08,sexta
2025-06-06,ING0110,3.0,2025-06-07,sexta
2025-06-06,ING0115,1.5,2025-06-07,sexta
2025-06-06,ING0122,15.5,2025-06-10,sexta
2025-06-06,ING0128,0.5,2025-06-10,sexta
2025-06-06,ING0129,3.5,2025-06-11,sexta
2025-06-06,ING0136,0.5,2025-06-10,sexta
2025-06-06,ING0138,0.5,2025-06-10,sexta
2025-06-06,ING0146,1.0,2025-06-10,sexta
2025-06-06,ING0148,0.5,2025-06-10,sexta
2025-06-06,ING0149,0.5,2025-06-10,sexta
2025-06-06,ING0150,0.5,2025-06-09,sexta
2025-06-06,ING0163,1774.0,2025-06-08,sexta
2025-06-06,ING0164,2.5,2025-06-09,sexta
2025-06-06,ING0165,2.649361664399853,2025-06-09,sexta
2025-06-06,ING0169,3.5,2025-06-09,sexta
2025-06-06,ING0175,53.53743619166949,2025-06-16,sexta
2025-06-06,ING0178,650.5073272916376,2025-06-09,sexta
2025-06-06,ING0190,14.5,2025-06-10,sexta
2025-06-06,ING0195,1.5,2025-06-09,sexta
2025-06-06,ING0202,18.0,2025-06-09,sexta
2025-06-06,ING0203,7.5,2025-06-09,sexta
2025-06-06,ING0206,82.0,2025-06-09,sexta
2025-06-06,ING0215,35.5,2025-06-09,sexta
2025-06-06,ING0217,19.5,2025-06-09,sexta
2025-06-06,ING0225,0.5,2025-06-11,sexta
2025-06-06,ING0227,0.5,2025-06-10,sexta
2025-06-06,ING0231,1.109971186689629,2025-06-14,sexta
2025-06-06,ING0240,0.5,2025-06-10,sexta
2025-06-06,ING0243,1.5,2025-06-16,sexta
2025-06-09,ING0028,26.5,2025-06-13,emergencial
2025-06-09,ING0090,12.5,2025-06-11,emergencial
2025-06-09,ING0129,5.0,2025-06-13,emergencial
2025-06-10,ING0110,3.5,2025-06-11,emergencial
2025-06-10,ING0129,5.0,2025-06-14,emergencial
2025-06-10,ING0243,3.5,2025-06-14,emergencial
2025-06-11,ING0035,4.0,2025-06-12,emergencial
2025-06-11,ING0098,4.235777779925635,2025-06-12,emergencial
2025-06-11,ING0243,3.5,2025-06-15,emergencial
2025-06-12,ING0038,5.5,2025-06-14,emergencial
2025-06-12,ING0040,17.0,2025-06-13,emergencial
2025-06-12,ING0243,3.5,2025-06-16,emergencial
2025-06-13,ING0001,1.0,2025-06-16,sexta
2025-06-13,ING0002,0.5,2025-06-16,sexta
2025-06-13,ING0016,0.5,2025-06-16,sexta
2025-06-13,ING0018,77.0,2025-06-16,sexta
2025-06-13,ING0019,256.0,2025-06-16,sexta
2025-06-13,ING0023,339.0,2025-06-16,sexta
2025-06-13,ING0024,20.5,2025-06-16,sexta
2025-06-13,ING0025,30.5,2025-06-17,sexta
2025-06-13,ING0028,0.5,2025-06-17,sexta
2025-06-13,ING0029,4.0,2025-06-17,sexta
2025-06-13,ING0030,7.4948276993750325,2025-06-17,sexta
2025-06-13,ING0033,5.0,2025-06-14,sexta
2025-06-13,ING0035,1.5,2025-06-14,sexta
2025-06-13,ING0036,1.0,2025-06-14,sexta
2025-06-13,ING0038,5.5,2025-06-15,sexta
2025-06-13,ING0039,0.5,2025-06-14,sexta
2025-06-13,ING0043,27.0,2025-06-17,sexta
2025-06-13,ING0047,0.5,2025-06-17,sexta
2025-06-13,ING0049,22.0,2025-06-15,sexta
2025-06-13,ING0050,0.5,2025-06-15,sexta
2025-06-13,ING0053,0.5,2025-06-16,sexta
2025-06-13,ING0057,253.0,2025-06-15,sexta
2025-06-13,ING0060,19.0,2025-06-17,sexta
2025-06-13,ING0064,0.5,2025-06-17,sexta
2025-06-13,ING0068,0.5,2025-06-24,sexta
2025-06-13,ING0071,9.5,2025-06-17,sexta
2025-06-13,ING0078,4.779003797517909,2025-06-15,sexta
2025-06-13,ING0081,26.5,2025-06-15,sexta
2025-06-13,ING0083,0.5,2025-06-15,sexta
2025-06-13,ING0084,59.0,2025-06-15,sexta
2025-06-13,ING0085,0.5,2025-06-18,sexta
2025-06-13,ING0086,75.0,2025-06-15,sexta
2025-06-13,ING0087,9.391913704624901,2025-06-15,sexta
2025-06-13,ING0091,12.5,2025-06-15,sexta
2025-06-13,ING0095,16.5,2025-06-15,sexta
2025-06-13,ING0099,1.0,2025-06-14,sexta
2025-06-13,ING0100,0.5,2025-06-17,sexta
2025-06-13,ING0101,0.5,2025-06-14,sexta
2025-06-13,ING0103,0.5,2025-06-14,sexta
2025-06-13,ING0106,1.5,2025-06-14,sexta
2025-06-13,ING0110,1.206292846725919,2025-06-14,sexta
2025-06-13,ING0122,11.0,2025-06-17,sexta
2025-06-13,ING0133,0.5,2025-06-17,sexta
2025-06-13,ING0134,0.5,2025-06-17,sexta
2025-06-13,ING0145,0.5,2025-06-25,sexta
2025-06-13,ING0147,0.5,2025-06-17,sexta
2025-06-13,ING0150,0.5,2025-06-17,sexta
2025-06-13,ING0154,36.0,2025-06-16,sexta
2025-06-13,ING0163,1750.0,2025-06-14,sexta
2025-06-13,ING0169,7.590008016843973,2025-06-22,sexta
2025-06-13,ING0190,13.0,2025-06-16,sexta
2025-06-13,ING0203,1.0,2025-06-16,sexta
2025-06-13,ING0204,1.0,2025-06-16,sexta
2025-06-13,ING0206,150.0,2025-06-18,sexta
2025-06-13,ING0215,72.5,2025-06-17,sexta
2025-06-13,ING0217,16.5,2025-06-16,sexta
2025-06-13,ING0227,0.5,2025-06-17,sexta
2025-06-13,ING0239,0.5,2025-06-17,sexta
2025-06-13,ING0240,5.0,2025-06-17,sexta
2025-06-13,ING0241,0.5,2025-06-17,sexta
2025-06-13,ING0243,3.0,2025-06-17,sexta
2025-06-16,ING0002,1.0,2025-06-19,emergencial
2025-06-16,ING0025,20.5,2025-06-19,emergencial
2025-06-16,ING0028,12.0,2025-06-20,emergencial
2025-06-16,ING0029,6.0,2025-06-20,emergencial
2025-06-16,ING0030,14.0,2025-06-20,emergencial
2025-06-16,ING0033,4.0,2025-06-17,emergencial
2025-06-16,ING0035,3.0,2025-06-18,emergencial
2025-06-16,ING0043,33.5,2025-06-17,emergencial
2025-06-16,ING0060,22.5,2025-06-20,emergencial
2025-06-16,ING0071,21.0,2025-06-20,emergencial
2025-06-16,ING0076,143.91741288857025,2025-06-18,emergencial
2025-06-16,ING0122,32.0,2025-06-21,emergencial
2025-06-16,ING0128,1.0,2025-06-20,emergencial
2025-06-16,ING0160,2.5,2025-06-19,emergencial
2025-06-16,ING0164,3.5,2025-06-21,emergencial
2025-06-16,ING0203,5.5,2025-06-19,emergencial
2025-06-16,ING0206,179.5,2025-06-19,emergencial
2025-06-16,ING0215,95.0,2025-06-19,emergencial
2025-06-16,ING0236,222.5,2025-06-20,emergencial
2025-06-16,ING0238,2.0,2025-06-20,emergencial
2025-06-16,ING0240,4.99563629194922,2025-06-20,emergencial
2025-06-17,ING0002,1.0,2025-06-20,emergencial
2025-06-17,ING0028,17.0,2025-06-21,emergencial
2025-06-17,ING0035,3.5,2025-06-18,emergencial
2025-06-17,ING0076,168.88267838964876,2025-06-19,emergencial
2025-06-17,ING0098,1.5,2025-06-18,emergencial
2025-06-17,ING0104,2.0,2025-06-18,emergencial
2025-06-17,ING0115,2.5,2025-06-19,emergencial
2025-06-17,ING0122,33.0,2025-06-25,emergencial
2025-06-17,ING0126,25.0,2025-06-21,emergencial
2025-06-17,ING0128,1.0,2025-06-21,emergencial
2025-06-17,ING0131,2.5,2025-06-22,emergencial
2025-06-17,ING0132,8.5,2025-06-22,emergencial
2025-06-17,ING0160,6.0,2025-06-20,emergencial
2025-06-17,ING0164,3.5,2025-06-20,emergencial
2025-06-17,ING0203,6.0,2025-06-20,emergencial
2025-06-17,ING0206,192.5,2025-06-20,emergencial
2025-06-17,ING0221,29.0,2025-06-21,emergencial
2025-06-17,ING0230,54.5,2025-06-21,emergencial
2025-06-17,ING0236,195.5,2025-06-21,emergencial
2025-06-17,ING0238,2.0,2025-06-21,emergencial
2025-06-18,ING0002,1.0,2025-06-21,emergencial
2025-06-18,ING0028,19.0,2025-06-22,emergencial
2025-06-18,ING0098,1.5,2025-06-20,emergencial
2025-06-18,ING0115,2.5,2025-06-20,emergencial
2025-06-18,ING0122,34.0,2025-06-26,emergencial
2025-06-18,ING0126,27.0,2025-06-22,emergencial
2025-06-18,ING0128,1.0,2025-06-22,emergencial
2025-06-18,ING0132,8.0,2025-06-22,emergencial
2025-06-18,ING0160,6.5,2025-06-21,emergencial
2025-06-18,ING0164,3.8599226786475813,2025-06-21,emergencial
2025-06-18,ING0221,30.0,2025-06-23,emergencial
2025-06-18,ING0222,3.5,2025-06-22,emergencial
2025-06-18,ING0230,59.0,2025-06-22,emergencial
2025-06-18,ING0236,198.5,2025-06-22,emergencial
2025-06-18,ING0238,2.0,2025-06-22,emergencial
2025-06-19,ING0028,20.0,2025-06-23,emergencial
2025-06-19,ING0083,2.5,2025-06-22,emergencial
2025-06-19,ING0098,1.5,2025-06-20,emergencial
2025-06-19,ING0122,39.364020533847494,2025-06-27,emergencial
2025-06-19,ING0126,24.0,2025-06-23,emergencial
2025-06-19,ING0128,1.0,2025-06-23,emergencial
2025-06-19,ING0132,8.0,2025-06-23,emergencial
2025-06-19,ING0164,4.0,2025-06-22,emergencial
2025-06-19,ING0204,1.5,2025-06-22,emergencial
2025-06-19,ING0221,25.0,2025-06-23,emergencial
2025-06-19,ING0222,4.0,2025-06-26,emergencial
2025-06-19,ING0230,52.5,2025-06-23,emergencial
2025-06-19,ING0236,165.5,2025-06-23,emergencial
2025-06-19,ING0238,2.5,2025-06-23,emergencial
2025-06-20,ING0018,69.0,2025-06-23,sexta
2025-06-20,ING0019,519.0,2025-06-26,sexta
2025-06-20,ING0023,220.0,2025-06-23,sexta
2025-06-20,ING0024,10.0,2025-06-23,sexta
2025-06-20,ING0028,15.5,2025-06-25,sexta
2025-06-20,ING0029,1.0,2025-06-24,sexta
2025-06-20,ING0030,3.0,2025-06-24,sexta
2025-06-20,ING0036,0.5,2025-06-22,sexta
2025-06-20,ING0039,0.5,2025-06-21,sexta
2025-06-20,ING0043,9.62997801206256,2025-06-21,sexta
2025-06-20,ING0044,0.5,2025-06-21,sexta
2025-06-20,ING0046,0.5,2025-06-21,sexta
2025-06-20,ING0047,0.5,2025-06-21,sexta
2025-06-20,ING0049,42.30946917007536,2025-06-22,sexta
2025-06-20,ING0051,0.5,2025-06-26,sexta
2025-06-20,ING0055,0.5,2025-06-22,sexta
2025-06-20,ING0057,241.0,2025-06-22,sexta
2025-06-20,ING0060,3.0,2025-06-27,sexta
2025-06-20,ING0062,2.5,2025-06-24,sexta
2025-06-20,ING0068,0.5,2025-06-24,sexta
2025-06-20,ING0069,0.5,2025-06-25,sexta
2025-06-20,ING0071,0.5,2025-06-24,sexta
2025-06-20,ING0073,0.5,2025-06-24,sexta
2025-06-20,ING0078,8.0,2025-06-22,sexta
2025-06-20,ING0079,11.5,2025-06-22,sexta
2025-06-20,ING0081,20.5,2025-06-22,sexta
2025-06-20,ING0083,3.5,2025-06-22,sexta
2025-06-20,ING0084,40.0,2025-06-22,sexta
2025-06-20,ING0085,0.5,2025-06-22,sexta
2025-06-20,ING0086,137.5,2025-06-22,sexta
2025-06-20,ING0097,0.5,2025-06-22,sexta
2025-06-20,ING0098,0.4909020255239895,2025-06-21,sexta
2025-06-20,ING0100,0.5,2025-06-22,sexta
2025-06-20,ING0101,0.5,2025-06-21,sexta
2025-06-20,ING0103,0.5,2025-06-21,sexta
2025-06-20,ING0104,4.084709789527903,2025-06-21,sexta
2025-06-20,ING0106,1.5,2025-06-21,sexta
2025-06-20,ING0107,1.5,2025-06-22,sexta
2025-06-20,ING0114,0.5,2025-06-22,sexta
2025-06-20,ING0122,38.5,2025-06-28,sexta
2025-06-20,ING0126,29.0,2025-06-24,sexta
2025-06-20,ING0127,0.5,2025-06-28,sexta
2025-06-20,ING0128,0.5,2025-06-24,sexta
2025-06-20,ING0131,3.0,2025-06-24,sexta
2025-06-20,ING0132,14.009003316607398,2025-06-24,sexta
2025-06-20,ING0135,0.5,2025-06-27,sexta
2025-06-20,ING0137,0.5,2025-06-26,sexta
2025-06-20,ING0142,17.5,2025-06-24,sexta
2025-06-20,ING0145,0.5,2025-06-24,sexta
2025-06-20,ING0148,0.5,2025-06-24,sexta
2025-06-20,ING0151,1.0,2025-06-28,sexta
2025-06-20,ING0152,4.89737359458502,2025-06-23,sexta
2025-06-20,ING0163,1678.0,2025-06-21,sexta
2025-06-20,ING0164,2.0,2025-06-23,sexta
2025-06-20,ING0166,0.5,2025-06-25,sexta
2025-06-20,ING0190,33.5,2025-06-23,sexta
2025-06-20,ING0195,2.0,2025-06-23,sexta
2025-06-20,ING0199,0.5,2025-06-23,sexta
2025-06-20,ING0204,1.5,2025-06-23,sexta
2025-06-20,ING0211,82.0,2025-06-23,sexta
2025-06-20,ING0214,59.0,2025-06-23,sexta
2025-06-20,ING0218,70.0,2025-06-23,sexta
2025-06-20,ING0221,30.0,2025-06-24,sexta
2025-06-20,ING0222,4.0,2025-06-24,sexta
2025-06-20,ING0227,0.5,2025-06-24,sexta
2025-06-20,ING0230,63.0,2025-06-27,sexta
2025-06-20,ING0234,1.0,2025-06-24,sexta
2025-06-20,ING0237,0.5,2025-06-25,sexta
2025-06-20,ING0238,0.4837947550146557,2025-06-25,sexta
2025-06-20,ING0242,107.5,2025-06-24,sexta
2025-06-23,ING0007,1.0,2025-06-26,emergencial
2025-06-23,ING0019,564.0,2025-06-26,emergencial
2025-06-23,ING0070,25.0,2025-06-27,emergencial
2025-06-23,ING0234,1.0,2025-06-27,emergencial
2025-06-23,ING0242,127.0,2025-06-27,emergencial
2025-06-24,ING0007,1.0,2025-06-27,emergencial
2025-06-24,ING0010,275.0,2025-06-27,emergencial
2025-06-24,ING0019,462.0,2025-06-27,emergencial
2025-06-24,ING0052,39.0,2025-06-26,emergencial
2025-06-24,ING0070,22.59087044351574,2025-06-28,emergencial
2025-06-25,ING0007,1.0,2025-06-28,emergencial
2025-06-25,ING0010,283.0,2025-06-28,emergencial
2025-06-25,ING0019,456.0,2025-06-28,emergencial
2025-06-25,ING0052,35.0,2025-06-27,emergencial
2025-06-25,ING0070,23.0,2025-06-29,emergencial
2025-06-26,ING0010,303.0,2025-06-29,emergencial
2025-06-27,ING0001,0.5,2025-06-30,sexta
2025-06-27,ING0004,24.0,2025-06-30,sexta
2025-06-27,ING0009,2.5,2025-06-30,sexta
2025-06-27,ING0010,144.0,2025-07-01,sexta
2025-06-27,ING0011,0.5,2025-07-08,sexta
2025-06-27,ING0012,2.0,2025-06-30,sexta
2025-06-27,ING0018,42.5,2025-06-30,sexta
2025-06-27,ING0023,176.0,2025-06-30,sexta
2025-06-27,ING0024,9.0,2025-06-30,sexta
2025-06-27,ING0029,6.0,2025-07-01,sexta
2025-06-27,ING0035,1.5,2025-06-28,sexta
2025-06-27,ING0036,0.5,2025-06-28,sexta
2025-06-27,ING0037,1.0,2025-06-28,sexta
2025-06-27,ING0038,1.5,2025-06-28,sexta
2025-06-27,ING0039,0.5,2025-06-28,sexta
2025-06-27,ING0040,6.0,2025-06-28,sexta
2025-06-27,ING0041,0.5,2025-06-29,sexta
2025-06-27,ING0043,30.0,2025-06-28,sexta
2025-06-27,ING0047,1.0,2025-06-28,sexta
2025-06-27,ING0050,0.5,2025-06-30,sexta
2025-06-27,ING0054,0.5,2025-06-29,sexta
2025-06-27,ING0057,151.0,2025-06-29,sexta
2025-06-27,ING0060,55.63090706716793,2025-07-01,sexta
2025-06-27,ING0061,0.5,2025-07-01,sexta
2025-06-27,ING0062,1.5,2025-07-01,sexta
2025-06-27,ING0063,8.0,2025-07-01,sexta
2025-06-27,ING0069,11.5,2025-07-02,sexta
2025-06-27,ING0070,12.0,2025-07-01,sexta
2025-06-27,ING0071,11.0,2025-07-01,sexta
2025-06-27,ING0072,0.5,2025-07-01,sexta
2025-06-27,ING0078,3.5,2025-06-29,sexta
2025-06-27,ING0079,12.5,2025-06-29,sexta
2025-06-27,ING0081,18.0,2025-06-29,sexta
2025-06-27,ING0083,0.5,2025-07-02,sexta
2025-06-27,ING0085,0.5,2025-06-29,sexta
2025-06-27,ING0086,82.0,2025-06-30,sexta
2025-06-27,ING0091,10.5,2025-06-29,sexta
2025-06-27,ING0093,1.0,2025-07-01,sexta
2025-06-27,ING0097,0.5,2025-06-29,sexta
2025-06-27,ING0098,0.5,2025-06-28,sexta
2025-06-27,ING0102,2.0,2025-06-29,sexta
2025-06-27,ING0103,0.5,2025-06-28,sexta
2025-06-27,ING0106,1.0,2025-06-28,sexta
2025-06-27,ING0107,0.9019139468348666,2025-06-28,sexta
2025-06-27,ING0112,0.5,2025-06-28,sexta
2025-06-27,ING0113,0.5,2025-06-28,sexta
2025-06-27,ING0127,1.0,2025-07-05,sexta
2025-06-27,ING0149,0.5,2025-07-01,sexta
2025-06-27,ING0150,1.0,2025-06-30,sexta
2025-06-27,ING0151,1.0,2025-06-30,sexta
2025-06-27,ING0154,17.5,2025-06-30,sexta
2025-06-27,ING0156,0.5,2025-06-30,sexta
2025-06-27,ING0157,4.0,2025-06-30,sexta
2025-06-27,ING0163,1112.0,2025-06-28,sexta
2025-06-27,ING0166,1.0,2025-06-30,sexta
2025-06-27,ING0168,1.0,2025-06-30,sexta
2025-06-27,ING0188,44.0,2025-06-30,sexta
2025-06-27,ING0203,3.5,2025-06-30,sexta
2025-06-27,ING0211,37.0,2025-06-30,sexta
2025-06-27,ING0214,67.0,2025-06-30,sexta
2025-06-27,ING0215,44.44466089407977,2025-06-30,sexta
2025-06-27,ING0217,10.5,2025-07-04,sexta
2025-06-27,ING0218,40.5,2025-06-30,sexta
2025-06-27,ING0227,0.5,2025-07-12,sexta
2025-06-27,ING0233,0.5,2025-07-01,sexta
2025-06-27,ING0238,2.5,2025-07-01,sexta
2025-06-30,ING0029,6.5,2025-07-04,emergencial
2025-06-30,ING0034,6.515317256625438,2025-07-01,emergencial
2025-06-30,ING0069,13.910165604590476,2025-07-04,emergencial
2025-06-30,ING0071,19.5,2025-07-04,emergencial
2025-06-30,ING0217,22.5,2025-07-07,emergencial
2025-06-30,ING0238,1.5,2025-07-04,emergencial
2025-07-01,ING0069,14.0,2025-07-05,emergencial
2025-07-01,ING0142,59.36386991911793,2025-07-05,emergencial
2025-07-01,ING0217,23.5,2025-07-08,emergencial
2025-07-02,ING0142,71.58584313775985,2025-07-06,emergencial
2025-07-03,ING0094,3.0,2025-07-05,emergencial
2025-07-03,ING0142,69.83984696366815,2025-07-07,emergencial
2025-07-04,ING0004,26.5,2025-07-07,sexta
2025-07-04,ING0011,0.5,2025-07-07,sexta
2025-07-04,ING0016,0.5,2025-07-15,sexta
2025-07-04,ING0018,47.5,2025-07-07,sexta
2025-07-04,ING0023,170.0,2025-07-10,sexta
2025-07-04,ING0024,9.0,2025-07-07,sexta
2025-07-04,ING0035,1.0,2025-07-05,sexta
2025-07-04,ING0036,0.5,2025-07-05,sexta
2025-07-04,ING0037,1.0,2025-07-05,sexta
2025-07-04,ING0038,1.0,2025-07-05,sexta
2025-07-04,ING0039,0.5,2025-07-05,sexta
2025-07-04,ING0043,21.0,2025-07-06,sexta
2025-07-04,ING0047,0.5,2025-07-06,sexta
2025-07-04,ING0055,0.5,2025-07-06,sexta
2025-07-04,ING0056,0.45633706970185073,2025-07-06,sexta
2025-07-04,ING0057,188.0,2025-07-06,sexta
2025-07-04,ING0061,0.5,2025-07-08,sexta
2025-07-04,ING0062,2.0,2025-07-08,sexta
2025-07-04,ING0071,0.5,2025-07-11,sexta
2025-07-04,ING0072,0.5,2025-07-17,sexta
2025-07-04,ING0073,0.5,2025-07-08,sexta
2025-07-04,ING0078,4.5,2025-07-06,sexta
2025-07-04,ING0079,9.0,2025-07-06,sexta
2025-07-04,ING0081,13.0,2025-07-06,sexta
2025-07-04,ING0083,0.5,2025-07-06,sexta
2025-07-04,ING0085,0.5,2025-07-10,sexta
2025-07-04,ING0086,86.5,2025-07-07,sexta
2025-07-04,ING0090,4.5,2025-07-06,sexta
2025-07-04,ING0094,3.5,2025-07-06,sexta
2025-07-04,ING0097,0.5,2025-07-06,sexta
2025-07-04,ING0106,1.0,2025-07-07,sexta
2025-07-04,ING0107,1.0,2025-07-05,sexta
2025-07-04,ING0133,0.5,2025-07-08,sexta
2025-07-04,ING0134,0.5,2025-07-08,sexta
2025-07-04,ING0147,0.5,2025-07-09,sexta
2025-07-04,ING0156,0.5,2025-07-07,sexta
2025-07-04,ING0157,10.5,2025-07-07,sexta
2025-07-04,ING0163,1235.0,2025-07-05,sexta
2025-07-04,ING0166,1.0,2025-07-07,sexta
2025-07-04,ING0178,1.0,2025-07-07,sexta
2025-07-04,ING0188,37.0,2025-07-12,sexta
2025-07-04,ING0203,2.0,2025-07-07,sexta
2025-07-04,ING0214,38.0,2025-07-07,sexta
2025-07-04,ING0218,44.0,2025-07-07,sexta
2025-07-04,ING0220,5.5,2025-07-07,sexta
2025-07-04,ING0225,0.5,2025-07-16,sexta
2025-07-04,ING0227,1.0,2025-07-08,sexta
2025-07-04,ING0237,0.5,2025-07-08,sexta
2025-07-07,ING0023,300.0,2025-07-10,emergencial
2025-07-07,ING0062,6.5,2025-07-11,emergencial
2025-07-07,ING0100,2.0,2025-07-08,emergencial
2025-07-07,ING0157,24.090399961823312,2025-07-10,emergencial
2025-07-07,ING0188,57.0,2025-07-15,emergencial
2025-07-07,ING0238,1.5,2025-07-11,emergencial
2025-07-08,ING0023,364.0,2025-07-18,emergencial
2025-07-08,ING0188,66.0,2025-07-16,emergencial
2025-07-08,ING0238,1.5,2025-07-12,emergencial
2025-07-09,ING0023,412.0,2025-07-19,emergencial
2025-07-09,ING0188,80.0,2025-07-19,emergencial
2025-07-09,ING0203,3.5,2025-07-12,emergencial
2025-07-09,ING0238,2.0,2025-07-13,emergencial
2025-07-10,ING0030,22.5,2025-07-14,emergencial
2025-07-10,ING0188,92.0,2025-07-18,emergencial
2025-07-10,ING0238,2.0,2025-07-14,emergencial
2025-07-11,ING0001,1.0,2025-07-14,sexta
2025-07-11,ING0002,1.5308503942878144,2025-07-14,sexta
2025-07-11,ING0004,52.5,2025-07-14,sexta
2025-07-11,ING0008,11.5,2025-07-14,sexta
2025-07-11,ING0009,2.5,2025-07-15,sexta
2025-07-11,ING0010,25.0,2025-07-14,sexta
2025-07-11,ING0012,9.5,2025-07-14,sexta
2025-07-11,ING0018,282.7545895031439,2025-07-14,sexta
2025-07-11,ING0024,17.0,2025-07-14,sexta
2025-07-11,ING0029,1.0,2025-07-15,sexta
2025-07-11,ING0030,23.5,2025-07-15,sexta
2025-07-11,ING0033,1.0,2025-07-12,sexta
2025-07-11,ING0035,1.5,2025-07-13,sexta
2025-07-11,ING0036,0.5,2025-07-12,sexta
2025-07-11,ING0037,1.5,2025-07-12,sexta
2025-07-11,ING0038,2.5,2025-07-13,sexta
2025-07-11,ING0040,13.0,2025-07-14,sexta
2025-07-11,ING0043,34.0,2025-07-12,sexta
2025-07-11,ING0044,0.46763728253022957,2025-07-12,sexta
2025-07-11,ING0047,0.5,2025-07-13,sexta
2025-07-11,ING0053,0.5,2025-07-13,sexta
2025-07-11,ING0057,213.0,2025-07-14,sexta
2025-07-11,ING0061,1.0,2025-07-15,sexta
2025-07-11,ING0064,0.5,2025-07-15,sexta
2025-07-11,ING0071,63.88956817104916,2025-07-16,sexta
2025-07-11,ING0072,0.5,2025-07-15,sexta
2025-07-11,ING0078,5.0,2025-07-13,sexta
2025-07-11,ING0079,11.5,2025-07-13,sexta
2025-07-11,ING0083,0.5,2025-07-13,sexta
2025-07-11,ING0086,124.0,2025-07-13,sexta
2025-07-11,ING0091,15.5,2025-07-14,sexta
2025-07-11,ING0098,0.5,2025-07-12,sexta
2025-07-11,ING0100,1.0,2025-07-12,sexta
2025-07-11,ING0102,1.0,2025-07-13,sexta
2025-07-11,ING0103,0.44054634022407263,2025-07-13,sexta
2025-07-11,ING0106,3.0,2025-07-14,sexta
2025-07-11,ING0107,2.0,2025-07-12,sexta
2025-07-11,ING0109,0.5,2025-07-12,sexta
2025-07-11,ING0110,7.886947154378108,2025-07-15,sexta
2025-07-11,ING0111,2.5,2025-07-12,sexta
2025-07-11,ING0115,1.5,2025-07-12,sexta
2025-07-11,ING0116,1.5,2025-07-12,sexta
2025-07-11,ING0135,0.5,2025-07-16,sexta
2025-07-11,ING0137,0.5,2025-07-16,sexta
2025-07-11,ING0143,7.5,2025-07-15,sexta
2025-07-11,ING0150,0.5,2025-07-17,sexta
2025-07-11,ING0163,1662.0,2025-07-12,sexta
2025-07-11,ING0166,1.0,2025-07-14,sexta
2025-07-11,ING0178,113.0,2025-07-14,sexta
2025-07-11,ING0188,97.0,2025-07-19,sexta
2025-07-11,ING0190,19.5,2025-07-14,sexta
2025-07-11,ING0199,0.6032951801892201,2025-07-14,sexta
2025-07-11,ING0203,6.0,2025-07-14,sexta
2025-07-11,ING0211,99.0,2025-07-14,sexta
2025-07-11,ING0214,56.0,2025-07-14,sexta
2025-07-11,ING0218,170.6631888783843,2025-07-14,sexta
2025-07-11,ING0225,0.5,2025-07-15,sexta
2025-07-11,ING0227,0.5,2025-07-15,sexta
2025-07-11,ING0239,0.5,2025-07-15,sexta
2025-07-11,ING0241,0.5,2025-07-15,sexta
2025-07-14,ING0009,4.5,2025-07-17,emergencial
2025-07-14,ING0024,11.0,2025-07-17,emergencial
2025-07-14,ING0056,18.5,2025-07-16,emergencial
2025-07-14,ING0061,2.0,2025-07-18,emergencial
2025-07-14,ING0071,102.61051857774562,2025-07-19,emergencial
2025-07-14,ING0079,56.806092203390904,2025-07-16,emergencial
2025-07-14,ING0083,3.5,2025-07-16,emergencial
2025-07-14,ING0110,4.5,2025-07-15,emergencial
2025-07-14,ING0143,18.0,2025-07-18,emergencial
2025-07-14,ING0166,1.5,2025-07-18,emergencial
2025-07-14,ING0178,315.0,2025-07-17,emergencial
2025-07-14,ING0188,94.0,2025-07-17,emergencial
2025-07-14,ING0220,14.0,2025-07-17,emergencial
2025-07-14,ING0238,1.5,2025-07-18,emergencial
2025-07-15,ING0010,1466.0627763879165,2025-07-18,emergencial
2025-07-15,ING0024,63.44262611549077,2025-07-18,emergencial
2025-07-15,ING0047,1.5,2025-07-16,emergencial
2025-07-15,ING0056,22.5,2025-07-24,emergencial
2025-07-15,ING0079,63.69167913713525,2025-07-17,emergencial
2025-07-15,ING0083,4.0,2025-07-17,emergencial
2025-07-15,ING0084,311.4598532086437,2025-07-17,emergencial
2025-07-15,ING0166,2.0,2025-07-18,emergencial
2025-07-15,ING0178,399.0,2025-07-18,emergencial
2025-07-15,ING0220,16.5,2025-07-18,emergencial
2025-07-15,ING0238,2.0,2025-07-19,emergencial
2025-07-16,ING0024,65.48916244179692,2025-07-20,emergencial
2025-07-16,ING0052,74.5,2025-07-18,emergencial
2025-07-16,ING0084,315.61265125142563,2025-07-18,emergencial
2025-07-16,ING0143,15.5,2025-07-20,emergencial
2025-07-16,ING0166,2.0,2025-07-19,emergencial
2025-07-16,ING0178,411.0,2025-07-19,emergencial
2025-07-16,ING0220,16.5,2025-07-19,emergencial
2025-07-16,ING0238,2.0,2025-07-20,emergencial
2025-07-17,ING0052,85.5,2025-07-19,emergencial
2025-07-17,ING0143,19.5,2025-07-21,emergencial
2025-07-17,ING0166,2.0,2025-07-21,emergencial
2025-07-17,ING0238,2.0,2025-07-21,emergencial
2025-07-18,ING0001,1.0,2025-07-21,sexta
2025-07-18,ING0002,1.0,2025-07-21,sexta
2025-07-18,ING0004,83.5,2025-07-24,sexta
2025-07-18,ING0008,27.0,2025-07-21,sexta
2025-07-18,ING0012,10.0,2025-07-21,sexta
2025-07-18,ING0028,18.0,2025-07-22,sexta
2025-07-18,ING0029,8.5,2025-07-22,sexta
2025-07-18,ING0033,4.5,2025-07-20,sexta
2025-07-18,ING0035,2.5,2025-07-19,sexta
2025-07-18,ING0037,2.5,2025-07-19,sexta
2025-07-18,ING0042,0.5,2025-07-19,sexta
2025-07-18,ING0046,0.5,2025-07-19,sexta
2025-07-18,ING0047,0.5,2025-07-19,sexta
2025-07-18,ING0050,0.5,2025-07-20,sexta
2025-07-18,ING0051,0.5,2025-07-20,sexta
2025-07-18,ING0056,2.5,2025-07-25,sexta
2025-07-18,ING0057,318.0,2025-07-20,sexta
2025-07-18,ING0062,6.0,2025-07-23,sexta
2025-07-18,ING0070,22.0,2025-07-22,sexta
2025-07-18,ING0076,29.5,2025-07-20,sexta
2025-07-18,ING0078,7.5,2025-07-20,sexta
2025-07-18,ING0085,0.5,2025-07-20,sexta
2025-07-18,ING0086,154.0,2025-07-20,sexta
2025-07-18,ING0088,112.5,2025-07-20,sexta
2025-07-18,ING0090,11.5,2025-07-20,sexta
2025-07-18,ING0097,0.5,2025-07-20,sexta
2025-07-18,ING0100,0.5,2025-07-19,sexta
2025-07-18,ING0103,0.5,2025-07-21,sexta
2025-07-18,ING0106,1.5,2025-07-19,sexta
2025-07-18,ING0107,7.864866862798419,2025-07-19,sexta
2025-07-18,ING0108,0.5,2025-07-19,sexta
2025-07-18,ING0111,11.5,2025-07-20,sexta
2025-07-18,ING0115,2.5,2025-07-19,sexta
2025-07-18,ING0116,2.0,2025-07-19,sexta
2025-07-18,ING0125,1.5,2025-07-22,sexta
2025-07-18,ING0131,4.0,2025-07-30,sexta
2025-07-18,ING0150,0.4251530163764758,2025-07-21,sexta
2025-07-18,ING0160,5.5,2025-07-21,sexta
2025-07-18,ING0163,1991.0,2025-07-20,sexta
2025-07-18,ING0168,1.0,2025-07-21,sexta
2025-07-18,ING0175,2.0,2025-07-21,sexta
2025-07-18,ING0190,20.5,2025-07-22,sexta
2025-07-18,ING0203,2.5,2025-07-21,sexta
2025-07-18,ING0214,196.0,2025-07-21,sexta
2025-07-18,ING0224,8.5,2025-07-22,sexta
2025-07-18,ING0227,0.5,2025-07-22,sexta
2025-07-18,ING0228,2.0,2025-07-24,sexta
2025-07-18,ING0229,0.5,2025-07-22,sexta
2025-07-18,ING0233,0.5,2025-07-22,sexta
2025-07-18,ING0234,0.5,2025-07-22,sexta
2025-07-18,ING0240,1.0,2025-07-25,sexta
2025-07-21,ING0002,1.0,2025-07-24,emergencial
2025-07-21,ING0004,99.5,2025-07-24,emergencial
2025-07-21,ING0028,19.5,2025-07-25,emergencial
2025-07-21,ING0029,9.5,2025-07-25,emergencial
2025-07-21,ING0062,6.5,2025-07-25,emergencial
2025-07-21,ING0063,33.0,2025-07-25,emergencial
2025-07-21,ING0070,30.022349183070727,2025-07-25,emergencial
2025-07-21,ING0081,101.44783697246436,2025-07-24,emergencial
2025-07-21,ING0131,4.0,2025-07-25,emergencial
2025-07-21,ING0161,3.5,2025-07-24,emergencial
2025-07-21,ING0190,28.0,2025-07-24,emergencial
2025-07-21,ING0224,8.0,2025-07-29,emergencial
2025-07-22,ING0002,1.0,2025-07-25,emergencial
2025-07-22,ING0004,95.0,2025-07-25,emergencial
2025-07-22,ING0056,15.5,2025-07-29,emergencial
2025-07-22,ING0062,4.5,2025-07-26,emergencial
2025-07-22,ING0063,23.0,2025-07-26,emergencial
2025-07-22,ING0076,22.5,2025-07-24,emergencial
2025-07-22,ING0081,111.20243668135517,2025-07-24,emergencial
2025-07-22,ING0098,1.5,2025-07-23,emergencial
2025-07-22,ING0126,14.5,2025-07-26,emergencial
2025-07-22,ING0131,3.0,2025-07-26,emergencial
2025-07-22,ING0161,3.0,2025-07-25,emergencial
2025-07-22,ING0164,2.5,2025-08-01,emergencial
2025-07-22,ING0211,65.0,2025-07-25,emergencial
2025-07-22,ING0228,2.0,2025-07-28,emergencial
2025-07-23,ING0002,1.0,2025-07-27,emergencial
2025-07-23,ING0004,91.5,2025-07-26,emergencial
2025-07-23,ING0063,21.5,2025-07-28,emergencial
2025-07-23,ING0076,24.0,2025-07-25,emergencial
2025-07-23,ING0126,13.5,2025-07-27,emergencial
2025-07-23,ING0131,3.0,2025-07-27,emergencial
2025-07-23,ING0161,3.0,2025-07-26,emergencial
2025-07-23,ING0203,5.0,2025-07-26,emergencial
2025-07-23,ING0211,75.0,2025-07-26,emergencial
2025-07-23,ING0228,2.5,2025-07-29,emergencial
2025-07-24,ING0042,0.5,2025-07-25,emergencial
2025-07-24,ING0043,38.5,2025-07-25,emergencial
2025-07-24,ING0063,19.0,2025-07-28,emergencial
2025-07-24,ING0126,14.5,2025-07-28,emergencial
2025-07-24,ING0128,1.0,2025-07-29,emergencial
2025-07-24,ING0131,2.0,2025-07-28,emergencial
2025-07-24,ING0160,3.5,2025-07-27,emergencial
2025-07-24,ING0164,2.5,2025-07-27,emergencial
2025-07-24,ING0203,5.5,2025-07-27,emergencial
2025-07-24,ING0211,65.0,2025-07-27,emergencial
2025-07-24,ING0238,2.0,2025-07-28,emergencial
2025-07-25,ING0001,1.0,2025-08-02,sexta
2025-07-25,ING0008,12.5,2025-07-28,sexta
2025-07-25,ING0009,3.0,2025-07-28,sexta
2025-07-25,ING0012,5.5,2025-07-28,sexta
2025-07-25,ING0025,5.5,2025-07-28,sexta
2025-07-25,ING0028,0.5,2025-07-29,sexta
2025-07-25,ING0030,2.0,2025-07-31,sexta
2025-07-25,ING0033,2.0,2025-07-26,sexta
2025-07-25,ING0035,1.737102444476077,2025-07-26,sexta
2025-07-25,ING0036,1.0,2025-07-26,sexta
2025-07-25,ING0037,1.5,2025-07-26,sexta
2025-07-25,ING0039,0.5,2025-07-26,sexta
2025-07-25,ING0040,7.0,2025-07-26,sexta
2025-07-25,ING0042,0.5,2025-07-28,sexta
2025-07-25,ING0043,16.5,2025-07-28,sexta
2025-07-25,ING0044,0.5,2025-07-28,sexta
2025-07-25,ING0046,0.5,2025-07-27,sexta
2025-07-25,ING0047,0.5,2025-07-26,sexta
2025-07-25,ING0054,0.5,2025-07-27,sexta
2025-07-25,ING0057,135.0,2025-07-27,sexta
2025-07-25,ING0061,9.201719603639207,2025-07-29,sexta
2025-07-25,ING0068,0.5,2025-07-29,sexta
2025-07-25,ING0073,0.5,2025-07-29,sexta
2025-07-25,ING0074,1.5,2025-07-29,sexta
2025-07-25,ING0076,1.0,2025-07-27,sexta
2025-07-25,ING0078,5.5,2025-07-27,sexta
2025-07-25,ING0083,0.5,2025-07-29,sexta
2025-07-25,ING0085,0.5,2025-07-27,sexta
2025-07-25,ING0086,326.8675911958649,2025-07-29,sexta
2025-07-25,ING0091,13.5,2025-07-27,sexta
2025-07-25,ING0093,0.5,2025-07-27,sexta
2025-07-25,ING0095,10.5,2025-07-28,sexta
2025-07-25,ING0096,1.5,2025-07-28,sexta
2025-07-25,ING0097,0.5,2025-07-27,sexta
2025-07-25,ING0098,0.5,2025-07-26,sexta
2025-07-25,ING0100,0.5,2025-07-26,sexta
2025-07-25,ING0101,0.5,2025-07-26,sexta
2025-07-25,ING0102,1.0,2025-07-26,sexta
2025-07-25,ING0103,0.5,2025-07-26,sexta
2025-07-25,ING0106,1.5,2025-07-26,sexta
2025-07-25,ING0111,4.0,2025-07-26,sexta
2025-07-25,ING0113,0.5,2025-07-26,sexta
2025-07-25,ING0115,1.5,2025-07-26,sexta
2025-07-25,ING0116,1.0,2025-07-26,sexta
2025-07-25,ING0124,1.0,2025-07-29,sexta
2025-07-25,ING0126,14.5,2025-07-29,sexta
2025-07-25,ING0128,1.0,2025-07-29,sexta
2025-07-25,ING0132,10.5,2025-07-29,sexta
2025-07-25,ING0134,0.5,2025-08-01,sexta
2025-07-25,ING0136,0.5,2025-07-29,sexta
2025-07-25,ING0138,0.5,2025-07-29,sexta
2025-07-25,ING0147,0.5,2025-07-29,sexta
2025-07-25,ING0148,0.5,2025-07-29,sexta
2025-07-25,ING0150,0.5,2025-07-28,sexta
2025-07-25,ING0151,1.0,2025-07-28,sexta
2025-07-25,ING0154,17.0,2025-07-28,sexta
2025-07-25,ING0160,3.5,2025-07-28,sexta
2025-07-25,ING0163,896.0,2025-07-26,sexta
2025-07-25,ING0164,3.0,2025-07-28,sexta
2025-07-25,ING0165,2.0,2025-07-28,sexta
2025-07-25,ING0172,7.0,2025-07-28,sexta
2025-07-25,ING0175,11.5,2025-07-31,sexta
2025-07-25,ING0183,1.0,2025-07-28,sexta
2025-07-25,ING0199,0.5,2025-07-28,sexta
2025-07-25,ING0203,7.5,2025-07-28,sexta
2025-07-25,ING0211,36.0,2025-07-28,sexta
2025-07-25,ING0214,124.0,2025-07-28,sexta
2025-07-25,ING0217,11.0,2025-08-01,sexta
2025-07-25,ING0222,1.0,2025-07-29,sexta
2025-07-25,ING0224,2.0,2025-08-02,sexta
2025-07-25,ING0227,0.5,2025-07-29,sexta
2025-07-25,ING0228,1.0,2025-07-31,sexta
2025-07-25,ING0234,0.5,2025-07-29,sexta
2025-07-25,ING0237,0.5,2025-07-29,sexta
2025-07-25,ING0238,1.5,2025-07-29,sexta
2025-07-25,ING0239,0.5,2025-07-29,sexta
2025-07-25,ING0240,2.5,2025-08-10,sexta
2025-07-25,ING0242,52.0,2025-07-30,sexta
2025-07-28,ING0069,13.0,2025-08-01,emergencial
2025-07-28,ING0128,1.0,2025-08-01,emergencial
2025-07-28,ING0132,9.0,2025-08-01,emergencial
2025-07-28,ING0175,12.0,2025-07-31,emergencial
2025-07-28,ING0224,4.0,2025-08-01,emergencial
2025-07-28,ING0227,1.5,2025-08-01,emergencial
2025-07-28,ING0242,61.0,2025-08-01,emergencial
2025-07-28,ING0243,2.0,2025-08-01,emergencial
2025-07-29,ING0069,14.5,2025-08-02,emergencial
2025-07-29,ING0175,11.5,2025-08-01,emergencial
2025-07-29,ING0227,1.0,2025-08-02,emergencial
2025-07-29,ING0242,64.5,2025-08-02,emergencial
2025-07-29,ING0243,2.0,2025-08-02,emergencial
2025-07-30,ING0069,15.5,2025-08-03,emergencial
2025-07-30,ING0175,11.5,2025-08-02,emergencial
2025-07-30,ING0227,1.0,2025-08-03,emergencial
2025-07-30,ING0243,2.5,2025-08-04,emergencial
2025-07-31,ING0069,14.5,2025-08-04,emergencial
2025-07-31,ING0243,2.5,2025-08-04,emergencial
2025-08-01,ING0001,1.0,2025-08-09,sexta
2025-08-01,ING0002,1.0,2025-08-05,sexta
2025-08-01,ING0005,0.5,2025-08-08,sexta
2025-08-01,ING0007,0.5,2025-08-04,sexta
2025-08-01,ING0008,10.5,2025-08-04,sexta
2025-08-01,ING0009,3.0,2025-08-05,sexta
2025-08-01,ING0012,5.0,2025-08-04,sexta
2025-08-01,ING0015,156.0,2025-08-04,sexta
2025-08-01,ING0016,0.5,2025-08-12,sexta
2025-08-01,ING0025,12.5,2025-08-04,sexta
2025-08-01,ING0028,4.5,2025-08-08,sexta
2025-08-01,ING0029,0.5,2025-08-05,sexta
2025-08-01,ING0030,3.5,2025-08-05,sexta
2025-08-01,ING0033,2.5,2025-08-05,sexta
2025-08-01,ING0035,2.1831196687411376,2025-08-04,sexta
2025-08-01,ING0036,0.5,2025-08-02,sexta
2025-08-01,ING0037,1.5,2025-08-02,sexta
2025-08-01,ING0038,1.0,2025-08-03,sexta
2025-08-01,ING0039,0.5,2025-08-03,sexta
2025-08-01,ING0041,0.5,2025-08-02,sexta
2025-08-01,ING0043,20.5,2025-08-02,sexta
2025-08-01,ING0046,0.5,2025-08-02,sexta
2025-08-01,ING0047,0.5,2025-08-02,sexta
2025-08-01,ING0057,129.67059224262644,2025-08-03,sexta
2025-08-01,ING0069,5.0,2025-08-05,sexta
2025-08-01,ING0070,3.5,2025-08-05,sexta
2025-08-01,ING0076,4.5,2025-08-04,sexta
2025-08-01,ING0078,3.5,2025-08-03,sexta
2025-08-01,ING0085,0.5,2025-08-03,sexta
2025-08-01,ING0087,1.5,2025-08-03,sexta
2025-08-01,ING0088,55.5,2025-08-03,sexta
2025-08-01,ING0092,3.5,2025-08-03,sexta
2025-08-01,ING0093,2.0,2025-08-03,sexta
2025-08-01,ING0095,10.0,2025-08-03,sexta
2025-08-01,ING0098,0.5,2025-08-02,sexta
2025-08-01,ING0099,1.0,2025-08-02,sexta
2025-08-01,ING0100,0.5,2025-08-04,sexta
2025-08-01,ING0101,0.5,2025-08-02,sexta
2025-08-01,ING0103,0.5,2025-08-02,sexta
2025-08-01,ING0106,9.68324732699492,2025-08-02,sexta
2025-08-01,ING0109,0.5,2025-08-03,sexta
2025-08-01,ING0111,4.5,2025-08-02,sexta
2025-08-01,ING0115,2.5,2025-08-02,sexta
2025-08-01,ING0124,0.5,2025-08-05,sexta
2025-08-01,ING0133,0.5,2025-08-05,sexta
2025-08-01,ING0135,0.5,2025-08-05,sexta
2025-08-01,ING0137,0.5,2025-08-17,sexta
2025-08-01,ING0145,0.5,2025-08-09,sexta
2025-08-01,ING0146,1.0,2025-08-05,sexta
2025-08-01,ING0148,0.5,2025-08-14,sexta
2025-08-01,ING0154,15.0,2025-08-04,sexta
2025-08-01,ING0156,0.5,2025-08-05,sexta
2025-08-01,ING0165,2.0,2025-08-04,sexta
2025-08-01,ING0178,14.0,2025-08-04,sexta
2025-08-01,ING0207,1.0,2025-08-04,sexta
2025-08-01,ING0214,87.0,2025-08-05,sexta
2025-08-01,ING0222,2.0,2025-08-05,sexta
2025-08-01,ING0227,0.5,2025-08-05,sexta
2025-08-01,ING0229,0.543939990619436,2025-08-05,sexta
2025-08-01,ING0240,4.5,2025-08-05,sexta
2025-08-01,ING0241,0.5,2025-08-12,sexta
2025-08-01,ING0243,1.0,2025-08-05,sexta
2025-08-04,ING0002,6.0,2025-08-07,emergencial
2025-08-04,ING0025,20.0,2025-08-07,emergencial
2025-08-04,ING0222,3.0,2025-08-08,emergencial
2025-08-04,ING0240,4.5,2025-08-08,emergencial
2025-08-05,ING0025,20.0,2025-08-08,emergencial
2025-08-05,ING0028,13.5,2025-08-09,emergencial
2025-08-05,ING0087,1.5,2025-08-07,emergencial
2025-08-06,ING0002,24.394685518227202,2025-08-09,emergencial
2025-08-06,ING0025,34.0,2025-08-10,emergencial
2025-08-06,ING0087,2.5,2025-08-08,emergencial
2025-08-06,ING0093,3.5,2025-08-08,emergencial
2025-08-06,ING0102,2.0,2025-08-07,emergencial
2025-08-06,ING0154,29.0,2025-08-09,emergencial
2025-08-07,ING0093,4.5,2025-08-09,emergencial
2025-08-08,ING0001,1.0,2025-08-11,sexta
2025-08-08,ING0007,1.0,2025-08-11,sexta
2025-08-08,ING0008,25.0,2025-08-13,sexta
2025-08-08,ING0011,0.5,2025-08-11,sexta
2025-08-08,ING0012,8.188679198942678,2025-08-12,sexta
2025-08-08,ING0015,341.0,2025-08-11,sexta
2025-08-08,ING0017,1.5,2025-08-11,sexta
2025-08-08,ING0028,14.5,2025-08-12,sexta
2025-08-08,ING0030,13.0,2025-08-12,sexta
2025-08-08,ING0033,2.5,2025-08-10,sexta
2025-08-08,ING0036,0.5,2025-08-09,sexta
2025-08-08,ING0037,2.0,2025-08-09,sexta
2025-08-08,ING0038,2.0,2025-08-10,sexta
2025-08-08,ING0043,37.0,2025-08-09,sexta
2025-08-08,ING0046,0.5,2025-08-09,sexta
2025-08-08,ING0047,0.5,2025-08-09,sexta
2025-08-08,ING0051,0.5,2025-08-13,sexta
2025-08-08,ING0053,0.5,2025-08-10,sexta
2025-08-08,ING0055,0.5,2025-08-10,sexta
2025-08-08,ING0058,1.5,2025-08-10,sexta
2025-08-08,ING0067,0.5,2025-08-12,sexta
2025-08-08,ING0068,0.5,2025-08-17,sexta
2025-08-08,ING0070,17.0,2025-08-12,sexta
2025-08-08,ING0076,16.5,2025-08-10,sexta
2025-08-08,ING0078,6.0,2025-08-10,sexta
2025-08-08,ING0085,0.5,2025-08-10,sexta
2025-08-08,ING0088,63.5,2025-08-10,sexta
2025-08-08,ING0090,9.0,2025-08-10,sexta
2025-08-08,ING0091,18.0,2025-08-10,sexta
2025-08-08,ING0093,4.0,2025-08-10,sexta
2025-08-08,ING0097,0.5,2025-08-10,sexta
2025-08-08,ING0098,0.5,2025-08-09,sexta
2025-08-08,ING0100,0.5,2025-08-11,sexta
2025-08-08,ING0111,5.5,2025-08-09,sexta
2025-08-08,ING0115,3.5,2025-08-09,sexta
2025-08-08,ING0136,0.5,2025-08-14,sexta
2025-08-08,ING0137,0.5,2025-08-12,sexta
2025-08-08,ING0145,0.5,2025-08-18,sexta
2025-08-08,ING0148,0.5,2025-08-12,sexta
2025-08-08,ING0151,0.5,2025-08-11,sexta
2025-08-08,ING0154,46.5,2025-08-11,sexta
2025-08-08,ING0169,2.5,2025-08-11,sexta
2025-08-08,ING0174,27.0,2025-08-11,sexta
2025-08-08,ING0178,162.76255372368362,2025-08-11,sexta
2025-08-08,ING0189,1.0,2025-08-11,sexta
2025-08-08,ING0207,2.5,2025-08-11,sexta
2025-08-08,ING0214,89.0,2025-08-13,sexta
2025-08-08,ING0217,10.0,2025-08-18,sexta
2025-08-08,ING0233,0.5,2025-08-12,sexta
2025-08-08,ING0241,0.5,2025-08-14,sexta
2025-08-11,ING0008,37.5,2025-08-14,emergencial
2025-08-11,ING0028,21.0,2025-08-15,emergencial
2025-08-11,ING0030,28.5,2025-08-17,emergencial
2025-08-11,ING0083,3.0,2025-08-13,emergencial
2025-08-11,ING0128,3.676352029524155,2025-08-15,emergencial
2025-08-11,ING0160,3.0,2025-08-14,emergencial
2025-08-11,ING0238,2.0,2025-08-15,emergencial
2025-08-12,ING0008,37.0,2025-08-15,emergencial
2025-08-12,ING0076,30.5,2025-08-14,emergencial
2025-08-12,ING0083,3.5,2025-08-14,emergencial
2025-08-12,ING0128,3.676352029524155,2025-08-16,emergencial
2025-08-12,ING0160,3.7318982482582594,2025-08-15,emergencial
2025-08-12,ING0217,14.0,2025-08-21,emergencial
2025-08-12,ING0238,2.0,2025-08-16,emergencial
2025-08-13,ING0023,327.0,2025-08-16,emergencial
2025-08-13,ING0040,12.0,2025-08-14,emergencial
2025-08-13,ING0042,1.0,2025-08-14,emergencial
2025-08-13,ING0043,53.5,2025-08-14,emergencial
2025-08-13,ING0076,52.0,2025-08-17,emergencial
2025-08-13,ING0095,26.5,2025-08-16,emergencial
2025-08-13,ING0115,3.5,2025-08-14,emergencial
2025-08-13,ING0116,2.5,2025-08-16,emergencial
2025-08-13,ING0128,3.676352029524155,2025-08-23,emergencial
2025-08-13,ING0159,1071.0,2025-08-15,emergencial
2025-08-13,ING0160,3.0,2025-08-16,emergencial
2025-08-13,ING0217,15.5,2025-08-22,emergencial
2025-08-13,ING0238,2.5,2025-08-17,emergencial
2025-08-14,ING0023,332.0,2025-08-17,emergencial
2025-08-14,ING0095,27.5,2025-08-16,emergencial
2025-08-14,ING0116,2.5,2025-08-17,emergencial
2025-08-14,ING0128,3.676352029524155,2025-08-23,emergencial
2025-08-14,ING0159,978.5966783763033,2025-08-15,emergencial
2025-08-14,ING0238,2.5,2025-08-18,emergencial
2025-08-15,ING0001,1.0,2025-08-25,sexta
2025-08-15,ING0007,0.5,2025-08-19,sexta
2025-08-15,ING0010,1.0,2025-08-20,sexta
2025-08-15,ING0012,5.5,2025-08-18,sexta
2025-08-15,ING0015,388.05812975062423,2025-08-18,sexta
2025-08-15,ING0018,33.0,2025-08-18,sexta
2025-08-15,ING0019,311.0,2025-08-18,sexta
2025-08-15,ING0023,242.0,2025-08-18,sexta
2025-08-15,ING0027,2.5,2025-08-19,sexta
2025-08-15,ING0028,0.5693929858590566,2025-08-19,sexta
2025-08-15,ING0029,9.0,2025-08-19,sexta
2025-08-15,ING0030,14.5,2025-08-20,sexta
2025-08-15,ING0033,2.5,2025-08-18,sexta
2025-08-15,ING0038,2.950672685766014,2025-08-17,sexta
2025-08-15,ING0039,0.5,2025-08-16,sexta
2025-08-15,ING0043,26.5,2025-08-16,sexta
2025-08-15,ING0046,0.5,2025-08-16,sexta
2025-08-15,ING0047,0.5,2025-08-16,sexta
2025-08-15,ING0050,0.5,2025-08-17,sexta
2025-08-15,ING0057,111.0,2025-08-18,sexta
2025-08-15,ING0062,3.0,2025-08-19,sexta
2025-08-15,ING0064,0.5,2025-08-19,sexta
2025-08-15,ING0066,145.5,2025-08-26,sexta
2025-08-15,ING0067,0.5,2025-08-26,sexta
2025-08-15,ING0069,3.0,2025-08-19,sexta
2025-08-15,ING0070,16.5,2025-08-19,sexta
2025-08-15,ING0073,0.5,2025-08-19,sexta
2025-08-15,ING0076,64.20307052495819,2025-08-17,sexta
2025-08-15,ING0078,7.5,2025-08-17,sexta
2025-08-15,ING0088,89.5,2025-08-17,sexta
2025-08-15,ING0089,6.0,2025-08-17,sexta
2025-08-15,ING0093,0.5,2025-08-17,sexta
2025-08-15,ING0095,16.39275375961042,2025-08-17,sexta
2025-08-15,ING0097,0.5,2025-08-17,sexta
2025-08-15,ING0098,1.5,2025-08-16,sexta
2025-08-15,ING0100,1.5,2025-08-16,sexta
2025-08-15,ING0101,0.5,2025-08-17,sexta
2025-08-15,ING0102,1.0,2025-08-16,sexta
2025-08-15,ING0103,0.5,2025-08-18,sexta
2025-08-15,ING0108,0.5,2025-08-16,sexta
2025-08-15,ING0111,6.0,2025-08-16,sexta
2025-08-15,ING0112,0.5,2025-08-16,sexta
2025-08-15,ING0116,2.0,2025-08-18,sexta
2025-08-15,ING0124,1.5,2025-08-22,sexta
2025-08-15,ING0129,1.5,2025-08-19,sexta
2025-08-15,ING0134,0.5,2025-08-19,sexta
2025-08-15,ING0137,0.5,2025-08-19,sexta
2025-08-15,ING0143,12.5,2025-08-19,sexta
2025-08-15,ING0145,0.5471078838112978,2025-08-19,sexta
2025-08-15,ING0147,0.5,2025-08-19,sexta
2025-08-15,ING0161,5.0,2025-08-18,sexta
2025-08-15,ING0164,3.5,2025-08-18,sexta
2025-08-15,ING0166,0.5,2025-08-18,sexta
2025-08-15,ING0169,2.0,2025-08-18,sexta
2025-08-15,ING0174,16.0,2025-08-18,sexta
2025-08-15,ING0183,1.0,2025-08-18,sexta
2025-08-15,ING0189,1.5,2025-08-18,sexta
2025-08-15,ING0190,22.0,2025-08-18,sexta
2025-08-15,ING0194,0.5,2025-08-19,sexta
2025-08-15,ING0214,96.0,2025-08-18,sexta
2025-08-15,ING0217,12.0,2025-08-23,sexta
2025-08-15,ING0218,59.5,2025-08-18,sexta
2025-08-15,ING0225,0.5656651159452477,2025-08-19,sexta
2025-08-15,ING0227,0.5,2025-08-19,sexta
2025-08-15,ING0231,1.0,2025-08-19,sexta
2025-08-15,ING0237,0.5,2025-08-19,sexta
2025-08-15,ING0238,0.5,2025-08-19,sexta
2025-08-15,ING0240,0.5,2025-08-19,sexta
2025-08-18,ING0007,0.5,2025-08-23,emergencial
2025-08-18,ING0027,7.158151137236224,2025-08-22,emergencial
2025-08-18,ING0028,10.5,2025-08-22,emergencial
2025-08-18,ING0029,5.5,2025-08-22,emergencial
2025-08-18,ING0062,4.0,2025-08-22,emergencial
2025-08-18,ING0066,145.0,2025-08-23,emergencial
2025-08-18,ING0069,8.0,2025-08-22,emergencial
2025-08-18,ING0070,19.0,2025-08-22,emergencial
2025-08-18,ING0098,1.5,2025-08-19,emergencial
2025-08-18,ING0124,1.0,2025-08-22,emergencial
2025-08-18,ING0129,2.0,2025-08-22,emergencial
2025-08-18,ING0143,10.5,2025-08-22,emergencial
2025-08-18,ING0194,0.5,2025-08-21,emergencial
2025-08-18,ING0224,16.228433924384067,2025-08-22,emergencial
2025-08-18,ING0231,1.0,2025-08-22,emergencial
2025-08-19,ING0028,10.5,2025-08-23,emergencial
2025-08-19,ING0034,2.0,2025-08-20,emergencial
2025-08-19,ING0037,1.5,2025-08-20,emergencial
2025-08-19,ING0066,157.32152422384794,2025-08-23,emergencial
2025-08-19,ING0124,1.0,2025-08-23,emergencial
2025-08-20,ING0028,11.0,2025-08-24,emergencial
2025-08-20,ING0066,159.0,2025-08-24,emergencial
2025-08-20,ING0124,1.0,2025-08-24,emergencial
2025-08-20,ING0174,12.0,2025-08-23,emergencial
2025-08-20,ING0207,2.5,2025-08-24,emergencial
2025-08-21,ING0066,193.0,2025-08-25,emergencial
2025-08-21,ING0124,1.5,2025-08-25,emergencial
2025-08-21,ING0174,37.21470245118518,2025-08-24,emergencial
2025-08-21,ING0207,2.5,2025-08-24,emergencial
2025-08-22,ING0001,1.7655067138958915,2025-08-25,sexta
2025-08-22,ING0005,0.5,2025-08-25,sexta
2025-08-22,ING0007,0.5,2025-08-25,sexta
2025-08-22,ING0010,174.0,2025-08-25,sexta
2025-08-22,ING0012,4.5,2025-08-25,sexta
2025-08-22,ING0015,200.0,2025-08-25,sexta
2025-08-22,ING0018,36.0,2025-08-27,sexta
2025-08-22,ING0019,149.0,2025-08-25,sexta
2025-08-22,ING0025,7.5,2025-08-25,sexta
2025-08-22,ING0028,8.0,2025-08-26,sexta
2025-08-22,ING0037,1.0,2025-08-25,sexta
2025-08-22,ING0038,1.0,2025-08-25,sexta
2025-08-22,ING0039,0.5,2025-08-25,sexta
2025-08-22,ING0042,0.5,2025-08-23,sexta
2025-08-22,ING0043,27.5,2025-08-24,sexta
2025-08-22,ING0044,0.5,2025-08-23,sexta
2025-08-22,ING0047,0.5,2025-08-23,sexta
2025-08-22,ING0052,27.5,2025-08-24,sexta
2025-08-22,ING0054,0.5,2025-08-24,sexta
2025-08-22,ING0057,148.0,2025-08-24,sexta
2025-08-22,ING0061,1.5,2025-08-26,sexta
2025-08-22,ING0066,219.0,2025-08-26,sexta
2025-08-22,ING0067,0.5,2025-08-26,sexta
2025-08-22,ING0069,6.5,2025-08-29,sexta
2025-08-22,ING0070,0.5,2025-08-26,sexta
2025-08-22,ING0072,0.5,2025-08-26,sexta
2025-08-22,ING0075,1.5,2025-08-24,sexta
2025-08-22,ING0085,0.5,2025-08-24,sexta
2025-08-22,ING0087,4.46716731109327,2025-08-24,sexta
2025-08-22,ING0088,66.0,2025-08-24,sexta
2025-08-22,ING0089,15.0,2025-08-27,sexta
2025-08-22,ING0090,6.5,2025-08-24,sexta
2025-08-22,ING0091,9.0,2025-08-24,sexta
2025-08-22,ING0093,2.0,2025-08-24,sexta
2025-08-22,ING0094,3.5,2025-08-26,sexta
2025-08-22,ING0096,1.5,2025-08-24,sexta
2025-08-22,ING0098,0.5,2025-08-23,sexta
2025-08-22,ING0100,1.5,2025-08-23,sexta
2025-08-22,ING0103,0.5,2025-08-23,sexta
2025-08-22,ING0111,3.0,2025-08-23,sexta
2025-08-22,ING0127,0.5,2025-08-27,sexta
2025-08-22,ING0133,0.5,2025-09-05,sexta
2025-08-22,ING0135,0.5,2025-08-26,sexta
2025-08-22,ING0138,0.4444534535386443,2025-08-26,sexta
2025-08-22,ING0150,0.5,2025-08-25,sexta
2025-08-22,ING0151,1.0,2025-08-25,sexta
2025-08-22,ING0159,35.0,2025-08-25,sexta
2025-08-22,ING0161,1.0,2025-08-25,sexta
2025-08-22,ING0163,302.0,2025-08-23,sexta
2025-08-22,ING0164,1.0,2025-08-25,sexta
2025-08-22,ING0165,0.5,2025-08-25,sexta
2025-08-22,ING0166,0.5,2025-08-25,sexta
2025-08-22,ING0168,1.5,2025-08-25,sexta
2025-08-22,ING0169,1.2469890577073897,2025-08-25,sexta
2025-08-22,ING0174,40.63146295138965,2025-08-26,sexta
2025-08-22,ING0189,1.0,2025-08-25,sexta
2025-08-22,ING0190,12.5,2025-08-25,sexta
2025-08-22,ING0194,0.5,2025-08-25,sexta
2025-08-22,ING0195,1.0,2025-08-25,sexta
2025-08-22,ING0199,0.5,2025-08-25,sexta
2025-08-22,ING0202,15.0,2025-08-25,sexta
2025-08-22,ING0203,1.0,2025-08-25,sexta
2025-08-22,ING0207,2.5,2025-08-25,sexta
2025-08-22,ING0211,75.0,2025-08-25,sexta
2025-08-22,ING0214,62.0,2025-08-25,sexta
2025-08-22,ING0215,26.0,2025-08-25,sexta
2025-08-22,ING0218,43.0,2025-08-25,sexta
2025-08-22,ING0227,0.5,2025-08-26,sexta
2025-08-22,ING0228,1.5,2025-08-28,sexta
2025-08-22,ING0229,0.5,2025-08-30,sexta
2025-08-22,ING0240,2.0,2025-08-26,sexta
2025-08-22,ING0242,54.5,2025-08-27,sexta
2025-08-25,ING0018,48.5,2025-08-28,emergencial
2025-08-25,ING0089,23.0,2025-08-27,emergencial
2025-08-26,ING0018,55.0,2025-08-29,emergencial
2025-08-26,ING0089,24.0,2025-08-28,emergencial
2025-08-26,ING0122,31.5,2025-08-30,emergencial
2025-08-27,ING0122,29.5,2025-08-31,emergencial
2025-08-28,ING0122,26.0,2025-09-01,emergencial
2025-08-28,ING0175,24.0,2025-08-31,emergencial
2025-08-29,ING0010,208.0,2025-09-01,sexta
2025-08-29,ING0012,7.304656955365552,2025-09-04,sexta
2025-08-29,ING0015,167.0,2025-09-01,sexta
2025-08-29,ING0016,0.5,2025-09-01,sexta
2025-08-29,ING0025,5.5,2025-09-01,sexta
2025-08-29,ING0029,1.0,2025-09-02,sexta
2025-08-29,ING0036,0.5,2025-08-30,sexta
2025-08-29,ING0037,0.5,2025-08-30,sexta
2025-08-29,ING0040,6.0,2025-08-30,sexta
2025-08-29,ING0042,0.5,2025-09-02,sexta
2025-08-29,ING0043,27.5,2025-08-30,sexta
2025-08-29,ING0053,0.5,2025-09-01,sexta
2025-08-29,ING0055,0.5,2025-08-31,sexta
2025-08-29,ING0057,130.0,2025-08-31,sexta
2025-08-29,ING0061,1.0,2025-09-02,sexta
2025-08-29,ING0062,3.0,2025-09-02,sexta
2025-08-29,ING0069,9.0,2025-09-02,sexta
2025-08-29,ING0070,22.0,2025-09-02,sexta
2025-08-29,ING0075,1.5,2025-09-02,sexta
2025-08-29,ING0083,0.5,2025-08-31,sexta
2025-08-29,ING0085,0.5,2025-08-31,sexta
2025-08-29,ING0093,2.0,2025-08-31,sexta
2025-08-29,ING0096,1.5,2025-08-31,sexta
2025-08-29,ING0097,0.5,2025-08-31,sexta
2025-08-29,ING0098,0.5,2025-08-31,sexta
2025-08-29,ING0100,0.5,2025-08-30,sexta
2025-08-29,ING0104,1.5,2025-08-30,sexta
2025-08-29,ING0109,0.5,2025-08-30,sexta
2025-08-29,ING0111,2.0,2025-08-30,sexta
2025-08-29,ING0113,0.5,2025-08-30,sexta
2025-08-29,ING0115,1.5,2025-09-02,sexta
2025-08-29,ING0122,25.5,2025-09-04,sexta
2025-08-29,ING0129,1.0,2025-09-02,sexta
2025-08-29,ING0133,0.5,2025-09-02,sexta
2025-08-29,ING0149,0.5,2025-09-02,sexta
2025-08-29,ING0150,0.5,2025-09-09,sexta
2025-08-29,ING0156,0.4760825735835666,2025-09-08,sexta
2025-08-29,ING0159,358.0,2025-08-30,sexta
2025-08-29,ING0161,1.0,2025-09-01,sexta
2025-08-29,ING0163,699.0,2025-08-30,sexta
2025-08-29,ING0164,1.0,2025-09-01,sexta
2025-08-29,ING0166,0.5,2025-09-01,sexta
2025-08-29,ING0169,0.5,2025-09-02,sexta
2025-08-29,ING0175,21.5,2025-09-01,sexta
2025-08-29,ING0183,1.5,2025-09-04,sexta
2025-08-29,ING0202,21.0,2025-09-01,sexta
2025-08-29,ING0211,32.0,2025-09-01,sexta
2025-08-29,ING0215,35.52496517582313,2025-09-01,sexta
2025-08-29,ING0218,31.5,2025-09-01,sexta
2025-08-29,ING0229,0.5,2025-09-02,sexta
2025-08-29,ING0231,0.5,2025-09-02,sexta
2025-08-29,ING0233,0.5,2025-09-03,sexta
2025-08-29,ING0240,2.5,2025-09-02,sexta
2025-09-01,ING0062,3.0,2025-09-05,emergencial
2025-09-01,ING0069,15.5,2025-09-05,emergencial
2025-09-01,ING0070,42.0,2025-09-05,emergencial
2025-09-01,ING0075,2.0,2025-09-03,emergencial
2025-09-01,ING0169,2.5,2025-09-04,emergencial
2025-09-01,ING0183,2.5,2025-09-04,emergencial
2025-09-01,ING0203,5.5,2025-09-04,emergencial
2025-09-01,ING0240,5.5,2025-09-05,emergencial
2025-09-02,ING0104,2.0,2025-09-04,emergencial
2025-09-02,ING0183,2.5,2025-09-05,emergencial
2025-09-02,ING0203,5.0,2025-09-05,emergencial
2025-09-03,ING0034,2.0,2025-09-04,emergencial
2025-09-03,ING0035,3.5,2025-09-04,emergencial
2025-09-03,ING0043,45.0,2025-09-04,emergencial
2025-09-03,ING0069,11.5,2025-09-07,emergencial
2025-09-03,ING0086,91.5,2025-09-05,emergencial
2025-09-03,ING0104,2.0,2025-09-05,emergencial
2025-09-03,ING0169,2.5,2025-09-06,emergencial
2025-09-03,ING0183,2.0,2025-09-06,emergencial
2025-09-03,ING0189,1.5,2025-09-06,emergencial
2025-09-03,ING0194,1.0,2025-09-06,emergencial
2025-09-03,ING0203,6.0,2025-09-06,emergencial
2025-09-03,ING0207,5.5,2025-09-06,emergencial
2025-09-04,ING0037,2.5,2025-09-05,emergencial
2025-09-04,ING0069,13.5,2025-09-08,emergencial
2025-09-04,ING0086,112.5,2025-09-07,emergencial
2025-09-04,ING0189,1.5,2025-09-07,emergencial
2025-09-04,ING0194,1.0,2025-09-07,emergencial
2025-09-04,ING0207,5.0,2025-09-07,emergencial
2025-09-04,ING0240,7.0,2025-09-08,emergencial
2025-09-05,ING0002,3.5,2025-09-08,sexta
2025-09-05,ING0004,46.0,2025-09-10,sexta
2025-09-05,ING0010,326.0,2025-09-08,sexta
2025-09-05,ING0011,1.1976669822546395,2025-09-12,sexta
2025-09-05,ING0015,329.0,2025-09-08,sexta
2025-09-05,ING0025,13.0,2025-09-09,sexta
2025-09-05,ING0028,0.5,2025-09-09,sexta
2025-09-05,ING0029,2.5,2025-09-09,sexta
2025-09-05,ING0035,1.0,2025-09-06,sexta
2025-09-05,ING0036,0.5,2025-09-08,sexta
2025-09-05,ING0038,2.5,2025-09-07,sexta
2025-09-05,ING0040,8.5,2025-09-06,sexta
2025-09-05,ING0043,18.5,2025-09-06,sexta
2025-09-05,ING0051,0.5,2025-09-07,sexta
2025-09-05,ING0057,202.0,2025-09-13,sexta
2025-09-05,ING0061,4.5,2025-09-09,sexta
2025-09-05,ING0062,1.0,2025-09-09,sexta
2025-09-05,ING0069,1.220854013397608,2025-09-09,sexta
2025-09-05,ING0072,0.5,2025-09-09,sexta
2025-09-05,ING0073,0.48522719294968575,2025-09-09,sexta
2025-09-05,ING0083,2.0,2025-09-07,sexta
2025-09-05,ING0086,43.5,2025-09-07,sexta
2025-09-05,ING0090,8.0,2025-09-08,sexta
2025-09-05,ING0091,8.5,2025-09-07,sexta
2025-09-05,ING0092,7.5,2025-09-12,sexta
2025-09-05,ING0093,3.5,2025-09-08,sexta
2025-09-05,ING0094,3.0,2025-09-07,sexta
2025-09-05,ING0096,2.5,2025-09-07,sexta
2025-09-05,ING0098,0.5,2025-09-07,sexta
2025-09-05,ING0100,0.5,2025-09-07,sexta
2025-09-05,ING0102,1.5,2025-09-06,sexta
2025-09-05,ING0108,0.5,2025-09-06,sexta
2025-09-05,ING0111,7.0,2025-09-06,sexta
2025-09-05,ING0114,0.5,2025-09-08,sexta
2025-09-05,ING0115,1.5,2025-09-06,sexta
2025-09-05,ING0125,1.5,2025-09-18,sexta
2025-09-05,ING0134,0.5,2025-09-09,sexta
2025-09-05,ING0136,0.5,2025-09-10,sexta
2025-09-05,ING0147,0.5,2025-09-09,sexta
2025-09-05,ING0148,0.45194398721799967,2025-09-09,sexta
2025-09-05,ING0154,25.5,2025-09-09,sexta
2025-09-05,ING0156,0.5,2025-09-11,sexta
2025-09-05,ING0159,872.8121753145681,2025-09-06,sexta
2025-09-05,ING0163,1211.0,2025-09-06,sexta
2025-09-05,ING0164,4.0,2025-09-08,sexta
2025-09-05,ING0165,3.0,2025-09-08,sexta
2025-09-05,ING0166,1.0,2025-09-08,sexta
2025-09-05,ING0189,1.5,2025-09-08,sexta
2025-09-05,ING0190,26.5,2025-09-08,sexta
2025-09-05,ING0194,1.0,2025-09-08,sexta
2025-09-05,ING0195,1.5,2025-09-08,sexta
2025-09-05,ING0199,0.5,2025-09-08,sexta
2025-09-05,ING0202,64.60462256087078,2025-09-08,sexta
2025-09-05,ING0207,5.0,2025-09-08,sexta
2025-09-05,ING0214,211.0,2025-09-14,sexta
2025-09-05,ING0215,63.0,2025-09-09,sexta
2025-09-05,ING0218,67.5,2025-09-09,sexta
2025-09-05,ING0225,0.5,2025-09-09,sexta
2025-09-05,ING0228,1.5,2025-09-14,sexta
2025-09-05,ING0231,0.9391004326567757,2025-09-09,sexta
2025-09-05,ING0237,0.5,2025-09-09,sexta
2025-09-05,ING0240,0.5,2025-09-09,sexta
2025-09-05,ING0242,54.5,2025-09-09,sexta
2025-09-05,ING0244,0.5,2025-09-09,sexta
2025-09-08,ING0025,19.5,2025-09-11,emergencial
2025-09-08,ING0035,2.0,2025-09-09,emergencial
2025-09-08,ING0057,276.0,2025-09-10,emergencial
2025-09-08,ING0061,4.5,2025-09-12,emergencial
2025-09-08,ING0154,35.0,2025-09-13,emergencial
2025-09-08,ING0214,204.0,2025-09-17,emergencial
2025-09-08,ING0215,97.5,2025-09-11,emergencial
2025-09-08,ING0218,103.5,2025-09-11,emergencial
2025-09-08,ING0228,2.5,2025-09-14,emergencial
2025-09-08,ING0231,1.5,2025-09-12,emergencial
2025-09-09,ING0043,47.57941737716693,2025-09-10,emergencial
2025-09-09,ING0057,264.0,2025-09-11,emergencial
2025-09-09,ING0092,20.5,2025-09-11,emergencial
2025-09-09,ING0214,182.0,2025-09-12,emergencial
2025-09-09,ING0228,3.0,2025-09-15,emergencial
2025-09-09,ING0243,2.0,2025-09-13,emergencial
2025-09-10,ING0092,27.5,2025-09-12,emergencial
2025-09-10,ING0214,182.0,2025-09-13,emergencial
2025-09-10,ING0218,88.0,2025-09-13,emergencial
2025-09-10,ING0228,3.0,2025-09-16,emergencial
2025-09-10,ING0243,2.0,2025-09-14,emergencial
2025-09-11,ING0132,8.0,2025-09-15,emergencial
2025-09-11,ING0181,5.0,2025-09-14,emergencial
2025-09-11,ING0214,194.0,2025-09-14,emergencial
2025-09-11,ING0228,3.0,2025-09-17,emergencial
2025-09-11,ING0243,3.5,2025-09-16,emergencial
2025-09-12,ING0002,5.5,2025-09-15,sexta
2025-09-12,ING0005,0.47839053832366846,2025-09-15,sexta
2025-09-12,ING0007,0.5,2025-09-15,sexta
2025-09-12,ING0015,401.0,2025-09-19,sexta
2025-09-12,ING0018,282.0648202282346,2025-09-18,sexta
2025-09-12,ING0023,236.0,2025-09-15,sexta
2025-09-12,ING0029,8.0,2025-09-17,sexta
2025-09-12,ING0034,2.0,2025-09-13,sexta
2025-09-12,ING0035,1.5,2025-09-13,sexta
2025-09-12,ING0037,2.0,2025-09-13,sexta
2025-09-12,ING0038,3.0,2025-09-13,sexta
2025-09-12,ING0039,0.5,2025-09-13,sexta
2025-09-12,ING0041,0.5,2025-09-14,sexta
2025-09-12,ING0042,1.0,2025-09-13,sexta
2025-09-12,ING0043,17.0,2025-09-13,sexta
2025-09-12,ING0044,0.5,2025-09-14,sexta
2025-09-12,ING0046,0.5,2025-09-16,sexta
2025-09-12,ING0047,0.5,2025-09-13,sexta
2025-09-12,ING0050,0.5,2025-09-14,sexta
2025-09-12,ING0052,64.5,2025-09-14,sexta
2025-09-12,ING0062,2.5,2025-09-16,sexta
2025-09-12,ING0064,0.5,2025-09-16,sexta
2025-09-12,ING0068,0.5,2025-09-16,sexta
2025-09-12,ING0070,25.0,2025-09-16,sexta
2025-09-12,ING0076,29.5,2025-09-14,sexta
2025-09-12,ING0083,2.0,2025-09-15,sexta
2025-09-12,ING0085,0.5,2025-09-15,sexta
2025-09-12,ING0086,78.5,2025-09-15,sexta
2025-09-12,ING0087,8.753511273718733,2025-09-14,sexta
2025-09-12,ING0095,20.5,2025-09-14,sexta
2025-09-12,ING0096,4.5,2025-09-14,sexta
2025-09-12,ING0098,0.5,2025-09-13,sexta
2025-09-12,ING0103,0.5,2025-09-13,sexta
2025-09-12,ING0111,8.0,2025-09-13,sexta
2025-09-12,ING0112,0.5,2025-09-13,sexta
2025-09-12,ING0115,3.0,2025-09-13,sexta
2025-09-12,ING0125,2.0,2025-09-16,sexta
2025-09-12,ING0132,10.5,2025-09-16,sexta
2025-09-12,ING0138,0.5,2025-09-16,sexta
2025-09-12,ING0143,12.5,2025-09-16,sexta
2025-09-12,ING0151,1.0,2025-09-18,sexta
2025-09-12,ING0159,960.0,2025-09-13,sexta
2025-09-12,ING0163,1474.0,2025-09-13,sexta
2025-09-12,ING0164,6.0,2025-09-15,sexta
2025-09-12,ING0165,3.0,2025-09-15,sexta
2025-09-12,ING0169,0.5,2025-09-15,sexta
2025-09-12,ING0181,4.0,2025-09-15,sexta
2025-09-12,ING0188,41.0,2025-09-15,sexta
2025-09-12,ING0190,10.5,2025-09-15,sexta
2025-09-12,ING0218,52.0,2025-09-15,sexta
2025-09-12,ING0220,11.0,2025-09-15,sexta
2025-09-12,ING0227,0.5,2025-09-17,sexta
2025-09-12,ING0228,3.5,2025-09-18,sexta
2025-09-12,ING0243,4.0,2025-09-17,sexta
2025-09-15,ING0015,645.0,2025-09-19,emergencial
2025-09-15,ING0029,13.5,2025-09-19,emergencial
2025-09-15,ING0040,12.5,2025-09-16,emergencial
2025-09-15,ING0059,3.5,2025-09-19,emergencial
2025-09-15,ING0091,18.0,2025-09-17,emergencial
2025-09-15,ING0143,14.5,2025-09-19,emergencial
2025-09-15,ING0161,5.0,2025-09-21,emergencial
2025-09-15,ING0175,21.0,2025-09-18,emergencial
2025-09-16,ING0015,710.0,2025-09-19,emergencial
2025-09-16,ING0029,14.0,2025-09-20,emergencial
2025-09-16,ING0059,4.0,2025-09-20,emergencial
2025-09-16,ING0091,20.5,2025-09-18,emergencial
2025-09-16,ING0161,6.0,2025-09-22,emergencial
2025-09-16,ING0175,24.0,2025-09-19,emergencial
2025-09-17,ING0015,607.0,2025-09-20,emergencial
2025-09-17,ING0059,4.0,2025-09-21,emergencial
2025-09-17,ING0094,8.0,2025-09-20,emergencial
2025-09-17,ING0161,6.0,2025-09-23,emergencial
2025-09-17,ING0175,21.0,2025-09-20,emergencial
2025-09-17,ING0244,2.0,2025-09-21,emergencial
2025-09-18,ING0002,7.0,2025-09-21,emergencial
2025-09-18,ING0015,543.0,2025-09-21,emergencial
2025-09-18,ING0028,20.0,2025-10-02,emergencial
2025-09-18,ING0035,4.0,2025-09-19,emergencial
2025-09-18,ING0059,3.1995058206293074,2025-09-22,emergencial
2025-09-18,ING0076,24.0,2025-09-20,emergencial
2025-09-18,ING0094,9.0,2025-09-20,emergencial
2025-09-18,ING0161,5.0,2025-09-24,emergencial
2025-09-19,ING0001,1.0,2025-09-22,sexta
2025-09-19,ING0002,6.5,2025-09-22,sexta
2025-09-19,ING0006,143.5,2025-09-22,sexta
2025-09-19,ING0007,1.0,2025-09-22,sexta
2025-09-19,ING0012,6.348250024975979,2025-09-22,sexta
2025-09-19,ING0023,268.0,2025-09-22,sexta
2025-09-19,ING0028,20.0,2025-10-02,sexta
2025-09-19,ING0036,1.5,2025-09-20,sexta
2025-09-19,ING0040,11.0,2025-09-20,sexta
2025-09-19,ING0042,0.5,2025-09-20,sexta
2025-09-19,ING0043,46.5,2025-09-20,sexta
2025-09-19,ING0047,0.5,2025-09-20,sexta
2025-09-19,ING0052,24.0,2025-09-21,sexta
2025-09-19,ING0054,0.5,2025-09-21,sexta
2025-09-19,ING0057,47.0,2025-09-24,sexta
2025-09-19,ING0061,2.5,2025-09-23,sexta
2025-09-19,ING0062,14.411966829003761,2025-09-25,sexta
2025-09-19,ING0063,16.0,2025-09-23,sexta
2025-09-19,ING0069,11.0,2025-09-23,sexta
2025-09-19,ING0070,29.0,2025-09-23,sexta
2025-09-19,ING0073,0.5,2025-09-23,sexta
2025-09-19,ING0076,22.0,2025-09-21,sexta
2025-09-19,ING0079,84.06905861347147,2025-09-21,sexta
2025-09-19,ING0085,0.5,2025-09-21,sexta
2025-09-19,ING0086,111.0,2025-09-21,sexta
2025-09-19,ING0090,8.5,2025-09-21,sexta
2025-09-19,ING0094,5.5,2025-09-21,sexta
2025-09-19,ING0095,15.0,2025-09-21,sexta
2025-09-19,ING0096,3.5,2025-09-24,sexta
2025-09-19,ING0097,0.5,2025-09-24,sexta
2025-09-19,ING0098,0.5,2025-09-20,sexta
2025-09-19,ING0100,0.5225161602020353,2025-09-20,sexta
2025-09-19,ING0102,2.0,2025-09-20,sexta
2025-09-19,ING0105,1.0,2025-09-20,sexta
2025-09-19,ING0107,1.5,2025-09-23,sexta
2025-09-19,ING0111,13.72815178881731,2025-09-20,sexta
2025-09-19,ING0113,0.5,2025-09-20,sexta
2025-09-19,ING0122,28.5,2025-09-26,sexta
2025-09-19,ING0124,1.1628472530647707,2025-09-23,sexta
2025-09-19,ING0135,0.5,2025-09-23,sexta
2025-09-19,ING0137,0.5,2025-09-23,sexta
2025-09-19,ING0150,1.0,2025-09-26,sexta
2025-09-19,ING0152,1.0,2025-09-22,sexta
2025-09-19,ING0161,4.5,2025-09-26,sexta
2025-09-19,ING0163,1600.0,2025-09-20,sexta
2025-09-19,ING0164,3.5,2025-09-27,sexta
2025-09-19,ING0165,4.0,2025-09-22,sexta
2025-09-19,ING0168,1.0,2025-09-22,sexta
2025-09-19,ING0169,3.5,2025-09-22,sexta
2025-09-19,ING0188,92.0,2025-09-22,sexta
2025-09-19,ING0190,16.0,2025-09-22,sexta
2025-09-19,ING0195,1.0,2025-09-24,sexta
2025-09-19,ING0203,5.5,2025-09-22,sexta
2025-09-19,ING0207,1.5,2025-09-22,sexta
2025-09-19,ING0215,60.92616262393813,2025-09-25,sexta
2025-09-19,ING0217,25.0,2025-09-24,sexta
2025-09-19,ING0231,1.5,2025-09-23,sexta
2025-09-19,ING0239,0.5,2025-09-23,sexta
2025-09-19,ING0240,4.5,2025-10-01,sexta
2025-09-19,ING0241,0.5,2025-09-23,sexta
2025-09-19,ING0242,97.5,2025-09-23,sexta
2025-09-19,ING0244,2.0,2025-10-01,sexta
2025-09-22,ING0028,21.5,2025-09-26,emergencial
2025-09-22,ING0035,4.0,2025-09-23,emergencial
2025-09-22,ING0047,1.5,2025-09-23,emergencial
2025-09-22,ING0062,14.411966829003761,2025-09-26,emergencial
2025-09-22,ING0063,14.0,2025-09-26,emergencial
2025-09-22,ING0069,16.90877162414312,2025-10-03,emergencial
2025-09-22,ING0070,27.5,2025-09-27,emergencial
2025-09-22,ING0096,4.5,2025-09-24,emergencial
2025-09-22,ING0098,1.5,2025-09-23,emergencial
2025-09-22,ING0107,5.7309277545988415,2025-09-23,emergencial
2025-09-22,ING0122,25.0,2025-09-26,emergencial
2025-09-22,ING0164,3.5,2025-09-25,emergencial
2025-09-22,ING0183,2.0,2025-09-26,emergencial
2025-09-22,ING0215,74.5,2025-09-25,emergencial
2025-09-22,ING0217,23.960836914148373,2025-09-25,emergencial
2025-09-22,ING0231,1.5,2025-09-26,emergencial
2025-09-22,ING0240,5.0,2025-09-26,emergencial
2025-09-22,ING0242,85.5,2025-09-26,emergencial
2025-09-23,ING0028,30.322500087834158,2025-09-27,emergencial
2025-09-23,ING0078,5.0,2025-09-25,emergencial
2025-09-23,ING0096,4.5,2025-09-25,emergencial
2025-09-23,ING0122,32.5,2025-09-30,emergencial
2025-09-23,ING0164,4.419235748643416,2025-09-26,emergencial
2025-09-23,ING0183,2.0,2025-09-26,emergencial
2025-09-23,ING0215,92.0,2025-09-26,emergencial
2025-09-23,ING0217,20.5,2025-09-26,emergencial
2025-09-23,ING0240,6.1998937682275965,2025-09-27,emergencial
2025-09-24,ING0028,28.5,2025-09-28,emergencial
2025-09-24,ING0078,6.976840778334015,2025-09-26,emergencial
2025-09-24,ING0122,40.812093888962885,2025-09-28,emergencial
2025-09-24,ING0164,5.5,2025-09-27,emergencial
2025-09-24,ING0183,2.5,2025-09-27,emergencial
2025-09-24,ING0215,103.5,2025-09-27,emergencial
2025-09-24,ING0240,8.0,2025-09-28,emergencial
2025-09-25,ING0028,31.0,2025-10-01,emergencial
2025-09-25,ING0122,45.0,2025-09-29,emergencial
2025-09-25,ING0143,13.5,2025-09-30,emergencial
2025-09-25,ING0183,3.0,2025-09-28,emergencial
2025-09-25,ING0240,8.5,2025-09-29,emergencial
2025-09-26,ING0001,2.049567717670694,2025-09-29,sexta
2025-09-26,ING0002,0.5,2025-09-29,sexta
2025-09-26,ING0003,3.0,2025-09-29,sexta
2025-09-26,ING0006,89.5,2025-09-29,sexta
2025-09-26,ING0007,0.5,2025-09-30,sexta
2025-09-26,ING0009,2.0,2025-09-29,sexta
2025-09-26,ING0010,10.0,2025-09-29,sexta
2025-09-26,ING0012,7.5,2025-09-29,sexta
2025-09-26,ING0023,248.0,2025-09-29,sexta
2025-09-26,ING0027,1.5,2025-09-30,sexta
2025-09-26,ING0028,2.255448869461773,2025-09-30,sexta
2025-09-26,ING0034,2.5,2025-09-27,sexta
2025-09-26,ING0035,1.5,2025-09-27,sexta
2025-09-26,ING0036,1.0,2025-09-27,sexta
2025-09-26,ING0042,1.0,2025-09-28,sexta
2025-09-26,ING0043,41.5,2025-09-27,sexta
2025-09-26,ING0046,0.5,2025-09-27,sexta
2025-09-26,ING0051,0.5,2025-09-28,sexta
2025-09-26,ING0052,31.0,2025-09-28,sexta
2025-09-26,ING0055,0.5,2025-09-29,sexta
2025-09-26,ING0057,309.0,2025-09-28,sexta
2025-09-26,ING0061,4.5,2025-09-30,sexta
2025-09-26,ING0069,24.5,2025-10-01,sexta
2025-09-26,ING0070,32.0,2025-09-30,sexta
2025-09-26,ING0072,0.5,2025-09-30,sexta
2025-09-26,ING0074,2.0,2025-09-30,sexta
2025-09-26,ING0076,11.0,2025-09-28,sexta
2025-09-26,ING0083,1.5944071884219577,2025-09-28,sexta
2025-09-26,ING0086,124.5,2025-09-28,sexta
2025-09-26,ING0088,104.5,2025-09-28,sexta
2025-09-26,ING0089,5.0,2025-09-28,sexta
2025-09-26,ING0092,17.5,2025-09-28,sexta
2025-09-26,ING0095,25.0,2025-09-28,sexta
2025-09-26,ING0098,0.5,2025-09-29,sexta
2025-09-26,ING0101,0.5,2025-09-29,sexta
2025-09-26,ING0103,0.5824901255416506,2025-09-27,sexta
2025-09-26,ING0105,2.0,2025-09-28,sexta
2025-09-26,ING0109,0.5,2025-09-27,sexta
2025-09-26,ING0115,3.0,2025-09-28,sexta
2025-09-26,ING0121,2.0,2025-09-30,sexta
2025-09-26,ING0127,1.0,2025-09-30,sexta
2025-09-26,ING0129,3.0,2025-09-30,sexta
2025-09-26,ING0131,2.5,2025-09-30,sexta
2025-09-26,ING0143,16.5,2025-09-30,sexta
2025-09-26,ING0145,0.5,2025-10-01,sexta
2025-09-26,ING0146,1.0,2025-10-03,sexta
2025-09-26,ING0152,4.0,2025-09-29,sexta
2025-09-26,ING0154,39.5,2025-09-29,sexta
2025-09-26,ING0160,1.5,2025-09-29,sexta
2025-09-26,ING0163,1909.0,2025-09-29,sexta
2025-09-26,ING0165,1.5,2025-09-29,sexta
2025-09-26,ING0169,3.5,2025-09-29,sexta
2025-09-26,ING0178,114.0,2025-09-29,sexta
2025-09-26,ING0188,102.0,2025-09-29,sexta
2025-09-26,ING0189,1.0,2025-09-29,sexta
2025-09-26,ING0190,17.5,2025-09-30,sexta
2025-09-26,ING0194,0.5,2025-09-29,sexta
2025-09-26,ING0202,33.0,2025-09-29,sexta
2025-09-26,ING0203,4.5,2025-09-29,sexta
2025-09-26,ING0218,53.5,2025-09-29,sexta
2025-09-26,ING0224,3.5,2025-10-03,sexta
2025-09-26,ING0225,0.5,2025-09-30,sexta
2025-09-26,ING0227,0.5,2025-09-30,sexta
2025-09-26,ING0229,0.5,2025-09-30,sexta
2025-09-26,ING0233,0.5,2025-09-30,sexta
2025-09-26,ING0237,0.5,2025-09-30,sexta
2025-09-26,ING0238,0.5,2025-09-30,sexta
2025-09-26,ING0240,4.5,2025-09-30,sexta
2025-09-29,ING0038,6.0,2025-10-02,emergencial
2025-09-29,ING0061,7.0,2025-10-03,emergencial
2025-09-29,ING0069,39.0,2025-10-03,emergencial
2025-09-29,ING0143,23.0,2025-10-03,emergencial
2025-09-30,ING0010,691.0,2025-10-03,emergencial
2025-09-30,ING0038,5.5,2025-10-03,emergencial
2025-09-30,ING0069,35.0,2025-10-06,emergencial
2025-09-30,ING0194,1.0,2025-10-03,emergencial
2025-09-30,ING0220,15.0,2025-10-04,emergencial
2025-09-30,ING0224,13.0,2025-10-07,emergencial
2025-10-01,ING0010,842.0,2025-10-04,emergencial
2025-10-01,ING0038,6.5,2025-10-07,emergencial
2025-10-01,ING0042,1.0,2025-10-02,emergencial
2025-10-01,ING0194,1.5,2025-10-07,emergencial
2025-10-01,ING0220,17.5,2025-10-04,emergencial
2025-10-01,ING0224,15.0,2025-10-05,emergencial
2025-10-02,ING0010,737.0,2025-10-05,emergencial
2025-10-02,ING0049,36.0,2025-10-04,emergencial
2025-10-02,ING0181,8.0,2025-10-05,emergencial
2025-10-02,ING0194,1.5,2025-10-06,emergencial
2025-10-02,ING0220,18.0,2025-10-08,emergencial
2025-10-02,ING0224,13.5,2025-10-06,emergencial
2025-10-03,ING0001,1.5,2025-10-06,sexta
2025-10-03,ING0002,5.5,2025-10-06,sexta
2025-10-03,ING0003,2.0,2025-10-06,sexta
2025-10-03,ING0004,30.0,2025-10-06,sexta
2025-10-03,ING0005,0.5,2025-10-06,sexta
2025-10-03,ING0006,127.0,2025-10-06,sexta
2025-10-03,ING0007,1.5,2025-10-06,sexta
2025-10-03,ING0008,14.5,2025-10-06,sexta
2025-10-03,ING0012,12.0,2025-10-06,sexta
2025-10-03,ING0019,591.0,2025-10-06,sexta
2025-10-03,ING0025,9.0,2025-10-06,sexta
2025-10-03,ING0035,3.0,2025-10-04,sexta
2025-10-03,ING0036,1.5,2025-10-04,sexta
2025-10-03,ING0039,0.5,2025-10-05,sexta
2025-10-03,ING0042,0.5,2025-10-04,sexta
2025-10-03,ING0043,54.52587063317823,2025-10-04,sexta
2025-10-03,ING0044,0.5,2025-10-04,sexta
2025-10-03,ING0046,0.5,2025-10-05,sexta
2025-10-03,ING0047,0.5,2025-10-04,sexta
2025-10-03,ING0049,31.0,2025-10-05,sexta
2025-10-03,ING0050,0.5,2025-10-05,sexta
2025-10-03,ING0053,0.5,2025-10-05,sexta
2025-10-03,ING0055,0.5,2025-10-05,sexta
2025-10-03,ING0063,19.257540562942324,2025-10-07,sexta
2025-10-03,ING0064,0.5,2025-10-07,sexta
2025-10-03,ING0070,52.5,2025-10-07,sexta
2025-10-03,ING0075,1.0,2025-10-05,sexta
2025-10-03,ING0076,37.0,2025-10-05,sexta
2025-10-03,ING0078,4.0,2025-10-09,sexta
2025-10-03,ING0085,0.5,2025-10-05,sexta
2025-10-03,ING0088,89.5,2025-10-05,sexta
2025-10-03,ING0089,30.0,2025-10-05,sexta
2025-10-03,ING0090,11.5,2025-10-05,sexta
2025-10-03,ING0092,27.0,2025-10-05,sexta
2025-10-03,ING0095,29.0,2025-10-05,sexta
2025-10-03,ING0096,1.0,2025-10-05,sexta
2025-10-03,ING0097,0.46044968196927333,2025-10-07,sexta
2025-10-03,ING0098,0.5,2025-10-04,sexta
2025-10-03,ING0099,1.0,2025-10-04,sexta
2025-10-03,ING0100,1.0,2025-10-04,sexta
2025-10-03,ING0101,0.5,2025-10-04,sexta
2025-10-03,ING0102,2.092035361117173,2025-10-04,sexta
2025-10-03,ING0105,2.5,2025-10-07,sexta
2025-10-03,ING0108,0.5,2025-10-04,sexta
2025-10-03,ING0114,0.5,2025-10-04,sexta
2025-10-03,ING0121,5.5,2025-10-07,sexta
2025-10-03,ING0124,0.5,2025-10-08,sexta
2025-10-03,ING0129,2.5,2025-10-07,sexta
2025-10-03,ING0135,0.5,2025-10-07,sexta
2025-10-03,ING0136,0.5,2025-10-07,sexta
2025-10-03,ING0138,0.5,2025-10-07,sexta
2025-10-03,ING0148,0.5,2025-10-07,sexta
2025-10-03,ING0149,0.5,2025-10-07,sexta
2025-10-03,ING0150,0.5,2025-10-06,sexta
2025-10-03,ING0151,1.0,2025-10-06,sexta
2025-10-03,ING0152,3.0,2025-10-06,sexta
2025-10-03,ING0160,3.0,2025-10-12,sexta
2025-10-03,ING0165,3.5,2025-10-06,sexta
2025-10-03,ING0169,5.0,2025-10-07,sexta
2025-10-03,ING0178,272.0,2025-10-06,sexta
2025-10-03,ING0181,7.0,2025-10-06,sexta
2025-10-03,ING0188,106.0,2025-10-06,sexta
2025-10-03,ING0189,0.9205788395353761,2025-10-07,sexta
2025-10-03,ING0190,21.5,2025-10-06,sexta
2025-10-03,ING0194,0.5537994640684037,2025-10-06,sexta
2025-10-03,ING0195,1.5,2025-10-06,sexta
2025-10-03,ING0199,1.0,2025-10-06,sexta
2025-10-03,ING0202,46.0,2025-10-06,sexta
2025-10-03,ING0203,6.5,2025-10-06,sexta
2025-10-03,ING0206,161.0,2025-10-06,sexta
2025-10-03,ING0211,66.0,2025-10-06,sexta
2025-10-03,ING0224,8.5,2025-10-07,sexta
2025-10-03,ING0227,0.5,2025-10-07,sexta
2025-10-03,ING0239,0.5,2025-10-07,sexta
2025-10-03,ING0244,0.5,2025-10-07,sexta
2025-10-06,ING0063,22.5,2025-10-10,emergencial
2025-10-06,ING0070,34.5,2025-10-10,emergencial
2025-10-06,ING0078,5.0,2025-10-08,emergencial
2025-10-06,ING0105,2.5,2025-10-07,emergencial
2025-10-06,ING0121,3.0,2025-10-10,emergencial
2025-10-06,ING0129,3.0,2025-10-10,emergencial
2025-10-06,ING0160,4.0,2025-10-09,emergencial
2025-10-06,ING0169,4.5,2025-10-09,emergencial
2025-10-06,ING0189,2.0,2025-10-10,emergencial
2025-10-06,ING0231,2.0,2025-10-10,emergencial
2025-10-06,ING0238,10.498102273451693,2025-10-10,emergencial
2025-10-07,ING0057,856.245034988535,2025-10-09,emergencial
2025-10-07,ING0078,6.0,2025-10-09,emergencial
2025-10-07,ING0083,1.5,2025-10-09,emergencial
2025-10-07,ING0160,4.0,2025-10-10,emergencial
2025-10-07,ING0189,1.5,2025-10-10,emergencial
2025-10-07,ING0231,1.5,2025-10-11,emergencial
2025-10-07,ING0238,2.5,2025-10-11,emergencial
2025-10-08,ING0001,2.5,2025-10-11,emergencial
2025-10-08,ING0002,9.05403866313654,2025-10-12,emergencial
2025-10-08,ING0003,1.5,2025-10-11,emergencial
2025-10-08,ING0057,696.8063043354974,2025-10-10,emergencial
2025-10-08,ING0076,15.0,2025-10-10,emergencial
2025-10-08,ING0083,1.5,2025-10-10,emergencial
2025-10-08,ING0087,6.9686878321259,2025-10-13,emergencial
2025-10-08,ING0095,17.0,2025-10-10,emergencial
2025-10-08,ING0131,2.0,2025-10-12,emergencial
2025-10-08,ING0159,546.0,2025-10-09,emergencial
2025-10-08,ING0160,4.5,2025-10-11,emergencial
2025-10-08,ING0189,1.5,2025-10-11,emergencial
2025-10-08,ING0203,5.5,2025-10-11,emergencial
2025-10-08,ING0214,130.0,2025-10-11,emergencial
2025-10-08,ING0231,1.5,2025-10-12,emergencial
2025-10-08,ING0238,1.5,2025-10-15,emergencial
2025-10-09,ING0002,9.05403866313654,2025-10-12,emergencial
2025-10-09,ING0087,8.710859790157375,2025-10-11,emergencial
2025-10-09,ING0095,19.5,2025-10-11,emergencial
2025-10-09,ING0106,2.0,2025-10-10,emergencial
2025-10-09,ING0131,2.0,2025-10-13,emergencial
2025-10-09,ING0163,1294.0,2025-10-10,emergencial
2025-10-09,ING0189,1.5,2025-10-12,emergencial
2025-10-09,ING0203,5.0,2025-10-12,emergencial
2025-10-09,ING0214,127.0,2025-10-12,emergencial
2025-10-09,ING0231,1.5,2025-10-13,emergencial
2025-10-09,ING0238,1.0,2025-10-13,emergencial
2025-10-09,ING0244,2.5,2025-10-17,emergencial
2025-10-10,ING0001,2.5,2025-10-13,sexta
2025-10-10,ING0002,9.05403866313654,2025-10-13,sexta
2025-10-10,ING0003,1.5,2025-10-13,sexta
2025-10-10,ING0006,58.5,2025-10-13,sexta
2025-10-10,ING0012,5.5,2025-10-13,sexta
2025-10-10,ING0017,1.5,2025-10-13,sexta
2025-10-10,ING0019,191.0,2025-10-13,sexta
2025-10-10,ING0023,153.0,2025-10-13,sexta
2025-10-10,ING0025,15.0,2025-10-13,sexta
2025-10-10,ING0030,8.0,2025-10-14,sexta
2025-10-10,ING0034,1.3631004909378657,2025-10-13,sexta
2025-10-10,ING0036,1.5,2025-10-11,sexta
2025-10-10,ING0037,1.0,2025-10-11,sexta
2025-10-10,ING0039,0.5,2025-10-11,sexta
2025-10-10,ING0041,0.5,2025-10-11,sexta
2025-10-10,ING0042,0.5,2025-10-11,sexta
2025-10-10,ING0045,36.0,2025-10-11,sexta
2025-10-10,ING0046,0.5,2025-10-14,sexta
2025-10-10,ING0047,0.5,2025-10-11,sexta
2025-10-10,ING0055,0.451647969049825,2025-10-12,sexta
2025-10-10,ING0056,4.254157332310914,2025-10-12,sexta
2025-10-10,ING0061,1.5,2025-10-14,sexta
2025-10-10,ING0067,0.5,2025-10-18,sexta
2025-10-10,ING0068,0.5,2025-10-14,sexta
2025-10-10,ING0075,1.0,2025-10-12,sexta
2025-10-10,ING0076,8.5,2025-10-12,sexta
2025-10-10,ING0081,7.5,2025-10-12,sexta
2025-10-10,ING0083,0.5,2025-10-12,sexta
2025-10-10,ING0085,0.5,2025-10-12,sexta
2025-10-10,ING0088,49.0,2025-10-12,sexta
2025-10-10,ING0089,13.5,2025-10-12,sexta
2025-10-10,ING0091,7.5,2025-10-12,sexta
2025-10-10,ING0095,14.5,2025-10-12,sexta
2025-10-10,ING0096,2.5,2025-10-12,sexta
2025-10-10,ING0097,0.5,2025-10-12,sexta
2025-10-10,ING0098,0.5,2025-10-11,sexta
2025-10-10,ING0100,1.5,2025-10-11,sexta
2025-10-10,ING0101,0.5,2025-10-11,sexta
2025-10-10,ING0104,2.0,2025-10-11,sexta
2025-10-10,ING0106,1.0,2025-10-11,sexta
2025-10-10,ING0124,1.0,2025-10-14,sexta
2025-10-10,ING0131,2.0,2025-10-14,sexta
2025-10-10,ING0132,7.5,2025-10-17,sexta
2025-10-10,ING0133,0.5,2025-10-15,sexta
2025-10-10,ING0134,0.5,2025-10-14,sexta
2025-10-10,ING0136,0.5,2025-10-19,sexta
2025-10-10,ING0137,0.5,2025-10-14,sexta
2025-10-10,ING0147,0.5,2025-10-14,sexta
2025-10-10,ING0150,0.5,2025-10-13,sexta
2025-10-10,ING0154,25.5,2025-10-13,sexta
2025-10-10,ING0156,0.5,2025-10-13,sexta
2025-10-10,ING0159,499.0,2025-10-11,sexta
2025-10-10,ING0161,3.5,2025-10-13,sexta
2025-10-10,ING0163,622.0,2025-10-11,sexta
2025-10-10,ING0164,1.5,2025-10-13,sexta
2025-10-10,ING0165,1.5,2025-10-13,sexta
2025-10-10,ING0166,0.5,2025-10-13,sexta
2025-10-10,ING0168,1.0,2025-10-16,sexta
2025-10-10,ING0172,5.5,2025-10-13,sexta
2025-10-10,ING0174,8.5,2025-10-13,sexta
2025-10-10,ING0178,631.0999008719909,2025-10-13,sexta
2025-10-10,ING0188,51.0,2025-10-13,sexta
2025-10-10,ING0190,10.0,2025-10-13,sexta
2025-10-10,ING0199,0.5,2025-10-13,sexta
2025-10-10,ING0202,22.5,2025-10-14,sexta
2025-10-10,ING0206,64.0,2025-10-13,sexta
2025-10-10,ING0211,38.0,2025-10-13,sexta
2025-10-10,ING0214,127.0,2025-10-13,sexta
2025-10-10,ING0227,0.5,2025-10-14,sexta
2025-10-10,ING0231,0.5,2025-10-14,sexta
2025-10-10,ING0237,0.5908405970370146,2025-10-14,sexta
2025-10-10,ING0239,0.5,2025-10-23,sexta
2025-10-10,ING0242,57.0,2025-10-14,sexta
2025-10-10,ING0244,2.5,2025-10-18,sexta
2025-10-13,ING0004,60.0,2025-10-16,emergencial
2025-10-13,ING0027,3.0,2025-10-17,emergencial
2025-10-13,ING0030,9.5,2025-10-17,emergencial
2025-10-13,ING0040,9.5,2025-10-17,emergencial
2025-10-13,ING0115,2.0,2025-10-14,emergencial
2025-10-13,ING0124,1.0,2025-10-17,emergencial
2025-10-13,ING0132,7.5,2025-10-17,emergencial
2025-10-13,ING0244,2.5,2025-10-17,emergencial
2025-10-14,ING0004,49.5,2025-10-17,emergencial
2025-10-14,ING0027,3.0,2025-10-18,emergencial
2025-10-14,ING0040,9.0,2025-10-15,emergencial
2025-10-14,ING0132,7.0,2025-10-18,emergencial
2025-10-14,ING0244,2.5,2025-10-18,emergencial
2025-10-15,ING0004,47.5,2025-10-18,emergencial
2025-10-15,ING0027,3.0,2025-10-19,emergencial
2025-10-15,ING0052,31.0,2025-10-17,emergencial
2025-10-15,ING0132,5.702481439842307,2025-10-19,emergencial
2025-10-15,ING0244,2.5,2025-10-19,emergencial
2025-10-16,ING0052,29.0,2025-10-18,emergencial
2025-10-16,ING0244,2.5,2025-10-21,emergencial
2025-10-17,ING0003,0.5,2025-10-20,sexta
2025-10-17,ING0012,2.0,2025-10-20,sexta
2025-10-17,ING0016,0.5,2025-10-20,sexta
2025-10-17,ING0025,15.144088060294013,2025-10-20,sexta
2025-10-17,ING0034,1.0,2025-10-20,sexta
2025-10-17,ING0036,1.0,2025-10-18,sexta
2025-10-17,ING0037,0.5,2025-10-18,sexta
2025-10-17,ING0047,0.5,2025-10-18,sexta
2025-10-17,ING0050,0.5,2025-10-20,sexta
2025-10-17,ING0051,0.5,2025-10-19,sexta
2025-10-17,ING0052,11.0,2025-10-22,sexta
2025-10-17,ING0053,0.5,2025-10-24,sexta
2025-10-17,ING0056,2.0,2025-10-19,sexta
2025-10-17,ING0061,0.5,2025-10-21,sexta
2025-10-17,ING0067,0.5,2025-10-21,sexta
2025-10-17,ING0073,0.5,2025-10-21,sexta
2025-10-17,ING0075,1.0,2025-10-19,sexta
2025-10-17,ING0076,3.0,2025-10-19,sexta
2025-10-17,ING0083,0.5,2025-10-19,sexta
2025-10-17,ING0084,47.145517084916335,2025-10-19,sexta
2025-10-17,ING0085,0.5,2025-10-19,sexta
2025-10-17,ING0089,4.0,2025-10-19,sexta
2025-10-17,ING0096,1.5,2025-10-22,sexta
2025-10-17,ING0097,0.5,2025-10-19,sexta
2025-10-17,ING0098,0.5,2025-10-18,sexta
2025-10-17,ING0100,1.0,2025-10-18,sexta
2025-10-17,ING0101,0.5,2025-10-20,sexta
2025-10-17,ING0103,0.5,2025-10-18,sexta
2025-10-17,ING0104,1.0,2025-10-18,sexta
2025-10-17,ING0105,0.5,2025-10-18,sexta
2025-10-17,ING0106,0.498250075742724,2025-10-18,sexta
2025-10-17,ING0136,0.5,2025-10-21,sexta
2025-10-17,ING0161,1.5,2025-10-20,sexta
2025-10-17,ING0163,380.0,2025-10-18,sexta
2025-10-17,ING0164,0.5,2025-10-20,sexta
2025-10-17,ING0165,1.0,2025-10-20,sexta
2025-10-17,ING0166,0.5,2025-10-20,sexta
2025-10-17,ING0172,14.846540118852943,2025-10-20,sexta
2025-10-17,ING0174,4.5,2025-10-28,sexta
2025-10-17,ING0188,9.0,2025-10-20,sexta
2025-10-17,ING0203,0.5,2025-10-20,sexta
2025-10-17,ING0211,20.0,2025-10-20,sexta
2025-10-17,ING0217,5.0,2025-10-20,sexta
2025-10-17,ING0227,0.5,2025-10-29,sexta
2025-10-17,ING0239,0.5,2025-10-21,sexta
2025-10-17,ING0243,0.615614408270355,2025-10-21,sexta
2025-10-20,ING0008,14.5,2025-10-23,emergencial
2025-10-21,ING0008,16.0,2025-11-01,emergencial
2025-10-21,ING0086,138.0,2025-10-23,emergencial
2025-10-22,ING0008,16.5,2025-11-02,emergencial
2025-10-22,ING0086,134.0,2025-10-24,emergencial
2025-10-24,ING0036,0.5,2025-10-25,sexta
2025-10-24,ING0039,0.5,2025-10-28,sexta
2025-10-24,ING0046,0.5,2025-10-25,sexta
2025-10-24,ING0047,0.5,2025-10-25,sexta
2025-10-24,ING0058,1.5,2025-10-26,sexta
2025-10-24,ING0064,0.5,2025-10-28,sexta
2025-10-24,ING0068,0.5,2025-10-28,sexta
2025-10-24,ING0072,0.5,2025-11-04,sexta
2025-10-24,ING0085,0.5,2025-10-26,sexta
2025-10-24,ING0097,0.5,2025-10-27,sexta
2025-10-24,ING0098,0.5,2025-10-25,sexta
2025-10-24,ING0100,0.5,2025-10-25,sexta
2025-10-24,ING0112,0.5,2025-10-25,sexta
2025-10-24,ING0113,0.5163763694426078,2025-10-25,sexta
2025-10-24,ING0133,0.5,2025-11-05,sexta
2025-10-24,ING0134,0.5,2025-10-28,sexta
2025-10-24,ING0138,0.5,2025-10-28,sexta
2025-10-24,ING0148,0.5,2025-10-29,sexta
2025-10-24,ING0149,0.5,2025-10-28,sexta
2025-10-24,ING0150,0.5,2025-10-27,sexta
2025-10-24,ING0151,1.0,2025-10-27,sexta
2025-10-24,ING0163,355.96902514258073,2025-10-25,sexta
2025-10-24,ING0199,0.5,2025-10-27,sexta
2025-10-24,ING0203,3.373553743193483,2025-10-27,sexta
2025-10-24,ING0225,0.5,2025-10-29,sexta
2025-10-24,ING0227,0.5,2025-10-28,sexta
2025-10-24,ING0229,0.5,2025-11-04,sexta
2025-10-24,ING0241,0.5,2025-10-28,sexta
2025-10-24,ING0243,1.0,2025-10-28,sexta
2025-10-27,ING0088,73.5,2025-11-01,emergencial
2025-10-27,ING0105,2.0,2025-10-28,emergencial
2025-10-27,ING0161,3.0,2025-10-30,emergencial
2025-10-27,ING0243,2.0,2025-10-31,emergencial
2025-10-28,ING0003,1.0,2025-10-31,emergencial
2025-10-28,ING0075,1.0028601243664834,2025-11-02,emergencial
2025-10-28,ING0081,11.0,2025-10-30,emergencial
2025-10-28,ING0088,80.5,2025-10-30,emergencial
2025-10-28,ING0161,3.5,2025-10-31,emergencial
2025-10-28,ING0165,2.0,2025-10-31,emergencial
2025-10-28,ING0243,1.5,2025-11-01,emergencial
2025-10-29,ING0003,2.0805074798798477,2025-11-03,emergencial
2025-10-29,ING0034,1.0,2025-10-30,emergencial
2025-10-29,ING0075,1.0,2025-10-31,emergencial
2025-10-29,ING0081,13.5,2025-10-31,emergencial
2025-10-29,ING0088,77.5,2025-11-02,emergencial
2025-10-29,ING0096,3.0,2025-10-31,emergencial
2025-10-29,ING0106,1.5,2025-10-31,emergencial
2025-10-29,ING0115,1.5,2025-10-31,emergencial
2025-10-29,ING0161,3.5,2025-11-01,emergencial
2025-10-29,ING0165,2.0,2025-11-01,emergencial
2025-10-29,ING0243,2.0,2025-11-02,emergencial
2025-10-30,ING0003,2.0805074798798477,2025-11-02,emergencial
2025-10-30,ING0034,1.0,2025-10-31,emergencial
2025-10-30,ING0075,1.0,2025-11-01,emergencial
2025-10-30,ING0096,2.5,2025-11-02,emergencial
2025-10-30,ING0106,1.5,2025-10-31,emergencial
2025-10-30,ING0115,1.5,2025-11-01,emergencial
2025-10-30,ING0163,1117.0,2025-10-31,emergencial
2025-10-30,ING0165,2.5,2025-11-02,emergencial
2025-10-30,ING0188,53.0,2025-11-02,emergencial
2025-10-30,ING0243,2.0,2025-11-03,emergencial
2025-10-31,ING0003,2.0805074798798477,2025-11-03,sexta
2025-10-31,ING0008,11.5,2025-11-03,sexta
2025-10-31,ING0012,6.0,2025-11-03,sexta
2025-10-31,ING0015,123.0,2025-11-03,sexta
2025-10-31,ING0016,0.5,2025-11-03,sexta
2025-10-31,ING0019,245.0,2025-11-03,sexta
2025-10-31,ING0029,2.0,2025-11-04,sexta
2025-10-31,ING0030,5.5,2025-11-04,sexta
2025-10-31,ING0042,0.5,2025-11-01,sexta
2025-10-31,ING0044,0.5,2025-11-01,sexta
2025-10-31,ING0045,20.0,2025-11-01,sexta
2025-10-31,ING0046,0.5,2025-11-03,sexta
2025-10-31,ING0047,0.5,2025-11-01,sexta
2025-10-31,ING0054,0.5,2025-11-02,sexta
2025-10-31,ING0055,0.5,2025-11-02,sexta
2025-10-31,ING0060,12.5,2025-11-04,sexta
2025-10-31,ING0061,2.5,2025-11-04,sexta
2025-10-31,ING0066,91.5,2025-11-04,sexta
2025-10-31,ING0070,5.0,2025-11-04,sexta
2025-10-31,ING0072,0.5,2025-11-13,sexta
2025-10-31,ING0075,0.5,2025-11-02,sexta
2025-10-31,ING0076,27.457355761059606,2025-11-02,sexta
2025-10-31,ING0078,2.5,2025-11-03,sexta
2025-10-31,ING0084,36.700229261708685,2025-11-02,sexta
2025-10-31,ING0096,0.5,2025-11-02,sexta
2025-10-31,ING0098,0.5,2025-11-01,sexta
2025-10-31,ING0100,0.5,2025-11-01,sexta
2025-10-31,ING0101,0.5,2025-11-03,sexta
2025-10-31,ING0109,0.5,2025-11-02,sexta
2025-10-31,ING0114,0.5,2025-11-03,sexta
2025-10-31,ING0122,16.5,2025-11-04,sexta
2025-10-31,ING0124,0.5,2025-11-05,sexta
2025-10-31,ING0127,1.0,2025-11-04,sexta
2025-10-31,ING0129,2.0,2025-11-18,sexta
2025-10-31,ING0133,0.5,2025-11-04,sexta
2025-10-31,ING0135,0.5,2025-11-04,sexta
2025-10-31,ING0137,0.5,2025-11-04,sexta
2025-10-31,ING0145,0.5,2025-11-04,sexta
2025-10-31,ING0147,0.5,2025-11-05,sexta
2025-10-31,ING0150,0.5,2025-11-03,sexta
2025-10-31,ING0154,23.5,2025-11-03,sexta
2025-10-31,ING0164,1.5,2025-11-04,sexta
2025-10-31,ING0165,0.5,2025-11-04,sexta
2025-10-31,ING0166,3.019192440449233,2025-11-03,sexta
2025-10-31,ING0169,2.0,2025-11-03,sexta
2025-10-31,ING0188,49.0,2025-11-03,sexta
2025-10-31,ING0195,0.5,2025-11-03,sexta
2025-10-31,ING0206,32.0,2025-11-03,sexta
2025-10-31,ING0211,61.0,2025-11-03,sexta
2025-10-31,ING0222,1.0,2025-11-04,sexta
2025-10-31,ING0227,0.5,2025-11-04,sexta
2025-10-31,ING0229,0.5,2025-11-04,sexta
2025-10-31,ING0233,0.5,2025-11-04,sexta
2025-10-31,ING0237,0.5,2025-11-04,sexta
2025-10-31,ING0242,56.0,2025-11-04,sexta
2025-10-31,ING0243,0.5,2025-11-04,sexta
2025-11-03,ING0029,4.0,2025-11-07,emergencial
2025-11-03,ING0030,8.5,2025-11-07,emergencial
2025-11-03,ING0060,17.0,2025-11-07,emergencial
2025-11-03,ING0061,3.0,2025-11-07,emergencial
2025-11-03,ING0066,116.0,2025-11-08,emergencial
2025-11-03,ING0104,3.0,2025-11-04,emergencial
2025-11-03,ING0122,22.5,2025-11-07,emergencial
2025-11-03,ING0124,1.0,2025-11-08,emergencial
2025-11-03,ING0129,2.5,2025-11-18,emergencial
2025-11-03,ING0164,2.5,2025-11-06,emergencial
2025-11-03,ING0174,8.5,2025-11-06,emergencial
2025-11-03,ING0242,60.5,2025-11-07,emergencial
2025-11-04,ING0029,3.0,2025-11-08,emergencial
2025-11-04,ING0111,4.5,2025-11-05,emergencial
2025-11-04,ING0124,1.0,2025-11-08,emergencial
2025-11-04,ING0129,2.5,2025-11-08,emergencial
2025-11-04,ING0174,16.0,2025-11-07,emergencial
2025-11-05,ING0029,5.171583855773357,2025-11-09,emergencial
2025-11-05,ING0129,2.5,2025-11-09,emergencial
2025-11-06,ING0029,6.5,2025-11-10,emergencial
2025-11-06,ING0095,18.5,2025-11-08,emergencial
2025-11-06,ING0129,3.0,2025-11-10,emergencial
2025-11-07,ING0005,0.5,2025-11-10,sexta
2025-11-07,ING0012,3.5,2025-11-10,sexta
2025-11-07,ING0015,195.0,2025-11-10,sexta
2025-11-07,ING0019,169.0,2025-11-10,sexta
2025-11-07,ING0026,1.0,2025-11-11,sexta
2025-11-07,ING0029,2.0,2025-11-11,sexta
2025-11-07,ING0030,1.0,2025-11-11,sexta
2025-11-07,ING0034,1.5,2025-11-09,sexta
2025-11-07,ING0045,18.5,2025-11-08,sexta
2025-11-07,ING0047,0.5,2025-11-08,sexta
2025-11-07,ING0049,0.5,2025-11-09,sexta
2025-11-07,ING0051,0.5,2025-11-09,sexta
2025-11-07,ING0052,25.5,2025-11-09,sexta
2025-11-07,ING0056,1.5,2025-11-09,sexta
2025-11-07,ING0060,0.5,2025-11-11,sexta
2025-11-07,ING0063,9.0,2025-11-23,sexta
2025-11-07,ING0066,81.5,2025-11-11,sexta
2025-11-07,ING0070,8.5,2025-11-15,sexta
2025-11-07,ING0076,0.5,2025-11-09,sexta
2025-11-07,ING0078,3.5,2025-11-09,sexta
2025-11-07,ING0079,7.0,2025-11-11,sexta
2025-11-07,ING0081,9.0,2025-11-09,sexta
2025-11-07,ING0083,1.0236974021187346,2025-11-09,sexta
2025-11-07,ING0085,0.5,2025-11-09,sexta
2025-11-07,ING0090,4.5,2025-11-09,sexta
2025-11-07,ING0095,19.0,2025-11-09,sexta
2025-11-07,ING0097,0.5,2025-11-09,sexta
2025-11-07,ING0100,1.0,2025-11-08,sexta
2025-11-07,ING0104,1.5,2025-11-08,sexta
2025-11-07,ING0105,1.5,2025-11-08,sexta
2025-11-07,ING0111,3.0,2025-11-08,sexta
2025-11-07,ING0124,0.5,2025-11-11,sexta
2025-11-07,ING0129,2.0,2025-11-11,sexta
2025-11-07,ING0131,3.3131013039922514,2025-11-11,sexta
2025-11-07,ING0134,0.5,2025-11-11,sexta
2025-11-07,ING0142,5.0,2025-11-12,sexta
2025-11-07,ING0145,0.5604634909149271,2025-11-11,sexta
2025-11-07,ING0146,1.5,2025-11-11,sexta
2025-11-07,ING0151,1.0,2025-11-10,sexta
2025-11-07,ING0156,0.5,2025-11-11,sexta
2025-11-07,ING0163,1068.0,2025-11-08,sexta
2025-11-07,ING0164,0.5,2025-11-10,sexta
2025-11-07,ING0168,1.5,2025-11-10,sexta
2025-11-07,ING0169,2.5,2025-11-10,sexta
2025-11-07,ING0190,13.0,2025-11-11,sexta
2025-11-07,ING0199,0.5,2025-11-15,sexta
2025-11-07,ING0206,36.24553674424837,2025-11-10,sexta
2025-11-07,ING0211,31.0,2025-11-10,sexta
2025-11-07,ING0227,0.5,2025-11-15,sexta
2025-11-10,ING0115,2.0,2025-11-11,emergencial
2025-11-10,ING0190,18.5,2025-11-13,emergencial
2025-11-12,ING0061,7.0,2025-11-16,emergencial
2025-11-13,ING0056,19.0,2025-11-15,emergencial
2025-11-13,ING0061,7.0,2025-11-17,emergencial
2025-11-13,ING0104,4.0,2025-11-14,emergencial
2025-11-14,ING0004,157.92137114580106,2025-11-17,sexta
2025-11-14,ING0012,5.5,2025-11-17,sexta
2025-11-14,ING0015,308.0,2025-11-17,sexta
2025-11-14,ING0016,0.5,2025-11-17,sexta
2025-11-14,ING0027,4.0,2025-11-18,sexta
2025-11-14,ING0030,8.5,2025-11-18,sexta
2025-11-14,ING0036,1.0,2025-11-17,sexta
2025-11-14,ING0041,0.5,2025-11-17,sexta
2025-11-14,ING0042,0.5,2025-11-15,sexta
2025-11-14,ING0045,22.5,2025-11-15,sexta
2025-11-14,ING0049,8.5,2025-11-16,sexta
2025-11-14,ING0052,34.0,2025-11-16,sexta
2025-11-14,ING0056,21.5,2025-11-16,sexta
2025-11-14,ING0060,5.5,2025-11-18,sexta
2025-11-14,ING0061,7.0,2025-11-18,sexta
2025-11-14,ING0063,31.0,2025-11-18,sexta
2025-11-14,ING0068,0.5,2025-11-18,sexta
2025-11-14,ING0069,6.5,2025-11-18,sexta
2025-11-14,ING0070,26.0,2025-11-29,sexta
2025-11-14,ING0073,0.5,2025-11-18,sexta
2025-11-14,ING0076,19.0,2025-11-16,sexta
2025-11-14,ING0078,6.0,2025-11-16,sexta
2025-11-14,ING0079,20.0,2025-11-16,sexta
2025-11-14,ING0081,34.5,2025-11-16,sexta
2025-11-14,ING0083,1.0,2025-11-16,sexta
2025-11-14,ING0085,0.5,2025-11-16,sexta
2025-11-14,ING0091,19.5,2025-11-16,sexta
2025-11-14,ING0096,4.0,2025-11-16,sexta
2025-11-14,ING0097,0.5,2025-11-16,sexta
2025-11-14,ING0105,2.0,2025-11-15,sexta
2025-11-14,ING0108,0.5,2025-11-15,sexta
2025-11-14,ING0113,0.4615717868485253,2025-11-15,sexta
2025-11-14,ING0122,21.0,2025-11-18,sexta
2025-11-14,ING0148,0.5,2025-11-18,sexta
2025-11-14,ING0150,0.5,2025-11-17,sexta
2025-11-14,ING0154,23.0,2025-11-17,sexta
2025-11-14,ING0163,1923.0,2025-11-15,sexta
2025-11-14,ING0164,2.5,2025-11-17,sexta
2025-11-14,ING0169,2.0,2025-11-17,sexta
2025-11-14,ING0188,8.0,2025-11-17,sexta
2025-11-14,ING0189,1.0,2025-11-19,sexta
2025-11-14,ING0199,0.5575202150149079,2025-11-17,sexta
2025-11-14,ING0203,1.0,2025-11-17,sexta
2025-11-14,ING0206,58.5,2025-11-24,sexta
2025-11-14,ING0211,91.0,2025-11-17,sexta
2025-11-14,ING0222,3.0,2025-11-18,sexta
2025-11-14,ING0225,0.5,2025-11-18,sexta
2025-11-14,ING0227,0.5,2025-11-18,sexta
2025-11-14,ING0241,0.5,2025-11-18,sexta
2025-11-17,ING0027,5.5,2025-11-21,emergencial
2025-11-17,ING0030,22.0,2025-11-21,emergencial
2025-11-17,ING0060,23.0,2025-11-22,emergencial
2025-11-17,ING0063,39.0,2025-11-21,emergencial
2025-11-17,ING0076,31.0,2025-11-19,emergencial
2025-11-17,ING0122,47.5,2025-11-21,emergencial
2025-11-17,ING0188,98.0,2025-11-20,emergencial
2025-11-17,ING0189,3.0,2025-11-20,emergencial
2025-11-17,ING0206,164.0,2025-11-28,emergencial
2025-11-17,ING0222,19.60498420480474,2025-11-21,emergencial
2025-11-18,ING0070,36.0,2025-12-03,emergencial
2025-11-18,ING0076,41.0,2025-11-20,emergencial
2025-11-18,ING0104,5.0,2025-11-21,emergencial
2025-11-18,ING0115,4.0,2025-11-19,emergencial
2025-11-18,ING0188,95.0,2025-11-22,emergencial
2025-11-18,ING0189,3.5,2025-11-21,emergencial
2025-11-18,ING0204,1.5,2025-11-21,emergencial
2025-11-18,ING0206,174.5,2025-11-28,emergencial
2025-11-19,ING0004,274.12766312101314,2025-11-22,emergencial
2025-11-19,ING0009,4.5,2025-11-22,emergencial
2025-11-19,ING0015,535.0,2025-11-22,emergencial
2025-11-19,ING0028,19.0,2025-11-23,emergencial
2025-11-19,ING0030,21.5,2025-11-26,emergencial
2025-11-19,ING0034,3.0,2025-11-20,emergencial
2025-11-19,ING0040,12.0,2025-11-20,emergencial
2025-11-19,ING0042,1.0,2025-11-20,emergencial
2025-11-19,ING0045,60.0,2025-11-20,emergencial
2025-11-19,ING0060,31.0,2025-11-23,emergencial
2025-11-19,ING0070,45.5,2025-12-04,emergencial
2025-11-19,ING0079,36.5,2025-11-21,emergencial
2025-11-19,ING0088,156.5,2025-11-21,emergencial
2025-11-19,ING0090,7.5,2025-11-21,emergencial
2025-11-19,ING0093,5.5,2025-11-21,emergencial
2025-11-19,ING0095,125.0120784309024,2025-11-21,emergencial
2025-11-19,ING0104,4.0,2025-11-20,emergencial
2025-11-19,ING0126,4.0,2025-11-23,emergencial
2025-11-19,ING0163,2189.0,2025-11-21,emergencial
2025-11-19,ING0164,8.0,2025-11-22,emergencial
2025-11-19,ING0165,3.5,2025-11-22,emergencial
2025-11-19,ING0169,5.0,2025-11-22,emergencial
2025-11-19,ING0174,22.5,2025-11-27,emergencial
2025-11-19,ING0188,82.57317252628694,2025-11-23,emergencial
2025-11-19,ING0189,2.0,2025-11-22,emergencial
2025-11-19,ING0203,12.0,2025-11-22,emergencial
2025-11-19,ING0204,1.5,2025-11-22,emergencial
2025-11-19,ING0206,176.52256659342274,2025-11-29,emergencial
2025-11-19,ING0214,225.0,2025-11-22,emergencial
2025-11-19,ING0215,129.5,2025-11-25,emergencial
2025-11-19,ING0218,124.56327715742657,2025-11-23,emergencial
2025-11-19,ING0231,2.5,2025-11-23,emergencial
2025-11-19,ING0238,2.0,2025-11-23,emergencial
2025-11-20,ING0004,303.92414824286243,2025-11-23,emergencial
2025-11-20,ING0009,4.5,2025-11-24,emergencial
2025-11-20,ING0015,583.0,2025-11-23,emergencial
2025-11-20,ING0030,22.5,2025-11-24,emergencial
2025-11-20,ING0060,30.0,2025-11-24,emergencial
2025-11-20,ING0070,50.0,2025-12-05,emergencial
2025-11-20,ING0079,43.5,2025-11-22,emergencial
2025-11-20,ING0088,173.0,2025-11-22,emergencial
2025-11-20,ING0090,7.0,2025-11-22,emergencial
2025-11-20,ING0093,6.5,2025-11-22,emergencial
2025-11-20,ING0126,4.0,2025-11-24,emergencial
2025-11-20,ING0163,2381.0,2025-11-21,emergencial
2025-11-20,ING0164,9.5,2025-11-23,emergencial
2025-11-20,ING0169,4.5,2025-11-24,emergencial
2025-11-20,ING0174,28.0,2025-11-29,emergencial
2025-11-20,ING0203,13.5,2025-11-23,emergencial
2025-11-20,ING0204,2.0,2025-11-23,emergencial
2025-11-20,ING0206,202.5,2025-11-23,emergencial
2025-11-20,ING0214,230.0,2025-11-24,emergencial
2025-11-20,ING0215,149.5,2025-11-27,emergencial
2025-11-20,ING0218,131.5,2025-11-23,emergencial
2025-11-20,ING0231,2.5,2025-11-24,emergencial
2025-11-20,ING0238,2.0,2025-11-24,emergencial
2025-11-21,ING0002,0.5,2025-11-24,sexta
2025-11-21,ING0004,192.18732903592772,2025-11-24,sexta
2025-11-21,ING0007,0.5,2025-11-24,sexta
2025-11-21,ING0008,25.5,2025-11-27,sexta
2025-11-21,ING0009,4.5,2025-11-24,sexta
2025-11-21,ING0012,10.5,2025-11-24,sexta
2025-11-21,ING0015,421.0,2025-11-24,sexta
2025-11-21,ING0018,79.5,2025-11-24,sexta
2025-11-21,ING0024,9.0,2025-11-24,sexta
2025-11-21,ING0027,1.5,2025-11-25,sexta
2025-11-21,ING0028,22.5,2025-11-25,sexta
2025-11-21,ING0029,9.115338082842076,2025-11-27,sexta
2025-11-21,ING0030,4.5,2025-11-25,sexta
2025-11-21,ING0036,1.5,2025-11-24,sexta
2025-11-21,ING0037,2.0,2025-11-22,sexta
2025-11-21,ING0039,0.5,2025-11-25,sexta
2025-11-21,ING0042,0.5,2025-11-22,sexta
2025-11-21,ING0044,0.5,2025-11-22,sexta
2025-11-21,ING0046,0.5,2025-11-23,sexta
2025-11-21,ING0050,0.5,2025-11-23,sexta
2025-11-21,ING0052,53.0,2025-11-25,sexta
2025-11-21,ING0054,0.5,2025-11-23,sexta
2025-11-21,ING0059,1.0,2025-11-25,sexta
2025-11-21,ING0060,19.5,2025-11-25,sexta
2025-11-21,ING0064,0.5,2025-11-25,sexta
2025-11-21,ING0066,232.0,2025-11-25,sexta
2025-11-21,ING0069,28.964086732022846,2025-11-25,sexta
2025-11-21,ING0070,36.5,2025-12-06,sexta
2025-11-21,ING0071,30.91396975045538,2025-11-25,sexta
2025-11-21,ING0076,9.5,2025-11-25,sexta
2025-11-21,ING0078,7.0,2025-11-24,sexta
2025-11-21,ING0079,12.0,2025-11-23,sexta
2025-11-21,ING0081,21.0,2025-11-23,sexta
2025-11-21,ING0083,3.0,2025-11-23,sexta
2025-11-21,ING0084,73.7458587555248,2025-11-23,sexta
2025-11-21,ING0086,33.0,2025-11-23,sexta
2025-11-21,ING0089,139.00622702725764,2025-11-23,sexta
2025-11-21,ING0091,7.5,2025-11-23,sexta
2025-11-21,ING0093,2.0,2025-11-23,sexta
2025-11-21,ING0098,0.5,2025-11-22,sexta
2025-11-21,ING0101,0.44314284924214925,2025-11-22,sexta
2025-11-21,ING0109,0.5,2025-11-24,sexta
2025-11-21,ING0112,0.5,2025-11-22,sexta
2025-11-21,ING0114,0.5,2025-11-25,sexta
2025-11-21,ING0115,1.0,2025-11-22,sexta
2025-11-21,ING0121,5.5,2025-11-25,sexta
2025-11-21,ING0124,2.0,2025-11-25,sexta
2025-11-21,ING0126,4.0,2025-11-25,sexta
2025-11-21,ING0136,0.5,2025-11-25,sexta
2025-11-21,ING0137,0.5,2025-12-03,sexta
2025-11-21,ING0143,7.0,2025-12-05,sexta
2025-11-21,ING0147,0.5,2025-11-25,sexta
2025-11-21,ING0148,0.5,2025-11-25,sexta
2025-11-21,ING0149,0.5,2025-11-25,sexta
2025-11-21,ING0151,1.0,2025-11-24,sexta
2025-11-21,ING0152,0.5,2025-11-24,sexta
2025-11-21,ING0154,32.0,2025-11-24,sexta
2025-11-21,ING0159,404.0,2025-11-22,sexta
2025-11-21,ING0160,1.0,2025-11-24,sexta
2025-11-21,ING0164,6.5,2025-11-24,sexta
2025-11-21,ING0165,3.5,2025-11-24,sexta
2025-11-21,ING0166,1.0,2025-11-26,sexta
2025-11-21,ING0169,3.0,2025-11-24,sexta
2025-11-21,ING0171,33.5,2025-11-24,sexta
2025-11-21,ING0174,26.0,2025-11-29,sexta
2025-11-21,ING0175,11.215149275164153,2025-11-24,sexta
2025-11-21,ING0188,43.0,2025-11-24,sexta
2025-11-21,ING0190,11.5,2025-11-24,sexta
2025-11-21,ING0203,10.0,2025-11-24,sexta
2025-11-21,ING0206,120.5,2025-11-24,sexta
2025-11-21,ING0211,64.0,2025-11-24,sexta
2025-11-21,ING0214,173.0,2025-11-24,sexta
2025-11-21,ING0215,106.5,2025-11-24,sexta
2025-11-21,ING0218,103.0,2025-11-25,sexta
2025-11-21,ING0227,0.5,2025-11-25,sexta
2025-11-21,ING0228,1.0,2025-12-11,sexta
2025-11-21,ING0231,2.0,2025-11-26,sexta
2025-11-21,ING0233,0.5,2025-11-25,sexta
2025-11-21,ING0237,0.5,2025-11-25,sexta
2025-11-21,ING0238,1.5,2025-11-28,sexta
2025-11-21,ING0239,0.5,2025-12-06,sexta
2025-11-21,ING0240,6.5,2025-11-25,sexta
2025-11-21,ING0242,107.0,2025-11-25,sexta
2025-11-21,ING0243,1.0,2025-12-05,sexta
2025-11-24,ING0008,20.0,2025-11-27,emergencial
2025-11-24,ING0052,48.628771378233175,2025-11-26,emergencial
2025-11-24,ING0066,180.5,2025-11-28,emergencial
2025-11-24,ING0069,16.0,2025-11-28,emergencial
2025-11-24,ING0070,29.5,2025-11-30,emergencial
2025-11-24,ING0096,3.0,2025-11-26,emergencial
2025-11-24,ING0100,2.0,2025-11-26,emergencial
2025-11-24,ING0106,2.0,2025-11-25,emergencial
2025-11-24,ING0111,5.0,2025-11-25,emergencial
2025-11-24,ING0121,3.5,2025-11-28,emergencial
2025-11-24,ING0124,1.5,2025-11-28,emergencial
2025-11-24,ING0143,9.0,2025-12-08,emergencial
2025-11-24,ING0166,1.0,2025-11-27,emergencial
2025-11-24,ING0174,21.0,2025-12-02,emergencial
2025-11-24,ING0240,5.0,2025-11-30,emergencial
2025-11-24,ING0242,77.5,2025-11-28,emergencial
2025-11-24,ING0243,1.5,2025-11-28,emergencial
2025-11-25,ING0008,20.0,2025-11-28,emergencial
2025-11-25,ING0070,26.5,2025-11-29,emergencial
2025-11-25,ING0096,3.0,2025-11-29,emergencial
2025-11-25,ING0100,2.0,2025-11-26,emergencial
2025-11-25,ING0143,9.5,2025-12-09,emergencial
2025-11-25,ING0166,1.0,2025-11-28,emergencial
2025-11-25,ING0174,25.5,2025-12-04,emergencial
2025-11-25,ING0243,2.0,2025-11-29,emergencial
2025-11-26,ING0008,22.5,2025-11-30,emergencial
2025-11-26,ING0070,34.0,2025-11-30,emergencial
2025-11-26,ING0143,9.5,2025-12-10,emergencial
2025-11-26,ING0174,21.5,2025-12-04,emergencial
2025-11-26,ING0243,2.0,2025-11-30,emergencial
2025-11-27,ING0026,3.0,2025-12-01,emergencial
2025-11-27,ING0070,42.5,2025-12-01,emergencial
2025-11-27,ING0143,11.5,2025-12-11,emergencial
2025-11-28,ING0001,0.5,2025-12-04,sexta
2025-11-28,ING0002,4.5,2025-12-01,sexta
2025-11-28,ING0007,1.0,2025-12-01,sexta
2025-11-28,ING0010,144.96621238315024,2025-12-01,sexta
2025-11-28,ING0012,5.0,2025-12-01,sexta
2025-11-28,ING0018,43.5,2025-12-01,sexta
2025-11-28,ING0019,162.0,2025-12-01,sexta
2025-11-28,ING0024,27.692116291767213,2025-12-01,sexta
2025-11-28,ING0026,4.0,2025-12-02,sexta
2025-11-28,ING0027,2.0,2025-12-02,sexta
2025-11-28,ING0028,3.0,2025-12-02,sexta
2025-11-28,ING0033,0.5,2025-11-29,sexta
2025-11-28,ING0034,1.5,2025-11-29,sexta
2025-11-28,ING0036,1.5,2025-11-29,sexta
2025-11-28,ING0037,1.5,2025-11-29,sexta
2025-11-28,ING0042,0.5,2025-11-29,sexta
2025-11-28,ING0046,0.5,2025-12-01,sexta
2025-11-28,ING0047,0.5,2025-11-30,sexta
2025-11-28,ING0049,2.0615872986307036,2025-11-30,sexta
2025-11-28,ING0055,0.5,2025-11-30,sexta
2025-11-28,ING0056,13.5,2025-11-30,sexta
2025-11-28,ING0059,1.0,2025-12-09,sexta
2025-11-28,ING0067,0.5,2025-12-02,sexta
2025-11-28,ING0069,0.5,2025-12-02,sexta
2025-11-28,ING0070,46.0,2025-12-02,sexta
2025-11-28,ING0075,1.0,2025-11-30,sexta
2025-11-28,ING0076,23.5,2025-11-30,sexta
2025-11-28,ING0078,3.5,2025-11-30,sexta
2025-11-28,ING0081,16.0,2025-11-30,sexta
2025-11-28,ING0083,2.0,2025-11-30,sexta
2025-11-28,ING0085,0.5,2025-11-30,sexta
2025-11-28,ING0096,2.0684362787381496,2025-11-30,sexta
2025-11-28,ING0097,0.5,2025-11-30,sexta
2025-11-28,ING0099,1.0,2025-11-29,sexta
2025-11-28,ING0104,2.5,2025-11-29,sexta
2025-11-28,ING0105,1.0,2025-12-01,sexta
2025-11-28,ING0106,1.5,2025-11-29,sexta
2025-11-28,ING0108,0.5,2025-11-29,sexta
2025-11-28,ING0111,5.382835378609238,2025-12-01,sexta
2025-11-28,ING0115,1.0,2025-11-29,sexta
2025-11-28,ING0122,19.0,2025-12-02,sexta
2025-11-28,ING0125,1.5,2025-12-02,sexta
2025-11-28,ING0135,0.5,2025-12-02,sexta
2025-11-28,ING0137,0.5,2025-12-02,sexta
2025-11-28,ING0138,0.5,2025-12-02,sexta
2025-11-28,ING0142,6.0,2025-12-03,sexta
2025-11-28,ING0143,13.5,2025-12-12,sexta
2025-11-28,ING0150,1.0,2025-12-01,sexta
2025-11-28,ING0152,1.0,2025-12-01,sexta
2025-11-28,ING0154,25.5,2025-12-01,sexta
2025-11-28,ING0159,510.0,2025-11-30,sexta
2025-11-28,ING0160,1.0,2025-12-01,sexta
2025-11-28,ING0165,0.5,2025-12-01,sexta
2025-11-28,ING0171,24.0,2025-12-01,sexta
2025-11-28,ING0174,7.5,2025-12-01,sexta
2025-11-28,ING0175,16.0,2025-12-01,sexta
2025-11-28,ING0190,8.0,2025-12-01,sexta
2025-11-28,ING0211,42.0,2025-12-07,sexta
2025-11-28,ING0227,0.5,2025-12-02,sexta
2025-11-28,ING0228,2.0,2025-12-21,sexta
2025-11-28,ING0239,0.5,2025-12-02,sexta
2025-11-28,ING0240,4.0,2025-12-02,sexta
2025-11-28,ING0241,0.5,2025-12-12,sexta
2025-11-28,ING0243,1.5,2025-12-02,sexta
2025-12-01,ING0003,2.0,2025-12-04,emergencial
2025-12-01,ING0143,13.5,2025-12-15,emergencial
2025-12-01,ING0160,3.5,2025-12-04,emergencial
2025-12-01,ING0228,2.0,2025-12-07,emergencial
2025-12-01,ING0238,2.0,2025-12-05,emergencial
2025-12-02,ING0002,3.5,2025-12-06,emergencial
2025-12-02,ING0003,2.0,2025-12-06,emergencial
2025-12-02,ING0143,13.5,2025-12-06,emergencial
2025-12-02,ING0160,3.0,2025-12-05,emergencial
2025-12-02,ING0228,1.5,2025-12-08,emergencial
2025-12-02,ING0238,2.0,2025-12-06,emergencial
2025-12-03,ING0002,2.5,2025-12-06,emergencial
2025-12-03,ING0003,1.5,2025-12-06,emergencial
2025-12-03,ING0076,17.0,2025-12-05,emergencial
2025-12-03,ING0086,85.0,2025-12-06,emergencial
2025-12-03,ING0143,10.5,2025-12-07,emergencial
2025-12-03,ING0160,2.5,2025-12-07,emergencial
2025-12-03,ING0220,8.5,2025-12-06,emergencial
2025-12-03,ING0228,1.5,2025-12-09,emergencial
2025-12-03,ING0238,5.283452246111917,2025-12-07,emergencial
2025-12-04,ING0069,14.0,2025-12-08,emergencial
2025-12-04,ING0076,16.5,2025-12-07,emergencial
2025-12-04,ING0086,79.0,2025-12-06,emergencial
2025-12-04,ING0098,1.5,2025-12-05,emergencial
2025-12-04,ING0143,22.407671601957972,2025-12-08,emergencial
2025-12-04,ING0220,8.0,2025-12-07,emergencial
2025-12-04,ING0238,3.962589184583938,2025-12-08,emergencial
2025-12-05,ING0002,2.0,2025-12-08,sexta
2025-12-05,ING0003,0.5,2025-12-08,sexta
2025-12-05,ING0010,14.0,2025-12-09,sexta
2025-12-05,ING0012,2.0,2025-12-08,sexta
2025-12-05,ING0016,0.5,2025-12-14,sexta
2025-12-05,ING0018,22.5,2025-12-09,sexta
2025-12-05,ING0027,1.0,2025-12-09,sexta
2025-12-05,ING0028,11.0,2025-12-09,sexta
2025-12-05,ING0037,1.5,2025-12-07,sexta
2025-12-05,ING0039,0.5,2025-12-07,sexta
2025-12-05,ING0046,0.5,2025-12-06,sexta
2025-12-05,ING0049,8.246349194522814,2025-12-07,sexta
2025-12-05,ING0050,0.5,2025-12-09,sexta
2025-12-05,ING0051,0.5,2025-12-07,sexta
2025-12-05,ING0055,0.5,2025-12-07,sexta
2025-12-05,ING0056,9.0,2025-12-07,sexta
2025-12-05,ING0059,1.5,2025-12-09,sexta
2025-12-05,ING0067,0.5,2025-12-09,sexta
2025-12-05,ING0069,14.575340469882773,2025-12-09,sexta
2025-12-05,ING0071,2.5,2025-12-09,sexta
2025-12-05,ING0072,0.5,2025-12-09,sexta
2025-12-05,ING0073,0.5,2025-12-09,sexta
2025-12-05,ING0076,3.5,2025-12-08,sexta
2025-12-05,ING0081,13.5,2025-12-08,sexta
2025-12-05,ING0083,3.3003162863016318,2025-12-07,sexta
2025-12-05,ING0085,0.5,2025-12-07,sexta
2025-12-05,ING0086,77.511321960065,2025-12-07,sexta
2025-12-05,ING0087,0.5,2025-12-07,sexta
2025-12-05,ING0091,5.5,2025-12-09,sexta
2025-12-05,ING0097,0.5,2025-12-09,sexta
2025-12-05,ING0098,0.5,2025-12-06,sexta
2025-12-05,ING0104,1.0,2025-12-07,sexta
2025-12-05,ING0106,1.5,2025-12-09,sexta
2025-12-05,ING0122,8.5,2025-12-09,sexta
2025-12-05,ING0127,1.0,2025-12-09,sexta
2025-12-05,ING0129,6.523558016513502,2025-12-09,sexta
2025-12-05,ING0134,0.5,2025-12-09,sexta
2025-12-05,ING0136,0.5,2025-12-09,sexta
2025-12-05,ING0142,4.5,2025-12-10,sexta
2025-12-05,ING0143,9.958965156425766,2025-12-09,sexta
2025-12-05,ING0145,0.5,2025-12-18,sexta
2025-12-05,ING0151,0.5,2025-12-09,sexta
2025-12-05,ING0156,0.541907678020943,2025-12-11,sexta
2025-12-05,ING0161,3.0,2025-12-09,sexta
2025-12-05,ING0163,719.0,2025-12-06,sexta
2025-12-05,ING0165,1.0,2025-12-08,sexta
2025-12-05,ING0171,11.5,2025-12-08,sexta
2025-12-05,ING0175,6.0,2025-12-09,sexta
2025-12-05,ING0183,1.5,2025-12-08,sexta
2025-12-05,ING0220,6.5,2025-12-08,sexta
2025-12-05,ING0224,3.5,2025-12-09,sexta
2025-12-05,ING0227,0.5,2025-12-09,sexta
2025-12-05,ING0228,1.0,2025-12-11,sexta
2025-12-05,ING0237,0.5,2025-12-09,sexta
2025-12-08,ING0028,23.0,2025-12-12,emergencial
2025-12-08,ING0059,2.0,2025-12-12,emergencial
2025-12-08,ING0106,2.5,2025-12-09,emergencial
2025-12-08,ING0161,5.0,2025-12-11,emergencial
2025-12-08,ING0175,15.0,2025-12-11,emergencial
2025-12-08,ING0195,1.0,2025-12-11,emergencial
2025-12-09,ING0081,13.0,2025-12-11,emergencial
2025-12-09,ING0195,1.5,2025-12-15,emergencial
2025-12-10,ING0081,13.5,2025-12-12,emergencial
2025-12-10,ING0195,1.5,2025-12-13,emergencial
2025-12-12,ING0005,0.5,2025-12-23,sexta
2025-12-12,ING0010,186.0,2025-12-15,sexta
2025-12-12,ING0011,0.5,2025-12-15,sexta
2025-12-12,ING0012,4.0,2025-12-15,sexta
2025-12-12,ING0016,0.5,2025-12-15,sexta
2025-12-12,ING0033,0.5,2025-12-15,sexta
2025-12-12,ING0036,1.0,2025-12-13,sexta
2025-12-12,ING0037,9.954672634984114,2025-12-13,sexta
2025-12-12,ING0046,0.5,2025-12-13,sexta
2025-12-12,ING0049,3.0,2025-12-14,sexta
2025-12-12,ING0066,181.33711985903034,2025-12-16,sexta
2025-12-12,ING0067,0.5,2025-12-16,sexta
2025-12-12,ING0069,12.5,2025-12-16,sexta
2025-12-12,ING0071,9.5,2025-12-19,sexta
2025-12-12,ING0076,0.5,2025-12-14,sexta
2025-12-12,ING0087,1.5,2025-12-14,sexta
2025-12-12,ING0096,0.5,2025-12-14,sexta
2025-12-12,ING0098,0.5,2025-12-13,sexta
2025-12-12,ING0101,0.5,2025-12-15,sexta
2025-12-12,ING0103,0.5,2025-12-13,sexta
2025-12-12,ING0105,2.0,2025-12-13,sexta
2025-12-12,ING0107,1.0,2025-12-14,sexta
2025-12-12,ING0113,0.5,2025-12-13,sexta
2025-12-12,ING0115,1.0,2025-12-13,sexta
2025-12-12,ING0122,7.979330290433121,2025-12-16,sexta
2025-12-12,ING0132,5.0,2025-12-16,sexta
2025-12-12,ING0135,0.5,2025-12-19,sexta
2025-12-12,ING0142,13.0,2025-12-26,sexta
2025-12-12,ING0145,0.5,2025-12-16,sexta
2025-12-12,ING0147,0.5,2025-12-16,sexta
2025-12-12,ING0150,0.5,2025-12-15,sexta
2025-12-12,ING0163,1169.0,2025-12-13,sexta
2025-12-12,ING0171,19.0,2025-12-16,sexta
2025-12-12,ING0225,0.5,2025-12-16,sexta
2025-12-12,ING0227,0.5,2025-12-16,sexta
2025-12-12,ING0229,0.5,2025-12-16,sexta
2025-12-12,ING0233,0.5,2025-12-16,sexta
2025-12-15,ING0019,362.0,2025-12-18,emergencial
2025-12-15,ING0027,2.0,2025-12-19,emergencial
2025-12-15,ING0066,139.5,2025-12-19,emergencial
2025-12-15,ING0069,12.0,2025-12-19,emergencial
2025-12-15,ING0071,14.0,2025-12-19,emergencial
2025-12-15,ING0104,3.0,2025-12-16,emergencial
2025-12-15,ING0142,13.0,2025-12-21,emergencial
2025-12-15,ING0171,27.5,2025-12-18,emergencial
2025-12-15,ING0190,12.0,2025-12-18,emergencial
2025-12-16,ING0010,150.0,2025-12-19,emergencial
2025-12-16,ING0018,61.5,2025-12-19,emergencial
2025-12-16,ING0019,363.0,2025-12-19,emergencial
2025-12-16,ING0027,2.0,2025-12-20,emergencial
2025-12-16,ING0049,12.5,2025-12-18,emergencial
2025-12-16,ING0071,16.0,2025-12-20,emergencial
2025-12-16,ING0076,11.0,2025-12-18,emergencial
2025-12-16,ING0091,9.0,2025-12-18,emergencial
2025-12-16,ING0142,12.5,2025-12-21,emergencial
2025-12-16,ING0190,10.5,2025-12-19,emergencial
2025-12-17,ING0018,74.5,2025-12-20,emergencial
2025-12-17,ING0019,454.0,2025-12-20,emergencial
2025-12-17,ING0027,2.5,2025-12-22,emergencial
2025-12-17,ING0033,5.098280973843673,2025-12-18,emergencial
2025-12-17,ING0049,16.5,2025-12-19,emergencial
2025-12-17,ING0071,19.5,2025-12-24,emergencial
2025-12-17,ING0076,14.5,2025-12-22,emergencial
2025-12-17,ING0091,12.0,2025-12-19,emergencial
2025-12-17,ING0096,2.5,2025-12-19,emergencial
2025-12-17,ING0142,16.0,2025-12-22,emergencial
2025-12-17,ING0190,13.0,2025-12-20,emergencial
2025-12-18,ING0018,79.5,2025-12-21,emergencial
2025-12-18,ING0071,20.0,2025-12-22,emergencial
2025-12-18,ING0096,3.0,2025-12-20,emergencial
2025-12-18,ING0142,16.0,2025-12-22,emergencial
2025-12-19,ING0001,1.0,2025-12-22,sexta
2025-12-19,ING0005,0.5,2025-12-23,sexta
2025-12-19,ING0010,138.0,2025-12-22,sexta
2025-12-19,ING0012,8.5,2025-12-22,sexta
2025-12-19,ING0018,28.0,2025-12-22,sexta
2025-12-19,ING0026,1.5,2025-12-23,sexta
2025-12-19,ING0027,2.0,2025-12-23,sexta
2025-12-19,ING0028,17.0,2025-12-23,sexta
2025-12-19,ING0036,0.5,2025-12-20,sexta
2025-12-19,ING0038,2.5,2025-12-20,sexta
2025-12-19,ING0039,0.5,2025-12-21,sexta
2025-12-19,ING0041,0.5,2025-12-20,sexta
2025-12-19,ING0044,0.5,2025-12-20,sexta
2025-12-19,ING0052,122.18582672195471,2025-12-21,sexta
2025-12-19,ING0054,0.5,2025-12-21,sexta
2025-12-19,ING0055,0.5,2025-12-21,sexta
2025-12-19,ING0071,0.5,2025-12-23,sexta
2025-12-19,ING0076,9.0,2025-12-21,sexta
2025-12-19,ING0078,4.5,2025-12-21,sexta
2025-12-19,ING0081,16.5,2025-12-21,sexta
2025-12-19,ING0085,0.5,2025-12-25,sexta
2025-12-19,ING0086,115.0,2025-12-21,sexta
2025-12-19,ING0087,9.589433620553233,2025-12-21,sexta
2025-12-19,ING0096,1.0,2025-12-21,sexta
2025-12-19,ING0097,0.5,2025-12-21,sexta
2025-12-19,ING0098,0.5,2025-12-20,sexta
2025-12-19,ING0105,1.0,2025-12-20,sexta
2025-12-19,ING0106,1.5,2025-12-20,sexta
2025-12-19,ING0107,1.0,2025-12-20,sexta
2025-12-19,ING0108,0.5,2025-12-20,sexta
2025-12-19,ING0114,0.5,2025-12-20,sexta
2025-12-19,ING0115,2.5,2025-12-20,sexta
2025-12-19,ING0122,12.0,2025-12-24,sexta
2025-12-19,ING0126,1.0,2025-12-24,sexta
2025-12-19,ING0136,0.5,2025-12-23,sexta
2025-12-19,ING0138,0.5,2025-12-23,sexta
2025-12-19,ING0142,19.5,2025-12-23,sexta
2025-12-19,ING0149,0.5,2025-12-23,sexta
2025-12-19,ING0150,0.5,2025-12-22,sexta
2025-12-19,ING0168,1.0,2025-12-22,sexta
2025-12-19,ING0169,0.5,2025-12-22,sexta
2025-12-19,ING0175,7.5,2025-12-23,sexta
2025-12-19,ING0207,1.0,2025-12-22,sexta
2025-12-19,ING0211,44.0,2025-12-22,sexta
2025-12-19,ING0224,5.5,2025-12-31,sexta
2025-12-19,ING0227,0.5,2025-12-23,sexta
2025-12-19,ING0242,58.5,2025-12-23,sexta
2025-12-22,ING0028,25.5,2025-12-27,emergencial
2025-12-22,ING0069,22.0,2025-12-30,emergencial
2025-12-22,ING0128,1.0,2025-12-26,emergencial
2025-12-22,ING0160,3.5,2025-12-25,emergencial
2025-12-22,ING0175,15.0,2025-12-26,emergencial
2025-12-22,ING0224,8.0,2026-01-03,emergencial
2025-12-23,ING0069,24.0,2025-12-31,emergencial
2025-12-23,ING0128,1.0,2025-12-27,emergencial
2025-12-23,ING0132,11.5,2025-12-27,emergencial
2025-12-23,ING0160,3.5,2025-12-26,emergencial
2025-12-23,ING0224,8.5,2026-01-04,emergencial
2025-12-24,ING0002,8.0,2025-12-27,emergencial
2025-12-24,ING0008,31.5,2025-12-27,emergencial
2025-12-24,ING0069,22.5,2026-01-01,emergencial
2025-12-24,ING0086,158.5,2025-12-26,emergencial
2025-12-24,ING0098,1.5,2025-12-25,emergencial
2025-12-24,ING0128,1.0,2025-12-28,emergencial
2025-12-24,ING0132,11.0,2025-12-28,emergencial
2025-12-24,ING0160,2.5,2025-12-27,emergencial
2025-12-24,ING0169,2.0,2025-12-31,emergencial
2025-12-24,ING0224,9.5,2026-01-05,emergencial
2025-12-25,ING0002,9.0,2025-12-28,emergencial
2025-12-25,ING0008,31.0,2025-12-28,emergencial
2025-12-25,ING0040,15.5,2025-12-26,emergencial
2025-12-25,ING0069,22.0,2026-01-02,emergencial
2025-12-25,ING0086,157.5,2025-12-27,emergencial
2025-12-25,ING0090,4.0,2025-12-27,emergencial
2025-12-25,ING0128,1.0,2025-12-29,emergencial
2025-12-25,ING0131,2.5,2025-12-29,emergencial
2025-12-25,ING0132,11.0,2025-12-29,emergencial
2025-12-25,ING0161,4.364616256144009,2025-12-29,emergencial
2025-12-25,ING0224,10.0,2026-01-06,emergencial
2025-12-26,ING0001,1.0,2025-12-29,sexta
2025-12-26,ING0002,8.0,2025-12-29,sexta
2025-12-26,ING0008,28.5,2025-12-29,sexta
2025-12-26,ING0010,249.0,2025-12-29,sexta
2025-12-26,ING0012,26.720515451778986,2025-12-29,sexta
2025-12-26,ING0015,473.0,2026-01-02,sexta
2025-12-26,ING0025,12.5,2025-12-29,sexta
2025-12-26,ING0026,1.5,2025-12-30,sexta
2025-12-26,ING0028,18.0,2025-12-30,sexta
2025-12-26,ING0030,2.0,2026-01-01,sexta
2025-12-26,ING0036,0.5,2025-12-27,sexta
2025-12-26,ING0038,1.5,2025-12-27,sexta
2025-12-26,ING0039,0.5,2025-12-27,sexta
2025-12-26,ING0046,0.5,2025-12-27,sexta
2025-12-26,ING0047,0.5,2025-12-27,sexta
2025-12-26,ING0049,15.5,2025-12-28,sexta
2025-12-26,ING0066,105.0,2025-12-31,sexta
2025-12-26,ING0069,21.0,2026-01-03,sexta
2025-12-26,ING0073,0.5,2026-01-02,sexta
2025-12-26,ING0076,11.0,2026-01-01,sexta
2025-12-26,ING0078,5.0,2025-12-28,sexta
2025-12-26,ING0081,24.5,2025-12-28,sexta
2025-12-26,ING0085,0.5,2025-12-28,sexta
2025-12-26,ING0090,4.327495447432027,2025-12-28,sexta
2025-12-26,ING0097,0.5,2025-12-30,sexta
2025-12-26,ING0098,0.5,2025-12-30,sexta
2025-12-26,ING0100,0.5,2025-12-27,sexta
2025-12-26,ING0102,1.5,2025-12-27,sexta
2025-12-26,ING0103,0.5,2025-12-27,sexta
2025-12-26,ING0104,3.5,2025-12-29,sexta
2025-12-26,ING0106,2.5,2025-12-27,sexta
2025-12-26,ING0112,0.5,2025-12-28,sexta
2025-12-26,ING0115,1.110143872399745,2025-12-29,sexta
2025-12-26,ING0122,23.5,2025-12-30,sexta
2025-12-26,ING0124,1.9579724413418291,2025-12-30,sexta
2025-12-26,ING0128,0.5,2025-12-30,sexta
2025-12-26,ING0131,2.0,2025-12-30,sexta
2025-12-26,ING0132,11.0,2025-12-31,sexta
2025-12-26,ING0133,0.5,2025-12-30,sexta
2025-12-26,ING0134,0.5,2025-12-30,sexta
2025-12-26,ING0151,1.0,2026-01-01,sexta
2025-12-26,ING0161,4.0,2025-12-29,sexta
2025-12-26,ING0164,0.5,2025-12-29,sexta
2025-12-26,ING0169,2.5,2025-12-29,sexta
2025-12-26,ING0171,45.5,2025-12-29,sexta
2025-12-26,ING0183,1.5,2025-12-29,sexta
2025-12-26,ING0188,30.0,2025-12-29,sexta
2025-12-26,ING0194,0.5,2025-12-30,sexta
2025-12-26,ING0211,39.0,2025-12-29,sexta
2025-12-26,ING0218,103.0,2025-12-29,sexta
2025-12-26,ING0224,9.0,2025-12-30,sexta
2025-12-26,ING0227,0.5,2025-12-30,sexta
2025-12-26,ING0237,0.5,2025-12-30,sexta
2025-12-26,ING0240,6.0,2025-12-30,sexta
2025-12-26,ING0241,0.5,2025-12-30,sexta
2025-12-26,ING0242,54.5,2025-12-30,sexta
2025-12-29,ING0015,509.0,2026-01-02,emergencial
2025-12-29,ING0066,240.0,2026-01-02,emergencial
2025-12-29,ING0069,23.5,2026-01-06,emergencial
2025-12-29,ING0076,38.0,2026-01-04,emergencial
2025-12-29,ING0094,7.0,2025-12-31,emergencial
2025-12-29,ING0122,36.5,2026-01-02,emergencial
2025-12-29,ING0194,1.0,2026-01-01,emergencial
2025-12-29,ING0224,9.5,2026-01-02,emergencial
2025-12-29,ING0240,5.963865615881244,2026-01-12,emergencial
2025-12-29,ING0242,101.0,2026-01-02,emergencial
2025-12-30,ING0034,3.5,2025-12-31,emergencial
2025-12-30,ING0066,269.0,2026-01-03,emergencial
2025-12-30,ING0076,40.0,2026-01-01,emergencial
2025-12-30,ING0094,7.0,2026-01-02,emergencial
2025-12-31,ING0076,35.5,2026-01-02,emergencial
2026-01-01,ING0139,1.5,2026-01-05,emergencial
2026-01-01,ING0191,3.8301904688995254,2026-01-04,emergencial
2026-01-01,ING0192,3.0,2026-01-04,emergencial
2026-01-01,ING0232,1.0,2026-01-07,emergencial
2026-01-02,ING0001,1.5,2026-01-05,sexta
2026-01-02,ING0003,1.0,2026-01-05,sexta
2026-01-02,ING0010,292.0,2026-01-05,sexta
2026-01-02,ING0018,0.5,2026-01-05,sexta
2026-01-02,ING0026,1.5,2026-01-06,sexta
2026-01-02,ING0027,2.5,2026-01-06,sexta
2026-01-02,ING0030,11.5,2026-01-06,sexta
2026-01-02,ING0036,1.0,2026-01-05,sexta
2026-01-02,ING0038,1.5,2026-01-03,sexta
2026-01-02,ING0040,12.5,2026-01-03,sexta
2026-01-02,ING0049,19.5,2026-01-04,sexta
2026-01-02,ING0050,0.5,2026-01-04,sexta
2026-01-02,ING0051,0.5,2026-01-08,sexta
2026-01-02,ING0078,8.0,2026-01-04,sexta
2026-01-02,ING0079,24.5,2026-01-04,sexta
2026-01-02,ING0081,29.0,2026-01-04,sexta
2026-01-02,ING0085,0.5,2026-01-04,sexta
2026-01-02,ING0096,4.0,2026-01-05,sexta
2026-01-02,ING0098,0.5,2026-01-04,sexta
2026-01-02,ING0102,1.5,2026-01-03,sexta
2026-01-02,ING0106,2.5,2026-01-03,sexta
2026-01-02,ING0110,3.5,2026-01-03,sexta
2026-01-02,ING0115,1.5,2026-01-05,sexta
2026-01-02,ING0135,0.5,2026-01-06,sexta
2026-01-02,ING0139,2.0,2026-01-06,sexta
2026-01-02,ING0147,0.5,2026-01-08,sexta
2026-01-02,ING0148,0.5,2026-01-06,sexta
2026-01-02,ING0154,51.5,2026-01-05,sexta
2026-01-02,ING0156,0.5,2026-01-05,sexta
2026-01-02,ING0164,4.5,2026-01-07,sexta
2026-01-02,ING0165,2.5,2026-01-05,sexta
2026-01-02,ING0169,0.5,2026-01-05,sexta
2026-01-02,ING0171,27.5350153677284,2026-01-05,sexta
2026-01-02,ING0175,18.0,2026-01-05,sexta
2026-01-02,ING0188,69.72109097299,2026-01-05,sexta
2026-01-02,ING0191,5.0,2026-01-07,sexta
2026-01-02,ING0192,4.5,2026-01-05,sexta
2026-01-02,ING0211,62.93134642576195,2026-01-13,sexta
2026-01-02,ING0214,132.0,2026-01-05,sexta
2026-01-02,ING0218,72.0,2026-01-05,sexta
2026-01-02,ING0220,5.5,2026-01-08,sexta
2026-01-02,ING0225,0.5,2026-01-06,sexta
2026-01-02,ING0227,0.4742590256631495,2026-01-06,sexta
2026-01-02,ING0231,2.5,2026-01-06,sexta
2026-01-02,ING0232,1.5,2026-01-08,sexta
2026-01-02,ING0239,0.5,2026-01-06,sexta
2026-01-02,ING0240,3.0,2026-01-06,sexta
2026-01-05,ING0027,6.254603406761719,2026-01-09,emergencial
2026-01-05,ING0030,14.5,2026-01-12,emergencial
2026-01-05,ING0033,3.0,2026-01-06,emergencial
2026-01-05,ING0063,19.0,2026-01-09,emergencial
2026-01-05,ING0086,123.5,2026-01-07,emergencial
2026-01-05,ING0098,1.5,2026-01-06,emergencial
2026-01-05,ING0139,7.0,2026-01-09,emergencial
2026-01-05,ING0164,5.0,2026-01-08,emergencial
2026-01-05,ING0191,22.0,2026-01-08,emergencial
2026-01-05,ING0192,18.0,2026-01-09,emergencial
2026-01-05,ING0211,57.0,2026-01-16,emergencial
2026-01-05,ING0231,2.0,2026-01-09,emergencial
2026-01-05,ING0232,5.5,2026-01-13,emergencial
2026-01-05,ING0240,5.0,2026-01-09,emergencial
2026-01-06,ING0027,4.0,2026-01-10,emergencial
2026-01-06,ING0028,12.5,2026-01-10,emergencial
2026-01-06,ING0033,2.0,2026-01-07,emergencial
2026-01-06,ING0063,16.0,2026-01-10,emergencial
2026-01-06,ING0086,120.0,2026-01-08,emergencial
2026-01-06,ING0104,3.0,2026-01-09,emergencial
2026-01-06,ING0110,2.5,2026-01-07,emergencial
2026-01-06,ING0164,5.0,2026-01-09,emergencial
2026-01-06,ING0169,3.0,2026-01-09,emergencial
2026-01-06,ING0191,21.0,2026-01-09,emergencial
2026-01-06,ING0192,17.0,2026-01-09,emergencial
2026-01-06,ING0211,49.0,2026-01-16,emergencial
2026-01-06,ING0232,5.5,2026-01-12,emergencial
2026-01-07,ING0027,4.0,2026-01-11,emergencial
2026-01-07,ING0028,12.5,2026-01-15,emergencial
2026-01-07,ING0063,12.5,2026-01-11,emergencial
2026-01-07,ING0104,2.0,2026-01-08,emergencial
2026-01-07,ING0106,1.5,2026-01-08,emergencial
2026-01-07,ING0128,3.0,2026-01-11,emergencial
2026-01-07,ING0139,6.0,2026-01-11,emergencial
2026-01-07,ING0169,2.0,2026-01-16,emergencial
2026-01-07,ING0191,18.5,2026-01-10,emergencial
2026-01-07,ING0192,15.0,2026-01-10,emergencial
2026-01-07,ING0211,47.0,2026-01-17,emergencial
2026-01-07,ING0232,4.5,2026-01-13,emergencial
2026-01-07,ING0238,6.0,2026-01-11,emergencial
2026-01-08,ING0027,4.0,2026-01-12,emergencial
2026-01-08,ING0028,13.0,2026-01-12,emergencial
2026-01-08,ING0033,2.0,2026-01-09,emergencial
2026-01-08,ING0063,12.0,2026-01-12,emergencial
2026-01-08,ING0084,44.5,2026-01-10,emergencial
2026-01-08,ING0115,1.5,2026-01-09,emergencial
2026-01-08,ING0128,3.5,2026-01-12,emergencial
2026-01-08,ING0139,7.5,2026-01-12,emergencial
2026-01-08,ING0169,2.5,2026-01-17,emergencial
2026-01-08,ING0192,19.0,2026-01-11,emergencial
2026-01-08,ING0211,47.0,2026-01-18,emergencial
2026-01-08,ING0238,7.5,2026-01-12,emergencial
2026-01-09,ING0001,1.0,2026-01-12,sexta
2026-01-09,ING0002,4.5,2026-01-12,sexta
2026-01-09,ING0003,1.5,2026-01-12,sexta
2026-01-09,ING0017,1.5,2026-01-12,sexta
2026-01-09,ING0018,48.0,2026-01-12,sexta
2026-01-09,ING0019,282.0,2026-01-12,sexta
2026-01-09,ING0024,2.0,2026-01-12,sexta
2026-01-09,ING0026,1.0,2026-01-13,sexta
2026-01-09,ING0027,1.5934562725899735,2026-01-13,sexta
2026-01-09,ING0028,12.5,2026-01-13,sexta
2026-01-09,ING0030,5.5,2026-01-14,sexta
2026-01-09,ING0033,0.5629316239979169,2026-01-10,sexta
2026-01-09,ING0034,1.5,2026-01-10,sexta
2026-01-09,ING0036,1.0,2026-01-10,sexta
2026-01-09,ING0038,2.417984951727295,2026-01-10,sexta
2026-01-09,ING0039,0.5,2026-01-12,sexta
2026-01-09,ING0049,16.5,2026-01-11,sexta
2026-01-09,ING0053,0.5,2026-01-11,sexta
2026-01-09,ING0055,0.5,2026-01-11,sexta
2026-01-09,ING0059,1.5,2026-01-13,sexta
2026-01-09,ING0072,0.5,2026-01-15,sexta
2026-01-09,ING0073,0.5,2026-01-13,sexta
2026-01-09,ING0075,1.0,2026-01-11,sexta
2026-01-09,ING0078,2.5,2026-01-11,sexta
2026-01-09,ING0079,15.0,2026-01-11,sexta
2026-01-09,ING0084,50.0,2026-01-11,sexta
2026-01-09,ING0086,24.5,2026-01-14,sexta
2026-01-09,ING0087,4.143331194734897,2026-01-12,sexta
2026-01-09,ING0088,64.0,2026-01-11,sexta
2026-01-09,ING0092,8.0,2026-01-12,sexta
2026-01-09,ING0096,3.0,2026-01-11,sexta
2026-01-09,ING0097,0.5,2026-01-11,sexta
2026-01-09,ING0098,0.5,2026-01-10,sexta
2026-01-09,ING0101,0.5,2026-01-10,sexta
2026-01-09,ING0103,0.5,2026-01-10,sexta
2026-01-09,ING0105,1.0,2026-01-10,sexta
2026-01-09,ING0106,1.0,2026-01-10,sexta
2026-01-09,ING0107,0.5,2026-01-10,sexta
2026-01-09,ING0109,0.5,2026-01-10,sexta
2026-01-09,ING0110,2.0,2026-01-10,sexta
2026-01-09,ING0113,0.5,2026-01-10,sexta
2026-01-09,ING0114,0.5,2026-01-11,sexta
2026-01-09,ING0122,5.9453522439228355,2026-01-13,sexta
2026-01-09,ING0128,3.0,2026-01-13,sexta
2026-01-09,ING0131,1.0,2026-01-13,sexta
2026-01-09,ING0133,0.5,2026-01-13,sexta
2026-01-09,ING0146,1.0423690852660865,2026-01-13,sexta
2026-01-09,ING0150,1.0,2026-01-12,sexta
2026-01-09,ING0160,1.0,2026-01-12,sexta
2026-01-09,ING0165,2.0,2026-01-13,sexta
2026-01-09,ING0166,0.5,2026-01-12,sexta
2026-01-09,ING0169,1.0,2026-01-18,sexta
2026-01-09,ING0171,18.5,2026-01-12,sexta
2026-01-09,ING0175,7.5,2026-01-13,sexta
2026-01-09,ING0178,2.60152429627535,2026-01-15,sexta
2026-01-09,ING0188,37.0,2026-01-12,sexta
2026-01-09,ING0189,1.6014110794638305,2026-01-12,sexta
2026-01-09,ING0190,6.0,2026-01-19,sexta
2026-01-09,ING0194,0.5,2026-01-12,sexta
2026-01-09,ING0203,2.3003804333938622,2026-01-12,sexta
2026-01-09,ING0211,42.0,2026-01-19,sexta
2026-01-09,ING0214,115.0,2026-01-12,sexta
2026-01-09,ING0217,7.5,2026-01-16,sexta
2026-01-09,ING0218,54.5,2026-01-12,sexta
2026-01-09,ING0222,0.5,2026-01-13,sexta
2026-01-09,ING0232,4.0,2026-01-15,sexta
2026-01-09,ING0233,0.5,2026-01-20,sexta
2026-01-09,ING0237,0.5,2026-01-13,sexta
2026-01-09,ING0238,6.5,2026-01-13,sexta
2026-01-09,ING0239,0.5,2026-01-13,sexta
2026-01-09,ING0241,0.5,2026-01-13,sexta
2026-01-12,ING0010,224.0,2026-01-15,emergencial
2026-01-12,ING0059,2.5,2026-01-16,emergencial
2026-01-12,ING0081,13.0,2026-01-16,emergencial
2026-01-12,ING0098,1.5,2026-01-13,emergencial
2026-01-12,ING0165,2.442649231275445,2026-01-22,emergencial
2026-01-12,ING0175,11.0,2026-01-15,emergencial
2026-01-12,ING0211,78.0,2026-01-15,emergencial
2026-01-13,ING0010,1276.8654176692257,2026-01-17,emergencial
2026-01-13,ING0081,13.5,2026-01-16,emergencial
2026-01-14,ING0010,1200.688787637823,2026-01-17,emergencial
2026-01-14,ING0081,13.0,2026-01-16,emergencial
2026-01-14,ING0084,41.5,2026-01-16,emergencial
2026-01-14,ING0220,4.5,2026-01-17,emergencial
2026-01-15,ING0081,12.0,2026-01-17,emergencial
2026-01-15,ING0084,51.0,2026-01-17,emergencial
2026-01-15,ING0110,3.0,2026-01-16,emergencial
2026-01-15,ING0220,4.5,2026-01-18,emergencial
2026-01-16,ING0002,3.5,2026-01-19,sexta
2026-01-16,ING0003,1.0,2026-01-19,sexta
2026-01-16,ING0015,229.0,2026-01-19,sexta
2026-01-16,ING0019,342.0,2026-01-19,sexta
2026-01-16,ING0024,7.0,2026-01-19,sexta
2026-01-16,ING0033,4.0,2026-01-17,sexta
2026-01-16,ING0035,1.5,2026-01-17,sexta
2026-01-16,ING0036,0.5,2026-01-17,sexta
2026-01-16,ING0038,3.0,2026-01-17,sexta
2026-01-16,ING0039,0.4458730562493662,2026-01-17,sexta
2026-01-16,ING0040,11.0,2026-01-17,sexta
2026-01-16,ING0044,0.5,2026-01-17,sexta
2026-01-16,ING0045,37.0,2026-01-17,sexta
2026-01-16,ING0046,0.5,2026-01-19,sexta
2026-01-16,ING0049,17.0,2026-01-18,sexta
2026-01-16,ING0055,0.5,2026-01-18,sexta
2026-01-16,ING0061,3.0,2026-01-20,sexta
2026-01-16,ING0068,0.5,2026-01-20,sexta
2026-01-16,ING0075,1.0,2026-01-23,sexta
2026-01-16,ING0078,5.5,2026-01-18,sexta
2026-01-16,ING0079,17.5,2026-01-18,sexta
2026-01-16,ING0084,27.5,2026-01-18,sexta
2026-01-16,ING0085,0.5,2026-01-18,sexta
2026-01-16,ING0088,85.0,2026-01-23,sexta
2026-01-16,ING0090,7.0,2026-01-18,sexta
2026-01-16,ING0092,15.0,2026-01-18,sexta
2026-01-16,ING0094,5.5,2026-01-18,sexta
2026-01-16,ING0096,3.5,2026-01-18,sexta
2026-01-16,ING0097,0.5,2026-01-20,sexta
2026-01-16,ING0098,0.5,2026-01-17,sexta
2026-01-16,ING0103,0.5,2026-01-19,sexta
2026-01-16,ING0105,2.5,2026-01-17,sexta
2026-01-16,ING0106,1.0,2026-01-17,sexta
2026-01-16,ING0107,1.5,2026-01-17,sexta
2026-01-16,ING0108,0.5,2026-01-17,sexta
2026-01-16,ING0110,0.5,2026-01-17,sexta
2026-01-16,ING0115,2.5,2026-01-18,sexta
2026-01-16,ING0122,9.0,2026-01-20,sexta
2026-01-16,ING0129,2.5,2026-01-20,sexta
2026-01-16,ING0131,2.0,2026-01-20,sexta
2026-01-16,ING0136,0.5,2026-01-20,sexta
2026-01-16,ING0137,1.0318972084370288,2026-01-20,sexta
2026-01-16,ING0151,1.0,2026-01-19,sexta
2026-01-16,ING0160,2.0,2026-01-19,sexta
2026-01-16,ING0165,2.5,2026-01-19,sexta
2026-01-16,ING0166,1.0,2026-01-19,sexta
2026-01-16,ING0169,0.5,2026-01-19,sexta
2026-01-16,ING0171,36.0,2026-01-19,sexta
2026-01-16,ING0183,1.5,2026-01-19,sexta
2026-01-16,ING0188,55.0,2026-01-19,sexta
2026-01-16,ING0189,0.5,2026-01-24,sexta
2026-01-16,ING0190,20.0,2026-01-19,sexta
2026-01-16,ING0203,3.5,2026-01-19,sexta
2026-01-16,ING0214,125.0,2026-01-19,sexta
2026-01-16,ING0218,68.5,2026-01-19,sexta
2026-01-16,ING0220,9.5,2026-01-19,sexta
2026-01-16,ING0222,1.5,2026-01-20,sexta
2026-01-16,ING0227,1.0,2026-01-20,sexta
2026-01-16,ING0229,0.5,2026-01-20,sexta
2026-01-16,ING0233,0.5,2026-01-22,sexta
2026-01-16,ING0243,7.650026300219141,2026-01-20,sexta
2026-01-19,ING0034,3.5,2026-01-23,emergencial
2026-01-19,ING0131,4.0,2026-01-24,emergencial
2026-01-19,ING0222,3.0,2026-01-23,emergencial
2026-01-19,ING0243,13.387546025383497,2026-01-23,emergencial
2026-01-20,ING0003,2.5,2026-01-29,emergencial
2026-01-20,ING0034,2.5,2026-01-21,emergencial
2026-01-20,ING0088,138.0,2026-01-22,emergencial
2026-01-20,ING0102,1.0,2026-01-21,emergencial
2026-01-20,ING0160,6.0,2026-01-23,emergencial
2026-01-20,ING0183,1.5,2026-01-23,emergencial
2026-01-20,ING0194,1.0,2026-01-23,emergencial
2026-01-21,ING0003,2.8269473178102884,2026-01-30,emergencial
2026-01-21,ING0088,151.5,2026-01-23,emergencial
2026-01-21,ING0160,23.87762373905811,2026-01-24,emergencial
2026-01-21,ING0183,1.5,2026-01-24,emergencial
2026-01-21,ING0194,1.0,2026-01-26,emergencial
2026-01-22,ING0110,3.5,2026-01-25,emergencial
2026-01-22,ING0160,25.714364026677963,2026-01-26,emergencial
2026-01-22,ING0183,2.5,2026-01-25,emergencial
2026-01-22,ING0194,1.0,2026-01-25,emergencial
2026-01-22,ING0217,30.0,2026-01-25,emergencial
2026-01-23,ING0001,0.5,2026-01-26,sexta
2026-01-23,ING0002,17.580169583871275,2026-01-26,sexta
2026-01-23,ING0003,2.5,2026-02-01,sexta
2026-01-23,ING0008,23.5,2026-01-26,sexta
2026-01-23,ING0011,0.5,2026-01-26,sexta
2026-01-23,ING0015,435.0,2026-01-26,sexta
2026-01-23,ING0018,19.0,2026-01-26,sexta
2026-01-23,ING0019,270.0,2026-01-26,sexta
2026-01-23,ING0023,95.0,2026-01-26,sexta
2026-01-23,ING0024,13.0,2026-01-26,sexta
2026-01-23,ING0026,4.0,2026-01-27,sexta
2026-01-23,ING0035,2.0,2026-01-24,sexta
2026-01-23,ING0036,0.5,2026-01-24,sexta
2026-01-23,ING0038,2.5,2026-01-24,sexta
2026-01-23,ING0039,0.5,2026-01-27,sexta
2026-01-23,ING0041,0.4646889870049226,2026-01-24,sexta
2026-01-23,ING0045,33.5660317458186,2026-01-24,sexta
2026-01-23,ING0046,0.5,2026-01-24,sexta
2026-01-23,ING0049,20.5,2026-01-25,sexta
2026-01-23,ING0050,0.5,2026-01-25,sexta
2026-01-23,ING0051,0.5,2026-01-25,sexta
2026-01-23,ING0054,0.5,2026-01-29,sexta
2026-01-23,ING0055,0.5,2026-01-28,sexta
2026-01-23,ING0059,1.5,2026-01-27,sexta
2026-01-23,ING0061,3.5,2026-01-27,sexta
2026-01-23,ING0066,175.5,2026-01-30,sexta
2026-01-23,ING0071,1.5,2026-01-27,sexta
2026-01-23,ING0078,4.0,2026-01-25,sexta
2026-01-23,ING0079,21.0,2026-01-25,sexta
2026-01-23,ING0083,0.5,2026-01-25,sexta
2026-01-23,ING0084,6.5,2026-01-25,sexta
2026-01-23,ING0085,0.5,2026-01-28,sexta
2026-01-23,ING0092,22.0,2026-01-29,sexta
2026-01-23,ING0096,4.0,2026-01-25,sexta
2026-01-23,ING0097,0.5,2026-01-27,sexta
2026-01-23,ING0098,0.5,2026-01-26,sexta
2026-01-23,ING0099,1.0,2026-01-24,sexta
2026-01-23,ING0100,0.5,2026-01-24,sexta
2026-01-23,ING0104,2.0,2026-01-24,sexta
2026-01-23,ING0105,2.0,2026-01-24,sexta
2026-01-23,ING0107,2.5,2026-01-24,sexta
2026-01-23,ING0110,10.8600921029105,2026-01-26,sexta
2026-01-23,ING0111,15.749124738799647,2026-01-24,sexta
2026-01-23,ING0112,0.5,2026-01-24,sexta
2026-01-23,ING0115,2.5,2026-01-24,sexta
2026-01-23,ING0122,27.5,2026-01-27,sexta
2026-01-23,ING0124,1.1102252048458252,2026-01-27,sexta
2026-01-23,ING0127,0.5,2026-01-27,sexta
2026-01-23,ING0128,1.5,2026-01-27,sexta
2026-01-23,ING0129,2.0,2026-01-27,sexta
2026-01-23,ING0133,0.5,2026-01-30,sexta
2026-01-23,ING0135,0.5,2026-02-03,sexta
2026-01-23,ING0138,0.5,2026-01-27,sexta
2026-01-23,ING0145,0.5,2026-01-29,sexta
2026-01-23,ING0150,0.5,2026-01-26,sexta
2026-01-23,ING0154,37.0,2026-01-26,sexta
2026-01-23,ING0159,2361.7902248309597,2026-01-25,sexta
2026-01-23,ING0161,2.0,2026-01-26,sexta
2026-01-23,ING0163,267.0,2026-01-24,sexta
2026-01-23,ING0165,0.5,2026-01-26,sexta
2026-01-23,ING0166,1.5,2026-01-26,sexta
2026-01-23,ING0169,0.5,2026-01-26,sexta
2026-01-23,ING0171,31.0,2026-01-26,sexta
2026-01-23,ING0175,19.5,2026-01-26,sexta
2026-01-23,ING0189,1.5,2026-01-29,sexta
2026-01-23,ING0191,8.5,2026-01-26,sexta
2026-01-23,ING0195,1.0,2026-01-26,sexta
2026-01-23,ING0203,5.0,2026-01-26,sexta
2026-01-23,ING0214,125.0,2026-01-26,sexta
2026-01-23,ING0217,24.5,2026-01-26,sexta
2026-01-23,ING0222,0.5,2026-01-27,sexta
2026-01-23,ING0227,0.5,2026-01-27,sexta
2026-01-23,ING0242,102.5,2026-02-03,sexta
2026-01-26,ING0003,3.0,2026-01-29,emergencial
2026-01-26,ING0018,65.0,2026-01-29,emergencial
2026-01-26,ING0025,36.82297643888926,2026-01-29,emergencial
2026-01-26,ING0026,6.0,2026-01-30,emergencial
2026-01-26,ING0033,9.773070460438625,2026-01-27,emergencial
2026-01-26,ING0059,2.5,2026-01-31,emergencial
2026-01-26,ING0061,5.5,2026-02-01,emergencial
2026-01-26,ING0066,261.0,2026-01-30,emergencial
2026-01-26,ING0071,27.5,2026-01-30,emergencial
2026-01-26,ING0081,27.0,2026-01-28,emergencial
2026-01-26,ING0122,39.5,2026-01-30,emergencial
2026-01-26,ING0128,4.0,2026-01-30,emergencial
2026-01-26,ING0129,4.0,2026-01-30,emergencial
2026-01-26,ING0139,8.5,2026-02-01,emergencial
2026-01-26,ING0160,31.661687731824582,2026-01-29,emergencial
2026-01-26,ING0191,27.0,2026-01-29,emergencial
2026-01-26,ING0192,22.0,2026-01-29,emergencial
2026-01-26,ING0222,3.5,2026-02-01,emergencial
2026-01-26,ING0232,7.0,2026-02-01,emergencial
2026-01-26,ING0238,8.0,2026-01-30,emergencial
2026-01-26,ING0242,112.0,2026-02-07,emergencial
2026-01-27,ING0003,3.4300808112173042,2026-01-30,emergencial
2026-01-27,ING0066,266.5,2026-01-31,emergencial
2026-01-27,ING0071,27.5,2026-01-31,emergencial
2026-01-27,ING0081,27.0,2026-02-01,emergencial
2026-01-27,ING0139,8.5,2026-01-31,emergencial
2026-01-27,ING0160,25.714364026677963,2026-01-30,emergencial
2026-01-27,ING0191,27.0,2026-01-31,emergencial
2026-01-27,ING0192,22.0,2026-01-31,emergencial
2026-01-27,ING0222,3.5,2026-01-31,emergencial
2026-01-27,ING0232,7.0,2026-02-02,emergencial
2026-01-27,ING0238,8.0,2026-01-31,emergencial
2026-01-27,ING0242,114.5,2026-02-07,emergencial
2026-01-28,ING0003,3.0,2026-02-01,emergencial
2026-01-28,ING0066,260.5,2026-02-01,emergencial
2026-01-28,ING0071,30.0,2026-02-01,emergencial
2026-01-28,ING0128,2.5,2026-02-01,emergencial
2026-01-28,ING0139,7.0,2026-02-04,emergencial
2026-01-28,ING0160,20.204143163818397,2026-01-31,emergencial
2026-01-28,ING0189,2.0,2026-01-31,emergencial
2026-01-28,ING0191,22.0,2026-01-31,emergencial
2026-01-28,ING0192,18.0,2026-01-31,emergencial
2026-01-28,ING0222,3.5,2026-02-01,emergencial
2026-01-28,ING0232,5.5,2026-02-03,emergencial
2026-01-28,ING0238,7.0,2026-02-01,emergencial
2026-01-28,ING0242,109.0,2026-02-01,emergencial
2026-01-29,ING0028,25.0,2026-02-02,emergencial
2026-01-29,ING0066,240.0,2026-02-02,emergencial
2026-01-29,ING0071,31.5,2026-02-02,emergencial
2026-01-29,ING0128,3.5,2026-02-02,emergencial
2026-01-29,ING0139,7.0,2026-02-02,emergencial
2026-01-29,ING0163,1744.0,2026-01-30,emergencial
2026-01-29,ING0214,190.0,2026-02-01,emergencial
2026-01-29,ING0222,3.5,2026-02-02,emergencial
2026-01-29,ING0230,5.0,2026-02-02,emergencial
2026-01-29,ING0232,5.5,2026-02-06,emergencial
2026-01-29,ING0238,7.0,2026-02-02,emergencial
2026-01-29,ING0242,100.5,2026-02-02,emergencial
2026-01-30,ING0005,0.5,2026-02-02,sexta
2026-01-30,ING0008,15.0,2026-02-02,sexta
2026-01-30,ING0011,0.5,2026-02-05,sexta
2026-01-30,ING0015,262.0,2026-02-02,sexta
2026-01-30,ING0016,0.5,2026-02-02,sexta
2026-01-30,ING0018,31.0,2026-02-02,sexta
2026-01-30,ING0019,381.0,2026-02-02,sexta
2026-01-30,ING0023,367.0,2026-02-03,sexta
2026-01-30,ING0024,7.0,2026-02-03,sexta
2026-01-30,ING0028,27.0,2026-02-04,sexta
2026-01-30,ING0038,2.0,2026-01-31,sexta
2026-01-30,ING0039,0.5,2026-02-01,sexta
2026-01-30,ING0047,1.0,2026-01-31,sexta
2026-01-30,ING0049,14.5,2026-02-01,sexta
2026-01-30,ING0052,37.5,2026-02-04,sexta
2026-01-30,ING0053,0.5,2026-02-01,sexta
2026-01-30,ING0055,0.5,2026-02-01,sexta
2026-01-30,ING0059,2.0,2026-02-03,sexta
2026-01-30,ING0060,2.5,2026-02-03,sexta
2026-01-30,ING0061,2.5,2026-02-03,sexta
2026-01-30,ING0068,0.5,2026-02-03,sexta
2026-01-30,ING0071,7.0,2026-02-03,sexta
2026-01-30,ING0074,1.5,2026-02-03,sexta
2026-01-30,ING0075,2.0,2026-02-02,sexta
2026-01-30,ING0078,5.0,2026-02-01,sexta
2026-01-30,ING0079,22.5,2026-02-01,sexta
2026-01-30,ING0083,0.5,2026-02-01,sexta
2026-01-30,ING0084,50.5,2026-02-01,sexta
2026-01-30,ING0087,2.0,2026-02-01,sexta
2026-01-30,ING0090,5.0,2026-02-01,sexta
2026-01-30,ING0094,4.0,2026-02-01,sexta
2026-01-30,ING0096,4.0,2026-02-02,sexta
2026-01-30,ING0098,0.5,2026-02-03,sexta
2026-01-30,ING0103,0.5,2026-02-02,sexta
2026-01-30,ING0104,2.5,2026-02-01,sexta
2026-01-30,ING0105,1.5,2026-01-31,sexta
2026-01-30,ING0106,3.0,2026-02-02,sexta
2026-01-30,ING0107,1.0,2026-01-31,sexta
2026-01-30,ING0115,1.5,2026-01-31,sexta
2026-01-30,ING0121,3.5,2026-02-03,sexta
2026-01-30,ING0125,1.5,2026-02-03,sexta
2026-01-30,ING0126,1.5,2026-02-03,sexta
2026-01-30,ING0128,0.5,2026-02-05,sexta
2026-01-30,ING0135,0.5,2026-02-03,sexta
2026-01-30,ING0139,6.0,2026-02-03,sexta
2026-01-30,ING0147,0.5,2026-02-06,sexta
2026-01-30,ING0148,0.5,2026-02-03,sexta
2026-01-30,ING0150,0.5,2026-02-02,sexta
2026-01-30,ING0151,1.0,2026-02-04,sexta
2026-01-30,ING0156,0.5,2026-02-02,sexta
2026-01-30,ING0161,6.5,2026-02-02,sexta
2026-01-30,ING0163,338.0,2026-01-31,sexta
2026-01-30,ING0165,1.5,2026-02-03,sexta
2026-01-30,ING0166,1.0,2026-02-02,sexta
2026-01-30,ING0168,1.5,2026-02-02,sexta
2026-01-30,ING0169,2.5,2026-02-02,sexta
2026-01-30,ING0171,117.550645344891,2026-02-02,sexta
2026-01-30,ING0175,11.0,2026-02-02,sexta
2026-01-30,ING0178,1.0,2026-02-02,sexta
2026-01-30,ING0190,11.5,2026-02-02,sexta
2026-01-30,ING0191,6.0,2026-02-02,sexta
2026-01-30,ING0192,5.5,2026-02-02,sexta
2026-01-30,ING0203,5.0,2026-02-02,sexta
2026-01-30,ING0214,194.0,2026-02-02,sexta
2026-01-30,ING0222,3.5,2026-02-03,sexta
2026-01-30,ING0225,0.5,2026-02-03,sexta
2026-01-30,ING0227,0.5,2026-02-03,sexta
2026-01-30,ING0229,0.5,2026-02-03,sexta
2026-01-30,ING0230,5.5,2026-02-03,sexta
2026-01-30,ING0232,5.0,2026-02-05,sexta
2026-01-30,ING0238,1.5,2026-02-05,sexta
2026-01-30,ING0239,0.5,2026-02-03,sexta
2026-01-30,ING0241,0.5,2026-02-03,sexta
2026-01-30,ING0242,101.5,2026-02-03,sexta
2026-02-02,ING0023,2008.6880819869434,2026-02-05,emergencial
2026-02-02,ING0024,12.5,2026-02-05,emergencial
2026-02-02,ING0038,2.5,2026-02-04,emergencial
2026-02-02,ING0052,47.5,2026-02-04,emergencial
2026-02-02,ING0121,5.0,2026-02-06,emergencial
2026-02-02,ING0152,4.5,2026-02-05,emergencial
2026-02-02,ING0165,3.0,2026-02-05,emergencial
2026-02-02,ING0228,2.0,2026-02-08,emergencial
2026-02-03,ING0038,2.5,2026-02-04,emergencial
2026-02-03,ING0052,52.0,2026-02-05,emergencial
2026-02-03,ING0152,4.627546592964619,2026-02-06,emergencial
2026-02-04,ING0152,5.0,2026-02-07,emergencial
2026-02-05,ING0040,16.5,2026-02-08,emergencial
2026-02-06,ING0002,1.0,2026-02-09,sexta
2026-02-06,ING0008,27.5,2026-02-09,sexta
2026-02-06,ING0015,392.0,2026-02-11,sexta
2026-02-06,ING0018,95.5,2026-02-09,sexta
2026-02-06,ING0019,401.0,2026-02-09,sexta
2026-02-06,ING0030,1.3944259295725947,2026-02-11,sexta
2026-02-06,ING0040,16.5,2026-02-09,sexta
2026-02-06,ING0046,0.5,2026-02-07,sexta
2026-02-06,ING0047,1.5,2026-02-07,sexta
2026-02-06,ING0049,13.5,2026-02-08,sexta
2026-02-06,ING0051,0.5,2026-02-08,sexta
2026-02-06,ING0058,1.5,2026-02-09,sexta
2026-02-06,ING0060,12.5,2026-02-10,sexta
2026-02-06,ING0064,0.5,2026-02-10,sexta
2026-02-06,ING0069,5.0,2026-02-10,sexta
2026-02-06,ING0076,65.93324794204223,2026-02-08,sexta
2026-02-06,ING0078,6.0,2026-02-08,sexta
2026-02-06,ING0079,28.11867101459667,2026-02-09,sexta
2026-02-06,ING0083,1.0,2026-02-08,sexta
2026-02-06,ING0084,35.5,2026-02-08,sexta
2026-02-06,ING0085,0.5,2026-02-08,sexta
2026-02-06,ING0086,83.0,2026-02-13,sexta
2026-02-06,ING0087,2.0,2026-02-08,sexta
2026-02-06,ING0092,24.0,2026-02-08,sexta
2026-02-06,ING0094,2.5,2026-02-08,sexta
2026-02-06,ING0096,3.5,2026-02-08,sexta
2026-02-06,ING0097,0.5,2026-02-08,sexta
2026-02-06,ING0098,0.5,2026-02-07,sexta
2026-02-06,ING0101,0.5,2026-02-07,sexta
2026-02-06,ING0102,2.0,2026-02-07,sexta
2026-02-06,ING0104,2.0,2026-02-08,sexta
2026-02-06,ING0105,1.5,2026-02-07,sexta
2026-02-06,ING0106,0.5,2026-02-07,sexta
2026-02-06,ING0107,1.5,2026-02-08,sexta
2026-02-06,ING0126,1.5,2026-02-10,sexta
2026-02-06,ING0133,0.5,2026-02-10,sexta
2026-02-06,ING0148,0.5,2026-02-10,sexta
2026-02-06,ING0150,0.5,2026-02-11,sexta
2026-02-06,ING0154,36.0,2026-02-09,sexta
2026-02-06,ING0161,5.5,2026-02-09,sexta
2026-02-06,ING0163,1628.0,2026-02-07,sexta
2026-02-06,ING0164,1.5,2026-02-12,sexta
2026-02-06,ING0166,1.0,2026-02-09,sexta
2026-02-06,ING0169,2.0,2026-02-09,sexta
2026-02-06,ING0175,60.79069185120936,2026-02-09,sexta
2026-02-06,ING0178,68.0,2026-02-09,sexta
2026-02-06,ING0190,9.0,2026-02-09,sexta
2026-02-06,ING0195,1.5,2026-02-13,sexta
2026-02-06,ING0227,0.5,2026-02-11,sexta
2026-02-06,ING0228,3.5,2026-02-19,sexta
2026-02-06,ING0237,0.5,2026-02-11,sexta
2026-02-06,ING0240,2.0,2026-02-10,sexta
2026-02-09,ING0002,6.0,2026-02-13,emergencial
2026-02-09,ING0015,553.0,2026-02-12,emergencial
2026-02-09,ING0060,19.0,2026-02-13,emergencial
2026-02-09,ING0069,20.0,2026-02-14,emergencial
2026-02-09,ING0107,1.5,2026-02-10,emergencial
2026-02-09,ING0164,4.5,2026-02-12,emergencial
2026-02-09,ING0195,1.5,2026-02-12,emergencial
2026-02-09,ING0217,19.5,2026-02-12,emergencial
2026-02-10,ING0002,6.5,2026-02-13,emergencial
2026-02-10,ING0015,527.0,2026-02-15,emergencial
2026-02-10,ING0038,3.0,2026-02-13,emergencial
2026-02-10,ING0057,235.0,2026-02-12,emergencial
2026-02-10,ING0086,113.0,2026-02-18,emergencial
2026-02-10,ING0107,1.0,2026-02-11,emergencial
2026-02-10,ING0111,4.0,2026-02-11,emergencial
2026-02-10,ING0164,4.0,2026-02-13,emergencial
2026-02-10,ING0195,1.5,2026-02-13,emergencial
2026-02-10,ING0217,17.5,2026-02-13,emergencial
2026-02-11,ING0002,6.5,2026-02-14,emergencial
2026-02-11,ING0038,2.0,2026-02-12,emergencial
2026-02-11,ING0057,242.0,2026-02-14,emergencial
2026-02-11,ING0069,17.0,2026-02-15,emergencial
2026-02-11,ING0081,10.0,2026-02-14,emergencial
2026-02-11,ING0086,87.5,2026-02-13,emergencial
2026-02-11,ING0087,5.599973448034305,2026-02-13,emergencial
2026-02-11,ING0107,1.0,2026-02-12,emergencial
2026-02-11,ING0159,407.0,2026-02-12,emergencial
2026-02-11,ING0161,14.411320223337981,2026-02-14,emergencial
2026-02-11,ING0164,3.5,2026-02-15,emergencial
2026-02-11,ING0195,1.0,2026-02-14,emergencial
2026-02-11,ING0217,18.0,2026-02-17,emergencial
2026-02-12,ING0002,5.0,2026-02-15,emergencial
2026-02-12,ING0069,16.5,2026-02-16,emergencial
2026-02-12,ING0086,74.0,2026-02-14,emergencial
2026-02-12,ING0161,17.645907908174905,2026-02-15,emergencial
2026-02-13,ING0001,0.5,2026-02-19,sexta
2026-02-13,ING0002,0.5,2026-02-16,sexta
2026-02-13,ING0008,8.5,2026-02-16,sexta
2026-02-13,ING0012,3.5,2026-02-16,sexta
2026-02-13,ING0018,62.0,2026-02-16,sexta
2026-02-13,ING0019,247.0,2026-02-17,sexta
2026-02-13,ING0024,9.829136984793282,2026-02-16,sexta
2026-02-13,ING0028,7.0,2026-02-17,sexta
2026-02-13,ING0044,0.5,2026-02-15,sexta
2026-02-13,ING0046,0.5,2026-02-14,sexta
2026-02-13,ING0047,0.5,2026-02-14,sexta
2026-02-13,ING0049,11.5,2026-02-15,sexta
2026-02-13,ING0054,0.5,2026-02-19,sexta
2026-02-13,ING0055,0.5,2026-02-15,sexta
2026-02-13,ING0057,168.0,2026-02-15,sexta
2026-02-13,ING0059,1.5,2026-02-17,sexta
2026-02-13,ING0060,0.5,2026-02-17,sexta
2026-02-13,ING0061,2.5,2026-02-17,sexta
2026-02-13,ING0063,17.5,2026-02-18,sexta
2026-02-13,ING0067,0.5,2026-02-17,sexta
2026-02-13,ING0069,16.0,2026-02-17,sexta
2026-02-13,ING0072,0.5,2026-02-17,sexta
2026-02-13,ING0073,0.5,2026-02-17,sexta
2026-02-13,ING0078,3.0,2026-02-15,sexta
2026-02-13,ING0081,13.0,2026-02-15,sexta
2026-02-13,ING0083,1.5,2026-02-15,sexta
2026-02-13,ING0084,34.5,2026-02-17,sexta
2026-02-13,ING0085,0.5,2026-02-15,sexta
2026-02-13,ING0090,2.5,2026-02-15,sexta
2026-02-13,ING0092,9.5,2026-02-16,sexta
2026-02-13,ING0097,0.5,2026-02-15,sexta
2026-02-13,ING0098,0.5,2026-02-15,sexta
2026-02-13,ING0100,1.5,2026-02-14,sexta
2026-02-13,ING0104,1.5,2026-02-14,sexta
2026-02-13,ING0105,1.5,2026-02-14,sexta
2026-02-13,ING0107,0.5,2026-02-14,sexta
2026-02-13,ING0111,3.0,2026-02-16,sexta
2026-02-13,ING0114,0.5,2026-02-18,sexta
2026-02-13,ING0115,1.0,2026-02-14,sexta
2026-02-13,ING0122,25.727940840043964,2026-02-18,sexta
2026-02-13,ING0124,1.0,2026-02-17,sexta
2026-02-13,ING0129,1.5,2026-02-17,sexta
2026-02-13,ING0136,0.5,2026-02-23,sexta
2026-02-13,ING0138,0.5,2026-02-18,sexta
2026-02-13,ING0142,8.0,2026-02-17,sexta
2026-02-13,ING0151,1.0,2026-02-16,sexta
2026-02-13,ING0159,293.0,2026-02-15,sexta
2026-02-13,ING0165,0.5,2026-02-16,sexta
2026-02-13,ING0166,0.5,2026-02-16,sexta
2026-02-13,ING0168,2.0,2026-02-16,sexta
2026-02-13,ING0174,5.5,2026-02-22,sexta
2026-02-13,ING0190,5.0,2026-02-16,sexta
2026-02-13,ING0211,26.0,2026-02-16,sexta
2026-02-13,ING0215,69.0,2026-02-16,sexta
2026-02-13,ING0225,0.5,2026-02-17,sexta
2026-02-13,ING0227,1.0,2026-02-18,sexta
2026-02-13,ING0228,1.5,2026-02-19,sexta
2026-02-13,ING0231,0.5,2026-02-17,sexta
2026-02-13,ING0233,0.5,2026-02-17,sexta
2026-02-13,ING0239,0.5,2026-02-28,sexta
2026-02-13,ING0240,2.0,2026-02-17,sexta
2026-02-16,ING0028,13.56489312633034,2026-02-20,emergencial
2026-02-16,ING0059,2.5,2026-02-20,emergencial
2026-02-16,ING0061,3.0,2026-02-20,emergencial
2026-02-16,ING0063,14.5,2026-02-20,emergencial
2026-02-16,ING0084,39.5,2026-02-18,emergencial
2026-02-16,ING0124,1.5,2026-02-21,emergencial
2026-02-16,ING0129,2.5,2026-02-20,emergencial
2026-02-16,ING0228,1.5,2026-02-22,emergencial
2026-02-16,ING0240,2.5,2026-02-20,emergencial
2026-02-17,ING0063,14.5,2026-02-21,emergencial
2026-02-17,ING0228,1.5,2026-02-23,emergencial
2026-02-20,ING0005,0.5,2026-02-23,sexta
2026-02-20,ING0016,0.5,2026-02-23,sexta
2026-02-20,ING0018,75.0,2026-02-23,sexta
2026-02-20,ING0019,335.0,2026-02-23,sexta
2026-02-20,ING0024,10.5,2026-02-23,sexta
2026-02-20,ING0028,0.5,2026-02-24,sexta
2026-02-20,ING0041,0.5,2026-02-21,sexta
2026-02-20,ING0047,0.5,2026-02-21,sexta
2026-02-20,ING0049,18.0,2026-02-22,sexta
2026-02-20,ING0050,0.5,2026-02-22,sexta
2026-02-20,ING0060,7.5,2026-02-24,sexta
2026-02-20,ING0071,0.5,2026-03-06,sexta
2026-02-20,ING0076,4.0,2026-02-22,sexta
2026-02-20,ING0078,7.0,2026-02-22,sexta
2026-02-20,ING0083,1.5,2026-02-22,sexta
2026-02-20,ING0092,23.0,2026-02-27,sexta
2026-02-20,ING0095,21.0,2026-02-25,sexta
2026-02-20,ING0098,0.5486470291225296,2026-02-21,sexta
2026-02-20,ING0100,0.5,2026-02-21,sexta
2026-02-20,ING0105,1.5,2026-02-21,sexta
2026-02-20,ING0107,1.0,2026-02-21,sexta
2026-02-20,ING0108,0.5,2026-02-23,sexta
2026-02-20,ING0112,0.5,2026-02-21,sexta
2026-02-20,ING0113,0.5,2026-02-21,sexta
2026-02-20,ING0114,0.5,2026-02-21,sexta
2026-02-20,ING0115,1.5,2026-02-21,sexta
2026-02-20,ING0124,1.0,2026-02-24,sexta
2026-02-20,ING0127,1.0,2026-02-25,sexta
2026-02-20,ING0128,2.5,2026-03-01,sexta
2026-02-20,ING0136,0.5,2026-03-02,sexta
2026-02-20,ING0142,16.0,2026-02-24,sexta
2026-02-20,ING0145,0.5,2026-02-25,sexta
2026-02-20,ING0146,1.5,2026-02-24,sexta
2026-02-20,ING0147,0.5,2026-02-24,sexta
2026-02-20,ING0148,0.5,2026-02-24,sexta
2026-02-20,ING0149,0.5,2026-02-24,sexta
2026-02-20,ING0150,0.5,2026-02-23,sexta
2026-02-20,ING0156,0.5,2026-02-23,sexta
2026-02-20,ING0159,3984.399576461017,2026-02-21,sexta
2026-02-20,ING0165,1.5,2026-02-23,sexta
2026-02-20,ING0166,0.5,2026-02-23,sexta
2026-02-20,ING0174,32.13615954278833,2026-02-23,sexta
2026-02-20,ING0178,513.9786718527431,2026-02-23,sexta
2026-02-20,ING0194,0.5,2026-02-23,sexta
2026-02-20,ING0215,65.0,2026-02-23,sexta
2026-02-20,ING0218,56.5,2026-02-23,sexta
2026-02-20,ING0220,13.0,2026-02-23,sexta
2026-02-20,ING0227,0.5,2026-02-24,sexta
2026-02-20,ING0231,0.5,2026-02-24,sexta
2026-02-20,ING0237,0.5,2026-02-24,sexta
2026-02-20,ING0239,0.5,2026-02-24,sexta
2026-02-20,ING0240,0.5,2026-02-24,sexta
2026-02-23,ING0092,31.0,2026-03-02,emergencial
2026-02-23,ING0102,2.0,2026-02-24,emergencial
2026-02-23,ING0142,25.0,2026-02-28,emergencial
2026-02-24,ING0092,32.0,2026-02-26,emergencial
2026-02-24,ING0095,34.0,2026-02-26,emergencial
2026-02-24,ING0128,5.0,2026-03-05,emergencial
2026-02-25,ING0028,33.0,2026-03-01,emergencial
2026-02-25,ING0045,78.0,2026-02-26,emergencial
2026-02-25,ING0059,4.0,2026-03-01,emergencial
2026-02-25,ING0081,25.34284172826542,2026-02-27,emergencial
2026-02-25,ING0083,2.0,2026-02-27,emergencial
2026-02-25,ING0092,26.5,2026-02-27,emergencial
2026-02-25,ING0093,3.5,2026-02-27,emergencial
2026-02-25,ING0107,2.0,2026-02-26,emergencial
2026-02-25,ING0128,5.0,2026-03-01,emergencial
2026-02-26,ING0028,37.5,2026-03-02,emergencial
2026-02-26,ING0059,4.0,2026-03-02,emergencial
2026-02-26,ING0081,34.0,2026-02-28,emergencial
2026-02-26,ING0083,2.0,2026-02-28,emergencial
2026-02-26,ING0090,10.0,2026-02-28,emergencial
2026-02-26,ING0093,4.0,2026-02-28,emergencial
2026-02-26,ING0128,4.5,2026-03-02,emergencial
2026-02-26,ING0165,3.5,2026-03-01,emergencial
2026-02-26,ING0190,30.0,2026-03-01,emergencial
2026-02-26,ING0230,5.5,2026-03-02,emergencial
2026-02-27,ING0001,2.5,2026-03-02,sexta
2026-02-27,ING0002,4.0,2026-03-03,sexta
2026-02-27,ING0018,79.5,2026-03-02,sexta
2026-02-27,ING0024,13.0,2026-03-02,sexta
2026-02-27,ING0025,14.5,2026-03-03,sexta
2026-02-27,ING0028,36.0,2026-03-05,sexta
2026-02-27,ING0038,3.0,2026-03-01,sexta
2026-02-27,ING0042,4.88314457500913,2026-03-02,sexta
2026-02-27,ING0045,35.20887331591714,2026-02-28,sexta
2026-02-27,ING0046,0.5,2026-03-02,sexta
2026-02-27,ING0047,1.5,2026-02-28,sexta
2026-02-27,ING0049,26.5,2026-03-01,sexta
2026-02-27,ING0051,0.5,2026-03-01,sexta
2026-02-27,ING0057,354.0,2026-03-01,sexta
2026-02-27,ING0059,3.0,2026-03-03,sexta
2026-02-27,ING0060,28.0,2026-03-03,sexta
2026-02-27,ING0068,0.5,2026-03-03,sexta
2026-02-27,ING0071,17.5,2026-03-03,sexta
2026-02-27,ING0072,0.5,2026-03-07,sexta
2026-02-27,ING0076,25.665473264101145,2026-03-01,sexta
2026-02-27,ING0078,8.5,2026-03-01,sexta
2026-02-27,ING0083,1.270735682829427,2026-03-01,sexta
2026-02-27,ING0084,59.5,2026-03-01,sexta
2026-02-27,ING0085,0.5,2026-03-01,sexta
2026-02-27,ING0090,8.0,2026-03-01,sexta
2026-02-27,ING0093,1.5,2026-03-01,sexta
2026-02-27,ING0103,0.5,2026-02-28,sexta
2026-02-27,ING0111,5.5,2026-02-28,sexta
2026-02-27,ING0115,2.0,2026-03-02,sexta
2026-02-27,ING0126,1.5,2026-03-03,sexta
2026-02-27,ING0128,7.443972195123366,2026-03-03,sexta
2026-02-27,ING0129,4.0,2026-03-03,sexta
2026-02-27,ING0133,0.5,2026-03-03,sexta
2026-02-27,ING0134,0.5,2026-03-04,sexta
2026-02-27,ING0138,0.5,2026-03-04,sexta
2026-02-27,ING0142,19.0,2026-03-03,sexta
2026-02-27,ING0150,0.5,2026-03-02,sexta
2026-02-27,ING0151,0.5,2026-03-02,sexta
2026-02-27,ING0164,4.193767615220327,2026-03-02,sexta
2026-02-27,ING0165,3.2098456122723786,2026-03-02,sexta
2026-02-27,ING0166,1.3799239423719265,2026-03-02,sexta
2026-02-27,ING0168,1.0,2026-03-02,sexta
2026-02-27,ING0174,26.5,2026-03-02,sexta
2026-02-27,ING0190,23.5,2026-03-03,sexta
2026-02-27,ING0194,1.0,2026-03-02,sexta
2026-02-27,ING0199,0.5,2026-03-02,sexta
2026-02-27,ING0215,99.0,2026-03-02,sexta
2026-02-27,ING0217,18.5,2026-03-02,sexta
2026-02-27,ING0218,98.5,2026-03-03,sexta
2026-02-27,ING0227,0.5,2026-03-03,sexta
2026-02-27,ING0229,0.5,2026-03-03,sexta
2026-02-27,ING0230,5.5,2026-03-03,sexta
2026-02-27,ING0231,2.5,2026-03-04,sexta
2026-02-27,ING0240,6.603215524166611,2026-03-04,sexta
2026-02-27,ING0244,1.0,2026-03-03,sexta
2026-03-02,ING0002,4.5,2026-03-05,emergencial
2026-03-02,ING0025,15.5,2026-03-05,emergencial
2026-03-02,ING0047,1.5,2026-03-03,emergencial
2026-03-02,ING0060,24.5,2026-03-06,emergencial
2026-03-02,ING0071,24.5,2026-03-06,emergencial
2026-03-02,ING0095,20.5,2026-03-04,emergencial
2026-03-02,ING0104,4.0,2026-03-04,emergencial
2026-03-02,ING0111,5.5,2026-03-03,emergencial
2026-03-02,ING0129,16.222567763304074,2026-03-06,emergencial
2026-03-02,ING0160,3.5,2026-03-05,emergencial
2026-03-02,ING0218,95.5,2026-03-05,emergencial
2026-03-02,ING0231,2.5,2026-03-06,emergencial
2026-03-02,ING0238,6.0,2026-03-06,emergencial
2026-03-02,ING0240,5.0,2026-03-06,emergencial
2026-03-02,ING0244,2.0,2026-03-06,emergencial
2026-03-03,ING0019,339.79719708837166,2026-03-09,emergencial
2026-03-03,ING0052,33.0,2026-03-05,emergencial
2026-03-03,ING0076,19.5,2026-03-05,emergencial
2026-03-03,ING0095,17.5,2026-03-06,emergencial
2026-03-03,ING0104,2.5,2026-03-04,emergencial
2026-03-03,ING0111,4.0,2026-03-04,emergencial
2026-03-03,ING0132,6.5,2026-03-07,emergencial
2026-03-03,ING0160,3.5,2026-03-06,emergencial
2026-03-03,ING0189,1.5,2026-03-06,emergencial
2026-03-03,ING0191,15.0,2026-03-06,emergencial
2026-03-03,ING0192,12.5,2026-03-06,emergencial
2026-03-03,ING0217,17.5,2026-03-06,emergencial
2026-03-03,ING0231,1.5,2026-03-09,emergencial
2026-03-03,ING0238,5.0,2026-03-07,emergencial
2026-03-03,ING0240,4.0,2026-03-07,emergencial
2026-03-04,ING0002,3.5,2026-03-07,emergencial
2026-03-04,ING0019,320.0,2026-03-07,emergencial
2026-03-04,ING0052,34.0,2026-03-06,emergencial
2026-03-04,ING0076,22.5,2026-03-06,emergencial
2026-03-04,ING0132,6.5,2026-03-08,emergencial
2026-03-04,ING0160,3.5,2026-03-07,emergencial
2026-03-04,ING0189,1.5,2026-03-07,emergencial
2026-03-04,ING0191,21.0,2026-03-07,emergencial
2026-03-04,ING0192,17.0,2026-03-08,emergencial
2026-03-04,ING0217,16.5,2026-03-11,emergencial
2026-03-04,ING0238,6.5,2026-03-08,emergencial
2026-03-05,ING0106,7.252648987864718,2026-03-06,emergencial
2026-03-05,ING0132,8.5,2026-03-09,emergencial
2026-03-05,ING0189,2.5,2026-03-08,emergencial
2026-03-05,ING0191,29.5,2026-03-08,emergencial
2026-03-05,ING0192,24.0,2026-03-08,emergencial
2026-03-05,ING0217,25.0,2026-03-12,emergencial
2026-03-05,ING0238,9.0,2026-03-09,emergencial
2026-03-06,ING0002,3.5,2026-03-09,sexta
2026-03-06,ING0015,552.0,2026-03-09,sexta
2026-03-06,ING0018,73.5,2026-03-09,sexta
2026-03-06,ING0019,687.0,2026-03-09,sexta
2026-03-06,ING0024,9.0,2026-03-09,sexta
2026-03-06,ING0025,4.0,2026-03-09,sexta
2026-03-06,ING0026,5.0,2026-03-10,sexta
2026-03-06,ING0030,18.0,2026-03-10,sexta
2026-03-06,ING0036,0.5,2026-03-07,sexta
2026-03-06,ING0038,2.0,2026-03-07,sexta
2026-03-06,ING0039,0.5,2026-03-07,sexta
2026-03-06,ING0044,0.5,2026-03-07,sexta
2026-03-06,ING0045,44.0,2026-03-07,sexta
2026-03-06,ING0046,0.5,2026-03-07,sexta
2026-03-06,ING0047,0.5,2026-03-07,sexta
2026-03-06,ING0049,23.0,2026-03-08,sexta
2026-03-06,ING0057,343.0,2026-03-10,sexta
2026-03-06,ING0061,3.0,2026-03-10,sexta
2026-03-06,ING0064,0.5,2026-03-10,sexta
2026-03-06,ING0069,23.0,2026-03-12,sexta
2026-03-06,ING0070,26.0,2026-03-10,sexta
2026-03-06,ING0071,1.5,2026-03-10,sexta
2026-03-06,ING0072,0.5,2026-03-20,sexta
2026-03-06,ING0073,0.5,2026-03-18,sexta
2026-03-06,ING0078,5.5,2026-03-08,sexta
2026-03-06,ING0081,7.0,2026-03-10,sexta
2026-03-06,ING0084,53.5,2026-03-09,sexta
2026-03-06,ING0085,0.5,2026-03-08,sexta
2026-03-06,ING0086,151.0,2026-03-08,sexta
2026-03-06,ING0087,0.9423772540897671,2026-03-08,sexta
2026-03-06,ING0096,1.0,2026-03-08,sexta
2026-03-06,ING0097,0.5,2026-03-08,sexta
2026-03-06,ING0102,2.0,2026-03-07,sexta
2026-03-06,ING0103,0.5,2026-03-07,sexta
2026-03-06,ING0111,7.0,2026-03-07,sexta
2026-03-06,ING0113,0.5,2026-03-07,sexta
2026-03-06,ING0115,2.5,2026-03-09,sexta
2026-03-06,ING0122,32.843630625385515,2026-03-17,sexta
2026-03-06,ING0124,5.350851767893462,2026-03-10,sexta
2026-03-06,ING0131,2.0,2026-03-10,sexta
2026-03-06,ING0132,10.5,2026-03-10,sexta
2026-03-06,ING0148,0.5,2026-03-10,sexta
2026-03-06,ING0152,2.3231283335039477,2026-03-09,sexta
2026-03-06,ING0166,1.5,2026-03-09,sexta
2026-03-06,ING0169,1.0,2026-03-11,sexta
2026-03-06,ING0183,3.5,2026-03-09,sexta
2026-03-06,ING0188,48.0,2026-03-10,sexta
2026-03-06,ING0189,1.0,2026-03-09,sexta
2026-03-06,ING0191,18.0,2026-03-09,sexta
2026-03-06,ING0192,14.0,2026-03-11,sexta
2026-03-06,ING0199,0.5,2026-03-11,sexta
2026-03-06,ING0203,7.0,2026-03-09,sexta
2026-03-06,ING0207,2.0,2026-03-10,sexta
2026-03-06,ING0215,95.0,2026-03-09,sexta
2026-03-06,ING0217,52.29438479264672,2026-03-13,sexta
2026-03-06,ING0220,9.0,2026-03-09,sexta
2026-03-06,ING0222,3.0,2026-03-10,sexta
2026-03-06,ING0224,17.924269065350767,2026-03-11,sexta
2026-03-06,ING0225,0.5,2026-03-10,sexta
2026-03-06,ING0227,0.5,2026-03-10,sexta
2026-03-06,ING0230,14.299430808976556,2026-03-10,sexta
2026-03-06,ING0238,4.0,2026-03-11,sexta
2026-03-06,ING0241,0.5,2026-03-10,sexta
2026-03-06,ING0244,0.5,2026-03-10,sexta
2026-03-09,ING0026,5.0,2026-03-13,emergencial
2026-03-09,ING0030,23.0,2026-03-13,emergencial
2026-03-09,ING0057,452.0,2026-03-11,emergencial
2026-03-09,ING0061,5.5,2026-03-13,emergencial
2026-03-09,ING0069,30.0,2026-03-13,emergencial
2026-03-09,ING0081,16.0,2026-03-11,emergencial
2026-03-09,ING0188,84.0,2026-03-12,emergencial
2026-03-09,ING0222,4.0,2026-03-13,emergencial
2026-03-09,ING0230,18.838841565103873,2026-03-13,emergencial
2026-03-10,ING0069,30.5,2026-03-14,emergencial
2026-03-10,ING0081,13.0,2026-03-12,emergencial
2026-03-11,ING0069,29.0,2026-03-15,emergencial
2026-03-12,ING0061,4.0,2026-03-18,emergencial
2026-03-12,ING0088,101.0,2026-03-14,emergencial
2026-03-12,ING0100,2.0,2026-03-16,emergencial
2026-03-13,ING0002,2.0,2026-03-16,sexta
2026-03-13,ING0005,0.5,2026-03-16,sexta
2026-03-13,ING0011,0.5,2026-03-16,sexta
2026-03-13,ING0015,236.0,2026-03-16,sexta
2026-03-13,ING0017,1.5,2026-03-16,sexta
2026-03-13,ING0018,211.2785703331113,2026-03-16,sexta
2026-03-13,ING0024,5.5,2026-03-16,sexta
2026-03-13,ING0025,47.12211088289251,2026-03-16,sexta
2026-03-13,ING0035,2.0,2026-03-14,sexta
2026-03-13,ING0036,0.5,2026-03-14,sexta
2026-03-13,ING0038,1.5,2026-03-14,sexta
2026-03-13,ING0040,7.670269957467023,2026-03-14,sexta
2026-03-13,ING0046,0.5,2026-03-14,sexta
2026-03-13,ING0047,0.5,2026-03-14,sexta
2026-03-13,ING0049,14.5,2026-03-15,sexta
2026-03-13,ING0053,0.5,2026-03-15,sexta
2026-03-13,ING0054,0.5,2026-03-17,sexta
2026-03-13,ING0056,5.5,2026-03-15,sexta
2026-03-13,ING0060,8.0,2026-03-18,sexta
2026-03-13,ING0061,2.5,2026-03-17,sexta
2026-03-13,ING0063,12.5,2026-03-20,sexta
2026-03-13,ING0067,0.5,2026-03-17,sexta
2026-03-13,ING0070,22.0,2026-03-17,sexta
2026-03-13,ING0071,1.5061481556405951,2026-03-17,sexta
2026-03-13,ING0073,0.5,2026-03-17,sexta
2026-03-13,ING0075,1.0,2026-03-15,sexta
2026-03-13,ING0076,13.0,2026-03-15,sexta
2026-03-13,ING0078,3.0,2026-03-15,sexta
2026-03-13,ING0079,1.5,2026-03-15,sexta
2026-03-13,ING0081,7.0,2026-03-16,sexta
2026-03-13,ING0084,29.0,2026-03-15,sexta
2026-03-13,ING0086,60.5,2026-03-15,sexta
2026-03-13,ING0088,79.5,2026-03-15,sexta
2026-03-13,ING0093,3.0,2026-03-15,sexta
2026-03-13,ING0097,0.5,2026-03-15,sexta
2026-03-13,ING0098,0.5,2026-03-14,sexta
2026-03-13,ING0100,2.0,2026-03-14,sexta
2026-03-13,ING0101,0.5,2026-03-15,sexta
2026-03-13,ING0102,1.0,2026-03-14,sexta
2026-03-13,ING0104,1.0,2026-03-14,sexta
2026-03-13,ING0105,6.165504215754305,2026-03-14,sexta
2026-03-13,ING0108,0.5,2026-03-14,sexta
2026-03-13,ING0111,3.5,2026-03-14,sexta
2026-03-13,ING0114,0.5,2026-03-14,sexta
2026-03-13,ING0115,1.0,2026-03-14,sexta
2026-03-13,ING0122,84.6600086638074,2026-03-17,sexta
2026-03-13,ING0126,1.5,2026-03-17,sexta
2026-03-13,ING0131,0.9936028392445292,2026-03-17,sexta
2026-03-13,ING0134,0.5,2026-03-17,sexta
2026-03-13,ING0139,6.0,2026-03-17,sexta
2026-03-13,ING0142,9.0,2026-03-17,sexta
2026-03-13,ING0147,0.5,2026-03-19,sexta
2026-03-13,ING0150,0.5,2026-03-16,sexta
2026-03-13,ING0151,1.0,2026-03-23,sexta
2026-03-13,ING0152,2.0,2026-03-16,sexta
2026-03-13,ING0156,0.5,2026-03-16,sexta
2026-03-13,ING0165,4.0,2026-03-16,sexta
2026-03-13,ING0167,89.40086070853721,2026-03-16,sexta
2026-03-13,ING0169,1.784016731107686,2026-03-16,sexta
2026-03-13,ING0174,9.5,2026-03-16,sexta
2026-03-13,ING0178,51.0,2026-03-16,sexta
2026-03-13,ING0207,2.0,2026-03-16,sexta
2026-03-13,ING0215,46.5,2026-03-16,sexta
2026-03-13,ING0218,49.0,2026-03-16,sexta
2026-03-13,ING0220,4.5,2026-03-16,sexta
2026-03-13,ING0227,0.5,2026-03-17,sexta
2026-03-13,ING0232,4.0,2026-03-19,sexta
2026-03-13,ING0233,0.5,2026-03-26,sexta
2026-03-13,ING0237,0.5,2026-03-17,sexta
2026-03-13,ING0241,0.5,2026-03-17,sexta
2026-03-16,ING0061,2.5,2026-03-20,emergencial
2026-03-16,ING0063,13.5,2026-03-20,emergencial
2026-03-16,ING0070,23.0,2026-03-20,emergencial
2026-03-16,ING0122,24.0,2026-03-20,emergencial
2026-03-16,ING0139,6.0,2026-03-20,emergencial
2026-03-16,ING0142,10.5,2026-03-20,emergencial
2026-03-16,ING0232,4.0,2026-03-22,emergencial
2026-03-17,ING0063,16.0,2026-03-21,emergencial
2026-03-17,ING0232,4.5,2026-03-23,emergencial
2026-03-18,ING0063,19.5,2026-03-22,emergencial
2026-03-18,ING0116,1.5,2026-03-21,emergencial
2026-03-19,ING0063,19.0,2026-03-24,emergencial
2026-03-19,ING0116,1.5,2026-03-22,emergencial
2026-03-20,ING0001,1.5,2026-03-23,sexta
2026-03-20,ING0002,2.0,2026-03-23,sexta
2026-03-20,ING0015,248.0,2026-03-23,sexta
2026-03-20,ING0016,0.5,2026-03-23,sexta
2026-03-20,ING0024,8.0,2026-03-23,sexta
2026-03-20,ING0035,2.0,2026-03-21,sexta
2026-03-20,ING0038,1.5,2026-03-21,sexta
2026-03-20,ING0040,10.0,2026-03-21,sexta
2026-03-20,ING0045,46.0,2026-03-21,sexta
2026-03-20,ING0046,0.5,2026-03-21,sexta
2026-03-20,ING0047,0.5,2026-03-23,sexta
2026-03-20,ING0051,0.5,2026-03-22,sexta
2026-03-20,ING0055,0.5,2026-03-25,sexta
2026-03-20,ING0056,17.563074896763254,2026-03-22,sexta
2026-03-20,ING0060,7.0,2026-03-24,sexta
2026-03-20,ING0067,0.5,2026-03-24,sexta
2026-03-20,ING0068,0.5,2026-03-24,sexta
2026-03-20,ING0070,9.5,2026-03-24,sexta
2026-03-20,ING0076,15.5,2026-03-22,sexta
2026-03-20,ING0078,2.0,2026-03-22,sexta
2026-03-20,ING0081,9.5,2026-03-22,sexta
2026-03-20,ING0084,36.0,2026-03-22,sexta
2026-03-20,ING0085,0.5,2026-03-22,sexta
2026-03-20,ING0086,107.0,2026-03-22,sexta
2026-03-20,ING0093,14.157370159916049,2026-03-22,sexta
2026-03-20,ING0097,0.5,2026-03-22,sexta
2026-03-20,ING0099,1.0,2026-03-21,sexta
2026-03-20,ING0100,1.0,2026-03-21,sexta
2026-03-20,ING0101,0.5,2026-03-22,sexta
2026-03-20,ING0103,0.5,2026-03-21,sexta
2026-03-20,ING0111,1.5,2026-03-21,sexta
2026-03-20,ING0116,1.5,2026-03-23,sexta
2026-03-20,ING0131,1.0,2026-04-01,sexta
2026-03-20,ING0135,0.5,2026-03-29,sexta
2026-03-20,ING0142,1.5,2026-03-24,sexta
2026-03-20,ING0143,4.5,2026-03-29,sexta
2026-03-20,ING0149,0.5,2026-03-24,sexta
2026-03-20,ING0150,0.5,2026-03-23,sexta
2026-03-20,ING0151,1.0,2026-03-30,sexta
2026-03-20,ING0152,1.5,2026-03-23,sexta
2026-03-20,ING0169,1.5,2026-03-23,sexta
2026-03-20,ING0178,134.0,2026-03-24,sexta
2026-03-20,ING0188,21.0,2026-03-23,sexta
2026-03-20,ING0192,0.5,2026-03-23,sexta
2026-03-20,ING0207,3.0,2026-03-23,sexta
2026-03-20,ING0214,130.0,2026-03-23,sexta
2026-03-20,ING0215,48.0,2026-03-29,sexta
2026-03-20,ING0218,38.5,2026-03-24,sexta
2026-03-20,ING0220,5.5,2026-03-23,sexta
2026-03-20,ING0227,0.5260821987683444,2026-03-24,sexta
2026-03-20,ING0232,3.5,2026-03-28,sexta
2026-03-20,ING0233,0.5,2026-03-24,sexta
2026-03-20,ING0244,0.5,2026-03-24,sexta
2026-03-23,ING0070,26.0,2026-03-27,emergencial
2026-03-23,ING0178,189.0,2026-03-26,emergencial
2026-03-24,ING0215,79.0,2026-03-30,emergencial
2026-03-25,ING0194,1.0,2026-03-28,emergencial
2026-03-25,ING0207,2.0,2026-03-28,emergencial
2026-03-25,ING0215,85.0,2026-03-28,emergencial
2026-03-26,ING0194,1.0,2026-03-29,emergencial
2026-03-26,ING0207,3.0,2026-03-29,emergencial
2026-03-26,ING0215,104.5,2026-03-29,emergencial
2026-03-27,ING0001,1.0,2026-04-01,sexta
2026-03-27,ING0002,6.265923030633007,2026-03-30,sexta
2026-03-27,ING0011,0.5,2026-03-30,sexta
2026-03-27,ING0012,6.5,2026-03-30,sexta
2026-03-27,ING0015,265.0,2026-03-30,sexta
2026-03-27,ING0024,7.5,2026-03-30,sexta
2026-03-27,ING0035,1.5,2026-03-28,sexta
2026-03-27,ING0039,0.5,2026-03-28,sexta
2026-03-27,ING0043,66.5,2026-03-28,sexta
2026-03-27,ING0044,0.5,2026-03-28,sexta
2026-03-27,ING0045,22.5,2026-03-29,sexta
2026-03-27,ING0047,0.5,2026-03-28,sexta
2026-03-27,ING0050,0.5,2026-03-29,sexta
2026-03-27,ING0053,0.5,2026-04-02,sexta
2026-03-27,ING0060,50.587265163168944,2026-04-01,sexta
2026-03-27,ING0064,0.5,2026-04-01,sexta
2026-03-27,ING0067,0.5,2026-03-31,sexta
2026-03-27,ING0070,0.5989041794063188,2026-03-31,sexta
2026-03-27,ING0071,4.0,2026-03-31,sexta
2026-03-27,ING0076,31.5,2026-03-29,sexta
2026-03-27,ING0078,2.0,2026-03-29,sexta
2026-03-27,ING0081,22.5,2026-03-29,sexta
2026-03-27,ING0084,48.0,2026-03-29,sexta
2026-03-27,ING0085,0.5,2026-04-03,sexta
2026-03-27,ING0086,73.0,2026-03-29,sexta
2026-03-27,ING0100,0.5,2026-03-28,sexta
2026-03-27,ING0101,0.5,2026-03-28,sexta
2026-03-27,ING0102,1.5,2026-03-28,sexta
2026-03-27,ING0106,3.0,2026-03-28,sexta
2026-03-27,ING0113,0.5,2026-03-29,sexta
2026-03-27,ING0126,1.5,2026-03-31,sexta
2026-03-27,ING0135,0.5,2026-03-31,sexta
2026-03-27,ING0137,0.5,2026-03-31,sexta
2026-03-27,ING0142,9.0,2026-04-01,sexta
2026-03-27,ING0143,9.5,2026-04-04,sexta
2026-03-27,ING0152,1.5,2026-03-30,sexta
2026-03-27,ING0166,0.5,2026-03-30,sexta
2026-03-27,ING0169,2.0,2026-03-30,sexta
2026-03-27,ING0188,46.0,2026-03-30,sexta
2026-03-27,ING0192,7.0,2026-03-31,sexta
2026-03-27,ING0194,1.0,2026-03-30,sexta
2026-03-27,ING0207,2.5,2026-03-30,sexta
2026-03-27,ING0214,104.0,2026-04-05,sexta
2026-03-27,ING0215,100.0,2026-04-05,sexta
2026-03-27,ING0218,35.5,2026-03-30,sexta
2026-03-27,ING0220,7.0,2026-03-30,sexta
2026-03-27,ING0227,0.5,2026-03-31,sexta
2026-03-27,ING0229,0.5,2026-04-04,sexta
2026-03-27,ING0244,1.0,2026-03-31,sexta
2026-03-30,ING0038,5.0,2026-03-31,emergencial
2026-03-30,ING0047,1.5,2026-04-02,emergencial
2026-03-30,ING0057,438.0,2026-04-01,emergencial
2026-03-30,ING0071,27.0,2026-04-03,emergencial
2026-03-30,ING0106,4.0,2026-03-31,emergencial
2026-03-30,ING0142,20.0,2026-04-03,emergencial
2026-03-30,ING0174,10.5,2026-04-02,emergencial
2026-03-30,ING0192,24.5,2026-04-02,emergencial
2026-03-30,ING0214,194.0,2026-04-09,emergencial
2026-03-30,ING0244,2.5,2026-04-03,emergencial
2026-03-31,ING0047,1.5,2026-04-03,emergencial
2026-03-31,ING0057,438.0,2026-04-03,emergencial
2026-03-31,ING0071,27.0,2026-04-04,emergencial
2026-03-31,ING0142,22.0,2026-04-04,emergencial
2026-03-31,ING0174,12.5,2026-04-03,emergencial
2026-03-31,ING0214,260.4973699550983,2026-04-10,emergencial
2026-03-31,ING0244,2.5,2026-04-05,emergencial
2026-04-01,ING0047,1.5,2026-04-04,emergencial
2026-04-01,ING0071,30.0,2026-04-05,emergencial
2026-04-01,ING0106,4.0,2026-04-02,emergencial
2026-04-01,ING0214,231.0,2026-04-11,emergencial
2026-04-01,ING0244,2.5,2026-04-05,emergencial
2026-04-02,ING0071,41.0,2026-04-06,emergencial
2026-04-02,ING0111,8.5,2026-04-03,emergencial
2026-04-02,ING0214,274.0,2026-04-12,emergencial
2026-04-02,ING0244,2.5,2026-04-06,emergencial
2026-04-03,ING0012,11.0,2026-04-06,sexta
2026-04-03,ING0015,544.0,2026-04-09,sexta
2026-04-03,ING0019,304.0,2026-04-06,sexta
2026-04-03,ING0024,17.5,2026-04-06,sexta
2026-04-03,ING0030,11.97996406335951,2026-04-07,sexta
2026-04-03,ING0035,3.5,2026-04-04,sexta
2026-04-03,ING0036,0.5,2026-04-04,sexta
2026-04-03,ING0038,4.0,2026-04-04,sexta
2026-04-03,ING0040,20.5,2026-04-04,sexta
2026-04-03,ING0041,0.5,2026-04-04,sexta
2026-04-03,ING0045,44.0,2026-04-04,sexta
2026-04-03,ING0046,0.5,2026-04-04,sexta
2026-04-03,ING0047,0.5,2026-04-06,sexta
2026-04-03,ING0061,2.5,2026-04-07,sexta
2026-04-03,ING0062,1.0,2026-04-09,sexta
2026-04-03,ING0066,234.5,2026-04-07,sexta
2026-04-03,ING0067,0.5,2026-04-07,sexta
2026-04-03,ING0069,0.5,2026-04-09,sexta
2026-04-03,ING0070,45.5,2026-04-07,sexta
2026-04-03,ING0071,11.0,2026-04-07,sexta
2026-04-03,ING0075,1.0,2026-04-05,sexta
2026-04-03,ING0076,50.0,2026-04-05,sexta
2026-04-03,ING0078,8.5,2026-04-05,sexta
2026-04-03,ING0081,130.49064200660297,2026-04-05,sexta
2026-04-03,ING0084,101.5,2026-04-05,sexta
2026-04-03,ING0086,174.0,2026-04-05,sexta
2026-04-03,ING0095,47.0,2026-04-05,sexta
2026-04-03,ING0096,0.5,2026-04-05,sexta
2026-04-03,ING0097,0.5,2026-04-05,sexta
2026-04-03,ING0100,0.5,2026-04-06,sexta
2026-04-03,ING0102,2.0,2026-04-04,sexta
2026-04-03,ING0108,0.5,2026-04-04,sexta
2026-04-03,ING0114,0.5,2026-04-04,sexta
2026-04-03,ING0128,2.0,2026-04-07,sexta
2026-04-03,ING0131,2.5,2026-04-08,sexta
2026-04-03,ING0134,0.5,2026-04-07,sexta
2026-04-03,ING0136,0.5,2026-04-07,sexta
2026-04-03,ING0139,5.5,2026-04-07,sexta
2026-04-03,ING0147,0.5,2026-04-07,sexta
2026-04-03,ING0148,0.5,2026-04-07,sexta
2026-04-03,ING0150,0.5385395142829105,2026-04-06,sexta
2026-04-03,ING0152,3.5,2026-04-06,sexta
2026-04-03,ING0156,0.4492660593166839,2026-04-06,sexta
2026-04-03,ING0160,11.731368941318914,2026-04-07,sexta
2026-04-03,ING0166,2.0,2026-04-06,sexta
2026-04-03,ING0168,1.0,2026-04-06,sexta
2026-04-03,ING0169,6.0,2026-04-06,sexta
2026-04-03,ING0178,134.0,2026-04-06,sexta
2026-04-03,ING0188,97.0,2026-04-06,sexta
2026-04-03,ING0190,30.5,2026-04-11,sexta
2026-04-03,ING0211,135.0,2026-04-09,sexta
2026-04-03,ING0214,305.0,2026-04-13,sexta
2026-04-03,ING0218,123.0,2026-04-12,sexta
2026-04-03,ING0225,0.5,2026-04-07,sexta
2026-04-03,ING0227,0.5,2026-04-08,sexta
2026-04-03,ING0229,0.5,2026-04-17,sexta
2026-04-03,ING0231,3.0,2026-04-07,sexta
2026-04-03,ING0237,0.5,2026-04-07,sexta
2026-04-03,ING0239,0.5,2026-04-07,sexta
2026-04-03,ING0244,1.0,2026-04-07,sexta
2026-04-06,ING0030,23.5,2026-04-10,emergencial
2026-04-06,ING0061,8.0,2026-04-10,emergencial
2026-04-06,ING0066,381.80824091134264,2026-04-10,emergencial
2026-04-06,ING0070,72.05981832033183,2026-04-10,emergencial
2026-04-06,ING0096,6.5,2026-04-08,emergencial
2026-04-06,ING0128,7.5,2026-04-10,emergencial
2026-04-06,ING0139,40.73999713773218,2026-04-10,emergencial
2026-04-06,ING0190,34.5,2026-04-14,emergencial
2026-04-06,ING0192,26.0,2026-04-09,emergencial
2026-04-06,ING0211,137.0,2026-04-09,emergencial
2026-04-06,ING0218,150.0,2026-04-15,emergencial
2026-04-06,ING0231,3.5,2026-04-10,emergencial
2026-04-07,ING0069,24.5,2026-04-11,emergencial
2026-04-07,ING0090,10.0,2026-04-12,emergencial
2026-04-07,ING0096,6.5,2026-04-09,emergencial
2026-04-07,ING0116,3.0,2026-04-08,emergencial
2026-04-07,ING0190,30.0,2026-04-15,emergencial
2026-04-07,ING0211,147.0,2026-04-10,emergencial
2026-04-07,ING0214,205.0,2026-04-10,emergencial
2026-04-07,ING0218,148.0,2026-04-10,emergencial
2026-04-08,ING0069,30.0,2026-04-12,emergencial
2026-04-08,ING0090,9.0,2026-04-13,emergencial
2026-04-08,ING0106,3.5,2026-04-09,emergencial
2026-04-08,ING0190,27.0,2026-04-16,emergencial
2026-04-08,ING0211,107.0,2026-04-11,emergencial
2026-04-08,ING0218,139.5,2026-04-11,emergencial
2026-04-09,ING0061,5.5,2026-04-13,emergencial
2026-04-09,ING0069,28.0,2026-04-14,emergencial
2026-04-09,ING0075,1.0,2026-04-13,emergencial
2026-04-09,ING0090,6.5,2026-04-14,emergencial
2026-04-09,ING0091,15.5,2026-04-11,emergencial
2026-04-09,ING0102,2.5,2026-04-10,emergencial
2026-04-09,ING0110,4.0,2026-04-10,emergencial
2026-04-09,ING0128,5.5,2026-04-13,emergencial
2026-04-09,ING0188,85.0,2026-04-12,emergencial
2026-04-09,ING0190,19.5,2026-04-18,emergencial
2026-04-09,ING0218,112.0,2026-04-13,emergencial
2026-04-09,ING0228,2.5,2026-04-15,emergencial
2026-04-10,ING0001,2.5,2026-04-13,sexta
2026-04-10,ING0002,7.659430456730341,2026-04-13,sexta
2026-04-10,ING0004,25.0,2026-04-13,sexta
2026-04-10,ING0005,0.5,2026-04-13,sexta
2026-04-10,ING0006,86.0,2026-04-13,sexta
2026-04-10,ING0007,1.0,2026-04-13,sexta
2026-04-10,ING0008,26.5,2026-04-13,sexta
2026-04-10,ING0010,339.0,2026-04-14,sexta
2026-04-10,ING0012,6.0,2026-04-13,sexta
2026-04-10,ING0024,5.483525346952743,2026-04-13,sexta
2026-04-10,ING0026,2.5,2026-04-14,sexta
2026-04-10,ING0028,12.0,2026-04-14,sexta
2026-04-10,ING0035,2.0,2026-04-11,sexta
2026-04-10,ING0038,4.0,2026-04-11,sexta
2026-04-10,ING0043,44.5,2026-04-14,sexta
2026-04-10,ING0049,12.5,2026-04-12,sexta
2026-04-10,ING0051,0.5,2026-04-12,sexta
2026-04-10,ING0055,0.5,2026-04-12,sexta
2026-04-10,ING0057,120.0,2026-04-12,sexta
2026-04-10,ING0061,0.5,2026-04-15,sexta
2026-04-10,ING0062,5.0,2026-04-14,sexta
2026-04-10,ING0067,0.5,2026-04-14,sexta
2026-04-10,ING0068,0.5,2026-04-14,sexta
2026-04-10,ING0069,21.0,2026-04-14,sexta
2026-04-10,ING0074,1.5,2026-04-14,sexta
2026-04-10,ING0078,7.5,2026-04-15,sexta
2026-04-10,ING0084,46.0,2026-04-12,sexta
2026-04-10,ING0087,0.5,2026-04-12,sexta
2026-04-10,ING0090,6.5,2026-04-15,sexta
2026-04-10,ING0091,13.0,2026-04-12,sexta
2026-04-10,ING0092,15.5,2026-04-13,sexta
2026-04-10,ING0095,9.5,2026-04-15,sexta
2026-04-10,ING0096,0.5,2026-04-13,sexta
2026-04-10,ING0097,0.5,2026-04-12,sexta
2026-04-10,ING0100,0.5,2026-04-11,sexta
2026-04-10,ING0104,1.5,2026-04-11,sexta
2026-04-10,ING0106,1.0,2026-04-11,sexta
2026-04-10,ING0110,2.0,2026-04-11,sexta
2026-04-10,ING0111,5.5,2026-04-11,sexta
2026-04-10,ING0122,19.0,2026-04-14,sexta
2026-04-10,ING0128,3.5,2026-04-14,sexta
2026-04-10,ING0131,2.0,2026-04-14,sexta
2026-04-10,ING0133,0.5,2026-04-17,sexta
2026-04-10,ING0137,0.5,2026-04-23,sexta
2026-04-10,ING0138,0.5,2026-04-14,sexta
2026-04-10,ING0142,4.5,2026-04-16,sexta
2026-04-10,ING0150,0.5,2026-04-13,sexta
2026-04-10,ING0152,2.5,2026-04-16,sexta
2026-04-10,ING0159,505.0,2026-04-12,sexta
2026-04-10,ING0160,4.0,2026-04-13,sexta
2026-04-10,ING0161,3.5,2026-04-13,sexta
2026-04-10,ING0163,1347.0,2026-04-11,sexta
2026-04-10,ING0165,2.5,2026-04-13,sexta
2026-04-10,ING0166,1.0,2026-04-13,sexta
2026-04-10,ING0174,7.0,2026-04-19,sexta
2026-04-10,ING0175,0.5,2026-04-13,sexta
2026-04-10,ING0178,243.0,2026-04-15,sexta
2026-04-10,ING0188,72.0,2026-04-13,sexta
2026-04-10,ING0190,18.5,2026-04-18,sexta
2026-04-10,ING0191,21.5,2026-04-13,sexta
2026-04-10,ING0192,18.5,2026-04-13,sexta
2026-04-10,ING0195,1.0,2026-04-13,sexta
2026-04-10,ING0203,6.5,2026-04-19,sexta
2026-04-10,ING0207,4.0,2026-04-22,sexta
2026-04-10,ING0220,9.5,2026-04-13,sexta
2026-04-10,ING0222,2.5,2026-04-17,sexta
2026-04-10,ING0227,1.829415050712623,2026-04-14,sexta
2026-04-10,ING0228,2.0,2026-04-16,sexta
2026-04-10,ING0232,6.1090753849855375,2026-04-16,sexta
2026-04-10,ING0238,7.5,2026-04-14,sexta
2026-04-10,ING0240,0.5,2026-04-14,sexta
2026-04-10,ING0243,3.5,2026-04-14,sexta
2026-04-13,ING0010,357.0,2026-04-17,emergencial
2026-04-13,ING0015,367.0,2026-04-16,emergencial
2026-04-13,ING0026,2.5,2026-04-17,emergencial
2026-04-13,ING0028,18.0,2026-04-17,emergencial
2026-04-13,ING0034,1.5,2026-04-14,emergencial
2026-04-13,ING0043,40.5,2026-04-14,emergencial
2026-04-13,ING0078,6.0,2026-04-18,emergencial
2026-04-13,ING0131,2.5,2026-04-17,emergencial
2026-04-13,ING0143,9.5,2026-04-22,emergencial
2026-04-13,ING0152,2.5,2026-04-16,emergencial
2026-04-13,ING0166,1.0,2026-04-16,emergencial
2026-04-13,ING0178,222.0,2026-04-19,emergencial
2026-04-13,ING0192,13.5,2026-04-19,emergencial
2026-04-13,ING0203,8.0,2026-04-16,emergencial
2026-04-13,ING0222,3.0,2026-04-20,emergencial
2026-04-13,ING0228,2.0,2026-04-19,emergencial
2026-04-13,ING0230,3.0,2026-04-17,emergencial
2026-04-13,ING0232,6.0,2026-04-19,emergencial
2026-04-13,ING0238,21.63707191552756,2026-04-21,emergencial
2026-04-13,ING0243,3.5,2026-04-17,emergencial
2026-04-14,ING0015,379.0,2026-04-25,emergencial
2026-04-14,ING0047,1.5,2026-04-15,emergencial
2026-04-14,ING0078,5.5,2026-04-20,emergencial
2026-04-14,ING0143,9.0,2026-04-23,emergencial
2026-04-14,ING0152,2.5,2026-04-17,emergencial
2026-04-14,ING0166,1.0,2026-04-17,emergencial
2026-04-14,ING0178,209.0,2026-04-17,emergencial
2026-04-14,ING0192,13.5,2026-04-19,emergencial
2026-04-14,ING0203,8.0,2026-04-17,emergencial
2026-04-14,ING0222,3.5,2026-04-18,emergencial
2026-04-14,ING0228,2.0,2026-04-21,emergencial
2026-04-14,ING0230,3.0,2026-04-18,emergencial
2026-04-14,ING0232,6.0,2026-04-20,emergencial
2026-04-15,ING0002,3.5,2026-04-18,emergencial
2026-04-15,ING0015,346.0,2026-04-18,emergencial
2026-04-15,ING0115,2.0,2026-04-16,emergencial
2026-04-15,ING0143,9.0,2026-04-24,emergencial
2026-04-15,ING0152,2.5,2026-04-19,emergencial
2026-04-15,ING0166,1.0,2026-04-18,emergencial
2026-04-15,ING0203,6.0,2026-04-18,emergencial
2026-04-15,ING0222,3.5,2026-04-19,emergencial
2026-04-15,ING0230,4.0,2026-04-19,emergencial
2026-04-15,ING0232,18.001083405331414,2026-04-21,emergencial
2026-04-16,ING0002,4.0,2026-04-21,emergencial
2026-04-16,ING0143,12.0,2026-04-25,emergencial
2026-04-16,ING0222,4.5,2026-04-20,emergencial
2026-04-16,ING0230,7.5,2026-04-20,emergencial
2026-04-17,ING0001,1.5,2026-04-20,sexta
2026-04-17,ING0002,5.0,2026-04-20,sexta
2026-04-17,ING0004,26.5,2026-04-20,sexta
2026-04-17,ING0006,109.5,2026-04-20,sexta
2026-04-17,ING0007,1.0,2026-04-20,sexta
2026-04-17,ING0008,16.5,2026-04-27,sexta
2026-04-17,ING0010,47.0,2026-04-20,sexta
2026-04-17,ING0012,5.5,2026-04-21,sexta
2026-04-17,ING0015,205.0,2026-04-20,sexta
2026-04-17,ING0016,0.5,2026-04-28,sexta
2026-04-17,ING0024,10.0,2026-04-20,sexta
2026-04-17,ING0028,3.5,2026-04-21,sexta
2026-04-17,ING0030,9.5,2026-04-21,sexta
2026-04-17,ING0033,2.0,2026-04-18,sexta
2026-04-17,ING0035,2.5,2026-04-20,sexta
2026-04-17,ING0038,3.0,2026-04-18,sexta
2026-04-17,ING0040,9.5,2026-04-18,sexta
2026-04-17,ING0044,0.5,2026-04-18,sexta
2026-04-17,ING0046,0.5,2026-04-18,sexta
2026-04-17,ING0047,0.5,2026-04-18,sexta
2026-04-17,ING0049,13.0,2026-04-19,sexta
2026-04-17,ING0050,0.5,2026-04-19,sexta
2026-04-17,ING0053,0.5,2026-04-19,sexta
2026-04-17,ING0054,0.5,2026-04-24,sexta
2026-04-17,ING0055,0.5,2026-04-19,sexta
2026-04-17,ING0057,189.0,2026-04-19,sexta
2026-04-17,ING0058,1.5,2026-04-24,sexta
2026-04-17,ING0060,0.5,2026-04-21,sexta
2026-04-17,ING0062,3.5,2026-04-21,sexta
2026-04-17,ING0072,0.5,2026-04-21,sexta
2026-04-17,ING0078,2.5,2026-04-19,sexta
2026-04-17,ING0084,40.5,2026-04-19,sexta
2026-04-17,ING0085,0.5,2026-04-19,sexta
2026-04-17,ING0087,0.5,2026-04-20,sexta
2026-04-17,ING0092,16.0,2026-04-19,sexta
2026-04-17,ING0095,12.5,2026-04-21,sexta
2026-04-17,ING0096,2.1728964182843766,2026-04-19,sexta
2026-04-17,ING0097,0.5,2026-04-21,sexta
2026-04-17,ING0098,0.5,2026-04-18,sexta
2026-04-17,ING0101,0.5,2026-04-20,sexta
2026-04-17,ING0106,2.0,2026-04-22,sexta
2026-04-17,ING0107,1.0,2026-04-18,sexta
2026-04-17,ING0111,3.5,2026-04-18,sexta
2026-04-17,ING0115,1.0,2026-04-18,sexta
2026-04-17,ING0122,22.5,2026-04-22,sexta
2026-04-17,ING0125,1.5,2026-04-30,sexta
2026-04-17,ING0126,1.5,2026-04-21,sexta
2026-04-17,ING0137,0.5,2026-04-21,sexta
2026-04-17,ING0142,14.0,2026-04-21,sexta
2026-04-17,ING0143,12.5,2026-04-21,sexta
2026-04-17,ING0151,1.0,2026-04-20,sexta
2026-04-17,ING0160,3.5,2026-04-20,sexta
2026-04-17,ING0161,4.5,2026-04-20,sexta
2026-04-17,ING0163,1695.0,2026-04-18,sexta
2026-04-17,ING0165,2.0,2026-04-20,sexta
2026-04-17,ING0175,2.0,2026-04-20,sexta
2026-04-17,ING0178,1.0,2026-04-20,sexta
2026-04-17,ING0183,1.0,2026-04-20,sexta
2026-04-17,ING0188,3.0,2026-04-20,sexta
2026-04-17,ING0189,0.5,2026-04-20,sexta
2026-04-17,ING0191,16.5,2026-04-20,sexta
2026-04-17,ING0192,13.5,2026-04-20,sexta
2026-04-17,ING0207,4.0,2026-04-20,sexta
2026-04-17,ING0222,6.381736309672686,2026-04-21,sexta
2026-04-17,ING0224,5.0,2026-05-01,sexta
2026-04-17,ING0232,9.81877276654441,2026-04-23,sexta
2026-04-17,ING0233,0.5,2026-04-21,sexta
2026-04-17,ING0239,0.5,2026-04-21,sexta
2026-04-17,ING0240,4.5,2026-04-21,sexta
2026-04-17,ING0241,0.5,2026-04-22,sexta
2026-04-17,ING0242,71.5,2026-04-21,sexta
2026-04-17,ING0243,0.5,2026-04-21,sexta
2026-04-24,ING0001,1.0,2026-04-27,sexta
2026-04-24,ING0004,16.5,2026-05-04,sexta
2026-04-24,ING0005,0.5,2026-04-27,sexta
2026-04-24,ING0008,13.0,2026-05-04,sexta
2026-04-24,ING0010,98.0,2026-04-27,sexta
2026-04-24,ING0012,2.5,2026-04-28,sexta
2026-04-24,ING0016,0.5,2026-05-05,sexta
2026-04-24,ING0017,1.5,2026-04-27,sexta
2026-04-24,ING0024,13.125386620453613,2026-04-27,sexta
2026-04-24,ING0028,14.0,2026-04-29,sexta
2026-04-24,ING0030,2.0,2026-04-28,sexta
2026-04-24,ING0033,0.957522239747933,2026-04-25,sexta
2026-04-24,ING0037,0.5,2026-04-26,sexta
2026-04-24,ING0038,0.5,2026-04-25,sexta
2026-04-24,ING0039,0.5,2026-04-25,sexta
2026-04-24,ING0043,10.0,2026-04-26,sexta
2026-04-24,ING0047,0.5,2026-04-25,sexta
2026-04-24,ING0049,6.5,2026-04-26,sexta
2026-04-24,ING0055,0.5,2026-04-26,sexta
2026-04-24,ING0057,100.0,2026-04-26,sexta
2026-04-24,ING0060,5.5,2026-04-28,sexta
2026-04-24,ING0062,3.1114819854580715,2026-04-28,sexta
2026-04-24,ING0075,0.5,2026-04-26,sexta
2026-04-24,ING0084,21.0,2026-04-26,sexta
2026-04-24,ING0087,1.0,2026-04-26,sexta
2026-04-24,ING0088,38.5,2026-04-26,sexta
2026-04-24,ING0092,7.0,2026-04-27,sexta
2026-04-24,ING0095,5.0,2026-04-27,sexta
2026-04-24,ING0096,1.0539605137747428,2026-04-26,sexta
2026-04-24,ING0097,0.5,2026-04-26,sexta
2026-04-24,ING0098,1.5,2026-04-27,sexta
2026-04-24,ING0102,0.5,2026-04-25,sexta
2026-04-24,ING0103,0.5,2026-04-25,sexta
2026-04-24,ING0109,1.0,2026-04-25,sexta
2026-04-24,ING0111,2.0,2026-04-25,sexta
2026-04-24,ING0114,0.5,2026-04-27,sexta
2026-04-24,ING0115,1.5,2026-04-25,sexta
2026-04-24,ING0116,1.0,2026-04-26,sexta
2026-04-24,ING0122,12.0,2026-05-10,sexta
2026-04-24,ING0125,1.5,2026-04-28,sexta
2026-04-24,ING0127,0.5,2026-04-28,sexta
2026-04-24,ING0134,0.5476254684873605,2026-04-28,sexta
2026-04-24,ING0136,0.5,2026-04-28,sexta
2026-04-24,ING0138,0.5,2026-04-28,sexta
2026-04-24,ING0142,9.5,2026-04-28,sexta
2026-04-24,ING0161,4.0,2026-04-27,sexta
2026-04-24,ING0163,697.0,2026-04-25,sexta
2026-04-24,ING0175,9.250985658931338,2026-04-27,sexta
2026-04-24,ING0191,4.357836356793235,2026-04-29,sexta
2026-04-24,ING0194,0.5,2026-05-04,sexta
2026-04-24,ING0224,3.5,2026-05-08,sexta
2026-04-24,ING0225,1.2679580291560213,2026-04-28,sexta
2026-04-24,ING0231,0.5,2026-04-28,sexta
2026-04-24,ING0239,0.5,2026-04-29,sexta
2026-04-24,ING0240,2.0,2026-04-28,sexta
2026-04-24,ING0241,0.5,2026-04-28,sexta
2026-04-24,ING0243,0.5,2026-04-28,sexta
2026-05-01,ING0001,1.5,2026-05-04,sexta
2026-05-01,ING0002,0.5,2026-05-04,sexta
2026-05-01,ING0004,200.93527048374105,2026-05-04,sexta
2026-05-01,ING0005,0.5,2026-05-04,sexta
2026-05-01,ING0008,10.5,2026-05-04,sexta
2026-05-01,ING0010,213.0,2026-05-04,sexta
2026-05-01,ING0011,0.5,2026-05-04,sexta
2026-05-01,ING0012,4.5,2026-05-04,sexta
2026-05-01,ING0016,0.5,2026-05-04,sexta
2026-05-01,ING0017,1.5,2026-05-04,sexta
2026-05-01,ING0018,0.5,2026-05-07,sexta
2026-05-01,ING0026,1.5,2026-05-05,sexta
2026-05-01,ING0028,8.0,2026-05-06,sexta
2026-05-01,ING0033,1.6156560071744708,2026-05-02,sexta
2026-05-01,ING0036,1.0,2026-05-02,sexta
2026-05-01,ING0037,0.5,2026-05-02,sexta
2026-05-01,ING0043,24.5,2026-05-02,sexta
2026-05-01,ING0044,0.5,2026-05-04,sexta
2026-05-01,ING0046,0.5,2026-05-03,sexta
2026-05-01,ING0047,0.5,2026-05-04,sexta
2026-05-01,ING0049,6.5,2026-05-03,sexta
2026-05-01,ING0055,0.5,2026-05-03,sexta
2026-05-01,ING0057,157.0,2026-05-03,sexta
2026-05-01,ING0060,10.938507857009537,2026-05-05,sexta
2026-05-01,ING0066,69.5,2026-05-05,sexta
2026-05-01,ING0071,3.0,2026-05-05,sexta
2026-05-01,ING0073,0.5,2026-05-05,sexta
2026-05-01,ING0074,2.0,2026-05-05,sexta
2026-05-01,ING0079,4.5,2026-05-03,sexta
2026-05-01,ING0084,29.5,2026-05-06,sexta
2026-05-01,ING0088,50.5,2026-05-03,sexta
2026-05-01,ING0092,4.5,2026-05-03,sexta
2026-05-01,ING0095,7.5,2026-05-03,sexta
2026-05-01,ING0096,1.5,2026-05-03,sexta
2026-05-01,ING0100,1.0,2026-05-04,sexta
2026-05-01,ING0101,0.5,2026-05-02,sexta
2026-05-01,ING0103,0.5,2026-05-02,sexta
2026-05-01,ING0109,1.0,2026-05-02,sexta
2026-05-01,ING0111,5.0,2026-05-02,sexta
2026-05-01,ING0112,0.5,2026-05-02,sexta
2026-05-01,ING0114,1.0,2026-05-02,sexta
2026-05-01,ING0122,26.5,2026-05-05,sexta
2026-05-01,ING0127,1.5,2026-05-05,sexta
2026-05-01,ING0134,1.0,2026-05-09,sexta
2026-05-01,ING0136,0.5,2026-05-05,sexta
2026-05-01,ING0137,0.5,2026-05-14,sexta
2026-05-01,ING0138,0.5,2026-05-05,sexta
2026-05-01,ING0142,9.5,2026-05-05,sexta
2026-05-01,ING0149,1.0,2026-05-05,sexta
2026-05-01,ING0151,1.5,2026-05-04,sexta
2026-05-01,ING0191,12.5,2026-05-04,sexta
2026-05-01,ING0192,7.5,2026-05-04,sexta
2026-05-01,ING0194,0.5,2026-05-06,sexta
2026-05-01,ING0199,0.5,2026-05-13,sexta
2026-05-01,ING0225,1.2679580291560213,2026-05-05,sexta
2026-05-01,ING0231,0.5,2026-05-06,sexta
2026-05-01,ING0239,0.5,2026-05-05,sexta
2026-05-01,ING0242,43.0,2026-05-05,sexta
2026-05-08,ING0001,2.5,2026-05-11,sexta
2026-05-08,ING0002,7.5,2026-05-12,sexta
2026-05-08,ING0005,0.5,2026-05-11,sexta
2026-05-08,ING0008,16.0,2026-05-11,sexta
2026-05-08,ING0010,467.0,2026-05-11,sexta
2026-05-08,ING0011,0.5,2026-05-19,sexta
2026-05-08,ING0012,45.178461572435296,2026-05-11,sexta
2026-05-08,ING0015,525.0,2026-05-11,sexta
2026-05-08,ING0016,0.5,2026-05-15,sexta
2026-05-08,ING0017,2.0,2026-05-11,sexta
2026-05-08,ING0018,108.0,2026-05-14,sexta
2026-05-08,ING0019,699.0,2026-05-11,sexta
2026-05-08,ING0023,287.0,2026-05-11,sexta
2026-05-08,ING0024,2.5,2026-05-11,sexta
2026-05-08,ING0028,11.5,2026-05-12,sexta
2026-05-08,ING0029,5.230548850930385,2026-05-12,sexta
2026-05-08,ING0036,2.0,2026-05-10,sexta
2026-05-08,ING0040,9.5,2026-05-09,sexta
2026-05-08,ING0043,53.0,2026-05-09,sexta
2026-05-08,ING0044,0.5747060590853869,2026-05-09,sexta
2026-05-08,ING0045,27.0,2026-05-09,sexta
2026-05-08,ING0046,0.5,2026-05-09,sexta
2026-05-08,ING0047,1.5,2026-05-09,sexta
2026-05-08,ING0049,11.0,2026-05-10,sexta
2026-05-08,ING0050,0.4495785985733135,2026-05-10,sexta
2026-05-08,ING0052,74.5,2026-05-10,sexta
2026-05-08,ING0055,1.0,2026-05-10,sexta
2026-05-08,ING0057,342.0,2026-05-10,sexta
2026-05-08,ING0060,23.5,2026-05-12,sexta
2026-05-08,ING0063,14.5,2026-05-12,sexta
2026-05-08,ING0066,201.0,2026-05-12,sexta
2026-05-08,ING0069,10.5,2026-05-12,sexta
2026-05-08,ING0070,23.5,2026-05-12,sexta
2026-05-08,ING0071,28.0,2026-05-12,sexta
2026-05-08,ING0074,2.0,2026-05-12,sexta
2026-05-08,ING0076,22.0,2026-05-10,sexta
2026-05-08,ING0079,19.0,2026-05-10,sexta
2026-05-08,ING0084,47.0,2026-05-13,sexta
2026-05-08,ING0086,106.5,2026-05-10,sexta
2026-05-08,ING0088,99.5,2026-05-10,sexta
2026-05-08,ING0089,6.5,2026-05-13,sexta
2026-05-08,ING0093,1.0625502519045131,2026-05-11,sexta
2026-05-08,ING0096,4.5,2026-05-10,sexta
2026-05-08,ING0097,0.5,2026-05-10,sexta
2026-05-08,ING0100,1.5,2026-05-09,sexta
2026-05-08,ING0103,0.5,2026-05-09,sexta
2026-05-08,ING0109,1.5,2026-05-09,sexta
2026-05-08,ING0110,1.7431734368251526,2026-05-09,sexta
2026-05-08,ING0111,8.5,2026-05-09,sexta
2026-05-08,ING0112,0.5,2026-05-09,sexta
2026-05-08,ING0122,40.5,2026-05-12,sexta
2026-05-08,ING0127,2.0,2026-05-12,sexta
2026-05-08,ING0134,2.0,2026-05-12,sexta
2026-05-08,ING0136,1.0,2026-05-12,sexta
2026-05-08,ING0137,0.5,2026-05-12,sexta
2026-05-08,ING0138,1.0,2026-05-16,sexta
2026-05-08,ING0139,5.5,2026-05-13,sexta
2026-05-08,ING0143,6.0,2026-05-19,sexta
2026-05-08,ING0151,1.5,2026-05-11,sexta
2026-05-08,ING0154,39.0,2026-05-11,sexta
2026-05-08,ING0159,325.0,2026-05-09,sexta
2026-05-08,ING0165,1.0,2026-05-11,sexta
2026-05-08,ING0167,256.2573400635575,2026-05-11,sexta
2026-05-08,ING0171,26.0,2026-05-12,sexta
2026-05-08,ING0174,10.5,2026-05-14,sexta
2026-05-08,ING0175,48.10512542644296,2026-05-11,sexta
2026-05-08,ING0178,165.0,2026-05-11,sexta
2026-05-08,ING0188,63.0,2026-05-11,sexta
2026-05-08,ING0191,34.72014853161772,2026-05-12,sexta
2026-05-08,ING0192,36.5,2026-05-11,sexta
2026-05-08,ING0199,0.5,2026-05-15,sexta
2026-05-08,ING0202,112.79827273904955,2026-05-11,sexta
2026-05-08,ING0203,9.0,2026-05-13,sexta
2026-05-08,ING0218,55.5,2026-05-14,sexta
2026-05-08,ING0225,1.0,2026-05-12,sexta
2026-05-08,ING0231,0.5,2026-05-12,sexta
2026-05-08,ING0235,0.5,2026-05-15,sexta
2026-05-08,ING0239,0.5,2026-05-12,sexta
2026-05-08,ING0242,77.0,2026-05-12,sexta
2026-05-15,ING0001,2.5,2026-05-18,sexta
2026-05-15,ING0002,4.0,2026-05-18,sexta
2026-05-15,ING0004,319.028806645238,2026-05-22,sexta
2026-05-15,ING0005,1.0,2026-05-18,sexta
2026-05-15,ING0006,81.0,2026-05-18,sexta
2026-05-15,ING0008,16.5,2026-05-18,sexta
2026-05-15,ING0010,385.0,2026-05-18,sexta
2026-05-15,ING0011,0.5,2026-05-18,sexta
2026-05-15,ING0012,12.908131877838656,2026-05-18,sexta
2026-05-15,ING0015,350.0,2026-05-18,sexta
2026-05-15,ING0016,0.5,2026-05-18,sexta
2026-05-15,ING0017,2.5,2026-05-18,sexta
2026-05-15,ING0018,40.0,2026-05-18,sexta
2026-05-15,ING0019,422.0,2026-05-18,sexta
2026-05-15,ING0023,319.0,2026-05-18,sexta
2026-05-15,ING0024,8.0,2026-05-18,sexta
2026-05-15,ING0025,19.0,2026-05-18,sexta
2026-05-15,ING0026,5.455756335904181,2026-05-19,sexta
2026-05-15,ING0027,4.5,2026-05-19,sexta
2026-05-15,ING0028,19.0,2026-05-19,sexta
2026-05-15,ING0029,6.5,2026-05-19,sexta
2026-05-15,ING0033,2.0,2026-05-16,sexta
2026-05-15,ING0036,2.0,2026-05-16,sexta
2026-05-15,ING0037,1.0,2026-05-16,sexta
2026-05-15,ING0038,1.0,2026-05-16,sexta
2026-05-15,ING0039,0.5,2026-05-17,sexta
2026-05-15,ING0040,10.0,2026-05-16,sexta
2026-05-15,ING0043,59.02608971033496,2026-05-16,sexta
2026-05-15,ING0044,0.5,2026-05-16,sexta
2026-05-15,ING0045,28.5,2026-05-16,sexta
2026-05-15,ING0047,1.0,2026-05-16,sexta
2026-05-15,ING0048,3.5,2026-05-23,sexta
2026-05-15,ING0049,18.95886499998872,2026-05-17,sexta
2026-05-15,ING0052,47.0,2026-05-17,sexta
2026-05-15,ING0055,1.5,2026-05-17,sexta
2026-05-15,ING0056,10.0,2026-05-17,sexta
2026-05-15,ING0057,330.0,2026-05-17,sexta
2026-05-15,ING0059,1.5,2026-05-22,sexta
2026-05-15,ING0060,17.5,2026-05-19,sexta
2026-05-15,ING0062,3.0,2026-05-19,sexta
2026-05-15,ING0063,15.5,2026-05-19,sexta
2026-05-15,ING0066,216.5,2026-05-19,sexta
2026-05-15,ING0069,16.0,2026-05-19,sexta
2026-05-15,ING0070,35.5,2026-05-19,sexta
2026-05-15,ING0071,28.0,2026-05-19,sexta
2026-05-15,ING0073,0.5,2026-05-19,sexta
2026-05-15,ING0074,2.5,2026-05-19,sexta
2026-05-15,ING0076,20.5,2026-05-17,sexta
2026-05-15,ING0078,16.35833509986953,2026-05-17,sexta
2026-05-15,ING0079,19.0,2026-05-17,sexta
2026-05-15,ING0081,14.5,2026-05-17,sexta
2026-05-15,ING0083,0.5,2026-05-17,sexta
2026-05-15,ING0084,43.0,2026-05-17,sexta
2026-05-15,ING0086,89.0,2026-05-17,sexta
2026-05-15,ING0088,78.5,2026-05-17,sexta
2026-05-15,ING0089,15.0,2026-05-17,sexta
2026-05-15,ING0092,10.0,2026-05-17,sexta
2026-05-15,ING0093,2.3420080758876436,2026-05-17,sexta
2026-05-15,ING0094,2.5,2026-05-20,sexta
2026-05-15,ING0095,26.5,2026-05-19,sexta
2026-05-15,ING0096,4.0,2026-05-18,sexta
2026-05-15,ING0097,0.5,2026-05-17,sexta
2026-05-15,ING0098,1.5,2026-05-16,sexta
2026-05-15,ING0100,2.0,2026-05-16,sexta
2026-05-15,ING0101,0.5,2026-05-16,sexta
2026-05-15,ING0103,1.0,2026-05-16,sexta
2026-05-15,ING0104,1.0,2026-05-16,sexta
2026-05-15,ING0105,1.5,2026-05-17,sexta
2026-05-15,ING0107,0.5,2026-05-18,sexta
2026-05-15,ING0109,1.5,2026-05-16,sexta
2026-05-15,ING0110,8.715867184125763,2026-05-18,sexta
2026-05-15,ING0111,4.0,2026-05-16,sexta
2026-05-15,ING0112,0.5,2026-05-16,sexta
2026-05-15,ING0115,1.0,2026-05-17,sexta
2026-05-15,ING0116,1.0,2026-05-16,sexta
2026-05-15,ING0121,3.0,2026-05-19,sexta
2026-05-15,ING0122,25.5,2026-05-19,sexta
2026-05-15,ING0126,4.0,2026-05-19,sexta
2026-05-15,ING0127,2.5,2026-05-19,sexta
2026-05-15,ING0128,2.0,2026-05-20,sexta
2026-05-15,ING0132,5.0,2026-05-19,sexta
2026-05-15,ING0134,1.5,2026-05-19,sexta
2026-05-15,ING0136,1.5,2026-05-19,sexta
2026-05-15,ING0137,0.5,2026-05-19,sexta
2026-05-15,ING0138,1.0,2026-05-19,sexta
2026-05-15,ING0139,6.0,2026-05-19,sexta
2026-05-15,ING0142,11.0,2026-05-19,sexta
2026-05-15,ING0143,7.0,2026-05-19,sexta
2026-05-15,ING0151,1.5,2026-05-18,sexta
2026-05-15,ING0154,39.5,2026-05-18,sexta
2026-05-15,ING0159,454.0,2026-05-16,sexta
2026-05-15,ING0160,3.0,2026-05-18,sexta
2026-05-15,ING0163,1514.3846277745333,2026-05-16,sexta
2026-05-15,ING0164,3.5,2026-05-18,sexta
2026-05-15,ING0165,3.0,2026-05-18,sexta
2026-05-15,ING0169,4.0,2026-05-18,sexta
2026-05-15,ING0171,25.0,2026-05-18,sexta
2026-05-15,ING0172,10.079332015112456,2026-05-18,sexta
2026-05-15,ING0174,12.0,2026-05-18,sexta
2026-05-15,ING0175,38.011773705356,2026-05-18,sexta
2026-05-15,ING0178,189.0,2026-05-18,sexta
2026-05-15,ING0181,2.5,2026-05-18,sexta
2026-05-15,ING0183,1.5,2026-05-24,sexta
2026-05-15,ING0188,73.0,2026-05-18,sexta
2026-05-15,ING0189,0.5,2026-05-18,sexta
2026-05-15,ING0190,13.5,2026-05-18,sexta
2026-05-15,ING0191,19.0,2026-05-18,sexta
2026-05-15,ING0192,15.5,2026-05-18,sexta
2026-05-15,ING0194,0.5,2026-05-18,sexta
2026-05-15,ING0199,0.5,2026-05-19,sexta
2026-05-15,ING0202,8.5,2026-05-19,sexta
2026-05-15,ING0203,4.722469241381965,2026-05-21,sexta
2026-05-15,ING0206,78.0,2026-05-21,sexta
2026-05-15,ING0211,48.0,2026-05-18,sexta
2026-05-15,ING0214,152.0,2026-05-18,sexta
2026-05-15,ING0215,62.0,2026-05-18,sexta
2026-05-15,ING0217,31.0,2026-05-19,sexta
2026-05-15,ING0218,69.5,2026-05-18,sexta
2026-05-15,ING0222,0.5,2026-05-19,sexta
2026-05-15,ING0225,1.0,2026-05-20,sexta
2026-05-15,ING0231,1.5,2026-05-19,sexta
2026-05-15,ING0232,4.0,2026-05-21,sexta
2026-05-15,ING0235,1.0,2026-05-19,sexta
2026-05-15,ING0238,6.5,2026-05-19,sexta
2026-05-15,ING0239,0.5,2026-05-29,sexta
2026-05-15,ING0240,5.0,2026-05-19,sexta
2026-05-15,ING0244,0.5,2026-05-19,sexta
